r,vc_total,vc_total_sphere,vc_total_unchanged_field,disk_minus_sphere_percent
0.1,0.0612689454134405,0.060406192089796,0.05810987225215,1.42825312074284
0.1074375,0.0658064633529271,0.0648800143281986,0.0624223505634783,1.42794207788237
0.114875,0.0703427152369287,0.0693526024735964,0.0667327999291038,1.42765048176714
0.1223125,0.0748771033896104,0.0738233699651503,0.0710410807828179,1.42737106820994
0.12975,0.0794091807526324,0.0782918784251158,0.0753470537367234,1.42709863397297
0.1371875,0.0839385993914388,0.0827577869775878,0.0796505795926565,1.42682937397882
0.144625,0.0884652854649283,0.0872210247472939,0.0839515193535889,1.42656053542063
0.1520625,0.0929894332864077,0.0916817850447819,0.0882497342350019,1.4262901196646
0.1595,0.0975106972104904,0.0961397289160054,0.0925450856762373,1.42601639295528
0.1669375,0.10202876393242,0.100594549213251,0.0968374353518217,1.42573800507679
0.174375,0.106543364817083,0.105045982760397,0.10112664518276,1.42545389870035
0.1818125,0.11105431790624,0.109493851767104,0.105412577347801,1.42516325250337
0.18925,0.115561735196376,0.1139382681376,0.109695094294674,1.42486548664624
0.1966875,0.120065403665008,0.118379023401682,0.113974058751287,1.424560040172
0.204125,0.124565069742306,0.122815869098017,0.118249333736896,1.42424644073766
0.2115625,0.129060504027291,0.127248580563785,0.122520782573242,1.42392430271363
0.219,0.13355150322447,0.131676958846907,0.126788268895641,1.423593310461
0.2264375,0.138038076510241,0.136101014403509,0.131051656664046,1.42325324702457
0.233875,0.142520094199524,0.140520620807012,0.135310810174067,1.42290389910684
0.2413125,0.146997335645597,0.144935561959469,0.13956559406795,1.42254506640991
0.24875,0.15146959489713,0.149345636234236,0.143815873345513,1.42217658074892
0.2561875,0.155936677944287,0.153750653762775,0.148061513375041,1.42179830004812
0.263625,0.160398502244104,0.158150534537929,0.152302379904135,1.42141012216179
0.2710625,0.164854994900957,0.162545208053541,0.156538339070517,1.42101196034918
0.2785,0.169305956428811,0.166934479014048,0.160769257412785,1.42060371756001
0.2859375,0.173751196727262,0.171318161365205,0.164995001881124,1.42018531057553
0.293375,0.17819053385503,0.175696077085659,0.169215439847962,1.41975666773413
0.3008125,0.182623833181983,0.180068094781059,0.173430439118578,1.41931773312267
0.30825,0.187051038451133,0.184434160304733,0.17763986794166,1.41886846887611
0.3156875,0.191471973466693,0.18879410127413,0.181843595019802,1.41840882447628
0.323125,0.195886459875873,0.193147743171542,0.186041489519957,1.41793875473784
0.3305625,0.200294325239007,0.197494917299325,0.190233421083824,1.41745822017281
0.338,0.204695414268889,0.201835471859563,0.194419259838179,1.41696718766857
0.3454375,0.209089659681975,0.206169341798195,0.198598876405156,1.41646563854201
0.352875,0.213476911081577,0.210496380122919,0.202772141912457,1.4159535460502
0.3603125,0.21785699948609,0.214816421512297,0.206938928003507,1.41543088390859
0.36775,0.222229760416852,0.219129305075159,0.211099106847547,1.41489762888147
0.3751875,0.226595034744844,0.223434875185367,0.21525255114966,1.41435376051102
0.382625,0.230952732094216,0.227733043985761,0.21939913416073,1.41379926781986
0.3900625,0.235302727635943,0.232023689647153,0.223538729687349,1.41323413733174
0.3975,0.239644860323985,0.236306654628686,0.227671212101635,1.41265835299662
0.4049375,0.243978972691708,0.240581784909263,0.231796456351,1.4120719005082
0.412375,0.248304910503031,0.24484892964365,0.235914337967839,1.41147476707817
0.4198125,0.252622557204365,0.249107975126362,0.240024733079151,1.4108669448341
0.42725,0.25693181075844,0.253358821953977,0.244127518416087,1.41024842825941
0.4346875,0.261232517665732,0.257601319980923,0.248222571323424,1.40961920733862
0.442125,0.265524526884145,0.26183532147501,0.252309769768968,1.4089792730607
0.4495625,0.269807690082676,0.266060681367475,0.256388992352878,1.40832861734517
0.457,0.274081875921853,0.270277271331257,0.260460118316916,1.40766723441295
0.4644375,0.278346991269983,0.274485000696926,0.264523027553612,1.40699512295779
0.471875,0.282602893715016,0.278683730202625,0.268577600615367,1.4063122771973
0.4793125,0.286849438281955,0.282873318050149,0.272623718723453,1.40561869150957
0.48675,0.291086482342543,0.287053624745084,0.276661263776952,1.40491436087589
0.4941875,0.295313889645092,0.291224517069531,0.2806901183616,1.40419928126603
0.501625,0.299531565401387,0.295385902672123,0.284710165758553,1.40347345345921
0.5090625,0.303739380928814,0.299537655776554,0.288721289953071,1.40273687505736
0.5165,0.307937197112575,0.303679640311823,0.292723375643108,1.40198954278936
0.5239375,0.312124876924706,0.307811722253998,0.296716308247824,1.40123145380031
0.531375,0.316302285603591,0.311933769803108,0.30069997391601,1.40046260564881
0.5388125,0.320469320585515,0.316045682890131,0.304674259534411,1.39968299991695
0.54625,0.324625868257839,0.320147350542628,0.308639052735977,1.39889263728719
0.5536875,0.328771795259263,0.324238642308697,0.312594241908016,1.39809151626358
0.561125,0.332906970127504,0.328319429597819,0.31653971620025,1.39727963565981
0.5685625,0.337031263214095,0.332389585596793,0.320475365532787,1.39645699457405
0.576,0.341144562492654,0.336449000852983,0.324401080603996,1.39562359459153
0.5834375,0.34524676828968,0.340497578079174,0.328316752898284,1.39477943934183
0.590875,0.349337753529866,0.344535192964549,0.332222274693788,1.39392452886851
0.5983125,0.353417392327749,0.348561722360047,0.336117539069957,1.39305886338439
0.60575,0.357485560494955,0.352577044778322,0.340002439915046,1.39218244333519
0.6131875,0.361542142063492,0.356581046823625,0.343876871933513,1.39129527047479
0.620625,0.365587044200529,0.360573637892439,0.347740730653306,1.39039735056432
0.6280625,0.369620148538324,0.364554702199044,0.351593912433063,1.3894886854358
0.6355,0.373641334809522,0.368524122073669,0.355436314469205,1.38856927656674
0.6429375,0.37765048435782,0.372481781422904,0.359267834802925,1.38763912564281
0.650375,0.381647481823514,0.376427567390867,0.363088372327083,1.38669823488953
0.6578125,0.385632235875772,0.380361390792063,0.366897826792986,1.38574661133009
0.66525,0.389604638637952,0.384283146120354,0.370696098817073,1.38478425903463
0.6726875,0.393564575520996,0.388192721241811,0.374483089887497,1.38381118069399
0.680125,0.397511933483077,0.392090005535445,0.378258702370586,1.38282737919504
0.6875625,0.401446601036984,0.39597488990038,0.382022839517218,1.38183285762903
0.695,0.405368484798509,0.399847283062947,0.385775405469078,1.38082762330365
0.7024375,0.409277488548065,0.403707090941565,0.389516305264801,1.3798116831458
0.709875,0.413173503445655,0.40755420700526,0.393245444846021,1.37878504105893
0.7173125,0.417056422150861,0.41138852618854,0.396962731063304,1.37774770114105
0.72475,0.420926138794758,0.415209944863618,0.400668071681962,1.37669966768688
0.7321875,0.424782557437777,0.419018369173327,0.404361375387777,1.37564094763245
0.739625,0.428625592429827,0.422813715384281,0.408042551792591,1.37457155103489
0.7470625,0.432455141369563,0.426595883245452,0.411711511439798,1.37349148321237
0.7545,0.436271102704813,0.430364773329988,0.415368165809728,1.37240074951395
0.7619375,0.440073376324503,0.43412028761834,0.419012427324895,1.37129935549041
0.769375,0.443861866946332,0.437862332835038,0.422644209355161,1.37018730806289
0.7768125,0.447636495235704,0.441590831399607,0.426263426222765,1.36906461960165
0.78425,0.4513971668845,0.445305690968268,0.429869993207238,1.36793129748398
0.7916875,0.455143786211931,0.449006817832503,0.433463826550222,1.3667873483644
0.799125,0.45887625895498,0.452694119667681,0.437044843460146,1.36563277911297
0.8065625,0.462594493026629,0.456367506279629,0.440612962116805,1.36446759712672
0.814,0.466298412200392,0.460026903079173,0.44416810167582,1.36329181603088
0.8214375,0.46998793150479,0.46367222685103,0.447710182272969,1.36210544605024
0.828875,0.473662961207009,0.467303389678448,0.451239125028413,1.36090849521491
0.8363125,0.477323412973572,0.470920305010027,0.454754852050802,1.35970097178313
0.84375,0.480969199856338,0.47452288764585,0.458257286441254,1.35848288424372
0.8511875,0.484600246370826,0.47811106365791,0.461746352297226,1.35725424617223
0.858625,0.488216477802119,0.481684759860946,0.465221974716261,1.35601507157062
0.8660625,0.491817810433176,0.485243894194974,0.468684079799609,1.35476536991936
0.8735,0.495404161931073,0.488788385950032,0.472132594655746,1.3535051509421
0.8809375,0.498975451335184,0.492318155754476,0.475567447403751,1.35223442460815
0.888375,0.502531604094636,0.49583313053152,0.478988567176576,1.35095320394087
0.8958125,0.506072554482642,0.499333245872814,0.482395884124198,1.34966150672533
0.90325,0.509598225508098,0.502818426272461,0.485789329416638,1.34835934432582
0.9106875,0.513108540897764,0.506288596918683,0.489168835246866,1.34704672801009
0.918125,0.516603425739035,0.509743684326256,0.492534334833589,1.34572366930743
0.9255625,0.520082808403641,0.513183618228432,0.495885762423906,1.34439018124273
0.933,0.523546629346737,0.516608340229411,0.499223053295852,1.34304628420137
0.9404375,0.526994819460262,0.520017782513703,0.502546143760816,1.34169199230711
0.947875,0.530427308576762,0.523411876211876,0.505854971165833,1.3403273184512
0.9553125,0.533844027878246,0.526790553769832,0.509149473895766,1.33895227580259
0.96275,0.537244910243482,0.530153749290149,0.512429591375348,1.33756687806661
0.9701875,0.540629900085708,0.533501408201642,0.515695264071119,1.33617114678184
0.977625,0.543998937092945,0.536833471274119,0.518946433493232,1.33476509983994
0.9850625,0.547351957235724,0.540149875611233,0.522183042197135,1.33334875183326
0.9925,0.550688897822632,0.543450559620576,0.525405033785138,1.33192211764568
0.9999375,0.554009697492601,0.546735463006046,0.528612352907855,1.3304852124572
1.007375,0.557314302882221,0.550004533317615,0.531804945265515,1.32903805728908
1.0148125,0.560602663145593,0.553257720565023,0.534982757609168,1.32758067489216
1.02225,0.563874720429659,0.556494967862117,0.538145737741754,1.32611308164978
1.0296875,0.567130418186411,0.559716219594109,0.541293834519056,1.32463529423514
1.037125,0.570369701186528,0.562921421430944,0.544426997850535,1.3231473296309
1.0445625,0.573592518793084,0.566110523541305,0.547545178700034,1.32164920817497
1.052,0.5767988282338,0.569283483803124,0.550648329086369,1.32014095692174
1.0594375,0.579988578498783,0.572440251994683,0.553736402083797,1.31862259472457
1.066875,0.583161719184727,0.57558077847975,0.556809351822356,1.31709414011363
1.0743125,0.586318201193951,0.578705014893927,0.559867133488097,1.31555561194145
1.08175,0.589457977904243,0.581812915292386,0.562909703323183,1.31400703059585
1.0891875,0.592581012560246,0.584904443400218,0.565937018625873,1.31244842583205
1.096625,0.595687261836256,0.587979556484343,0.568949037750392,1.31087982003981
1.1040625,0.598776681459217,0.591038210872809,0.571945720106668,1.30930123366813
1.1115,0.601849228446919,0.594080364150968,0.574927026159958,1.3077126875005
1.1189375,0.604904861258906,0.597105975309415,0.577892917430362,1.30611420283473
1.126375,0.607943547399805,0.600115012197513,0.580843356492198,1.30450581024872
1.1338125,0.610965251931427,0.603107440258403,0.583778306973281,1.30288753686361
1.14125,0.613969936680649,0.606083221754815,0.58669773355407,1.30125940510266
1.1486875,0.616957564748492,0.609042320190424,0.589601601966703,1.29962143773414
1.156125,0.619928100503604,0.611984700303459,0.592489878993914,1.29797365787203
1.1635625,0.622881514372802,0.614910332759384,0.595362532467836,1.29631609500649
1.171,0.625817780204822,0.61781919156584,0.59821953126868,1.29464878206691
1.1784375,0.628736865947218,0.620711244940897,0.601060845323312,1.29297174358183
1.185875,0.631638740735994,0.623586462259676,0.603886445603702,1.29128500435021
1.1933125,0.634523374955908,0.62644481411343,0.606696304125268,1.28958858952504
1.20075,0.637390742530913,0.629286274551434,0.6094903939451,1.28788252775027
1.2081875,0.640240824661595,0.632110824737245,0.612268689160075,1.28616685653651
1.215625,0.643073596007406,0.63491843942346,0.615031164904859,1.28444160345247
1.2230625,0.645889031675279,0.637709093794512,0.617777797349793,1.2827067953656
1.2305,0.648687107999749,0.640482764230372,0.620508563698674,1.28096245950289
1.2379375,0.651467803290595,0.643239429037736,0.623223442186423,1.27920862456588
1.245375,0.654231104400442,0.645979074871817,0.625922412076639,1.27744533060345
1.2528125,0.656976993346592,0.648701683651106,0.628605453659052,1.27567260946668
1.26025,0.659705451127325,0.651407236292244,0.63127254824686,1.27389049012019
1.2676875,0.662416459945051,0.654095714884581,0.633923678173963,1.2720990018928
1.275125,0.665110003259071,0.656767102741749,0.636558826792088,1.27029817457258
1.2825625,0.667786072025071,0.659421390497889,0.639177978467812,1.26848804841861
1.29,0.670444656186531,0.662058567791257,0.641781118579467,1.26666866093907
1.2974375,0.673085742538359,0.664678621178994,0.644368233513964,1.26484004321559
1.304875,0.675709319053774,0.667281538365883,0.646939310663486,1.26300222669586
1.3123125,0.678315374877155,0.669867308197385,0.6494943384221,1.26115524319355
1.31975,0.68090390401508,0.672435924262837,0.652033306182255,1.25929913121849
1.3271875,0.683474904456555,0.674987384034194,0.654556204331184,1.25743393478466
1.334625,0.686028368814325,0.67752167973076,0.657063024247203,1.25555968732183
1.3420625,0.688564290720703,0.680038804564677,0.659553758295914,1.25367642240406
1.3495,0.691082664950753,0.682538752861221,0.662028399826308,1.25178417397047
1.3569375,0.693583489122547,0.685021521717143,0.664486943166769,1.24988297943427
1.364375,0.696066767804667,0.687487115005096,0.666929383620986,1.24797288739118
1.3718125,0.698532499949756,0.689935531116611,0.669355717463766,1.24605393481207
1.37925,0.700980684723432,0.692366768649551,0.671765941936754,1.2441261573952
1.3866875,0.703411322403365,0.694780827285177,0.67416005524406,1.24218959119982
1.394125,0.705824414869621,0.697177708265985,0.67653805654779,1.24024427360734
1.4015625,0.70821997172559,0.699557420359114,0.678899945963497,1.23829025529163
1.409,0.710597998789867,0.701919968640725,0.681245724555515,1.23632757819194
1.4164375,0.71295850062216,0.704265356959836,0.683575394332268,1.23435628011739
1.423875,0.71530148286132,0.706593590216993,0.685888958241381,1.23237639923293
1.4313125,0.71762695223091,0.708904674369739,0.688186420164808,1.23038797408488
1.43875,0.719934921891257,0.711198621642469,0.690467784913838,1.22839105461321
1.4461875,0.722225405012997,0.713475444267827,0.692733058224003,1.2263856893
1.453625,0.724498411398018,0.715735151199176,0.694982246749913,1.22437191804254
1.4610625,0.726753951892317,0.717977752407522,0.697215358060005,1.22234978108526
1.4685,0.728992038377676,0.720203258873448,0.699432400631213,1.22031931901769
1.4759375,0.731212686777017,0.72241168550996,0.701633383843567,1.21828057928546
1.483375,0.7334159174282,0.724603051523821,0.703818317974706,1.21623361726755
1.4908125,0.735601745426235,0.726777371023368,0.705987214194309,1.21417847537557
1.49825,0.737770186658428,0.728934658889861,0.708140084558443,1.21211519589746
1.5056875,0.739921258010556,0.731074930978053,0.710276942003854,1.21004382145464
1.513125,0.74205497868405,0.733198205396057,0.712397800342171,1.20796439800459
1.5205625,0.744171374689833,0.735304506870115,0.714502674254051,1.20587698523156
1.528,0.746270466887345,0.737393855122187,0.716591579283239,1.2037816295184
1.5354375,0.748352276028406,0.739466269773018,0.718664531830553,1.20167837514964
1.542875,0.750416823824122,0.741521771378993,0.720721549147814,1.19956726672863
1.5503125,0.752464133264946,0.74356038174285,0.722762649331696,1.19744834995461
1.55775,0.754494234537334,0.745582129656041,0.724787851317526,1.19532168580878
1.5651875,0.756507154725812,0.747587040900751,0.726797174873007,1.19318732629623
1.572625,0.758502919259838,0.74957513965676,0.728790640591875,1.1910453176404
1.5800625,0.760481554487266,0.751546450999973,0.730768269887494,1.18889570636709
1.5875,0.762443087665152,0.753501000893545,0.732730084986389,1.18673853929889
1.5949375,0.76438755167396,0.755438820759058,0.734676108921731,1.18457387534183
1.602375,0.766314980270869,0.7573599428711,0.736606365526752,1.18240177395978
1.6098125,0.768225403366976,0.759264395779223,0.738520879428107,1.18022228324777
1.61725,0.770118851749306,0.761152208888097,0.74041967603917,1.17803545158306
1.6246875,0.771995357071392,0.763023412448411,0.742302781553284,1.17584132761952
1.632125,0.773854954403016,0.76487804002689,0.744170222936956,1.17363996694306
1.6395625,0.775697683639002,0.766716129868905,0.746022027923005,1.1714314359909
1.647,0.77752357929446,0.768537715013035,0.747858225003655,1.16921578549631
1.6544375,0.779332676390001,0.770342828994235,0.74967884342357,1.16699306560732
1.661875,0.781125010768654,0.772131506150916,0.751483913172852,1.16476332672526
1.6693125,0.782900620144096,0.773903782639423,0.753273464979984,1.16252662236487
1.67675,0.784659549041243,0.775659701213819,0.755047530304737,1.16028302274052
1.6841875,0.786401837020809,0.777399299829041,0.756806141331031,1.15803258296585
1.691625,0.788127523124363,0.779122615945059,0.758549330959744,1.1557753548691
1.6990625,0.789836647170587,0.780829687781584,0.760277132801487,1.15351139050475
1.7065,0.791529249954895,0.782520554511078,0.761989581169336,1.15124074273611
1.7139375,0.79320537912138,0.784195261934637,0.763686711071527,1.1489634819414
1.721375,0.794865079718224,0.785853853349235,0.765368558204116,1.14667966958295
1.7288125,0.796508394589287,0.787496369928773,0.767035158943604,1.14438935906824
1.73625,0.798135367309186,0.789122853562172,0.768686550339514,1.14209260400087
1.7436875,0.799746042173243,0.790733346843673,0.77032277010695,1.13978945817135
1.751125,0.80134046845321,0.792327897182295,0.771943856619116,1.13747998814202
1.7585625,0.802918697097152,0.793906553612242,0.773549848899809,1.13516426384255
1.766,0.804480774540674,0.795469360818106,0.775140786615881,1.13284234018773
1.7734375,0.806026747889747,0.797016364141227,0.776716710069674,1.13051427221684
1.780875,0.807556664923644,0.798547609582559,0.778277660191421,1.1281801151211
1.7883125,0.809070576326102,0.800063145954804,0.779823678531632,1.12583993111544
1.79575,0.810568538065003,0.80156302717551,0.781354807253449,1.12349379701639
1.8031875,0.812050600390571,0.803047301654805,0.782871089124986,1.12114177050517
1.810625,0.813516813711665,0.80451601796592,0.784372567511642,1.11878390793296
1.8180625,0.814967229062352,0.805969225295329,0.785859286368394,1.11642026576462
1.8255,0.816401898948455,0.807406974258396,0.787331290232069,1.11405090330323
1.8329375,0.817820882828531,0.808829322178438,0.788788624213608,1.1116759004083
1.840375,0.819224235213707,0.81023632161978,0.790231333990304,1.10929531966169
1.8478125,0.82061200958438,0.811628024164214,0.791659465798036,1.10690921859398
1.85525,0.821984259997502,0.813004481959889,0.793073066423476,1.10451765480621
1.8626875,0.823341041198011,0.81436574782855,0.794472183196296,1.10212068636151
1.870125,0.824682414568623,0.815711880989906,0.795856863981357,1.0997183917232
1.8775625,0.826008439351954,0.817042938612088,0.797227157170891,1.09731084085929
1.885,0.827319171866651,0.818358975060248,0.798583111676679,1.09489809233707
1.8924375,0.828614668958873,0.819660045218638,0.799924776922212,1.09248020474721
1.899875,0.829894987991654,0.820946204480407,0.801252202834856,1.09005723668716
1.9073125,0.831160190814688,0.822217512562111,0.802565439838008,1.08762926062111
1.91475,0.832410341743438,0.823474031558258,0.803864538843249,1.08519635625537
1.9221875,0.833645499755495,0.824715818444014,0.805149551242495,1.08275858323279
1.929625,0.834865724251671,0.82594293061332,0.806420528900149,1.08031600097664
1.9370625,0.836071075100218,0.827155425921423,0.807677524145253,1.07786866886153
1.9445,0.837261614643458,0.828353364610341,0.80892058976364,1.07541665353252
1.9519375,0.838437411100548,0.829536812571024,0.810149778990089,1.07296004163318
1.959375,0.839598526448358,0.830705829713802,0.811365145500488,1.07049889581479
1.9668125,0.84074502240782,0.831860475715905,0.812566743403996,1.06803327616565
1.97425,0.841876961117718,0.83300081066815,0.813754627235217,1.06556324266343
1.9816875,0.842994405823913,0.834126895735317,0.814928851946381,1.06308885781448
1.989125,0.844097427057801,0.835238799073382,0.816089472899527,1.06061021042683
1.9965625,0.845186090298762,0.836336584006606,0.817236545858708,1.05812736897875
2.004,0.84626045935419,0.837420312269922,0.818370126982195,1.05564039404604
2.0114375,0.847320598399644,0.838490045964101,0.819490272814698,1.05314934602356
2.018875,0.848366572026255,0.839545847601124,0.820597040279607,1.05065428533002
2.0263125,0.849398451406572,0.840587786000144,0.821690486671234,1.04815529718236
2.03375,0.850416306081519,0.841615928427776,0.822770669647082,1.04565245933297
2.0411875,0.851420201712926,0.842630338452661,0.823837647220123,1.04314583265612
2.048625,0.852410204281073,0.843631079961547,0.824891477751099,1.04063547776432
2.0560625,0.853386380073457,0.844618217148605,0.82593221994084,1.03812145497555
2.0635,0.854348799529185,0.845591818184742,0.826959932822597,1.03560384054344
2.0709375,0.85529753647892,0.846551954486714,0.827974675754405,1.03308272408487
2.078375,0.856232658344261,0.847498691364036,0.828976508411458,1.0305581671362
2.0858125,0.857154232680529,0.848432094267775,0.829965490778514,1.02803023031346
2.09325,0.858062327300284,0.849352228908556,0.830941683142321,1.02549897383799
2.1006875,0.858957012139669,0.850259163034223,0.831905146084067,1.02296446584673
2.108125,0.85983836389407,0.8511529708404,0.832855940471854,1.0204268035503
2.1155625,0.860706452236774,0.852033719842784,0.833794127453207,1.01788605216118
2.123,0.861561346071443,0.852901476838018,0.8347197684476,1.0153422720675
2.1304375,0.862403114508839,0.853756308834405,0.835632925139014,1.01279552314406
2.137875,0.863231827432991,0.854598283589969,0.83653365946853,1.01024586742133
2.1453125,0.864047562691802,0.855427476441058,0.837422033626945,1.00769340337388
2.15275,0.864850392844234,0.856243957705082,0.838298110047422,1.00513820409536
2.1601875,0.865640387919075,0.857047795308951,0.839161951398172,1.00258032949334
2.167625,0.866417618101756,0.857839057343183,0.840013620575171,1.00001983881937
2.1750625,0.867182153738572,0.858617812066079,0.840853180694905,0.997456790686102
2.1825,0.867934071961493,0.859384134178489,0.841680695087157,0.994891276550858
2.1899375,0.868673448961897,0.860138097494744,0.842496227287822,0.992323382956029
2.197375,0.86940035567437,0.860879770860565,0.843299841031764,0.989753169050211
2.2048125,0.87011486313907,0.861609223236873,0.84409160024571,0.987180693150314
2.21225,0.870817042488535,0.862326523687579,0.844871569041173,0.984606012656086
2.2196875,0.871506968889748,0.863031745101448,0.845639811707425,0.982029205345603
2.227125,0.872184722228612,0.8637249648279,0.846396392704504,0.979450374274893
2.2345625,0.872850374409556,0.864406252687929,0.84714137665626,0.976869579016792
2.242,0.873503997111236,0.865075678304873,0.847874828343443,0.974286876597685
2.2494375,0.87414566205151,0.865733311355143,0.848596812696831,0.971702322878087
2.256875,0.874775442824355,0.866379223296208,0.849307394790404,0.969115983206859
2.2643125,0.875393421334269,0.86701349340861,0.850006639834556,0.966527970944719
2.27175,0.875999671173374,0.867636193157713,0.850694613169352,0.963938351306259
2.2791875,0.876594264446159,0.868247392625111,0.851371380257832,0.961347179611072
2.286625,0.877177273240891,0.868847161893954,0.852037006679353,0.958754509685988
2.2940625,0.877748770104517,0.869435571494217,0.852691558122982,0.956160396797756
2.3015,0.878308837005342,0.870012700785326,0.853335100380938,0.953564955146957
2.3089375,0.87885755013669,0.870578623717639,0.853967699342065,0.950968263348551
2.316375,0.879394981819365,0.871133410630423,0.854589420985372,0.948370374517382
2.3238125,0.879921204298909,0.871677131810372,0.855200331373606,0.945771339832602
2.33125,0.88043628972637,0.872209857474762,0.85580049664688,0.943171208294458
2.3386875,0.880940317834541,0.872731664911649,0.856389983016347,0.940570080463843
2.346125,0.881433368592111,0.873242631620187,0.856968856757923,0.937968060117211
2.3535625,0.881915514329015,0.873742827999786,0.857537184206062,0.935365197553439
2.361,0.882386827235097,0.874232324338937,0.858095031747577,0.932761540512272
2.3684375,0.882847379336729,0.874711190795271,0.858642465815519,0.930157133814768
2.375875,0.883297247014442,0.875179501568722,0.859179552883093,0.927552054312142
2.3833125,0.883736513864034,0.875637337515119,0.859706359457644,0.924946436375063
2.39075,0.884165252589898,0.87608476942692,0.860222952074678,0.922340331091931
2.3981875,0.884583535110675,0.876521867392251,0.860729397291946,0.919733781703336
2.405625,0.884991433100695,0.876948701298394,0.861225761683576,0.917126827417913
2.4130625,0.885389020030358,0.877365342701578,0.861712111834258,0.914519520918522
2.4205,0.885776381178721,0.877771873958822,0.862188514333484,0.911912019212657
2.4279375,0.886153590792639,0.878168367311491,0.862655035769844,0.909304386082077
2.435375,0.886520720297162,0.878554892441733,0.863111742725366,0.906696658792616
2.4428125,0.886877840772152,0.878931518746742,0.863558701769925,0.904088868805197
2.45025,0.887225023367229,0.879298315719389,0.863995979455693,0.901481045298524
2.4576875,0.887562352537785,0.879655364882585,0.864423642311654,0.898873350957796
2.465125,0.887889905765537,0.880002741410455,0.864841756838169,0.896265884631298
2.4725625,0.888207753745743,0.880340514365367,0.865250389501599,0.893658675478259
2.48,0.888515966692088,0.880668752416357,0.865649606728976,0.891051743825289
2.4874375,0.888814614263966,0.880987523785183,0.866039474902749,0.888445099103441
2.494875,0.889103776634553,0.881296906057793,0.86642006035556,0.88583887258622
2.5023125,0.889383537064731,0.881596979478159,0.866791429365101,0.883233242380421
2.50975,0.889653965293289,0.881887812289571,0.867153648149008,0.880628226798597
2.5171875,0.889915130339796,0.882169472159723,0.867506782859829,0.878023829266117
2.524625,0.89016710041219,0.882442026123317,0.867850899580033,0.8754200344254
2.5320625,0.890409949856553,0.882705546597744,0.868186064317089,0.872816908028407
2.5395,0.890643768095458,0.882960118910324,0.868512342998593,0.870214749293097
2.5469375,0.890868625011898,0.883205811438617,0.868829801467461,0.867613581572768
2.554375,0.891084587993834,0.883442690509119,0.869138505477169,0.865013380812618
2.5618125,0.891291723140286,0.883670821502573,0.869438520687062,0.862414085909791
2.56925,0.891490098456863,0.883890271560345,0.869729912657712,0.859815651449813
2.5766875,0.891679808189463,0.884101129374184,0.870012746846337,0.857218542480975
2.584125,0.891860925551711,0.884303465971697,0.870287088602282,0.85462286091007
2.5915625,0.892033515655098,0.884497345873414,0.870553003162549,0.852028535398497
2.599,0.892197641211897,0.884682832025684,0.870810555647392,0.849435403760013
2.6064375,0.892353362255994,0.884859985862977,0.871059811055969,0.84684317437056
2.613875,0.89250077509786,0.885028896265165,0.87130083426205,0.844252528276401
2.6213125,0.892639965156283,0.88518964264927,0.871533690009784,0.841663994702313
2.62875,0.892770994614822,0.885342287098774,0.871758442909525,0.839077453353254
2.6361875,0.892893919478083,0.88548688846934,0.871975157433717,0.836492454625271
2.643625,0.893008783235055,0.885623500507583,0.872183897912829,0.833907718487525
2.6510625,0.893115670813402,0.885752203658722,0.872384728531365,0.831323605435519
2.6585,0.893214740189214,0.885873104292453,0.87257771332391,0.82874577196077
2.6659375,0.893306229523488,0.885986264364766,0.872762916171254,0.826193977620004
2.673375,0.893388939548215,0.886091736468817,0.872940400796563,0.823526817717246
2.6808125,0.893465213801664,0.886189541884625,0.873110230761606,0.8210062941576
2.68825,0.893533500646883,0.886279589494493,0.873272469463052,0.818467584989402
2.6956875,0.893594156177381,0.886362599327043,0.873427180128807,0.815868906904349
2.703125,0.893647323794366,0.886437933287438,0.873574425814425,0.81329896163076
2.7105625,0.893693103338401,0.886505841685427,0.87371426939957,0.810740472878213
2.718,0.893731575694092,0.886566545126891,0.873846773584526,0.808177412805033
2.7254375,0.89376281043982,0.886620069833477,0.873972000886784,0.805614586153558
2.732875,0.89378683637993,0.886666410950193,0.874090013637669,0.803055731197366
2.7403125,0.893803725791724,0.886705645982632,0.874200873979029,0.800500125520931
2.74775,0.893813559054631,0.886737860908489,0.874304643859987,0.79794699855178
2.7551875,0.893816412204924,0.886763132886791,0.874401385033738,0.795396093562428
2.762625,0.893812358203722,0.886781534093185,0.874491159054412,0.792847374491945
2.7700625,0.893801447494108,0.886793108045954,0.87457402727399,0.790301524060788
2.7775,0.893783740647303,0.88679791251458,0.874650050839281,0.787758747978429
2.7849375,0.893759311746315,0.886796022259564,0.874719290688928,0.785218845367419
2.792375,0.893728232880033,0.886787509128602,0.874781807550518,0.782681722507683
2.7998125,0.89369057457468,0.886772442857498,0.874837661937712,0.780147350417093
2.80725,0.893646397518251,0.886750881542565,0.874886914147436,0.777615914369489
2.8146875,0.893595756579612,0.886722876793822,0.874929624257132,0.775087681355457
2.822125,0.89353872188567,0.886688498244673,0.874965852122052,0.772562591548009
2.8295625,0.893475362651643,0.886647814355796,0.874995657372627,0.770040616499745
2.837,0.893405747044215,0.886600892321227,0.875019099411881,0.76752175436825
2.8444375,0.893329939272815,0.886547794844142,0.875036237412894,0.765006068270169
2.851875,0.893247993144505,0.886488573023952,0.875047130316325,0.762493767685668
2.8593125,0.893159974691093,0.886423291855681,0.875051836827971,0.759984862458807
2.86675,0.893065950732317,0.886352017204091,0.875050415416405,0.757479353339052
2.8741875,0.892965987288093,0.886274814032387,0.87504292431066,0.754977254206568
2.881625,0.89286014893706,0.886191745717866,0.875029421497954,0.752478597483708
2.8890625,0.892748490436856,0.8861028648967,0.875009964721484,0.749983529387532
2.8965,0.892631073683596,0.886008232146579,0.874984611478245,0.747492099590463
2.9039375,0.892507963336579,0.885907911096814,0.874953419016926,0.74500432348481
2.911375,0.89237922339217,0.885801964662499,0.874916444335853,0.742520223713528
2.9188125,0.892244917211648,0.885690455084386,0.874873744180981,0.740039828772665
2.92625,0.892105101337465,0.885573437266264,0.874825375043932,0.73756323262848
2.9336875,0.891959833590016,0.885450967565189,0.874771393160089,0.735090509045921
2.941125,0.891809176592835,0.885323107558225,0.874711854506725,0.732621681196077
2.9485625,0.891653192388792,0.885189918215606,0.874646814801208,0.730156776549751
2.956,0.891491942468166,0.885051459935884,0.874576329499237,0.727695826042529
2.9634375,0.891325484823252,0.884907789409084,0.87450045379314,0.725238888274871
2.970875,0.891153873949731,0.884758959645581,0.874419242610205,0.722786046350055
2.9783125,0.890977170288395,0.884605030038903,0.874332750611061,0.720337329442078
2.98575,0.890795433969005,0.884446059673892,0.874241032188119,0.717892767531092
2.9931875,0.890608724612412,0.884282107118131,0.874144141464054,0.715452392777638
3.000625,0.890417100222665,0.884113229253172,0.87404213229034,0.713016247344034
3.0080625,0.890220613587344,0.883939477482716,0.873935058245824,0.710584408167358
3.0155,0.89001932250632,0.883760908550606,0.873822972635346,0.708156911576574
3.0229375,0.889813285220346,0.883577579691749,0.8737059284884,0.705733788624663
3.030375,0.889602559491537,0.883389547660525,0.873583978557863,0.703315071755783
3.0378125,0.88938720237254,0.883196868489962,0.87345717531875,0.700900796122861
3.04525,0.889167265958687,0.882999593038539,0.873325570967023,0.698491026357506
3.0526875,0.888942805138464,0.882797775135111,0.873189217418439,0.696085805428392
3.060125,0.888713876279183,0.882591470187079,0.873048166307437,0.693685164531055
3.0675625,0.888480535291478,0.882380733147349,0.872902468986076,0.691289135742035
3.075,0.888242837638176,0.882165618524563,0.872752176523029,0.688897751850459
3.0824375,0.888000835344956,0.881946177265131,0.872597339702595,0.686511063362216
3.089875,0.887754580242809,0.881722460146107,0.872438009023779,0.684129118782217
3.0973125,0.887504126837171,0.881494520763102,0.872274234699385,0.681751948822806
3.10475,0.887249529193521,0.88126241227657,0.87210606665517,0.679379584735096
3.1121875,0.886990840944214,0.881026187419542,0.871933554529042,0.677012058193482
3.119625,0.886728113860251,0.880785897014699,0.871756747670293,0.674649408635219
3.1270625,0.886461397207842,0.880541589311694,0.87157569513887,0.672291685935633
3.1345,0.886190743454426,0.880293315913277,0.871390445704694,0.669938920873259
3.1419375,0.885916204827304,0.880041128195905,0.871201047846999,0.667591143546109
3.149375,0.885637833132606,0.879785077121981,0.871007549753734,0.665248384272576
3.1568125,0.885355679233998,0.879525212700783,0.870809999320999,0.662910676012496
3.16425,0.885069790684458,0.879261581540949,0.870608444152509,0.660578065213513
3.1716875,0.884780217635672,0.878994232967096,0.87040293155911,0.658250583629538
3.179125,0.884487010485412,0.878723216580952,0.87019350855831,0.655928259968674
3.1865625,0.884190219220478,0.878448581581309,0.86998022187387,0.653611123013431
3.194,0.883889893328,0.87817037667277,0.869763117935431,0.651299201972599
3.2014375,0.883586079244588,0.877888647436206,0.869542242878154,0.64899253738171
3.208875,0.88327882462669,0.877603440735972,0.869317642542429,0.646691162236013
3.2163125,0.882968178053493,0.877314804409996,0.869089362473588,0.644395103682149
3.22375,0.882654187702297,0.877022785902937,0.868857447921676,0.642104388834341
3.2311875,0.882336901352097,0.876727432270014,0.868621943841249,0.639819044735335
3.238625,0.882016364725071,0.876428788471789,0.868382894891194,0.637539104919815
3.2460625,0.881692622888669,0.876126898818802,0.868140345434615,0.635264603491925
3.2535,0.88136572261186,0.875821809392923,0.867894339538705,0.632995565933658
3.2609375,0.881035710275362,0.87551356589687,0.867644920974704,0.630732017594182
3.268375,0.880702631869582,0.875202213652167,0.867392133217843,0.628473983682332
3.2758125,0.880366532215004,0.874887796799477,0.86713601944735,0.626221492123835
3.28325,0.88002745420823,0.874570357526943,0.86687662254648,0.62397457612422
3.2906875,0.879685442665532,0.874249940012923,0.866613985102562,0.621733260002144
3.298125,0.879340542187073,0.873926588233207,0.866348149407106,0.619497567274063
3.3055625,0.87899279699044,0.873600345790227,0.866079157455907,0.617267521264031
3.313,0.878642250644739,0.873271255640883,0.86580705094921,0.615043146005578
3.3204375,0.878288944401109,0.87293935838852,0.865531871291877,0.612824471847029
3.327875,0.877932920960277,0.872604696140368,0.865253659593604,0.610611522431204
3.3353125,0.877574223160923,0.872267311163124,0.864972456669161,0.608404319396327
3.34275,0.877212893466815,0.871927245357772,0.864688303038648,0.606202884149432
3.3501875,0.876848973934979,0.87158454022706,0.864401238927821,0.60400723796088
3.357625,0.876482504567876,0.871239235192299,0.864111304268315,0.601817407181016
3.3650625,0.87611352584285,0.870891370178853,0.863818538698164,0.599633415006151
3.3725,0.875742078859125,0.87054098576493,0.863522981562033,0.597455281169124
3.3799375,0.8753682043487,0.870188122170609,0.863224671911644,0.595283025142912
3.387375,0.874991942678743,0.869832819260256,0.862923648506239,0.593116666128357
3.3948125,0.874613332860559,0.869475115531818,0.862619949813038,0.590956225998229
3.40225,0.874232413124298,0.869115048704028,0.862313614007708,0.588801727446886
3.4096875,0.873849222840611,0.86875265767564,0.862004678974824,0.58665318833182
3.417125,0.873463801034646,0.868387981009109,0.861693182308422,0.584510626187829
3.4245625,0.873076186374401,0.868021056918677,0.86137916131257,0.582374058259494
3.432,0.872686416719786,0.867651922811107,0.861062653001945,0.580243502759492
3.4394375,0.872294528405976,0.86728061455657,0.860743694102417,0.578118980783393
3.446875,0.871900558974092,0.866907169269391,0.860422321051629,0.576000508671459
3.4543125,0.871504545770007,0.866531623880256,0.860098569999682,0.573888102027098
3.46175,0.871106525790302,0.866154014979249,0.859772476809807,0.571781776151203
3.4691875,0.870706535542892,0.865774378674056,0.85944407705905,0.569681546408174
3.476625,0.870304609828854,0.865392749351476,0.85911340603896,0.567587431378258
3.4840625,0.869900784266841,0.865009162244981,0.858780498756289,0.565499446175144
3.4915,0.869495094553475,0.864623652681705,0.858445389933786,0.563417604487348
3.4989375,0.86908757604412,0.864236255655939,0.858108114010962,0.561341919692926
3.506375,0.868678263744397,0.863847005820453,0.857768705144881,0.559272404880917
3.5138125,0.868267191207705,0.863455936366823,0.857427197210932,0.557209075558251
3.52125,0.867854392070968,0.863063080585762,0.857083623803653,0.555151945782884
3.5286875,0.86743990041379,0.862668472231228,0.856738018237609,0.553101027353109
3.536125,0.867023749982747,0.862272144732263,0.856390413548257,0.551056331752431
3.5435625,0.866605974193492,0.861874131195064,0.856040842492813,0.54901787014614
3.551,0.866186605512956,0.861474463776198,0.855689337551118,0.546985654815924
3.5584375,0.865765675630132,0.861073173856296,0.855335930926571,0.544959698700254
3.565875,0.865343217019787,0.860670293626092,0.85498065454708,0.542940011790982
3.5733125,0.864919261854116,0.860265854981868,0.85462354006601,0.540926603711989
3.58075,0.86449384198277,0.859859889505114,0.854264618863127,0.538919483768741
3.5881875,0.864066988664165,0.859452428190154,0.853903922045555,0.536918661539976
3.595625,0.863638731930935,0.859043500801334,0.853541480448794,0.534924148231664
3.6030625,0.86320910258822,0.85863313789813,0.853177324637744,0.532935952284785
3.6105,0.862778131270003,0.858221369878292,0.852811484907722,0.530954081504276
3.6179375,0.862345848296266,0.857808226832983,0.852443991285479,0.528978543378655
3.625375,0.86191228360048,0.857393738473277,0.85207487353024,0.527009345233753
3.6328125,0.861477465824566,0.856977933213946,0.851704161134796,0.525046496091797
3.64025,0.861041424055211,0.856560839931578,0.851331883326587,0.523090003039473
3.6476875,0.860604187425886,0.856142487561145,0.850958069068789,0.521139872108312
3.655125,0.860165784764754,0.855722904739375,0.850582747061391,0.519196109017583
3.6625625,0.859726244594798,0.855302119804798,0.850205945742311,0.517258719177449
3.67,0.859285594385701,0.854880160040956,0.849827693288553,0.515327709153257
3.6774375,0.858843861478579,0.854457052612073,0.849448017617339,0.513403084812314
3.684875,0.858401073545404,0.854032825027405,0.849066946387259,0.51148485046324
3.6923125,0.857957257961654,0.853607504506435,0.8486845069994,0.5095730101077
3.69975,0.857512441808354,0.853181117980837,0.848300726598537,0.507667567440717
3.7071875,0.857066651477151,0.852753691695245,0.847915632074333,0.505768526587302
3.714625,0.856619912639834,0.852325251176632,0.847529250062523,0.503875892128502
3.7220625,0.856172251518454,0.85189582251788,0.847141606946114,0.501989666756897
3.7295,0.855723694076022,0.851465431559503,0.846752728856563,0.500109852812081
3.7369375,0.855274265989998,0.851034103862755,0.846362641675034,0.498236452334577
3.744375,0.854823992490217,0.850601864545853,0.845971371033625,0.49636946735574
3.7518125,0.854372897816094,0.850168737735849,0.845578942316613,0.494508900837975
3.75925,0.853921006703512,0.84973474807035,0.845185380661674,0.492654754047472
3.7666875,0.853468343744108,0.849299920050083,0.844790710961132,0.490807027719953
3.774125,0.853014933252946,0.848864277905134,0.844394957863247,0.488965722300816
3.7815625,0.852560799232303,0.848427845558324,0.843998145773482,0.487130838009997
3.789,0.852105964693774,0.847990645941,0.843600298855781,0.485302375972196
3.7964375,0.851650452866297,0.847552702212378,0.843201441033827,0.483480336175268
3.803875,0.851194287011921,0.847114037573297,0.842801595992338,0.481664717812147
3.8113125,0.850737490125133,0.84667467496262,0.842400787178382,0.479855519794792
3.81875,0.850280084934842,0.846234637059158,0.84199903780268,0.478052740755586
3.8261875,0.849822093397412,0.845793945770239,0.841596370840907,0.476256379856776
3.833625,0.849363537228478,0.84535262276825,0.841192809034985,0.474466435922771
3.8410625,0.848904438402785,0.844910689994581,0.840788374894419,0.472682906666688
3.8485,0.848444818636552,0.844468169137337,0.840383090697632,0.47090578953104
3.8559375,0.847984699389446,0.844025081633244,0.839976978493292,0.469135081689709
3.863375,0.847524101608613,0.843581448409535,0.839570060101639,0.467370780439835
3.8708125,0.847063045601675,0.843137289755981,0.839162357115803,0.465612883381161
3.87825,0.846601552065465,0.842692626361832,0.838753890903171,0.463861386862874
3.8856875,0.846139641480557,0.842247478705257,0.838344682606737,0.462116286923608
3.893125,0.845677334079984,0.841801867021713,0.83793475314645,0.460377579344384
3.9005625,0.845214649751586,0.841355811205486,0.837524123220555,0.458645259794532
3.908,0.844751607583585,0.84090933035182,0.837112813306942,0.45691932448384
3.9154375,0.84428822697999,0.840462443880751,0.836700843664525,0.455199768543424
3.922875,0.843824527228504,0.840015171101524,0.836288234334607,0.453486586674945
3.9303125,0.843360527378267,0.839567531089327,0.835875005142245,0.451779773333838
3.93775,0.842896246223374,0.839119542668612,0.835461175697592,0.450079322756758
3.9451875,0.842431701794583,0.838671223901151,0.835046765397284,0.448385229665993
3.952625,0.841966912199808,0.838222592932529,0.834631793425816,0.446697488095538
3.9600625,0.84150189557666,0.837773667944149,0.834216278756917,0.445016091477313
3.9675,0.841036669833117,0.837324466891958,0.833800240154924,0.443341033009315
3.9749375,0.840571252649402,0.836875007508271,0.833383696176139,0.441672305657259
3.982375,0.840105661134688,0.836425306956113,0.83296666517023,0.440009902613814
3.9898125,0.839639912110484,0.835975382114531,0.832549165281598,0.438353816913106
3.99725,0.839174022605893,0.83552525007701,0.832131214450761,0.436704040787106
4.0046875,0.838708009430304,0.835074927721193,0.831712830415734,0.435060566244694
4.012125,0.838241889174177,0.834624431709598,0.831294030713404,0.43342338507506
4.0195625,0.837775678042261,0.834173778321724,0.830874832680919,0.431792489064331
4.027,0.837309391686602,0.833722983286003,0.830455253457062,0.430167870203535
4.0344375,0.836843046036072,0.83327206261447,0.830035309983634,0.428549519636756
4.041875,0.83637665684378,0.832821032147187,0.829615019006836,0.426937428252239
4.0493125,0.835910239652628,0.832369907517511,0.829194397078646,0.425331586731215
4.05675,0.835443809737283,0.831918704093656,0.828773460558201,0.423731985623244
4.0641875,0.834977381729967,0.831467436602228,0.828352225613173,0.42213861580469
4.071625,0.834510970458586,0.831016119971306,0.827930708221152,0.420551467449415
4.0790625,0.83404459066189,0.830564769043764,0.827508924171013,0.418970530393814
4.0865,0.833578256877028,0.830113398464088,0.827086889064304,0.417395794279574
4.0939375,0.833111983433442,0.829662022672174,0.826664618316608,0.415827248565281
4.101375,0.832645784073667,0.829210655521927,0.826242127158922,0.41426488297811
4.1088125,0.832179672531797,0.828759310862996,0.82581943063903,0.412708686824748
4.11625,0.831713662573654,0.828308002581036,0.825396543622864,0.411158648957355
4.1236875,0.831247767771934,0.827856744371506,0.824973480795878,0.409614758046395
4.131125,0.830782001507957,0.827405549741372,0.82455025666441,0.408077002582363
4.1385625,0.830316376737857,0.826954431773977,0.824126885557045,0.406545371147993
4.146,0.829850906125554,0.826503403262715,0.823703381625976,0.405019852262556
4.1534375,0.829385602501508,0.826052477172163,0.82327975884836,0.403500433865323
4.160875,0.828920478514668,0.82560166628807,0.822856031027676,0.401987103722656
4.1683125,0.828455546630894,0.825150983215711,0.822432211795073,0.400479849433766
4.17575,0.827990819024489,0.824700440270794,0.822008314610726,0.398978658555715
4.1831875,0.827526307402269,0.824250049302607,0.821584352765176,0.397483518797981
4.190625,0.827062023668262,0.823799822362075,0.821160339380675,0.395994417288481
4.1980625,0.826597979587696,0.823349771363933,0.820736287412531,0.39451134095565
4.2055,0.826134186750842,0.82289990805031,0.820312209650438,0.393034276573867
4.2129375,0.825670656539463,0.822450243956967,0.819888118719814,0.391563210803114
4.220375,0.825207399823241,0.822000790108173,0.819464027083127,0.390098130519556
4.2278125,0.824744427587193,0.821551557647196,0.819039947041223,0.38863902213766
4.23525,0.82428175075211,0.821102557655766,0.818615890734651,0.3871858718137
4.2426875,0.823819380071773,0.820653801050716,0.818191870144976,0.385738665561997
4.250125,0.823357326131872,0.820205298582851,0.817767897096098,0.384297389259358
4.2575625,0.822895599070171,0.819757060555706,0.817343983255557,0.382862028945152
4.265,0.822434208965469,0.819309097216362,0.816920140135845,0.381432570409035
4.2724375,0.821973165932585,0.818861418850803,0.816496379095704,0.380008999099002
4.279875,0.821512479927093,0.818414035587654,0.816072711341426,0.378591300332975
4.2873125,0.8210521607469,0.817966957399719,0.815649147928143,0.37717945930098
4.29475,0.82059221787292,0.81752019394385,0.815225699761117,0.375773461234052
4.3021875,0.820132660512156,0.817073754604203,0.814802377597024,0.374373291360386
4.309625,0.819673498005342,0.816627648901733,0.814379192045233,0.372978934488133
4.3170625,0.81921473954725,0.816181886213131,0.813956153569081,0.371590375301145
4.3245,0.818756394182514,0.815736475766574,0.813533272487139,0.370207598367078
4.3319375,0.818298470735675,0.815291426571403,0.813110558974481,0.368830588212909
4.339375,0.817840977643193,0.814846747249313,0.812688023063942,0.367459329498154
4.3468125,0.817383923481661,0.814402446564973,0.81226567464737,0.366093806479006
4.35425,0.816927316721527,0.813958533178542,0.811843523476877,0.364734003265776
4.3616875,0.816471165690432,0.813515015608791,0.811421579166084,0.363379903864325
4.369125,0.816015478554692,0.81307190221446,0.810999851191358,0.362031492198267
4.3765625,0.81556026307671,0.812629200950517,0.810578348893045,0.360688752356531
4.384,0.815105527080542,0.812186919835807,0.810157081476699,0.359351668126506
4.3914375,0.814651278347827,0.811745066848464,0.809736058014305,0.358020223103561
4.398875,0.814197524524518,0.811303649832161,0.809315287445492,0.356694400790092
4.4063125,0.813744273121795,0.810862676496989,0.80889477857875,0.355374184597435
4.41375,0.813291531313043,0.810422154215462,0.808474540092628,0.354059558053166
4.4211875,0.81283930618504,0.809982090274819,0.808054580536943,0.352750504551413
4.428625,0.812387604865139,0.809542492004735,0.807634908333964,0.351447007229688
4.4360625,0.811936434351913,0.809103366607151,0.807215531779609,0.350149049143367
4.4435,0.811485801516547,0.808664721157631,0.806796459044622,0.348856613267068
4.4509375,0.811035712994677,0.808226562496669,0.80637769817575,0.347569682606141
4.458375,0.810586175177695,0.807788897220908,0.805959257096914,0.346288240208636
4.4658125,0.810137194564302,0.80735173203627,0.805541143610376,0.34501226881698
4.47325,0.809688777538975,0.806915073535363,0.805123365397891,0.343741751093951
4.4806875,0.809240930365446,0.806478928190895,0.804705930021867,0.342476669631964
4.488125,0.808793659142248,0.806043302310973,0.804288844926504,0.341217007000716
4.4955625,0.808346969651321,0.805608201886969,0.803872117438939,0.3399627459026
4.503,0.80790086777347,0.805173633010867,0.803455754770378,0.338713868759566
4.5104375,0.807455359311308,0.804739601697347,0.80303976401722,0.337470357893843
4.517875,0.807010449953136,0.804306113847461,0.802624152162186,0.336232195567776
4.5253125,0.806566145263454,0.803873175239071,0.802208926075426,0.334999363995792
4.53275,0.806122450492197,0.803440791335133,0.801794092515632,0.33377184554042
4.5401875,0.805679370915475,0.803008967626021,0.801379658131141,0.332549622372014
4.547625,0.805236911785219,0.802577709578895,0.800965629461023,0.3313326765229
4.5550625,0.804795078245252,0.802147022553345,0.800552012936181,0.330120989974869
4.5625,0.804353875332531,0.801716911802606,0.800138814880429,0.328914544660797
4.5699375,0.803913307833407,0.801287382329091,0.799726041511568,0.327713322613854
4.577375,0.803473380434985,0.800858439036434,0.799313698942455,0.326517305817053
4.5848125,0.803034097868623,0.800430086873666,0.798901793182067,0.325326476060939
4.59225,0.80259546476356,0.800002330688094,0.798490330136562,0.324140815094376
4.5996875,0.802157485648105,0.799575175226475,0.798079315610326,0.322960304626485
4.607125,0.801720164876788,0.79914862506177,0.797668755307013,0.321784926404556
4.6145625,0.801283506594027,0.798722684556583,0.79725865483059,0.320614662254792
4.622,0.800847515030118,0.798297358160604,0.796849019686361,0.319449493781354
4.6294375,0.800412194328531,0.797872650237017,0.796439855281997,0.318289402545546
4.636875,0.799977548537529,0.797448565054052,0.796031166928546,0.317134370077499
4.6443125,0.799543581582529,0.797025106757169,0.795622959841452,0.315984377908385
4.65175,0.799110297135042,0.796602279237288,0.795215239141551,0.314839407709888
4.6591875,0.798677698935475,0.796180086455221,0.794808009856074,0.313699440961157
4.666625,0.798245790669279,0.795758532317169,0.794401276919638,0.312564459078812
4.6740625,0.797814575932202,0.795337620639758,0.793995045175225,0.311434443457048
4.6815,0.797384058226033,0.794917355145744,0.793589319375166,0.310309375474249
4.6889375,0.796954240811201,0.79449773931578,0.793184104182104,0.309189236653684
4.696375,0.796525126951421,0.794078776634344,0.792779404169967,0.308074008405756
4.7038125,0.79609671990081,0.793660470576768,0.79237522382492,0.306963672043792
4.71125,0.795669022829066,0.793242824533987,0.791971567546313,0.305858208866105
4.7186875,0.795242038822516,0.79282584181358,0.791568439647634,0.304757600157091
4.726125,0.794815770784218,0.79240952553927,0.791165844357437,0.303661827299573
4.7335625,0.79439022151701,0.791993878734409,0.79076378582028,0.302570871687813
4.741,0.793965393868987,0.791578904468251,0.790362268097642,0.301484714570432
4.7484375,0.793541290609205,0.791164605730942,0.789961295168847,0.300403337187682
4.755875,0.793117914428382,0.790750985434196,0.78956087093197,0.299326720773752
4.7633125,0.792695267890373,0.790338046362468,0.789160999204744,0.298254846613233
4.77075,0.792273353383401,0.789925791123863,0.788761683725456,0.297187696099654
4.7781875,0.791852173364105,0.789514222395584,0.788362928153834,0.296125250464407
4.785625,0.791431730225274,0.789103342790889,0.78796473607194,0.295067490925915
4.7930625,0.79101202628617,0.788693154849326,0.787567110985038,0.294014398703291
4.8005,0.790593063775848,0.788283661019937,0.78717005632247,0.292965955037361
4.8079375,0.790174844723221,0.787874863550609,0.786773575438519,0.291922141321677
4.815375,0.789757371204355,0.787466764736861,0.786377671613265,0.290882938819537
4.8228125,0.789340645259106,0.787059366837968,0.785982348053439,0.289848328761177
4.83025,0.788924668858418,0.786652672044029,0.785587607893266,0.288818292383763
4.8376875,0.78850944390289,0.786246682474514,0.785193454195299,0.287792810935006
4.845125,0.788094972111099,0.785841400065825,0.784799889951255,0.286771865809654
4.8525625,0.787681255190783,0.78543682674357,0.784406918082839,0.2857554383487
4.86,0.787268294851204,0.785032964434983,0.78401454144256,0.284743509825702
4.8674375,0.786856092737108,0.784629815002454,0.783622762814545,0.283736061526962
4.874875,0.786444650429593,0.784227380244376,0.783231584915342,0.282733074752572
4.8823125,0.786033969377237,0.783825661825788,0.782841010394718,0.281734530903854
4.88975,0.78562405093574,0.783424661318245,0.782451041836453,0.280740411438485
4.8971875,0.785214896504129,0.783024380336944,0.782061681759128,0.279750697703918
4.904625,0.784806507422089,0.782624820437356,0.781672932616899,0.278765371064238
4.9120625,0.784398884969828,0.782225983115057,0.781284796800272,0.277784412903115
4.9195,0.783992030336236,0.781827869773644,0.78089727663687,0.276807804666546
4.9269375,0.783585944567018,0.78143048167247,0.780510374392192,0.275835527932689
4.934375,0.783180628762064,0.781033820125409,0.780124092270371,0.274867564161374
4.9418125,0.782776083976175,0.780637886400866,0.779738432414915,0.273903894822003
4.94925,0.782372311208641,0.780242681711272,0.77935339690945,0.272944501408001
4.9566875,0.781969311393585,0.779848207203322,0.778968987778456,0.271989365452319
4.964125,0.781567085310192,0.779454463867505,0.778585206987998,0.271038468649465
4.9715625,0.781165633769111,0.779061452725903,0.778202056446444,0.270091792610905
4.979,0.780764957559488,0.778669174778809,0.777819538005183,0.269149318935624
4.9864375,0.780365057418735,0.778277630974266,0.777437653459332,0.268211029251386
4.993875,0.779965934032487,0.777886822207995,0.777056404548443,0.267276905217417
5.0013125,0.779567587951837,0.777496749239957,0.776675792957203,0.266346928640449
5.00875,0.779170019709021,0.777107412810923,0.776295820316121,0.265421081319661
5.0161875,0.77877322984583,0.77671881367113,0.775916488202213,0.264499345006186
5.023625,0.778377218855927,0.776330952522117,0.775537798139681,0.263581701484727
5.0310625,0.777981987185556,0.775943830017424,0.775159751600591,0.262668132574295
5.0385,0.777587535186532,0.77555744671517,0.774782350005538,0.261758620197705
5.0459375,0.777193863129297,0.775171803091185,0.774405594724305,0.260853146366902
5.053375,0.776800971324014,0.774786899661133,0.774029487076519,0.259951693009031
5.0608125,0.776408860037829,0.774402736897067,0.773654028332301,0.25905424208601
5.06825,0.776017529493852,0.774019315226384,0.773279219712912,0.258160775598171
5.0756875,0.775626979850648,0.773636635011121,0.772905062391386,0.257271275616167
5.083125,0.775237211152732,0.773254696497974,0.772531557493165,0.256385724359287
5.0905625,0.77484822348726,0.77287349997639,0.772158706096723,0.255504103961512
5.098,0.774460016911236,0.772493045705117,0.771786509234183,0.254626396581137
5.1054375,0.774072591440834,0.772113333901426,0.771414967891942,0.253752584417577
5.112875,0.773685947046129,0.771734364735769,0.77104408301127,0.252882649722141
5.1203125,0.773300083579554,0.771356138259535,0.770673855488916,0.252016574912517
5.12775,0.772915000913854,0.770978654544302,0.770304286177699,0.251154342359317
5.1351875,0.77253069891142,0.770601913650884,0.769935375887113,0.250295934433553
5.142625,0.772147177396868,0.770225915601634,0.769567125383903,0.249441333551226
5.1500625,0.771764436157483,0.769850660380885,0.769199535392648,0.24859052217352
5.1575,0.771382474883469,0.76947614787458,0.768832606596334,0.247743482907836
5.1649375,0.771001293242361,0.769102377945406,0.768466339636925,0.246900198388156
5.172375,0.770620890916668,0.768729350470825,0.768100735115927,0.246060651214131
5.1798125,0.770241267554008,0.768357065292702,0.767735793594949,0.245224824032597
5.18725,0.76986242276768,0.767985522217864,0.767371515596251,0.244392699538909
5.1946875,0.76948435610496,0.767614720986056,0.767007901603293,0.243564260531937
5.202125,0.769107067044788,0.767244661267567,0.766644952061275,0.242739489922883
5.2095625,0.76873055510142,0.766875342767992,0.766282667377684,0.241918370557026
5.217,0.76835481975927,0.766506765162381,0.765921047922814,0.241100885325896
5.2244375,0.767979860471129,0.766138928093423,0.765560094030298,0.240287017171625
5.231875,0.767605676645251,0.765771831158381,0.765199805997625,0.239476749111489
5.2393125,0.767232267601084,0.7654054738643,0.764840184086659,0.238670064320501
5.24675,0.766859632691461,0.765039855751562,0.764481228524154,0.237866945913723
5.2541875,0.766487771250634,0.764674976341346,0.764122939502252,0.237067377039235
5.261625,0.766116682583784,0.764310835125008,0.763765317178986,0.236271340897587
5.2690625,0.765746365964372,0.763947431561393,0.763408361678773,0.235478820748547
5.2765,0.765376820578445,0.763584765020451,0.763052073092911,0.23468980001804
5.2839375,0.765008045624596,0.763222834884383,0.762696451480063,0.233904262112827
5.291375,0.764640040299237,0.762861640532742,0.762341496866731,0.233122190447621
5.2988125,0.764272803772121,0.762501181317656,0.761987209247737,0.2323435684918
5.30625,0.763906335186817,0.762141456564297,0.761633588586688,0.231568379769787
5.3136875,0.763540633618895,0.761782465528535,0.761280634816451,0.230796607945138
5.321125,0.763175698120294,0.761424207441834,0.760928347839609,0.230028236736035
5.3285625,0.762811527761221,0.761066681553693,0.760576727528915,0.229263249833234
5.336,0.762448121587493,0.760709887088443,0.760225773727744,0.228501630983513
5.3434375,0.762085478620993,0.760353823245702,0.759875486250539,0.227743363990518
5.350875,0.761723597838586,0.759998489179007,0.759525864883258,0.226988432759012
5.3583125,0.761362478161754,0.759643883985274,0.75917690938381,0.226236821319992
5.36575,0.761002118542689,0.759290006792057,0.758828619482482,0.22548851365316
5.3731875,0.760642517914114,0.758936856706687,0.758480994882366,0.22474349379058
5.380625,0.760283675186926,0.758584432813889,0.758134035259792,0.224001745822022
5.3880625,0.759925589242288,0.758232734167745,0.757787740264741,0.223263253913863
5.3955,0.759568258893831,0.757881759753357,0.757442109521262,0.222528002392219
5.4029375,0.759211682981225,0.757531508581712,0.757097142627874,0.221795975544059
5.410375,0.758855860334295,0.757181979653316,0.75675283915798,0.221067157692434
5.4178125,0.75850078976304,0.756833171948053,0.756409198660264,0.220341533219859
5.42525,0.758146470056474,0.756485084424013,0.756066220659093,0.219619086571377
5.4326875,0.757792899940257,0.756137715974474,0.755723904654904,0.21889980235279
5.440125,0.757440078147358,0.755791065499602,0.755382250124589,0.218183665172877
5.4475625,0.757088003414311,0.755445131902656,0.755041256521885,0.217470659651653
5.455,0.75673667445969,0.755099914068146,0.754700923277753,0.216760770468816
5.4624375,0.756386089984481,0.754755410862202,0.754361249800754,0.216053982364439
5.469875,0.756036248643496,0.75441162110353,0.754022235477416,0.215350280207716
5.4773125,0.755687149069364,0.754068543587761,0.753683879672601,0.214649648943288
5.48475,0.755338789914253,0.753726177129833,0.753346181729871,0.213952073491863
5.4921875,0.754991169814225,0.753384520527786,0.753009140971848,0.213257538834677
5.499625,0.754644287389487,0.753043572563016,0.752672756700569,0.212566030013783
5.5070625,0.754298141230599,0.752703331986246,0.75233702819783,0.211877532167204
5.5145,0.753952729884694,0.752363797503499,0.752001954725536,0.211192030566476
5.5219375,0.753608051925185,0.752024967846959,0.75166753552605,0.210509510443191
5.529375,0.753264105913978,0.751686841736563,0.751333769822526,0.209829957083096
5.5368125,0.752920890398755,0.751349417877233,0.751000656819247,0.209153355833003
5.54425,0.752578403908283,0.751012694954105,0.750668195701953,0.208479692114083
5.5516875,0.752236644921295,0.750676671600845,0.750336385638166,0.207808951505495
5.559125,0.751895611936815,0.750341346471197,0.750005225777523,0.20714111956206
5.5665625,0.751555303450432,0.75000671821485,0.749674715252093,0.206476181875859
5.574,0.751215717945037,0.749672785468006,0.749344853176688,0.205814124100523
5.5814375,0.750876853890464,0.749339546853021,0.749015638649176,0.205154931952989
5.588875,0.750538709712002,0.749007000946318,0.748687070750793,0.204498591301339
5.5963125,0.75020128383888,0.748675146327756,0.748359148546452,0.203845088034416
5.60375,0.749864574707712,0.74834398158414,0.748031871085038,0.203194408051921
5.6111875,0.749528580743841,0.748013505290226,0.74770523739971,0.202546537315174
5.618625,0.749193300361623,0.747683716009005,0.747379246508189,0.201901461847442
5.6260625,0.74885873194511,0.747354612272012,0.747053897413056,0.201259167789902
5.6335,0.748524873859322,0.747026192590789,0.746729189102041,0.200619641372302
5.6409375,0.748191724488486,0.746698455495878,0.746405120548303,0.199982868803006
5.648375,0.747859282207173,0.746371399507393,0.74608169071071,0.199348836351665
5.6558125,0.74752754538028,0.746045023135011,0.745758898534117,0.198717530349479
5.66325,0.747196512354172,0.745719324868918,0.74543674294964,0.198088937216867
5.6706875,0.746866181442277,0.745394303165107,0.745115222874932,0.197463043508694
5.678125,0.74653655098027,0.745069956501669,0.744794337214447,0.196839835750029
5.6855625,0.746207619298274,0.744746283350451,0.744474084859699,0.196219300517786
5.693,0.745879384717973,0.744423282174095,0.744154464689526,0.195601424451053
5.7004375,0.745551845549951,0.744100951423324,0.743835475570352,0.19498619425915
5.707875,0.745225000068816,0.743779289511524,0.743517116356441,0.194373596801967
5.7153125,0.744898846565056,0.743458294867694,0.743199385890144,0.19376361892891
5.72275,0.744573383330258,0.74313796592136,0.742882283002148,0.193156247523762
5.7301875,0.74424860864871,0.742818301094003,0.742565806511721,0.192551469531743
5.737625,0.743924520797418,0.742499298799064,0.74224995522696,0.191949271960068
5.7450625,0.743601118023272,0.742180957418601,0.741934727945026,0.191349641953953
5.7525,0.743278398575102,0.741863275336039,0.74162012345238,0.190752566693964
5.7599375,0.742956360711455,0.741546250944139,0.741306140525013,0.190158033368881
5.767375,0.742635002684655,0.741229882628699,0.74099277792868,0.189566029228727
5.7748125,0.74231432274101,0.740914168768765,0.740680034419132,0.188976541584029
5.78225,0.741994319107932,0.740599107723439,0.740367908742335,0.188389557851587
5.7896875,0.741674989997601,0.740284697835621,0.74005639963469,0.187805065543678
5.797125,0.741356333640187,0.739970937466012,0.739745505823251,0.187223052153795
5.8045625,0.741038348261094,0.739657824969831,0.739435226025947,0.186643505234163
5.812,0.740721032080692,0.73934535869654,0.739125558951796,0.18606641239729
5.8194375,0.740404383308732,0.73903353698411,0.73881650330111,0.185491761336976
5.826875,0.740088400130903,0.738722358145242,0.738508057765701,0.184919539878359
5.8343125,0.739773080751598,0.738411820511191,0.738200221029092,0.184349735824241
5.84175,0.739458423373996,0.738101922411348,0.737892991766716,0.18378233702685
5.8491875,0.73914442619715,0.737792662170274,0.737586368646121,0.183217331397723
5.856625,0.738831087414563,0.737484038106222,0.737280350327161,0.18265470691412
5.8640625,0.738518405194829,0.737176048511278,0.736974935462191,0.182094451693371
5.8715,0.738206377719092,0.736868691689774,0.736670122696258,0.181536553853334
5.8789375,0.737895003172656,0.736561965949701,0.736365910667301,0.180981001542291
5.886375,0.737584279737548,0.736255869595069,0.736062298006325,0.180427782967585
5.8938125,0.737274205592636,0.735950400926032,0.735759283337594,0.179876886395913
5.90125,0.736964778897552,0.735645558222368,0.735456865278805,0.179328300217252
5.9086875,0.736655997812803,0.735341339764125,0.735155042441272,0.178782012867607
5.916125,0.736347860509861,0.735037743841992,0.73485381343011,0.178238012788423
5.9235625,0.736040365157698,0.734734768743473,0.734553176844399,0.177696288479368
5.931,0.73573350992294,0.734432412753045,0.734253131277362,0.177156828497993
5.9384375,0.73542729296139,0.734130674143431,0.733953675316531,0.176619621496155
5.945875,0.735121712417463,0.73382955117501,0.733654807543917,0.176084656223607
5.9533125,0.734816766451908,0.733529042124336,0.733356526536183,0.175551921413053
5.96075,0.734512453224321,0.733229145266155,0.733058830864796,0.175021405852593
5.9681875,0.734208770892666,0.732929858872913,0.732761719096192,0.174493098387307
5.975625,0.733905717609835,0.732631181211208,0.732465189791933,0.17396698793517
5.9830625,0.733603291511919,0.732333110529707,0.732169241508868,0.173443063538881
5.9905,0.733301490750713,0.732035645092613,0.731873872799288,0.172921314226504
5.9979375,0.733000313479834,0.731738783165383,0.731579082211074,0.172401729069738
6.005375,0.732699757851923,0.731442523011844,0.731284868287845,0.1718842971971
6.0128125,0.73239982201794,0.731146862893463,0.73099122956911,0.171369007796707
6.02025,0.732100504112468,0.730851801054187,0.730698164590418,0.170855850184659
6.0276875,0.731801802280163,0.730557335747711,0.730405671883496,0.170344813686518
6.035125,0.731503714671794,0.730263465233407,0.730113749976392,0.16983588765338
6.0425625,0.731206239437763,0.72997018776964,0.729822397393612,0.169329061492185
6.05,0.730909374728216,0.729677501613883,0.729531612656262,0.168824324665162
6.0574375,0.730613118682082,0.72938540501139,0.729241394282188,0.168321666742566
6.064875,0.730317469438753,0.729093896207253,0.728951740786103,0.167821077348851
6.0723125,0.730022425149037,0.72880297345772,0.728662650679718,0.16732254611036
6.07975,0.729727983963931,0.728512635018602,0.728374122471875,0.166826062707592
6.0871875,0.729434144034726,0.728222879145386,0.728086154668677,0.166331616875448
6.094625,0.729140903507509,0.727933704087538,0.727798745773614,0.165839198431339
6.1020625,0.728848260520498,0.727645108085746,0.727511894287685,0.165348797289044
6.1095,0.728556213226468,0.727357089395109,0.727225598709523,0.164860403348266
6.1169375,0.728264759779613,0.727069646271566,0.726939857535508,0.164374006558488
6.124375,0.727973898334928,0.726782776971248,0.726654669259901,0.163889596922462
6.1318125,0.727683627046147,0.726496479748344,0.726370032374951,0.163407164507534
6.13925,0.727393944055982,0.726210752844977,0.726085945371014,0.162926699497246
6.1466875,0.727104847520352,0.725925594516315,0.725802406736661,0.162448192066189
6.154125,0.726816335599043,0.725641003020886,0.725519414958796,0.161971632427571
6.1615625,0.726528406453097,0.725356976617889,0.725236968522769,0.161497010847045
6.169,0.726241058244509,0.72507351356687,0.724955065912481,0.161024317644154
6.1764375,0.725954289125336,0.724790612116415,0.724673705610488,0.160553543253372
6.183875,0.725668097255895,0.724508270523038,0.724392886098111,0.160084678125161
6.1913125,0.725382480803741,0.724226487050116,0.724112605855536,0.159617712731452
6.19875,0.725097437938111,0.723945259962137,0.723832863361925,0.15915263759505
6.2061875,0.724812966830004,0.723664587524775,0.72355365709551,0.158689443289961
6.213625,0.724529065644876,0.723384467997295,0.723274985533688,0.158228120483384
6.2210625,0.724245732548796,0.723104899638949,0.722996847153127,0.157768659902091
6.2285,0.723962965719062,0.722825880720015,0.722719240429857,0.157311052270948
6.2359375,0.723680763335062,0.722547409512297,0.722442163839371,0.156855288365176
6.243375,0.723399123578322,0.722269484289181,0.722165615856711,0.15640135900965
6.2508125,0.723118044628994,0.721992103321978,0.721889594956561,0.155949255100696
6.25825,0.72283752466239,0.721715264876297,0.721614099613337,0.15549896762761
6.2656875,0.722557561866641,0.721438967230446,0.721339128301283,0.155050487567765
6.273125,0.722278154433061,0.721163208665404,0.721064679494551,0.154603805942899
6.2805625,0.721999300555449,0.720887987464091,0.720790751667287,0.154158913823377
6.288,0.721720998428888,0.720613301910113,0.720517343293718,0.153715802336474
6.2954375,0.721443246241916,0.720339150279596,0.720244452848232,0.153274462715447
6.302875,0.721166042194253,0.720065530859666,0.719972078805468,0.152834886190689
6.3103125,0.720889384490758,0.719792441942165,0.71970021964039,0.152397064024856
6.31775,0.720613271339082,0.719519881821203,0.719428873828365,0.151960987528432
6.3251875,0.720337700949563,0.719247848793038,0.719158039845242,0.151526648060796
6.332625,0.72006267152735,0.718976341147845,0.718887716167432,0.151094037081956
6.3400625,0.719788181284541,0.718705357182405,0.718617901271983,0.150663146074348
6.3475,0.719514228441003,0.71843489520096,0.718348593636651,0.150233966536595
6.3549375,0.719240811219672,0.718164953510308,0.718079791739974,0.149806490013882
6.362375,0.718967927846611,0.717895530419868,0.717811494061342,0.149380708097735
6.3698125,0.7186955765462,0.71762662423663,0.71754369908107,0.148956612459439
6.37725,0.718423755543956,0.717358233268109,0.717276405280472,0.148534194832228
6.3846875,0.718152463075997,0.717090355832263,0.717009611141918,0.148113446944986
6.392125,0.71788169738183,0.716822990249947,0.716743315148908,0.147694360572048
6.3995625,0.717611456704339,0.716556134844891,0.716477515786134,0.14727692753298
6.407,0.717341739287576,0.71628978794139,0.71621221153955,0.146861139708498
6.4144375,0.717072543373228,0.716023947860586,0.715947400896434,0.146446989067184
6.421875,0.716803867214204,0.715758612934733,0.715683082345443,0.146034467567957
6.4293125,0.716535709067744,0.715493781499968,0.715419254376658,0.145623567208664
6.43675,0.716268067194676,0.715229451895537,0.715155915481777,0.14521428003087
6.4441875,0.716000939858757,0.714965622463097,0.714893064153873,0.144806598126146
6.451625,0.715734325320577,0.714702291540301,0.714630698887808,0.144400513681253
6.4590625,0.715468221850267,0.714439457474163,0.714368818180076,0.143996018884707
6.4665,0.715202627723821,0.7141771186172,0.714107420528813,0.143593105952022
6.4739375,0.714937541221024,0.713915273325253,0.71384650443414,0.143191767142059
6.481375,0.714672960625439,0.713653919957472,0.713586068397816,0.142791994756752
6.4888125,0.714408884218842,0.713393056870447,0.713326110923636,0.142393781185857
6.49625,0.714145310289035,0.71313268242644,0.713066630517333,0.141997118846082
6.5036875,0.713882237131685,0.712872794995337,0.712807625686519,0.141602000165419
6.511125,0.713619663046429,0.712613392950537,0.71254909494106,0.141208417614158
6.5185625,0.7133575863369,0.712354474668987,0.712291036792731,0.140816363704266
6.526,0.713096005307606,0.712096038527876,0.712033449755558,0.140425831015367
6.5334375,0.712834918264827,0.71183808290558,0.711776332345788,0.14003681218886
6.540875,0.712574323524603,0.711580606190113,0.711519683081764,0.139649299860856
6.5483125,0.712314219407206,0.711323606773286,0.711263500484325,0.139263286707547
6.55575,0.712054604237056,0.711067083050625,0.711007783076464,0.138878765445605
6.5631875,0.711795476341367,0.710811033419925,0.710752529383624,0.138495728844434
6.570625,0.711536834046929,0.710555456277843,0.710497737933725,0.138114169754733
6.5780625,0.711278675690344,0.710300350030749,0.71024340725698,0.13773408101978
6.5855,0.711020999613212,0.710045713089624,0.709989535886312,0.137355455516186
6.5929375,0.710763804161408,0.709791543869305,0.709736122357031,0.136978286160327
6.600375,0.710507087684736,0.709537840788105,0.709483165207068,0.136602565911614
6.6078125,0.710250848532304,0.70928460226291,0.709230662977062,0.136228287814366
6.61525,0.70999508506145,0.70903182671865,0.708978614210133,0.135855444918187
6.6226875,0.709739795635699,0.708779512586141,0.708727017452292,0.135484030295152
6.630125,0.709484978622966,0.708527658300179,0.708475871252156,0.135114037055817
6.6375625,0.709230632395569,0.708276262299555,0.708225174161114,0.134745458349217
6.645,0.708976755326422,0.708025323022991,0.707974924733471,0.134378287399173
6.6524375,0.70872334579379,0.707774838914209,0.707725121526185,0.134012517460524
6.659875,0.708470402183636,0.707524808424436,0.707475763099264,0.133648141795262
6.6673125,0.708217922886409,0.707275230008989,0.707226848015523,0.133285153702922
6.67475,0.707965906297068,0.707026102127297,0.706978374840681,0.132923546520192
6.6821875,0.707714350813075,0.706777423240756,0.706730342143562,0.132563313641687
6.689625,0.707463254834267,0.706529191812591,0.706482748495798,0.132204448521045
6.6970625,0.707212616769335,0.706281406314786,0.706235592472211,0.131846944606484
6.7045,0.706962435031686,0.706034065223658,0.70598887265061,0.13149079538155
6.7119375,0.706712708039312,0.705787167019733,0.705742587611829,0.131135994366005
6.719375,0.706463434213973,0.705540710186858,0.705496735939973,0.130782535124108
6.7268125,0.70621461197847,0.705294693209278,0.705251316222097,0.130430411294613
6.73425,0.705966239764191,0.70504911457973,0.705006327048564,0.130079616511192
6.7416875,0.705718316007849,0.70480397279595,0.704761767012894,0.129730144436135
6.749125,0.705470839150806,0.704559266359949,0.704517634711734,0.129381988766686
6.7565625,0.705223807638895,0.704314993777831,0.704273928745145,0.129035143237455
6.764,0.704977219919015,0.704071153556112,0.704030647716276,0.128689601658261
6.7714375,0.704731074445243,0.703827744208312,0.703787790231678,0.128345357847026
6.778875,0.704485369677879,0.70358476425392,0.703545354901211,0.128002405639771
6.7863125,0.704240104081926,0.703342212216769,0.70330334033796,0.127660738906532
6.79375,0.703995276127099,0.703100086625048,0.703061745158541,0.127320351551607
6.8011875,0.703750884285297,0.702858386008569,0.702820567982787,0.126981237542911
6.808625,0.703506927033285,0.70261710890166,0.702579807434009,0.126643390881287
6.8160625,0.703263402855176,0.70237625384585,0.702339462138969,0.126306805571663
6.8235,0.703020310239824,0.70213581938706,0.702099530727732,0.125971475652031
6.8309375,0.702777647680832,0.701895804075618,0.701860011834001,0.125637395193623
6.838375,0.70253541367529,0.70165620646488,0.701620904094807,0.125304558316364
6.8458125,0.70229360672316,0.701417025110573,0.701382206150729,0.124972959196334
6.85325,0.702052225332369,0.701178258576306,0.701143916645914,0.124642592004731
6.8606875,0.701811268015777,0.700939905430303,0.70090603422789,0.124313450942592
6.868125,0.701570733291024,0.700701964245229,0.700668557547906,0.123985530243398
6.8755625,0.701330619680044,0.700464433597666,0.700431485260644,0.123658824178863
6.883,0.701090925706861,0.700227312065714,0.700194816024386,0.123333327087716
6.8904375,0.700851649903046,0.699990598234926,0.699958548501091,0.123009033305754
6.897875,0.700612790805573,0.699754290695985,0.699722681356162,0.12268593719289
6.9053125,0.700374346956212,0.699518388044046,0.699487213258793,0.122364033140032
6.91275,0.700136316901444,0.699282888878638,0.699252142881706,0.122043315570686
6.9201875,0.699898699190004,0.699047791800996,0.699017468901264,0.121723778973193
6.927625,0.69966149237697,0.698813095418503,0.6987831899976,0.121405417847753
6.9350625,0.699424695023486,0.698578798344413,0.69854930485435,0.121088226707888
6.9425,0.699188305695502,0.698344899196472,0.698315812158991,0.120772200097763
6.9499375,0.698952322963776,0.698111396596917,0.698082710602618,0.120457332591561
6.957375,0.698716745402227,0.697878289170682,0.697849998879996,0.120143618816648
6.9648125,0.69848157158932,0.697645575546897,0.697617675689737,0.119831053435338
6.97225,0.698246800110381,0.69741325436145,0.697385739734012,0.119519631110876
6.9796875,0.698012429555549,0.697181324254736,0.697154189718868,0.119209346535798
6.987125,0.697778458519769,0.696949783871652,0.696923024354049,0.118900194432148
6.9945625,0.697544885601999,0.696718631860728,0.696692242352993,0.118592169562648
7.002,0.697311709404442,0.696487866873278,0.696461842433044,0.118285266742979
7.0094375,0.697078928536428,0.696257487567676,0.69623182331516,0.117979480784025
7.016875,0.696846541612255,0.696027492606986,0.696002183724194,0.117674806522561
7.0243125,0.696614547251016,0.695797880658776,0.695772922388764,0.117371238823916
7.03175,0.696382944076323,0.695568650394814,0.695544038041204,0.117068772585904
7.0391875,0.696151730714588,0.695339800489155,0.695315529417799,0.116767402766449
7.046625,0.695920905798887,0.695111329622435,0.695087395258491,0.116467124322561
7.0540625,0.695690467967613,0.694883236480371,0.694859634307132,0.116167932231415
7.0615,0.695460415863938,0.694655519753179,0.694632245311399,0.115869821497272
7.0689375,0.695230748135777,0.69442817813553,0.694405227022691,0.115572787152884
7.076375,0.695001463434064,0.69420121032464,0.694178578196401,0.115276824286958
7.0838125,0.694772560415391,0.693974615023191,0.693952297591614,0.114981928002278
7.09125,0.694544037742147,0.693748390939505,0.693726383971327,0.114688093411552
7.0986875,0.694315894081481,0.69352253678639,0.693500836102413,0.114395315654403
7.106125,0.694088128105296,0.693297051281134,0.693275652755477,0.114103589896963
7.1135625,0.693860738489204,0.693071933144341,0.693050832705133,0.113812911350175
7.121,0.693633723913127,0.692847181100596,0.692826374729732,0.113523275259819
7.1284375,0.693407083063313,0.692622793880728,0.692602277611523,0.113234676870877
7.135875,0.693180814630754,0.692398770220048,0.692378540136675,0.112947111453865
7.1433125,0.692954917311174,0.692175108858334,0.692155161095092,0.112660574305545
7.15075,0.692729389804536,0.691951808539283,0.6919321392807,0.112375060756609
7.1581875,0.692504230814288,0.691728868009656,0.691709473491189,0.112090566187062
7.165625,0.692279439050246,0.691506286022527,0.691487162528134,0.111807085972582
7.1730625,0.692055013227094,0.6912840613356,0.691265205197065,0.111524615511116
7.1805,0.691830952064208,0.691062192711019,0.691043600307246,0.111243150225548
7.1879375,0.691607254285505,0.690840678915195,0.69082234667196,0.110962685566585
7.195375,0.691383918618143,0.690619518717333,0.690601443108283,0.110683217038199
7.2028125,0.6911609437952,0.69039871089247,0.690380888437158,0.110404740145587
7.21025,0.690938328554867,0.690178254220564,0.690160681483502,0.110127250410397
7.2176875,0.690716071639995,0.689958147485986,0.689940821075967,0.109850743377882
7.225125,0.690494171798073,0.689738389477497,0.689721306047212,0.109575214618407
7.2325625,0.690272627780051,0.689518978986915,0.689502135233714,0.109300659750211
7.24,0.690051438341976,0.689299914810966,0.689283307475788,0.109027074407342
7.2474375,0.68983060224535,0.689081195751703,0.689064821617739,0.108754454230775
7.254875,0.689610118256288,0.68886282061556,0.688846676507606,0.108482794885112
7.2623125,0.689389985145518,0.688644788213339,0.68862887099741,0.10821209205869
7.26975,0.68917020168771,0.688427097359457,0.688411403943012,0.107942341477218
7.2771875,0.688950766661665,0.688209746872153,0.688194274204082,0.107673538899977
7.284625,0.688731678851951,0.687992735575369,0.687977480644283,0.107405680085182
7.2920625,0.688512937047729,0.687776062297417,0.687761022131007,0.107138760812719
7.2995,0.688294540042725,0.68755972587094,0.687544897535605,0.106872776885569
7.3069375,0.688076486634935,0.687343725132579,0.687329105733275,0.106607724136021
7.314375,0.687858775625954,0.687128058922203,0.687113645602995,0.106343598440306
7.3218125,0.687641405823074,0.68691272608532,0.686898516027735,0.106080395672192
7.32925,0.687424376038264,0.68669772547192,0.686683715894184,0.105818111723766
7.3366875,0.687207685088008,0.686483055936283,0.686469244092955,0.105556742509427
7.344125,0.686991331793213,0.686268716336882,0.686255099518519,0.105296283967005
7.3515625,0.686775314978269,0.686054705535284,0.686041281069095,0.105036732081421
7.359,0.686559633472853,0.685841022398247,0.685827787646875,0.104778082840995
7.3664375,0.686344286111485,0.68562766579722,0.68561461815777,0.104520332246372
7.373875,0.686129271733149,0.685414634607901,0.685401771511572,0.104263476320021
7.3813125,0.685914589181282,0.685201927710224,0.685189246621931,0.104007511105508
7.38875,0.685700237302988,0.684989543987445,0.684977042406216,0.103752432687565
7.3961875,0.685486214949999,0.684777482327268,0.684765157785745,0.103498237167887
7.403625,0.685272520979124,0.684565741622369,0.684553591685547,0.103244920652901
7.4110625,0.68505915425158,0.68435432076963,0.684342343034487,0.102992479269726
7.4185,0.684846113632983,0.684143218670123,0.684131410765287,0.102740909166021
7.4259375,0.684633397992932,0.683932434228627,0.683920793814352,0.102490206521089
7.433375,0.684421006204986,0.683721966353588,0.683710491122006,0.102240367546824
7.4408125,0.684208937147933,0.683511813958639,0.683500501632279,0.101991388452616
7.44825,0.683997189704941,0.683301975961596,0.683290824292985,0.101743265467213
7.4556875,0.683785762763526,0.683092451284422,0.683081458055786,0.101495994839351
7.463125,0.683574655215365,0.682883238853013,0.682872401875996,0.101249572842521
7.4705625,0.68336386595576,0.682674337596549,0.68266365471281,0.10100399579076
7.478,0.683153393885115,0.68246574644927,0.682455215529117,0.100759259995531
7.4854375,0.682943237908264,0.682257464349673,0.682247083291542,0.100515361784237
7.492875,0.682733396934326,0.682049490240349,0.682039256970542,0.100272297503801
7.5003125,0.682523869876654,0.681841823067924,0.681831735540192,0.100030063521439
7.50775,0.682314655652166,0.681634461782247,0.681624517978407,0.0997886562454475
7.5151875,0.682105753182523,0.681427405337825,0.681417603266781,0.0995480720887176
7.522625,0.681897161393929,0.681220652693573,0.681210990390595,0.0993083074744439
7.5300625,0.681688879216809,0.681014202812443,0.681004678338938,0.0990693588445613
7.5375,0.681480905585803,0.680808054661416,0.680798666104488,0.0988312226596788
7.5449375,0.681273239439263,0.680602207210893,0.680592952683711,0.0985938954150667
7.552375,0.681065879719769,0.680396659435322,0.680387537076741,0.0983573736241583
7.5598125,0.680858825374586,0.68019141031376,0.680182418287342,0.0981216538030072
7.56725,0.680652075355143,0.679986458829249,0.679977595323063,0.0978867324858523
7.5746875,0.680445628617019,0.6797818039688,0.679773067195008,0.0976526062249183
7.582125,0.68023948411969,0.67957744472309,0.679568832918018,0.0974192715989641
7.5895625,0.680033640826414,0.679373380086306,0.679364891510583,0.0971867252179459
7.597,0.679828097705175,0.679169609057329,0.679161241994772,0.0969549636886669
7.6044375,0.679622853728092,0.678966130639006,0.678957883396403,0.0967239836348943
7.611875,0.679417907871374,0.6787629438381,0.678754814744823,0.0964937816980482
7.6193125,0.679213259115216,0.678560047665164,0.678552035073055,0.0962643545400876
7.62675,0.679008906443374,0.678357441134012,0.678349543417754,0.0960356988601196
7.6341875,0.678804848844189,0.678155123262998,0.678147338819099,0.0958078113551863
7.641625,0.678601085310155,0.677953093074486,0.677945420320983,0.0955806887361854
7.6490625,0.678397614837791,0.677751349594701,0.677743786970795,0.0953543277304236
7.6565,0.678194436427618,0.677549891853692,0.677542437819541,0.0951287250836153
7.6639375,0.677991549083685,0.67734871888475,0.677341371921838,0.0949038775763134
7.671375,0.677788951814328,0.677147829725354,0.677140588335773,0.0946797819958212
7.6788125,0.677586643632098,0.676947223417099,0.676940086123106,0.0944564351370136
7.68625,0.677384623553507,0.676746899005375,0.67673986434906,0.0942338338112858
7.6936875,0.677182890599017,0.676546855539364,0.676539922082417,0.0940119748463752
7.701125,0.676981443792731,0.676347092071636,0.676340258395542,0.0937908550995292
7.7085625,0.676780282162635,0.676147607658475,0.676140872364219,0.0935704714465135
7.716,0.676579404741013,0.675948401360402,0.675941763067858,0.0933508207638711
7.7234375,0.676378810564044,0.675749472241682,0.675742929589303,0.0931318999443542
7.730875,0.676178498671797,0.675550819370305,0.675544371014892,0.0929137058967244
7.7383125,0.67597846810807,0.675352441817798,0.675346086434518,0.0926962355518146
7.74575,0.67577871792025,0.67515433865903,0.675148074941447,0.0924794858698341
7.7531875,0.675579247159997,0.674956508973118,0.674950335632511,0.0922634538077283
7.760625,0.675380054882835,0.674758951842896,0.674752867607953,0.0920481363371195
7.7680625,0.675181140148114,0.67456166635487,0.674555669971444,0.0918335304452622
7.7755,0.674982502018939,0.674364651599139,0.674358741830178,0.0916196331368857
7.7829375,0.674784139561861,0.674167906668981,0.674162082294673,0.0914064414494709
7.790375,0.674586051847563,0.673971430661756,0.673965690478959,0.0911939524206762
7.7978125,0.674388237950586,0.673775222678573,0.673769565500446,0.0909821630983298
7.80525,0.674190696949232,0.673579281824146,0.673573706479908,0.0907710705456033
7.8126875,0.673993427925537,0.673383607206782,0.673378112541605,0.0905606718412333
7.820125,0.673796429964966,0.67318819793796,0.673182782813078,0.0903509640943101
7.8275625,0.673599702156866,0.67299305313295,0.672987716425317,0.0901419444215179
7.835,0.673403243594473,0.672798171910826,0.672792912512664,0.0899336099454695
7.8424375,0.673207053374713,0.672603553394212,0.672598370212763,0.0897259578031662
7.849875,0.673011130598193,0.67240919670927,0.672404088666701,0.0895189851460865
7.8573125,0.672815474369004,0.672215100985439,0.672210067018803,0.0893126891504004
7.86475,0.672620083794827,0.67202126535558,0.672016304416782,0.0891070670108407
7.8721875,0.672424957987261,0.671827688956426,0.671822800011669,0.0889021159223846
7.879625,0.672230096061531,0.671634370928207,0.671629552957739,0.0886978330934429
7.8870625,0.672035497136478,0.671441310414626,0.671436562412664,0.0884942157469926
7.8945,0.671841160334464,0.671248506562738,0.671243827537312,0.0882912611248177
7.9019375,0.671647084781236,0.671055958522769,0.671051347495873,0.0880889664952145
7.909375,0.671453269606405,0.670863665448777,0.670859121455828,0.0878873291242144
7.9168125,0.671259713943171,0.67067162649829,0.670667148587834,0.0876863462902389
7.92425,0.671066416928285,0.670479840832251,0.670475428065904,0.0874860152851431
7.9316875,0.670873377702009,0.670288307614973,0.670283959067202,0.0872863334163476
7.939125,0.670680595407892,0.670097026013825,0.670092740772153,0.0870872980198723
7.9465625,0.670488069193212,0.669905995199853,0.669901772364433,0.0868889064331135
7.954,0.670295798208819,0.669715214347582,0.669711053030843,0.0866911560017725
7.9614375,0.670103781609049,0.669524682634891,0.669520581961481,0.0864940440849615
7.968875,0.669912018551704,0.669334399243001,0.669330358349564,0.0862975680550937
7.9763125,0.66972050819786,0.669144363356186,0.669140381391498,0.0861017253114937
7.98375,0.669529249712122,0.668954574162157,0.668950650286908,0.0859065132613468
7.9911875,0.669338242262667,0.668765030852132,0.668761164238486,0.0857119293162345
7.998625,0.669147485021091,0.66857573262062,0.668571922452167,0.0855179709005505
8.0060625,0.668956977162397,0.66838667866542,0.668382924136968,0.0853246354513892
8.0135,0.668766717864881,0.668197868187445,0.668194168505027,0.0851319204264733
8.0209375,0.668576706310159,0.668009300390763,0.668005654771664,0.0849398233024434
8.028375,0.668386941683407,0.667820974482979,0.667817382155214,0.084748341554608
8.0358125,0.668197423173162,0.667632889674935,0.667629349877192,0.0845574726706433
8.04325,0.668008149971305,0.667445045180699,0.667441557162164,0.0843672141506602
8.0506875,0.667819121273003,0.667257440217485,0.66725400323775,0.0841775635106012
8.058125,0.667630336276608,0.667070074005486,0.667066687334708,0.0839885182914113
8.0655625,0.66744179418396,0.666882945768363,0.666879608686764,0.0838000760319035
8.073,0.667253494200218,0.666696054732992,0.666692766530763,0.0836122342811052
8.0804375,0.667065435533822,0.666509400129414,0.666506160106561,0.0834249906003004
8.087875,0.666877617396469,0.666322981190805,0.666319788657009,0.0832383425637628
8.0953125,0.666690039002963,0.666136797153238,0.666133651428048,0.0830522877716788
8.10275,0.666502699571481,0.665950847256118,0.665947747668542,0.0828668238259445
8.1101875,0.666315598323488,0.665765130742054,0.66576207663041,0.0826819483352947
8.117625,0.666128734483667,0.66557964685676,0.665576637568548,0.0824976589203663
8.1250625,0.665942107279909,0.665394394849047,0.665391429740778,0.0823139532136086
8.1325,0.665755715943183,0.665209373970621,0.665206452407974,0.0821308288698974
8.1399375,0.665569559707682,0.665024583476313,0.665021704833882,0.0819482835537233
8.147375,0.665383637810863,0.664840022624171,0.66483718628524,0.0817663149319303
8.1548125,0.665197949493341,0.66465569067529,0.664652896031727,0.0815849206827757
8.16225,0.665012493998875,0.664471586893801,0.664468833345888,0.0814040984960185
8.1696875,0.664827270574296,0.664287710546764,0.66428499750327,0.0812238460784931
8.177125,0.66464227846951,0.664104060904151,0.664101387782248,0.0810441611553747
8.1845625,0.664457516937652,0.66392063723915,0.663918003464125,0.0808650414504175
8.192,0.664272985234957,0.663737438827944,0.663734843833109,0.0806864846977673
8.1994375,0.664088682620746,0.663554464949693,0.663551908176214,0.0805084886428498
8.206875,0.663904608357384,0.663371714886483,0.663369195783405,0.0803310510445243
8.2143125,0.663720761710209,0.663189187923193,0.663186705947432,0.0801541696842989
8.22175,0.663537141947719,0.663006883347837,0.663004437963911,0.0799778423421937
8.2291875,0.663353748341465,0.662824800451397,0.662822391131323,0.0798020668067556
8.236625,0.663170580166022,0.662642938527773,0.662640564750898,0.0796268408777223
8.2440625,0.66298763669897,0.662461296873767,0.662458958126764,0.0794521623657785
8.2515,0.662804917220796,0.662279874788909,0.662277570565797,0.0792780291043016
8.2589375,0.662622421015052,0.662098671575742,0.662096401377668,0.0791044389294893
8.266375,0.662440147368301,0.661917686539759,0.66191544987488,0.0789313896829347
8.2738125,0.662258095570073,0.661736918989314,0.661734715372628,0.0787588792167337
8.28125,0.662076264912847,0.661556368235618,0.661554197188951,0.0785869053932853
8.2886875,0.661894654691976,0.6613760335926,0.661373894644594,0.0784154660940173
8.296125,0.661713264205762,0.661195914377037,0.661193807063037,0.0782445592110381
8.3035625,0.661532092755485,0.661016009908648,0.661013933770549,0.0780741826371667
8.311,0.661351139645326,0.660836319509961,0.660834274096042,0.077904334275436
8.3184375,0.661170404182362,0.660656842506301,0.660654827371211,0.077735012039315
8.325875,0.66098988567652,0.660477578225719,0.660475592930422,0.0775662138565947
8.3333125,0.660809583440561,0.660298525998956,0.660296570110714,0.0773979376724965
8.34075,0.660629496790181,0.660119685159673,0.660117758251869,0.0772301814305321
8.3481875,0.660449625043925,0.659941055044292,0.659939156696268,0.0770629430834724
8.355625,0.660269967523174,0.659762634991974,0.659760764788863,0.0768962205939694
8.3630625,0.660090523552117,0.659584424344588,0.659582581877837,0.0767300119362213
8.3705,0.659911292457707,0.659406422446603,0.659404607312991,0.0765643151047879
8.3779375,0.659732273569758,0.659228628645329,0.659226840447653,0.0763991280936516
8.385375,0.659553466220889,0.659051042290804,0.659049280637624,0.0762344489037226
8.3928125,0.659374869746494,0.658873662735753,0.658871927240761,0.0760702755457698
8.40025,0.659196483484731,0.658696489335572,0.658694779617986,0.0759066060399549
8.4076875,0.659018306776464,0.658519521448207,0.658517837133074,0.0757434384268674
8.415125,0.658840338965341,0.658342758434337,0.658341099151796,0.0755807707503608
8.4225625,0.658662579397764,0.658166199657344,0.658164565042556,0.075418601058308
8.43,0.658485027422861,0.657989844483245,0.657988234176933,0.0752569274081738
8.4374375,0.658307682392462,0.657813692280679,0.657812105928572,0.0750957478660386
8.444875,0.658130543661071,0.657637742420818,0.657636179673364,0.0749350605149912
8.4523125,0.657953610585882,0.657461994277436,0.657460454790464,0.0747748634483791
8.45975,0.657776882526805,0.657286447226991,0.657284930661308,0.074615154759794
8.4671875,0.657600358846413,0.657111100648524,0.657109606669348,0.0744559325518201
8.474625,0.657424038909934,0.656935953923642,0.656934482201078,0.0742971949361237
8.4820625,0.657247922085227,0.65676100643648,0.656759556645623,0.0741389400368275
8.4895,0.657072007742761,0.65658625757365,0.656584829394026,0.0739811659942191
8.4969375,0.656896295255672,0.656411706724418,0.656410299839983,0.0738238709471872
8.504375,0.656720783999709,0.656237353280583,0.656235967380155,0.073667053042481
8.5118125,0.656545473353216,0.656063196636464,0.656061831413155,0.0735107104352872
8.51925,0.656370362697126,0.655889236188871,0.655887891339846,0.0733548412914731
8.5266875,0.656195451414921,0.655715471337026,0.655714146564225,0.0731994437946692
8.534125,0.656020738892687,0.655541901482728,0.655540596492402,0.0730445161287507
8.5415625,0.655846224519074,0.655368526030278,0.655367240532467,0.0728900564832324
8.549,0.655671907685277,0.655195344386443,0.655194078095518,0.0727360630562002
8.5564375,0.655497787785022,0.655022355960444,0.655021108595066,0.0725825340543329
8.563875,0.655323864214545,0.654849560163869,0.654848331446477,0.0724294677021842
8.5713125,0.655150136372611,0.65467695641079,0.654675746067778,0.0722768622276826
8.57875,0.654976603660503,0.654504544117752,0.654503351879755,0.0721247158624427
8.5861875,0.654803265482,0.654332322703717,0.654331148305039,0.0719730268461838
8.593625,0.654630121243355,0.654160291590052,0.654159134768526,0.0718217934264631
8.6010625,0.654457170353292,0.653988450200472,0.653987310698092,0.0716710138651377
8.6085,0.654284412222992,0.653816797961065,0.653815675523578,0.0715206864347007
8.6159375,0.654111846266112,0.65364533430037,0.653644228676783,0.0713708094070897
8.623375,0.653939471898746,0.653474058649291,0.653472969592452,0.071221381062414
8.6308125,0.65376728853942,0.65330297044109,0.653301897707545,0.0710723996886653
8.63825,0.653595295609075,0.653132069111352,0.653131012460825,0.0709238635844933
8.6456875,0.65342349253106,0.652961354097949,0.65296031329371,0.0707757710637358
8.653125,0.65325187873114,0.652790824841157,0.652789799650172,0.0706281204389869
8.6605625,0.653080453637473,0.652620480783579,0.652619470975938,0.0704809100293247
8.668,0.652909216680594,0.652450321370123,0.652449326719015,0.0703341381620204
8.6754375,0.65273816729341,0.652280346047993,0.652279366330221,0.0701878031725167
8.682875,0.652567304911179,0.652110554266611,0.652109589262207,0.0700419034132871
8.6903125,0.652396628971523,0.651940945477746,0.651939994969573,0.0698964372368494
8.69775,0.65222613891441,0.651771519135454,0.65177058290978,0.069751403000784
8.7051875,0.652055834182135,0.651602274696051,0.651601352542324,0.0696067990701765
8.712625,0.651885714219312,0.651433211618102,0.651432303328456,0.0694626238176843
8.7200625,0.651715778472862,0.651264329362362,0.651263434732075,0.069318875630997
8.7275,0.651546026392018,0.651095627391842,0.651094746219422,0.0691755529030003
8.7349375,0.651376457428303,0.650927105171815,0.650926237258423,0.0690326540280672
8.742375,0.651207071035527,0.650758762169766,0.650757907319293,0.0688901774085648
8.7498125,0.651037866669763,0.650590597855385,0.650589755874882,0.0687481214534991
8.75725,0.650868843789351,0.650422611700522,0.650421782399759,0.0686064845843104
8.7646875,0.650700001854886,0.650254803179199,0.650253986370437,0.0684652652329643
8.772125,0.650531340329208,0.65008717176767,0.650086367266277,0.0683244618302048
8.7795625,0.650362858677393,0.649919716944357,0.649918924568113,0.0681840728143257
8.787,0.650194556366735,0.649752438189836,0.649751657759215,0.0680440966302598
8.7944375,0.650026432866745,0.649585334986819,0.649584566324902,0.0679045317325766
8.801875,0.649858487649145,0.64941840682012,0.649417649752591,0.0677653765897901
8.8093125,0.64969072018785,0.649251653176736,0.649250907531799,0.0676266296690597
8.81675,0.649523129958965,0.649085073545795,0.649084339154128,0.0674882894434958
8.8241875,0.649355716440767,0.648918667418537,0.648917944113259,0.0673503543931586
8.831625,0.649188479113699,0.648752434288297,0.648751721904944,0.0672128230055247
8.8390625,0.649021417460372,0.648586373650465,0.648585672026998,0.0670756937828809
8.8465,0.648854530965545,0.648420485002552,0.648419793979294,0.0669389652289576
8.8539375,0.648687819116115,0.648254767844168,0.648254087263747,0.0668026358506379
8.861375,0.648521281401109,0.648089221676988,0.648088551384312,0.0666667041619551
8.8688125,0.648354917311672,0.647923846004744,0.647923185846968,0.0665311686837589
8.87625,0.648188726341067,0.647758640333185,0.647757990159715,0.0663960279497111
8.8836875,0.648022707984669,0.647593604170116,0.647592963832566,0.0662612804990026
8.891125,0.647856861739937,0.647428737025405,0.647428106377535,0.0661269248720009
8.8985625,0.647691187106418,0.64726403841094,0.64726341730863,0.0659929596160236
8.906,0.647525683585731,0.647099507840631,0.647098896141847,0.065859383284339
8.9134375,0.647360350681565,0.646935144830369,0.64693454239516,0.0657261944406962
8.920875,0.647195187899681,0.646770948898033,0.646770355588514,0.0655933916590801
8.9283125,0.647030194747879,0.646606919563532,0.646606335243815,0.0654609735126988
8.93575,0.646865370735998,0.646443056348757,0.646442480884922,0.0653289385807332
8.9431875,0.646700715375908,0.646279358777571,0.646278792037645,0.0651972854485816
8.950625,0.646536228181502,0.646115826375793,0.646115268229732,0.0650660127097691
8.9580625,0.646371908668703,0.64595245867117,0.645951908990864,0.0649351189707215
8.9655,0.646207756355429,0.645789255193436,0.645788713852641,0.0648046028371541
8.9729375,0.646043770761595,0.64562621547427,0.645625682348577,0.0646744629194451
8.980375,0.645879951409101,0.64546333904728,0.645462814014094,0.0645446978345232
8.9878125,0.645716297821824,0.645300625447995,0.645300108386509,0.0644153062055119
8.99525,0.64555280952563,0.64513807421383,0.645137565005031,0.0642862866689908
9.0026875,0.645389486048342,0.64497568488413,0.644975183410748,0.0641576378628939
9.010125,0.645226326919731,0.644813457000154,0.644812963146627,0.0640293584282858
9.0175625,0.645063331671512,0.644651390105049,0.644650903757497,0.0639014470125154
9.025,0.644900499837336,0.644489483743845,0.644489004790047,0.0637739022681272
9.0324375,0.644737830952793,0.64432773746342,0.644327265792818,0.063646722859878
9.039875,0.6445753245554,0.644166150812528,0.644165686316192,0.0635199074579873
9.0473125,0.644412980184573,0.644004723341801,0.644004265912391,0.0633934547332071
9.05475,0.644250797381631,0.643843454603724,0.643843004135465,0.0632673633621073
9.0621875,0.644088775689788,0.643682344152619,0.643681900541286,0.0631416320272971
9.069625,0.64392691465415,0.643521391544631,0.64352095468754,0.0630162594198902
9.0770625,0.643765213821715,0.643360596337721,0.643360166133714,0.0628912442410812
9.0845,0.64360367274134,0.643199958091696,0.643199534441096,0.0627665851909986
9.0919375,0.643442290963742,0.643039476368174,0.64303905917276,0.062642280975278
9.099375,0.643281068041489,0.642879150730575,0.642878739893566,0.0625183303047727
9.1068125,0.643120003529,0.642718980744109,0.642718576170145,0.0623947318977081
9.11425,0.64295909698255,0.642558965975751,0.642558567570898,0.0622714844840999
9.1216875,0.642798347960231,0.642399105994284,0.642398713665983,0.0621485867931648
9.129125,0.642637756021956,0.642239400370265,0.642239014027314,0.0620260375587378
9.1365625,0.642477320729447,0.642079848676017,0.642079468228546,0.0619038355197832
9.144,0.642317041646234,0.641920450485616,0.641920075845075,0.0617819794209717
9.1514375,0.642156918337665,0.641761205374866,0.641760836454025,0.0616604680191868
9.158875,0.641996950370873,0.641602112921328,0.64160174963425,0.0615393000729325
9.1663125,0.641837137314765,0.641443172704311,0.641442814966316,0.0614184743432666
9.17375,0.64167747874002,0.641284384304846,0.641284032032503,0.0612979895962873
9.1811875,0.641517974219085,0.641125747305684,0.641125400416787,0.0611778446037103
9.188625,0.64135862332618,0.64096726129127,0.640966919704841,0.0610580381471326
9.1960625,0.641199425637284,0.640808925847759,0.640808589484024,0.060938569014013
9.2035,0.641040380730105,0.640650740563017,0.640650409343374,0.0608194359918768
9.2109375,0.640881488184086,0.6404927050266,0.640492378873603,0.0607006378737562
9.218375,0.640722747580397,0.640334818829744,0.640334497667086,0.0605821734576795
9.2258125,0.640564158501939,0.640177081565353,0.640176765317859,0.0604640415491131
9.23325,0.640405720533343,0.640019492827988,0.640019181421607,0.0603462409633382
9.2406875,0.640247433260928,0.639862052213892,0.639861745575661,0.0602287705141924
9.248125,0.64008929627271,0.63970475932096,0.639704457378989,0.0601116290205539
9.2555625,0.639931309158397,0.639547613748733,0.639547316432189,0.0599948153062302
9.263,0.639773471509381,0.639390615098386,0.639390322337487,0.059878328201024
9.2704375,0.639615782918754,0.639233762972712,0.639233474698726,0.0597621665454406
9.277875,0.639458242981264,0.639077056976145,0.639076773121358,0.0596463291802296
9.2853125,0.639300851293313,0.638920496714742,0.63892021721244,0.0595308149491602
9.29275,0.639143607452958,0.638764081796169,0.638763806580622,0.0594156227009313
9.3001875,0.638986511059904,0.638607811829693,0.638607540836146,0.0593007512899479
9.307625,0.638829561715515,0.638451686426162,0.638451419590833,0.0591861995803855
9.3150625,0.638672759022785,0.638295705198029,0.638295442458084,0.0590719664390615
9.3225,0.638516102586322,0.638139867759331,0.638139609052864,0.0589580507345255
9.3299375,0.638359592012352,0.637984173725687,0.637983918991704,0.0588444513401232
9.337375,0.638203226908712,0.637828622714277,0.637828371892688,0.0587311671341073
9.3448125,0.638047006884854,0.637673214343837,0.637672967375451,0.0586181970026356
9.35225,0.637890931551844,0.637517948234659,0.637517705061169,0.0585055398390155
9.3596875,0.637735000522315,0.637362824008594,0.637362584572553,0.058393194535622
9.367125,0.637579213410483,0.637207841289036,0.637207605533848,0.058281159989515
9.3745625,0.637423569832142,0.637052999700911,0.63705276757082,0.0581694351027728
9.382,0.637268069404661,0.63689829887067,0.636898070310756,0.0580580187836466
9.3894375,0.637112711746993,0.636743738426277,0.636743513382447,0.0579469099496022
9.396875,0.636957496479625,0.636589317997226,0.636589096416191,0.0578361075171063
9.4043125,0.636802423224592,0.63643503721452,0.636434819043781,0.0577256104063562
9.41175,0.636647491605472,0.636280895710663,0.6362806808985,0.0576154175427446
9.4191875,0.636492701247375,0.636126893119651,0.636126681615116,0.0575055278562386
9.426625,0.636338051776969,0.635973029076959,0.635972820829872,0.0573959402869528
9.4340625,0.636183542822428,0.635819303219554,0.635819098180485,0.0572866537755345
9.4415,0.636029174013432,0.635665715185887,0.635665513306134,0.0571776672647406
9.4489375,0.635874944981173,0.635512264615873,0.635512065847458,0.0570689797024349
9.456375,0.635720855358341,0.63535895115089,0.635358755446548,0.0569605900404557
9.4638125,0.635566904779142,0.635205774433763,0.635205581746941,0.0568524972402118
9.47125,0.635413092879273,0.635052734108772,0.635052544393615,0.0567447002660204
9.4786875,0.635259419295893,0.634899829821649,0.634899643032984,0.0566371980829761
9.486125,0.635105883667641,0.634747061219563,0.63474687731289,0.056529989660592
9.4935625,0.634952485634623,0.634594427951112,0.634594246882597,0.056423073972911
9.501,0.634799224838419,0.634441929666313,0.634441751392781,0.0563164500010149
9.5084375,0.63464610092208,0.6342895660166,0.634289390495532,0.0562101167324469
9.515875,0.634493113530086,0.634137336654831,0.634137163844337,0.0561040731541729
9.5233125,0.634340262308359,0.633985241235269,0.633985071094084,0.0559983182572443
9.53075,0.63418754690426,0.633833279413574,0.633833111901051,0.0558928510370427
9.5381875,0.634034966966582,0.633681450846801,0.6336812859229,0.0557876704941895
9.545625,0.63388252214557,0.633529755193382,0.633529592818671,0.0556827756384326
9.5530625,0.633730212092862,0.633378192113147,0.63337803224878,0.0555781654780763
9.5605,0.633578036461509,0.633226761267298,0.633226603875007,0.0554738390253773
9.5679375,0.633425994905963,0.633075462318407,0.633075307360494,0.0553697952961674
9.575375,0.633274087082081,0.632924294930409,0.632924142369739,0.0552660333114074
9.5828125,0.633122312647134,0.632773258768587,0.632773108568594,0.0551625521006294
9.59025,0.632970671259771,0.632622353499587,0.632622205624252,0.055059350694231
9.5976875,0.632819162580009,0.632471578791403,0.632471433205246,0.0549564281244308
9.605125,0.632667786269244,0.632320934313367,0.63232079098144,0.0548537834278662
9.6125625,0.632516541990239,0.632170419736144,0.632170278624025,0.0547514156450379
9.62,0.632365429407137,0.632020034731721,0.632019895805509,0.0546493238245294
9.6274375,0.632214448185443,0.631869778973413,0.63186964219972,0.0545475070179879
9.634875,0.632063597991993,0.631719652135854,0.631719517481791,0.0544459642779715
9.6423125,0.63191287849497,0.631569653894991,0.63156952132816,0.0543446946607018
9.64975,0.631762289363896,0.631419783928074,0.631419653416561,0.0542436972264193
9.6571875,0.631611830269634,0.631270041913647,0.631269913426023,0.0541429710415153
9.664625,0.631461500884394,0.631120427531549,0.631120301036859,0.0540425151787538
9.6720625,0.631311300881683,0.630970940462912,0.630970815930663,0.0539423287103213
9.6795,0.631161229936325,0.630821580390152,0.630821457790306,0.0538424107118463
9.6869375,0.631011287724451,0.630672346996961,0.630672226299932,0.053742760262776
9.694375,0.630861473923501,0.630523239968297,0.630523121144948,0.0536433764474431
9.7018125,0.630711788212238,0.63037425899038,0.630374142012022,0.0535442583582846
9.70925,0.630562230270697,0.630225403750702,0.630225288589074,0.0534454050868494
9.7166875,0.630412799780194,0.630076673938006,0.630076560565272,0.0533468157275729
9.724125,0.63026349642333,0.629928069242282,0.629927957631028,0.0532484893792429
9.7315625,0.630114319883977,0.629779589354766,0.629779479477989,0.0531504251437553
9.739,0.629965269847305,0.629631233967924,0.629631125799034,0.0530526221317773
9.7464375,0.629816345999734,0.629483002775463,0.629482896288271,0.0529550794543976
9.753875,0.629667548028935,0.629334895472316,0.629334790641025,0.0528577962247256
9.7613125,0.629518875623833,0.629186911754638,0.62918680855384,0.0527607715596679
9.76875,0.629370328474596,0.629039051319803,0.629038949724469,0.0526640045793503
9.7761875,0.629221906272655,0.628891313866386,0.628891213851871,0.0525674944110932
9.783625,0.629073608710679,0.628743699094176,0.628743600636203,0.052471240185481
9.7910625,0.628925435482553,0.628596206704161,0.628596109778824,0.0523752410340306
9.7985,0.628777386283388,0.628448836398529,0.628448740982277,0.0522794960910566
9.8059375,0.628629460809512,0.628301587880653,0.628301493950296,0.0521840044946265
9.813375,0.62848165875848,0.628154460855088,0.628154368387791,0.052088765388425
9.8208125,0.628333979829072,0.628007455027571,0.628007364000845,0.0519937779220658
9.82825,0.628186423721251,0.627860570105015,0.627860480496714,0.0518990412443854
9.8356875,0.62803899013618,0.627713805795506,0.627713717583812,0.0518045545074619
9.843125,0.627891678776211,0.627567161808286,0.627567074971718,0.051710316867104
9.8505625,0.627744489344892,0.627420637853764,0.627420552371162,0.0516163274826065
9.858,0.627597421546974,0.627274233643491,0.627274149494021,0.0515225855215906
9.8654375,0.62745047508837,0.627127948890177,0.627127866053318,0.0514290901504122
9.872875,0.627303649676161,0.626981783307677,0.626981701763215,0.0513358405384245
9.8803125,0.627156945018592,0.62683573661098,0.626835656339008,0.0512428358581563
9.88775,0.627010360825074,0.62668980851621,0.626689729497119,0.0511500752857774
9.8951875,0.626863896806195,0.626543998740615,0.6265439209551,0.0510575580044748
9.902625,0.62671755267369,0.626398307002572,0.62639823043162,0.0509652831989893
9.9100625,0.626571328140426,0.626252733021579,0.62625265764608,0.0508732500549947
9.9175,0.626425222920415,0.626107276518246,0.626107202320426,0.0507814577618726
9.9249375,0.626279236728805,0.62596193721429,0.625961864175513,0.0506899055119137
9.932375,0.626133369281889,0.625816714832531,0.625816642935223,0.0505985925036256
9.9398125,0.625987620297095,0.625671609096889,0.625671538323321,0.0505075179394021
9.94725,0.625841989492956,0.625526619732383,0.625526550065149,0.0504166810211482
9.9546875,0.625696476589119,0.625381746465119,0.625381677887388,0.0503260809544992
9.962125,0.625551081306346,0.625236989022287,0.625236921516821,0.0502357169477996
9.9695625,0.62540580336651,0.625092347132156,0.625092280682964,0.050145588214523
9.977,0.625260642492607,0.62494782052407,0.624947755114144,0.0500556939736052
9.9844375,0.625115598408709,0.624803408928447,0.624803344542517,0.0499660334436047
9.991875,0.62497067083998,0.624659112076772,0.624659048698165,0.0498766058454558
9.9993125,0.62482585951267,0.624514929701586,0.624514867315579,0.0497874104038676
10.00675,0.624681164154112,0.624370861536488,0.624370800126918,0.0496984463465022
10.0141875,0.624536584492747,0.62422690731613,0.624226846868634,0.0496097129085049
10.021625,0.624392120258065,0.62408306677621,0.624083007275283,0.0495212093241992
10.0290625,0.624247771180624,0.623939339653471,0.623939281084955,0.0494329348304623
10.0365,0.624103536992043,0.623795725685694,0.623795668034834,0.0493448886669468
10.0439375,0.623959417425003,0.623652224611692,0.62365216786444,0.0492570700766137
10.051375,0.623815412213258,0.623508836171304,0.623508780313695,0.0491694783086638
10.0588125,0.623671521091605,0.623365560105396,0.623365505123464,0.0490821126142071
10.06625,0.623527743795876,0.623222396155857,0.6232223420364,0.0489949722446426
10.0736875,0.623384080062945,0.62307934406559,0.623079290794736,0.0489080564549438
10.081125,0.623240529630719,0.622936403578506,0.622936351143742,0.0488213645030156
10.0885625,0.623097092238151,0.622793574439524,0.622793522827157,0.0487348956515365
10.096,0.622953767625229,0.622650856394562,0.622650805592639,0.0486486491675819
10.1034375,0.622810555532944,0.622508249190542,0.622508199185679,0.0485626243178272
10.110875,0.622667455703308,0.622365752575378,0.622365703355998,0.0484768203715014
10.1183125,0.622524467879343,0.62222336629797,0.622223317851165,0.0483912366010308
10.12575,0.622381591805086,0.622081090108203,0.622081042422607,0.0483058722827057
10.1331875,0.622238827225598,0.621938923756939,0.62193887682025,0.0482207266988777
10.140625,0.622096173886923,0.621796866996024,0.621796820796963,0.0481357991307441
10.1480625,0.621953631536094,0.621654919578271,0.621654874105203,0.0480510888622332
10.1555,0.621811199921136,0.621513081257461,0.621513036499129,0.0479665951796937
10.1629375,0.621668878791065,0.621371351788337,0.621371307733793,0.0478823173730714
10.170375,0.621526667895899,0.621229730926598,0.621229687564602,0.0477982547388178
10.1778125,0.621384566986621,0.621088218428904,0.621088175749152,0.0477144065728963
10.18525,0.62124257581518,0.620946814052864,0.62094677204417,0.0476307721729796
10.1926875,0.621100694134496,0.62080551755703,0.620805476209642,0.0475473508398716
10.200125,0.620958921698454,0.6206643287009,0.620664288003786,0.0474641418769517
10.2075625,0.620817258261916,0.620523247244904,0.620523207188723,0.0473811445933281
10.215,0.6206757035807,0.620382272950409,0.620382233524431,0.0472983583001296
10.2224375,0.620534257411562,0.620241405579717,0.620241366774839,0.0472157823085073
10.229875,0.620392919512211,0.620100644896048,0.620100606701989,0.0471334159330983
10.2373125,0.620251689641295,0.619959990663548,0.619959953071298,0.0470512584908933
10.24475,0.620110567558413,0.619819442647277,0.619819405647108,0.0469693093028134
10.2521875,0.619969553024113,0.619679000613208,0.619678964196114,0.0468875676950198
10.259625,0.619828645799854,0.61953866432823,0.61953862848508,0.046806032991964
10.2670625,0.619687845648024,0.619398433560132,0.619398398281878,0.0467247045215613
10.2745,0.619547152331936,0.619258308077606,0.619258273355708,0.0466435816139255
10.2819375,0.619406565615822,0.61911828765024,0.619118253475625,0.0465626636027672
10.289375,0.619266085264851,0.618978372048514,0.618978338413184,0.0464819498272151
10.2968125,0.619125711045088,0.618838561043803,0.618838527938718,0.0464014396258428
10.30425,0.618985442723496,0.618698854408365,0.618698821825955,0.0463211323390667
10.3116875,0.618845280067948,0.618559251915341,0.618559219846714,0.0462410273100788
10.319125,0.618705222847214,0.618419753338746,0.618419721776614,0.0461611238850246
10.3265625,0.618565270830979,0.61828035845347,0.618280327389245,0.0460814214155558
10.334,0.618425423789809,0.618141067035276,0.618141036461794,0.0460019192538352
10.3414375,0.618285681495151,0.618001878860795,0.618001848769893,0.0459226167530469
10.348875,0.618146043719333,0.617862793707515,0.617862764092034,0.0458435132690616
10.3563125,0.618006510235566,0.617723811353787,0.61772378220607,0.0457646081603924
10.36375,0.61786708081795,0.617584931578813,0.617584902891641,0.0456859007902599
10.3711875,0.617727755241456,0.617446154162649,0.617446125928898,0.0456073905243715
10.378625,0.617588533281913,0.6173074788862,0.617307451098568,0.0455290767284566
10.3860625,0.617449414716012,0.617168905531213,0.617168878183085,0.0454509587707541
10.3935,0.617310399321306,0.617030433880275,0.617030406964301,0.0453730360219895
10.4009375,0.617171486876213,0.616892063716808,0.616892037226812,0.0452953078567297
10.408375,0.617032677160012,0.616753794825068,0.616753768753733,0.0452177736535608
10.4158125,0.61689396995282,0.61661562699014,0.616615601331612,0.0451404327908245
10.42325,0.616755365035595,0.616477559997937,0.616477534745052,0.045063284648772
10.4306875,0.616616862190136,0.61633959363519,0.616339568782266,0.0449863286100083
10.438125,0.616478461199087,0.616201727689449,0.616201703229626,0.0449095640603581
10.4455625,0.616340161845939,0.616063961949077,0.616063937876707,0.0448329903908418
10.453,0.616201963915004,0.615926296203253,0.615926272511883,0.0447566069918803
10.4604375,0.616063867191413,0.615788730241959,0.615788706925878,0.0446804132556711
10.467875,0.615925871461122,0.615651263855984,0.615651240909202,0.0446044085766983
10.4753125,0.615787976510906,0.615513896836913,0.615513874253613,0.0445285923520888
10.48275,0.615650182128376,0.615376628977131,0.615376606751797,0.0444529639839653
10.4901875,0.615512488101946,0.615239460069816,0.615239438196526,0.0443775228752941
10.497625,0.61537489422083,0.615102389908935,0.615102368382606,0.0443022684297079
10.5050625,0.61523740027505,0.614965418289245,0.614965397103899,0.0442272000533039
10.5125,0.615100006055426,0.614828545006279,0.614828524157181,0.0441523171544
10.5199375,0.614962711353594,0.614691769856355,0.614691749337569,0.0440776191460435
10.527375,0.614825515961981,0.614555092636562,0.614555072443577,0.0440031054431245
10.5348125,0.614688419673799,0.61441851314477,0.614418493271824,0.0439287754607998
10.54225,0.614551422283042,0.614282031179611,0.614282011622267,0.0438546286163577
10.5496875,0.614414523584491,0.614145646540485,0.614145627293288,0.0437806643294181
10.557125,0.614277723373715,0.614009359027555,0.61400934008603,0.043706882022998
10.5645625,0.614141021447072,0.61387316844174,0.613873149800819,0.0436332811241114
10.572,0.614004417601677,0.613737074584721,0.61373705623982,0.0435598610589061
10.5794375,0.613867911635418,0.613601077258927,0.613601059205399,0.043486621256017
10.586875,0.613731503346945,0.613465176267538,0.613465158500666,0.0434135611457664
10.5943125,0.613595192535679,0.613329371414477,0.613329353930028,0.0433406801615188
10.60175,0.613458979001816,0.613193662504412,0.61319364529756,0.0432679777413014
10.6091875,0.613322862546296,0.613058049342751,0.613058032409623,0.0431954533226975
10.616625,0.61318684297081,0.612922531735639,0.612922515071358,0.0431231063447113
10.6240625,0.613050920077799,0.612787109489951,0.612787093090908,0.0430509362489451
10.6315,0.61291509367045,0.612651782413292,0.612651766274672,0.042978942478622
10.6389375,0.612779363552711,0.612516550313994,0.612516534432324,0.0429071244821833
10.646375,0.612643729529265,0.612381413001113,0.612381397371772,0.0428354817084253
10.6538125,0.612508191405524,0.612246370284426,0.612246354903942,0.0427640136071439
10.66125,0.612372748987633,0.612111421974427,0.61211140683848,0.0426927196299554
10.6686875,0.612237402082471,0.611976567882321,0.611976552987347,0.0426215992309187
10.676125,0.61210215049765,0.611841807820023,0.611841793162071,0.0425506518678231
10.6835625,0.611966994041516,0.61170714160016,0.611707127175527,0.0424798770005896
10.691,0.611831932523121,0.611572569036061,0.611572554841176,0.0424092740895832
10.6984375,0.611696965752236,0.61143808994176,0.611438075972771,0.042338842596612
10.705875,0.611562093539346,0.611303704131982,0.611303690385679,0.0422685819858604
10.7133125,0.611427315695653,0.611169411422153,0.611169397894577,0.0421984917242213
10.72075,0.611292632033082,0.611035211628388,0.61103519831662,0.042128571282829
10.7281875,0.611158042364248,0.610901104567494,0.610901091467545,0.042058820131885
10.735625,0.611023546502467,0.610767090056963,0.610767077166099,0.0419892377436337
10.7430625,0.610889144261756,0.610633167914971,0.610633155229288,0.0419198235921181
10.7505,0.610754835456826,0.610499337960371,0.610499325477194,0.0418505771535571
10.7579375,0.610620619903103,0.610365600012696,0.610365587728335,0.0417814979090547
10.765375,0.610486497416686,0.610231953892152,0.610231941803874,0.0417125853392708
10.7728125,0.610352467814363,0.610098399419618,0.610098387524031,0.0416438389259977
10.78025,0.6102185309136,0.609964936416641,0.609964924710881,0.0415752581532036
10.7876875,0.610084686532549,0.60983156470543,0.609831553186447,0.0415068425066778
10.795125,0.609950934490051,0.60969828410886,0.609698272773634,0.0414385914766058
10.8025625,0.609817274605622,0.609565094450463,0.609565083296288,0.0413705045539947
10.81,0.609683706699439,0.609431995554432,0.609431984578139,0.041302581230207
10.8174375,0.60955023059235,0.60929898724561,0.609298976444796,0.0412348209991142
10.824875,0.609416846105867,0.609166069349491,0.609166058720892,0.0411672233556093
10.8323125,0.609283553062177,0.609033241692219,0.60903323123366,0.0410997877984931
10.83975,0.609150351284132,0.608900504100581,0.608900493808792,0.0410325138293199
10.8471875,0.609017240595231,0.608767856402008,0.608767846274929,0.0409654009488891
10.854625,0.608884220819625,0.608635298424572,0.608635288459047,0.0408984486599318
10.8620625,0.608751291782117,0.608502829996979,0.608502820190941,0.0408316564671996
10.8695,0.608618453308166,0.608370450948571,0.608370441299088,0.0407650238779089
10.8769375,0.608485705223887,0.608238161109318,0.608238151614223,0.040698550403051
10.884375,0.608353047356029,0.608105960309822,0.608105950966476,0.040632235553284
10.8918125,0.608220479531973,0.607973848381312,0.60797383918739,0.0405660788401541
10.89925,0.608088001579746,0.607841825155636,0.607841816108816,0.0405000797776944
10.9066875,0.607955613328005,0.607709890465263,0.607709881563057,0.0404342378818034
10.914125,0.607823314606056,0.607578044143281,0.607578035383671,0.0403685526722208
10.9215625,0.607691105243826,0.607446286023393,0.60744627740375,0.0403030236691082
10.929,0.607558985071864,0.607314615939915,0.607314607458473,0.0402376503932711
10.9364375,0.607426953921341,0.607183033727769,0.607183025381822,0.0401724323676023
10.943875,0.607295011624049,0.607051539222487,0.607051531010436,0.0401073691162379
10.9513125,0.607163158012414,0.606920132260203,0.606920124179367,0.0400424601678662
10.95875,0.607031392919474,0.606788812677655,0.606788804726484,0.039977705051597
10.9661875,0.606899716178871,0.606657580312179,0.606657572488133,0.0399131032973843
10.973625,0.606768127624857,0.606526435001707,0.606526427303178,0.0398486544364696
10.9810625,0.606636627092294,0.606395376584764,0.606395369009444,0.0397843580022927
10.9885,0.606505214416653,0.606264404900466,0.606264397446615,0.0397202135307584
10.9959375,0.606373889434019,0.606133519788519,0.606133512454109,0.0396562205607465
11.003375,0.60624265198106,0.606002721089214,0.606002713872337,0.0395923786306485
11.0108125,0.606111501895044,0.605872008643428,0.605872001542346,0.0395286872803879
11.01825,0.605980439013833,0.605741382292615,0.605741375305254,0.0394651460517537
11.0256875,0.605849463175882,0.605610841878808,0.605610835003697,0.0394017544886216
11.033125,0.605718574220249,0.605480387244617,0.605480380479557,0.0393385121384204
11.0405625,0.605587771986571,0.605350018233226,0.605350011576947,0.0392754185485122
11.048,0.60545705631506,0.605219734688388,0.60521972813864,0.039212473267014
11.0554375,0.605326427046515,0.605089536454427,0.605089530010046,0.0391496758439525
11.062875,0.605195884022312,0.604959423376228,0.604959417035021,0.0390870258312637
11.0703125,0.60506542708442,0.604829395299243,0.604829389060044,0.0390245227847696
11.07775,0.604935056075372,0.604699452069484,0.604699445930263,0.0389621662600037
11.0851875,0.60480477083827,0.604569593533522,0.604569587493014,0.038899955813676
11.092625,0.604674571216781,0.604439819538485,0.604439813594892,0.0388378910037845
11.1000625,0.604544457055142,0.604310129932051,0.604310124083954,0.0387759713902813
11.1075,0.604414428198165,0.604180524562451,0.604180518808321,0.0387141965363824
11.1149375,0.604284484491222,0.604051003278467,0.604050997616711,0.0386525660065695
11.122375,0.604154625780236,0.603921565929424,0.603921560358777,0.0385910793651911
11.1298125,0.604024851911687,0.603792212365194,0.603792206883905,0.0385297361788828
11.13725,0.603895162732608,0.603662942436188,0.603662937043217,0.0384685360149239
11.1446875,0.603765558090592,0.603533755993356,0.603533750686849,0.0384074784439692
11.152125,0.603636037833787,0.603404652888188,0.603404647667258,0.0383465630389823
11.1595625,0.60350660181088,0.603275632972706,0.603275627835478,0.0382857893723498
11.167,0.6033772498711,0.603146696099466,0.603146691045104,0.038225157018057
11.1744375,0.603247981864217,0.603017842121553,0.603017837148271,0.0381646655519541
11.181875,0.603118797640546,0.602889070892578,0.60288906599949,0.0381043145512683
11.1893125,0.602989697050951,0.60276038226668,0.602760377452179,0.0380441035970236
11.19675,0.602860679946821,0.602631776098519,0.602631771361592,0.0379840322697556
11.2041875,0.602731746180074,0.602503252243279,0.60250324758255,0.0379241001511543
11.211625,0.602602895603161,0.602374810556659,0.602374805970948,0.0378643068242424
11.2190625,0.602474128069059,0.602246450894876,0.602246446383058,0.0378046518738406
11.2265,0.602345443431288,0.602118173114658,0.602118168675384,0.0377451348884561
11.2339375,0.602216841543881,0.60198997707325,0.60198997270563,0.0376857554563736
11.241375,0.602088322261391,0.601861862628403,0.601861858330943,0.037626513166833
11.2488125,0.601959885438886,0.601733829638375,0.601733825410372,0.0375674076105614
11.25625,0.601831530931955,0.601605877961933,0.601605873801812,0.0375084383794411
11.2636875,0.601703258596708,0.60147800745834,0.601478003365504,0.0374496050686179
11.271125,0.601575068289771,0.601350217987366,0.601350213960255,0.0373909072748368
11.2785625,0.60144695986827,0.601222509409279,0.601222505447294,0.0373323445943985
11.286,0.601318933189841,0.60109488158484,0.601094877686539,0.0372739166253355
11.2934375,0.601190988112621,0.600967334375305,0.600967330540004,0.0372156229669462
11.300875,0.601063124495262,0.600839867642425,0.600839863868869,0.0371574632210603
11.3083125,0.60093534219692,0.600712481248438,0.600712477535796,0.0370994369916833
11.31575,0.600807641077243,0.600585175056071,0.600585171403315,0.0370415438827987
11.3231875,0.600680020996374,0.600457948928538,0.600457945334664,0.0369837834993891
11.330625,0.600552481814953,0.600330802729533,0.600330799193747,0.0369261554482136
11.3380625,0.600425023394109,0.600203736323234,0.600203732844371,0.0368686593372525
11.3455,0.60029764559548,0.600076749574298,0.600076746151767,0.0368112947782606
11.3529375,0.60017034828118,0.599949842347861,0.599949838980373,0.0367540613821049
11.360375,0.600043131313805,0.599823014509531,0.59982301119664,0.0366969587610511
11.3678125,0.59991599455644,0.599696265925392,0.59969626266576,0.0366399865286082
11.37525,0.599788937872647,0.599569596461997,0.599569593255234,0.036583144299529
11.3826875,0.599661961126484,0.599443005986368,0.599443002831185,0.0365264316922298
11.390125,0.599535064182479,0.599316494365997,0.599316491261965,0.0364698483250603
11.3975625,0.599408246905632,0.599190061468838,0.599190058414804,0.0364133938169253
11.405,0.599281509161418,0.59906370716331,0.59906370415873,0.0363570677882841
11.4124375,0.599154850815783,0.598937431318292,0.598937428362205,0.0363008698608169
11.419875,0.599028271735146,0.59881123380312,0.598811230894827,0.0362447996588022
11.4273125,0.598901771786405,0.598685114487591,0.598685111626349,0.0361888568080948
11.43475,0.598775350836907,0.598559073241957,0.598559070426893,0.0361330409343719
11.4421875,0.598649008754468,0.598433109936918,0.598433107167502,0.0360773516647761
11.449625,0.598522745407364,0.59830722444363,0.598307221718842,0.0360217886277603
11.4570625,0.598396560664331,0.598181416633696,0.598181413953177,0.0359663514532427
11.4645,0.598270454394576,0.598055686379167,0.598055683741799,0.0359110397743834
11.4719375,0.59814442646775,0.597930033552538,0.597930030958067,0.0358558532238318
11.479375,0.598018476753957,0.597804458026752,0.597804455474038,0.0358007914347258
11.4868125,0.597892605123753,0.597678959675185,0.59767895716399,0.0357458540424904
11.49425,0.597766811448144,0.597553538371661,0.597553535900924,0.0356910406830613
11.5016875,0.597641095598594,0.597428193990434,0.597428191559843,0.0356363509960378
11.509125,0.597515457447009,0.597302926406201,0.597302924014848,0.0355817846207529
11.5165625,0.597389896865732,0.597177735494089,0.597177733141525,0.0355273411971613
11.524,0.597264413727549,0.597052621129658,0.597052618815169,0.0354730203664166
11.5314375,0.597139007905689,0.596927583188894,0.596927580911871,0.0354188217714935
11.538875,0.597013679273823,0.596802621548218,0.596802619308152,0.0353647450572092
11.5463125,0.596888427706063,0.596677736084473,0.596677733880591,0.0353107898701133
11.55375,0.596763253076946,0.596552926674928,0.59655292450691,0.0352569558562887
11.5611875,0.596638155261439,0.596428193197276,0.596428191064215,0.0352032426632398
11.568625,0.596513134134946,0.596303535529627,0.596303533431343,0.0351496499400028
11.5760625,0.596388189573299,0.596178953550513,0.596178951486031,0.0350961773372571
11.5835,0.596263321452766,0.596054447138882,0.596054445108085,0.0350428245082135
11.5909375,0.596138529650031,0.595930016174099,0.595930014176026,0.0349895911051279
11.598375,0.596013814042199,0.595805660535942,0.595805658570451,0.0349364767816995
11.6058125,0.595889174506798,0.5956813801046,0.595681378170832,0.0348834811929155
11.61325,0.595764610921779,0.595557174760672,0.595557172858387,0.0348306039952506
11.6206875,0.595640123165517,0.595433044385166,0.595433042513667,0.034777844848044
11.628125,0.595515711116798,0.595308988859499,0.595308987018397,0.0347252034099244
11.6355625,0.595391374654818,0.595185008065488,0.595185006254277,0.0346726793405638
11.643,0.595267113659186,0.595061101885357,0.595061100103486,0.0346202723007893
11.6504375,0.595142928009924,0.594937270201727,0.594937268448881,0.0345679819531819
11.657875,0.595018817587471,0.594813512897625,0.594813511173102,0.0345158079624985
11.6653125,0.59489478227267,0.594689829856468,0.594689828160117,0.0344637499939404
11.67275,0.59477082194676,0.594566220962078,0.594566219293086,0.0344118077126865
11.6801875,0.594646936491392,0.594442686098665,0.594442684456984,0.0343599807860251
11.687625,0.594523125788612,0.594319225150833,0.594319223535611,0.0343082688814889
11.6950625,0.594399389720878,0.594195838003577,0.594195836414792,0.0342566716698745
11.7025,0.594275728171045,0.594072524542283,0.594072522979131,0.0342051888224004
11.7099375,0.594152141022357,0.593949284652725,0.593949283115124,0.0341538200101299
11.717375,0.594028628158456,0.593826118221061,0.593826116708326,0.0341025649059468
11.7248125,0.593905189463374,0.593703025133833,0.593703023645766,0.0340514231833788
11.73225,0.593781824821543,0.593580005277968,0.59358000381405,0.0340003945180634
11.7396875,0.593658534117786,0.593457058540772,0.593457057100652,0.0339494785873695
11.747125,0.593535317237312,0.593334184809932,0.593334183393276,0.0338986750686221
11.7545625,0.593412174065709,0.593211383973513,0.593211382579812,0.0338479836395678
11.762,0.593289104488955,0.593088655919955,0.593088654549046,0.0337974039798405
11.7694375,0.593166108393412,0.592966000538072,0.592965999189313,0.0337469357700737
11.776875,0.593043185665832,0.592843417717051,0.592843416390416,0.0336965786936094
11.7843125,0.59292033619334,0.592720907346454,0.592720906041213,0.0336463324331682
11.79175,0.592797559863438,0.592598469316208,0.592598468032406,0.0335961966724474
11.7991875,0.592674856564002,0.592476103516611,0.59247610225351,0.0335461710962992
11.806625,0.592552226183286,0.592353809838326,0.59235380859596,0.0334962553905749
11.8140625,0.592429668609927,0.592231588172383,0.592231586950086,0.0334464492438125
11.8215,0.592307183732927,0.592109438410172,0.592109437207897,0.0333967523447276
11.8289375,0.592184771441659,0.591987360443449,0.591987359260663,0.0333471643824135
11.836375,0.592062431625861,0.591865354164329,0.59186535300085,0.033297685047029
11.8438125,0.591940164175637,0.591743419465281,0.591743418320748,0.0332483140299544
11.85125,0.591817968981467,0.59162155623914,0.591621555113217,0.0331990510244129
11.8586875,0.591695845934195,0.59149976437909,0.591499763271586,0.0331498957249821
11.866125,0.591573794925019,0.591378043778671,0.591378042689106,0.0331008478261952
11.8735625,0.5914518158455,0.591256394331776,0.591256393260111,0.0330519070233182
11.881,0.591329908587558,0.591134815932652,0.591134814878289,0.0330030730127051
11.8884375,0.591208073043473,0.591013308475889,0.591013307438897,0.032954345492997
11.895875,0.591086309105889,0.590891871856429,0.590891870836155,0.0329057241639674
11.9033125,0.590964616667797,0.590770505969562,0.59077050496611,0.0328572087253898
11.91075,0.590842995622539,0.590649210710923,0.590649209723657,0.0328087988777925
11.9181875,0.590721445863809,0.590527985976488,0.590527985005473,0.0327604943229698
11.925625,0.590599967285655,0.590406831662576,0.590406830707272,0.0327122947638037
11.9330625,0.59047855978248,0.590285747665848,0.590285746726217,0.0326641999056188
11.9405,0.590357223249027,0.590164733883303,0.590164732958948,0.0326162094534288
11.9479375,0.590235957580385,0.59004379021228,0.590043789303022,0.0325683231130913
11.955375,0.590114762671986,0.589922916550453,0.589922915656058,0.0325205405910189
11.9628125,0.589993638419605,0.58980211279583,0.589802111915971,0.0324728615953784
11.97025,0.589872584719366,0.589681378846753,0.589681377981356,0.0324252858359575
11.9776875,0.58975160146773,0.589560714601897,0.589560713750502,0.0323778130233432
11.985125,0.589630688561494,0.589440119960268,0.589440119122931,0.0323304428682336
11.9925625,0.589509845897791,0.589319594821202,0.589319593997367,0.0322831750820374
12,0.589389073374087,0.589199139084358,0.58919913827416,0.0322360093777174
