r,vc_total,vc_total_sphere,vc_total_unchanged_field,disk_minus_sphere_percent
0.1,0.0581239121566345,0.0580194819336753,0.0577210435330844,0.179991650181677
0.1074375,0.0624288309220113,0.0623166888302821,0.0620045538923958,0.179955151395528
0.114875,0.0667326262066958,0.0666127760765092,0.0662860248030693,0.179920635718478
0.1223125,0.0710347318140345,0.0709071787898686,0.0705653159713399,0.179887320780114
0.12975,0.0753347259083313,0.0751994761602474,0.074842287281659,0.17985464126864
0.1371875,0.0796322816386575,0.0794893421702012,0.0791167988081109,0.179822180626665
0.144625,0.0839273352140833,0.0837767133741155,0.0833887108258085,0.17978962637879
0.1520625,0.0882200802592545,0.0880617832682912,0.0876578838222619,0.179756740197945
0.1595,0.0925101917897049,0.0923442276611533,0.0919241785087237,0.179723338161053
0.1669375,0.0967973757890855,0.0966237532659756,0.0961874558315076,0.179689276436967
0.174375,0.101081381063464,0.100900109535454,0.100447576983276,0.179654441252941
0.1818125,0.105362039600932,0.105173128950269,0.1047044034143,0.17961874154413
0.18925,0.109639465678399,0.109442925770609,0.108957796843692,0.179582103097164
0.1966875,0.113913461367587,0.113709302607353,0.113207619270596,0.179544466066228
0.204125,0.118183789743289,0.117972023141207,0.117453732985356,0.179505781492217
0.2115625,0.122450237044636,0.122230874173092,0.121696000580638,0.179466008918361
0.219,0.126712614540419,0.126485667486513,0.125934284962528,0.179425114652143
0.2264375,0.130970937573278,0.130736418572447,0.130168449361582,0.179383069684769
0.233875,0.135225088062135,0.134983009734975,0.134398357343839,0.179339849982241
0.2413125,0.139474860500838,0.139225236007545,0.138623872821797,0.179295435548443
0.24875,0.143720063456929,0.143462906470569,0.142844860065349,0.1792498093663
0.2561875,0.147960516927781,0.147695841612417,0.147061183712664,0.179202956884073
0.263625,0.152196147975355,0.151923968794038,0.151272708781042,0.179154865079645
0.2710625,0.15642689290366,0.156147224600981,0.155479300677704,0.17910552262097
0.2785,0.160652566341349,0.160365424158923,0.159680825210551,0.179054920305677
0.2859375,0.164872991891809,0.164578391551057,0.163877148598865,0.17900305014289
0.293375,0.169088000955436,0.168785958642508,0.168068137483965,0.178949905168091
0.3008125,0.173297470359758,0.17298800264373,0.17225365893981,0.17889547905019
0.30825,0.177501352221925,0.177184475920191,0.176433580483548,0.178839765779948
0.3156875,0.18169948334862,0.181375215730633,0.18060777008602,0.178782760743545
0.323125,0.185891698427961,0.185560057217859,0.184776096182195,0.178724459926549
0.3305625,0.19007783778577,0.189738841151267,0.188938427681566,0.178664859786015
0.338,0.194257758190573,0.193911424712745,0.193094633978473,0.178603957111667
0.3454375,0.198431400969272,0.198077749491889,0.197244584962377,0.178541748525896
0.352875,0.202598627510391,0.202237677280471,0.201388151028073,0.178478231541357
0.3603125,0.206759281288558,0.206391051986973,0.205525203085838,0.178413404088995
0.36775,0.210913210058724,0.210537721791521,0.209655612571521,0.178347264332657
0.3751875,0.215060266670325,0.214677539958614,0.213779251456569,0.178279810633564
0.382625,0.219200370034119,0.218810425696394,0.217895992257984,0.178211041125675
0.3900625,0.223333405888863,0.22293626509856,0.222005708048219,0.178140954378891
0.3975,0.227459225098992,0.227054909444935,0.226108272465005,0.178069549363657
0.4049375,0.231577681918924,0.231166213398203,0.230203559721111,0.177996825172855
0.412375,0.235688633657406,0.235270034668842,0.234291444614032,0.177922781008788
0.4198125,0.23979197381143,0.239366267090704,0.238371802535606,0.177847415970511
0.42725,0.243887609789542,0.243454818383598,0.242444509481563,0.177770729212878
0.4346875,0.247975399454481,0.247535546807632,0.246509442061,0.177692720306855
0.442125,0.25205520297729,0.251608312925965,0.250566477505773,0.177613388893505
0.4495625,0.256126883080957,0.255672979848005,0.254615493679832,0.177532734675978
0.457,0.260190318776389,0.259729426941238,0.258656369088461,0.177450757343567
0.4644375,0.264245425771446,0.263777570204375,0.262688982887449,0.177367456493283
0.471875,0.268292072315693,0.267817278260066,0.266713214892182,0.177282832053383
0.4793125,0.272330124135129,0.27184841721058,0.270728945586655,0.177196884017805
0.48675,0.276359449154319,0.275870855351634,0.274736056132402,0.177109612417259
0.4941875,0.280379921372678,0.279884467041846,0.278734428377345,0.177021017303369
0.501625,0.284391454617736,0.283889166396678,0.282723944864556,0.176931098651423
0.5090625,0.28839393005097,0.287884834921633,0.286704488840942,0.176839856630795
0.5165,0.292387218736794,0.291871344041585,0.290675944265841,0.17674729148327
0.5239375,0.296371193685245,0.295848567122291,0.294638195819524,0.176653403474969
0.531375,0.300345730024236,0.299816379642336,0.298591128911631,0.176558192895171
0.5388125,0.304310733793719,0.303774687936626,0.30253462968949,0.176461660032801
0.54625,0.30826610034013,0.307723387663956,0.306468585046371,0.176363805264979
0.5536875,0.312211705946775,0.311662355452127,0.31039288262964,0.176264629024847
0.561125,0.316147428659004,0.315591469686511,0.314307410848812,0.176164131763734
0.5685625,0.320073148201801,0.319510610427764,0.318212058883535,0.176062313950887
0.576,0.323988761186024,0.323419674591253,0.322106716691459,0.175959176104556
0.5834375,0.3278941760374,0.327318570884892,0.325991275016018,0.175854718829904
0.590875,0.331789274754285,0.331207181634346,0.329865625394123,0.175748942721055
0.5983125,0.335673940412088,0.335085390238993,0.333729660163748,0.175641848388497
0.60575,0.339548057650776,0.338953081658561,0.337583272471428,0.175533436457687
0.6131875,0.343411518948336,0.342810148675482,0.341426356279657,0.175423707605371
0.620625,0.347264238962912,0.346656506211527,0.345258806374178,0.175312662677873
0.6280625,0.351106107721742,0.350492044599601,0.349080518371192,0.175200302432721
0.6355,0.354937013355057,0.354316652277466,0.352891388724448,0.175086627626442
0.6429375,0.358756845472245,0.358130219157923,0.356691314732238,0.174971639029997
0.650375,0.362565496782034,0.3619326382461,0.360480194544298,0.174855337446367
0.6578125,0.366362883023898,0.365723825535268,0.364257927168594,0.174737723935436
0.66525,0.370148903953243,0.369503681061438,0.368024412478007,0.174618799453086
0.6726875,0.373923452799193,0.373272098344424,0.371779551216923,0.174498564896131
0.680125,0.377686424206214,0.377028972315314,0.375523245007699,0.174377021177707
0.6875625,0.38143771424077,0.380774199323105,0.379255396357044,0.174254169228005
0.695,0.385177236293398,0.384507693008148,0.38297590866228,0.17413001025075
0.7024375,0.388904900951279,0.388229364210738,0.386684686217493,0.174004545460971
0.709875,0.39262060659792,0.391939111587815,0.390381634219589,0.173877775898368
0.7173125,0.396324252984123,0.395636835159582,0.394066658774226,0.173749702618897
0.72475,0.400015741200599,0.39932243628215,0.397739666901648,0.173620326697477
0.7321875,0.403694981800236,0.402995825755016,0.401400566542404,0.173489649405156
0.739625,0.4073618951384,0.406656924160559,0.405049266562951,0.173357672268004
0.7470625,0.411016385404167,0.410305635942571,0.408685676761154,0.17322439648273
0.7545,0.414658357527197,0.413941866282475,0.412309707871672,0.173089823253925
0.7619375,0.418287717745905,0.417565521666459,0.415921271571224,0.1729539538043
0.769375,0.421904376857908,0.421176513129907,0.419520280483752,0.172816789472052
0.7768125,0.42550826088519,0.424774766902726,0.423106648185461,0.172678332051568
0.78425,0.429099281399754,0.428360194789725,0.426680289209749,0.172538582953918
0.7916875,0.432677348580497,0.431932707203548,0.430241119052025,0.172397543536418
0.799125,0.436242373890996,0.435492215837525,0.433789054174402,0.172255215177275
0.8065625,0.439794270806065,0.439038634390851,0.437324012010282,0.172111599304436
0.814,0.44333296792696,0.442571891659056,0.440845910968828,0.171966697896586
0.8214375,0.446858385388535,0.446091907985316,0.444354670439304,0.17182051265634
0.828875,0.450370438684506,0.449598599078733,0.447850210795312,0.171673045101728
0.8363125,0.453869044574187,0.453091881910007,0.451332453398907,0.171524296772652
0.84375,0.457354121068812,0.456571674697769,0.45480132060459,0.171374269234015
0.8511875,0.460825597079272,0.460037906537771,0.458256735763188,0.171222964522499
0.858625,0.464283402169755,0.463490507175936,0.461698623225613,0.171070384731431
0.8660625,0.467727457207472,0.466929397676197,0.465126908346496,0.170916531545728
0.8735,0.471157684309551,0.470354500348394,0.468541517487716,0.170761406675646
0.8809375,0.474574006831509,0.473765738736762,0.471942378021793,0.170605011857039
0.888375,0.47797635418254,0.477163042425739,0.475329418335167,0.170447349121083
0.8958125,0.481364664126375,0.480546349336076,0.478702567831364,0.170288420967091
0.90325,0.484738863578171,0.483915586559501,0.482061756934027,0.170128229289479
0.9106875,0.488098880065128,0.487270681797005,0.485406917089841,0.169966775975272
0.918125,0.491444642340955,0.490611563972079,0.488737980771326,0.169804062939605
0.9255625,0.494776082221646,0.49393816506279,0.492054881479511,0.169640092247025
0.933,0.498093142977795,0.497250428476984,0.495357553746492,0.16947486669705
0.9404375,0.501395758672197,0.500548288431487,0.498645933137865,0.169308388480593
0.947875,0.504683862283531,0.503831678059634,0.501919956255031,0.169140659670108
0.9553125,0.507957388005891,0.507100531706173,0.505179560737393,0.168971682367269
0.96275,0.511216271579531,0.510354785257323,0.508424685264421,0.168801458729062
0.9701875,0.514460459658776,0.513594385489107,0.511655269557591,0.168629991709301
0.977625,0.517689894316622,0.516819274603936,0.514871254382221,0.168457283903223
0.9850625,0.520904514012945,0.520029391197068,0.518072581549163,0.168283337574748
0.9925,0.524104258412058,0.523224675064202,0.521259193916384,0.16810815501942
0.9999375,0.527289068375345,0.52640506719412,0.52443103539043,0.167931738563554
1.007375,0.530458892297414,0.529570516091208,0.527588050927755,0.167754091138539
1.0148125,0.533613680888408,0.532720972568689,0.530730186535938,0.167575215861127
1.02225,0.53675337812661,0.535856380720816,0.533857389274778,0.167395115196234
1.0296875,0.539877929163557,0.538976685811159,0.53696960725726,0.167213791639598
1.037125,0.54298728033704,0.542081834285569,0.540066789650408,0.167031247719951
1.0445625,0.546081382275214,0.545171776869391,0.543148886676013,0.1668474863183
1.052,0.549160192991951,0.548246471655698,0.546215849611238,0.166662511022353
1.0594375,0.552223662618556,0.55130586887093,0.549267630789106,0.16647632456821
1.066875,0.555271741797597,0.554349919250316,0.552304183598862,0.166288929657976
1.0743125,0.558304382346075,0.557378574699564,0.555325462486225,0.166100329028596
1.08175,0.561321538362031,0.560391789398936,0.558331422953504,0.165910525579305
1.0891875,0.564323173210608,0.563389526773058,0.561322021559606,0.165719523203944
1.096625,0.567309243972582,0.566371743975099,0.564297215919923,0.165527325022063
1.1040625,0.570279706771958,0.569338397202387,0.567256964706096,0.165333933947953
1.1115,0.573234518894045,0.572289443809643,0.570201227645658,0.165139352931565
1.1189375,0.576173638927964,0.57522484245114,0.573129965521567,0.164943584978139
1.126375,0.579097033936278,0.57814456023315,0.576043140171612,0.164746634084612
1.1338125,0.582004668610618,0.581048561895182,0.578940714487706,0.164548503883677
1.14125,0.58489650453331,0.58393680907365,0.581822652415059,0.164349197506852
1.1486875,0.587772504433342,0.586809264547766,0.584688918951235,0.164148718121959
1.156125,0.590632632180433,0.589665892233613,0.587539480145094,0.163947068933856
1.1635625,0.593476857290119,0.592506661678043,0.590374303095617,0.163744253833142
1.171,0.596305152435452,0.595331545576245,0.593193355950606,0.16354027708454
1.1784375,0.599117484683374,0.598140511030031,0.595996607905291,0.163335142048893
1.185875,0.601913822168252,0.600933526204973,0.5987840292008,0.16312885211609
1.1933125,0.604694134148853,0.603710560387247,0.601555591122525,0.162921410713035
1.20075,0.607458393156245,0.606471586125988,0.604311265998377,0.16271282164444
1.2081875,0.610206578491509,0.609216582721765,0.60705102719692,0.16250308967638
1.215625,0.612938663268461,0.611945523302682,0.609774849125402,0.162292218500015
1.2230625,0.615654620975007,0.614658381369071,0.612482707227667,0.162080211729343
1.2305,0.618354426205274,0.617355131523758,0.61517457798196,0.161867073016664
1.2379375,0.621038055358836,0.62003575016941,0.617850438898622,0.161652806173174
1.245375,0.623705492775914,0.622700221627164,0.620510268517671,0.161437416245658
1.2528125,0.626356718226386,0.62534852565897,0.623154046406281,0.16122090738977
1.26025,0.628991710486565,0.627980641035093,0.625781753156149,0.161003283446037
1.2676875,0.631610449418895,0.630596547608269,0.62839337038075,0.160784548293402
1.275125,0.634212916021455,0.633196226363081,0.630988880712497,0.160564705859589
1.2825625,0.636799098240287,0.635779665212043,0.633568267799786,0.160343761215476
1.29,0.639368983032932,0.638346851080957,0.636131516303935,0.160121719131845
1.2974375,0.641922554386008,0.640897767932267,0.638678611896029,0.159898583676865
1.304875,0.644459797350222,0.64343240078894,0.64120954125365,0.159674358957007
1.3123125,0.646980698034089,0.645950735728207,0.643724292057508,0.159449049116889
1.31975,0.649485247031762,0.648452763299458,0.646222852987982,0.159222659033831
1.3271875,0.651973438597977,0.650938477701311,0.648705213721536,0.158995194187983
1.334625,0.654445261960283,0.653407868119085,0.651171364927058,0.158766658899245
1.3420625,0.656900707265007,0.655860924653764,0.653621298262092,0.158537057500685
1.3495,0.659339765692111,0.658297638436515,0.656055006368966,0.158306394364627
1.3569375,0.661762431029418,0.660718003198202,0.658472482870833,0.158074674242314
1.364375,0.66416870346897,0.663122019054136,0.660873722367608,0.157841903112588
1.3718125,0.666558577973518,0.66550968090545,0.663258720431815,0.15760808567673
1.37925,0.668932049680255,0.667880983826865,0.665627473604338,0.157373226494273
1.3866875,0.671289114733906,0.670235923897305,0.66797997939008,0.157137330162338
1.394125,0.673629770739586,0.672574498651343,0.670316236253524,0.156900401421423
1.4015625,0.675954022406724,0.674896712705436,0.672636243614215,0.156662446472766
1.409,0.678261870926313,0.677202567168056,0.674940001842132,0.156423470555778
1.4164375,0.680553316310076,0.679492061971873,0.67722751225302,0.156183478453387
1.423875,0.682828359549307,0.681765198025917,0.679498777103543,0.155942474985427
1.4313125,0.685087002620438,0.684021977221123,0.68175379958644,0.155700465011566
1.43875,0.687329253405241,0.686262407334617,0.68399258382556,0.155457454644514
1.4461875,0.689555119774039,0.688486496131749,0.686215134870815,0.155213449834424
1.453625,0.691764606485783,0.690694248276418,0.688421458693036,0.154968455584514
1.4610625,0.693957719249234,0.692885669379253,0.690611562178764,0.154722476933644
1.4685,0.696134464715782,0.695060765990456,0.692785453124948,0.154475518956376
1.4759375,0.69829485323365,0.697219548344794,0.694943140233584,0.154227587480671
1.483375,0.700438899183498,0.699362030695824,0.697084633106257,0.153978689206524
1.4908125,0.702566612130768,0.701488222497919,0.699209942238608,0.153728829403432
1.49825,0.704678002362345,0.70359813392461,0.701319079014723,0.153478013324304
1.5056875,0.706773081076048,0.705691776057452,0.703412055701445,0.153226246256777
1.513125,0.708851861584136,0.707769162085365,0.705488885442628,0.152973533853928
1.5205625,0.710914363412884,0.709830311389853,0.707549582253307,0.152719883278585
1.528,0.712960601376208,0.711875238656354,0.709594161013796,0.152465300226301
1.5354375,0.714990590190232,0.713903958473106,0.711622637463715,0.152209790158575
1.542875,0.717004345448731,0.715916486303239,0.713635028195944,0.151953358569701
1.5503125,0.71900188391498,0.717912838775581,0.715631350650519,0.151696011072433
1.55775,0.720983228905187,0.719893039048735,0.717611623108462,0.151437754960471
1.5651875,0.722948400908707,0.721857107464645,0.719575864685547,0.151178596536106
1.572625,0.724897418913212,0.7238050628693,0.721524095325983,0.150918541462208
1.5800625,0.726830302749273,0.725736924948974,0.723456335796055,0.150657595433135
1.5875,0.728747073082472,0.727652714222393,0.725372607677691,0.150395764172884
1.5949375,0.730647755689658,0.729552456301129,0.727272933361981,0.15013305473357
1.602375,0.732532377145322,0.731436177591672,0.729157336042633,0.149869474225306
1.6098125,0.734400960542969,0.733303901032801,0.731025839709369,0.149605028504984
1.61725,0.736253529782884,0.735155650367642,0.732878469141261,0.14933972345772
1.6246875,0.738090109564068,0.736991450135625,0.734715249900015,0.149073564997315
1.632125,0.739910727689822,0.738811327969281,0.736536208323208,0.14880655979681
1.6395625,0.741715416335194,0.7406153158566,0.738341371517471,0.14853871571936
1.647,0.743504202821943,0.742403440951258,0.740130767351619,0.148270038898834
1.6544375,0.745277114945896,0.744175730879856,0.741904424449725,0.148000535402715
1.661875,0.747034181264085,0.745932214027964,0.743662372184156,0.147730211324459
1.6693125,0.748775432039758,0.747672920481421,0.745404640668555,0.147459073096678
1.67675,0.750500903690022,0.749397886456297,0.747131260750784,0.147187128981696
1.6841875,0.752210628172281,0.751107143727017,0.748842264005825,0.146914385581409
1.691625,0.753904636997435,0.752800723624016,0.750537682728629,0.146640849135315
1.6990625,0.75558296239901,0.754478658198304,0.752217549926924,0.146366525905939
1.7065,0.757245637512881,0.756140980400459,0.753881899313991,0.146091422242112
1.7139375,0.758892701648086,0.757787729329951,0.755530765301395,0.145815546407957
1.721375,0.76052419179941,0.759418941781956,0.757164182991684,0.145538905687648
1.7288125,0.762140143006884,0.761034652605666,0.758782188171054,0.145261506481154
1.73625,0.763740590993679,0.762634897331536,0.760384817301964,0.14498335520865
1.7436875,0.765325572157511,0.764219712162736,0.761972107515732,0.144704458308942
1.751125,0.76689512737815,0.765789137766682,0.763544096605097,0.14442482361301
1.7585625,0.768449299056838,0.767343216326571,0.765100823016747,0.144144459315454
1.766,0.769988125583962,0.76888198603239,0.766642325843823,0.143863371969499
1.7734375,0.771511645980982,0.770405485703572,0.76816864481839,0.143581568139983
1.780875,0.773019899903503,0.771913754792043,0.769679820303881,0.143299054407686
1.7883125,0.774512929630592,0.773406835362953,0.771175893287517,0.14301583811569
1.79575,0.77599078217968,0.7748847742002,0.772656905372708,0.14273192819183
1.8031875,0.777453499498978,0.776347613041198,0.774122898771426,0.142447331479256
1.810625,0.778901123713239,0.777795393800247,0.77557391629656,0.142162054674744
1.8180625,0.780333697540323,0.779228158983295,0.777010001354245,0.14187610448666
1.8255,0.781751265043465,0.780645952436862,0.778431197936179,0.141589487930194
1.8329375,0.783153876494521,0.782048824189465,0.779837550611922,0.141302214244887
1.840375,0.784541577800882,0.783436819925447,0.781229104521174,0.141014290793717
1.8478125,0.785914413992756,0.784809984457033,0.782605905366046,0.140725724391366
1.85525,0.787272430651937,0.786168363146775,0.783967999403313,0.140436521859399
1.8626875,0.788615674010746,0.78751200200604,0.78531543343665,0.140146690068788
1.870125,0.78994419621278,0.788840952931501,0.786648254808868,0.139856238089497
1.8775625,0.791258047540038,0.790155265967672,0.787966511394133,0.139565174069278
1.885,0.79255727572832,0.791454988625756,0.78927025159018,0.139273504925197
1.8924375,0.793841929023129,0.792740168925588,0.790559524310519,0.138981237576741
1.899875,0.795112056170646,0.794010855386671,0.79183437897663,0.138688378943996
1.9073125,0.796367709913553,0.795267100507369,0.793094865510167,0.13839493743435
1.91475,0.797608945201408,0.796508958983434,0.794341034325143,0.138100922226636
1.9221875,0.798835812322943,0.797736480873058,0.795572936320124,0.137806340344637
1.929625,0.80004836198603,0.798949716652938,0.796790622870418,0.137511198789109
1.9370625,0.801246645357028,0.800148717257443,0.797994145820262,0.137215504556187
1.9445,0.802430715820117,0.801333535829311,0.799183557475019,0.136919265417967
1.9519375,0.803600631951896,0.802504230679366,0.800358910593368,0.136622491273619
1.959375,0.804756446896172,0.803660854713366,0.801520258379502,0.136325189460296
1.9668125,0.805898213621496,0.804803460664086,0.802667654475336,0.136027367042657
1.97425,0.807025985512591,0.805932101679858,0.803801152952709,0.13572903107506
1.9816875,0.808139816971938,0.807046831923106,0.804920808305612,0.135430188881047
1.989125,0.809239768803103,0.808147711926154,0.806026675442404,0.135130850565202
1.9965625,0.810325897441628,0.809234797876492,0.807118809678054,0.134831024073545
2.004,0.811398257915423,0.81030814456255,0.808197266726383,0.134530716516634
2.0114375,0.812456905626217,0.811367807146173,0.80926210269233,0.134229934987795
2.018875,0.813501896391058,0.812413841203893,0.810313374064214,0.133928686585705
2.0263125,0.814533291787713,0.813446308044122,0.811351137706028,0.133626981011759
2.03375,0.8155511520173,0.814465267606866,0.812375450849738,0.133324827174564
2.0411875,0.816555533966811,0.815470776536832,0.8133863710876,0.133022232211233
2.048625,0.817546494854764,0.816462891810048,0.814383956364496,0.132719203234655
2.0560625,0.818524092221888,0.817441670724608,0.815368264970286,0.132415747330383
2.0635,0.819488387244177,0.818407174195591,0.816339355532186,0.132111873243135
2.0709375,0.820439444062452,0.819359466087773,0.817297287007153,0.13180759109741
2.078375,0.821377321340642,0.820298604820238,0.818242118674311,0.131502908095404
2.0858125,0.822302077915579,0.821224648985611,0.819173910127382,0.131197831348406
2.09325,0.82321377290401,0.822137657456512,0.820092721267147,0.130892367931157
2.1006875,0.824112467300344,0.823037690974191,0.820998612293938,0.130586525737364
2.108125,0.82499822793092,0.823924816079881,0.82189164370014,0.130280315641662
2.1155625,0.825871115654414,0.824799093382192,0.822771876262739,0.129973745221479
2.123,0.82673119072982,0.825660582895076,0.823639371035879,0.129666821563679
2.1304375,0.827578513653857,0.826509344870499,0.824494189343459,0.129359551709141
2.137875,0.828413145642311,0.827345440276939,0.825336392771756,0.129051942924163
2.1453125,0.829235154726048,0.828168936858884,0.826166043162076,0.128744006169579
2.15275,0.830044604482624,0.828979897934881,0.826983202603436,0.128435749816713
2.1601875,0.83084155639988,0.829778384747748,0.827787933425285,0.128127180904469
2.167625,0.831626072161257,0.830564458736425,0.828580298190244,0.127818306413818
2.1750625,0.832398213650028,0.831338181540195,0.829360359686895,0.127509133271064
2.1825,0.833158048517719,0.832099620532294,0.830128180922592,0.127199671686928
2.1899375,0.833905643658548,0.83284884233417,0.830883825116311,0.12688993136083
2.197375,0.834641061599164,0.833585909228318,0.83162735569154,0.126579919257885
2.2048125,0.835364365019685,0.834310883651466,0.832358836269202,0.126269642271515
2.21225,0.836075616743583,0.835023828184552,0.833078330660612,0.125959107217044
2.2196875,0.836774883016807,0.835724808810323,0.833785902860482,0.125648322918415
2.227125,0.837462234047479,0.836413895448602,0.834481617039952,0.125337300657269
2.2345625,0.838137733447278,0.837091151467094,0.835165537539672,0.125026047444177
2.242,0.838801444706451,0.837756640114632,0.835837728862922,0.124714570054185
2.2494375,0.839453431415898,0.838410424741829,0.836498255668762,0.124402875165819
2.256875,0.84009375877709,0.839052570300562,0.837147182765242,0.124090970385127
2.2643125,0.840722498860191,0.839683148564879,0.837784575102643,0.123778867908486
2.27175,0.84133971693813,0.840302224559376,0.838410497766756,0.123466575290609
2.2791875,0.841945477128438,0.840909862162992,0.839025015972222,0.123154099154288
2.286625,0.842539843606015,0.841506125313482,0.839628195055899,0.122841446002364
2.2940625,0.843122880989306,0.842091078390787,0.840220100470283,0.122528622496509
2.3015,0.843694661569846,0.842664793392786,0.840800797776973,0.122215640802259
2.3089375,0.844255252982845,0.843227337695573,0.841370352640179,0.121902509717087
2.316375,0.844804719794027,0.843778775629975,0.841928830820282,0.121589235672159
2.3238125,0.845343126582161,0.844319171541669,0.842476298167437,0.12127582494923
2.33125,0.845870537926626,0.844848589778913,0.843012820615223,0.120962283665604
2.3386875,0.846387024490016,0.845367100726896,0.843538464174346,0.120648622621222
2.346125,0.846892657123652,0.845874774957973,0.844053294926386,0.120334852842752
2.3535625,0.847387500666024,0.846371677080311,0.844557379017594,0.120020980524527
2.361,0.847871619922588,0.846857871671296,0.845050782652741,0.11970701167261
2.3684375,0.848345079651868,0.847333423263837,0.845533572089019,0.119392952084163
2.375875,0.848807948066016,0.847798399817062,0.84600581362998,0.119078810383777
2.3833125,0.849260298969182,0.848252874834369,0.846467573619544,0.118764600121124
2.39075,0.849702197744516,0.848696913470341,0.846918918436046,0.118450327580866
2.3981875,0.850133709249275,0.849130580360227,0.84735991448634,0.118135998425917
2.405625,0.85055489824268,0.849553940044321,0.847790628199951,0.117821618048874
2.4130625,0.850965830926631,0.849967058494496,0.848211126023283,0.11750719303214
2.4205,0.851366582395963,0.850370010493177,0.848621474413881,0.117192738512495
2.4279375,0.851757219422663,0.85076286257656,0.849021739834744,0.116878261833309
2.435375,0.852137806742084,0.851145679265223,0.849411988748689,0.116563768227995
2.4428125,0.852508408934729,0.851518524928839,0.849792287612776,0.116249262571633
2.45025,0.852869090739127,0.851881464096095,0.850162702872779,0.11593474968723
2.4576875,0.853219926555649,0.85223457085937,0.850523300957718,0.115620244703929
2.465125,0.853560985652548,0.852577914229374,0.850874148274444,0.115305757604856
2.4725625,0.853892332468991,0.852911558439109,0.851215311202275,0.114991293080502
2.48,0.854214031223275,0.853235567505892,0.851546856087695,0.114676855331175
2.4874375,0.854526145885394,0.853550005204655,0.851868849239101,0.11436244798626
2.494875,0.854828747722985,0.853854942526087,0.852181356921609,0.114048083391838
2.5023125,0.855121909952246,0.854150452383221,0.852484445351917,0.113733776797131
2.50975,0.855405696561685,0.854436598568433,0.852778180693224,0.113419532224501
2.5171875,0.855680171214648,0.854713444556308,0.8530626290502,0.11310535296909
2.524625,0.85594539723416,0.854981053489413,0.853337856464022,0.112791241491372
2.5320625,0.856201442017096,0.855239492534212,0.853603928907457,0.112477205657835
2.5395,0.85644838227927,0.855488838048235,0.853860912280008,0.112163267170673
2.5469375,0.856686282258712,0.85572915407392,0.854108872403119,0.111849430422573
2.554375,0.856915204853167,0.855960503335876,0.854347875015423,0.111535697449883
2.5618125,0.857135212492959,0.85618294810375,0.854577985768068,0.111222068988726
2.56925,0.857346369032333,0.856396552055419,0.854799270220083,0.110908547522137
2.5766875,0.857548752788887,0.856601393102271,0.855011793833811,0.110595160624793
2.584125,0.857742429828684,0.856797537086692,0.855215621970393,0.110281916216159
2.5915625,0.857927462040639,0.856985045745356,0.855410819885318,0.10996881450398
2.599,0.85810391065144,0.857163980173202,0.855597452724016,0.10965585348659
2.6064375,0.858271836439736,0.857334401037136,0.855775585517529,0.10934302898209
2.613875,0.858431316486642,0.857496384993668,0.85594528317822,0.109030371361984
2.6213125,0.858582421366237,0.857650002294762,0.856106610495548,0.108717899956812
2.62875,0.85872521165938,0.857795313398337,0.856259632131907,0.108405612215212
2.6361875,0.858859746943417,0.857932377797191,0.856404412618507,0.108093501332496
2.643625,0.858986085546484,0.858061253789065,0.856541016351328,0.107781554444419
2.6510625,0.859104298763068,0.858182012327179,0.856669507587123,0.107469793428461
2.6585,0.859214466386084,0.858294732593598,0.856789950439478,0.107158270645225
2.6659375,0.859316647508346,0.858399473593078,0.856902408874934,0.106846980162922
2.673375,0.859410899309384,0.858496292509662,0.857006946709165,0.106535905594751
2.6808125,0.859497276590816,0.858585244294791,0.85710362760321,0.10622501400821
2.68825,0.859575841695615,0.858666391245289,0.857192515059766,0.105914294491893
2.6956875,0.859646687754735,0.858739825139477,0.857273672419535,0.105603884751782
2.703125,0.859709875304177,0.858805606288568,0.857347162857631,0.105293795125228
2.7105625,0.859765457768726,0.858863788285522,0.857413049380045,0.104983991117358
2.718,0.859813481955325,0.858914418779907,0.857471394820157,0.104674360537049
2.7254375,0.859853989794081,0.858957541656433,0.857522261835321,0.104364662299794
2.732875,0.859887103297003,0.8589932738582,0.857565712903489,0.104055464228314
2.7403125,0.859912918337709,0.859021702081003,0.857601810319905,0.103747816213096
2.74775,0.859931587997866,0.859042914735865,0.85763061619385,0.103449227827457
2.7551875,0.859942391968892,0.859056722644071,0.857652192445438,0.103097886492853
2.762625,0.859946724201104,0.859063426540563,0.857666600802479,0.102821006371756
2.7700625,0.859943740150046,0.859063091248883,0.857673902797387,0.102512715321446
2.7775,0.859933642492267,0.859055632240507,0.857674159764154,0.102206448431086
2.7849375,0.859916563888303,0.859041201141918,0.857667432835357,0.101899972343755
2.792375,0.859892584263958,0.859019876619719,0.857653782939254,0.101593416868662
2.7998125,0.859861771652048,0.858991725303678,0.857633270796916,0.101286930099742
2.80725,0.859824167465445,0.858956786415898,0.857605956919409,0.100980755174662
2.8146875,0.859779805247294,0.858915091862611,0.857571901605034,0.100675071712519
2.822125,0.859728760672436,0.858866718154034,0.857531164936622,0.100369766365538
2.8295625,0.859671104424084,0.858811736261826,0.857483806778889,0.100064790218024
2.837,0.859606903538562,0.858750213237429,0.857429886775843,0.0997601267431536
2.8444375,0.859536216738766,0.858682207511761,0.857369464348241,0.0994557962811005
2.851875,0.859459083694275,0.858607757957259,0.857302598691094,0.0991518803699298
2.8593125,0.859375569046256,0.858526929246022,0.857229348771227,0.0988483612248903
2.86675,0.859285738523268,0.858439787126067,0.8571497733249,0.0985452223775329
2.8741875,0.859189656117012,0.858346395533751,0.857063930855479,0.0982424563846784
2.881625,0.859087383268543,0.858246815783631,0.856971879631158,0.0979400644957495
2.8890625,0.858978965413454,0.858141092865042,0.856873677682727,0.0976380871837934
2.8965,0.85886446061632,0.858029284692557,0.856769382801393,0.0973365290279027
2.9039375,0.85874393155484,0.857911453881448,0.856659052536651,0.0970353839695015
2.911375,0.85861743982312,0.857787661934262,0.85654274419422,0.0967346495735821
2.9188125,0.858485046068334,0.85765796938598,0.856420514834016,0.0964343260223099
2.92625,0.858346800777564,0.857522426455845,0.856292421268179,0.0961344329063696
2.9336875,0.858202756853175,0.857381085834853,0.856158520059148,0.0958349830544991
2.941125,0.858052974631074,0.857234007765358,0.856018867517777,0.0955359748094242
2.9485625,0.857897513658735,0.85708125168773,0.855873519701518,0.0952374082850316
2.956,0.857736432777769,0.856922876326505,0.855722532412649,0.0949392849391995
2.9634375,0.857569785990593,0.856758935508647,0.855565961196543,0.0946416136839101
2.970875,0.857397622647376,0.856589478361843,0.85540386133999,0.0943444095390156
2.9783125,0.857220000758311,0.856414562786486,0.855236287869557,0.0940476735011186
2.98575,0.857036978010551,0.856234246356912,0.855063295550002,0.0937514070541656
2.9931875,0.856848611506664,0.856048586057665,0.85488493888275,0.0934556124534636
3.000625,0.856654956281229,0.855857636786015,0.854701272104395,0.0931602945330567
3.0080625,0.856456060509237,0.85566144651587,0.854512349185261,0.0928654664297701
3.0155,0.856251979390644,0.855460070324083,0.854318223827994,0.0925711314919919
3.0229375,0.856042768856304,0.855253564028002,0.854118949466212,0.09227729196295
3.030375,0.855828484326396,0.855041982931579,0.853914579263196,0.0919839505565179
3.0378125,0.855609180417799,0.854825381530723,0.853705166110637,0.0916911107239127
3.04525,0.855384905414068,0.85460380793739,0.853490762627412,0.0913987826198781
3.0526875,0.855155711470868,0.854377314175015,0.853271421158413,0.0911069714678137
3.060125,0.854921652823751,0.854145954367723,0.853047193773404,0.0908156799269477
3.0675625,0.854682783245605,0.853909782175653,0.852818132265942,0.0905249109551587
3.075,0.854439156064027,0.853668850812758,0.852584288152339,0.0902346677561283
3.0824375,0.854190820358913,0.853423209216745,0.852345712670652,0.0899449574230271
3.089875,0.85393782514708,0.85317290626683,0.852102456779732,0.0896557866091774
3.0973125,0.853680223006415,0.852917994433156,0.851854571158297,0.0893671581834177
3.10475,0.853418066085033,0.852658525755605,0.851602106204053,0.089079075208387
3.1121875,0.853151406113582,0.852394551856381,0.851345112032863,0.0887915409070184
3.119625,0.852880292624936,0.852126122148325,0.851083638477959,0.088504560182967
3.1270625,0.852604772180268,0.851853283057277,0.850817735089179,0.0882181401349325
3.1345,0.852324895491106,0.851576085190116,0.850547451132255,0.0879322839160368
3.1419375,0.852040713096337,0.85129457898266,0.850272835588127,0.0876469946006875
3.149375,0.85175227513775,0.851008814473849,0.849993937152314,0.0873622753673642
3.1568125,0.851459630721556,0.850718840663668,0.849710804234313,0.087078129985918
3.16425,0.851162825024315,0.850424702603062,0.849423484957044,0.0867945649971835
3.1716875,0.850861906561475,0.850126448704792,0.849132027156321,0.0865115839888686
3.179125,0.850556924274769,0.849824127813076,0.848836478380362,0.0862291899829337
3.1865625,0.850247926724412,0.849517788391108,0.848536885889343,0.0859473860678195
3.194,0.849934961982838,0.849207478414316,0.848233296654991,0.0856661754652599
3.2014375,0.849618074550506,0.848893242270487,0.847925757360193,0.0853855636876233
3.208875,0.849297310543783,0.84857512597512,0.847614314398671,0.0851055547772317
3.2163125,0.848972717318041,0.84825317679184,0.847299013874659,0.0848261516593452
3.22375,0.848644341859564,0.847927441615869,0.846979901602645,0.0845473572985922
3.2311875,0.848312230790594,0.847597966979129,0.846657023107127,0.0842691746901991
3.238625,0.847976428385321,0.847264797057084,0.846330423622404,0.0839916081381897
3.2460625,0.847636978261307,0.846927975368591,0.84600014809242,0.0837146620888518
3.2535,0.847293926192179,0.846587547601379,0.845666241170608,0.0834383393426119
3.2609375,0.846947317599096,0.846243559091537,0.845328747219803,0.0831626427165055
3.268375,0.846597197548635,0.845896054821424,0.844987710312155,0.0828875750412239
3.2758125,0.846243609828932,0.845545078491922,0.844643174229099,0.082613139710519
3.28325,0.845886596063734,0.845190671633082,0.84429518246134,0.0823393411697904
3.2906875,0.845526200268256,0.844832878179284,0.843943778208869,0.0820661821857804
3.298125,0.845162466308975,0.844471741917909,0.843589004381033,0.0817936654099016
3.3055625,0.844795437706143,0.84410730629103,0.84323090359659,0.0815217934952761
3.313,0.84442515732119,0.843739614081611,0.842869518183848,0.0812505692677767
3.3204375,0.844051665397885,0.843368705447261,0.842504890180785,0.0809799967929958
3.327875,0.843675003995122,0.842994622370368,0.842137061335228,0.0807100788900561
3.3353125,0.843295215437074,0.842617407101918,0.841766073105055,0.080440818032379
3.34275,0.842912341709348,0.842237101555282,0.841391966658406,0.0801722166856367
3.3501875,0.842526424421719,0.841853747268827,0.841014782873973,0.0799042773254266
3.357625,0.842137502886139,0.841467383477145,0.840634562341182,0.0796370034242155
3.3650625,0.841745617073953,0.841078050079046,0.840251345360671,0.0793703978892557
3.3725,0.841350807781501,0.840685787803483,0.839865171944478,0.0791044630069182
3.3799375,0.840953115473771,0.840290637049032,0.839476081816427,0.0788392010489858
3.387375,0.840552580286968,0.839892637886462,0.839084114412551,0.0785746142704546
3.3948125,0.840149240879167,0.839491828905646,0.838689308881504,0.0783107054631138
3.40225,0.839743135100955,0.83908824788859,0.838291704084993,0.0780474776059803
3.4096875,0.839334302221263,0.838681934042462,0.83789133859819,0.0777849328000846
3.417125,0.838922781200822,0.838272926267254,0.837488250710242,0.0775230731191456
3.4245625,0.838508610678324,0.837861263141901,0.837082478424804,0.0772619006153663
3.432,0.838091828449951,0.837446982402226,0.836674059460569,0.0770014175554001
3.4394375,0.837672470645092,0.83703012011429,0.836263031251808,0.0767416267785981
3.446875,0.837250574875959,0.836610713833556,0.835849430948907,0.0764825302643324
3.4543125,0.836826178617626,0.836188800979878,0.835433295419005,0.0762241298856825
3.46175,0.836399319029825,0.835764418658729,0.835014661246623,0.0759664274910588
3.4691875,0.835970032796517,0.835337603500331,0.834593564734309,0.0757094249721257
3.476625,0.835538354728299,0.834908390258178,0.834170041903271,0.0754531248544188
3.4840625,0.835104320661859,0.834476814716737,0.833744128494042,0.0751975290452123
3.4915,0.834667966607367,0.834042912836291,0.833315859967218,0.074942639216391
3.4989375,0.834229328266345,0.833606720269424,0.83288527150419,0.0746884570123951
3.506375,0.833788441021513,0.833168272350844,0.832452398007878,0.0744349840541947
3.5138125,0.833345338676346,0.832727602833643,0.832017274103462,0.0741822224458843
3.52125,0.832900055212601,0.832284745651544,0.83157993413916,0.0739301740505516
3.5286875,0.832452625198298,0.831839735327828,0.831140412187061,0.0736788403391753
3.536125,0.832003082899557,0.831392606084804,0.830698742043935,0.0734282227535799
3.5435625,0.831551462282535,0.83094339184575,0.830254957232068,0.0731783227055471
3.551,0.83109779630927,0.830492125529025,0.829809091000067,0.0729291418457345
3.5584375,0.830642117133483,0.830038839244444,0.829361176323753,0.0726806819772996
3.565875,0.830184457880519,0.829583566077505,0.828911245907066,0.0724329443813732
3.5733125,0.829724851405798,0.829126338844748,0.828459332182962,0.0721859302990957
3.58075,0.829263330271553,0.828667190070419,0.828005467314313,0.0719396409411877
3.5881875,0.828799926441201,0.828206151680146,0.827549683194812,0.0716940775977726
3.595625,0.828334670559333,0.82774325427933,0.827092011449949,0.0714492418929957
3.6030625,0.827867594220585,0.827278529427197,0.826632483437982,0.0712051349617937
3.6105,0.827398728896098,0.826812008560726,0.826171130250911,0.070961757847865
3.6179375,0.826928105770709,0.826343722831462,0.825707982715446,0.0707191115634442
3.625375,0.826455755660294,0.825873703022669,0.825243071393994,0.0704771971179907
3.6328125,0.825981707986833,0.825401978522226,0.82477642658571,0.0702360158677307
3.64025,0.825505992744991,0.824928579293447,0.824308078327527,0.0699955688332699
3.6476875,0.825028640049598,0.824453535421517,0.823838056395198,0.0697558568643064
3.655125,0.824549679736179,0.823976876713147,0.823366390304322,0.0695168807790303
3.6625625,0.824069141360556,0.823498632696171,0.822893109311414,0.069278641364301
3.67,0.823587053353259,0.823018831772256,0.82241824241501,0.0690411396515822
3.6774375,0.823103444064668,0.822537502264195,0.821941818356757,0.0688043765682655
3.684875,0.822618342282651,0.822054672934515,0.82146386562251,0.0685683527744008
3.6923125,0.822131776522876,0.82157037227434,0.82098441244341,0.0683330688985739
3.69975,0.821643775030556,0.821084628505129,0.820503486797033,0.0680985255374633
3.7071875,0.821154365334665,0.82059746913205,0.820021116408535,0.0678647233952612
3.714625,0.820663574213726,0.820108920909739,0.819537328751794,0.0676316632882923
3.7220625,0.820171429127027,0.819619011276175,0.819052151050555,0.0673993457022792
3.7295,0.819677957301034,0.819127767437338,0.818565610279565,0.0671677710812668
3.7369375,0.819183185698933,0.818635216336684,0.818077733165776,0.0669369398376807
3.744375,0.818687140837663,0.818141384471839,0.817588546189529,0.0667068524074388
3.7518125,0.818189848176813,0.817646297282443,0.817098075585745,0.0664775094287862
3.75925,0.817691333791811,0.817149980826293,0.816606347345101,0.0662489112427611
3.7666875,0.817191623651615,0.816652461055708,0.81611338721523,0.0660210581144627
3.774125,0.816690743469163,0.816153763667704,0.815619220701955,0.0657939502779037
3.7815625,0.816188718660134,0.815653914062679,0.815123873070515,0.0655675879480899
3.789,0.815685573580626,0.815152936580818,0.814627369346791,0.065341971537447
3.7964375,0.815181332884756,0.814650855861983,0.814129734318514,0.0651171012656437
3.803875,0.814676021316541,0.814147696637188,0.813630992536517,0.0648929772244955
3.8113125,0.814169663371302,0.813643483389438,0.813131168315997,0.06466959947522
3.81875,0.813662283297353,0.813138240355396,0.812630285737775,0.0644469680491033
3.8261875,0.81315390452633,0.812631990954824,0.812128368649545,0.0642250831021318
3.833625,0.812644550270065,0.812124758388411,0.811625440667119,0.0640039447492358
3.8410625,0.812134244080924,0.811616566198956,0.811121525175717,0.063783552915031
3.8485,0.811623009269954,0.81110743768858,0.810616645331252,0.0635639074945349
3.8559375,0.811110868908548,0.810597395920391,0.810110824061614,0.0633450083532772
3.863375,0.810597845540808,0.810086463430397,0.809604084067941,0.0631268554032838
3.8708125,0.810083961040767,0.809574662084542,0.809096447825897,0.0629094486373161
3.87825,0.809569237765721,0.809062014233733,0.808587937586989,0.0626927878288663
3.8856875,0.809053697876335,0.808548542032904,0.808078575379867,0.0624768727132574
3.893125,0.808537363301015,0.808034267405327,0.80756838301163,0.0622617029972572
3.9005625,0.808020255625912,0.807519211932454,0.807057382069115,0.0620472783872783
3.908,0.807502395585089,0.807003396343367,0.806545593920199,0.0618335987162322
3.9154375,0.806983804310419,0.806486841766443,0.806033039715137,0.0616206636288474
3.922875,0.806464502846505,0.805969569243548,0.805519740387874,0.0614084727071695
3.9303125,0.805944512013089,0.805451599592248,0.805005716657365,0.0611970255060212
3.93775,0.805423852386064,0.804932953386789,0.804490989028874,0.0609863215574658
3.9451875,0.804902543727414,0.80441365038727,0.803975577795307,0.0607763605091183
3.952625,0.804380605926612,0.803893710482303,0.803459503038551,0.0605671418944409
3.9600625,0.8038580589468,0.803373153635099,0.802942784630798,0.0603586651491961
3.9675,0.803334922533655,0.802851999591926,0.802425442235871,0.0601509296824565
3.9749375,0.802811216216994,0.802330267883708,0.801907495310539,0.0599439348779374
3.982375,0.802286958925641,0.801807977440402,0.801388963105873,0.0597376801821703
3.9898125,0.801762169304476,0.801285146908454,0.800869864668567,0.0595321650305181
3.99725,0.801236866268754,0.800761795205794,0.800350218842272,0.0593273887196988
4.0046875,0.800711068524833,0.800237941041952,0.799830044268939,0.0591233505206068
4.012125,0.800184794570563,0.799713602918429,0.799309359390142,0.0589200496796005
4.0195625,0.799658062507917,0.7991887989411,0.798788182448429,0.0587174854600914
4.027,0.799130889855399,0.798663546632393,0.798266531488644,0.0585156571845546
4.0344375,0.798603294476968,0.79813786386133,0.797744424359274,0.0583145640260518
4.041875,0.798075294074449,0.797611768335303,0.797221878713779,0.0581142051244044
4.0493125,0.797546906148466,0.797085277560947,0.796698912011933,0.0579145795957858
4.05675,0.797018147932922,0.796558408778546,0.796175541521156,0.0577156865471773
4.0641875,0.796489035975105,0.796031178541646,0.79565178431785,0.057517525167583
4.071625,0.795959587074502,0.795503603656948,0.795127657288735,0.0573200945235275
4.0790625,0.795429817963123,0.79497570086425,0.794603177132183,0.0571233936305982
4.0865,0.79489974517902,0.794447486709807,0.794078360359546,0.0569274214821336
4.0939375,0.794369385058979,0.793918977539003,0.793553223296496,0.056732177050689
4.101375,0.793838753312845,0.793390189070206,0.793027782084344,0.0565376593785194
4.1088125,0.793307865671587,0.792861137043552,0.792502052681382,0.0563438674394678
4.11625,0.79277673793195,0.792331837265622,0.791976050864196,0.0561508001323707
4.1236875,0.792245385703896,0.791802305356597,0.791449792229003,0.0559584563345261
4.131125,0.791713824412117,0.791272556751766,0.79092329219297,0.0557668349022933
4.1385625,0.791182069033237,0.790742606438439,0.790396565995532,0.0555759347250495
4.146,0.790650134244445,0.790212469104744,0.789869628699719,0.0553857546942149
4.1534375,0.790118034937824,0.789682159654481,0.789342495193466,0.0551962935991579
4.160875,0.789585785829452,0.789151692815805,0.788815180190935,0.0550075502085301
4.1683125,0.789053401457205,0.788621083139011,0.788287698233819,0.05481952327131
4.17575,0.788520896058497,0.788090344874149,0.787760063692658,0.0546322115413389
4.1831875,0.787988283372178,0.787559491772711,0.787232290768144,0.0544456138166671
4.190625,0.787455577384523,0.787028537834384,0.786704393492424,0.0542597287912727
4.1980625,0.786922791951593,0.786497496929001,0.786176385730404,0.0540745551324218
4.2055,0.786389940758202,0.785966382755466,0.78564828118104,0.0538900914884843
4.2129375,0.78585703727979,0.785435208803583,0.785120093378645,0.0537063364971946
4.220375,0.78532409444065,0.784903988011934,0.784591835694166,0.0535232888521531
4.2278125,0.784791125318726,0.784372733473379,0.784063521336485,0.0533409471660251
4.23525,0.784258142943499,0.783841458232722,0.783535163353694,0.0531593100110417
4.2426875,0.783725160180052,0.783310175170657,0.783006774634382,0.0529783759420921
4.250125,0.783192189727453,0.782778897002143,0.782478367908909,0.0527981434977898
4.2575625,0.782659243803327,0.782247635960668,0.78194995575068,0.0526186112602467
4.265,0.782126334581083,0.781716404235892,0.781421550577417,0.0524397777723173
4.2724375,0.78159347429658,0.781185214080404,0.78089316465242,0.0522616415182586
4.279875,0.781060675028004,0.78065407758938,0.780364810085831,0.0520842009664291
4.2873125,0.780527948697255,0.780123006701966,0.779836498835895,0.0519074545694664
4.29475,0.779995306889956,0.779592013021111,0.779308242710204,0.0517314007979497
4.3021875,0.779462760903436,0.779061107861598,0.778780053366955,0.0515560381316504
4.309625,0.778930322205905,0.778530302709628,0.778251942316188,0.0513813649751116
4.3170625,0.778398002120927,0.777999608907001,0.777723920921027,0.0512073797164003
4.3245,0.777865811822348,0.777469037646027,0.77719600039892,0.0510340807297505
4.3319375,0.777333762254932,0.776938599890084,0.776668191822861,0.0508614663892848
4.339375,0.776801863944184,0.776408306183267,0.776140506122624,0.05068953510452
4.3468125,0.776270127592279,0.775878167246851,0.775612954085978,0.050518285212009
4.35425,0.775738563799836,0.775348193700805,0.775085546359906,0.050347715026855
4.3616875,0.775207183024174,0.774818396022004,0.774558293451818,0.0501778228506833
4.369125,0.774675995558016,0.774288784522902,0.774031205730752,0.0500086069763039
4.3765625,0.774145011254662,0.773759369076466,0.77350429342858,0.0498400657372056
4.384,0.773614240054027,0.773230159642671,0.772977566641199,0.049672197413142
4.3914375,0.773083691864806,0.772701166150555,0.772451035329731,0.0495050002521147
4.398875,0.772553376458669,0.772172398392311,0.771924709321695,0.0493384724902679
4.4063125,0.772023303470952,0.771643866023976,0.771398598312199,0.0491726123518221
4.41375,0.771493482170209,0.771115578334772,0.770872711865111,0.0490074180906408
4.4211875,0.770963921742285,0.770587544531432,0.770347059414226,0.0488428879397373
4.428625,0.770434631434286,0.770059773882279,0.769821650264433,0.0486790200865617
4.4360625,0.769905620362413,0.769532275524894,0.769296493592871,0.048515812707639
4.4435,0.76937689751321,0.769005058467357,0.768771598450087,0.0483532639687034
4.4509375,0.768848471620397,0.768478131464964,0.768246973761175,0.0481913720469684
4.458375,0.768320351154451,0.767951503009797,0.767722628326928,0.0480301351333479
4.4658125,0.767792544721571,0.767425181730038,0.767198570824963,0.0478695513620009
4.47325,0.767265060811945,0.766899176137999,0.766674809810859,0.0477096188560511
4.4806875,0.766737907792028,0.766373494622396,0.766151353719281,0.0475503357291185
4.488125,0.766211093853626,0.765848145397382,0.765628210865093,0.0473917000941571
4.4955625,0.765684626841115,0.765323136329611,0.765105389444476,0.0472337100950071
4.503,0.765158514723921,0.764798475411123,0.764582897536034,0.0470763638231286
4.5104375,0.764632765394912,0.764274170557555,0.764060743101893,0.0469196593540611
4.517875,0.764107386628986,0.763750229566694,0.763538933988798,0.0467635947546396
4.5253125,0.763582386071963,0.763226660107345,0.763017477929201,0.0466081680857489
4.53275,0.763057771022518,0.762703469501078,0.762496382542342,0.0464533774406028
4.5401875,0.762533548820481,0.762180665110857,0.761975655335332,0.0462992208773105
4.547625,0.762009726789322,0.761658254283472,0.761455303704214,0.0461456964291562
4.5550625,0.761486312140141,0.761136244253439,0.760935334935037,0.0459928021224743
4.5625,0.760963311972802,0.760614642144131,0.760415756204912,0.0458405359760716
4.5699375,0.760440733111185,0.760093454802886,0.759896574583062,0.0456888960305157
4.577375,0.759918582275802,0.759572688973761,0.759377797031867,0.0455378803190687
4.5848125,0.759396866247848,0.759052351461729,0.758859430407908,0.0453874868387549
4.59225,0.758875591701577,0.758532448964902,0.758341481463001,0.0452377135800486
4.5996875,0.758354765205404,0.758012988075631,0.757823956845222,0.0450885585272509
4.607125,0.757834393138045,0.757493975196565,0.757306863099927,0.0449400196737226
4.6145625,0.75731448164636,0.756975416498452,0.75679020667077,0.0447920950295222
4.622,0.756795036984654,0.756457318259742,0.756273993900712,0.0446447825621421
4.6294375,0.756276065316486,0.755939686668208,0.755758231033021,0.044498080231925
4.636875,0.755757572704793,0.755422527811063,0.755242924212269,0.0443519859939956
4.6443125,0.75523956507983,0.754905847642869,0.754728079485323,0.0442064978040557
4.65175,0.754722048087991,0.754389651834214,0.754213702802326,0.044061613646118
4.6591875,0.754205027462821,0.753873946143052,0.753699800017676,0.0439173314667141
4.666625,0.7536885088825,0.75335873627206,0.753186376890997,0.0437736492009178
4.6740625,0.753172497929641,0.752844027828393,0.752673439088101,0.043630564779229
4.6815,0.752657000086138,0.752329826318523,0.752160992181949,0.0434880761296386
4.6889375,0.752142020562733,0.751816136977653,0.751649041653598,0.0433461812073155
4.696375,0.751627564580894,0.75130296505184,0.751137592893153,0.0432048779458016
4.7038125,0.751113637357926,0.750790315783092,0.7506266512007,0.0430641642596097
4.71125,0.750600244020445,0.750278194322762,0.750116221787241,0.0429240380595219
4.7186875,0.750087389605364,0.749766605732526,0.749606309775619,0.0427844972535674
4.726125,0.74957507894397,0.749255554868358,0.749096920201438,0.0426455397674719
4.7335625,0.749063316757609,0.748745046476292,0.748588058013979,0.0425071635285157
4.741,0.748552107826014,0.748235085360902,0.748079728077099,0.0423693664349134
4.7484375,0.748041456843304,0.747725676241173,0.747571935170142,0.0422321463826369
4.755875,0.747531368418566,0.747216823751072,0.747064683988826,0.0420955012650603
4.7633125,0.747021847019273,0.746708532382909,0.746557979146131,0.0419594289841507
4.77075,0.746512896914214,0.746200806430221,0.746051825173185,0.041823927460638
4.7781875,0.746004522456761,0.745693650271288,0.745546226520132,0.0416889945836996
4.785625,0.745496727931209,0.745187068215335,0.745041187557008,0.0415546282379387
4.7930625,0.744989517541324,0.744681064491061,0.744536712574599,0.0414208263068261
4.8005,0.744482895390695,0.744175643226974,0.744032805785296,0.0412875866762086
4.8079375,0.743976865354255,0.743670808322782,0.743529471323948,0.0411549072584672
4.815375,0.743471431366197,0.743166563737579,0.743026713248702,0.0410227859396928
4.8228125,0.742966597322838,0.742662913392622,0.742524535541842,0.0408912205980938
4.83025,0.742462367044301,0.742159861132968,0.742022942110619,0.0407602091107462
4.8376875,0.741958744272662,0.741657410725615,0.741521936788076,0.0406297493545704
4.845125,0.741455732541031,0.741155565728453,0.741021523333862,0.0404998392319333
4.8525625,0.740953335373416,0.740654329690319,0.740521705435049,0.0403704766327229
4.86,0.740451556299184,0.740153706165479,0.740022486706936,0.0402416594315058
4.8674375,0.739950398775684,0.73965369863616,0.739523870693848,0.0401133855034708
4.874875,0.739449866189076,0.739154310513385,0.739025860869926,0.0399856527232068
4.8823125,0.738949961773244,0.738655545055799,0.738528460639917,0.0398584589819784
4.88975,0.738450688655951,0.738157405415868,0.738031673339954,0.0397318021782
4.8971875,0.737952050018699,0.737659894799892,0.73753550223833,0.0396056801877265
4.904625,0.737454048976117,0.737163016347282,0.737039950536269,0.0394800908863902
4.9120625,0.736956688575615,0.736666773130204,0.73654502136868,0.0393550321509117
4.9195,0.73645997175968,0.736171168115829,0.73605071780492,0.0392305018668937
4.9269375,0.735963901304389,0.735676204104784,0.735557042849544,0.0391064979402778
4.934375,0.735468480051871,0.73518188396385,0.735063999443047,0.0389830182533135
4.9418125,0.734973710793296,0.734688210508837,0.734571590462597,0.0388600606862521
4.94925,0.734479596256432,0.734195186492115,0.734079818722775,0.0387376231210768
4.9566875,0.733986139094039,0.733702814590999,0.733588686976291,0.0386157034436785
4.964125,0.733493341777363,0.733211097301117,0.733098197914713,0.0384942995659943
4.9715625,0.733001206816448,0.732720037156968,0.732608354169177,0.0383734093816868
4.979,0.732509736697489,0.732229636669202,0.732119158311091,0.038253030778912
4.9864375,0.732018933846926,0.731739898288671,0.731630612852836,0.0381331616476244
4.993875,0.731528800631222,0.731250824406209,0.73114272024847,0.0380137998802876
5.0013125,0.731039339258318,0.730762417253966,0.73065548289441,0.0378949433925024
5.00875,0.730550551914744,0.730274679042677,0.730168903130119,0.0377765900946736
5.0161875,0.730062440799425,0.729787611995502,0.729682983238783,0.0376587378855708
5.023625,0.72957500805503,0.7293012182793,0.729197725447981,0.0375413846663841
5.0310625,0.72908825576867,0.728815500005319,0.728713131930353,0.0374245283407459
5.0385,0.728602185915634,0.72833045917287,0.728229204804267,0.0373081668274988
5.0459375,0.728116800374628,0.727846097684577,0.727745946134463,0.0371922980575423
5.053375,0.727632101072243,0.727362417491013,0.727263357932705,0.0370769199431686
5.0608125,0.727148089884179,0.72687942049181,0.726781442158427,0.0369620303993123
5.06825,0.726664768633895,0.726397108534305,0.726300200719372,0.0368476273439722
5.0756875,0.726182139067882,0.725915483388776,0.725819635472221,0.0367337087040065
5.083125,0.725700202796035,0.725434546688747,0.725339748223218,0.0366202724284781
5.0905625,0.725218961479321,0.724954300118872,0.724860540728792,0.0365073164482199
5.098,0.724738416742544,0.724474745327602,0.724382014696171,0.0363948386941315
5.1054375,0.724258570161432,0.723995883914254,0.723904171783998,0.0362828371009316
5.112875,0.723779423256146,0.723517717422504,0.723427013602928,0.036171309608557
5.1203125,0.723300977404938,0.723040247253938,0.722950541716227,0.0360602541821908
5.12775,0.722823234009995,0.722563474834101,0.722474757640366,0.0359496687752925
5.1351875,0.722346194460573,0.722087401575586,0.721999662845609,0.0358395513371246
5.142625,0.721869860099879,0.721612028844873,0.721525258756601,0.0357298998214794
5.1500625,0.721394232225484,0.72113735796274,0.721051546752935,0.0356207121858354
5.1575,0.720919312016897,0.720663390131736,0.720578528169727,0.0355119864092979
5.1649375,0.720445100625268,0.720190126526007,0.720106204298182,0.0354037204718827
5.172375,0.719971599218961,0.719717568336918,0.719634576386157,0.0352959123436802
5.1798125,0.719498808923174,0.719245716712607,0.719163645638718,0.0351885599991331
5.18725,0.719026730820518,0.71877457275855,0.718693413218687,0.0350816614171912
5.1946875,0.718555365912364,0.718304137498859,0.718223880247183,0.0349752145908155
5.202125,0.71808471511575,0.71783441187318,0.717755047804168,0.0348692175285104
5.2095625,0.717614779389305,0.717365396862791,0.717286916928983,0.034763668223281
5.217,0.717145559654061,0.716897093411307,0.716819488620877,0.0346585646723963
5.2244375,0.716677056791184,0.716429502422398,0.716352763839526,0.0345539048780763
5.231875,0.716209271626083,0.715962624743887,0.715886743505556,0.0344496868512234
5.2393125,0.715742204874144,0.715496461113386,0.715421428501058,0.0343459086262321
5.24675,0.715275857289785,0.715031012307581,0.714956819670099,0.0342425682228642
5.2541875,0.714810229603053,0.714566279078726,0.714492917819228,0.0341396636631019
5.261625,0.714345322506721,0.714102262141727,0.714029723717966,0.0340371929735905
5.2690625,0.713881136652928,0.713638962170773,0.713567238099309,0.0339351541875255
5.2765,0.713417672584673,0.713176379730724,0.713105461660218,0.0338335453623717
5.2839375,0.712954930858263,0.71271451539974,0.712644395062102,0.0337323645483556
5.291375,0.712492912025309,0.712253369751254,0.7121840389313,0.0336316097933498
5.2988125,0.712031616602611,0.711792943323813,0.711724393859551,0.0335312791503339
5.30625,0.71157104507265,0.711333236621559,0.711265460404467,0.0334313706779943
5.3136875,0.711111197831892,0.71087425006246,0.710807239090007,0.0333318824547346
5.321125,0.710652075245272,0.710415984032871,0.710349730406928,0.0332328125642878
5.3285625,0.710193677697894,0.709958438939322,0.709892934813247,0.0331341590817047
5.336,0.709736005542398,0.709501615155794,0.709436852734689,0.0330359200877206
5.3434375,0.709279059099423,0.709045513024188,0.708981484565136,0.0329380936689105
5.350875,0.708822838631381,0.708590132828049,0.708526830667074,0.0328406779251944
5.3583125,0.708367344329381,0.708135474779472,0.70807289137203,0.0327436709735673
5.36575,0.707912576419926,0.707681539125969,0.707619666980999,0.0326470709187232
5.3731875,0.707458535102712,0.707228326088167,0.70716715776488,0.0325508758703519
5.380625,0.707005220547638,0.706775835856815,0.706715363964897,0.0324550839439608
5.3880625,0.706552632884854,0.706324068582809,0.706264285793028,0.0323596932641612
5.3955,0.706100772157493,0.705873024329845,0.705813923432412,0.0322647019786348
5.4029375,0.70564963843815,0.705422703191094,0.705364277037763,0.0321701082244275
5.410375,0.70519923178423,0.704973105244472,0.704915346735777,0.0320759101412049
5.4178125,0.704749552225425,0.704524230540103,0.704467132625539,0.0319821058744285
5.42525,0.704300599762201,0.704076079098791,0.704019634778921,0.0318886935765983
5.4326875,0.703852374312572,0.703628650858706,0.703572853240977,0.0317956714231515
5.440125,0.703404875800469,0.703181945763904,0.703126788030327,0.0317030375862615
5.4475625,0.702958104151101,0.702735963759682,0.70268143913955,0.031610790236325
5.455,0.702512059263946,0.702290704765521,0.702236806535569,0.0315189275498895
5.4624375,0.702066741013142,0.701846168675478,0.701792890160025,0.0314274477097642
5.469875,0.701622149211393,0.701402355322018,0.70134968992965,0.0313363489168772
5.4773125,0.701178283639991,0.700959264506093,0.70090720573664,0.0312456293808161
5.48475,0.700735144101402,0.700516896049829,0.700465437449016,0.0311552873032639
5.4921875,0.700292730374354,0.700075249751528,0.700024384910998,0.0310653208927203
5.499625,0.699851042214092,0.699634325385919,0.699584047943354,0.0309757283640133
5.5070625,0.69941007933483,0.699194122686582,0.699144426343755,0.0308865079439835
5.5145,0.698969841392125,0.698754641328279,0.698705519887125,0.0307976578784119
5.5219375,0.698530328071142,0.698315881015395,0.698267328325991,0.0307091764025103
5.529375,0.698091539038818,0.697877841434004,0.697829851390829,0.0306210617570413
5.5368125,0.697653473940358,0.697440522248366,0.697393088790397,0.0305333121893181
5.54425,0.697216132393205,0.697003923094876,0.696957040212071,0.0304459259550693
5.5516875,0.696779513947256,0.6965680435422,0.696521705322176,0.0303589013330052
5.559125,0.696343618174353,0.696132883180947,0.696087083766318,0.0302722365940644
5.5665625,0.695908444638113,0.695698441593441,0.695653175169713,0.0301859300117391
5.574,0.695473992882086,0.695264718341847,0.695219979137494,0.0300999798664048
5.5814375,0.695040262429231,0.694831712967655,0.694787495255038,0.0300143844449874
5.588875,0.694607252741483,0.694399424951151,0.694355723088273,0.0299291420562842
5.5963125,0.694174963281733,0.693967853773531,0.693924662183998,0.0298442510090258
5.60375,0.693743393518287,0.693536998921372,0.693494312070184,0.0297597096097224
5.6111875,0.693312542900951,0.693106859862663,0.693064672256276,0.0296755161721007
5.618625,0.692882410861338,0.69267743604711,0.69263574223349,0.0295916690166598
5.6260625,0.692452996787909,0.692248726881129,0.692207521475113,0.029508166479375
5.6335,0.69202430004034,0.691820731742232,0.691780009436802,0.0294250069082125
5.6409375,0.691596319998837,0.691393450028461,0.691353205556864,0.0293421886435441
5.648375,0.691169056026938,0.6909668811211,0.690927109256546,0.0292597100326919
5.6558125,0.690742507471446,0.690541024384616,0.690501719940314,0.029177569429728
5.66325,0.690316673650889,0.690115879155082,0.690077036996135,0.0290957652000268
5.6706875,0.689891553836722,0.689691444721341,0.689653059795764,0.0290142957277473
5.678125,0.689467147324825,0.689267720396667,0.689229787694999,0.0289331593888109
5.6855625,0.689043453399516,0.688844705482692,0.688807220033964,0.0288523545643127
5.693,0.688620471329761,0.688422399265613,0.688385356137364,0.028771879642342
5.7004375,0.688198200365655,0.688000801012659,0.687964195314763,0.028691733019115
5.707875,0.687776639705887,0.687579909939477,0.687543736860837,0.0286119131124529
5.7153125,0.687355788565287,0.687159725277841,0.687123980055633,0.0285324183350033
5.72275,0.686935646155597,0.68674024625638,0.686704924164818,0.0284532471021448
5.7301875,0.68651621167451,0.686321472089587,0.686286568439936,0.0283743978358064
5.737625,0.686097484305623,0.685903401977774,0.685868912118658,0.0282958689649782
5.7450625,0.685679463188438,0.685486035076992,0.685451954425027,0.0282176589380567
5.7525,0.685262147460278,0.685069370541057,0.685035694569696,0.0281397662062366
5.7599375,0.684845536266574,0.68465340753186,0.68462013175017,0.0280621892187138
5.767375,0.684429628739921,0.684238145198372,0.68420526515104,0.0279849264314125
5.7748125,0.684014424000326,0.683823582676887,0.683791093944227,0.0279079763075174
5.78225,0.683599921138144,0.683409719073922,0.683377617289206,0.0278313373242023
5.7896875,0.683186119218801,0.682996553470944,0.682964834333231,0.0277550079710309
5.797125,0.682773017326688,0.682584084968377,0.682552744211562,0.0276789867316607
5.8045625,0.682360614535124,0.682172312655495,0.682141346047692,0.0276032720964103
5.812,0.681948909905972,0.681761235610032,0.681730638953571,0.0275278625620157
5.8194375,0.681537902482187,0.681350852890708,0.681320622029812,0.0274527566356708
5.826875,0.681127591269845,0.680941163519207,0.680911294365912,0.0273779528431328
5.8343125,0.680717975294957,0.68053216653715,0.68050265504046,0.0273034497035418
5.84175,0.680309053577033,0.680123860979584,0.680094703121354,0.0272292457408563
5.8491875,0.679900825125194,0.679716245871087,0.679687437666004,0.0271553394858071
5.856625,0.67949328893624,0.679309320223823,0.679280857721536,0.0270817294772074
5.8640625,0.67908644396868,0.678903083011504,0.678874962324991,0.0270084142735882
5.8715,0.678680289192768,0.678497533219563,0.678469750503524,0.0269353924306603
5.8789375,0.678274823579339,0.678092669833961,0.678065221274612,0.0268626625063551
5.886375,0.67787004608984,0.677688491831193,0.677661373646235,0.0267902230649986
5.8938125,0.677465955676477,0.677284998178426,0.677258206617076,0.0267180726780669
5.90125,0.67706255126051,0.676882187811739,0.676855719176701,0.0266462099341558
5.9086875,0.676659831759249,0.676480059663188,0.676453910305755,0.0265746334268124
5.916125,0.67625779609967,0.676078612674473,0.676052778976146,0.0265033417470972
5.9235625,0.675856443200305,0.675677845778769,0.675652324151227,0.0264323334932426
5.931,0.675455771971424,0.675277757900906,0.675252544785969,0.0263616072698092
5.9384375,0.675055781303511,0.674878347945813,0.674853439827144,0.0262911616942585
5.945875,0.674656470066415,0.674479614797665,0.674455008213501,0.0262209953970194
5.9533125,0.674257837146933,0.674081557357579,0.674057248875942,0.0261511070032583
5.96075,0.673859881425137,0.673684174519874,0.673660160737687,0.026081495144048
5.9681875,0.673462601773707,0.673287465171393,0.673263742714443,0.0260121584573447
5.975625,0.673065997053219,0.672891428186786,0.67286799371457,0.0259430955902529
5.9830625,0.672670066096066,0.672496062412369,0.672472912639254,0.0258743052073962
5.9905,0.672274807750785,0.672101366710601,0.672078498382661,0.0258057859684246
5.9979375,0.671880220863165,0.671707339941123,0.671684749832099,0.0257375365374513
6.005375,0.671486304272415,0.671313980956922,0.671291665868173,0.0256695555851838
6.0128125,0.671093056810178,0.670921288603339,0.670899245364943,0.0256018417893467
6.02025,0.6707004772803,0.670529261697764,0.670507487190084,0.0255343938462493
6.0276875,0.670308564495095,0.67013789906603,0.670116390205032,0.0254672104506248
6.035125,0.669917317269976,0.669747199537022,0.669725953265131,0.025400290299249
6.0425625,0.669526734414533,0.669357161933727,0.669336175219783,0.0253336320949593
6.05,0.669136814732691,0.668967785073388,0.668947054912596,0.025267234547699
6.0574375,0.668747557007498,0.668579067752245,0.668558591181529,0.0252010963818217
6.064875,0.668358960017231,0.668191008761691,0.668170782859033,0.0251352163284091
6.0723125,0.667971022550574,0.667803606903508,0.667783628772186,0.0250695931162559
6.07975,0.667583743391104,0.667416860974292,0.667397127742833,0.0250042254804406
6.0871875,0.66719712131743,0.667030769765602,0.667011278587726,0.0249391121622367
6.094625,0.666811155095516,0.666645332056247,0.666626080118662,0.0248742519141087
6.1020625,0.6664258434749,0.666260546608491,0.666241531142604,0.0248096435021328
6.1095,0.666041185219942,0.66587641219942,0.66585763046182,0.0247452856871666
6.1169375,0.665657179091567,0.665492927602614,0.665474376874007,0.0246811772356192
6.124375,0.665273823846385,0.665110091587269,0.665091769172424,0.0246173169204722
6.1318125,0.664891118233796,0.66472790291528,0.664709806146017,0.0245537035229226
6.13925,0.664509060982237,0.664346360327448,0.664328486579538,0.0244903358406434
6.1466875,0.664127650833168,0.663965462577586,0.663947809253667,0.0244272126673994
6.154125,0.663746886527995,0.663585208419397,0.663567772945135,0.024364332801019
6.1615625,0.663366766804423,0.663205596602813,0.663188376426847,0.0243016950453034
6.169,0.662987290396014,0.662826625873548,0.662809618467992,0.0242392982106709
6.1764375,0.66260845601676,0.662448294957613,0.662431497834162,0.0241771411241265
6.183875,0.662230262386762,0.662070602587094,0.662054013287461,0.0241152226128305
6.1913125,0.661852708230834,0.66169354749875,0.66167716358662,0.0240535415050314
6.19875,0.661475792270655,0.661317128426139,0.661300947487115,0.0239920966350837
6.2061875,0.661099513224882,0.660941344099722,0.660925363741266,0.0239308868436927
6.213625,0.660723869798729,0.660566193236413,0.660550411098346,0.0238699109839535
6.2210625,0.660348860692685,0.660191674548315,0.660176088304687,0.0238091679173102
6.2285,0.659974484617654,0.659817786757939,0.65980239410379,0.0237486565018319
6.2359375,0.659600740281973,0.659444528585155,0.659429327236422,0.0236883756020045
6.243375,0.65922762639147,0.659071898747262,0.659056886440723,0.0236283240879098
6.2508125,0.658855141644435,0.658699895953926,0.658685070452297,0.0235685008396658
6.25825,0.658483284726581,0.65832851890213,0.658313878004314,0.0235089047501136
6.2656875,0.658112054336395,0.657957766301623,0.657943307827615,0.0234495347077646
6.273125,0.657741449171354,0.657587636861089,0.6575733586508,0.0233903896064591
6.2805625,0.657371467926921,0.657218129287124,0.657204029200324,0.023331468345833
6.288,0.657002109294808,0.656849242282504,0.656835318200585,0.0232727698326052
6.2954375,0.65663337195163,0.656480974534785,0.656467224374021,0.0232142929888823
6.302875,0.656265254584497,0.656113324742002,0.656099746441205,0.0231560367341732
6.3103125,0.655897755882347,0.655746291603972,0.655732883120925,0.023097999990962
6.31775,0.655530874532547,0.655379873818875,0.655366633130273,0.0230401816875725
6.3251875,0.655164609220742,0.655014070083107,0.655000995184733,0.0229825807583239
6.332625,0.654798958619364,0.654648879079729,0.654635967998264,0.0229251961519239
6.3400625,0.654433921405284,0.654284299496204,0.654271550283391,0.0228680268187897
6.3475,0.654069496261041,0.653920330025633,0.653907740751278,0.0228110717098717
6.3549375,0.65370568186802,0.6535569693599,0.653544538111812,0.0227543297816712
6.362375,0.653342476906535,0.653194216189756,0.653181941073684,0.0226977999964184
6.3698125,0.652979880048765,0.652832069197721,0.652819948344465,0.0226414813269571
6.37725,0.652617889962851,0.652470527062196,0.652458558630693,0.0225853727552128
6.3846875,0.652256505326818,0.65210958847146,0.652097770637938,0.022529473259536
6.392125,0.651895724818023,0.651749252113063,0.651737583070878,0.0224737818241838
6.3995625,0.651535547113134,0.651389516673801,0.651377994633377,0.0224182974387643
6.407,0.651175970884866,0.651030380836446,0.65101900402856,0.0223630191010571
6.4144375,0.650816994796719,0.650671843274448,0.650660609958883,0.0223079458210984
6.421875,0.650458617523096,0.650313902672156,0.650302811126195,0.0222530766058604
6.4293125,0.650100837739135,0.6499565577146,0.649945606231791,0.0221984104663342
6.43675,0.64974365411963,0.649599807086411,0.649588993976628,0.0221439464189732
6.4441875,0.649387065338044,0.64924364947082,0.649232973061054,0.0220896834864703
6.451625,0.649031070057399,0.648888083540506,0.648877542185276,0.0220356207056849
6.4590625,0.648675666949212,0.648533107976631,0.64852270004918,0.0219817571111891
6.4665,0.648320854688069,0.648178721463383,0.648168445352353,0.0219280917407305
6.4739375,0.647966631948534,0.64782492268487,0.647814776794455,0.0218746236370526
6.481375,0.647612997405136,0.647471710325109,0.647461693074847,0.021821351848228
6.4888125,0.647259949724004,0.647119083059612,0.647109192893028,0.0217682754348525
6.49625,0.646907487574573,0.646767039567158,0.646757274948528,0.0217153934604974
6.5036875,0.646555609632411,0.646415578532636,0.646405937940852,0.0216627049882234
6.511125,0.646204314573365,0.646064698641155,0.646055180569891,0.0216102090865089
6.5185625,0.64585360107362,0.645714398578107,0.645705001535545,0.0215579048290504
6.526,0.645503467804961,0.645364677024403,0.64535539953811,0.0215057912988925
6.5334375,0.645153913436105,0.645015532657812,0.645006373278236,0.0214538675871623
6.540875,0.644804936644849,0.644666964165171,0.644657921456804,0.0214021327828107
6.5483125,0.644456536109711,0.64431897023399,0.644310042775363,0.0213505859792962
6.55575,0.644108710509817,0.64397154955233,0.643962735935761,0.0212992262751399
6.5631875,0.643761458522832,0.643624700806728,0.643615999640472,0.0212480527756131
6.570625,0.643414778820023,0.64327842267722,0.643269832592629,0.0211970645983994
6.5780625,0.643068670081918,0.642932713853108,0.642924233495828,0.0211462608575408
6.5855,0.642723130990984,0.642587573025583,0.642579201054586,0.021095640670854
6.5929375,0.642378160230543,0.642242998886636,0.642234733973998,0.0210452031615738
6.600375,0.642033756484227,0.641898990128517,0.641890830959987,0.0209949474578419
6.6078125,0.64168991842886,0.641555545436566,0.641547490719414,0.020944872700368
6.61525,0.641346644748195,0.641212663503035,0.641204711959824,0.0208949780293066
6.6226875,0.641003934129818,0.640870343023976,0.64086249338991,0.0208452625864775
6.630125,0.640661785262393,0.640528582696468,0.640520833719196,0.0207957255184743
6.6375625,0.640320196835692,0.640187381218647,0.640179731658225,0.0207463659768203
6.645,0.639979167534668,0.639846737283741,0.639839185918729,0.0206971831237635
6.6524375,0.639638696046838,0.639506649587501,0.639499195213334,0.0206481761248378
6.659875,0.639298781065973,0.639167116831913,0.639159758256007,0.0205993441453778
6.6673125,0.638959421287133,0.6388281377202,0.638820873761792,0.020550686355425
6.67475,0.6386206154067,0.638489710956863,0.638482540446923,0.0205022019291734
6.6821875,0.638282362119248,0.638151835244521,0.638144757029046,0.0204538900490769
6.689625,0.637944660117316,0.637814509283688,0.6378075222269,0.0204057499058941
6.6970625,0.637607508101611,0.637477731783041,0.63747083476074,0.0203577806878741
6.7045,0.637270904774542,0.637141501452911,0.637134693352121,0.0203099815874852
6.7119375,0.636934848840029,0.636805817005093,0.636799096723943,0.0202623518017253
6.719375,0.63659933900222,0.636470677151557,0.636464043600724,0.0202148905333432
6.7268125,0.636264373961149,0.636136080600068,0.636129532708258,0.0201675969959014
6.73425,0.63592995242472,0.635802026066258,0.635795562774008,0.0201204704007196
6.7416875,0.635596073103565,0.635468512268446,0.635462132526947,0.0200735099624927
6.749125,0.635262734709991,0.635135537926583,0.63512924069753,0.0200267148997124
6.7565625,0.634929935957713,0.634803101761977,0.634796886018017,0.0199800844362441
6.764,0.634597675556403,0.634471202491807,0.634465067222115,0.0199336178063669
6.7714375,0.634265952221458,0.634139838838957,0.634133783045332,0.0198873142446487
6.778875,0.633934764672518,0.63380900953053,0.633803032224882,0.0198411729869674
6.7863125,0.633604111631056,0.633478713295414,0.633472813499587,0.0197951932733309
6.79375,0.633273991820408,0.633148948864314,0.633143125610237,0.0197493743483212
6.8011875,0.632944403961688,0.632819714965644,0.632813967299231,0.0197037154651802
6.808625,0.632615346778122,0.632491010329879,0.632485337310883,0.0196582158817016
6.8160625,0.632286818999075,0.632162833693624,0.632157234391393,0.0196128748547242
6.8235,0.631958819355881,0.631835183795412,0.631829657288685,0.0195676916449727
6.8309375,0.631631346581872,0.631508059375723,0.631502604752792,0.0195226655176794
6.838375,0.631304399410318,0.631181459174925,0.63117607553551,0.0194777957441827
6.8458125,0.630977976573433,0.630855381932255,0.630850068390651,0.0194330816045252
6.85325,0.630652076810681,0.630529826394203,0.630524582074069,0.0193885223759294
6.8606875,0.630326698863889,0.630204791309578,0.630199615343457,0.0193441173396147
6.868125,0.630001841477,0.629880275429263,0.629875166958737,0.019299865780753
6.8755625,0.629677503395295,0.629556277505433,0.629551235681734,0.0192557669891347
6.883,0.629353683361748,0.629232796287877,0.629227820276378,0.0192118202648972
6.8904375,0.629030380126036,0.628909830533082,0.628904919508788,0.0191680249061577
6.897875,0.628707592441041,0.628587379000706,0.628582532147021,0.0191243802136754
6.9053125,0.62838531906187,0.628265440452592,0.628260656961466,0.0190808854918956
6.91275,0.628063558745727,0.627944013652639,0.62793929272455,0.0190375400496601
6.9201875,0.627742310247843,0.627623097362695,0.62761843821088,0.0189943432052031
6.927625,0.627421572328251,0.627302690349393,0.62729809219738,0.0189512942774028
6.9350625,0.627101343751393,0.626982791383752,0.626978253463009,0.01890839258607
6.9425,0.626781623284032,0.62666339923907,0.62665892078914,0.0188656374547458
6.9499375,0.62646240969527,0.626344512690949,0.626340092959316,0.0188230282108792
6.957375,0.626143701753807,0.626026130514522,0.626021768759316,0.0187805641896244
6.9648125,0.625825498230235,0.625708251486775,0.625703946977355,0.0187382447300877
6.97225,0.625507797900994,0.625390874390529,0.625386626403773,0.0186960691709981
6.9796875,0.625190599544939,0.625073998010982,0.625069805831392,0.0186540368544152
6.987125,0.624873901943346,0.624757621135721,0.624753484055318,0.0186121471258183
6.9945625,0.624557703878593,0.624441742553375,0.624437659872954,0.0185703993367925
7.002,0.624242004132839,0.624126361052301,0.624122332084232,0.0185287928462285
7.0094375,0.623926801494645,0.623811475427251,0.623807499491299,0.0184873270108854
7.016875,0.62361209475534,0.623497084475713,0.623493160898833,0.0184460011908083
7.0243125,0.623297882708754,0.623183186997636,0.62317931511391,0.0184048147495952
7.03175,0.62298416415075,0.622869781794965,0.622865960945945,0.0183637670550185
7.0391875,0.622670937876279,0.622556867668661,0.622553097206971,0.0183228574836214
7.046625,0.622358202686028,0.622244443425416,0.622240722711313,0.01828208541097
7.0540625,0.62204595738414,0.621932507875349,0.62192883627587,0.018241450214318
7.0615,0.621734200777321,0.621621059831109,0.621617436720036,0.0182009512746051
7.0689375,0.621422931674786,0.621310098107814,0.621306522865589,0.0181605879762792
7.076375,0.621112148885283,0.620999621520054,0.620996093536992,0.0181203597119151
7.0838125,0.620801851221662,0.620689628886497,0.620686147561075,0.0180802658755308
7.09125,0.620492037501171,0.620380119030196,0.620376683767276,0.0180403058612111
7.0986875,0.620182706543676,0.62007109077678,0.620067700987616,0.0180004790670374
7.106125,0.619873857171666,0.619762542954475,0.619759198056534,0.0179607848936891
7.1135625,0.619565488208434,0.619454474392251,0.619451173811214,0.0179212227487069
7.121,0.619257598479127,0.619146883920895,0.619143627091276,0.017881792044494
7.1284375,0.618950186814323,0.618839770376616,0.618836556738971,0.0178424921913889
7.135875,0.618643252047288,0.618533132598279,0.618529961599209,0.0178033226038821
7.1433125,0.61833679301396,0.618226969427388,0.618223840519356,0.0177642826991065
7.15075,0.618030808552106,0.617921279707236,0.617918192349562,0.0177253718989245
7.1581875,0.617725297499974,0.617616062281533,0.617613015942481,0.0176865896325928
7.165625,0.617420258701435,0.61731131599962,0.617308310153413,0.0176479353272141
7.1730625,0.617115691003364,0.617007039713804,0.617004073840384,0.0176094084129774
7.1805,0.616811593255343,0.616703232279071,0.616700305863907,0.0175710083229585
7.1879375,0.616507964309404,0.616399892552825,0.616397005087312,0.0175327344933196
7.195375,0.6162048030177,0.616097019392524,0.616094170376492,0.0174945863692599
7.2028125,0.615902108237336,0.615794611660574,0.615791800599995,0.0174565633941581
7.21025,0.61559987882896,0.615492668222901,0.615489894629153,0.0174186650133246
7.2176875,0.615298113655962,0.615191187948142,0.615188451337816,0.0173808906751782
7.225125,0.614996811584462,0.614890169707631,0.614887469602666,0.017343239831269
7.2325625,0.614695971481174,0.614589612373244,0.61458694830301,0.0173057119399633
7.24,0.61439559221639,0.614289514820409,0.61428688632081,0.0172683064616042
7.2474375,0.614095672664668,0.613989875928812,0.613987282540858,0.01723102285629
7.254875,0.613796211703339,0.613690694580875,0.613688135850497,0.017193860587339
7.2623125,0.613497208212502,0.613391969661765,0.613389445139907,0.0171568191209115
7.26975,0.613198661073826,0.61309370005817,0.613091209301944,0.017119897928608
7.2771875,0.612900569170887,0.612795884658644,0.612793427232123,0.0170830964866919
7.284625,0.612602931392218,0.612498522356701,0.612496097828824,0.0170464142697391
7.2920625,0.612305746629189,0.612201612048656,0.612199219993001,0.0170098507557448
7.2995,0.61200901377596,0.611905152633585,0.61190279262845,0.0169734054252801
7.3069375,0.611712731728951,0.611609143012797,0.611606814641687,0.0169370777624245
7.314375,0.6114168993856,0.611313582088558,0.611311284941886,0.0169008672584292
7.3218125,0.611121515648301,0.611018468768094,0.611016202441108,0.0168647734028582
7.32925,0.610826579422535,0.610723801961689,0.610721566054021,0.0168287956872515
7.3366875,0.610532089616588,0.610429580582409,0.61042737469812,0.0167929336060357
7.344125,0.610238045141405,0.610135803545946,0.610133627293667,0.016757186656724
7.3515625,0.609944444908804,0.609842469768809,0.609840322763571,0.0167215543438681
7.359,0.609651287834913,0.609549578171817,0.609547460033651,0.0166860361713983
7.3664375,0.609358572839377,0.609257127679278,0.609255038032352,0.0166506316447768
7.373875,0.609066298844652,0.60896511721829,0.608963055690935,0.0166153402715752
7.3813125,0.608774464776006,0.608673545718736,0.608671511943463,0.0165801615627847
7.38875,0.608483069560035,0.608382412111776,0.60838040572664,0.0165450950348589
7.3961875,0.608192112126498,0.608091715331714,0.608089735980086,0.0165101402064272
7.403625,0.607901591409231,0.607801454316918,0.60779950164607,0.0164752965959192
7.4110625,0.607611506344882,0.607511628008546,0.607509701669661,0.0164405637244069
7.4185,0.607321855872921,0.60722223535055,0.607220334998755,0.0164059411154271
7.4259375,0.607032638934847,0.606933275288872,0.606931400583884,0.0163714282971572
7.433375,0.606743854474134,0.606644746771393,0.606642897378495,0.0163370248022154
7.4408125,0.606455501438754,0.606356648750489,0.606354824338707,0.0163027301620433
7.44825,0.606167578779553,0.606068980181385,0.606067180423411,0.0162685439103472
7.4556875,0.605880085450192,0.605781740022098,0.605779964594352,0.016234465583298
7.463125,0.605593020406824,0.605494927233105,0.605493175815904,0.0162004947204863
7.4705625,0.605306382607021,0.605208540776254,0.605206813055343,0.0161666308676756
7.478,0.605020171012721,0.604922579617762,0.604920875282641,0.0161328735688526
7.4854375,0.604734384588949,0.604637042726908,0.604635361470514,0.0160992223701806
7.492875,0.604449022303539,0.604351929075757,0.604350270594547,0.0160656768201983
7.5003125,0.604164083127062,0.604067237639086,0.604065601632949,0.0160322364700205
7.50775,0.603879566031481,0.603782967393017,0.603781353566815,0.0159989008767791
7.5151875,0.60359546999255,0.603499117317454,0.60349752537995,0.0159656695978283
7.522625,0.603311793989436,0.603215686395698,0.603214116058881,0.0159325421910772
7.5300625,0.603028537004108,0.60293267361383,0.602931124593006,0.0158995182171218
7.5375,0.602745698021338,0.602650077960711,0.602648549974347,0.0158665972385341
7.5449375,0.602463276027698,0.60236789842696,0.602366391197785,0.01583377882306
7.552375,0.602181270012615,0.60208613400603,0.60208464726093,0.0158010625409544
7.5598125,0.601899678969345,0.601804783695197,0.60180331716408,0.0157684479616504
7.56725,0.60161850189394,0.601523846494508,0.60152239991041,0.0157359346571795
7.5746875,0.601337737785242,0.601243321406779,0.601241894505713,0.0157035222017043
7.582125,0.601057385644378,0.600963207437077,0.600961799958611,0.0156712101732515
7.5895625,0.600777444474509,0.600683503592471,0.600682115280469,0.0156389981538441
7.597,0.600497913282855,0.600404208884087,0.600402839485311,0.0156068857248171
7.6044375,0.60021879107948,0.600125322325871,0.600123971590032,0.0155748724693927
7.611875,0.599940076877227,0.599846842934529,0.599845510614138,0.0155429579727029
7.6193125,0.599661769691517,0.59956876972932,0.599567455579938,0.0155111418227216
7.62675,0.599383868539464,0.599291101731152,0.599289805512487,0.0154794236130407
7.6341875,0.599106372442058,0.599013837964808,0.599012559439471,0.0154478029363414
7.641625,0.598829280423296,0.598736977458062,0.598735716391436,0.0154162793864376
7.6490625,0.598552591509937,0.598460519241426,0.598459275401538,0.0153848525593858
7.6565,0.598276304731461,0.598184462348113,0.598183235505695,0.0153535220535739
7.6639375,0.59800041911908,0.597908805813029,0.597907595742578,0.0153222874727188
7.671375,0.597724933707374,0.597633548674435,0.597632355153463,0.0152911484205376
7.6788125,0.597449847534183,0.597358689973842,0.597357512782466,0.015260104501813
7.68625,0.597175159640087,0.597084228755482,0.597083067676309,0.0152291553228157
7.6936875,0.596900869068405,0.596810164066302,0.596809018884437,0.0151983004922362
7.701125,0.596626974864526,0.596536494955289,0.596535365459053,0.0151675396229622
7.7085625,0.596353476076464,0.596263220474028,0.596262106454934,0.0151368723303014
7.716,0.596080371755792,0.595990339677665,0.595989240929674,0.0151062982288508
7.7234375,0.595807660956811,0.595717851624048,0.59571676794347,0.0150758169354059
7.730875,0.595535342736534,0.595445755373721,0.595444686559204,0.0150454280686274
7.7383125,0.595263416154368,0.595174049989593,0.595172995842506,0.0150151312503954
7.74575,0.594991880271793,0.594902734536618,0.594901694861564,0.014984926106365
7.7531875,0.594720734153946,0.5946318080834,0.594630782687344,0.0149548122616361
7.760625,0.594449976868728,0.594361269701291,0.594360258393422,0.0149247893427296
7.7680625,0.594179607486735,0.594091118464321,0.594090121056007,0.014894856978076
7.7755,0.593909625081138,0.593821353449072,0.593820369754056,0.0148650147983709
7.7829375,0.593640028726979,0.593551973733962,0.593551003569057,0.0148352624393722
7.790375,0.593370817502749,0.593282978400852,0.593282021585243,0.0148055995361052
7.7978125,0.593101990489833,0.593014366534484,0.593013422889451,0.0147760257245722
7.80525,0.592833546772284,0.592746137222251,0.592745206571113,0.0147465406425962
7.8126875,0.592565485436806,0.592478289554177,0.592477371722393,0.0147171439302651
7.820125,0.592297805572036,0.592210822622184,0.592209917437966,0.0146878352318192
7.8275625,0.592030506269635,0.591943735521207,0.591942842815215,0.0146586141925864
7.835,0.59176358662434,0.591677027349252,0.591676146954119,0.0146294804576508
7.8424375,0.591497045733533,0.591410697206944,0.591409828957213,0.0146004336743388
7.849875,0.591230882697231,0.591144744197534,0.591143887929747,0.0145714734915536
7.8573125,0.590965096617651,0.590879167426437,0.59087832297946,0.0145425995618842
7.86475,0.590699686599457,0.590613966001502,0.590613133216759,0.0145138115400512
7.8721875,0.5904346517506,0.590349139033853,0.590348317754642,0.0144851090807974
7.879625,0.590169991181647,0.59008468563722,0.59008387570862,0.0144564918398871
7.8870625,0.589905704005782,0.589820604927925,0.589819806196897,0.0144279594755048
7.8945,0.589641789338587,0.589556896024675,0.589556108340152,0.0143995116476558
7.9019375,0.589378246297731,0.589293558048227,0.589292781261682,0.0143711480208975
7.909375,0.589115074004176,0.589030590122631,0.58902982408737,0.014342868258721
7.9168125,0.588852271581537,0.588767991374581,0.588767235945575,0.0143146720254839
7.92425,0.588589838156015,0.588505760933332,0.588505015967319,0.0142865589878527
7.9316875,0.58832777285632,0.588243897930636,0.588243163286084,0.0142585288142039
7.939125,0.588066074813128,0.587982401500173,0.587981677037924,0.0142305811773991
7.9465625,0.587804743160206,0.587721270778718,0.587720556361468,0.0142027157494562
7.954,0.587543777034072,0.587460504905779,0.587459800397784,0.0141749322036144
7.9614375,0.587283175573796,0.5872001030234,0.587199408290573,0.0141472302147116
7.968875,0.587022937920987,0.586940064276151,0.58693937918598,0.0141196094593843
7.9763125,0.586763063219296,0.586680387810612,0.586679712232675,0.0140920696177105
7.98375,0.586503550615102,0.586421072776082,0.58642040658189,0.0140646103710784
7.9911875,0.586244399257673,0.58616211832474,0.58616146138726,0.0140372314008097
7.998625,0.585985608298794,0.585903523611268,0.58590287580502,0.014009932389536
8.0060625,0.585727176892768,0.585645287792847,0.585644648993834,0.0139827130222869
8.0135,0.585469104196126,0.585387410028869,0.585386780114841,0.0139555729858687
8.0209375,0.585211389367707,0.585129889481006,0.585129268331731,0.0139285119707733
8.028375,0.584954031569358,0.584872725313941,0.58487211281056,0.0139015296659606
8.0358125,0.584697029965427,0.58461591669484,0.584615312719947,0.0138746257621003
8.04325,0.584440383722747,0.584359462793339,0.584358867230926,0.0138477999520159
8.0506875,0.584184092010505,0.584103362781414,0.58410277551696,0.0138210519295079
8.058125,0.583928153999956,0.583847615833073,0.583847036754041,0.0137943813931951
8.0655625,0.583672568865322,0.583592221125301,0.5835916501205,0.0137677880398535
8.073,0.583417335783357,0.583337177837591,0.583336614797187,0.0137412715683016
8.0804375,0.58316245393326,0.583082485151877,0.583081929967354,0.0137148316780689
8.087875,0.582907922496648,0.582828142252489,0.582827594816634,0.0136884680707272
8.0953125,0.582653740657136,0.582574148325725,0.58257360853317,0.0136621804519788
8.10275,0.582399907601121,0.582320502560667,0.582319970307414,0.0136359685266818
8.1101875,0.582146422517596,0.58206720414898,0.582066679332292,0.0136098320006939
8.117625,0.581893284597971,0.581814252284731,0.581813734803119,0.0135837705812047
8.1250625,0.581640493036072,0.581561646164391,0.581561135917546,0.0135577839771805
8.1325,0.581388047027791,0.58130938498647,0.581308881875708,0.0135318719004518
8.1399375,0.581135945771511,0.581057467951958,0.581056971880022,0.0135060340639814
8.147375,0.580884188468298,0.580805894264525,0.580805405135336,0.01348027018091
8.1548125,0.580632774321609,0.580554663130214,0.580554180848868,0.0134545799655772
8.16225,0.580381702537282,0.580303773757439,0.580303298230132,0.0134289631338769
8.1696875,0.580130972323349,0.580053225356789,0.580052756491095,0.0134034194037902
8.177125,0.579880582890027,0.579803017141012,0.579802554845983,0.0133779484964958
8.1845625,0.57963053345028,0.57955314832561,0.579552692511405,0.0133525501316845
8.192,0.579380823219445,0.579303618128439,0.579303168706325,0.0133272240307125
8.1994375,0.579131451415203,0.579054425769688,0.57905398265196,0.013301969916335
8.206875,0.578882417257508,0.578805570471802,0.578805133571949,0.0132767875131945
8.2143125,0.578633719968331,0.578557051459221,0.578556620692168,0.0132516765489088
8.22175,0.578385358772335,0.578308867959075,0.578308443240827,0.0132266367504519
8.2291875,0.578137332896566,0.578061019200865,0.578060600448474,0.0132016678459523
8.236625,0.577889641570388,0.577813504416395,0.577813091547871,0.0131767695650931
8.2440625,0.577642284025452,0.57756632283975,0.577565915774166,0.0131519416381565
8.2515,0.577395259495397,0.577319473706972,0.577319072364725,0.0131271837997771
8.2589375,0.577148567216386,0.577072956256623,0.577072560559196,0.0131024957838788
8.266375,0.57690220642701,0.576826769729687,0.576826379599551,0.0130778773249407
8.2738125,0.576656176368141,0.576580913369416,0.576580528729936,0.0130533281590628
8.28125,0.576410476282929,0.576335386421327,0.576335007196845,0.0130288480234553
8.2886875,0.576165105416564,0.576090188132959,0.576089814248971,0.01300443665746
8.296125,0.575920063016524,0.575845317754119,0.575844949137241,0.0129800938031499
8.3035625,0.575675348332774,0.575600774537107,0.575600411114885,0.0129558192007773
8.311,0.57543096061753,0.575356557736457,0.575356199437273,0.0129316125926815
8.3184375,0.57518689912525,0.575112666608933,0.57511231336208,0.0129074737224455
8.325875,0.574943163112515,0.574869100413406,0.574868752149165,0.0128834023355173
8.3333125,0.574699751837971,0.574625858410795,0.574625515060573,0.0128593981796099
8.34075,0.574456664562778,0.574382939864529,0.574382601360627,0.0128354610020143
8.3481875,0.574213900550326,0.57414034404026,0.574140010315758,0.0128115905509762
8.355625,0.573971459066215,0.573898070205833,0.573897741194491,0.0127877865761183
8.3630625,0.573729339378203,0.573656117631242,0.573655793268194,0.0127640488282843
8.3705,0.573487540756005,0.573414485588414,0.573414165809243,0.0127403770618262
8.3779375,0.573246062471782,0.573173173351721,0.573172858093206,0.0127167710299858
8.385375,0.573004903799928,0.572932180197762,0.572931869397652,0.012693230486982
8.3928125,0.572764064017018,0.572691505405298,0.572691199001664,0.0126697551883215
8.40025,0.572523542401782,0.572451148255244,0.572450846187008,0.0126463448905323
8.4076875,0.572283338234892,0.572211108030426,0.572210810237897,0.01262299935334
8.415125,0.572043450799319,0.571971384015967,0.571971090440008,0.0125997183366033
8.4225625,0.571803879380297,0.57173197549925,0.571731686081218,0.0125765016000701
8.43,0.571564623265203,0.571492881769787,0.571492596452231,0.0125533489050644
8.4374375,0.571325681743551,0.571254102119216,0.571253820845314,0.01253026001371
8.444875,0.571087054106835,0.571015635841139,0.5710153585545,0.0125072346908395
8.4523125,0.57084873964866,0.570777482231254,0.570777208876768,0.0124842727024621
8.45975,0.570610737664929,0.570539640587558,0.570539371110921,0.0124613738140322
8.4671875,0.570373047453657,0.570302110210147,0.570301844557275,0.0124385377923586
8.474625,0.570135668314964,0.570064890401214,0.570064628518854,0.0124157644054046
8.4820625,0.569898599550991,0.569827980464956,0.569827722300918,0.0123930534225103
8.4895,0.569661840465839,0.569591379707513,0.569591125210149,0.0123704046157469
8.4969375,0.569425390365901,0.569355087437319,0.569354836555493,0.0123478177562752
8.504375,0.569189248559667,0.569119102964892,0.569118855648537,0.0123252926161665
8.5118125,0.568953414357691,0.568883425602807,0.568883181802338,0.0123028289688687
8.51925,0.568717887072569,0.568648054665668,0.568647814331775,0.0122804265887622
8.5266875,0.568482666018777,0.568412989469939,0.568412752554567,0.012258085252892
8.534125,0.568247750513017,0.568178229334309,0.568177995790107,0.0122358047384585
8.5415625,0.568013139874082,0.567943773579552,0.567943543359309,0.0122135848224847
8.549,0.567778833422804,0.567709621528466,0.567709394585798,0.0121914252838584
8.5564375,0.567544830482038,0.567475772505868,0.567475548795232,0.012169325901823
8.563875,0.567311130376511,0.567242225838425,0.56724200531466,0.0121472864584193
8.5713125,0.567077732433052,0.567008980854902,0.567008763473454,0.0121253067361771
8.57875,0.566844635980599,0.566776036886164,0.566775822603428,0.0121033865177589
8.5861875,0.566611840350089,0.566543393265073,0.566543182037794,0.0120815255865159
8.593625,0.566379344874463,0.566311049326479,0.56631084111164,0.0120597237269093
8.6010625,0.566147148888554,0.566079004407111,0.566078799162769,0.012037980725732
8.6085,0.565915251729155,0.565847257845646,0.565847055530526,0.0120162963709092
8.6159375,0.565683652735177,0.565615808982878,0.565615609555797,0.0119946704497664
8.623375,0.565452351247507,0.565384657161566,0.565384460582152,0.0119731027510284
8.6308125,0.565221346609,0.565153801726431,0.565153607955009,0.0119515930640857
8.63825,0.564990638164423,0.564923242024092,0.564923051021156,0.0119301411798389
8.6456875,0.564760225260395,0.564692977403002,0.564692789129749,0.0119087468914314
8.653125,0.564530107245631,0.564463007213715,0.564462821632188,0.011887409991318
8.6605625,0.564300283470806,0.56423333080873,0.564233147881208,0.0118661302728418
8.668,0.564070753288527,0.564003947542473,0.564003767231484,0.0118449075304117
8.6754375,0.563841516053315,0.563774856771275,0.563774679040249,0.0118237415590583
8.682875,0.563612571121484,0.563546057853242,0.563545882666176,0.0118026321567433
8.6903125,0.563383917851386,0.563317550148512,0.563317377469502,0.0117815791210951
8.69775,0.563155555603317,0.563089333019168,0.563089162813097,0.0117605822497868
8.7051875,0.562927483739482,0.562861405829185,0.562861238061513,0.0117396413420678
8.712625,0.562699701623978,0.562633767944428,0.562633602580659,0.0117187561974985
8.7200625,0.562472208622685,0.562406418732525,0.56240625573884,0.0116979266183037
8.7275,0.562245004103416,0.562179357563033,0.56217919690641,0.0116771524069526
8.7349375,0.562018087435941,0.561952583807461,0.561952425455013,0.0116564333658919
8.742375,0.561791457991897,0.561726096839178,0.561725940758288,0.0116357692987012
8.7498125,0.561565115144789,0.561499896033412,0.561499742192267,0.0116151600093817
8.75725,0.56133905826992,0.561273980767174,0.561273829134329,0.0115946053043103
8.7646875,0.561113286744412,0.561048350419286,0.561048200963459,0.0115741049906637
8.772125,0.56088779994734,0.560823004370521,0.560822857061297,0.0115536588753962
8.7795625,0.560662597259627,0.560597942003488,0.560597796810552,0.0115332667664836
8.787,0.560437678064026,0.560373162702625,0.560373019596126,0.0115129284725013
8.7944375,0.560213041745095,0.560148665854158,0.560148524804655,0.0114926438034235
8.801875,0.559988687689128,0.559924450846041,0.559924311824592,0.0114724125710897
8.8093125,0.559764615284351,0.559700517068152,0.559700380046189,0.0114522345869839
8.81675,0.559540823920811,0.559476863912188,0.559476728861504,0.011432109663212
8.8241875,0.559317312990358,0.559253490771641,0.559253357664383,0.0114120376127014
8.831625,0.559094081886635,0.559030397041785,0.559030265850466,0.0113920182494232
8.8390625,0.558871130004984,0.558807582119579,0.558807452817173,0.0113720513890803
8.8465,0.558648456742613,0.558585045403845,0.558584917963708,0.0113521368481972
8.8539375,0.558426061498545,0.558362786295217,0.55836266069104,0.0113322744425215
8.861375,0.558203943673574,0.55814080419609,0.558140680401906,0.0113124639892881
8.8688125,0.557982102670267,0.557919098510624,0.557918976500799,0.0112927053063316
8.87625,0.557760537892876,0.557697668644653,0.557697548393964,0.0112729982134629
8.8836875,0.557539248747438,0.557476514005787,0.557476395489393,0.0112533425311145
8.891125,0.557318234641799,0.557255634003442,0.557255517196819,0.0112337380795635
8.8985625,0.557097494985552,0.557035028048775,0.55703491292771,0.0112141846799085
8.906,0.556877029190024,0.55681469555467,0.55681458209526,0.0111946821540032
8.9134375,0.556656836668241,0.556594635935698,0.556594524114389,0.0111752303250778
8.920875,0.55643691683492,0.55637484860811,0.556374738401735,0.011155829017917
8.9283125,0.556217269106581,0.55615533298996,0.556155224375643,0.0111364780569945
8.93575,0.555997892901463,0.555936088501013,0.55593598145617,0.0111171772668728
8.9431875,0.555778787639512,0.555717114562736,0.555717009065072,0.0110979264738686
8.950625,0.555559952742365,0.555498410598275,0.555498306625804,0.0110787255042322
8.9580625,0.555341387633293,0.555279976032396,0.555279873563509,0.0110595741873443
8.9655,0.555123091737335,0.555061810291639,0.555061709305016,0.0110404723508095
8.9729375,0.554905064481232,0.554843912804234,0.554843813278829,0.0110214198239866
8.980375,0.554687305293403,0.554626283000084,0.554626184915122,0.0110024164359901
8.9878125,0.554469813603941,0.554408920310756,0.554408823645737,0.0109834620175775
8.99525,0.554252588844538,0.554191824169409,0.554191728904178,0.0109645564006167
9.0026875,0.554035630448608,0.553974994010913,0.553974900125599,0.0109456994180412
9.010125,0.553818937851248,0.553758429271822,0.553758336746808,0.0109268909019411
9.0175625,0.553602510489206,0.553542129390332,0.553542038206253,0.0109081306856051
9.025,0.553386347800878,0.553326093806284,0.553326003944023,0.0108894186030106
9.0324375,0.553170449226255,0.553110321961095,0.553110233401837,0.010870754490111
9.039875,0.552954814206969,0.552894813297826,0.552894726023041,0.0108521381826154
9.0473125,0.552739442186336,0.55267956726121,0.552679481252607,0.0108335695170769
9.05475,0.552524332609292,0.5524645832976,0.552464498537126,0.0108150483303815
9.0621875,0.552309484922392,0.552249860854961,0.552249777324797,0.010796574459726
9.069625,0.552094898573782,0.552035399382836,0.552035317065428,0.010778147744217
9.0770625,0.551880573013184,0.551821198332338,0.551821117210424,0.0107597680238269
9.0845,0.551666507691988,0.551607257156242,0.551607177212786,0.0107414351384172
9.0919375,0.551452702063177,0.551393575308917,0.551393496527102,0.0107231489280712
9.099375,0.551239155581329,0.551180152246315,0.551180074609543,0.010704909234116
9.1068125,0.551025867702596,0.550966987425957,0.55096691091786,0.0106867158982116
9.11425,0.550812837884668,0.550754080306889,0.550754004911374,0.0106685687640828
9.1216875,0.550600065586862,0.550541430349784,0.550541356050975,0.0106504676752328
9.129125,0.550387550270076,0.550329037016889,0.550328963799115,0.0106324124752089
9.1365625,0.550175291396771,0.550116899772011,0.5501168276198,0.0106144030085575
9.144,0.549963288430966,0.549905018080505,0.54990494697859,0.0105964391204028
9.1514375,0.549751540838187,0.549693391409226,0.549693321342591,0.0105785206571785
9.158875,0.549540048085546,0.549482019226604,0.549481950180454,0.0105606474666065
9.1663125,0.549328809641717,0.549270901002634,0.549270832962367,0.0105428193951207
9.17375,0.549117824976911,0.549060036208843,0.549059969160046,0.0105250362903986
9.1811875,0.548907093562872,0.548849424318281,0.548849358246735,0.0105072980013166
9.188625,0.548696614872843,0.548639064805487,0.548638999697195,0.0104896043770841
9.1960625,0.548486388381589,0.548428957146516,0.548428892987703,0.0104719552686872
9.2035,0.548276413565427,0.548219100818976,0.548219037596046,0.0104543505261345
9.2109375,0.54806668990219,0.548009495301983,0.548009433001514,0.0104367900003233
9.218375,0.547857216871211,0.547800140076148,0.547800078684895,0.0104192735430608
9.2258125,0.547647993953316,0.547591034623564,0.547590974128475,0.0104018010066431
9.23325,0.547439020630798,0.547382178427785,0.547382118816024,0.0103843722452757
9.2406875,0.547230296387487,0.547173570973903,0.547173512232799,0.0103669871122536
9.248125,0.547021820708704,0.546965211748489,0.546965153865535,0.0103496454617158
9.2555625,0.546813593081244,0.546757100239589,0.546757043202441,0.0103323471483563
9.263,0.546605612993377,0.546549235936715,0.546549179733199,0.0103150920273354
9.2704375,0.546397879934811,0.546341618330804,0.546341562948955,0.0102978799563003
9.277875,0.546190393396752,0.546134246914293,0.546134192342314,0.0102807107914993
9.2853125,0.545983152871879,0.545927121181089,0.545927067407337,0.0102635843900023
9.29275,0.545776157854327,0.545720240626543,0.54572018763953,0.0102465006099006
9.3001875,0.545569407839677,0.545513604747453,0.545513552535844,0.0102294593092189
9.307625,0.545362902324928,0.545307213042022,0.545307161594671,0.0102124603479581
9.3150625,0.545156640808537,0.545101065009907,0.545101014315833,0.0101955035858747
9.3225,0.544950622790419,0.544895160152221,0.544895110200583,0.0101785888834582
9.3299375,0.544744847771915,0.544689497971498,0.544689448751599,0.0101617161010648
9.337375,0.544539315255793,0.544484077971694,0.544484029472975,0.0101448851002273
9.3448125,0.544334024746222,0.544278899658157,0.544278851870224,0.0101280957427674
9.35225,0.544128975748786,0.544073962537642,0.544073915450263,0.010111347892483
9.3596875,0.54392416777051,0.543869266118343,0.543869219721418,0.0100946414123948
9.367125,0.543719600319819,0.543664809909855,0.543664764193415,0.0100779761656122
9.3745625,0.543515272906544,0.543460593423169,0.543460548377381,0.0100613520166215
9.382,0.543311185041903,0.543256616170655,0.543256571785831,0.0100447688300864
9.3894375,0.543107336238485,0.543052877666047,0.543052833932664,0.0100282264725138
9.396875,0.5429037260103,0.542849377424501,0.542849334333162,0.0100117248097886
9.4043125,0.542700353872743,0.542646114962549,0.542646072503983,0.00999526370835113
9.41175,0.542497219342581,0.542443089798098,0.542443047963156,0.00997884303475249
9.4191875,0.542294321937956,0.542240301450415,0.542240260230076,0.00996246265647649
9.426625,0.542091661178353,0.542037749440106,0.5420377088255,0.00994612244313853
9.4340625,0.541889236584644,0.54183543328916,0.541835393271543,0.00992982226304395
9.4415,0.54168704767907,0.541633352520933,0.541633313091672,0.00991356198563054
9.4489375,0.541485093985222,0.541431506660127,0.541431467810701,0.00989734148022503
9.456375,0.541283375028042,0.541229895232786,0.541229856954791,0.00988116061710897
9.4638125,0.541081890333795,0.541028517766273,0.541028480051438,0.00986501926778516
9.47125,0.540880639430101,0.540827373789299,0.540827336629476,0.00984891730408943
9.4786875,0.540679621845927,0.54062646283192,0.540626426219071,0.00983285459761341
9.486125,0.540478837111571,0.540425784425521,0.540425748351716,0.00981683102090347
9.4935625,0.540278284758657,0.540225338102804,0.540225302560223,0.00980084644655044
9.501,0.540077964320119,0.540025123397779,0.54002508837872,0.00978490074814431
9.5084375,0.539877875330205,0.539825139845757,0.539825105342646,0.00976899380096263
9.515875,0.539678017324496,0.539625386983387,0.53962535298875,0.0097531254790173
9.5233125,0.539478389839881,0.53942586434862,0.539425830855081,0.0097372956568087
9.53075,0.539278992414553,0.539226571480703,0.539226538480985,0.00972150421043594
9.5381875,0.539079824587998,0.539027507920175,0.539027475407105,0.00970575101537641
9.545625,0.538880885900983,0.538828673208843,0.538828641175371,0.00969003594950557
9.5530625,0.538682175895589,0.538630066889832,0.538630035328999,0.00967435888947765
9.5605,0.538483694115184,0.538431688507546,0.538431657412484,0.00965871971281285
9.5679375,0.538285440104415,0.538233537607667,0.538233506971598,0.00964311829745323
9.575375,0.538087413409207,0.538035613737148,0.538035583553387,0.00962755452169617
9.5828125,0.537889613576741,0.53783791644419,0.537837886706166,0.00961202826552654
9.59025,0.537692040155482,0.537640445278276,0.537640415979515,0.00959653940826311
9.5976875,0.537494692695166,0.537443199790158,0.537443170924271,0.00958108783006839
9.605125,0.53729757074679,0.537246179531841,0.537246151092527,0.00956567341139358
9.6125625,0.5371006738626,0.537049384056581,0.537049356037627,0.00955029603255664
9.62,0.536904001596086,0.536852812918866,0.536852785314157,0.00953495557598494
9.6274375,0.53670755350199,0.536656465674431,0.53665643847795,0.00951965192383941
9.634875,0.536511329136306,0.536460341880265,0.536460315086071,0.00950438495839201
9.6423125,0.536315328056269,0.53626444109459,0.536264414696821,0.00948915456255861
9.64975,0.536119549820344,0.536068762876857,0.536068736869732,0.00947396061921069
9.6571875,0.535923993988219,0.535873306787733,0.535873281165555,0.00945880301252977
9.664625,0.535728660120807,0.535678072389101,0.535678047146268,0.00944368162762999
9.6720625,0.535533547780254,0.535483059244081,0.53548303437506,0.00942859634895932
9.6795,0.535338656529927,0.535288266917005,0.535288242416338,0.0094135470616763
9.6869375,0.5351439859344,0.535093694973414,0.535093670835715,0.00939853365100607
9.694375,0.534949535559459,0.534899342980049,0.534899319200014,0.00938355600332841
9.7018125,0.534755304972079,0.534705210504837,0.534705187077255,0.0093686140060445
9.70925,0.534561293740458,0.534511297116925,0.534511274036655,0.00935370754611142
9.7166875,0.534367501433987,0.534317602386651,0.534317579648622,0.00933883651090817
9.724125,0.534173927623248,0.534124125885542,0.534124103484752,0.00932400078799134
9.7315625,0.533980571880016,0.533930867186308,0.533930845117826,0.00930920026593895
9.739,0.533787433777233,0.533737825862824,0.533737804121802,0.00929443483388415
9.7464375,0.533594512889038,0.533545001490158,0.533544980071815,0.00927970438151515
9.753875,0.533401808790749,0.533352393644552,0.533352372544173,0.0092650087984314
9.7613125,0.533209321058855,0.533160001903419,0.533159981116349,0.00925034797432112
9.76875,0.533017049271011,0.532967825845332,0.532967805366982,0.00923572180002719
9.7761875,0.532824993006032,0.53277586505002,0.532775844875869,0.00922113016657011
9.783625,0.532633151843897,0.532584119098366,0.532584099223965,0.00920657296616945
9.7910625,0.532441525365746,0.53239258757242,0.532392567993377,0.00919205009024537
9.7985,0.532250113153876,0.532201270055379,0.532201250767364,0.00917756143108406
9.8059375,0.532058914791727,0.532010166131585,0.532010147130329,0.00916310688121591
9.813375,0.531867929863882,0.531819275386512,0.531819256667812,0.00914868633419275
9.8208125,0.531677157956062,0.53162859740677,0.531628578966494,0.00913429968381063
9.82825,0.531486598655134,0.531438131780113,0.531438113614185,0.00911994682413209
9.8356875,0.531296251549102,0.531247878095427,0.531247860199824,0.0091056276495749
9.843125,0.531106116227093,0.531057835942721,0.531057818313477,0.00909134205440143
9.8505625,0.530916192279359,0.530868004913122,0.530867987546328,0.0090770899341619
9.858,0.53072647929727,0.530678384598867,0.53067836749068,0.00906287118507265
9.8654375,0.530536976873322,0.530488974593322,0.53048895773995,0.0090486857031058
9.872875,0.530347684601126,0.530299774490961,0.530299757888663,0.00903453338469973
9.8803125,0.530158602075403,0.530110783887369,0.53011076753245,0.00902041412631505
9.88775,0.529969728891979,0.529922002379226,0.529921986268045,0.00900632782550037
9.8951875,0.529781064647776,0.529733429564307,0.529733413693283,0.00899227438004857
9.902625,0.529592608940823,0.529545065041488,0.529545049407095,0.00897825368861849
9.9100625,0.529404361370248,0.529356908410744,0.529356893009045,0.00896426564938047
9.9175,0.529216321536266,0.529168959273137,0.529168944101491,0.0089503101607713
9.9249375,0.529028489040184,0.528981217230809,0.528981202285269,0.00893638712204936
9.932375,0.528840863484386,0.528793681886979,0.528793667164581,0.00892249643349441
9.9398125,0.528653444472339,0.528606352845944,0.528606338343269,0.0089086379953196
9.94725,0.528466231608592,0.528419229713081,0.528419215426825,0.00889481170771589
9.9546875,0.528279224498768,0.528232312094841,0.528232298022108,0.00888101747138492
9.962125,0.528092422749558,0.528045599598736,0.528045585735887,0.00886725518733922
9.9695625,0.527905825968715,0.527859091833335,0.527859078177952,0.00885352475747947
9.977,0.527719433765056,0.527672788408267,0.527672774956477,0.00883982608430589
9.9844375,0.527533245748461,0.527486688934224,0.52748667568396,0.00882615906971917
9.991875,0.527347261529865,0.52730079302295,0.527300779970239,0.0088125236165526
9.9993125,0.527161480721256,0.527115100287237,0.52711508743017,0.00879891962759505
10.00675,0.526975902935667,0.526929610340918,0.526929597675638,0.00878534700647915
10.0141875,0.526790527787171,0.526744322798863,0.526744310323419,0.00877180565748148
10.021625,0.526605354890892,0.526559237276989,0.526559224987841,0.00875829548490081
10.0290625,0.52642038386299,0.526374353392246,0.526374341287223,0.00874481639296931
10.0365,0.526235614320657,0.526189670762617,0.526189658838613,0.00873136828662968
10.0439375,0.526051045882119,0.52600518900711,0.526005177261636,0.00871795107095785
10.051375,0.525866678166621,0.52582090774575,0.5258208961762,0.00870456465240643
10.0588125,0.525682510794437,0.525636826599588,0.525636815203139,0.00869120893682851
10.06625,0.525498543386867,0.525452945190699,0.525452933965222,0.00867788383063228
10.0736875,0.525314775566223,0.525269263142166,0.52526925208453,0.0086645892404924
10.081125,0.525131206955832,0.525085780078085,0.525085769186561,0.00865132507319455
10.0885625,0.524947837180027,0.524902495623552,0.524902484894814,0.00863809123650139
10.096,0.524764665864148,0.524719409404669,0.524719398837254,0.00862488763848646
10.1034375,0.524581692634546,0.524536521048544,0.524536510639097,0.00861171418755635
10.110875,0.524398917118569,0.52435383018328,0.524353819930395,0.00859857079191784
10.1183125,0.524216338944558,0.524171336437975,0.524171326338474,0.00858545735997751
10.12575,0.524033957741851,0.523989039442712,0.523989029495061,0.00857237380134102
10.1331875,0.523851773140769,0.523806938828558,0.523806929029929,0.00855932002570281
10.140625,0.523669784772631,0.523625034227571,0.523625024576172,0.00854629594364553
10.1480625,0.523487992269734,0.523443325272792,0.523443315766223,0.0085333014646638
10.1555,0.523306395265355,0.523261811598235,0.523261802234372,0.00852033649918482
10.1629375,0.523124993393748,0.523080492838888,0.523080483615793,0.00850740095819091
10.170375,0.522943786290136,0.522899368630703,0.522899359545928,0.00849449475335273
10.1778125,0.52276277359072,0.522718438610605,0.522718429662646,0.00848161779651857
10.18525,0.522581954932666,0.52253770241649,0.522537693602624,0.00846876999918145
10.1926875,0.522401329954103,0.522357159687206,0.522357151006253,0.00845595127365595
10.200125,0.522220898294123,0.522176810062564,0.522176801511659,0.0084431615324787
10.2075625,0.522040659592766,0.521996653183322,0.521996644761454,0.00843040068856382
10.215,0.521860613491036,0.521816688691192,0.521816680395543,0.00841766865575799
10.2224375,0.521680759630888,0.52163691622884,0.521636908058373,0.00840496534739721
10.229875,0.521501097655222,0.521457335439874,0.521457327391996,0.00839229067723934
10.2373125,0.521321627207882,0.521277945968845,0.521277938042327,0.0083796445591755
10.24475,0.521142347933654,0.521098747461237,0.521098739653848,0.00836702690800717
10.2521875,0.520963259478262,0.52091973956347,0.520919731873697,0.00835443763906873
10.259625,0.520784361488368,0.520740921922904,0.52074091434894,0.00834187666760577
10.2670625,0.520605653611568,0.520562294187827,0.520562286727821,0.0083293439085752
10.2745,0.52042713549638,0.520383856007449,0.52038384866002,0.00831683927782212
10.2819375,0.520248806792254,0.520205607031904,0.520205599794898,0.00830436269159129
10.289375,0.520070667149557,0.520027546912243,0.520027539784651,0.00829191406674923
10.2968125,0.519892716219583,0.519849675300443,0.519849668279887,0.00827949331989597
10.30425,0.51971495365454,0.51967199184939,0.519671984935109,0.00826710036796463
10.3116875,0.519537379107552,0.519494496212883,0.519494489402414,0.00825473512846564
10.319125,0.519359992232648,0.519317188045627,0.51931718133829,0.00824239751855416
10.3265625,0.519182792684767,0.519140067003228,0.519140060396672,0.00823008745689524
10.334,0.519005780119756,0.518963132742201,0.518963126235649,0.00821780486195411
10.3414375,0.518828954194362,0.51878638491996,0.518786378511323,0.00820554965195175
10.348875,0.518652314566233,0.518609823194813,0.51860981688308,0.00819332174568643
10.3563125,0.518475860893908,0.518433447225962,0.51843344100941,0.00818112106255597
10.36375,0.51829959283682,0.518257256673494,0.518257250550808,0.00816894752195818
10.3711875,0.518123510055294,0.518081251198387,0.518081245168254,0.00815680104415684
10.378625,0.517947612210543,0.517905430462508,0.51790542452329,0.00814468154892722
10.3860625,0.517771898964663,0.517729794128601,0.517729788279368,0.00813258895668856
10.3935,0.517596369980631,0.51755434186029,0.517554336099126,0.00812052318788226
10.4009375,0.517421024922299,0.517379073322072,0.517379067648356,0.00810848416363807
10.408375,0.517245863454396,0.517203988179316,0.517203982590961,0.00809647180557427
10.4158125,0.51707088524253,0.517029086098266,0.517029080594827,0.00808448603528689
10.42325,0.51689608995317,0.516854366746031,0.516854361325399,0.00807252677428316
10.4306875,0.516721477253658,0.516679829790584,0.516679824452315,0.00806059394473646
10.438125,0.516547046812194,0.516505474900759,0.516505469642907,0.00804868746888676
10.4455625,0.51637279829784,0.516331301746245,0.516331296568211,0.00803680726986222
10.453,0.516198731380524,0.516157309997592,0.516157304897724,0.00802495327096864
10.4604375,0.516024845731021,0.515983499326203,0.515983494303637,0.00801312539486787
10.467875,0.515851141020962,0.51580986940433,0.515809864457777,0.00800132356513217
10.4753125,0.515677616922828,0.515636419905071,0.515636415033355,0.00798954770571125
10.48275,0.515504273109943,0.515463150502367,0.515463145704584,0.00797779774086571
10.4901875,0.51533110925648,0.515290060871003,0.515290056145677,0.00796607359501156
10.497625,0.515158125037454,0.515117150686605,0.515117146033169,0.00795437519309772
10.5050625,0.514985320128717,0.514944419625634,0.514944415042373,0.007942702459518
10.5125,0.514812694206956,0.514771867365386,0.514771862851977,0.00793105531946559
10.5199375,0.514640246949689,0.514599493583982,0.514599489138591,0.0079194336984445
10.527375,0.51446797803527,0.514427297960374,0.514427293582782,0.00790783752293578
10.5348125,0.51429588714288,0.514255280174344,0.51425527586276,0.00789626671844346
10.54225,0.514123973952523,0.514083439906492,0.51408343566063,0.00788472121147077
10.5496875,0.513952238145026,0.513911776838242,0.513911772656514,0.0078732009282545
10.557125,0.513780679402035,0.51374029065183,0.513740286533748,0.00786170579560874
10.5645625,0.513609297406013,0.513568981030308,0.513568976974598,0.00785023574121357
10.572,0.513438091840239,0.513397847657545,0.513397843663436,0.0078387906919053
10.5794375,0.513267062388807,0.513226890218215,0.513226886284787,0.00782737057583027
10.586875,0.513096208736613,0.513056108397803,0.513056104523979,0.00781597532009126
10.5943125,0.512925530569364,0.512885501882591,0.512885498067803,0.00780460485350076
10.60175,0.512755027573566,0.512715070359667,0.512715066602565,0.00779325910413853
10.6091875,0.512584699436534,0.512544813516919,0.512544809817226,0.00778193800108351
10.616625,0.512414545846378,0.512374731043031,0.512374727399201,0.00777064147297057
10.6240625,0.512244566492004,0.512204822627481,0.512204819039415,0.00775936944892308
10.6315,0.512074761063109,0.512035087960537,0.512035084426628,0.00774812185837526
10.6389375,0.511905129250183,0.511865526733253,0.511865523253434,0.00773689863091676
10.646375,0.511735670744507,0.511696138637474,0.511696135210242,0.00772569969706982
10.6538125,0.511566385238146,0.511526923365829,0.51152691999099,0.00771452498673497
10.66125,0.511397272423946,0.511357880611724,0.511357877288013,0.00770337443023461
10.6686875,0.511228331995536,0.511189010069348,0.511189006796336,0.00769224795797996
10.676125,0.511059563647322,0.511020311433661,0.511020308210398,0.00768114550113719
10.6835625,0.510890967074487,0.510851784400397,0.510851781226172,0.00767006699140538
10.691,0.510722541972988,0.510683428666067,0.510683425540268,0.00765901235990629
10.6984375,0.510554288039553,0.510515243927946,0.51051524084957,0.00764798153840562
10.705875,0.510386204971672,0.510347229884078,0.510347226852826,0.00763697445811395
10.7133125,0.510218292467608,0.510179386233265,0.51017938324789,0.00762599105195161
10.72075,0.510050550226383,0.510011712675072,0.510011709735521,0.00761503125232821
10.7281875,0.509882977947784,0.509844208909829,0.509844206014708,0.00760409499169779
10.735625,0.509715575332353,0.509676874638616,0.509676871787983,0.00759318220298066
10.7430625,0.509548342081391,0.509509709563269,0.509509706755729,0.00758229281945244
10.7505,0.509381277896947,0.509342713386374,0.50934271062195,0.0075714267738558
10.7579375,0.509214382481824,0.509175885811266,0.509175883088716,0.00756058400059878
10.765375,0.509047655539576,0.509009226542029,0.509009223861208,0.00754976443322342
10.7728125,0.508881096774503,0.508842735283489,0.508842732643412,0.00753896800602671
10.78025,0.508714705891647,0.508676411741218,0.508676409141485,0.00752819465288379
10.7876875,0.508548482596789,0.50851025562152,0.50851025306146,0.0075174443083581
10.795125,0.508382426596453,0.508344266631441,0.508344264110372,0.0075067169075238
10.8025625,0.508216537597899,0.50817844447876,0.508178441996329,0.00749601238558828
10.81,0.508050815309124,0.508012788871993,0.508012786427247,0.00748533067742585
10.8174375,0.507885259438851,0.50784729952038,0.507847297113241,0.00747467171855476
10.824875,0.507719869696536,0.507681976133893,0.507681973763202,0.0074640354442268
10.8323125,0.507554645792362,0.507516818423224,0.507516816089091,0.00745342179111486
10.83975,0.507389587437238,0.507351826099793,0.507351823800968,0.00744283069509244
10.8471875,0.507224694342797,0.50718699887574,0.507186996612382,0.00743226209274361
10.854625,0.50705996622139,0.507022336463925,0.507022334234837,0.00742171592031937
10.8620625,0.506895402786085,0.506857838577919,0.50685783638317,0.00741119211482566
10.8695,0.506731003750668,0.506693504932012,0.506693502770593,0.00740069061293536
10.8769375,0.506566768829636,0.5065293352412,0.506529333112982,0.00739021135234275
10.884375,0.506402697738204,0.506365329221197,0.506365327125439,0.00737975427047566
10.8918125,0.50623879019229,0.506201486588416,0.506201484524726,0.00736931930502838
10.89925,0.506075045908519,0.50603780705998,0.506037805027923,0.00735890639385062
10.9066875,0.505911464604222,0.505874290353712,0.505874288352619,0.0073485154748143
10.914125,0.505748045997431,0.505710936188134,0.505710934217865,0.00733814648676834
10.9215625,0.505584789806882,0.505547744282471,0.505547742342114,0.00732779936802874
10.929,0.505421695752005,0.505384714356641,0.505384712446288,0.00731747405751104
10.9364375,0.505258763552928,0.505221846131257,0.505221844249832,0.00730717049421958
10.943875,0.505095992930467,0.505059139327622,0.505059137475347,0.00729688861678124
10.9513125,0.504933383606136,0.504896593667726,0.504896591843489,0.00728662836535499
10.95875,0.504770935302136,0.504734208874253,0.504734207078268,0.00727638967945587
10.9661875,0.504608647741355,0.504571984670568,0.504571982901825,0.00726617249877659
10.973625,0.504446520647363,0.504409920780719,0.504409919039298,0.00725597676345391
10.9810625,0.504284553744416,0.504248016929436,0.50424801521454,0.00724580241351358
10.9885,0.504122746757447,0.504086272842124,0.50408627115361,0.00723564938951426
10.9959375,0.503961099412071,0.503924688244868,0.503924686582217,0.00722551763232548
11.003375,0.503799611434577,0.503763262864427,0.503763261227231,0.00721540708292778
11.0108125,0.50363828255193,0.503601996428234,0.50360199481626,0.00720531768212407
11.01825,0.503477112491763,0.503440888664387,0.50344088707697,0.00719524937118354
11.0256875,0.503316100982379,0.503279939301654,0.503279937738826,0.00718520209155304
11.033125,0.503155247752754,0.50311914806947,0.503119146530356,0.00717517578532334
11.0405625,0.502994552532525,0.502958514697935,0.502958513182751,0.00716517039405229
11.048,0.502834015051994,0.502798038917808,0.502798037425563,0.00715518586018593
11.0554375,0.502673635042124,0.50263772046051,0.502637718991494,0.00714522212572621
11.062875,0.502513412234535,0.502477559058116,0.502477557611352,0.00713527913287493
11.0703125,0.502353346361507,0.50231755444336,0.502317553019079,0.00712535682476645
11.07775,0.502193437155977,0.502157706349627,0.502157704946998,0.00711545514455736
11.0851875,0.50203368435153,0.501998014510956,0.501998013130039,0.00710557403478251
11.092625,0.501874087682406,0.501838478662034,0.501838477302227,0.00709571343902038
11.1000625,0.501714646883493,0.501679098538195,0.501679097199324,0.00708587330062738
11.1075,0.501555361690322,0.501519873875417,0.501519872557154,0.00707605356307095
11.1149375,0.501396231839076,0.501360804410324,0.501360803112237,0.00706625417068452
11.122375,0.501237257066578,0.50120188988018,0.501201888602209,0.00705647506766827
11.1298125,0.501078437110291,0.50104313002289,0.501043128764368,0.00704671619766728
11.13725,0.500919771708316,0.500884524576995,0.500884523338086,0.00703697750521481
11.1446875,0.500761260599391,0.500726073281667,0.500726072061533,0.00702725893499956
11.152125,0.500602903522894,0.500567775876717,0.500567774675665,0.00701756043230972
11.1595625,0.50044470021883,0.500409632102586,0.500409630919708,0.00700788194181179
11.167,0.500286650427839,0.500251641700347,0.500251640535966,0.00699822340881617
11.1744375,0.500128753891187,0.500093804411695,0.500093803264967,0.00698858477834463
11.181875,0.499971010350768,0.499936119978952,0.499936118850099,0.00697896599606285
11.1893125,0.499813419549101,0.499778588145065,0.499778587033418,0.00696936700825823
11.19675,0.499655981229331,0.499621208653602,0.499621207559189,0.00695978776050765
11.2041875,0.499498695135221,0.499463981248753,0.499463980171143,0.00695022819889868
11.211625,0.499341561011155,0.499306905675322,0.499306904614302,0.00694068826989636
11.2190625,0.499184578602132,0.499149981678731,0.499149980634135,0.00693116791961046
11.2265,0.499027747653767,0.498993209005014,0.498993207976384,0.00692166709488351
11.2339375,0.498871067912294,0.498836587400818,0.498836586388236,0.00691218574315755
11.241375,0.498714539124553,0.498680116613404,0.498680115616201,0.00690272381083101
11.2488125,0.498558161037995,0.498523796390635,0.498523795409079,0.00689328124525712
11.25625,0.498401933400679,0.498367626480984,0.498367625514276,0.00688385799394453
11.2636875,0.498245855961267,0.498211606633526,0.498211605682025,0.00687445400415765
11.271125,0.498089928469034,0.498055736597942,0.49805573566083,0.00686506922404906
11.2785625,0.497934150673849,0.497900016124512,0.497900015202116,0.00685570360148269
11.286,0.497778522326186,0.497744444964115,0.497744444055724,0.00684635708456671
11.2934375,0.497623043177113,0.497589022868228,0.497589021974028,0.00683702962114285
11.300875,0.497467712978298,0.49743374958892,0.497433748708397,0.00682772116000763
11.3083125,0.497312531482003,0.497278624878857,0.49727862401199,0.00681843164982432
11.31575,0.497157498441087,0.497123648491295,0.497123647637811,0.00680916103958928
11.3231875,0.497002613608994,0.496968820180082,0.49696881933972,0.00679990927803242
11.330625,0.49684787673976,0.49681413969965,0.496814138872386,0.00679067631417229
11.3380625,0.496693287588008,0.49665960680502,0.496659605990369,0.00678146209720509
11.3455,0.496538845908948,0.496505221251796,0.496505220449951,0.00677226657690433
11.3529375,0.496384551458375,0.496350982796165,0.496350982006464,0.00676308970326556
11.360375,0.496230403992665,0.496196891194897,0.496196890417677,0.0067539314256404
11.3678125,0.496076403268773,0.496042946205338,0.496042945439847,0.00674479169406883
11.37525,0.495922549044233,0.495889147585411,0.495889146832031,0.00673567045870183
11.3826875,0.495768841077156,0.495735495093617,0.495735494351625,0.00672656766955715
11.390125,0.495615279126233,0.495581988489027,0.495581987758731,0.00671748327807364
11.3975625,0.495461862950722,0.49542862753129,0.495428626812104,0.00670841723420246
11.405,0.495308592310455,0.49527541198062,0.495275411272686,0.00669936948880512
11.4124375,0.495155466965834,0.4951223415978,0.495122340900742,0.0066903399929652
11.419875,0.495002486677826,0.494969416144181,0.494969415457925,0.00668132869756644
11.4273125,0.494849651207971,0.494816635381678,0.494816634706088,0.00667233555460278
11.43475,0.494696960318369,0.494663999072772,0.494663998407542,0.00666336051513561
11.4421875,0.494544413771684,0.494511506980504,0.494511506325727,0.00665440353060376
11.449625,0.494392011331141,0.494359158868473,0.49435915822364,0.0066454645530456
11.4570625,0.494239752760523,0.494206954500837,0.494206953866228,0.00663654353443288
11.4645,0.494087637824173,0.494054893642312,0.494054893017275,0.00662764042662634
11.4719375,0.493935666286991,0.493902976058167,0.493902975443086,0.0066187551825081
11.479375,0.49378383791443,0.493751201514227,0.493751200908404,0.00660988775389448
11.4868125,0.493632152472496,0.493599569776864,0.493599569180678,0.00660103809373425
11.49425,0.493480609727743,0.493448080613004,0.49344808002583,0.00659220615442102
11.5016875,0.493329209447279,0.493296733790117,0.493296733212225,0.0065833918891256
11.509125,0.493177951398757,0.493145529076222,0.493145528507151,0.00657459525095216
11.5165625,0.493026835350381,0.492994466239884,0.492994465679717,0.00656581619338237
11.524,0.492875861070892,0.49284354505021,0.4928435444987,0.00655705466916512
11.5314375,0.492725028329577,0.492692765276846,0.49269276473386,0.00654831063182648
11.538875,0.492574336896263,0.492542126689978,0.492542126155502,0.00653958403538102
11.5463125,0.492423786541322,0.492391629060334,0.492391628534018,0.00653087483410975
11.55375,0.492273377035657,0.492241272159178,0.492241271641212,0.00652218298120566
11.5611875,0.492123108150712,0.492091055758306,0.492091055248164,0.00651350843128284
11.568625,0.491972979658463,0.491940979630049,0.491940979128072,0.00650485113831145
11.5760625,0.491822991331416,0.491791043547268,0.491791043052826,0.00649621105681675
11.5835,0.491673142942615,0.491641247283357,0.491641246796851,0.00648758814167927
11.5909375,0.491523434265632,0.491491590612238,0.491491590133037,0.00647898234735766
11.598375,0.491373865074565,0.491342073308359,0.491342072836817,0.00647039362866586
11.6058125,0.49122443514404,0.491192695146692,0.491192694682287,0.00646182194099509
11.61325,0.491075144249204,0.491043455902736,0.491043455445683,0.00645326723882622
11.6206875,0.490925992165736,0.490894355352508,0.490894354902464,0.00644472947852748
11.628125,0.49077697866983,0.490745393272552,0.490745392829538,0.00643620861477956
11.6355625,0.490628103538204,0.490596569439925,0.490596569003812,0.00642770460348441
11.643,0.490479366548091,0.490447883632205,0.490447883202803,0.00641921740043294
11.6504375,0.490330767477243,0.490299335627484,0.490299335204879,0.00641074696121624
11.657875,0.490182306103929,0.490150925204368,0.490150924788174,0.00640229324226915
11.6653125,0.490033982206931,0.490002652141979,0.490002651732462,0.00639385619958244
11.67275,0.489885795565545,0.489854516219948,0.489854515816574,0.00638543578992401
11.6801875,0.489737745959575,0.489706517218417,0.489706516821566,0.00637703196908479
11.687625,0.489589833169337,0.489558654918037,0.489558654527107,0.00636864469394371
11.6950625,0.489442056975653,0.489410929099959,0.489410928715353,0.00636027392180161
11.7025,0.489294417159854,0.48926333954585,0.489263339167008,0.00635191960893788
11.7099375,0.489146913503775,0.489115886037874,0.489115885665111,0.00634358171263116
11.717375,0.488999545789753,0.4889685683587,0.488968567991591,0.00633526018991581
11.7248125,0.488852313800628,0.488821386291496,0.488821385930198,0.00632695499822589
11.73225,0.488705217319741,0.488674339619928,0.488674339264207,0.00631866609515086
11.7396875,0.488558256130932,0.488527428128164,0.48852742777798,0.00631039343805817
11.747125,0.488411430018537,0.488380651600866,0.488380651256192,0.00630213698491477
11.7545625,0.488264738767391,0.48823400982319,0.488234009483784,0.00629389669344338
11.762,0.48811818216282,0.488087502580787,0.48808750224682,0.0062856725218996
11.7694375,0.487971759990643,0.487941129659799,0.487941129330853,0.00627746442789512
11.776875,0.487825472037173,0.487794890846859,0.487794890523258,0.00626927237010744
11.7843125,0.487679318089214,0.487648785929087,0.487648785610298,0.00626109630721405
11.79175,0.487533297934058,0.487502814694095,0.487502814380518,0.00625293619727074
11.7991875,0.487387411359482,0.487356976929978,0.487356976621053,0.00624479199935468
11.806625,0.487241658153748,0.487211272425315,0.48721127212142,0.00623666367183251
11.8140625,0.487096038105605,0.48706570096917,0.487065700669825,0.00622855117371479
11.8215,0.486950551004287,0.486920262351088,0.486920262056558,0.00622045446476704
11.8289375,0.486805196639506,0.486774956361095,0.486774956071052,0.00621237350360015
11.836375,0.486659974801455,0.486629782789695,0.486629782504233,0.00620430824993523
11.8438125,0.486514885280803,0.486484741427871,0.486484741146855,0.00619625866240536
11.85125,0.486369927868702,0.48633983206708,0.486339831790409,0.00618822470157543
11.8586875,0.486225102356775,0.486195054499256,0.486195054226996,0.00618020632685568
11.866125,0.486080408537123,0.486050408516805,0.486050408248665,0.00617220349830028
11.8735625,0.485935846202317,0.485905893912607,0.485905893648827,0.00616421617536389
11.881,0.4857914151454,0.48576151048001,0.48576151022015,0.00615624431850037
11.8884375,0.485647115159887,0.48561725801283,0.485617257757254,0.00614828788805255
11.895875,0.485502946039762,0.485473136305356,0.485473136053542,0.00614034684447429
11.9033125,0.485358907579474,0.485329145152339,0.485329144904685,0.00613242114793078
11.91075,0.485214999573942,0.485185284348998,0.485185284104999,0.00612451075954201
11.9181875,0.485071221818545,0.485041553691014,0.48504155345101,0.0061166156395398
11.925625,0.484927574109128,0.484897952974528,0.484897952738121,0.00610873574893311
11.9330625,0.484784056241998,0.484754481996148,0.484754481763544,0.00610087104886414
11.9405,0.484640668013924,0.484611140552936,0.484611140323902,0.0060930215005861
11.9479375,0.484497409222133,0.484467928442415,0.48446792821698,0.00608518706535222
11.955375,0.484354279664308,0.484324845462567,0.484324845240686,0.00607736770419365
11.9628125,0.484211279138592,0.484181891411824,0.484181891193339,0.00606956337869669
11.97025,0.48406840744358,0.484039066089077,0.484039065874131,0.00606177405062525
11.9776875,0.483925664378325,0.483896369293667,0.48389636908193,0.00605399968187648
11.985125,0.48378304974233,0.48375380082539,0.483753800617157,0.00604624023430311
11.9925625,0.48364056333555,0.48361136048449,0.483611360279308,0.00603849566953585
12,0.48349820495839,0.483469048071661,0.483469047869911,0.00603076594976049
