eta,r_over_R50,rho_over_rhoc,vc_over_sqrt_GM_R50
0,0,1,0
0,0.005,0.9999607838262276,0.005278411616564442
0,0.01,0.9998431459671729,0.01055645064110227
0,0.015,0.9996471184040024,0.01583374455834951
0,0.02,0.9993727544202525,0.02110992100653832
0,0.025,0.9990201285741281,0.02638460785406846
0,0.03,0.9985893366598243,0.0316574332760888
0,0.035,0.9980804956578588,0.03692802583095944
0,0.04,0.9974937436743747,0.04219601453655827
0,0.045,0.9968292398696561,0.04746102894641495
0,0.05,0.9960871643756422,0.05272269922562296
0,0.055,0.9952677182028163,0.05798065622652381
0,0.06,0.9943711231362531,0.06323453156410953
0,0.065,0.9933976216211382,0.06848395769113433
0,0.07000000000000001,0.9923474766377298,0.07372856797289466
0,0.075,0.9912209715658619,0.07896799676164755
0,0.08,0.9900184100392264,0.08420187947065477
0,0.08500000000000001,0.988740115789328,0.08942985264779303
0,0.09,0.9873864324795232,0.09465155404874483
0,0.095,0.9859577235289796,0.09986662270969388
0,0.1,0.9844543719269638,0.1050746990195426
0,0.105,0.9828767800374199,0.1102754247915904
0,0.11,0.9812253693940773,0.1154684433346617
0,0.115,0.9795005804862912,0.1206533995236637
0,0.12,0.9777028725356369,0.1258299398695164
0,0.125,0.9758327232636754,0.1309977125884822
0,0.13,0.973890628650791,0.1361563676708019
0,0.135,0.9718771026865756,0.1413055569486826
0,0.14,0.9697926771117243,0.1464449341635516
0,0.145,0.9676379011517969,0.151574155032593
0,0.15,0.9654133412430073,0.1566928773145306
0,0.155,0.963119580750198,0.1618007608746141
0,0.16,0.9607572196773776,0.1668974677488365
0,0.165,0.9583268743708163,0.1719826622072849
0,0.17,0.9558291772151956,0.1770560108166921
0,0.175,0.9532647763227925,0.1821171825020792
0,0.18,0.9506343352161423,0.1871658486075401
0,0.185,0.9479385325043005,0.1922016829561064
0,0.19,0.9451780615529761,0.1972243619086754
0,0.195,0.9423536301488615,0.2022335644220202
0,0.2,0.9394659601582537,0.2072289721057898
0,0.205,0.9365157871804402,0.212210269278579
0,0.21,0.9335038601958752,0.2171771430229434
0,0.215,0.930430941209617,0.2221292832394426
0,0.22,0.9272978048901419,0.2270663826996195
0,0.225,0.9241052382038702,0.2319881370979376
0,0.23,0.9208540400456875,0.2368942451026712
0,0.235,0.9175450208656342,0.241784408405676
0,0.24,0.9141790022921933,0.2466583317711241
0,0.245,0.9107568167522486,0.2515157230830685
0,0.25,0.90727930708819,0.2563562933919507
0,0.255,0.9037473261722575,0.2611797569599292
0,0.26,0.9001617365185172,0.2659858313050944
0,0.265,0.8965234098926969,0.2707742372445292
0,0.27,0.8928332269201115,0.2755446989361831
0,0.275,0.8890920766920615,0.2802969439196222
0,0.28,0.8853008563708068,0.2850307031555366
0,0.285,0.8814604707935689,0.2897457110641272
0,0.29,0.8775718320756531,0.2944417055622355
0,0.295,0.8736358592130924,0.2991184280993166
0,0.3,0.8696534776849865,0.3037756236921826
0,0.305,0.8656256190558222,0.3084130409585256
0,0.31,0.8615532205780708,0.3130304321492571
0,0.315,0.8574372247952159,0.3176275531795664
0,0.32,0.8532785791456048,0.3222041636588254
0,0.325,0.8490782355672163,0.3267600269191901
0,0.33,0.8448371501037268,0.3312949100430344
0,0.335,0.8405562825120162,0.3358085838891079
0,0.34,0.8362365958713978,0.3403008231174761
0,0.345,0.8318790561948143,0.3447714062132398
0,0.35,0.8274846320421694,0.3492201155089785
0,0.355,0.8230542941361126,0.3536467372060245
0,0.36,0.8185890149803894,0.35805106139443
0,0.365,0.8140897684810747,0.3624328820717777
0,0.37,0.8095575295708195,0.3667919971607049
0,0.375,0.8049932738363672,0.371128208525239
0,0.38,0.8003979771495199,0.3754413219859069
0,0.385,0.795772615301739,0.3797311473336032
0,0.39,0.791118163642613,0.3839974983422995
0,0.395,0.7864355967223094,0.3882401927804771
0,0.4,0.7817258879382689,0.3924590524214371
0,0.405,0.7769900091862418,0.3966539030523464
0,0.41,0.7722289305158894,0.4008245744821494
0,0.415,0.7674436197910823,0.404970900548275
0,0.42,0.7626350423550619,0.4090927191221684
0,0.425,0.7578041607006191,0.4131898721136935
0,0.43,0.7529519341454197,0.4172622054743247
0,0.435,0.748079318512643,0.4213095691992654
0,0.44,0.7431872658170285,0.4253318173283591
0,0.445,0.7382767239564935,0.4293288079459388
0,0.45,0.7333486364094181,0.4333004031795206
0,0.455,0.7284039419377196,0.4372464691974111
0,0.46,0.7234435742958293,0.441166876205236
0,0.465,0.7184684619456609,0.445061498441351
0,0.47,0.7134795277776826,0.4489302141712457
0,0.475,0.7084776888381673,0.452772905680823
0,0.48,0.7034638560627154,0.4565894592687064
0,0.485,0.6984389340161228,0.4603797652374642
0,0.49,0.6934038206386656,0.4641437178838532
0,0.495,0.6883594069988677,0.4678812154880561
0,0.5,0.6833065770528146,0.4715921603019118
0,0.505,0.6782462074100579,0.4752764585362205
0,0.51,0.6731791671061687,0.4789340203470314
0,0.515,0.6681063173819707,0.4825647598210556
0,0.52,0.663028511469505,0.4861685949600931
0,0.525,0.6579465943847347,0.4897454476645962
0,0.53,0.6528614027270373,0.4932952437163132
0,0.535,0.6477737644854888,0.496817912760056
0,0.54,0.6426844988519552,0.5003133882846302
0,0.545,0.6375944160410123,0.5037816076028739
0,0.55,0.6325043171166741,0.5072225118309286
0,0.555,0.6274149938259537,0.5106360458666359
0,0.5600000000000001,0.6223272284392276,0.5140221583671942
0,0.5650000000000001,0.6172417935974072,0.5173808017260012
0,0.5700000000000001,0.6121594521658918,0.5207119320487509
0,0.5750000000000001,0.6070809570952789,0.5240155091287979
0,0.58,0.6020070512888235,0.5272914964217651
0,0.585,0.5969384674765823,0.5305398610194931
0,0.59,0.5918759280962513,0.5337605736232418
0,0.595,0.5868201451806091,0.5369536085162774
0,0.6,0.5817718202515668,0.5401189435357591
0,0.605,0.5767316442207433,0.5432565600440178
0,0.61,0.5717002972965289,0.546366442899211
0,0.615,0.5666784488975901,0.5494485804253617
0,0.62,0.5616667575727231,0.5525029643818485
0,0.625,0.5566658709270483,0.5555295899322868
0,0.63,0.5516764255544095,0.5585284556129126
0,0.635,0.5466990469759824,0.5614995633003933
0,0.64,0.5417343495849534,0.5644429181791618
0,0.645,0.5367829365972376,0.5673585287082412
0,0.65,0.5318454000081462,0.570246406587594
0,0.655,0.5269223205548937,0.5731065667240328
0,0.66,0.522014267684923,0.5759390271966603
0,0.665,0.5171217995298785,0.578743809221929
0,0.67,0.512245462885227,0.5815209371182538
0,0.675,0.5073857931953545,0.5842704382702775
0,0.68,0.5025433145441058,0.5869923430927403
0,0.6850000000000001,0.4977185396506395,0.5896866849940106
0,0.6900000000000001,0.4929119698705022,0.5923535003392846
0,0.6950000000000001,0.4881240952018513,0.5949928284134522
0,0.7000000000000001,0.4833553942966701,0.597604711383691
0,0.705,0.4786063344769508,0.6001891942617432
0,0.71,0.4738773717556518,0.6027463248659596
0,0.715,0.4691689508624127,0.6052761537830665
0,0.72,0.4644815052738507,0.6077787343297165
0,0.725,0.4598154572483699,0.6102541225138171
0,0.73,0.4551712178653768,0.612702376995651
0,0.735,0.4505491870687535,0.615123559048828
0,0.74,0.4459497537145478,0.617517732521045
0,0.745,0.4413732956226881,0.6198849637947165
0,0.75,0.4368201796326954,0.6222253217474437
0,0.755,0.4322907616632089,0.6245388777123784
0,0.76,0.4277853867752653,0.6268257054384671
0,0.765,0.4233043892392022,0.6290858810506046
0,0.77,0.4188480926050571,0.6313194830097143
0,0.775,0.4144168097763996,0.6335265920727505
0,0.78,0.4100108430874108,0.6357072912526676
0,0.785,0.4056304843831934,0.6378616657783343
0,0.79,0.4012760151031015,0.6399898030544412
0,0.795,0.3969477063670683,0.642091792621387
0,0.8,0.3926458190647637,0.6441677261151747
0,0.805,0.3883706039474881,0.6462176972273235
0,0.8100000000000001,0.3841223017227238,0.6482418016648075
0,0.8150000000000001,0.3799011431511715,0.6502401371100424
0,0.8200000000000001,0.3757073491462474,0.6522128031809188
0,0.8250000000000001,0.3715411308758491,0.6541599013909104
0,0.8300000000000001,0.367402689866364,0.6560815351092535
0,0.835,0.3632922181087525,0.6579778095212215
0,0.84,0.3592098981666394,0.6598488315884982
0,0.845,0.3551559032863108,0.6616947100096635
0,0.85,0.3511303975084783,0.6635155551808056
0,0.855,0.347133535781779,0.6653114791562623
0,0.86,0.3431654640778241,0.6670825956095112
0,0.865,0.339226319507794,0.6688290197942121
0,0.87,0.335316230440398,0.6705508685054146
0,0.875,0.3314353166211663,0.6722482600409393
0,0.88,0.327583689292952,0.6739213141629432
0,0.885,0.3237614513175435,0.6755701520596777
0,0.89,0.3199686972983404,0.6771948963074482
0,0.895,0.3162055137039327,0.6787956708327831
0,0.9,0.3124719789925842,0.6803726008748232
0,0.905,0.3087681637374452,0.6819258129479361
0,0.91,0.3050941307524858,0.6834554348045676
0,0.915,0.3014499352190182,0.6849615953983342
0,0.92,0.2978356248127437,0.6864444248473648
0,0.925,0.2942512398312648,0.6879040543979037
0,0.93,0.2906968133219326,0.6893406163881705
0,0.9350000000000001,0.2871723712100309,0.6907542442125008
0,0.9400000000000001,0.2836779324271354,0.6921450722857536
0,0.9450000000000001,0.2802135090396586,0.6935132360080133
0,0.9500000000000001,0.2767791063774466,0.6948588717295722
0,0.9550000000000001,0.2733747231623929,0.6961821167162137
0,0.96,0.2700003516370031,0.6974831091147985
0,0.965,0.2666559776928117,0.6987619879191495
0,0.97,0.2633415809986457,0.7000188929362602
0,0.975,0.2600571351286025,0.7012539647528068
0,0.98,0.2568026076897541,0.7024673447019943
0,0.985,0.2535779604494577,0.7036591748307186
0,0.99,0.2503831494622584,0.7048295978670645
0,0.995,0.2472181251963119,0.7059787571881374
0,1,0.2440828326592654,0.7071067967882289
0,1.005,0.2409772115235807,0.708213861247334
0,1.01,0.237901196251192,0.709300095699998
0,1.015,0.2348547162175218,0.7103656458045318
0,1.02,0.231837695834737,0.7114106577125591
0,1.025,0.2288500546742613,0.7124352780389338
0,1.03,0.2258917075884605,0.7134396538320061
0,1.035,0.2229625648314756,0.7144239325442481
0,1.04,0.220062532179173,0.7153882620032505
0,1.045,0.2171915110481425,0.7163327903830669
0,1.05,0.214349398613756,0.7172576661759461
0,1.055,0.2115360879271931,0.7181630381644091
0,1.06,0.2087514680314579,0.719049055393716
0,1.065,0.2059954240763111,0.7199158671446887
0,1.07,0.2032678374321099,0.7207636229069148
0,1.075,0.2005685858025284,0.7215924723523237
0,1.08,0.1978975433361078,0.7224025653091287
0,1.085,0.1952545807366515,0.7231940517361619
0,1.09,0.1926395653723888,0.7239670816975604
0,1.095,0.1900523613839395,0.7247218053378546
0,1.1,0.1874928297910072,0.7254583728574117
0,1.105,0.1849608285978193,0.7261769344882689
0,1.11,0.182456212897275,0.7268776404703413
0,1.115,0.1799788349737817,0.7275606410279967
0,1.12,0.1775285444047858,0.7282260863470272
0,1.125,0.1751051881609446,0.7288741265519704
0,1.13,0.1727086107049722,0.7295049116838351
0,1.135,0.1703386540890991,0.7301185916781748
0,1.14,0.1679951580511749,0.7307153163435581
0,1.145,0.1656779601093742,0.7312952353403986
0,1.15,0.163386895655511,0.7318584981601606
0,1.155,0.1611217980469555,0.7324052541049443
0,1.16,0.1588824986971262,0.7329356522674243
0,1.165,0.1566688271645859,0.7334498415111815
0,1.17,0.1544806112406938,0.7339479704513742
0,1.175,0.1523176770358508,0.7344301874358032
0,1.18,0.1501798490643023,0.7348966405263209
0,1.185,0.1480669503275141,0.7353474774806128
0,1.19,0.145978802396119,0.7357828457343439
0,1.195,0.1439152254904176,0.7362028923836492
0,1.2,0.1418760385594634,0.7366077641680057
0,1.205,0.139861059358694,0.736997607453431
0,1.21,0.1378701045261522,0.7373725682160646
0,1.215,0.1359029896572617,0.7377327920260757
0,1.22,0.1339595293781898,0.7380784240319362
0,1.225,0.1320395374177825,0.7384096089450356
0,1.23,0.130142826678084,0.7387264910246319
0,1.235,0.1282692093034509,0.7390292140631652
0,1.24,0.1264184967482501,0.73931792137188
0,1.245,0.1245904998431732,0.7395927557668199
0,1.25,0.1227850288601444,0.7398538595551222
0,1.255,0.1210018935758577,0.7401013745216702
0,1.26,0.1192409033339319,0.7403354419160605
0,1.265,0.1175018671056989,0.7405562024398959
0,1.27,0.1157845935496425,0.7407637962344146
0,1.275,0.114088891069478,0.7409583628684161
0,1.28,0.112414567870909,0.7411400413265342
0,1.285,0.1107614320170434,0.7413089699977927
0,1.29,0.1091292914825076,0.7414652866645012
0,1.295,0.1075179542062472,0.7416091284914369
0,1.3,0.1059272281430402,0.741740632015344
0,1.305,0.1043569213137326,0.7418599331347349
0,1.31,0.1028068418541997,0.7419671670999773
0,1.315,0.1012767980630638,0.7420624685037015
0,1.32,0.09976659844815867,0.7421459712714688
0,1.325,0.09827605177177887,0.7422178086527607
0,1.33,0.09680496709470413,0.7422781132122289
0,1.335,0.09535315381903182,0.7423270168212435
0,1.34,0.09392042172981953,0.7423646506497158
0,1.345,0.09250658103555615,0.7423911451581914
0,1.35,0.09111144240748303,0.742406630090242
0,1.355,0.08973481701775315,0.7424112344650605
0,1.36,0.08837651657648729,0.7424050865704006
0,1.365,0.08703635336771937,0.742388313955785
0,1.37,0.08571414028421409,0.7423610434258724
0,1.375,0.08440969086121848,0.7423234010341266
0,1.38,0.08312281930917209,0.742275512076829
0,1.385,0.08185334054534225,0.7422175010872546
0,1.39,0.08060107022440423,0.7421494918300238
0,1.395,0.07936582476804364,0.7420716072958397
0,1.4,0.07814742139354411,0.7419839696964364
0,1.405,0.07694567814136601,0.7418867004596762
0,1.41,0.07576041390175921,0.7417799202249011
0,1.415,0.07459144844044638,0.7416637488386211
0,1.42,0.07343860242334438,0.7415383053503457
0,1.425,0.07230169744034434,0.7414037080085641
0,1.43,0.07118055602821409,0.7412600742570716
0,1.435,0.0700750016926034,0.7411075207315024
0,1.44,0.06898485892915393,0.7409461632559904
0,1.445,0.06790995324374893,0.7407761168400403
0,1.45,0.06685011117194274,0.7405974956757233
0,1.455,0.06580516029754245,0.7404104131349978
0,1.46,0.06477492927036173,0.7402149817671545
0,1.465,0.06375924782319732,0.7400113132965671
0,1.47,0.06275794678802399,0.7397995186206442
0,1.475,0.06177085811140452,0.7395797078078881
0,1.48,0.06079781486914675,0.7393519900961268
0,1.485,0.05983865128024387,0.7391164738910495
0,1.49,0.05889320272008052,0.7388732667648551
0,1.495,0.05796130573291858,0.7386224754550034
0,1.5,0.05704279804370654,0.7383642058632259
0,1.505,0.05613751856921456,0.7380985630547374
0,1.51,0.05524530742849407,0.7378256512575344
0,1.515,0.05436600595268462,0.7375455738618285
0,1.52,0.05349945669420628,0.7372584334197649
0,1.525,0.05264550343532178,0.7369643316452403
0,1.53,0.05180399119608383,0.7366633694138041
0,1.535,0.05097476624170019,0.736355646762778
0,1.54,0.0501576760893269,0.7360412628915695
0,1.545,0.04935256951428647,0.7357203161620558
0,1.55,0.04855929655573148,0.7353929040990723
0,1.555,0.04777770852178601,0.7350591233911589
0,1.56,0.04700765799415656,0.7347190698913977
0,1.565,0.04624899883222414,0.7343728386183168
0,1.57,0.04550158617664432,0.7340205237569724
0,1.575,0.04476527645246852,0.7336622186602151
0,1.58,0.04403992737178393,0.7332980158500155
0,1.585,0.0433253979358897,0.7329280070188651
0,1.59,0.04262154843703586,0.7325522830314065
0,1.595,0.04192824045972324,0.7321709339261501
0,1.6,0.04124533688157259,0.7317840489172395
0,1.605,0.04057270187378501,0.7313917163963578
0,1.61,0.03991020090120768,0.7309940239348117
0,1.615,0.03925770072200421,0.7305910582856576
0,1.62,0.0386150693869431,0.7301829053858846
0,1.625,0.03798217623832779,0.7297696503587934
0,1.63,0.03735889190856841,0.7293513775164591
0,1.635,0.03674508831840368,0.728928170362228
0,1.64,0.03614063867478901,0.7285001115933215
0,1.645,0.0355454174684658,0.7280672831036056
0,1.65,0.03495930047121183,0.7276297659863931
0,1.655,0.03438216473278368,0.7271876405372721
0,1.66,0.03381388857757417,0.7267409862571639
0,1.665,0.03325435160097571,0.7262898818553138
0,1.67,0.03270343466547405,0.7258344052524603
0,1.675,0.0321610198964745,0.7253746335840473
0,1.68,0.03162699067787021,0.7249106432034967
0,1.685,0.03110123164736358,0.7244425096855699
0,1.69,0.03058362869154941,0.7239703078298099
0,1.695,0.03007406894076622,0.7234941116640322
0,1.7,0.02957244076372607,0.7230139944478764
0,1.705,0.02907863376193156,0.7225300286764486
0,1.71,0.02859253876388706,0.7220422860840122
0,1.715,0.02811404781911163,0.7215508376477223
0,1.72,0.02764305419196352,0.7210557535914379
0,1.725,0.0271794523552825,0.7205571033895942
0,1.73,0.02672313798385732,0.720054955771111
0,1.735,0.02627400794772602,0.7195493787233525
0,1.74,0.02583196030531726,0.7190404394961596
0,1.745,0.02539689429643797,0.7185282046059173
0,1.75,0.02496871033511511,0.718012739839652
0,1.755,0.02454731000229847,0.7174941102591992
0,1.76,0.02413259603843095,0.7169723802054101
0,1.765,0.02372447233589211,0.7164476133023843
0,1.77,0.0233228439313221,0.7159198724617454
0,1.775,0.02292761699783189,0.7153892198869729
0,1.78,0.02253869883710569,0.714855717077755
0,1.785,0.02215599787140107,0.7143194248343809
0,1.79,0.0217794236354532,0.7137804032620929
0,1.795,0.02140888676828885,0.7132387117756988
0,1.8,0.02104429900495412,0.7126944091039107
0,1.805,0.02068557316816322,0.712147553293888
0,1.81,0.02033262315987228,0.7115982017157945
0,1.815,0.01998536395278346,0.7110464110673632
0,1.82,0.0196437115817841,0.7104922373784829
0,1.825,0.01930758313532623,0.709935736015806
0,1.83,0.01897689674675052,0.709376961687377
0,1.835,0.01865157158555997,0.7088159684472639
0,1.84,0.01833152784864698,0.7082528097002284
0,1.845,0.01801668675147822,0.7076875382064279
0,1.85,0.01770697051924164,0.707120206086116
0,1.855,0.01740230237795996,0.7065508648243581
0,1.86,0.01710260654557411,0.7059795652757566
0,1.865,0.01680780822300091,0.7054063576691909
0,1.87,0.01651783358516888,0.7048312916125495
0,1.875,0.01623260977203505,0.7042544160974968
0,1.88,0.01595206487958614,0.7036757795042548
0,1.885,0.01567612795082865,0.7030954296063798
0,1.89,0.01540472896677047,0.7025134135755435
0,1.895,0.01513779883739731,0.7019297779863201
0,1.9,0.01487526939264726,0.7013445688209744
0,1.905,0.01461707337338696,0.7007578314742411
0,1.91,0.01436314442239067,0.7001696107581302
0,1.915,0.01411341707532602,0.6995799509067342
0,1.92,0.01386782675174958,0.6989888955810254
0,1.925,0.01362630974611466,0.6983964878736525
0,1.93,0.01338880321879369,0.6978027703137344
0,1.935,0.01315524518711793,0.6972077848716504
0,1.94,0.01292557451643752,0.696611572963814
0,1.945,0.01269973091120196,0.6960141754574685
0,1.95,0.01247765490606501,0.6954156326754725
0,1.955,0.01225928785701596,0.6948159844010725
0,1.96,0.0120445719325395,0.6942152698826689
0,1.965,0.01183345010480566,0.6936135278385734
0,1.97,0.01162586614089239,0.6930107964617556
0,1.975,0.01142176459404275,0.6924071134245714
0,1.98,0.01122109079495654,0.6918025158835064
0,1.985,0.01102379084311974,0.6911970404838992
0,1.99,0.01082981159817369,0.6905907233646504
0,1.995,0.01063910067132484,0.6899836001629197
0,2,0.01045160641679701,0.6893757060188082
0,2.005,0.01026727792332754,0.6887670755800263
0,2.01,0.01008606500570916,0.6881577430065418
0,2.015,0.009907918196376727,0.6875477419752333
0,2.02,0.009732788737042121,0.6869371056845198
0,2.025,0.009560628570378498,0.6863258668589726
0,2.03,0.009391390331754505,0.6857140577539101
0,2.035,0.009225027341019784,0.6851017101599765
0,2.04,0.009061493594342976,0.6844888554076987
0,2.045,0.008900743756103297,0.6838755243720244
0,2.05,0.008742733150834674,0.6832617474768569
0,2.055,0.008587417755225632,0.6826475546995628
0,2.06,0.008434754190175342,0.6820329755754601
0,2.065,0.008284699712906175,0.6814180392022848
0,2.07,0.008137212209133843,0.680802774244639
0,2.075,0.007992250185296167,0.6801872089384127
0,2.08,0.007849772760840588,0.6795713710951881
0,2.085,0.007709739660569669,0.6789552881066312
0,2.09,0.007572111207047482,0.6783389869488563
0,2.095,0.007436848313066556,0.6777224941867668
0,2.1,0.007303912474175968,0.6771058359783738
0,2.105,0.007173265761270797,0.6764890380790922
0,2.11,0.00704487081324423,0.6758721258460086
0,2.115,0.006918690829701604,0.6752551242421306
0,2.12,0.006794689563736021,0.6746380578406185
0,2.125,0.006672831314767588,0.6740209508289867
0,2.13,0.006553080921446243,0.6734038270132826
0,2.135,0.006435403754617895,0.6727867098222381
0,2.14,0.006319765710354573,0.6721696223113989
0,2.145,0.006206133203048922,0.671552587167223
0,2.15,0.00609447315857249,0.6709356267111604
0,2.155,0.005984753007497196,0.6703187629037085
0,2.16,0.00587694067838217,0.6697020173484406
0,2.165,0.005771004591124787,0.6690854112960053
0,2.17,0.005666913650376537,0.6684689656481025
0,2.175,0.005564637239023292,0.6678527009614313
0,2.18,0.005464145211730928,0.6672366374516091
0,2.185,0.005365407888554624,0.6666207949970686
0,2.19,0.005268396048612126,0.6660051931429294
0,2.195,0.00517308092382228,0.6653898511048398
0,2.2,0.005079434192707762,0.6647747877727925
0,2.205,0.004987427974262389,0.6641600217149112
0,2.21,0.00489703482188241,0.6635455711812113
0,2.215,0.004808227717362805,0.662931454107331
0,2.22,0.004720980064956204,0.6623176881182381
0,2.225,0.004635265685495549,0.6617042905319105
0,2.23,0.004551058810580651,0.6610912783629855
0,2.235,0.004468334076828239,0.6604786683263832
0,2.24,0.004387066520185147,0.6598664768409011
0,2.245,0.004307231570304468,0.6592547200327802
0,2.25,0.004228805044985063,0.6586434137392443
0,2.255,0.004151763144672202,0.6580325735120111
0,2.26,0.004076082447020535,0.6574222146207767
0,2.265,0.004001739901519209,0.6568123520566705
0,2.27,0.003928712824178619,0.6562030005356826
0,2.275,0.003856978892278362,0.6555941745020617
0,2.28,0.003786516139176354,0.6549858881316865
0,2.285,0.003717302949178993,0.6543781553354077
0,2.29,0.003649318052470413,0.653770989762364
0,2.295,0.003582540520101903,0.6531644048032685
0,2.3,0.00351694975904117,0.6525584135936664
0,2.305,0.003452525507280888,0.6519530290171667
0,2.31,0.003389247829005925,0.6513482637086428
0,2.315,0.003327097109819346,0.6507441300574083
0,2.32,0.003266054052026758,0.6501406402103623
0,2.325,0.003206099669977189,0.649537806075109
0,2.33,0.003147215285461571,0.6489356393230477
0,2.335,0.0030893825231683,0.6483341513924343
0,2.34,0.003032583306195227,0.6477333534914178
0,2.345,0.002976799851617625,0.6471332566010448
0,2.35,0.002922014666112052,0.6465338714782416
0,2.355,0.002868210541635477,0.6459352086587647
0,2.36,0.002815370551158165,0.6453372784601262
0,2.365,0.002763478044451212,0.644740090984488
0,2.37,0.002712516643928149,0.6441436561215327
0,2.375,0.002662470240539818,0.6435479835513045
0,2.38,0.002613322989722306,0.642953082747024
0,2.385,0.002565059307397531,0.6423589629778762
0,2.39,0.002517663866026026,0.6417656333117727
0,2.395,0.00247112159071025,0.6411731026180832
0,2.4,0.002425417655349609,0.6405813795703424
0,2.405,0.002380537478846145,0.6399904726489292
0,2.41,0.002336466721360431,0.6394003901437201
0,2.415,0.002293191280617177,0.638811140156716
0,2.42,0.002250697288260389,0.6382227306046434
0,2.425,0.002208971106257222,0.6376351692215299
0,2.43,0.002167999323349394,0.6370484635612498
0,2.435,0.002127768751552917,0.6364626210000455
0,2.44,0.002088266422705235,0.635877648739023
0,2.445,0.002049479585059298,0.6352935538066222
0,2.45,0.002011395699924036,0.6347103430610609
0,2.455,0.001974002438351136,0.6341280231927553
0,2.46,0.001937287677867061,0.6335466007267139
0,2.465,0.001901239499249517,0.6329660820249036
0,2.47,0.001865846183348948,0.6323864732885919
0,2.475,0.001831096207954079,0.6318077805606648
0,2.48,0.00179697824470111,0.6312300097279199
0,2.485,0.001763481156026037,0.6306531665233337
0,2.49,0.001730593992160036,0.6300772565283091
0,2.495,0.001698305988166627,0.6295022851748938
0,2.5,0.001666606561020286,0.6289282577479727
0,2.505,0.00163548530672667,0.6283551793874391
0,2.51,0.001604931997483719,0.6277830550903409
0,2.515,0.001574936578883115,0.6272118897130037
0,2.52,0.001545489167151656,0.62664168797313
0,2.525,0.001516580046432469,0.6260724544518785
0,2.53,0.001488199666104702,0.6255041935959149
0,2.535,0.001460338638141667,0.6249369097194398
0,2.54,0.001432987734507293,0.6243706070061936
0,2.545,0.001406137884590339,0.6238052895114403
0,2.55,0.001379780172675755,0.6232409611639276
0,2.555,0.001353905835452923,0.6226776257678257
0,2.56,0.001328506259560478,0.6221152870046452
0,2.565,0.001303572979166564,0.6215539484351305
0,2.57,0.001279097673584493,0.6209936135011268
0,2.575,0.001255072164923675,0.6204342855274307
0,2.58,0.001231488415775189,0.6198759677236175
0,2.585,0.001208338526931497,0.6193186631858459
0,2.59,0.001185614735140043,0.6187623748986452
0,2.595,0.00116330941089039,0.6182071057366797
0,2.6,0.001141415056233827,0.6176528584664914
0,2.605,0.001119924302635485,0.6170996357482167
0,2.61,0.001098829908858802,0.6165474401372886
0,2.615,0.001078124758881649,0.6159962740861157
0,2.62,0.001057801859843785,0.6154461399457416
0,2.625,0.00103785434002527,0.614897039967486
0,2.63,0.001018275446855593,0.6143489763045669
0,2.635,0.0009990585449523848,0.6138019510136968
0,2.64,0.0009801971141900035,0.6132559660566611
0,2.645,0.0009616847477975658,0.6127110233018773
0,2.65,0.0009435151504859241,0.6121671245259367
0,2.655,0.00092568213660324,0.6116242714151242
0,2.66,0.0009081796283188183,0.6110824655669229
0,2.665,0.0008910016538349111,0.6105417084915012
0,2.67,0.0008741423456254867,0.6100020016131734
0,2.675,0.000857595938702285,0.6094633462718443
0,2.68,0.0008413567689076655,0.6089257437244373
0,2.685,0.0008254192712338085,0.6083891951463035
0,2.69,0.0008097779781679523,0.6078537016326135
0,2.695,0.0007944275180633646,0.6073192641997326
0,2.7,0.0007793626135357003,0.6067858837865793
0,2.705,0.0007645780798839037,0.6062535612559601
0,2.71,0.0007500688235359301,0.6057222973958896
0,2.715,0.0007358298405187946,0.6051920929208928
0,2.72,0.0007218562149525771,0.6046629484732935
0,2.725,0.0007081431175680315,0.6041348646244823
0,2.73,0.0006946858042476034,0.6036078418761727
0,2.735,0.0006814796145894012,0.6030818806616401
0,2.74,0.0006685199704934726,0.6025569813469372
0,2.745,0.0006558023747706149,0.6020331442320972
0,2.75,0.0006433224097731931,0.6015103695523211
0,2.755,0.0006310757360476867,0.6009886574791494
0,2.76,0.000619058091008603,0.600468008121619
0,2.765,0.0006072652876336286,0.5999484215274054
0,2.77,0.0005956932131794618,0.5994298976839492
0,2.775,0.0005843378279179221,0.5989124365195625
0,2.78,0.0005731951638924008,0.5983960379045219
0,2.785,0.0005622613236942549,0.5978807016521487
0,2.79,0.000551532479258798,0.597366427519873
0,2.795,0.0005410048706806401,0.5968532152102842
0,2.8,0.0005306748050482085,0.59634106437217
0,2.805,0.0005205386552969153,0.5958299746015381
0,2.81,0.0005105928590806664,0.5953199454426189
0,2.815,0.0005008339176617437,0.5948109763888586
0,2.82,0.0004912583948186685,0.5943030668838981
0,2.825,0.0004818629157717524,0.5937962163225381
0,2.83,0.0004726441661261125,0.593290424051691
0,2.835,0.000463598890831966,0.5927856893713231
0,2.84,0.0004547238931617177,0.5922820115353793
0,2.845,0.0004460160337036068,0.5917793897526906
0,2.85,0.0004374722293719108,0.5912778231878736
0,2.855,0.000429089452433332,0.5907773109622154
0,2.86,0.00042086472954932,0.5902778521545478
0,2.865,0.0004127951408341131,0.5897794458021074
0,2.87,0.0004048778189283526,0.5892820909013884
0,2.875,0.0003971099480877472,0.5887857864089768
0,2.88,0.0003894887632866961,0.5882905312423709
0,2.885,0.0003820115493367876,0.5877963242807931
0,2.89,0.0003746756400198409,0.5873031643659898
0,2.895,0.0003674784172352809,0.5868110503030188
0,2.9,0.0003604173101616386,0.5863199808610275
0,2.905,0.0003534897944320428,0.5858299547740209
0,2.91,0.0003466933913232105,0.5853409707416136
0,2.915,0.0003400256669578989,0.5848530274297695
0,2.92,0.0003334842315207114,0.584366123471533
0,2.925,0.000327066738486947,0.5838802574677496
0,2.93,0.0003207708838643267,0.5833954279877754
0,2.935,0.000314594405447381,0.5829116335701771
0,2.94,0.0003085350820844028,0.5824288727234238
0,2.945,0.0003025907329564657,0.5819471439265631
0,2.95,0.0002967592168685679,0.5814664456298854
0,2.955,0.0002910384315527164,0.5809867762555821
0,2.96,0.0002854263129827106,0.580508134198393
0,2.965,0.0002799208347004581,0.580030517826243
0,2.97,0.0002745200071536489,0.5795539254808723
0,2.975,0.0002692218770446644,0.5790783554784571
0,2.98,0.000264024526690283,0.5786038061102144
0,2.985,0.0002589260733922734,0.5781302756430007
0,2.99,0.0002539246688186515,0.5776577623198993
0,2.995,0.0002490184983954272,0.5771862643608034
0,3,0.0002442057807086473,0.576715779962985
0,3.005,0.0002394847669166261,0.5762463073016603
0,3.01,0.0002348537401721922,0.5757778445305458
0,3.015,0.0002303110150546056,0.5753103897823998
0,3.02,0.0002258549370112126,0.5748439411695562
0,3.025,0.0002214838818086329,0.5743784967844527
0,3.03,0.0002171962549933146,0.5739140547001498
0,3.035,0.0002129904913612962,0.5734506129708409
0,3.04,0.0002088650544370724,0.572988169632358
0,3.045,0.0002048184359613852,0.5725267227026677
0,3.05,0.0002008491553876682,0.5720662701823543
0,3.055,0.0001969557593871849,0.5716068100550971
0,3.06,0.0001931368213626774,0.5711483402881408
0,3.065,0.00018939094097037,0.5706908588327593
0,3.07,0.0001857167436501932,0.5702343636247107
0,3.075,0.0001821128801641383,0.5697788525846875
0,3.08,0.0001785780261425491,0.5693243236187596
0,3.085,0.0001751108816381488,0.5688707746188028
0,3.09,0.0001717101706878216,0.5684182034629247
0,3.095,0.000168374640881979,0.5679666080158838
0,3.1,0.0001651030629413728,0.5675159861295012
0,3.105,0.0001618942303012371,0.5670663356430654
0,3.11,0.0001587469587026765,0.5666176543837342
0,3.115,0.0001556600857911155,0.5661699401669259
0,3.12,0.000152632470721647,0.5657231907967019
0,3.125,0.0001496629937712907,0.5652774040661428
0,3.13,0.0001467505559580041,0.5648325777577223
0,3.135,0.0001438940786663214,0.5643887096436707
0,3.14,0.0001410925032795216,0.5639457974863358
0,3.145,0.0001383447908182476,0.5635038390385377
0,3.15,0.000135649921585393,0.563062832043917
0,3.155,0.0001330068948171442,0.5626227742372711
0,3.16,0.0001304147283401728,0.56218366334489
0,3.165,0.0001278724582348228,0.5617454970848842
0,3.17,0.0001253791385042038,0.561308273167509
0,3.175,0.0001229338407490826,0.5608719892954818
0,3.18,0.0001205356538485211,0.5604366431642972
0,3.185,0.0001181836836460648,0.5600022324625336
0,3.19,0.0001158770526414235,0.5595687548721497
0,3.195,0.0001136148996876109,0.5591362080687818
0,3.2,0.0001113963796934143,0.5587045897220322
0,3.205,0.0001092206633311067,0.558273897495756
0,3.21,0.0001070869367493154,0.5578441290483396
0,3.215,0.0001049944012909943,0.5574152820329807
0,3.22,0.000102942273216313,0.5569873540979556
0,3.225,0.0001009297834304402,0.5565603428868817
0,3.23,9.895617721616605e-05,0.5561342460389775
0,3.235,9.702071397125685e-05,0.555709061189318
0,3.24,9.512266695046523e-05,0.5552847859690847
0,3.245,9.32613230121159e-05,0.5548614180058128
0,3.25,9.143598236921937e-05,0.5544389549236352
0,3.255,8.964595834494133e-05,0.5540173943435173
0,3.26,8.789057713242506e-05,0.5535967338834871
0,3.265,8.616917755890211e-05,0.5531769711588637
0,3.27,8.448111085400075e-05,0.5527581037824798
0,3.275,8.282574042217959e-05,0.552340129364902
0,3.28,8.120244161922508e-05,0.551923045514646
0,3.285,7.961060153275632e-05,0.5515068498383915
0,3.29,7.804961876658902e-05,0.5510915399411858
0,3.295,7.651890322896536e-05,0.5506771134266456
0,3.3,7.501787592458054e-05,0.5502635678971555
0,3.305,7.354596875033095e-05,0.5498509009540637
0,3.31,7.210262429471381e-05,0.5494391101978725
0,3.315,7.068729564083235e-05,0.5490281932284272
0,3.32,6.929944617294363e-05,0.5486181476451032
0,3.325,6.793854938642592e-05,0.5482089710469821
0,3.33,6.660408870117255e-05,0.5478006610330277
0,3.335,6.529555727822662e-05,0.5473932152022433
0,3.34,6.401245783981627e-05,0.5469866311538382
0,3.345,6.275430249452692e-05,0.5465809064876407
0,3.35,6.152061255819158e-05,0.5461760388035354
0,3.355,6.03109183918919e-05,0.5457720257027209
0,3.36,5.91247592261036e-05,0.545368864786746
0,3.365,5.796168300279708e-05,0.5449665536585151
0,3.37,5.682124621089386e-05,0.5445650899220147
0,3.375,5.570301372727563e-05,0.544164471182376
0,3.38,5.460655866523666e-05,0.543764695046589
0,3.385,5.353146221508423e-05,0.5433657591227007
0,3.39,5.24773135019681e-05,0.542967661021078
0,3.395,5.144370943120014e-05,0.5425703983534709
0,3.4,5.043025454903703e-05,0.5421739687339351
0,3.405,4.94365608981993e-05,0.5417783697786001
0,3.41,4.846224787762085e-05,0.5413835991056606
0,3.415,4.750694210939038e-05,0.5409896543360988
0,3.42,4.657027729832342e-05,0.5405965330928629
0,3.425,4.565189410691734e-05,0.5402042330020805
0,3.43,4.475144001939202e-05,0.5398127516921555
0,3.435,4.386856921899975e-05,0.5394220867946076
0,3.44,4.300294246123824e-05,0.5390322359438826
0,3.445,4.215422695020177e-05,0.5386431967772802
0,3.45,4.132209622181419e-05,0.5382549669356801
0,3.455,4.050623002019443e-05,0.5378675440627084
0,3.46,3.970631418771975e-05,0.5374809258059009
0,3.465,3.89220405455992e-05,0.5370951098158341
0,3.47,3.815310678579955e-05,0.5367100937468892
0,3.475,3.739921635984883e-05,0.5363258752571004
0,3.48,3.666007836988424e-05,0.5359424520080257
0,3.485,3.593540746623032e-05,0.5355598216654757
0,3.49,3.522492373861793e-05,0.5351779818986721
0,3.495,3.452835261956856e-05,0.5347969303813606
0,3.5,3.384542477955665e-05,0.5344166647909803
0,3.505,3.317587603185232e-05,0.5340371828093524
0,3.51,3.251944723505171e-05,0.5336584821225686
0,3.515,3.187588419712762e-05,0.5332805604208075
0,3.52,3.124493758562986e-05,0.5329034153990659
0,3.525,3.062636283203169e-05,0.5325270447563143
0,3.53,3.00199200468528e-05,0.5321514461965586
0,3.535,2.942537392768499e-05,0.5317766174280499
0,3.54,2.884249367544345e-05,0.5314025561639016
0,3.545,2.827105290897521e-05,0.5310292601220155
0,3.55,2.771082958060373e-05,0.5306567270248509
0,3.555,2.716160589743096e-05,0.5302849546001556
0,3.56,2.662316823727516e-05,0.5299139405801208
0,3.565,2.609530707413481e-05,0.5295436827023958
0,3.57,2.557781689754502e-05,0.529174178709336
0,3.575,2.507049613890223e-05,0.5288054263485531
0,3.58,2.457314709669018e-05,0.528437423372878
0,3.585,2.408557586218117e-05,0.5280701675400863
0,3.59,2.360759225049345e-05,0.5277036566136276
0,3.595,2.313900972675973e-05,0.5273378883617853
0,3.6,2.267964534069379e-05,0.5269728605586413
0,3.605,2.222931965592231e-05,0.5266085709833663
0,3.61,2.178785668519748e-05,0.5262450174207045
0,3.615,2.135508382495185e-05,0.5258821976609729
0,3.62,2.093083178996788e-05,0.5255201094997469
0,3.625,2.051493455300395e-05,0.5251587507385869
0,3.63,2.010722927998487e-05,0.5247981191842056
0,3.635,1.970755627257845e-05,0.5244382126493846
0,3.64,1.93157589063031e-05,0.5240790289523057
0,3.645,1.89316835735782e-05,0.5237205659169752
0,3.65,1.855517962647067e-05,0.5233628213732564
0,3.655,1.818609931927823e-05,0.5230057931565211
0,3.66,1.782429775567813e-05,0.5226494791083702
0,3.665,1.746963283186837e-05,0.5222938770758138
0,3.67,1.712196518618948e-05,0.521938984912137
0,3.675,1.678115814494666e-05,0.5215848004762764
0,3.68,1.644707767236948e-05,0.5212313216331845
0,3.685,1.611959232054638e-05,0.5208785462538942
0,3.69,1.579857317898765e-05,0.5205264722151406
0,3.695,1.548389382837478e-05,0.5201750974000745
0,3.7,1.517543029070382e-05,0.5198244196974561
0,3.705,1.48730609851016e-05,0.5194744370024744
0,3.71,1.457666668042474e-05,0.5191251472161647
0,3.715,1.428613045130696e-05,0.518776548245718
0,3.72,1.400133763439798e-05,0.5184286380045772
0,3.725,1.372217578407797e-05,0.5180814144120306
0,3.73,1.34485346319966e-05,0.5177348753939186
0,3.735,1.318030604337842e-05,0.5173890188818424
0,3.74,1.291738397828375e-05,0.5170438428139376
0,3.745,1.265966445015691e-05,0.5166993451343332
0,3.75,1.24070454872351e-05,0.5163555237934103
0,3.755,1.215942709431278e-05,0.5160123767479242
0,3.76,1.191671121387561e-05,0.5156699019605779
0,3.765,1.167880169071497e-05,0.5153280974007167
0,3.77,1.144560423365314e-05,0.5149869610435566
0,3.775,1.121702638158779e-05,0.5146464908709123
0,3.78,1.099297746725937e-05,0.5143066848706969
0,3.785,1.077336858338056e-05,0.5139675410371319
0,3.79,1.055811254924054e-05,0.5136290573708966
0,3.795,1.034712387661121e-05,0.5132912318786808
0,3.8,1.014031873880864e-05,0.5129540625738692
0,3.805,9.93761493718316e-06,0.5126175474757901
0,3.81,9.738931871364178e-06,0.5122816846103986
0,3.815,9.544190507604711e-06,0.5119464720098166
0,3.82,9.3533133490638e-06,0.5116119077124972
0,3.825,9.166224406650036e-06,0.5112779897633991
0,3.83,8.982849169224669e-06,0.5109447162135726
0,3.835,8.803114576067354e-06,0.5106120851205833
0,3.84,8.62694898857426e-06,0.5102800945482987
0,3.845,8.454282163011456e-06,0.5099487425669313
0,3.85,8.285045223698414e-06,0.5096180272530395
0,3.855,8.119170636699218e-06,0.509287946689526
0,3.86,7.956592184011808e-06,0.5089584989656394
0,3.865,7.797244938246291e-06,0.5086296821769709
0,3.87,7.641065237782853e-06,0.5083014944254541
0,3.875,7.487990662400687e-06,0.5079739338193623
0,3.88,7.337960009368944e-06,0.5076469984733059
0,3.885,7.190913269994133e-06,0.5073206865082307
0,3.89,7.046791606612331e-06,0.5069949960514167
0,3.895,6.905537330010246e-06,0.50666992523647
0,3.9,6.767093877279639e-06,0.5063454722033193
0,3.905,6.63140579009305e-06,0.5060216350982093
0,3.91,6.498418693392611e-06,0.5056984120736968
0,3.915,6.368079274483652e-06,0.5053758012886443
0,3.92,6.240335262526198e-06,0.5050538009082142
0,3.925,6.115135408416391e-06,0.5047324091038613
0,3.93,5.992429465050977e-06,0.5044116240533274
0,3.935,5.872168167968135e-06,0.5040914439406333
0,3.94,5.75430321636034e-06,0.5037718669560747
0,3.945,5.638787254441246e-06,0.5034528912962111
0,3.95,5.525573853169563e-06,0.5031345151638571
0,3.955,5.414617492322992e-06,0.5028167367680731
0,3.96,5.305873542914054e-06,0.5024995543241565
0,3.965,5.199298249941448e-06,0.5021829660536318
0,3.97,5.09484871547046e-06,0.5018669701842418
0,3.975,4.992482882036433e-06,0.5015515649499368
0,3.98,4.892159516365084e-06,0.5012367485908646
0,3.985,4.793838193404094e-06,0.5009225193533602
0,3.99,4.697479280662452e-06,0.5006088754899364
0,3.995,4.603043922845856e-06,0.5002958152592737
0,4,4.510494026783413e-06,0.4999833369262053
0,4.005,4.419792246645616e-06,0.4996714387617064
0,4.01,4.330901969445102e-06,0.4993601190428811
0,4.015,4.243787300814963e-06,0.4990493760529513
0,4.02,4.158413051059416e-06,0.4987392080812435
0,4.025,4.074744721471575e-06,0.4984296134231763
0,4.03,3.992748490913358e-06,0.4981205903802477
0,4.035,3.912391202652612e-06,0.4978121372600211
0,4.04,3.833640351454037e-06,0.4975042523761145
0,4.045,3.756464070917802e-06,0.4971969340481874
0,4.05,3.680831121056599e-06,0.4968901806019245
0,4.055,3.606710876113444e-06,0.4965839903690223
0,4.06,3.534073312613866e-06,0.4962783616871734
0,4.065,3.462888997647478e-06,0.4959732929000534
0,4.07,3.393129077374576e-06,0.4956687823573052
0,4.075,3.324765265753639e-06,0.4953648284145254
0,4.08,3.257769833485413e-06,0.4950614294332484
0,4.085,3.192115597169609e-06,0.4947585837809315
0,4.09,3.127775908670475e-06,0.4944562898309406
0,4.095,3.064724644688802e-06,0.4941545459625366
0,4.1,3.002936196379676e-06,0.4938533505606941
0,4.105,2.94238545994891e-06,0.4935527020167669
0,4.11,2.883047825829677e-06,0.493252598727412
0,4.115,2.82489916971128e-06,0.4929530390953006
0,4.12,2.767915842901187e-06,0.4926540215289173
0,4.125,2.712074663043346e-06,0.492355544442543
0,4.13,2.657352905015492e-06,0.492057606256239
0,4.135,2.603728292001891e-06,0.49176020539583
0,4.14,2.551178986738501e-06,0.4914633402928886
0,4.145,2.499683582929887e-06,0.4911670093847206
0,4.15,2.449221096828623e-06,0.4908712111143503
0,4.155,2.399770958974054e-06,0.4905759439304977
0,4.16,2.351313006093872e-06,0.4902812062875622
0,4.165,2.303827473162141e-06,0.4899869966456052
0,4.17,2.257294985610852e-06,0.4896933134703329
0,4.175,2.211696551691966e-06,0.489400155233079
0,4.18,2.167013554987106e-06,0.4891075204107868
0,4.185,2.123227747062139e-06,0.4888154074859924
0,4.19,2.080321240263819e-06,0.4885238149468066
0,4.195,2.038276500655783e-06,0.4882327412868975
0,4.2,1.997076341091291e-06,0.4879421850054724
0,4.205,1.956703914420092e-06,0.4876521446072604
0,4.21,1.917142706826777e-06,0.4873626186024942
0,4.215,1.878376531298227e-06,0.4870736055068922
0,4.22,1.84038952121762e-06,0.4867851038416408
0,4.225,1.803166124082549e-06,0.4864971121333759
0,4.23,1.766691095344952e-06,0.486209628914165
0,4.235,1.73094949237055e-06,0.4859226527214892
0,4.24,1.695926668515302e-06,0.4856361820982246
0,4.245,1.66160826731733e-06,0.4853502155926251
0,4.25,1.6279802168035e-06,0.4850647517583078
0,4.255,1.595028723902352e-06,0.4847797891542322
0,4.26,1.562740268965983e-06,0.4844953263446796
0,4.265,1.531101600399655e-06,0.4842113618992345
0,4.27,1.500099729395702e-06,0.4839278943927663
0,4.275,1.469721924769844e-06,0.4836449224054112
0,4.28,1.439955707897736e-06,0.4833624445225532
0,4.285,1.410788847750079e-06,0.4830804593348054
0,4.29,1.382209356024261e-06,0.4827989654379923
0,4.295,1.354205482370648e-06,0.4825179614331304
0,4.3,1.326765709711813e-06,0.48223744592641
0,4.305,1.299878749652836e-06,0.4819574175291766
0,4.31,1.273533537980977e-06,0.4816778748579122
0,4.315,1.247719230252948e-06,0.4813988165342171
0,4.32,1.222425197468145e-06,0.4811202411847901
0,4.325,1.19764102182618e-06,0.4808421474414113
0,4.33,1.173356492567101e-06,0.4805645339409227
0,4.335,1.149561601892641e-06,0.4802873993252095
0,4.34,1.126246540967039e-06,0.4800107422411817
0,4.345,1.103401695995845e-06,0.4797345613407553
0,4.350000000000001,1.081017644381872e-06,0.4794588552808354
0,4.355,1.059085150956698e-06,0.4791836227233002
0,4.36,1.037595164282736e-06,0.4789088623349789
0,4.365,1.016538813028935e-06,0.4786345727876318
0,4.37,9.959074024175394e-07,0.4783607527579318
0,4.375,9.756924107402744e-07,0.4780874009274463
0,4.38,9.558854859425764e-07,0.4778145159826181
0,4.385,9.364784422745765e-07,0.4775420966147469
0,4.39,9.174632570075057e-07,0.4772701415199709
0,4.395,8.988320672143153e-07,0.4769986493992477
0,4.4,8.80577166613268e-07,0.476727618958337
0,4.405,8.626910024731901e-07,0.4764570489077805
0,4.41,8.45166172579336e-07,0.4761869379628845
0,4.415,8.279954222585842e-07,0.475917284843701
0,4.42,8.111716414628761e-07,0.4756480882750097
0,4.425,7.946878619097189e-07,0.4753793469862986
0,4.43,7.785372542787094e-07,0.4751110597117467
0,4.435,7.627131254629444e-07,0.4748432251902048
0,4.44,7.472089158743053e-07,0.4745758421651778
0,4.445,7.320181968014866e-07,0.4743089093848057
0,4.45,7.171346678198838e-07,0.4740424256018462
0,4.455,7.025521542530563e-07,0.4737763895736582
0,4.46,6.882646046831897e-07,0.4735108000621845
0,4.465,6.742660885093056e-07,0.4732456558339304
0,4.47,6.605507935543137e-07,0.4729809556599453
0,4.475000000000001,6.471130237190855e-07,0.4727166983158049
0,4.48,6.339471966825595e-07,0.4724528825815928
0,4.485,6.210478416469861e-07,0.4721895072418824
0,4.49,6.084095971274561e-07,0.4719265710857189
0,4.495,5.960272087848386e-07,0.4716640729066017
0,4.5,5.838955273012632e-07,0.471402011502466
0,4.505,5.720095062973645e-07,0.471140385675665
0,4.51,5.603642002904525e-07,0.4708791942329523
0,4.515,5.489547626927975e-07,0.4706184359854638
0,4.52,5.377764438492862e-07,0.4703581097487
0,4.525,5.268245891136623e-07,0.4700982143425083
0,4.53,5.160946369625951e-07,0.4698387485910655
0,4.535,5.055821171468489e-07,0.4695797113228596
0,4.54,4.952826488788409e-07,0.4693211013706728
0,4.545,4.851919390558571e-07,0.4690629175715634
0,4.55,4.753057805182566e-07,0.4688051587668494
0,4.555,4.656200503420448e-07,0.4685478238020894
0,4.56,4.561307081656937e-07,0.4682909115270705
0,4.565,4.468337945487755e-07,0.4680344207957874
0,4.57,4.377254293629409e-07,0.4677783504664245
0,4.575,4.2880181021503e-07,0.4675226994013379
0,4.58,4.200592109012709e-07,0.4672674664670384
0,4.585,4.114939798919569e-07,0.4670126505341746
0,4.59,4.031025388459831e-07,0.4667582504775154
0,4.595,3.948813811546972e-07,0.4665042651759331
0,4.600000000000001,3.86827070514462e-07,0.4662506935123863
0,4.605,3.789362395273967e-07,0.4659975343739032
0,4.61,3.712055883297014e-07,0.4657447866515645
0,4.615,3.636318832470826e-07,0.4654924492404863
0,4.62,3.562119554767154e-07,0.4652405210398038
0,4.625,3.489426997952198e-07,0.4649890009526544
0,4.63,3.41821073292167e-07,0.4647378878861604
0,4.635,3.348440941285967e-07,0.4644871807514133
0,4.64,3.280088403200681e-07,0.4642368784634566
0,4.645,3.213124485437476e-07,0.4639869799412694
0,4.65,3.14752112969091e-07,0.4637374841077502
0,4.655,3.083250841116249e-07,0.4634883898896999
0,4.66,3.020286677095823e-07,0.463239696217807
0,4.665,2.958602236229526e-07,0.4629914020266333
0,4.67,2.898171647534422e-07,0.4627435062545948
0,4.675,2.838969559861721e-07,0.4624960078439455
0,4.68,2.780971131524299e-07,0.4622489057407603
0,4.685,2.724152020129626e-07,0.4620021988949193
0,4.69,2.668488372613928e-07,0.4617558862600923
0,4.695,2.613956815473642e-07,0.4615099667937221
0,4.7,2.56053444519031e-07,0.4612644394570088
0,4.705,2.508198818845183e-07,0.4610193032148943
0,4.71,2.456927944919716e-07,0.4607745570360459
0,4.715,2.406700274278382e-07,0.4605301998928411
0,4.72,2.357494691330125e-07,0.4602862307613515
0,4.725000000000001,2.309290505365068e-07,0.4600426486213275
0,4.73,2.262067442062991e-07,0.4597994524561827
0,4.735,2.215805635170139e-07,0.4595566412529781
0,4.74,2.170485618341102e-07,0.459314214002407
0,4.745,2.126088317142581e-07,0.4590721696987794
0,4.75,2.082595041215786e-07,0.4588305073400067
0,4.755,2.039987476594304e-07,0.4585892259275867
0,4.76,1.998247678174565e-07,0.4583483244665878
0,4.765,1.957358062337912e-07,0.4581078019656363
0,4.77,1.917301399717675e-07,0.4578676574369018
0,4.775,1.878060808106044e-07,0.4576278898960792
0,4.78,1.839619745504689e-07,0.4573884983623746
0,4.785,1.801962003313706e-07,0.4571494818584892
0,4.79,1.765071699655897e-07,0.4569108394106056
0,4.795,1.728933272833657e-07,0.456672570048372
0,4.8,1.693531474915967e-07,0.456434672804888
0,4.805,1.658851365452881e-07,0.45619714671669
0,4.81,1.624878305314922e-07,0.4559599908237363
0,4.815,1.591597950655093e-07,0.4557232041693926
0,4.82,1.558996246990879e-07,0.4554867858004175
0,4.825,1.527059423404082e-07,0.4552507347669484
0,4.83,1.495773986855971e-07,0.4550150501224865
0,4.835,1.465126716615625e-07,0.4547797309238827
0,4.84,1.435104658799179e-07,0.454544776231324
0,4.845,1.405695121017716e-07,0.454310185108318
0,4.850000000000001,1.376885667131792e-07,0.45407595662168
0,4.855,1.348664112110408e-07,0.4538420898415183
0,4.86,1.321018516992352e-07,0.4536085838412202
0,4.865,1.293937183948138e-07,0.4533754376974382
0,4.87,1.267408651442128e-07,0.4531426504900786
0,4.875,1.241421689488037e-07,0.4529102213022865
0,4.88,1.215965294998679e-07,0.4526781492204302
0,4.885,1.191028687229725e-07,0.4524464333340881
0,4.89,1.166601303314368e-07,0.4522150727360343
0,4.895,1.14267279388703e-07,0.4519840665222254
0,4.9,1.119233018794336e-07,0.4517534137917874
0,4.905,1.096272042891641e-07,0.4515231136470009
0,4.91,1.073780131923448e-07,0.4512931651932889
0,4.915,1.05174774848602e-07,0.451063567539203
0,4.92,1.030165548070549e-07,0.4508343197964098
0,4.925,1.00902437518534e-07,0.4506054210796781
0,4.93,9.88315259555386e-08,0.4503768705068651
0,4.935,9.680294123978602e-08,0.4501486671989042
0,4.94,9.481582227719586e-08,0.4499208102797907
0,4.945,9.286932540016605e-08,0.4496932988765698
0,4.95,9.096262401699618e-08,0.449466132119323
0,4.955,8.909490826831645e-08,0.4492393091411553
0,4.96,8.726538469037883e-08,0.4490128290781828
0,4.965,8.547327588508159e-08,0.448786691069519
0,4.97,8.371782019663149e-08,0.4485608942572636
0,4.975000000000001,8.199827139474599e-08,0.4483354377864909
0,4.98,8.031389836394089e-08,0.4481103208052359
0,4.985,7.866398479911865e-08,0.4478855424644806
0,4.99,7.70478289072937e-08,0.4476611019181416
0,4.995,7.546474311528088e-08,0.4474369983230577
0,5,7.391405378323567e-08,0.4472132308389777
0.3,0,1,0
0.3,0.005,0.999966086883556,0.005100292611778199
0.3,0.01,0.9998643547455871,0.01020027388638586
0.3,0.015,0.999694825217608,0.01529963253379189
0.3,0.02,0.99945753434357,0.02039805735823351
0.3,0.025,0.9991525325670029,0.02549523730532431
0.3,0.03,0.9987798847130267,0.03059086150913077
0.3,0.035,0.998339669965233,0.03568461933920698
0.3,0.04,0.9978319818374556,0.04077620044757702
0.3,0.045,0.9972569281404374,0.04586529481565458
0.3,0.05,0.9966146309434114,0.05095159280108934
0.3,0.055,0.9959052265306148,0.0560347851845298
0.3,0.06,0.9951288653527554,0.06111456321629222
0.3,0.065,0.9942857119734503,0.06619061866292481
0.3,0.07000000000000001,0.9933759450106698,0.07126264385365728
0.3,0.075,0.9923997570732035,0.07633033172672549
0.3,0.08,0.9913573546921881,0.08139337587556036
0.3,0.08500000000000001,0.9902489582477236,0.0864514705948312
0.3,0.09,0.989074801890613,0.091504310926333
0.3,0.095,0.9878351334592625,0.09655159270470769
0.3,0.1,0.9865302143917835,0.1015930126029885
0.3,0.105,0.9851603196333331,0.1066282681779585
0.3,0.11,0.9837257375387395,0.1116570579153115
0.3,0.115,0.9822267697704585,0.1166790812746066
0.3,0.12,0.9806637311919038,0.1216940387340057
0.3,0.125,0.9790369497562116,0.1267016318347841
0.3,0.13,0.9773467663904787,0.1317015632256044
0.3,0.135,0.9755935348755392,0.136693536706543
0.3,0.14,0.9737776217213294,0.1416772572728611
0.3,0.145,0.971899406037902,0.1466524311585077
0.3,0.15,0.9699592794021517,0.1516187658793476
0.3,0.155,0.9679576457203087,0.1565759702761034
0.3,0.16,0.9658949210862718,0.1615237545570002
0.3,0.165,0.9637715336358409,0.1664618303401073
0.3,0.17,0.9615879233969226,0.1713899106953633
0.3,0.175,0.9593445421357761,0.1763077101862782
0.3,0.18,0.9570418531993709,0.1812149449113015
0.3,0.185,0.9546803313539335,0.1861113325448469
0.3,0.19,0.9522604626197526,0.1909965923779658
0.3,0.195,0.9497827441023268,0.1958704453586587
0.3,0.2,0.9472476838199315,0.2007326141318161
0.3,0.205,0.9446558005276789,0.205582823078781
0.3,0.21,0.942007623538166,0.2104207983565207
0.3,0.215,0.9393036925387813,0.2152462679364038
0.3,0.22,0.9365445574057669,0.2200589616425697
0.3,0.225,0.9337307780151134,0.2248586111898834
0.3,0.23,0.9308629240503825,0.2296449502214681
0.3,0.235,0.9279415748075418,0.2344177143458052
0.3,0.24,0.9249673189969085,0.239176641173394
0.3,0.245,0.9219407545422865,0.2439214703529639
0.3,0.25,0.9188624883773984,0.2486519436072295
0.3,0.255,0.9157331362397007,0.2533678047681807
0.3,0.26,0.9125533224616795,0.2580687998119005
0.3,0.265,0.9093236797597286,0.2627546768929018
0.3,0.27,0.9060448490206989,0.2674251863779776
0.3,0.275,0.902717479086225,0.2720800808795536
0.3,0.28,0.8993422265349283,0.2767191152885382
0.3,0.285,0.8959197554625919,0.2813420468066626
0.3,0.29,0.892450737260414,0.2859486349783019
0.3,0.295,0.8889358503914426,0.290538641721772
0.3,0.3,0.8853757801652872,0.2951118313600939
0.3,0.305,0.881771218511221,0.29966797065122
0.3,0.31,0.878122863749768,0.304206828817713
0.3,0.315,0.8744314203628899,0.3087281775758755
0.3,0.32,0.8706975987628677,0.3132317911643186
0.3,0.325,0.8669221150599923,0.3177174463719672
0.3,0.33,0.8631056908291621,0.3221849225654938
0.3,0.335,0.8592490528755048,0.3266340017161758
0.3,0.34,0.8553529329991139,0.3310644684261698
0.3,0.345,0.8514180677590237,0.3354761099541978
0.3,0.35,0.8474451982365165,0.339868716240639
0.3,0.355,0.8434350697978757,0.3442420799320224
0.3,0.36,0.83938843185669,0.3485959964049156
0.3,0.365,0.8353060376358137,0.3529302637892034
0.3,0.37,0.8311886439290918,0.3572446829907531
0.3,0.375,0.8270370108629568,0.3615390577134595
0.3,0.38,0.8228519016579992,0.3658131944806679
0.3,0.385,0.8186340823906239,0.3700669026559687
0.3,0.39,0.8143843217548904,0.3742999944633602
0.3,0.395,0.8101033908246503,0.3785122850067752
0.3,0.4,0.8057920628160774,0.3827035922889683
0.3,0.405,0.8014511128507013,0.3868737372297593
0.3,0.41,0.7970813177190447,0.3910225436836307
0.3,0.415,0.7926834556449688,0.3951498384566752
0.3,0.42,0.7882583060508264,0.3992554513228898
0.3,0.425,0.7838066493235237,0.4033392150398151
0.3,0.43,0.7793292665815945,0.4074009653635151
0.3,0.435,0.7748269394433821,0.4114405410628972
0.3,0.44,0.7703004497964279,0.4154577839333692
0.3,0.445,0.7657505795681659,0.4194525388098296
0.3,0.45,0.7611781104980175,0.4234246535789926
0.3,0.455,0.7565838239109798,0.4273739791910438
0.3,0.46,0.7519685004928081,0.4313003696706258
0.3,0.465,0.7473329200668738,0.4352036821271532
0.3,0.47,0.7426778613728009,0.4390837767644543
0.3,0.475,0.7380041018469605,0.4429405168897412
0.3,0.48,0.7333124174049208,0.4467737689219051
0.3,0.485,0.7286035822259304,0.4505834023991375
0.3,0.49,0.7238783685395287,0.454369289985878
0.3,0.495,0.7191375464143607,0.4581313074790869
0.3,0.5,0.7143818835492798,0.4618693338138437
0.3,0.505,0.7096121450668252,0.4655832510682726
0.3,0.51,0.7048290933091423,0.4692729444677958
0.3,0.515,0.7000334876364294,0.472938302388713
0.3,0.52,0.6952260842279886,0.4765792163611111
0.3,0.525,0.6904076358859457,0.4801955810711048
0.3,0.53,0.6855788918417174,0.4837872943624077
0.3,0.535,0.6807405975652951,0.4873542572372391
0.3,0.54,0.6758934945774084,0.4908963738565629
0.3,0.545,0.6710383202646379,0.494413551539668
0.3,0.55,0.666175807697539,0.4979057007630855
0.3,0.555,0.6613066854518413,0.5013727351588513
0.3,0.5600000000000001,0.6564316774327777,0.504814571512112
0.3,0.5650000000000001,0.6515515027026054,0.5082311297580807
0.3,0.5700000000000001,0.6466668753113713,0.5116223329783434
0.3,0.5750000000000001,0.6417785041309763,0.5149881073965213
0.3,0.58,0.6368870926925876,0.5183283823732913
0.3,0.585,0.6319933390274516,0.5216430904007691
0.3,0.59,0.6270979355111469,0.5249321670962581
0.3,0.595,0.622201568711329,0.5281955511953697
0.3,0.6,0.6173049192390031,0.5314331845445184
0.3,0.605,0.6124086616033695,0.5346450120927976
0.3,0.61,0.6075134640702721,0.5378309818832383
0.3,0.615,0.602619988524293,0.5409910450434586
0.3,0.62,0.59772889033452,0.5441251557757084
0.3,0.625,0.5928408182240205,0.5472332713463127
0.3,0.63,0.5879564141430467,0.550315352074523
0.3,0.635,0.5830763131460027,0.553371361320777
0.3,0.64,0.578201143272193,0.556401265474379
0.3,0.645,0.5733315254303735,0.5594050339406018
0.3,0.65,0.5684680732871271,0.5623826391272194
0.3,0.655,0.5636113931590764,0.5653340564304761
0.3,0.66,0.5587620839089497,0.5682592642204983
0.3,0.665,0.5539207368455129,0.571158243826157
0.3,0.67,0.5490879356273743,0.5740309795193858
0.3,0.675,0.5442642561706709,0.5768774584989644
0.3,0.68,0.539450266560643,0.5796976708737732
0.3,0.6850000000000001,0.5346465269670957,0.5824916096455243
0.3,0.6900000000000001,0.5298535895637513,0.5852592706909824
0.3,0.6950000000000001,0.5250719984514899,0.5880006527436766
0.3,0.7000000000000001,0.5203022895854723,0.5907157573751177
0.3,0.705,0.5155449907061429,0.5934045889755216
0.3,0.71,0.5108006212740989,0.5960671547340542
0.3,0.715,0.5060696924088226,0.5987034646186012
0.3,0.72,0.501352706831255,0.6013135313550731
0.3,0.725,0.4966501588102065,0.6038973704062546
0.3,0.73,0.4919625341125779,0.6064549999502039
0.3,0.735,0.4872903099573812,0.6089864408582162
0.3,0.74,0.4826339549735345,0.6114917166723535
0.3,0.745,0.4779939291614095,0.6139708535825561
0.3,0.75,0.4733706838581092,0.6164238804033416
0.3,0.755,0.4687646617064445,0.6188508285500991
0.3,0.76,0.464176296627589,0.621251732014992
0.3,0.765,0.4596060137973713,0.6236266273424764
0.3,0.77,0.4550542296261854,0.625975553604444
0.3,0.775,0.4505213517424745,0.6282985523749994
0.3,0.78,0.4460077789797587,0.6305956677048845
0.3,0.785,0.4415139013671705,0.6328669460955526
0.3,0.79,0.4370401001234561,0.6351124364729114
0.3,0.795,0.4325867476544025,0.6373321901607355
0.3,0.8,0.4281542075536541,0.6395262608537653
0.3,0.805,0.4237428346068681,0.6416947045904979
0.3,0.8100000000000001,0.41935297479917,0.6438375797256821
0.3,0.8150000000000001,0.4149849653258615,0.6459549469025265
0.3,0.8200000000000001,0.4106391346063334,0.6480468690246313
0.3,0.8250000000000001,0.4063158023011347,0.6501134112276533
0.3,0.8300000000000001,0.4020152793321505,0.6521546408507153
0.3,0.835,0.3977378679058344,0.6541706274075674
0.3,0.84,0.3934838615394473,0.6561614425575151
0.3,0.845,0.3892535450902463,0.658127160076118
0.3,0.85,0.3850471947875729,0.6600678558256763
0.3,0.855,0.3808650782677931,0.6619836077255021
0.3,0.86,0.3767074546119492,0.6638744957220338
0.3,0.865,0.3725745743863544,0.665740601758668
0.3,0.87,0.3684666796855136,0.6675820097455666
0.3,0.875,0.364384004178046,0.669398805529137
0.3,0.88,0.3603267731548261,0.6711910768614919
0.3,0.885,0.3562952035798582,0.6729589133696721
0.3,0.89,0.3522895041434705,0.6747024065247793
0.3,0.895,0.3483098753178639,0.6764216496109846
0.3,0.9,0.3443565094151295,0.6781167376943823
0.3,0.905,0.3404295906472402,0.6797877675918063
0.3,0.91,0.3365292951886015,0.6814348378394675
0.3,0.915,0.3326557912403064,0.6830580486615936
0.3,0.92,0.3288092390968825,0.6846575019389117
0.3,0.925,0.324989791214653,0.6862333011771322
0.3,0.93,0.3211975922823379,0.6877855514753273
0.3,0.9350000000000001,0.3174327792933433,0.6893143594942919
0.3,0.9400000000000001,0.3136954816199107,0.6908198334248561
0.3,0.9450000000000001,0.3099858210891044,0.6923020829561684
0.3,0.9500000000000001,0.3063039120602596,0.6937612192439666
0.3,0.9550000000000001,0.3026498615043811,0.6951973548788348
0.3,0.96,0.2990237690846929,0.6966106038544593
0.3,0.965,0.2954257272391156,0.6980010815359005
0.3,0.97,0.2918558212637576,0.6993689046278703
0.3,0.975,0.2883141293981218,0.7007141911430526
0.3,0.98,0.284800722911371,0.7020370603704431
0.3,0.985,0.2813156661899507,0.7033376328437431
0.3,0.99,0.2778590168264122,0.7046160303098099
0.3,0.995,0.2744308257091971,0.7058723756971458
0.3,1,0.271031137113752,0.7071067930845018
0.3,1.005,0.2676599887942711,0.7083194076694913
0.3,1.01,0.264317412076792,0.7095103457373767
0.3,1.015,0.2610034319527421,0.7106797346298542
0.3,1.02,0.2577180671736792,0.711827702714032
0.3,1.025,0.2544613303464935,0.7129543793514433
0.3,1.03,0.2512332280294864,0.7140598948672254
0.3,1.035,0.2480337608290392,0.7151443805194102
0.3,1.04,0.2448629234967828,0.7162079684683168
0.3,1.045,0.2417207050274986,0.7172507917461605
0.3,1.05,0.2386070887571813,0.7182729842266883
0.3,1.055,0.2355220524618983,0.7192746805951213
0.3,1.06,0.2324655684566025,0.7202560163180862
0.3,1.065,0.2294376036946429,0.7212171276138832
0.3,1.07,0.2264381198672044,0.7221581514227808
0.3,1.075,0.2234670735031835,0.7230792253775972
0.3,1.08,0.2205244160691031,0.7239804877744155
0.3,1.085,0.21761009406912,0.72486207754348
0.3,1.09,0.2147240491452215,0.7257241342203696
0.3,1.095,0.2118662181771859,0.7265667979172331
0.3,1.1,0.2090365333828272,0.7273902092944295
0.3,1.105,0.2062349224177837,0.7281945095321546
0.3,1.11,0.2034613084755468,0.7289798403025262
0.3,1.115,0.2007156103869808,0.7297463437416767
0.3,1.12,0.1979977427198817,0.7304941624222524
0.3,1.125,0.1953076158781149,0.7312234393260363
0.3,1.13,0.1926451362004951,0.7319343178168464
0.3,1.135,0.1900102060593939,0.7326269416137311
0.3,1.14,0.1874027239587865,0.7333014547642785
0.3,1.145,0.1848225846321419,0.7339580016183899
0.3,1.15,0.1822696791395321,0.7345967268020477
0.3,1.155,0.1797438949645918,0.7352177751916367
0.3,1.16,0.1772451161106198,0.7358212918882483
0.3,1.165,0.1747732231963923,0.7364074221924988
0.3,1.17,0.1723280935511839,0.7369763115794448
0.3,1.175,0.1699096013092557,0.7375281056738647
0.3,1.18,0.1675176175036929,0.7380629502258327
0.3,1.185,0.16515201015944,0.7385809910864612
0.3,1.19,0.1628126443858174,0.7390823741841398
0.3,1.195,0.1604993824680237,0.7395672455007803
0.3,1.2,0.1582120839581674,0.7400357510486808
0.3,1.205,0.1559506057651931,0.7404880368473507
0.3,1.21,0.1537148022442568,0.7409242489009373
0.3,1.215,0.151504525285038,0.7413445331757114
0.3,1.22,0.1493196243993137,0.7417490355780053
0.3,1.225,0.1471599468075975,0.7421379019324101
0.3,1.23,0.1450253375248118,0.7425112779602099
0.3,1.235,0.142915639445164,0.742869309258302
0.3,1.24,0.1408306934258616,0.7432121412781524
0.3,1.245,0.1387703383701093,0.7435399193054029
0.3,1.25,0.1367344113088482,0.7438527884394184
0.3,1.255,0.1347227474817465,0.7441508935735065
0.3,1.26,0.1327351804169563,0.7444343793751459
0.3,1.265,0.1307715420099884,0.7447033902667466
0.3,1.27,0.1288316626014645,0.7449580704066192
0.3,1.275,0.1269153710538044,0.7451985636702468
0.3,1.28,0.1250224948269261,0.745425013632008
0.3,1.285,0.1231528600527121,0.7456375635469735
0.3,1.29,0.1213062916085875,0.7458363563333514
0.3,1.295,0.1194826131897671,0.7460215345548673
0.3,1.3,0.1176816473806245,0.7461932404038546
0.3,1.305,0.115903215724741,0.7463516156843067
0.3,1.31,0.1141471387939892,0.7464968017955282
0.3,1.315,0.1124132362563916,0.7466289397159277
0.3,1.32,0.1107013269428756,0.7467481699871799
0.3,1.325,0.109011228912929,0.7468546326987826
0.3,1.33,0.1073427595190143,0.7469484674727302
0.3,1.335,0.10569573546999,0.7470298134488036
0.3,1.34,0.1040699728932012,0.7470988092698047
0.3,1.345,0.10246528739562,0.7471555930675046
0.3,1.35,0.1008814941236513,0.7472003024485209
0.3,1.355,0.09931840782194611,0.7472330744808333
0.3,1.36,0.09777584289095649,0.7472540456803762
0.3,1.365,0.09625361344340062,0.7472633519980585
0.3,1.37,0.0947515333595839,0.7472611288071019
0.3,1.375,0.09326941634152078,0.74724751089055
0.3,1.38,0.09180707596602214,0.7472226324293322
0.3,1.385,0.0903643257365057,0.7471866269902933
0.3,1.39,0.08894097913383396,0.7471396275149175
0.3,1.395,0.08753684966586452,0.7470817663079508
0.3,1.4,0.08615175091602005,0.7470131750266886
0.3,1.405,0.08478549659063071,0.7469339846702712
0.3,1.41,0.08343790056523379,0.7468443255694553
0.3,1.415,0.08210877692974658,0.7467443273766234
0.3,1.42,0.08079794003251642,0.746634119056009
0.3,1.425,0.0795052045233471,0.7465138288744075
0.3,1.43,0.07823038539534062,0.7463835843918761
0.3,1.435,0.07697329802578774,0.7462435124530853
0.3,1.44,0.07573375821586016,0.7460937391785558
0.3,1.445,0.07451158222936893,0.7459343899565571
0.3,1.45,0.07330658683037081,0.7457655894349595
0.3,1.455,0.07211858931980746,0.745587461513592
0.3,1.46,0.07094740757107934,0.7454001293367573
0.3,1.465,0.06979286006459688,0.7452037152860067
0.3,1.47,0.06865476592136219,0.7449983409733152
0.3,1.475,0.06753294493548079,0.7447841272342786
0.3,1.48,0.06642721760577923,0.7445611941218993
0.3,1.485,0.06533740516634011,0.744329660900256
0.3,1.49,0.06426332961617712,0.744089646038812
0.3,1.495,0.06320481374786169,0.7438412672066312
0.3,1.5,0.06216168117528099,0.7435846412671169
0.3,1.505,0.0611337563604186,0.7433198842728275
0.3,1.51,0.06012086463923295,0.7430471114605921
0.3,1.515,0.05912283224664378,0.7427664372469338
0.3,1.52,0.05813948634058269,0.7424779752235534
0.3,1.525,0.05717065502522627,0.7421818381533221
0.3,1.53,0.0562161673732821,0.7418781379661699
0.3,1.535,0.05527585344750172,0.7415669857555692
0.3,1.54,0.05434954432127197,0.741248491774895
0.3,1.545,0.05343707209844131,0.7409227654343062
0.3,1.55,0.05253826993228213,0.7405899152976353
0.3,1.555,0.05165297204367292,0.7402500490796042
0.3,1.56,0.05078101373848876,0.7399032736432601
0.3,1.565,0.04992223142419139,0.7395496949975072
0.3,1.57,0.04907646262569586,0.7391894182950606
0.3,1.575,0.04824354600043037,0.7388225478303169
0.3,1.58,0.04742332135271982,0.7384491870377594
0.3,1.585,0.0466156296473824,0.7380694384902257
0.3,1.59,0.04582031302266899,0.7376834038976748
0.3,1.595,0.04503721480246171,0.7372911841059089
0.3,1.6,0.04426617950781318,0.7368928790956349
0.3,1.605,0.04350705286780527,0.7364885879816646
0.3,1.61,0.0427596818297395,0.7360784090122409
0.3,1.615,0.04202391456870683,0.7356624395687005
0.3,1.62,0.04129960049648709,0.7352407761650759
0.3,1.625,0.04058659026987416,0.7348135144481648
0.3,1.63,0.03988473579834661,0.7343807491974547
0.3,1.635,0.0391938902511897,0.7339425743255182
0.3,1.64,0.03851390806399896,0.733499082878316
0.3,1.645,0.03784464494464243,0.7330503670358463
0.3,1.65,0.03718595787865372,0.7325965181128565
0.3,1.655,0.03653770513408303,0.7321376265597112
0.3,1.66,0.03589974626582972,0.731673781963505
0.3,1.665,0.03527194211943516,0.7312050730491481
0.3,1.67,0.03465415483439979,0.7307315876808398
0.3,1.675,0.03404624784697364,0.7302534128634057
0.3,1.68,0.03344808589249954,0.7297706347440599
0.3,1.685,0.03285953500725717,0.7292833386140439
0.3,1.69,0.03228046252987445,0.7287916089106138
0.3,1.695,0.03171073710227682,0.7282955292190071
0.3,1.7,0.03115022867021222,0.7277951822746194
0.3,1.705,0.0305988084833506,0.7272906499652787
0.3,1.71,0.03005634909497384,0.7267820133336461
0.3,1.715,0.029522724361266,0.726269352579736
0.3,1.72,0.02899780944021563,0.7257527470635522
0.3,1.725,0.02848148079014095,0.7252322753078397
0.3,1.73,0.02797361616784881,0.7247080150009453
0.3,1.735,0.02747409462643815,0.7241800429997872
0.3,1.74,0.02698279651275865,0.7236484353329309
0.3,1.745,0.0264996034645347,0.7231132672037655
0.3,1.75,0.02602439840716556,0.7225746129937816
0.3,1.755,0.02555706555021118,0.7220325462659457
0.3,1.76,0.02509749038357446,0.7214871397681689
0.3,1.765,0.02464555967338905,0.7209384654368677
0.3,1.77,0.02420116145762292,0.7203865944006135
0.3,1.775,0.02376418504140708,0.7198315969838693
0.3,1.78,0.02333452099209887,0.7192735427108108
0.3,1.785,0.02291206113408897,0.7187125003092263
0.3,1.79,0.02249669854336156,0.7181485377144994
0.3,1.795,0.02208832754181609,0.7175817220736644
0.3,1.8,0.0216868436913599,0.7170121197495394
0.3,1.805,0.02129214378778016,0.716439796324927
0.3,1.81,0.02090412585440338,0.7158648166068878
0.3,1.815,0.02052268913555136,0.715287244631078
0.3,1.82,0.02014773408980113,0.7147071436661525
0.3,1.825,0.01977916238305763,0.7141245762182307
0.3,1.83,0.01941687688144627,0.7135396040354283
0.3,1.835,0.01906078164403267,0.7129522881124047
0.3,1.84,0.01871078191538049,0.71236268869506
0.3,1.845,0.01836678411794895,0.7117708652851819
0.3,1.85,0.01802869584434244,0.7111768766451999
0.3,1.855,0.01769642584941709,0.7105807808029762
0.3,1.86,0.01736988404225128,0.7099826350566424
0.3,1.865,0.01704898147798768,0.7093824959794818
0.3,1.87,0.01673363034955272,0.7087804194248543
0.3,1.875,0.01642374397926056,0.7081764605311612
0.3,1.88,0.01611923681030758,0.7075706737268507
0.3,1.885,0.01582002439816401,0.7069631127354556
0.3,1.89,0.01552602340186828,0.7063538305806719
0.3,1.895,0.01523715157523063,0.7057428795914646
0.3,1.9,0.01495332775795131,0.7051303114072082
0.3,1.905,0.01467447186665938,0.7045161769828538
0.3,1.91,0.01440050488587748,0.7039005265941262
0.3,1.915,0.014131348858918,0.7032834098427443
0.3,1.92,0.01386692687871597,0.7026648756616665
0.3,1.925,0.0136071630786038,0.7020449723203583
0.3,1.93,0.01335198262303284,0.7014237474300801
0.3,1.935,0.01310131169824661,0.7008012479491934
0.3,1.94,0.0128550775029107,0.7001775201884856
0.3,1.945,0.01261320823870352,0.6995526098165086
0.3,1.95,0.01237563310087286,0.6989265618649336
0.3,1.955,0.01214228226876227,0.6982994207339164
0.3,1.96,0.01191308689631188,0.697671230197475
0.3,1.965,0.01168797910253735,0.6970420334088764
0.3,1.97,0.0114668919619915,0.6964118729060321
0.3,1.975,0.01124975949521199,0.6957807906168993
0.3,1.98,0.0110365166591593,0.6951488278648889
0.3,1.985,0.01082709933764831,0.6945160253742748
0.3,1.99,0.01062144433177746,0.693882423275611
0.3,1.995,0.01041948935035841,0.6932480611111438
0.3,2,0.01022117300035016,0.6926129778402289
0.3,2.005,0.0100264347773003,0.6919772118447449
0.3,2.01,0.009835215055797059,0.6913408009345057
0.3,2.015,0.009647455079934782,0.6907037823526692
0.3,2.02,0.009463096953795932,0.6900661927811409
0.3,2.025,0.009282083631952542,0.6894280683459716
0.3,2.03,0.009104358909989761,0.6887894446227494
0.3,2.035,0.00892986741505416,0.6881503566419822
0.3,2.04,0.008758554596429378,0.6875108388944717
0.3,2.045,0.008590366716141579,0.6868709253366784
0.3,2.05,0.008425250839597073,0.6862306493960734
0.3,2.055,0.008263154826254424,0.6855900439764803
0.3,2.06,0.008104027320333279,0.6849491414634028
0.3,2.065,0.007947817741561872,0.6843079737293389
0.3,2.07,0.00779447627596552,0.6836665721390802
0.3,2.075,0.007643953866697843,0.6830249675549953
0.3,2.08,0.007496202204916699,0.6823831903422971
0.3,2.085,0.007351173720706533,0.6817412703742927
0.3,2.09,0.007208821574049062,0.6810992370376139
0.3,2.095,0.007069099645843646,0.6804571192374309
0.3,2.1,0.006931962528979393,0.6798149454026444
0.3,2.105,0.00679736551945989,0.6791727434910587
0.3,2.11,0.006665264607582547,0.6785305409945317
0.3,2.115,0.006535616469173684,0.6778883649441053
0.3,2.12,0.006408378456880668,0.6772462419151117
0.3,2.125,0.00628350859152236,0.6766041980322571
0.3,2.13,0.006160965553499127,0.6759622589746811
0.3,2.135,0.006040708674263435,0.6753204499809923
0.3,2.14,0.005922697927852181,0.674678795854279
0.3,2.145,0.005806893922481652,0.6740373209670928
0.3,2.15,0.005693257892206175,0.6733960492664081
0.3,2.155,0.005581751688641213,0.6727550042785537
0.3,2.16,0.005472337772751976,0.6721142091141172
0.3,2.165,0.005364979206707966,0.6714736864728225
0.3,2.17,0.005259639645804567,0.6708334586483783
0.3,2.175,0.005156283330452097,0.670193547533299
0.3,2.18,0.005054875078233138,0.6695539746236944
0.3,2.185,0.00495538027602853,0.6689147610240338
0.3,2.19,0.004857764872212769,0.6682759274518755
0.3,2.195,0.004761995368919205,0.6676374942425702
0.3,2.2,0.004668038814375476,0.6669994813539312
0.3,2.205,0.004575862795309676,0.6663619083708746
0.3,2.21,0.00448543542942748,0.6657247945100286
0.3,2.215,0.004396725357960732,0.6650881586243096
0.3,2.22,0.004309701738287664,0.6644520192074684
0.3,2.225,0.004224334236625075,0.6638163943986034
0.3,2.23,0.004140593020792558,0.6631813019866399
0.3,2.235,0.004058448753049163,0.6625467594147791
0.3,2.24,0.003977872583002465,0.6619127837849127
0.3,2.245,0.003898836140590264,0.6612793918620044
0.3,2.25,0.003821311529134908,0.6606466000784378
0.3,2.255,0.003745271318470387,0.6600144245383319
0.3,2.26,0.003670688538142158,0.659382881021821
0.3,2.265,0.003597536670679756,0.6587519849893017
0.3,2.27,0.003525789644942018,0.6581217515856461
0.3,2.275,0.003455421829535086,0.6574921956443793
0.3,2.28,0.003386408026302893,0.6568633316918241
0.3,2.285,0.003318723463890154,0.6562351739512101
0.3,2.29,0.003252343791377624,0.6556077363467481
0.3,2.295,0.003187245071989587,0.6549810325076705
0.3,2.3,0.00312340377687326,0.6543550757722363
0.3,2.305,0.003060796778950046,0.6537298791917011
0.3,2.31,0.002999401346838262,0.6531054555342525
0.3,2.315,0.002939195138847264,0.6524818172889097
0.3,2.32,0.002880156197042579,0.6518589766693895
0.3,2.325,0.002822262941381815,0.651236945617935
0.3,2.33,0.002765494163921053,0.6506157358091109
0.3,2.335,0.002709829023091396,0.6499953586535634
0.3,2.34,0.002655247038045338,0.6493758253017433
0.3,2.345,0.002601728083072621,0.648757146647597
0.3,2.35,0.00254925238208522,0.6481393333322187
0.3,2.355,0.00249780050317103,0.6475223957474702
0.3,2.36,0.002447353353215963,0.6469063440395643
0.3,2.365,0.002397892172593951,0.6462911881126135
0.3,2.37,0.002349398529924525,0.645676937632144
0.3,2.375,0.002301854316897451,0.6450636020285732
0.3,2.38,0.002255241743164091,0.6444511905006545
0.3,2.385,0.002209543331294961,0.6438397120188857
0.3,2.39,0.002164741911803055,0.6432291753288826
0.3,2.395,0.002120820618232487,0.642619588954719
0.3,2.4,0.002077762882311925,0.6420109612022311
0.3,2.405,0.002035552429172395,0.6414033001622876
0.3,2.41,0.001994173272628915,0.6407966137140259
0.3,2.415,0.001953609710525456,0.6401909095280525
0.3,2.42,0.001913846320142777,0.6395861950696119
0.3,2.425,0.001874867953668549,0.6389824776017187
0.3,2.43,0.001836659733729325,0.6383797641882568
0.3,2.435,0.001799207048983735,0.6377780616970458
0.3,2.44,0.001762495549776468,0.6371773768028718
0.3,2.445,0.001726511143852451,0.6365777159904863
0.3,2.45,0.001691239992130686,0.6359790855575705
0.3,2.455,0.001656668504537256,0.635381491617668
0.3,2.46,0.001622783335896864,0.6347849401030816
0.3,2.465,0.001589571381882429,0.6341894367677409
0.3,2.47,0.001557019775022147,0.6335949871900338
0.3,2.475,0.001525115880763482,0.6330015967756074
0.3,2.48,0.001493847293593488,0.6324092707601361
0.3,2.485,0.001463201833214957,0.6318180142120565
0.3,2.49,0.001433167540777784,0.631227832035272
0.3,2.495,0.001403732675165019,0.6306387289718244
0.3,2.5,0.001374885709332992,0.6300507096045329
0.3,2.505,0.001346615326705009,0.6294637783596043
0.3,2.51,0.001318910417617997,0.6288779395092097
0.3,2.515,0.001291760075821572,0.62829319717403
0.3,2.52,0.00126515359502892,0.6277095553257729
0.3,2.525,0.001239080465518958,0.6271270177896561
0.3,2.53,0.001213530370789202,0.626545588246862
0.3,2.535,0.001188493184258761,0.6259652702369622
0.3,2.54,0.001163958966020903,0.6253860671603106
0.3,2.545,0.00113991795964462,0.6248079822804078
0.3,2.55,0.001116360589024649,0.6242310187262351
0.3,2.555,0.001093277455279359,0.6236551794945604
0.3,2.56,0.001070659333695962,0.6230804674522135
0.3,2.565,0.001048497170722465,0.6225068853383321
0.3,2.57,0.001026782081005869,0.6219344357665813
0.3,2.575,0.001005505344475969,0.6213631212273424
0.3,2.58,0.0009846584034742798,0.6207929440898742
0.3,2.585,0.0009642328599274788,0.6202239066044464
0.3,2.59,0.0009442204725648711,0.6196560109044447
0.3,2.595,0.0009246131541792884,0.6190892590084481
0.3,2.6,0.0009054029689309159,0.6185236528222807
0.3,2.605,0.0008865821296934645,0.6179591941410331
0.3,2.61,0.0008681429954421976,0.6173958846510598
0.3,2.615,0.0008500780686832452,0.6168337259319479
0.3,2.62,0.0008323799929237018,0.6162727194584614
0.3,2.625,0.0008150415501819385,0.6157128666024569
0.3,2.63,0.0007980556585376703,0.6151541686347755
0.3,2.635,0.0007814153697211945,0.6145966267271067
0.3,2.64,0.0007651138667413291,0.6140402419538296
0.3,2.645,0.0007491444615515081,0.6134850152938257
0.3,2.65,0.000733500592753546,0.6129309476322694
0.3,2.655,0.0007181758233385573,0.612378039762392
0.3,2.66,0.000703163838464532,0.6118262923872219
0.3,2.665,0.0006884584432700598,0.6112757061212992
0.3,2.67,0.0006740535607237307,0.6107262814923688
0.3,2.675,0.0006599432295086979,0.610178018943047
0.3,2.68,0.0006461216019419474,0.6096309188324657
0.3,2.685,0.0006325829419277506,0.6090849814378928
0.3,2.69,0.0006193216229448769,0.6085402069563304
0.3,2.695,0.0006063321260670454,0.6079965955060888
0.3,2.7,0.0005936090380161775,0.6074541471283379
0.3,2.705,0.0005811470492479754,0.606912861788638
0.3,2.71,0.000568940952069364,0.6063727393784456
0.3,2.715,0.0005569856387873508,0.6058337797165994
0.3,2.72,0.0005452760998888474,0.6052959825507834
0.3,2.725,0.0005338074222510046,0.6047593475589693
0.3,2.73,0.0005225747873816143,0.6042238743508368
0.3,2.735,0.000511573469689158,0.6036895624691727
0.3,2.74,0.0005007988347820541,0.6031564113912511
0.3,2.745,0.0004902463377966794,0.6026244205301898
0.3,2.75,0.0004799115217537425,0.6020935892362895
0.3,2.755,0.0004697900159425889,0.6015639167983506
0.3,2.76,0.0004598775343330198,0.6010354024449714
0.3,2.765,0.0004501698740142231,0.6005080453458258
0.3,2.77,0.0004406629136603941,0.5999818446129221
0.3,2.775,0.0004313526120226647,0.5994567993018423
0.3,2.78,0.0004222350064469285,0.598932908412962
0.3,2.785,0.0004133062114171794,0.5984101708926524
0.3,2.79,0.0004045624171239661,0.5978885856344629
0.3,2.795,0.0003959998880575897,0.5973681514802858
0.3,2.8,0.0003876149616256557,0.596848867221502
0.3,2.805,0.000379404046794619,0.5963307316001106
0.3,2.81,0.0003713636227549321,0.5958137433098386
0.3,2.815,0.0003634902376094503,0.5952979009972342
0.3,2.82,0.0003557805070847239,0.5947832032627434
0.3,2.825,0.0003482311132648186,0.5942696486617678
0.3,2.83,0.0003408388033473196,0.5937572357057073
0.3,2.835,0.0003336003884211603,0.593245962862985
0.3,2.84,0.0003265127422659442,0.5927358285600558
0.3,2.845,0.0003195728001724117,0.5922268311823994
0.3,2.85,0.0003127775577837234,0.5917189690754961
0.3,2.855,0.0003061240699572204,0.5912122405457882
0.3,2.86,0.0002996094496463453,0.5907066438616241
0.3,2.865,0.0002932308668023967,0.5902021772541884
0.3,2.87,0.0002869855472957972,0.5896988389184157
0.3,2.875,0.0002808707718565618,0.58919662701389
0.3,2.88,0.0002748838750336621,0.5886955396657287
0.3,2.885,0.0002690222441729771,0.5881955749654526
0.3,2.89,0.0002632833184135281,0.5876967309718401
0.3,2.895,0.0002576645877017006,0.5871990057117693
0.3,2.9,0.000252163591823163,0.5867023971810436
0.3,2.905,0.0002467779194521888,0.5862069033452045
0.3,2.91,0.0002415052072180997,0.5857125221403316
0.3,2.915,0.0002363431387885453,0.5852192514738269
0.3,2.92,0.000231289443969343,0.5847270892251875
0.3,2.925,0.0002263418978206089,0.5842360332467639
0.3,2.93,0.0002214983197889023,0.5837460813645068
0.3,2.935,0.0002167565728551199,0.5832572313786992
0.3,2.94,0.0002121145626978821,0.5827694810646774
0.3,2.945,0.0002075702368721477,0.5822828281735379
0.3,2.95,0.0002031215840028034,0.5817972704328341
0.3,2.955,0.0001987666329929791,0.5813128055472588
0.3,2.96,0.0001945034522468365,0.5808294311993161
0.3,2.965,0.000190330148906593,0.58034714504998
0.3,2.97,0.0001862448681035351,0.5798659447393439
0.3,2.975,0.000182245792222791,0.5793858278872556
0.3,2.98,0.0001783311401816169,0.5789067920939428
0.3,2.985,0.0001744991667209835,0.5784288349406274
0.3,2.99,0.0001707481617102221,0.5779519539901278
0.3,2.995,0.0001670764494645142,0.5774761467874514
0.3,3,0.0001634823880750018,0.5770014108603756
0.3,3.005,0.0001599643687513051,0.576527743720019
0.3,3.01,0.0001565208151762292,0.5760551428614015
0.3,3.015,0.0001531501828724542,0.5755836057639946
0.3,3.02,0.0001498509585809988,0.5751131298922612
0.3,3.025,0.0001466216596512568,0.5746437126961857
0.3,3.03,0.0001434608334424031,0.5741753516117957
0.3,3.035,0.0001403670567359726,0.5737080440616699
0.3,3.04,0.0001373389351594182,0.5732417874554419
0.3,3.045,0.0001343751026204548,0.5727765791902907
0.3,3.05,0.0001314742207520021,0.5723124166514234
0.3,3.055,0.000128634978367541,0.5718492972125488
0.3,3.06,0.0001258560909266981,0.5713872182363419
0.3,3.065,0.0001231363000108824,0.570926177074899
0.3,3.07,0.0001204743728087946,0.5704661710701858
0.3,3.075,0.0001178691016116357,0.5700071975544747
0.3,3.08,0.0001153193033178424,0.5695492538507756
0.3,3.085,0.0001128238189471825,0.5690923372732565
0.3,3.09,0.0001103815131640433,0.5686364451276585
0.3,3.095,0.0001079912738097477,0.5681815747116999
0.3,3.1,0.0001056520114437429,0.5677277233154746
0.3,3.105,0.0001033626588934952,0.5672748882218412
0.3,3.11,0.0001011221708129429,0.5668230667068056
0.3,3.115,9.892952324935056e-05,0.5663722560398946
0.3,3.12,9.678371321841441e-05,0.5659224534845242
0.3,3.125,9.468375828747035e-05,0.5654736562983581
0.3,3.13,9.262869616666065e-05,0.5650258617336611
0.3,3.135,9.061758430791384e-05,0.5645790670376433
0.3,3.14,8.86494995115988e-05,0.5641332694528001
0.3,3.145,8.67235375407121e-05,0.5636884662172424
0.3,3.15,8.483881274246486e-05,0.563244654565022
0.3,3.155,8.299445767713077e-05,0.562801831726449
0.3,3.16,8.118962275403035e-05,0.5623599949284048
0.3,3.165,7.942347587451314e-05,0.5619191413946453
0.3,3.17,7.769520208181816e-05,0.5614792683461005
0.3,3.175,7.600400321768174e-05,0.5610403730011679
0.3,3.18,7.434909758557325e-05,0.5606024525759972
0.3,3.185,7.272971962043352e-05,0.5601655042847717
0.3,3.19,7.114511956480071e-05,0.5597295253399822
0.3,3.195,6.959456315120386e-05,0.5592945129526959
0.3,3.2,6.807733129071043e-05,0.5588604643328191
0.3,3.205,6.659271976751244e-05,0.5584273766893538
0.3,3.21,6.51400389394431e-05,0.5579952472306503
0.3,3.215,6.371861344431129e-05,0.5575640731646522
0.3,3.22,6.232778191194898e-05,0.5571338516991374
0.3,3.225,6.096689668186417e-05,0.556704580041955
0.3,3.23,5.963532352639545e-05,0.556276255401253
0.3,3.235,5.833244137926741e-05,0.5558488749857053
0.3,3.24,5.705764206944552e-05,0.5554224360047312
0.3,3.245,5.581033006019199e-05,0.5549969356687108
0.3,3.25,5.458992219322558e-05,0.5545723711891948
0.3,3.255,5.339584743789068e-05,0.5541487397791105
0.3,3.26,5.222754664524151e-05,0.5537260386529624
0.3,3.265,5.108447230695028e-05,0.5533042650270289
0.3,3.27,4.996608831894694e-05,0.5528834161195532
0.3,3.275,4.887186974970519e-05,0.552463489150931
0.3,3.28,4.78013026130839e-05,0.5520444813438938
0.3,3.285,4.675388364563909e-05,0.5516263899236862
0.3,3.29,4.572912008779897e-05,0.5512092121181701
0.3,3.295,4.472652947251742e-05,0.5507929451583512
0.3,3.3,4.3745639409731e-05,0.5503775862777672
0.3,3.305,4.278598738837625e-05,0.5499631327136868
0.3,3.31,4.18471205671083e-05,0.5495495817062079
0.3,3.315,4.092859558386967e-05,0.5491369304994081
0.3,3.32,4.002997835572216e-05,0.5487251763405741
0.3,3.325,3.91508438948422e-05,0.5483143164811843
0.3,3.33,3.829077611736758e-05,0.5479043481763098
0.3,3.335,3.744936766537529e-05,0.5474952686853954
0.3,3.34,3.662621972456613e-05,0.54708707527186
0.3,3.345,3.582094185187484e-05,0.5466797652036541
0.3,3.35,3.503315180174585e-05,0.5462733357530777
0.3,3.355,3.426247535911058e-05,0.5458677841971015
0.3,3.36,3.350854617394837e-05,0.5454631078174098
0.3,3.365,3.277100559943875e-05,0.5450593039004835
0.3,3.37,3.2049502534454e-05,0.5446563697378671
0.3,3.375,3.134369326675536e-05,0.5442543026260185
0.3,3.38,3.065324132302418e-05,0.5438530998667899
0.3,3.385,2.997781731702606e-05,0.54345275876706
0.3,3.39,2.93170988067551e-05,0.5430532766394112
0.3,3.395,2.867077014753507e-05,0.5426546508015656
0.3,3.4,2.803852235582721e-05,0.5422568785772313
0.3,3.405,2.742005296727576e-05,0.5418599572953757
0.3,3.41,2.681506590671172e-05,0.5414638842912047
0.3,3.415,2.622327135118126e-05,0.5410686569053128
0.3,3.42,2.564438560566532e-05,0.5406742724847513
0.3,3.425,2.507813097115585e-05,0.5402807283821039
0.3,3.43,2.452423562560412e-05,0.5398880219565937
0.3,3.435,2.398243349712691e-05,0.5394961505731366
0.3,3.44,2.345246414970196e-05,0.539105111603432
0.3,3.445,2.293407266158048e-05,0.5387149024250515
0.3,3.45,2.242700951529053e-05,0.538325520422458
0.3,3.455,2.193103048128611e-05,0.5379369629861801
0.3,3.46,2.144589651188831e-05,0.5375492275137158
0.3,3.465,2.097137363014471e-05,0.5371623114088321
0.3,3.47,2.050723282740565e-05,0.5367762120823173
0.3,3.475,2.005324995731754e-05,0.5363909269514384
0.3,3.48,1.960920563679128e-05,0.5360064534405149
0.3,3.485,1.917488514500961e-05,0.5356227889805563
0.3,3.49,1.875007832759768e-05,0.5352399310096393
0.3,3.495,1.833457950048799e-05,0.5348578769727397
0.3,3.5,1.792818735714842e-05,0.534476624321905
0.3,3.505,1.753070487711768e-05,0.5340961705162836
0.3,3.51,1.714193923618611e-05,0.5337165130220926
0.3,3.515,1.676170171938976e-05,0.5333376493128429
0.3,3.52,1.638980763407245e-05,0.5329595768691084
0.3,3.525,1.602607622710611e-05,0.5325822931789356
0.3,3.53,1.567033060079274e-05,0.5322057957374295
0.3,3.535,1.532239763406237e-05,0.5318300820473298
0.3,3.54,1.498210790119765e-05,0.5314551496184365
0.3,3.545,1.464929559674872e-05,0.5310809959683249
0.3,3.55,1.432379845708393e-05,0.530707618621641
0.3,3.555,1.400545768875279e-05,0.5303350151109244
0.3,3.56,1.36941178928825e-05,0.5299631829758088
0.3,3.565,1.338962699671444e-05,0.5295921197639123
0.3,3.57,1.309183618088033e-05,0.5292218230299865
0.3,3.575,1.280059981383597e-05,0.5288522903368307
0.3,3.58,1.251577538205793e-05,0.528483519254434
0.3,3.585,1.223722342710539e-05,0.5281155073608664
0.3,3.59,1.19648074787705e-05,0.527748252241464
0.3,3.595,1.169839399452851e-05,0.5273817514896488
0.3,3.6,1.143785229564559e-05,0.5270160027061992
0.3,3.605,1.118305450881726e-05,0.5266510034999624
0.3,3.61,1.093387550520681e-05,0.5262867514872428
0.3,3.615,1.069019284410912e-05,0.5259232442923784
0.3,3.62,1.045188671486621e-05,0.5255604795472719
0.3,3.625,1.021883988242558e-05,0.5251984548918099
0.3,3.63,9.990937632056636e-06,0.5248371679735544
0.3,3.635,9.768067716701787e-06,0.5244766164479914
0.3,3.64,9.550120304397961e-06,0.5241167979783925
0.3,3.645,9.336987927342945e-06,0.5237577102358876
0.3,3.65,9.128565431910824e-06,0.523399350899498
0.3,3.655,8.924749929377438e-06,0.5230417176560349
0.3,3.66,8.725440748405536e-06,0.5226848082002998
0.3,3.665,8.530539387391407e-06,0.5223286202348167
0.3,3.67,8.339949469285118e-06,0.5219731514701889
0.3,3.675,8.15357669553626e-06,0.5216183996246779
0.3,3.68,7.971328803106782e-06,0.5212643624247014
0.3,3.685,7.793115520006385e-06,0.5209110376042793
0.3,3.69,7.618848524349844e-06,0.5205584229056461
0.3,3.695,7.448441401483719e-06,0.5202065160785947
0.3,3.7,7.281809604935932e-06,0.5198553148811732
0.3,3.705,7.118870415144108e-06,0.5195048170789563
0.3,3.71,6.959542902143085e-06,0.5191550204457936
0.3,3.715,6.803747885912327e-06,0.5188059227630462
0.3,3.72,6.651407900646844e-06,0.5184575218203462
0.3,3.725,6.502447156743752e-06,0.5181098154148399
0.3,3.73,6.356791506509251e-06,0.5177628013519175
0.3,3.735,6.21436840779651e-06,0.517416477444503
0.3,3.74,6.07510689102027e-06,0.517070841513716
0.3,3.745,5.938937524441323e-06,0.516725891388243
0.3,3.75,5.805792382382083e-06,0.5163816249049016
0.3,3.755,5.67560501213687e-06,0.5160380399081191
0.3,3.76,5.548310403306281e-06,0.5156951342503786
0.3,3.765,5.42384495630622e-06,0.51535290579183
0.3,3.77,5.302146452647742e-06,0.5150113524005397
0.3,3.775,5.18315402520083e-06,0.5146704719523675
0.3,3.78,5.066808129313934e-06,0.5143302623309783
0.3,3.785,4.953050514502732e-06,0.5139907214278321
0.3,3.79,4.841824196734007e-06,0.5136518471421713
0.3,3.795,4.733073431292565e-06,0.5133136373810095
0.3,3.8,4.62674368621908e-06,0.5129760900591196
0.3,3.805,4.522781616307289e-06,0.5126392030990194
0.3,3.81,4.421135037648743e-06,0.5123029744309603
0.3,3.815,4.32175290271414e-06,0.5119674019929116
0.3,3.82,4.224585275959944e-06,0.5116324837305477
0.3,3.825,4.129583309949646e-06,0.5112982175972329
0.3,3.83,4.036699221978827e-06,0.5109646015540065
0.3,3.835,3.945886271193851e-06,0.5106316335695671
0.3,3.84,3.857098736193811e-06,0.5102993116202572
0.3,3.845,3.770291893105843e-06,0.5099676336900467
0.3,3.85,3.685421994123985e-06,0.5096365977705165
0.3,3.855,3.602446246501939e-06,0.5093062018608416
0.3,3.86,3.521322791990442e-06,0.5089764439677739
0.3,3.865,3.442010686709911e-06,0.508647322105624
0.3,3.87,3.364469881449395e-06,0.5083188342962446
0.3,3.875,3.288661202382974e-06,0.5079909785690105
0.3,3.88,3.214546332195016e-06,0.5076637529608019
0.3,3.885,3.142087791605712e-06,0.5073371555159841
0.3,3.89,3.071248921288613e-06,0.5070111842863892
0.3,3.895,3.001993864171979e-06,0.5066858373312965
0.3,3.9,2.934287548116021e-06,0.5063611127174125
0.3,3.905,2.868095668958157e-06,0.5060370085188516
0.3,3.91,2.803384673918654e-06,0.5057135228171157
0.3,3.915,2.740121745359105e-06,0.5053906537010736
0.3,3.92,2.678274784886412e-06,0.5050683992669401
0.3,3.925,2.617812397795115e-06,0.5047467576182562
0.3,3.93,2.558703877840918e-06,0.5044257268658667
0.3,3.935,2.500919192338522e-06,0.5041053051278999
0.3,3.94,2.44442896757705e-06,0.5037854905297455
0.3,3.945,2.389204474546357e-06,0.5034662812040333
0.3,3.95,2.33521761496777e-06,0.5031476752906107
0.3,3.955,2.282440907622825e-06,0.5028296709365214
0.3,3.96,2.230847474973835e-06,0.5025122662959829
0.3,3.965,2.180411030070163e-06,0.5021954595303637
0.3,3.97,2.131105863734182e-06,0.5018792488081613
0.3,3.975,2.082906832021034e-06,0.5015636323049789
0.3,3.98,2.035789343946548e-06,0.5012486082035031
0.3,3.985,1.989729349477592e-06,0.5009341746934803
0.3,3.99,1.944703327779381e-06,0.5006203299716943
0.3,3.995,1.900688275714363e-06,0.5003070722419422
0.3,4,1.857661696587355e-06,0.4999943997150114
0.3,4.005,1.815601589019636e-06,0.499682310608512
0.3,4.01,1.774486436619255e-06,0.4993708031474259
0.3,4.015,1.73429519676342e-06,0.4990598755632299
0.3,4.02,1.695007290724328e-06,0.4987495260944361
0.3,4.025,1.65660259345882e-06,0.4984397529864283
0.3,4.03,1.619061423726033e-06,0.498130554491438
0.3,4.035,1.582364534417282e-06,0.4978219288685198
0.3,4.04,1.54649310309365e-06,0.4975138743835277
0.3,4.045,1.511428722726875e-06,0.4972063893090908
0.3,4.05,1.47715339263929e-06,0.4968994719245883
0.3,4.055,1.443649509638585e-06,0.496593120516126
0.3,4.06,1.410899859343263e-06,0.4962873333765111
0.3,4.065,1.378887607694789e-06,0.495982108805228
0.3,4.07,1.347596292652459e-06,0.4956774451084135
0.3,4.075,1.31700981606711e-06,0.4953733405988326
0.3,4.08,1.28711243572993e-06,0.4950697935958531
0.3,4.085,1.257888757592604e-06,0.4947668024254215
0.3,4.09,1.229323728155204e-06,0.4944643654200378
0.3,4.095,1.201402627018243e-06,0.4941624809187308
0.3,4.1,1.174111059595423e-06,0.4938611472670333
0.3,4.105,1.147434949983666e-06,0.4935603628169573
0.3,4.11,1.121360533987097e-06,0.4932601259269691
0.3,4.115,1.09587435229165e-06,0.492960434961964
0.3,4.12,1.070963243787207e-06,0.4926612882932417
0.3,4.125,1.046614339034027e-06,0.4923626842984817
0.3,4.13,1.022815053870454e-06,0.4920646213617175
0.3,4.135,9.995530831588867e-07,0.4917670978733121
0.3,4.14,9.768163946670491e-07,0.4914701122299331
0.3,4.145,9.545932230817065e-07,0.4911736628345278
0.3,4.15,9.328720641520033e-07,0.4908777480962975
0.3,4.155,9.116416689596135e-07,0.4905823664306737
0.3,4.16,8.908910383130744e-07,0.4902875162592918
0.3,4.165,8.706094172635971e-07,0.4899931960099674
0.3,4.17,8.507862897397862e-07,0.4896994041166705
0.3,4.175,8.314113732987209e-07,0.4894061390195008
0.3,4.18,8.124746139909227e-07,0.4891133991646629
0.3,4.185,7.939661813367467e-07,0.4888211830044412
0.3,4.19,7.75876463411887e-07,0.4885294889971754
0.3,4.195,7.581960620395507e-07,0.4882383156072351
0.3,4.2,7.409157880871267e-07,0.4879476613049954
0.3,4.205,7.240266568650488e-07,0.4876575245668119
0.3,4.21,7.07519883625688e-07,0.487367903874996
0.3,4.215,6.913868791601269e-07,0.4870787977177901
0.3,4.22,6.756192454907177e-07,0.486790204589343
0.3,4.225,6.602087716573745e-07,0.4865021229896851
0.3,4.23,6.451474295955837e-07,0.4862145514247039
0.3,4.235,6.304273701041818e-07,0.4859274884061192
0.3,4.24,6.160409189009359e-07,0.4856409324514589
0.3,4.245,6.019805727640926e-07,0.4853548820840339
0.3,4.25,5.882389957580112e-07,0.4850693358329147
0.3,4.255,5.748090155410885e-07,0.4847842922329055
0.3,4.26,5.61683619754206e-07,0.4844997498245212
0.3,4.265,5.488559524879679e-07,0.4842157071539621
0.3,4.27,5.363193108270295e-07,0.4839321627730904
0.3,4.275,5.240671414698759e-07,0.4836491152394057
0.3,4.28,5.120930374223901e-07,0.4833665631160202
0.3,4.285,5.003907347636789e-07,0.4830845049716358
0.3,4.29,4.889541094825383e-07,0.4828029393805192
0.3,4.295,4.777771743830623e-07,0.482521864922478
0.3,4.3,4.668540760579033e-07,0.4822412801828371
0.3,4.305,4.561790919277487e-07,0.4819611837524146
0.3,4.31,4.457466273455454e-07,0.4816815742274979
0.3,4.315,4.355512127641071e-07,0.48140245020982
0.3,4.32,4.255875009657085e-07,0.4811238103065363
0.3,4.325,4.158502643523541e-07,0.4808456531302001
0.3,4.33,4.063343922953941e-07,0.4805679772987396
0.3,4.335,3.970348885432072e-07,0.4802907814354345
0.3,4.34,3.879468686856996e-07,0.4800140641688921
0.3,4.345,3.790655576743865e-07,0.4797378241330247
0.3,4.350000000000001,3.703862873968548e-07,0.4794620599670254
0.3,4.355,3.619044943044392e-07,0.4791867703153457
0.3,4.36,3.536157170919352e-07,0.478911953827672
0.3,4.365,3.455155944282541e-07,0.4786376091589024
0.3,4.37,3.375998627368912e-07,0.4783637349691239
0.3,4.375,3.29864354025141e-07,0.4780903299235896
0.3,4.38,3.223049937609957e-07,0.4778173926926956
0.3,4.385,3.14917798796697e-07,0.4775449219519584
0.3,4.39,3.07698875337927e-07,0.477272916381992
0.3,4.395,3.00644416957648e-07,0.4770013746684856
0.3,4.4,2.937507026536265e-07,0.4767302955021808
0.3,4.405,2.870140949486789e-07,0.4764596775788493
0.3,4.41,2.804310380327298e-07,0.4761895195992704
0.3,4.415,2.739980559457621e-07,0.4759198202692088
0.3,4.42,2.677117508007672e-07,0.4756505782993919
0.3,4.425,2.615688010458417e-07,0.4753817924054888
0.3,4.43,2.555659597645596e-07,0.475113461308087
0.3,4.435,2.497000530137967e-07,0.4748455837326708
0.3,4.44,2.439679781981984e-07,0.4745781584096
0.3,4.445,2.383667024804748e-07,0.4743111840740872
0.3,4.45,2.328932612267628e-07,0.4740446594661765
0.3,4.455,2.275447564862781e-07,0.4737785833307217
0.3,4.46,2.223183555045145e-07,0.473512954417365
0.3,4.465,2.172112892692586e-07,0.4732477714805153
0.3,4.47,2.122208510887038e-07,0.4729830332793266
0.3,4.475000000000001,2.073443952009624e-07,0.4727187385776769
0.3,4.48,2.025793354142968e-07,0.4724548861441472
0.3,4.485,1.97923143777385e-07,0.4721914747519996
0.3,4.49,1.933733492789827e-07,0.471928503179157
0.3,4.495,1.889275365763261e-07,0.4716659702081818
0.3,4.5,1.845833447516539e-07,0.4714038746262548
0.3,4.505,1.803384660962316e-07,0.4711422152251546
0.3,4.51,1.76190644921278e-07,0.470880990801237
0.3,4.515,1.721376763952044e-07,0.4706202001554139
0.3,4.52,1.681774054065918e-07,0.4703598420931331
0.3,4.525,1.643077254523448e-07,0.4700999154243579
0.3,4.53,1.605265775504638e-07,0.4698404189635462
0.3,4.535,1.568319491769039e-07,0.4695813515296306
0.3,4.54,1.53221873225995e-07,0.4693227119459983
0.3,4.545,1.496944269938954e-07,0.4690644990404703
0.3,4.55,1.462477311845851e-07,0.4688067116452823
0.3,4.555,1.428799489378992e-07,0.4685493485970637
0.3,4.56,1.395892848791206e-07,0.4682924087368186
0.3,4.565,1.363739841896586e-07,0.4680358909099055
0.3,4.57,1.332323316983468e-07,0.4677797939660177
0.3,4.575,1.301626509929149e-07,0.4675241167591637
0.3,4.58,1.271633035511864e-07,0.4672688581476476
0.3,4.585,1.242326878915697e-07,0.4670140169940498
0.3,4.59,1.213692387424201e-07,0.4667595921652076
0.3,4.595,1.18571426229857e-07,0.4665055825321954
0.3,4.600000000000001,1.158377550836305e-07,0.4662519869703065
0.3,4.605,1.131667638606434e-07,0.465998804359033
0.3,4.61,1.105570241857337e-07,0.4657460335820476
0.3,4.615,1.08007140009346e-07,0.4654936735271839
0.3,4.62,1.055157468817141e-07,0.4652417230864182
0.3,4.625,1.030815112431954e-07,0.4649901811558502
0.3,4.63,1.007031297303971e-07,0.4647390466356847
0.3,4.635,9.837932849775155e-08,0.4644883184302129
0.3,4.64,9.610886255419588e-08,0.4642379954477936
0.3,4.645,9.389051511462586e-08,0.4639880766008354
0.3,4.65,9.172309696579906e-08,0.4637385608057775
0.3,4.655,8.960544584636199e-08,0.4634894469830723
0.3,4.66,8.753642584070182e-08,0.4632407340571666
0.3,4.665,8.551492678630592e-08,0.4629924209564837
0.3,4.67,8.353986369433769e-08,0.4627445066134058
0.3,4.675,8.16101761831353e-08,0.4624969899642551
0.3,4.68,7.972482792434797e-08,0.4622498699492772
0.3,4.685,7.788280610143031e-08,0.4620031455126222
0.3,4.69,7.608312088022398e-08,0.4617568156023279
0.3,4.695,7.432480489135485e-08,0.4615108791703015
0.3,4.7,7.260691272419016e-08,0.4612653351723027
0.3,4.705,7.092852043209645e-08,0.4610201825679258
0.3,4.71,6.928872504874992e-08,0.4607754203205829
0.3,4.715,6.768664411525554e-08,0.4605310473974858
0.3,4.72,6.612141521783084e-08,0.4602870627696302
0.3,4.725000000000001,6.459219553582503e-08,0.4600434654117767
0.3,4.73,6.309816139984601e-08,0.4598002543024355
0.3,4.735,6.163850785976654e-08,0.4595574284238488
0.3,4.74,6.021244826239611e-08,0.4593149867619734
0.3,4.745,5.881921383860073e-08,0.4590729283064651
0.3,4.75,5.745805329966234e-08,0.458831252050661
0.3,4.755,5.612823244267314e-08,0.4585899569915634
0.3,4.76,5.482903376476459e-08,0.458349042129823
0.3,4.765,5.355975608597515e-08,0.4581085064697228
0.3,4.77,5.231971418056369e-08,0.4578683490191613
0.3,4.775,5.110823841658586e-08,0.4576285687896368
0.3,4.78,4.992467440354247e-08,0.4573891647962302
0.3,4.785,4.876838264792783e-08,0.4571501360575902
0.3,4.79,4.763873821649899e-08,0.456911481595916
0.3,4.795,4.65351304070949e-08,0.4566732004369423
0.3,4.8,4.545696242683837e-08,0.4564352916099225
0.3,4.805,4.440365107755641e-08,0.4561977541476137
0.3,4.81,4.337462644825817e-08,0.4559605870862605
0.3,4.815,4.23693316145153e-08,0.4557237894655795
0.3,4.82,4.138722234458769e-08,0.4554873603287436
0.3,4.825,4.042776681214903e-08,0.4552512987223665
0.3,4.83,3.949044531546197e-08,0.4550156036964875
0.3,4.835,3.857475000286083e-08,0.4547802743045559
0.3,4.84,3.768018460440112e-08,0.4545453096034155
0.3,4.845,3.680626416953875e-08,0.4543107086532903
0.3,4.850000000000001,3.595251481070435e-08,0.4540764705177681
0.3,4.855,3.511847345264228e-08,0.4538425942637864
0.3,4.86,3.430368758738387e-08,0.4536090789616172
0.3,4.865,3.350771503473207e-08,0.4533759236848519
0.3,4.87,3.273012370813249e-08,0.4531431275103864
0.3,4.875,3.197049138581197e-08,0.4529106895184069
0.3,4.88,3.122840548706644e-08,0.4526786087923745
0.3,4.885,3.050346285358384e-08,0.4524468844190112
0.3,4.89,2.9795269535689e-08,0.4522155154882846
0.3,4.895,2.910344058340201e-08,0.4519845010933947
0.3,4.9,2.842759984220137e-08,0.451753840330758
0.3,4.905,2.776737975338655e-08,0.4515235322999944
0.3,4.91,2.71224211589391e-08,0.4512935761039121
0.3,4.915,2.649237311078024e-08,0.4510639708484939
0.3,4.92,2.587689268432714e-08,0.4508347156428832
0.3,4.925,2.527564479625206e-08,0.4506058095993695
0.3,4.93,2.468830202635016e-08,0.4503772518333744
0.3,4.935,2.41145444434241e-08,0.4501490414634386
0.3,4.94,2.355405943509629e-08,0.449921177611207
0.3,4.945,2.300654154145936e-08,0.4496936594014156
0.3,4.95,2.247169229248103e-08,0.4494664859618774
0.3,4.955,2.194922004907778e-08,0.4492396564234692
0.3,4.96,2.143883984777605e-08,0.4490131699201176
0.3,4.965,2.094027324888024e-08,0.448787025588786
0.3,4.97,2.045324818806921e-08,0.4485612225694606
0.3,4.975000000000001,1.997749883134445e-08,0.4483357600051378
0.3,4.98,1.95127654332551e-08,0.4481106370418103
0.3,4.985,1.905879419832547e-08,0.4478858528284539
0.3,4.99,1.86153371456146e-08,0.447661406517015
0.3,4.995,1.818215197633686e-08,0.4474372972623967
0.3,5,1.775900194447494e-08,0.4472135242224463
1,0,1,0
1,0.005,0.9999760498739353,0.004736039058817382
1,0.01,0.9999042019540024,0.009471873945272449
1,0.015,0.9997844636148944,0.01420730049728202
1,0.02,0.9996168471475326,0.01894211457332241
1,0.025,0.9994013697587532,0.02367611206271629
1,0.03,0.9991380535708366,0.02840908889592621
1,0.035,0.9988269256208847,0.03314084105485534
1,0.04,0.9984680178600941,0.03787116458316231
1,0.045,0.9980613671528967,0.04259985559659234
1,0.05,0.9976070152759184,0.04732671029331923
1,0.055,0.9971050089168194,0.05205152496430837
1,0.06,0.9965553996730219,0.05677409600370641
1,0.065,0.995958244050247,0.0614942199192478
1,0.07000000000000001,0.995313603460907,0.06621169334268628
1,0.075,0.9946215442223765,0.07092631304026135
1,0.08,0.9938821375550997,0.07563787592319414
1,0.08500000000000001,0.9930954595805088,0.0803461790582078
1,0.09,0.9922615913188056,0.08505101967808962
1,0.095,0.9913806186866041,0.08975219519229742
1,0.1,0.9904526324943479,0.09444950319759207
1,0.105,0.9894777284435737,0.09914274148871534
1,0.11,0.9884560071240249,0.1038317080691226
1,0.115,0.987387574010554,0.1085162011617543
1,0.12,0.9862725394598183,0.113196019219849
1,0.125,0.9851110187068114,0.1178709609378184
1,0.13,0.9839031318612048,0.1225408252621809
1,0.135,0.9826490039034318,0.1272054114025312
1,0.14,0.9813487646805847,0.1318645188425778
1,0.145,0.980002548902122,0.1365179473512515
1,0.15,0.9786104961353042,0.141165496993861
1,0.155,0.9771727508003938,0.1458069681433085
1,0.16,0.9756894621656478,0.1504421614913887
1,0.165,0.9741607843420534,0.1550708780601534
1,0.17,0.9725868762777666,0.1596929192133273
1,0.175,0.9709679017523122,0.1643080866678109
1,0.18,0.9693040293705379,0.1689161825052714
1,0.185,0.9675954325562285,0.1735170091837838
1,0.19,0.9658422895454398,0.1781103695495551
1,0.195,0.9640447833795656,0.1826960668487499
1,0.2,0.9622031018980648,0.1872739047393847
1,0.205,0.9603174377308398,0.191843687303291
1,0.21,0.9583879882903178,0.1964052190581856
1,0.215,0.956414955763201,0.2009583049698374
1,0.22,0.9543985471018038,0.205502750464291
1,0.225,0.9523389740150514,0.2100383614401969
1,0.23,0.9502364529591295,0.2145649442812562
1,0.235,0.9480912051277037,0.219082305868734
1,0.24,0.9459034564417258,0.2235902535940628
1,0.245,0.9436734375388618,0.2280885953715703
1,0.25,0.9414013837624901,0.2325771396513039
1,0.255,0.9390875351502093,0.2370556954319264
1,0.26,0.936732136421921,0.241524072273734
1,0.265,0.9343354369674791,0.2459820803118017
1,0.27,0.9318976908337929,0.2504295302691926
1,0.275,0.9294191567114458,0.2548662334702817
1,0.28,0.9269000979208405,0.2592920018542155
1,0.285,0.9243407823977943,0.2637066479884645
1,0.29,0.9217414826785582,0.268109985082461
1,0.295,0.9191024758843177,0.2725018270013773
1,0.3,0.9164240437051405,0.2768819882800296
1,0.305,0.9137064723832699,0.2812502841368492
1,0.31,0.91095005269584,0.2856065304879858
1,0.315,0.9081550799370092,0.2899505439615562
1,0.32,0.9053218538994092,0.2942821419119738
1,0.325,0.9024506788549255,0.2986011424343835
1,0.33,0.8995418635348473,0.3029073643792461
1,0.335,0.8965957211093337,0.3072006273670418
1,0.34,0.8936125691661104,0.3114807518030451
1,0.345,0.8905927296884801,0.3157475588922461
1,0.35,0.8875365290326281,0.3200008706544185
1,0.355,0.8844442979041048,0.3242405099392549
1,0.36,0.8813163713335317,0.3284663004416256
1,0.365,0.8781530886515647,0.3326780667169926
1,0.37,0.8749547934630167,0.3368756341969232
1,0.375,0.8717218336201018,0.3410588292046862
1,0.38,0.8684545611948777,0.3452274789710003
1,0.385,0.8651533324508393,0.3493814116499211
1,0.39,0.8618185078135525,0.3535204563347832
1,0.395,0.8584504518404059,0.3576444430742791
1,0.4,0.8550495331894842,0.3617532028886906
1,0.405,0.8516161245874495,0.3658465677861947
1,0.41,0.8481506027964371,0.3699243707792635
1,0.415,0.8446533485800178,0.3739864459012153
1,0.42,0.8411247466681722,0.3780326282228832
1,0.425,0.8375651857211699,0.3820627538693309
1,0.43,0.8339750582924557,0.38607666003671
1,0.435,0.8303547607905243,0.3900741850092591
1,0.44,0.826704693439651,0.3940551681763456
1,0.445,0.8230252602395345,0.3980194500496115
1,0.45,0.8193168689238853,0.401966872280263
1,0.455,0.8155799309178697,0.4058972776764406
1,0.46,0.8118148612943544,0.4098105102206357
1,0.465,0.8080220787290427,0.4137064150872413
1,0.47,0.8042020054544685,0.4175848386602206
1,0.475,0.8003550672127133,0.4214456285507896
1,0.48,0.7964816932069432,0.4252886336152037
1,0.485,0.792582316051776,0.4291137039726727
1,0.49,0.7886573717223615,0.4329206910233087
1,0.495,0.784707299502181,0.4367094474661192
1,0.5,0.7807325419296327,0.4404798273171211
1,0.505,0.7767335447433564,0.4442316859275287
1,0.51,0.7727107568261775,0.4479648800019322
1,0.515,0.768664630147796,0.4516792676165718
1,0.52,0.7645956197062047,0.4553747082377079
1,0.525,0.7605041834677113,0.4590510627399759
1,0.53,0.7563907823056146,0.46270819342478
1,0.535,0.7522558799376002,0.4663459640387811
1,0.54,0.748099942861762,0.4699642397924035
1,0.545,0.7439234402911942,0.4735628873783126
1,0.55,0.7397268440872705,0.4771417749899632
1,0.555,0.7355106286915846,0.4807007723402035
1,0.5600000000000001,0.731275271056418,0.4842397506798084
1,0.5650000000000001,0.7270212505738475,0.4877585828160418
1,0.5700000000000001,0.7227490490035235,0.491257143131273
1,0.5750000000000001,0.7184591503990082,0.4947353076015459
1,0.58,0.7141520410326814,0.4981929538150995
1,0.585,0.7098282093193145,0.5016299609909254
1,0.59,0.7054881457382713,0.5050462099973178
1,0.595,0.701132342754226,0.508441583370309
1,0.6,0.6967612947365408,0.5118159653321062
1,0.605,0.6923754978773115,0.5151692418095323
1,0.61,0.6879754501079641,0.5185013004523473
1,0.615,0.6835616510144724,0.5218120306514979
1,0.62,0.6791346017512714,0.5251013235573581
1,0.625,0.6746948049538125,0.5283690720978859
1,0.63,0.6702427646496981,0.531615170996626
1,0.635,0.6657789861685457,0.5348395167906713
1,0.64,0.6613039760505709,0.5380420078485684
1,0.645,0.6568182419537842,0.5412225443880261
1,0.65,0.6523222925599194,0.5443810284935261
1,0.655,0.6478166374791501,0.5475173641338671
1,0.66,0.6433017871535217,0.5506314571795353
1,0.665,0.6387782527591065,0.5537232154198874
1,0.67,0.6342465461070094,0.5567925485802381
1,0.675,0.6297071795432173,0.5598393683388125
1,0.68,0.6251606658471995,0.5628635883434376
1,0.6850000000000001,0.6206075181294164,0.5658651242280929
1,0.6900000000000001,0.6160482497277779,0.5688438936293279
1,0.6950000000000001,0.6114833741029647,0.5717998162024144
1,0.7000000000000001,0.6069134047326912,0.5747328136372748
1,0.705,0.6023388550050193,0.5776428096742531
1,0.71,0.5977602381106925,0.5805297301196584
1,0.715,0.5931780669344607,0.5833935028609913
1,0.72,0.5885928539455515,0.5862340578819782
1,0.725,0.5840051110873222,0.5890513272773927
1,0.73,0.579415349666009,0.5918452452675254
1,0.735,0.574824080238711,0.5946157482123889
1,0.74,0.5702318125006913,0.5973627746256981
1,0.745,0.5656390551719574,0.6000862651885193
1,0.75,0.5610463158831516,0.6027861627625613
1,0.755,0.5564541010608968,0.6054624124032069
1,0.76,0.5518629158126185,0.6081149613722486
1,0.765,0.5472732638107932,0.6107437591501935
1,0.77,0.5426856471767862,0.6133487574482581
1,0.775,0.5381005663643419,0.6159299102200642
1,0.78,0.5335185200426907,0.6184871736729035
1,0.785,0.528940004979359,0.6210205062786071
1,0.79,0.524365515922806,0.6235298687840847
1,0.795,0.5197955454849011,0.6260152242214754
1,0.8,0.5152305840232332,0.6284765379178093
1,0.805,0.5106711195234203,0.630913777504305
1,0.8100000000000001,0.5061176374814715,0.6333269129252875
1,0.8150000000000001,0.5015706207861726,0.6357159164465922
1,0.8200000000000001,0.4970305496016249,0.6380807626635313
1,0.8250000000000001,0.4924979012500386,0.6404214285084661
1,0.8300000000000001,0.4879731500947834,0.6427378932578915
1,0.835,0.483456767423747,0.6450301385389959
1,0.84,0.4789492213331443,0.6472981483357928
1,0.845,0.4744509766118235,0.6495419089947984
1,0.85,0.4699624946260659,0.6517614092301243
1,0.855,0.4654842332050234,0.6539566401280974
1,0.86,0.4610166465268761,0.6561275951514175
1,0.865,0.4565601850057132,0.6582742701427449
1,0.87,0.4521152951792292,0.6603966633277321
1,0.875,0.4476824195973497,0.6624947753175762
1,0.88,0.4432619967118289,0.6645686091110347
1,0.885,0.4388544607668466,0.6666181700958181
1,0.89,0.4344602416907406,0.6686434660494692
1,0.895,0.4300797649889428,0.6706445071397199
1,0.9,0.4257134516381294,0.6726213059242143
1,0.905,0.4213617179817009,0.6745738773496571
1,0.91,0.4170249756266767,0.676502238750432
1,0.915,0.4127036313420442,0.6784064098466182
1,0.92,0.4083980869586183,0.680286412741365
1,0.925,0.404108739270523,0.6821422719177169
1,0.93,0.3998359799383537,0.6839740142348657
1,0.9350000000000001,0.395580195394045,0.6857816689237312
1,0.9400000000000001,0.3913417667475574,0.6875652675819534
1,0.9450000000000001,0.3871210696954431,0.6893248441683199
1,0.9500000000000001,0.3829184744313365,0.6910604349965399
1,0.9550000000000001,0.3787343455584326,0.6927720787283799
1,0.96,0.3745690420040423,0.6944598163662213
1,0.965,0.3704229169362708,0.6961236912450091
1,0.97,0.3662963176828611,0.6977637490235173
1,0.975,0.3621895856522914,0.699380037675026
1,0.98,0.3581030562571735,0.700972607477403
1,0.985,0.354037058839997,0.702541511002517
1,0.99,0.349991916601283,0.7040868031050227
1,0.995,0.3459679465302065,0.7056085409105586
1,1,0.3419654593377222,0.7071067838033144
1,1.005,0.337984759392254,0.7085815934129358
1,1.01,0.3340261446579953,0.710033033600842
1,1.015,0.3300899066358559,0.7114611704459447
1,1.02,0.3261763303071113,0.7128660722297037
1,1.025,0.3222856940797863,0.7142478094205836
1,1.03,0.3184182697378143,0.7156064546579274
1,1.035,0.3145743223930079,0.716942082735203
1,1.04,0.3107541104398824,0.7182547705826294
1,1.045,0.306957885513356,0.7195445972492319
1,1.05,0.3031858924493497,0.7208116438843113
1,1.055,0.2994383692483418,0.7220559937182888
1,1.06,0.2957155470418753,0.7232777320429891
1,1.065,0.2920176500620422,0.7244769461913627
1,1.07,0.2883448956139809,0.7256537255166153
1,1.075,0.284697494051403,0.7268081613707721
1,1.08,0.2810756487551426,0.7279403470827048
1,1.085,0.2774795561147531,0.7290503779356082
1,1.09,0.2739094055131854,0.730138351143915
1,1.095,0.2703653793145192,0.7312043658296965
1,1.1,0.2668476528547489,0.7322485229985485
1,1.105,0.2633563944356724,0.733270925514941
1,1.11,0.2598917653218459,0.7342716780770731
1,1.115,0.2564539197405918,0.7352508871912397
1,1.12,0.253043004885075,0.736208661145708
1,1.125,0.2496591609204596,0.7371451099841138
1,1.13,0.2463025209930852,0.7380603454784023
1,1.135,0.2429732112426617,0.7389544811013183
1,1.14,0.239671350817514,0.7398276319984473
1,1.145,0.2363970518928122,0.7406799149598308
1,1.15,0.2331504196917447,0.7415114483911689
1,1.155,0.2299315525096727,0.7423223522846112
1,1.16,0.2267405417412174,0.7431127481891598
1,1.165,0.2235774719102147,0.7438827591806914
1,1.17,0.2204424207025305,0.7446325098316099
1,1.175,0.2173354590017462,0.7453621261801524
1,1.18,0.2142566509276159,0.7460717356993516
1,1.185,0.2112060538772518,0.7467614672656679
1,1.19,0.2081837185690718,0.747431451127317
1,1.195,0.2051896890894161,0.7480818188722997
1,1.2,0.2022240029417609,0.7487127033961406
1,1.205,0.199286691098527,0.7493242388693593
1,1.21,0.1963777780554578,0.7499165607046973
1,1.215,0.1934972818884478,0.7504898055240979
1,1.22,0.1906452143127824,0.7510441111254501
1,1.225,0.1878215807448094,0.7515796164491431
1,1.23,0.1850263803659135,0.752096461544422
1,1.235,0.1822596061887203,0.7525947875355464
1,1.24,0.1795212451255396,0.7530747365877993
1,1.245,0.176811278058971,0.753536451873357
1,1.25,0.1741296799145564,0.753980077537008
1,1.255,0.1714764197354442,0.7544057586617464
1,1.26,0.1688514607590655,0.7548136412342945
1,1.265,0.1662547604956664,0.7552038721105224
1,1.27,0.1636862708086353,0.7555765989807739
1,1.275,0.1611459379966342,0.7559319703351667
1,1.28,0.1586337028774187,0.7562701354288554
1,1.285,0.1561495008732354,0.75659124424724
1,1.29,0.1536932620977806,0.7568954474711724
1,1.295,0.1512649114446789,0.7571828964421994
1,1.3,0.1488643686773299,0.7574537431277986
1,1.305,0.1464915485200661,0.7577081400866316
1,1.31,0.1441463607506318,0.7579462404338927
1,1.315,0.1418287102938363,0.7581681978067109
1,1.32,0.1395384973162818,0.7583741663295996
1,1.325,0.1372756173221733,0.758564300580028
1,1.33,0.1350399612501188,0.7587387555541227
1,1.335,0.1328314155707915,0.758897686632459
1,1.34,0.1306498623854063,0.7590412495459786
1,1.345,0.1284951795250073,0.7591696003421136
1,1.35,0.1263672406504061,0.7592828953510494
1,1.355,0.1242659153526945,0.7593812911521312
1,1.36,0.1221910692543443,0.7594649445405125
1,1.365,0.120142564110775,0.7595340124940149
1,1.37,0.1181202579122776,0.7595886521401624
1,1.375,0.1161240049862726,0.7596290207234588
1,1.38,0.114153656099868,0.7596552755729553
1,1.385,0.1122090585625696,0.759667574070038
1,1.39,0.1102900563290853,0.759666073616452
1,1.395,0.1083964901022392,0.7596509316026717
1,1.4,0.1065281974358572,0.759622305376548
1,1.405,0.1046850128375392,0.7595803522122107
1,1.41,0.1028667678713147,0.7595252292793192
1,1.415,0.1010732912601206,0.759457093612669
1,1.42,0.09930440898797435,0.7593761020820873
1,1.425,0.09755994440180871,0.7592824113626543
1,1.43,0.09583971831297371,0.7591761779053514
1,1.435,0.09414354909826822,0.7590575579080402
1,1.44,0.09247125280043951,0.7589267072867664
1,1.445,0.09082264322816772,0.7587837816475063
1,1.45,0.0891975320554461,0.7586289362583096
1,1.455,0.08759572892026281,0.7584623260217924
1,1.46,0.08601704152257475,0.758284105448036
1,1.465,0.08446127572155814,0.7580944286279667
1,1.47,0.08292823563201786,0.7578934492071076
1,1.475,0.08141772371991575,0.7576813203597185
1,1.48,0.0799295408970444,0.7574581947634479
1,1.485,0.07846348661474292,0.7572242245744076
1,1.49,0.07701935895659602,0.7569795614026404
1,1.495,0.07559695473012275,0.7567243562880712
1,1.5,0.07419606955742382,0.7564587596769567
1,1.505,0.07281649796469385,0.7561829213987433
1,1.51,0.07145803347058388,0.7558969906433661
1,1.515,0.07012046867343422,0.7556011159391
1,1.52,0.0688035953372835,0.7552954451308469
1,1.525,0.06750720447661585,0.7549801253588516
1,1.53,0.06623108643987582,0.7546553030379534
1,1.535,0.06497503099169724,0.7543211238373384
1,1.54,0.06373882739378886,0.7539777326607194
1,1.545,0.06252226448447835,0.7536252736270047
1,1.55,0.06132513075692769,0.7532638900515247
1,1.555,0.06014721443593966,0.7528937244277046
1,1.56,0.05898830355334241,0.7525149184091833
1,1.565,0.05784818602198786,0.7521276127925041
1,1.57,0.05672664970830573,0.7517319475002879
1,1.575,0.05562348250338209,0.7513280615648444
1,1.58,0.05453847239258382,0.7509160931123043
1,1.585,0.05347140752372642,0.7504961793472941
1,1.59,0.05242207627373083,0.7500684565380515
1,1.595,0.05139026731377348,0.7496330600020051
1,1.6,0.05037576967296495,0.749190124091926
1,1.605,0.049378372800505,0.7487397821825399
1,1.61,0.04839786662630301,0.748282166657574
1,1.615,0.04743404162010113,0.7478174088973448
1,1.62,0.04648668884908282,0.7473456392668504
1,1.625,0.04555560003394075,0.7468669871042908
1,1.63,0.04464056760342162,0.746381580710062
1,1.635,0.0437413847473765,0.7458895473362986
1,1.64,0.04285784546827775,0.7453910131768464
1,1.645,0.04198974463120932,0.744886103357661
1,1.65,0.04113687801237158,0.7443749419277449
1,1.655,0.04029904234608152,0.7438576518505424
1,1.66,0.03947603537026057,0.7433343549957404
1,1.665,0.03866765587044201,0.7428051721315448
1,1.67,0.03787370372231443,0.7422702229174591
1,1.675,0.03709397993278157,0.7417296258974604
1,1.68,0.03632828667955617,0.7411834984935866
1,1.685,0.03557642734932909,0.7406319570000386
1,1.69,0.03483820657449661,0.7400751165776894
1,1.695,0.03411343026845383,0.7395130912489691
1,1.7,0.03340190565949375,0.7389459938932191
1,1.705,0.03270344132331972,0.7383739362424849
1,1.71,0.03201784721416855,0.7377970288776727
1,1.715,0.03134493469457051,0.7372153812251008
1,1.72,0.03068451656378246,0.7366291015535176
1,1.725,0.0300364070848834,0.7360382969714772
1,1.73,0.02940042201055235,0.7354430734250624
1,1.735,0.02877637860756917,0.734843535696048
1,1.74,0.02816409568004264,0.7342397874004419
1,1.745,0.02756339359137504,0.7336319309873478
1,1.75,0.02697409428499686,0.7330200677382036
1,1.755,0.02639602130389801,0.7324042977664259
1,1.76,0.02582899980895689,0.7317847200173626
1,1.765,0.02527285659609092,0.7311614322685565
1,1.77,0.02472742011227445,0.7305345311304388
1,1.775,0.02419252047040845,0.7299041120472641
1,1.78,0.02366798946309179,0.7292702692984198
1,1.785,0.02315366057530217,0.7286330960000345
1,1.79,0.02264936899601297,0.7279926841069014
1,1.795,0.02215495162876676,0.7273491244147049
1,1.8,0.02167024710122868,0.7267025065625436
1,1.805,0.02119509577374113,0.7260529190357444
1,1.81,0.02072933974690242,0.7254004491689585
1,1.815,0.02027282286819241,0.7247451831495362
1,1.82,0.01982539073766673,0.7240872060211685
1,1.825,0.0193868907127428,0.7234266016877936
1,1.83,0.01895717191209972,0.7227634529177595
1,1.835,0.0185360852187152,0.7220978413482334
1,1.84,0.01812348328206109,0.7214298474898568
1,1.845,0.01771922051948054,0.7207595507316337
1,1.85,0.01732315311676901,0.7200870293460484
1,1.855,0.01693513902798125,0.7194123604944056
1,1.86,0.01655503797448624,0.7187356202323857
1,1.865,0.01618271144329255,0.7180568835158091
1,1.87,0.01581802268466535,0.7173762242066015
1,1.875,0.01546083670905719,0.716693715078957
1,1.88,0.01511102028337374,0.7160094278256869
1,1.885,0.01476844192659624,0.7153234330647548
1,1.89,0.01443297190478119,0.7146358003459843
1,1.895,0.01410448222545862,0.7139465981579384
1,1.9,0.0137828466314495,0.7132558939349619
1,1.905,0.01346794059412267,0.7125637540643808
1,1.91,0.01315964130611143,0.711870243893851
1,1.915,0.01285782767351011,0.7111754277388557
1,1.92,0.01256238030756974,0.7104793688903369
1,1.925,0.01227318151591257,0.7097821296224626
1,1.93,0.01199011529328468,0.7090837712005198
1,1.935,0.01171306731186515,0.7083843538889285
1,1.94,0.01144192491115112,0.7076839369593789
1,1.945,0.01117657708743397,0.706982578699038
1,1.95,0.01091691448289197,0.7062803364189384
1,1.955,0.01066282937430655,0.7055772664623818
1,1.96,0.01041421566143008,0.7048734242135142
1,1.965,0.0101709688550106,0.7041688641058677
1,1.97,0.009932986064506724,0.7034636396311895
1,1.975,0.009700165985485716,0.7027578033480558
1,1.98,0.009472408886749967,0.702051406890924
1,1.985,0.00924961659717455,0.7013445009788251
1,1.99,0.00903169249230602,0.7006371354245893
1,1.995,0.008818541480702793,0.6999293591436301
1,2,0.008610069990064967,0.6992212201632882
1,2.005,0.008406185953137742,0.6985127656317263
1,2.01,0.008206798793428628,0.6978040418273355
1,2.015,0.008011819410730724,0.6970950941677539
1,2.02,0.007821160166482165,0.6963859672192937
1,2.025,0.007634734868962411,0.6956767047060856
1,2.03,0.007452458758346692,0.6949673495194919
1,2.035,0.007274248491625583,0.6942579437273735
1,2.04,0.007100022127404714,0.6935485285834663
1,2.045,0.006929699110594946,0.6928391445367533
1,2.05,0.006763200257005398,0.692129831240796
1,2.055,0.006600447737848888,0.6914206275631857
1,2.06,0.006441365064173447,0.6907115715948265
1,2.065,0.00628587707122551,0.6900027006594396
1,2.07,0.006133909902762114,0.6892940513227972
1,2.075,0.00598539099531226,0.6885856594022479
1,2.08,0.005840249062409298,0.6878775599759116
1,2.085,0.00569841407878855,0.6871697873921866
1,2.09,0.005559817264576416,0.686462375278918
1,2.095,0.005424391069460748,0.685755356552851
1,2.1,0.005292069156870348,0.6850487634287834
1,2.105,0.005162786388152346,0.6843426274289331
1,2.11,0.005036478806773339,0.683636979392077
1,2.115,0.004913083622535881,0.682931849482815
1,2.12,0.004792539195830435,0.6822272672006879
1,2.125,0.004674785021920499,0.6815232613893268
1,2.13,0.00455976171527251,0.6808198602455388
1,2.135,0.004447410993937071,0.6801170913283341
1,2.14,0.004337675663982053,0.6794149815679676
1,2.145,0.004230499603994743,0.6787135572748411
1,2.15,0.004125827749641891,0.6780128441484803
1,2.155,0.004023606078315279,0.6773128672863185
1,2.16,0.00392378159384095,0.6766136511925874
1,2.165,0.00382630231128821,0.6759152197869867
1,2.17,0.00373111724184883,0.6752175964134692
1,2.175,0.003638176377827439,0.6745208038488012
1,2.18,0.003547430677710003,0.6738248643112245
1,2.185,0.003458832051351369,0.6731297994689106
1,2.19,0.003372333345250863,0.672435630448484
1,2.195,0.003287888327951231,0.6717423778433732
1,2.2,0.003205451675537191,0.671050061722183
1,2.205,0.003124978957258801,0.6703587016369398
1,2.21,0.003046426621266867,0.6696683166313084
1,2.215,0.002969751980472595,0.6689789252487243
1,2.22,0.002894913198531963,0.6682905455404532
1,2.225,0.002821869275952492,0.6676031950736024
1,2.23,0.002750580036336787,0.6669168909390253
1,2.235,0.002681006112746299,0.6662316497591991
1,2.24,0.002613108934212559,0.6655474876959779
1,2.245,0.002546850712367037,0.6648644204583298
1,2.25,0.00248219442822673,0.664182463309939
1,2.255,0.002419103819098426,0.6635016310767927
1,2.26,0.002357543365643885,0.6628219381546369
1,2.265,0.002297478279065939,0.6621433985164057
1,2.27,0.002238874488457141,0.6614660257195309
1,2.275,0.002181698628274051,0.6607898329132098
1,2.28,0.002125918025972482,0.6601148328455682
1,2.285,0.002071500689774951,0.6594410378707651
1,2.29,0.002018415296595001,0.6587684599560055
1,2.295,0.001966631180101441,0.6580971106884832
1,2.3,0.001916118318933842,0.6574270012822399
1,2.305,0.001866847325065831,0.6567581425849476
1,2.31,0.001818789432313368,0.6560905450846106
1,2.315,0.001771916484998167,0.6554242189161895
1,2.32,0.001726200926750025,0.6547591738681423
1,2.325,0.001681615789470267,0.6540954193888929
1,2.33,0.001638134682428988,0.6534329645932092
1,2.335,0.001595731781527424,0.6527718182685164
1,2.34,0.001554381818690605,0.6521119888811121
1,2.345,0.001514060071426576,0.6514534845823253
1,2.35,0.00147474235251464,0.6507963132145682
1,2.355,0.001436404999858595,0.6501404823173405
1,2.36,0.001399024866470091,0.6494859991331217
1,2.365,0.001362579310612775,0.6488328706132159
1,2.37,0.001327046186079452,0.6481811034234918
1,2.375,0.001292403832623844,0.6475307039500644
1,2.38,0.001258631066529385,0.6468816783048852
1,2.385,0.001225707171325285,0.6462340323312618
1,2.39,0.001193611888643955,0.6455877716093001
1,2.395,0.001162325409218005,0.6449429014612621
1,2.4,0.001131828364022542,0.6442994269568636
1,2.405,0.001102101815549714,0.6436573529184677
1,2.41,0.001073127249231512,0.6430166839262437
1,2.415,0.001044886564988351,0.6423774243231977
1,2.42,0.001017362068927408,0.6417395782201899
1,2.425,0.0009905364651617663,0.6411031495008098
1,2.43,0.0009643928477788004,0.6404681418262513
1,2.435,0.0009389146929262887,0.6398345586400342
1,2.44,0.0009140858510449933,0.639202403172737
1,2.445,0.0008898905392179671,0.6385716784465749
1,2.45,0.0008663133336613948,0.6379423872799814
1,2.455,0.000843339162332827,0.6373145322920534
1,2.46,0.0008209532976745169,0.6366881159069797
1,2.465,0.0007991413494757755,0.6360631403583578
1,2.47,0.0007778892578632274,0.6354396076934686
1,2.475,0.0007571832864120663,0.6348175197774719
1,2.48,0.0007370100153777473,0.6341968782975257
1,2.485,0.0007173563350505347,0.6335776847668635
1,2.49,0.0006982094392233432,0.6329599405287625
1,2.495,0.0006795568187836191,0.6323436467605045
1,2.5,0.0006613862554121565,0.6317288044771954
1,2.505,0.0006436858154060722,0.6311154145356102
1,2.51,0.0006264438436035758,0.6305034776378716
1,2.515,0.0006096489574315729,0.629892994335176
1,2.52,0.0005932900410514407,0.6292839650313393
1,2.525,0.0005773562396246525,0.6286763899863995
1,2.53,0.0005618369536746328,0.6280702693200416
1,2.535,0.0005467218335638754,0.6274656030150707
1,2.54,0.0005320007740667106,0.6268623909207267
1,2.545,0.0005176639090516413,0.6262606327560222
1,2.55,0.0005037016062596203,0.6256603281129574
1,2.555,0.0004901044621855874,0.6250614764597212
1,2.56,0.0004768632970566186,0.6244640771438118
1,2.565,0.0004639691499068913,0.6238681293951007
1,2.57,0.0004514132737499031,0.6232736323288636
1,2.575,0.0004391871308413324,0.6226805849487105
1,2.58,0.0004272823880393644,0.6220889861495289
1,2.585,0.000415690912250129,0.6214988347202847
1,2.59,0.0004044047659700757,0.6209101293468751
1,2.595,0.0003934162029088706,0.6203228686148108
1,2.6,0.0003827176637077024,0.6197370510119743
1,2.605,0.000372301771734679,0.6191526749311935
1,2.61,0.0003621613289729386,0.6185697386728986
1,2.615,0.0003522893119836921,0.6179882404476
1,2.62,0.0003426788679581507,0.6174081783784385
1,2.625,0.0003333233108432989,0.6168295505035777
1,2.63,0.0003242161175519077,0.6162523547786414
1,2.635,0.0003153509242460258,0.6156765890790312
1,2.64,0.0003067215226996368,0.6151022512022497
1,2.645,0.0002983218567347475,0.6145293388701483
1,2.65,0.0002901460187315111,0.6139578497311352
1,2.655,0.0002821882462117535,0.6133877813623597
1,2.66,0.0002744429184916146,0.6128191312718078
1,2.665,0.0002669045534073203,0.6122518969004217
1,2.67,0.0002595678041056163,0.6116860756240903
1,2.675,0.0002524274559065965,0.6111216647557027
1,2.68,0.0002454784232274134,0.6105586615470407
1,2.685,0.0002387157465769766,0.6099970631907621
1,2.69,0.0002321345896086129,0.6094368668222062
1,2.695,0.000225730236241517,0.6088780695213005
1,2.7,0.0002194980878381533,0.6083206683142911
1,2.705,0.0002134336604474821,0.6077646601755655
1,2.71,0.0002075325821029331,0.6072100420293202
1,2.715,0.0002017905901826573,0.6066568107512923
1,2.72,0.0001962035288238822,0.6061049631703751
1,2.725,0.0001907673463956983,0.6055544960702565
1,2.73,0.0001854780930255794,0.6050054061909856
1,2.735,0.0001803319181804448,0.6044576902305199
1,2.74,0.0001753250683011502,0.6039113448462472
1,2.745,0.0001704538844877758,0.6033663666564419
1,2.75,0.000165714800237909,0.6028227522417453
1,2.755,0.0001611043392323118,0.6022804981465341
1,2.76,0.0001566191131728595,0.6017396008803572
1,2.765,0.0001522558196649267,0.6012000569192263
1,2.77,0.0001480112401508921,0.6006618627070033
1,2.775,0.0001438822378857497,0.6001250146566219
1,2.78,0.0001398657559621688,0.5995895091514202
1,2.785,0.0001359588153759711,0.5990553425463055
1,2.79,0.000132158513138855,0.598522511169023
1,2.795,0.0001284620204304409,0.5979910113212762
1,2.8,0.0001248665807949678,0.5974608392799247
1,2.805,0.0001213695083766268,0.5969319912980695
1,2.81,0.0001179681861967352,0.5964044636061772
1,2.815,0.0001146600644691003,0.5958782524131351
1,2.82,0.0001114426589543745,0.5953533539073009
1,2.825,0.0001083135493522194,0.5948297642575323
1,2.83,0.0001052703777297221,0.5943074796141625
1,2.835,0.0001023108469871734,0.5937864961100051
1,2.84,9.943271935758728e-05,0.5932668098612616
1,2.845,9.663381494296343e-05,0.5927484169684973
1,2.85,9.391201028210044e-05,0.5922313135174885
1,2.855,9.126523695427046e-05,0.5917154955801656
1,2.86,8.869148021265968e-05,0.5912009592154073
1,2.865,8.618877765245241e-05,0.5906877004699465
1,2.87,8.375521790735022e-05,0.5901757153791213
1,2.875,8.138893937916133e-05,0.5896649999677349
1,2.88,7.908812899491903e-05,0.5891555502507761
1,2.885,7.685102099522451e-05,0.588647362234225
1,2.89,7.467589574951544e-05,0.588140431915752
1,2.895,7.256107860056524e-05,0.5876347552854657
1,2.9,7.050493873548556e-05,0.5871303283265961
1,2.905,6.850588808393839e-05,0.5866271470161831
1,2.91,6.65623802424916e-05,0.5861252073257469
1,2.915,6.467290942423559e-05,0.585624505221918
1,2.92,6.283600943415754e-05,0.5851250366670956
1,2.925,6.105025266798223e-05,0.5846267976200233
1,2.93,5.931424913628127e-05,0.5841297840364332
1,2.935,5.762664551047183e-05,0.5836339918695723
1,2.94,5.598612419343309e-05,0.5831394170708284
1,2.945,5.439140241070668e-05,0.5826460555902165
1,2.95,5.284123132545138e-05,0.5821539033769785
1,2.955,5.133439517298278e-05,0.5816629563800404
1,2.96,4.986971041797391e-05,0.5811732105485776
1,2.965,4.844602493053479e-05,0.5806846618324528
1,2.97,4.706221718367711e-05,0.5801973061827409
1,2.975,4.571719546916739e-05,0.5797111395521547
1,2.98,4.440989713338954e-05,0.5792261578955262
1,2.985,4.31392878312378e-05,0.5787423571702243
1,2.99,4.190436079862323e-05,0.5782597333365903
1,2.995,4.070413614270791e-05,0.577778282358353
1,3,3.953766014940163e-05,0.577298000203017
1,3.005,3.840400460827858e-05,0.5768188828422744
1,3.01,3.730226615350617e-05,0.5763409262523513
1,3.015,3.623156562182723e-05,0.5758641264144144
1,3.02,3.519104742544823e-05,0.5753884793148779
1,3.025,3.417987894151652e-05,0.5749139809458021
1,3.03,3.319724991557495e-05,0.5744406273051704
1,3.035,3.224237188101187e-05,0.5739684143972706
1,3.04,3.131447759175976e-05,0.5734973382329512
1,3.045,3.041282047025089e-05,0.5730273948299797
1,3.05,2.953667406809181e-05,0.5725585802132855
1,3.055,2.868533154113398e-05,0.5720908904152904
1,3.06,2.785810513688472e-05,0.5716243214761443
1,3.065,2.705432569538621e-05,0.5711588694440226
1,3.07,2.627334216215296e-05,0.5706945303753617
1,3.075,2.551452111363131e-05,0.5702313003351202
1,3.08,2.477724629448136e-05,0.5697691753970162
1,3.085,2.406091816646291e-05,0.569308151643753
1,3.09,2.33649534689122e-05,0.5688482251672601
1,3.095,2.268878478996758e-05,0.5683893920688825
1,3.1,2.203186014912386e-05,0.5679316484596248
1,3.105,2.139364258977351e-05,0.5674749904603112
1,3.11,2.077360978275598e-05,0.5670194142018254
1,3.115,2.017125363924776e-05,0.5665649158252475
1,3.12,1.958607993426084e-05,0.5661114914820866
1,3.125,1.901760793896535e-05,0.5656591373344009
1,3.13,1.846537006313098e-05,0.5652078495550156
1,3.135,1.792891150600822e-05,0.5647576243276353
1,3.14,1.740778991675769e-05,0.564308457847041
1,3.145,1.690157506304073e-05,0.5638603463192002
1,3.15,1.640984850854057e-05,0.5634132859614396
1,3.155,1.59322032984347e-05,0.5629672730025581
1,3.16,1.546824365316758e-05,0.5625223036829712
1,3.165,1.501758466999911e-05,0.5620783742548303
1,3.17,1.457985203202652e-05,0.5616354809821013
1,3.175,1.415468172582666e-05,0.5611936201408306
1,3.18,1.374171976452684e-05,0.5607527880190815
1,3.185,1.334062191909915e-05,0.5603129809170445
1,3.19,1.295105345688504e-05,0.5598741951471981
1,3.195,1.257268888705232e-05,0.559436427034501
1,3.2,1.22052117114276e-05,0.5589996729163422
1,3.205,1.184831418243892e-05,0.5585639291426019
1,3.21,1.150169706763818e-05,0.5581291920757658
1,3.215,1.116506942080397e-05,0.5576954580911336
1,3.22,1.083814835783268e-05,0.5572627235767795
1,3.225,1.052065883880242e-05,0.5568309849335679
1,3.23,1.021233345604509e-05,0.5564002385752317
1,3.235,9.912912228246755e-06,0.5559704809285602
1,3.24,9.622142399134607e-06,0.5555417084334059
1,3.245,9.339778241312892e-06,0.555113917542648
1,3.25,9.065580865654117e-06,0.5546871047222468
1,3.255,8.799318036077444e-06,0.5542612664513884
1,3.26,8.540763988861211e-06,0.5538363992225493
1,3.265,8.289699256178366e-06,0.5534124995414198
1,3.27,8.045910494744927e-06,0.5529895639269325
1,3.275,7.809190319241345e-06,0.5525675889113606
1,3.28,7.579337140191555e-06,0.5521465710404319
1,3.285,7.356155005361874e-06,0.5517265068732298
1,3.29,7.139453445769158e-06,0.551307392982197
1,3.295,6.929047325950531e-06,0.5508892259531902
1,3.3,6.724756698478701e-06,0.550472002385617
1,3.305,6.526406661588417e-06,0.5500557188923487
1,3.31,6.333827220809256e-06,0.5496403720996886
1,3.315,6.146853154474546e-06,0.5492259586473975
1,3.32,5.965323883117994e-06,0.5488124751888194
1,3.325,5.789083341826398e-06,0.5483999183908381
1,3.33,5.617979855938638e-06,0.5479882849338041
1,3.335,5.4518660203169e-06,0.5475775715115407
1,3.34,5.290598582088964e-06,0.5471677748314374
1,3.345,5.134038326296339e-06,0.546758891614462
1,3.35,4.982049964286782e-06,0.5463509185950537
1,3.355,4.834502025387897e-06,0.5459438525211121
1,3.36,4.691266751650745e-06,0.5455376901540497
1,3.365,4.552219995441865e-06,0.5451324282688558
1,3.37,4.417241119315704e-06,0.5447280636539703
1,3.375,4.286212898844042e-06,0.5443245931112546
1,3.38,4.159021428177724e-06,0.5439220134560078
1,3.385,4.035556028320298e-06,0.5435203215170563
1,3.39,3.915709157402155e-06,0.5431195141366407
1,3.395,3.799376323528784e-06,0.5427195881703569
1,3.4,3.686456000104737e-06,0.5423205404871496
1,3.405,3.576849543640862e-06,0.5419223679693971
1,3.41,3.470461113447722e-06,0.5415250675128379
1,3.415,3.367197593482114e-06,0.5411286360264789
1,3.42,3.266968516468518e-06,0.5407330704325733
1,3.425,3.169685990235889e-06,0.54033836766668
1,3.43,3.075264625899335e-06,0.5399445246776441
1,3.435,2.983621467807126e-06,0.5395515384274745
1,3.44,2.894675925574261e-06,0.5391594058913116
1,3.445,2.808349708071751e-06,0.5387681240574503
1,3.45,2.724566759219911e-06,0.5383776899273713
1,3.455,2.643253195244359e-06,0.5379881005156046
1,3.46,2.564337243812013e-06,0.5375993528496803
1,3.465,2.487749184902997e-06,0.537211443970123
1,3.47,2.413421293399182e-06,0.5368243709305102
1,3.475,2.341287782947608e-06,0.5364381307973465
1,3.48,2.271284751462467e-06,0.5360527206499923
1,3.485,2.203350128194829e-06,0.5356681375806387
1,3.49,2.137423622374341e-06,0.535284378694364
1,3.495,2.073446673044282e-06,0.5349014411090465
1,3.5,2.011362400269239e-06,0.5345193219552643
1,3.505,1.951115557779368e-06,0.5341380183762583
1,3.51,1.892652487016343e-06,0.5337575275279681
1,3.515,1.835921072340771e-06,0.5333778465789962
1,3.52,1.780870697365207e-06,0.5329989727104805
1,3.525,1.727452202602689e-06,0.5326209031160489
1,3.53,1.675617844351193e-06,0.5322436350018284
1,3.535,1.625321254710752e-06,0.5318671655864523
1,3.54,1.576517402541545e-06,0.531491492100933
1,3.545,1.529162555544799e-06,0.5311166117885577
1,3.55,1.48321424360255e-06,0.5307425219049694
1,3.555,1.438631222962095e-06,0.5303692197180998
1,3.56,1.395373441371549e-06,0.5299967025080594
1,3.565,1.353402004277431e-06,0.5296249675671101
1,3.57,1.312679142003517e-06,0.5292540121996809
1,3.575,1.273168177681431e-06,0.528883833722228
1,3.58,1.234833496220684e-06,0.5285144294632341
1,3.585,1.197640514122738e-06,0.5281457967631934
1,3.59,1.161555650025632e-06,0.5277779329744767
1,3.595,1.126546296218931e-06,0.527410835461355
1,3.6,1.092580790882849e-06,0.5270445015999465
1,3.605,1.059628391047546e-06,0.5266789287781011
1,3.61,1.027659246442049e-06,0.5263141143954346
1,3.615,9.966443739688395e-07,0.5259500558632443
1,3.62,9.665556328902989e-07,0.5255867506044158
1,3.625,9.373657008166937e-07,0.5252241960534614
1,3.63,9.090480502443754e-07,0.5248623896564069
1,3.635,8.815769257936465e-07,0.524501328870727
1,3.64,8.54927322155906e-07,0.524141011165375
1,3.645,8.290749625392945e-07,0.5237814340206521
1,3.65,8.039962777934231e-07,0.5234225949281717
1,3.655,7.79668386150544e-07,0.5230644913908685
1,3.66,7.560690734359414e-07,0.522707120922864
1,3.665,7.331767739244986e-07,0.5223504810494553
1,3.67,7.109705517276802e-07,0.5219945693070983
1,3.675,6.894300826346074e-07,0.5216393832432772
1,3.68,6.685356365565877e-07,0.5212849204165165
1,3.685,6.482680604265712e-07,0.52093117839633
1,3.69,6.286087615448869e-07,0.5205781547631082
1,3.695,6.095396914785195e-07,0.5202258471081421
1,3.7,5.910433303529107e-07,0.5198742530335426
1,3.705,5.731026715839924e-07,0.5195233701521492
1,3.71,5.557012071092747e-07,0.5191731960875581
1,3.715,5.388229129632724e-07,0.5188237284740164
1,3.72,5.224522352850642e-07,0.518474964956356
1,3.725,5.065740767679238e-07,0.5181269031900166
1,3.73,4.911737834196459e-07,0.517779540840922
1,3.735,4.762371317421202e-07,0.5174328755854423
1,3.74,4.61750316295558e-07,0.5170869051103977
1,3.745,4.476999375537008e-07,0.5167416271129329
1,3.75,4.340729901581402e-07,0.516397039300501
1,3.755,4.208568515037059e-07,0.5160531393908442
1,3.76,4.080392705535912e-07,0.5157099251117523
1,3.765,3.956083573074291e-07,0.5153673942016096
1,3.77,3.835525719376541e-07,0.5150255444084388
1,3.775,3.718607148506604e-07,0.5146843734904036
1,3.78,3.605219168025343e-07,0.5143438792157791
1,3.785,3.495256292700998e-07,0.5140040593628526
1,3.79,3.388616150807542e-07,0.5136649117197716
1,3.795,3.285199393507497e-07,0.513326434084493
1,3.8,3.184909606836023e-07,0.5129886242647348
1,3.805,3.087653226343728e-07,0.512651480077968
1,3.81,2.993339454477795e-07,0.5123149993515013
1,3.815,2.901880179429789e-07,0.5119791799223026
1,3.82,2.8131898966224e-07,0.5116440196369042
1,3.825,2.72718563261446e-07,0.5113095163513552
1,3.83,2.643786871194766e-07,0.5109756679311745
1,3.835,2.562915481854747e-07,0.5106424722513907
1,3.84,2.484495650205509e-07,0.5103099271965533
1,3.845,2.408453809827875e-07,0.5099780306605491
1,3.85,2.334718576465844e-07,0.5096467805465408
1,3.855,2.263220684158451e-07,0.5093161747669198
1,3.86,2.193892923239069e-07,0.5089862112432705
1,3.865,2.12667008041505e-07,0.5086568879064478
1,3.87,2.061488880120135e-07,0.5083282026964904
1,3.875,1.998287927441234e-07,0.5080001535624782
1,3.88,1.937007652944191e-07,0.5076727384624846
1,3.885,1.877590259098852e-07,0.5073459553635302
1,3.89,1.819979668332387e-07,0.5070198022415732
1,3.895,1.764121472769809e-07,0.5066942770815838
1,3.9,1.709962884882631e-07,0.5063693778773856
1,3.905,1.657452689745673e-07,0.5060451026315643
1,3.91,1.606541198781159e-07,0.5057214493554234
1,3.915,1.557180204845071e-07,0.5053984160689401
1,3.92,1.509322938766123e-07,0.5050760008007976
1,3.925,1.46292402709014e-07,0.5047542015883986
1,3.93,1.417939450696468e-07,0.504433016477696
1,3.935,1.374326504847524e-07,0.5041124435231352
1,3.94,1.332043760427001e-07,0.5037924807876107
1,3.945,1.291051026319999e-07,0.5034731263424306
1,3.95,1.251309313063618e-07,0.503154378267386
1,3.955,1.212780797288608e-07,0.5028362346506748
1,3.96,1.175428787114014e-07,0.5025186935887692
1,3.965,1.139217688704615e-07,0.5022017531863713
1,3.97,1.104112973806617e-07,0.5018854115563705
1,3.975,1.070081148275433e-07,0.501569666819831
1,3.98,1.037089721637374e-07,0.5012545171060621
1,3.985,1.005107177210842e-07,0.5009399605524734
1,3.99,9.741029432023218e-08,0.5006259953044904
1,3.995,9.440473647124372e-08,0.5003126195155132
1,4,9.149116765610573e-08,0.4999998313468756
1,4.005,8.866679769949786e-08,0.4996876289678723
1,4.01,8.592892021387172e-08,0.4993760105557731
1,4.015,8.32749100973568e-08,0.4990649742956691
1,4.02,8.070222111884969e-08,0.4987545183804181
1,4.025,7.820838357564989e-08,0.4984446410106048
1,4.03,7.57910020205738e-08,0.4981353403945076
1,4.035,7.344775306627304e-08,0.4978266147481603
1,4.04,7.117638323846153e-08,0.4975184622952853
1,4.045,6.89747068865341e-08,0.4972108812671724
1,4.05,6.684060416505353e-08,0.4969038699026362
1,4.055,6.477201907477348e-08,0.4965974264479783
1,4.06,6.276695756383752e-08,0.4962915491569738
1,4.065,6.082348569200799e-08,0.4959862362909355
1,4.07,5.893972782920836e-08,0.4956814861185846
1,4.075,5.711386491286341e-08,0.4953772969159723
1,4.08,5.534413276067256e-08,0.4950736669664405
1,4.085,5.362882043311587e-08,0.494770594560586
1,4.09,5.196626864934864e-08,0.4944680779962822
1,4.095,5.035486824866498e-08,0.4941661155786955
1,4.1,4.879305868382279e-08,0.4938647056201444
1,4.105,4.727932656716235e-08,0.4935638464400493
1,4.11,4.581220426079107e-08,0.4932635363648959
1,4.115,4.439026850885653e-08,0.4929637737282044
1,4.12,4.3012139116516e-08,0.4926645568705843
1,4.125,4.167647765899612e-08,0.4923658841396777
1,4.13,4.038198622505737e-08,0.4920677538900464
1,4.135,3.912740620345381e-08,0.4917701644831337
1,4.14,3.791151710546488e-08,0.491473114287229
1,4.145,3.673313542377135e-08,0.4911766016774552
1,4.15,3.559111352957018e-08,0.4908806250358276
1,4.155,3.448433859064717e-08,0.4905851827511383
1,4.16,3.341173152475398e-08,0.4902902732188825
1,4.165,3.237224598659989e-08,0.4899958948412242
1,4.17,3.136486738491279e-08,0.4897020460269624
1,4.175,3.038861193165473e-08,0.4894087251915493
1,4.18,2.944252571905298e-08,0.4891159307571089
1,4.185,2.852568381576523e-08,0.4888236611523078
1,4.19,2.763718939487582e-08,0.4885319148123092
1,4.195,2.6776172888542e-08,0.4882406901787389
1,4.2,2.594179116803453e-08,0.487949985699658
1,4.205,2.513322675189635e-08,0.487659799829611
1,4.21,2.434968703252835e-08,0.487370131029578
1,4.215,2.35904035233158e-08,0.4870809777668703
1,4.22,2.285463113172646e-08,0.4867923385150956
1,4.225,2.214164745417463e-08,0.4865042117541256
1,4.23,2.145075209274538e-08,0.4862165959700835
1,4.235,2.07812659950191e-08,0.4859294896553997
1,4.24,2.01325308066421e-08,0.4856428913087069
1,4.245,1.95039082450068e-08,0.4853567994347725
1,4.25,1.889477949323218e-08,0.4850712125444676
1,4.255,1.830454461225248e-08,0.4847861291547355
1,4.26,1.773262197219309e-08,0.4845015477886078
1,4.265,1.7178447700649e-08,0.4842174669752238
1,4.27,1.664147514241358e-08,0.483933885249713
1,4.275,1.612117433831776e-08,0.483650801153152
1,4.28,1.561703152012471e-08,0.4833682132325339
1,4.285,1.512854862068361e-08,0.4830861200407434
1,4.29,1.465524280095044e-08,0.4828045201366001
1,4.295,1.41966459882414e-08,0.4825234120848179
1,4.3,1.375230442670308e-08,0.4822427944559083
1,4.305,1.332177824340803e-08,0.4819626658261489
1,4.31,1.290464102753419e-08,0.4816830247775546
1,4.315,1.250047942264223e-08,0.4814038698978647
1,4.32,1.21088927328494e-08,0.4811251997805945
1,4.325,1.172949253672942e-08,0.4808470130249426
1,4.33,1.136190231378184e-08,0.4805693082357272
1,4.335,1.100575708311507e-08,0.4802920840233582
1,4.34,1.066070305299257e-08,0.4800153390038085
1,4.345,1.032639728190641e-08,0.4797390717986282
1,4.350000000000001,1.000250734987747e-08,0.4794632810349643
1,4.355,9.688711036585316e-09,0.4791879653454538
1,4.36,9.384696010925486e-09,0.4789131233681836
1,4.365,9.090159530205945e-09,0.4786387537466634
1,4.37,8.804808148477064e-09,0.4783648551298022
1,4.375,8.528357434941757e-09,0.4780914261719474
1,4.38,8.260531699185978e-09,0.4778184655328513
1,4.385,8.001063723647762e-09,0.4775459718775812
1,4.39,7.749694505452265e-09,0.477273943876491
1,4.395,7.506173006082701e-09,0.4770023802051944
1,4.4,7.270255908872435e-09,0.4767312795445536
1,4.405,7.041707384823815e-09,0.4764606405807268
1,4.41,6.820298863093832e-09,0.4761904620050852
1,4.415,6.605808808936403e-09,0.4759207425141543
1,4.42,6.398022508967089e-09,0.4756514808095879
1,4.425,6.196731862920914e-09,0.4753826755981431
1,4.43,6.001735182275697e-09,0.475114325591691
1,4.435,5.812836995039264e-09,0.4748464295072384
1,4.44,5.629847854596566e-09,0.4745789860668301
1,4.445,5.452584155365753e-09,0.4743119939975107
1,4.45,5.280867954220236e-09,0.4740454520313011
1,4.455,5.114526797360135e-09,0.4737793589051766
1,4.46,4.953393553185832e-09,0.4735137133611028
1,4.465,4.797306249297203e-09,0.4732485141460066
1,4.47,4.646107913767048e-09,0.4729837600116942
1,4.475000000000001,4.499646422009212e-09,0.4727194497148243
1,4.48,4.357774348323308e-09,0.4724555820168844
1,4.485,4.220348822093841e-09,0.4721921556841804
1,4.49,4.087231388961538e-09,0.4719291694878793
1,4.495,3.958287874803761e-09,0.471666622203937
1,4.5,3.833388254123021e-09,0.4714045126130421
1,4.505,3.712406522810587e-09,0.4711428395005932
1,4.51,3.595220574778688e-09,0.4708816016566759
1,4.515,3.481712082667751e-09,0.4706207978760723
1,4.52,3.371766382255347e-09,0.4703604269582825
1,4.525,3.265272359271248e-09,0.470100487707435
1,4.53,3.162122340255883e-09,0.4698409789322526
1,4.535,3.062211986856342e-09,0.4695818994460302
1,4.54,2.965440193363188e-09,0.469323248066615
1,4.545,2.871708987809612e-09,0.4690650236164386
1,4.55,2.78092343555699e-09,0.468807224922494
1,4.555,2.692991545396275e-09,0.4685498508162584
1,4.56,2.607824178980099e-09,0.4682929001336698
1,4.565,2.525334963037311e-09,0.4680363717151051
1,4.57,2.44544020434857e-09,0.4677802644053699
1,4.575,2.368058807680785e-09,0.4675245770537389
1,4.58,2.293112195407332e-09,0.4672693085138911
1,4.585,2.220524229725732e-09,0.4670144576438576
1,4.59,2.150221137480867e-09,0.4667600233060009
1,4.595,2.08213143728583e-09,0.466506004366994
1,4.600000000000001,2.016185869054397e-09,0.4662523996978284
1,4.605,1.952317325748522e-09,0.4659992081738365
1,4.61,1.890460786547935e-09,0.4657464286746086
1,4.615,1.830553252413026e-09,0.4654940600839618
1,4.62,1.772533683690998e-09,0.4652421012899203
1,4.625,1.716342939643266e-09,0.464990551184696
1,4.63,1.661923720080677e-09,0.4647394086647192
1,4.635,1.609220508492038e-09,0.4644886726306187
1,4.64,1.55817951664924e-09,0.464238341987151
1,4.645,1.508748631188821e-09,0.4639884156431779
1,4.65,1.460877361844043e-09,0.4637388925116481
1,4.655,1.414516791310221e-09,0.4634897715095858
1,4.66,1.369619526864932e-09,0.4632410515581303
1,4.665,1.326139652997079e-09,0.4629927315824764
1,4.67,1.28403268556159e-09,0.4627448105118268
1,4.675,1.243255527481347e-09,0.4624972872793727
1,4.68,1.203766425809533e-09,0.4622501608222755
1,4.685,1.165524930215097e-09,0.4620034300816729
1,4.69,1.128491852789208e-09,0.4617570940027014
1,4.695,1.092629228690272e-09,0.4615111515344206
1,4.7,1.057900278200912e-09,0.4612656016297841
1,4.705,1.024269369996039e-09,0.4610204432456213
1,4.71,9.917019855467098e-10,0.4607756753426208
1,4.715,9.601646847673749e-10,0.460531296885357
1,4.72,9.296250725571889e-10,0.4602873068422744
1,4.725000000000001,9.000517662054311e-10,0.4600437041856217
1,4.73,8.714143639664362e-10,0.4598004878914324
1,4.735,8.436834146106028e-10,0.4595576569395063
1,4.74,8.168303879389828e-10,0.4593152103134007
1,4.745,7.908276463354286e-10,0.4590731470004653
1,4.75,7.656484169209344e-10,0.4588314659917907
1,4.755,7.412667646013298e-10,0.4585901662821629
1,4.76,7.176575660311414e-10,0.4583492468700462
1,4.765,6.947964843807881e-10,0.4581087067575658
1,4.77,6.726599449411942e-10,0.457868544950514
1,4.775,6.512251115137564e-10,0.4576287604583716
1,4.78,6.30469863293604e-10,0.4573893522942388
1,4.785,6.103727725834737e-10,0.4571503194748086
1,4.79,5.909130832233974e-10,0.4569116610203493
1,4.795,5.720706896900429e-10,0.4566733759546903
1,4.8,5.538261169274598e-10,0.4564354633052452
1,4.805,5.361605007115304e-10,0.4561979221030003
1,4.81,5.19055568518712e-10,0.4559607513824533
1,4.815,5.024936210848337e-10,0.4557239501815949
1,4.82,4.864575145396755e-10,0.4554875175418919
1,4.825,4.709306431084405e-10,0.45525145250828
1,4.83,4.55896922424954e-10,0.4550157541291952
1,4.835,4.413407732033582e-10,0.4547804214565282
1,4.84,4.272471054315026e-10,0.4545454535455823
1,4.845,4.13601303105309e-10,0.4543108494550571
1,4.850000000000001,4.00389209436277e-10,0.4540766082470329
1,4.855,3.875971125504847e-10,0.4538427289869763
1,4.86,3.752117316531131e-10,0.4536092107437608
1,4.865,3.632202034825097e-10,0.4533760525896041
1,4.87,3.516100692514864e-10,0.4531432536000424
1,4.875,3.403692620106514e-10,0.4529108128539155
1,4.88,3.294860944055093e-10,0.4526787294333528
1,4.885,3.189492468626794e-10,0.4524470024237952
1,4.89,3.087477560937614e-10,0.4522156309139854
1,4.895,2.98871003892812e-10,0.4519846139959114
1,4.9,2.89308706339859e-10,0.4517539507647897
1,4.905,2.800509033431899e-10,0.4515236403190502
1,4.91,2.710879485143406e-10,0.4512936817603279
1,4.915,2.624104994027781e-10,0.451064074193494
1,4.92,2.540095079434451e-10,0.4508348167266145
1,4.925,2.458762112081538e-10,0.4506059084709099
1,4.93,2.380021224756211e-10,0.4503773485407417
1,4.935,2.303790225794466e-10,0.4501491360535979
1,4.94,2.229989515438555e-10,0.4499212701300969
1,4.945,2.158542004945974e-10,0.4496937498940085
1,4.95,2.089373037394656e-10,0.4494665744721963
1,4.955,2.022410311338304e-10,0.4492397429945935
1,4.96,1.957583806944056e-10,0.4490132545941893
1,4.965,1.894825714439852e-10,0.4487871084070165
1,4.97,1.834070365073276e-10,0.4485613035721707
1,4.975000000000001,1.775254163955603e-10,0.4483358392318038
1,4.98,1.718315524611408e-10,0.4481107145310707
1,4.985,1.663194805911046e-10,0.4478859286181141
1,4.99,1.609834250991984e-10,0.4476614806440509
1,4.995,1.558177928127692e-10,0.4474373697629642
1,5,1.508171673706116e-10,0.4472135951319324
3,0,1,0
3,0.005,0.9999837235780318,0.00436273965966473
3,0.01,0.9999348952177708,0.008725351501044044
3,0.015,0.9998535176360686,0.01308770770807789
3,0.02,0.9997395953607354,0.01744968046915649
3,0.025,0.9995931347301301,0.0218111419793446
3,0.03,0.9994141438925834,0.02617196444260448
3,0.035,0.9992026328056578,0.03053202007401741
3,0.04,0.9989586132352427,0.03489118110200337
3,0.045,0.9986820987544842,0.03924931977053825
3,0.05,0.9983731047425507,0.04360630834136855
3,0.055,0.9980316483832345,0.04796201909622304
3,0.06,0.9976577486633885,0.05231632433902086
3,0.065,0.9972514263711958,0.0566690963980758
3,0.07000000000000001,0.9968127040942794,0.06102020762829628
3,0.075,0.9963416062176415,0.06536953041338082
3,0.08,0.9958381589214437,0.0697169371680085
3,0.08500000000000001,0.995302390178617,0.07406230034002388
3,0.09,0.9947343297523112,0.07840549241261621
3,0.095,0.9941340091931777,0.08274638590649247
3,0.1,0.9935014618364877,0.0870848533820438
3,0.105,0.9928367227990836,0.09142076744150494
3,0.11,0.9921398289761709,0.09575400073110603
3,0.115,0.991410819037938,0.1000844259432167
3,0.12,0.9906497334260169,0.1044119158184819
3,0.125,0.9898566143497758,0.1087363431479489
3,0.13,0.9890315057824487,0.1130575807751857
3,0.135,0.9881744534570991,0.1173755015983891
3,0.14,0.9872855048624196,0.1216899785724837
3,0.145,0.9863647092383651,0.1260008847112102
3,0.15,0.9854121175716239,0.1303080930892027
3,0.155,0.9844277825909249,0.1346114768440548
3,0.16,0.9834117587621741,0.1389109091783742
3,0.165,0.9823641022834345,0.143206263361825
3,0.17,0.9812848710797373,0.1474974127331571
3,0.175,0.9801741247977317,0.1517842307022234
3,0.18,0.9790319248001668,0.1560665907519822
3,0.185,0.9778583341602162,0.1603443664404874
3,0.19,0.9766534176556325,0.1646174314028626
3,0.195,0.9754172417627459,0.1688856593532615
3,0.2,0.9741498746502936,0.1731489240868123
3,0.205,0.9728513861730909,0.1774070994815462
3,0.21,0.9715218478655397,0.1816600595003096
3,0.215,0.9701613329349752,0.1859076781926595
3,0.22,0.9687699162548516,0.190149829696742
3,0.225,0.9673476743577686,0.1943863882411521
3,0.23,0.9658946854283379,0.1986172281467761
3,0.235,0.9644110292958895,0.2028422238286147
3,0.24,0.9628967874270219,0.2070612497975873
3,0.245,0.9613520429179954,0.2112741806623158
3,0.25,0.9597768804869642,0.2154808911308887
3,0.255,0.9581713864660605,0.2196812560126033
3,0.26,0.9565356487933181,0.2238751502196874
3,0.265,0.9548697570044468,0.2280624487689994
3,0.27,0.9531738022244517,0.2322430267837048
3,0.275,0.9514478771591057,0.2364167594949312
3,0.28,0.9496920760862708,0.2405835222433988
3,0.285,0.9479064948470716,0.244743190481028
3,0.29,0.9460912308369245,0.2488956397725215
3,0.295,0.9442463829964227,0.2530407457969223
3,0.3,0.9423720518020793,0.2571783843491446
3,0.305,0.9404683392569299,0.2613084313414807
3,0.31,0.9385353488809997,0.2654307628050795
3,0.315,0.9365731857016346,0.2695452548913996
3,0.32,0.9345819562436989,0.2736517838736334
3,0.325,0.9325617685196448,0.2777502261481044
3,0.33,0.9305127320194567,0.2818404582356347
3,0.335,0.9284349577004684,0.2859223567828856
3,0.34,0.9263285579770626,0.2899957985636659
3,0.345,0.9241936467102554,0.2940606604802116
3,0.35,0.9220303391971643,0.2981168195644355
3,0.355,0.9198387521603708,0.3021641529791443
3,0.36,0.917619003737179,0.3062025380192264
3,0.365,0.9153712134687707,0.3102318521128065
3,0.37,0.9130955022892709,0.3142519728223682
3,0.375,0.9107919925147182,0.3182627778458449
3,0.38,0.9084608078319557,0.3222641450176771
3,0.385,0.9061020732874395,0.3262559523098366
3,0.39,0.9037159152759758,0.3302380778328167
3,0.395,0.9013024615293935,0.334210399836588
3,0.4,0.8988618411051553,0.3381727967115214
3,0.405,0.8963941843749152,0.3421251469892748
3,0.41,0.8938996230130341,0.3460673293436473
3,0.415,0.8913782899850567,0.3499992225913963
3,0.42,0.8888303195361584,0.3539207056930214
3,0.425,0.8862558471795728,0.357831657753512
3,0.43,0.8836550096850094,0.3617319580230611
3,0.435,0.8810279450670667,0.365621485897742
3,0.44,0.8783747925736565,0.3695001209201501
3,0.445,0.8756956926744457,0.3733677427800105
3,0.45,0.8729907870493279,0.3772242313147497
3,0.455,0.8702602185769374,0.3810694665100332
3,0.46,0.8675041313232154,0.3849033285002668
3,0.465,0.8647226705300441,0.3887256975690668
3,0.47,0.8619159826039566,0.3925364541496925
3,0.475,0.8590842151049441,0.3963354788254488
3,0.48,0.8562275167353673,0.4001226523300528
3,0.485,0.8533460373289903,0.4038978555479696
3,0.49,0.8504399278401564,0.4076609695147151
3,0.495,0.847509340333112,0.4114118754171291
3,0.5,0.8445544279715056,0.4151504545936175
3,0.505,0.841575345008075,0.4188765885343669
3,0.51,0.8385722467745409,0.4225901588815285
3,0.515,0.8355452896717249,0.4262910474293782
3,0.52,0.8324946311599164,0.4299791361244493
3,0.525,0.829420429749503,0.4336543070656423
3,0.53,0.8263228449918899,0.4373164425043101
3,0.535,0.8232020374707282,0.4409654248443242
3,0.54,0.8200581687934761,0.4446011366421206
3,0.545,0.8168914015833143,0.44822346060673
3,0.55,0.8137018994714429,0.4518322795997914
3,0.555,0.810489827089783,0.4554274766355549
3,0.5600000000000001,0.8072553500641099,0.4590089348808732
3,0.5650000000000001,0.8039986350076432,0.4625765376551856
3,0.5700000000000001,0.8007198495151254,0.4661301684304993
3,0.5750000000000001,0.7974191621574108,0.4696697108313651
3,0.58,0.7940967424766019,0.4731950486348579
3,0.585,0.790752760981758,0.47670606577056
3,0.59,0.7873873891452078,0.4802026463205547
3,0.595,0.7840007993995004,0.4836846745194307
3,0.6,0.7805931651350223,0.4871520347543053
3,0.605,0.7771646606983208,0.4906046115648658
3,0.61,0.7737154613911615,0.4940422896434392
3,0.615,0.7702457434703587,0.4974649538350898
3,0.62,0.7667556841484133,0.500872489137755
3,0.625,0.763245461594997,0.5042647807024175
3,0.63,0.7597152549393165,0.5076417138333286
3,0.635,0.7561652442733964,0.51100317398828
3,0.64,0.7525956106563249,0.5143490467789379
3,0.645,0.7490065361194913,0.5176792179712407
3,0.65,0.745398203672867,0.5209935734858687
3,0.655,0.7417707973123597,0.5242919993987949
3,0.66,0.7381245020282919,0.5275743819419217
3,0.665,0.7344595038150352,0.5308406075038142
3,0.67,0.7307759896818524,0.5340905626305344
3,0.675,0.7270741476649819,0.5373241340265894
3,0.68,0.7233541668410112,0.5405412085559999
3,0.6850000000000001,0.7196162373415786,0.5437416732435002
3,0.6900000000000001,0.7158605503694522,0.5469254152758783
3,0.6950000000000001,0.7120872982160202,0.5500923220034672
3,0.7000000000000001,0.7082966742802461,0.5532422809417972
3,0.705,0.7044888730891213,0.5563751797734215
3,0.71,0.7006640903196653,0.5594909063499266
3,0.715,0.6968225228225124,0.5625893486941368
3,0.72,0.6929643686471291,0.5656703950025272
3,0.725,0.689089827068699,0.5687339336478612
3,0.73,0.685199098616721,0.5717798531820584
3,0.735,0.6812923851053566,0.574808042339315
3,0.74,0.6773698896655673,0.577818390039485
3,0.745,0.6734318167790811,0.5808107853917395
3,0.75,0.669478372314218,0.5837851176985185
3,0.755,0.665509763563619,0.5867412764597929
3,0.76,0.6615261992839042,0.5896791513776488
3,0.765,0.6575278897372978,0.5925986323612128
3,0.77,0.6535150467352416,0.595499609531937
3,0.775,0.6494878836840343,0.5983819732292595
3,0.78,0.6454466156325128,0.6012456140166585
3,0.785,0.6413914593218032,0.6040904226881195
3,0.79,0.6373226332371602,0.6069162902750344
3,0.795,0.6332403576619109,0.609723108053549
3,0.8,0.6291448547335149,0.6125107675523866
3,0.805,0.6250363485017567,0.6152791605611574
3,0.8100000000000001,0.6209150649890665,0.6180281791391814
3,0.8150000000000001,0.616781232252984,0.6207577156248442
3,0.8200000000000001,0.6126350804507499,0.6234676626455083
3,0.8250000000000001,0.6084768419060294,0.6261579131279993
3,0.8300000000000001,0.6043067511777499,0.6288283603096926
3,0.835,0.6001250451310403,0.6314788977502194
3,0.84,0.595931963010245,0.6341094193438206
3,0.845,0.5917277465139928,0.636719819332364
3,0.85,0.5875126398722811,0.6393099923190575
3,0.855,0.5832868899255371,0.6418798332828716
3,0.86,0.5790507462056113,0.6444292375937043
3,0.865,0.5748044610186503,0.6469581010283061
3,0.87,0.5705482895297886,0.6494663197869952
3,0.875,0.5662824898495915,0.651953790511181
3,0.88,0.5620073231221772,0.654420410301726
3,0.885,0.5577230536149301,0.6568660767381661
3,0.89,0.5534299488097207,0.6592906878988153
3,0.895,0.5491282794955286,0.6616941423817823
3,0.9,0.5448183198623618,0.6640763393269145
3,0.905,0.5405003475963516,0.6664371784387009
3,0.91,0.5361746439759034,0.6687765600101544
3,0.915,0.5318414939687612,0.6710943849476981
3,0.92,0.5275011863298467,0.673390554797077
3,0.925,0.5231540136997102,0.6756649717703186
3,0.93,0.5188002727034343,0.6779175387737632
3,0.9350000000000001,0.5144402640498127,0.6801481594371863
3,0.9400000000000001,0.5100742926306171,0.6823567381440342
3,0.9450000000000001,0.5057026676197566,0.6845431800627888
3,0.9500000000000001,0.5013257025721199,0.6867073911794824
3,0.9550000000000001,0.4969437155218845,0.6888492783313823
3,0.96,0.4925570290800775,0.6909687492418658
3,0.965,0.488165970531075,0.6930657125564617
3,0.97,0.4837708719279752,0.6951400778801816
3,0.975,0.479372070186334,0.6971917558160026
3,0.98,0.4749699071761821,0.699220658004629
3,0.985,0.4705647298119637,0.701226697165496
3,0.99,0.4661568901401238,0.7032097871390354
3,0.995,0.4617467454240326,0.7051698429302018
3,1,0.4573346582259423,0.707106780753273
3,1.005,0.4529209964856558,0.7090205180779233
3,1.01,0.4485061335955752,0.7109109736765719
3,1.015,0.444090448471791,0.7127780676730047
3,1.02,0.4396743256208643,0.7146217215922648
3,1.025,0.4352581552019485,0.7164418584118076
3,1.03,0.4308423330838914,0.7182384026139118
3,1.035,0.4264272608969504,0.7200112802393366
3,1.04,0.4220133460787378,0.7217604189422074
3,1.045,0.4176010019140259,0.7234857480461157
3,1.05,0.4131906475680274,0.7251871986014151
3,1.055,0.4087827081127675,0.7268647034436897
3,1.06,0.404377614546152,0.7285181972533704
3,1.065,0.3999758038033491,0.7301476166164654
3,1.07,0.3955777187600846,0.7317529000863791
3,1.075,0.3911838082274739,0.7333339882467791
3,1.08,0.3867945269379983,0.7348908237754783
3,1.085,0.3824103355222386,0.7364233515092815
3,1.09,0.3780317004759841,0.7379315185097539
3,1.095,0.3736590941173517,0.7394152741298633
3,1.1,0.3692929945335431,0.7408745700814401
3,1.105,0.3649338855168904,0.7423093605034002
3,1.11,0.3605822564898254,0.743719602030664
3,1.115,0.3562386024184513,0.7451052538637106
3,1.12,0.3519034237143881,0.746466277838698
3,1.125,0.3475772261245924,0.7478026384980749
3,1.13,0.34326052060885,0.7491143031616099
3,1.135,0.3389538232046695,0.75040124199775
3,1.14,0.3346576548793234,0.7516634280952325
3,1.145,0.3303725413688148,0.7529008375348555
3,1.15,0.3260990130035498,0.7541134494613213
3,1.155,0.3218376045205358,0.7553012461550485
3,1.16,0.3175888548619394,0.7564642131038567
3,1.165,0.3133533069598872,0.7576023390744231
3,1.17,0.3091315075074026,0.7587156161833992
3,1.175,0.3049240067154125,0.7598040399680862
3,1.18,0.3007313580557791,0.7608676094565426
3,1.185,0.2965541179903587,0.761906327237018
3,1.19,0.2923928456861238,0.7629201995265906
3,1.195,0.2882481027164178,0.7639092362388875
3,1.2,0.2841204527484488,0.7648734510507629
3,1.205,0.2800104612171578,0.7658128614678043
3,1.21,0.2759186949856637,0.766727488888541
3,1.215,0.2718457219925064,0.7676173586672256
3,1.22,0.2677921108859626,0.7684825001750533
3,1.225,0.2637584306457343,0.7693229468596878
3,1.23,0.2597452501923712,0.7701387363029545
3,1.235,0.2557531379848259,0.7709299102765699
3,1.24,0.2517826616065874,0.7716965147957729
3,1.245,0.2478343873408719,0.7724386001707197
3,1.25,0.2439088797353975,0.7731562210555036
3,1.255,0.2400067011573159,0.77384943649467
3,1.26,0.2361284113389219,0.7745183099670888
3,1.265,0.2322745669147898,0.7751629094270572
3,1.27,0.2284457209510422,0.7757833073424953
3,1.275,0.2246424224674699,0.7763795807301075
3,1.28,0.2208652159533005,0.7769518111873835
3,1.285,0.2171146408774144,0.7775000849213182
3,1.29,0.2133912311938765,0.7780244927737281
3,1.295,0.2096955148436509,0.7785251302430504
3,1.3,0.2060280132533766,0.7790020975024887
3,1.305,0.2023892408322609,0.7794554994144514
3,1.31,0.198779704467947,0.7798854455411249
3,1.315,0.1951999030223739,0.7802920501510927
3,1.32,0.1916503268287342,0.7806754322219516
3,1.325,0.1881314571904603,0.7810357154387847
3,1.33,0.1846437658833218,0.7813730281884238
3,1.335,0.1811877146617749,0.7816875035494668
3,1.34,0.1777637547705355,0.7819792792779308
3,1.345,0.1743723264625003,0.7822484977884983
3,1.35,0.1710138585241567,0.7824953061313402
3,1.355,0.1676887678094737,0.7827198559644176
3,1.36,0.1643974587833955,0.7829223035212528
3,1.365,0.1611403230760561,0.7831028095741651
3,1.37,0.1579177390486874,0.7832615393929072
3,1.375,0.1547300713723174,0.7833986626987192
3,1.38,0.1515776706203029,0.7835143536138154
3,1.385,0.1484608728756376,0.7836087906062726
3,1.39,0.145379999354051,0.7836821564303675
3,1.395,0.1423353560438555,0.7837346380623927
3,1.4,0.1393272333633999,0.7837664266319657
3,1.405,0.1363559058370468,0.783777717348895
3,1.41,0.1334216317904954,0.7837687094256652
3,1.415,0.1305246530662142,0.7837396059955828
3,1.42,0.1276651947597492,0.7836906140266793
3,1.425,0.1248434649775872,0.7836219442314534
3,1.43,0.1220596546172023,0.7835338109725321
3,1.435,0.1193139371698781,0.783426432164368
3,1.44,0.1166064685468202,0.7833000291710809
3,1.445,0.1139373869290248,0.7831548267005559
3,1.45,0.1113068126413063,0.7829910526949395
3,1.455,0.1087148480508084,0.7828089382176575
3,1.46,0.1061615774902943,0.7826087173371097
3,1.465,0.1036470672064041,0.7823906270071879
3,1.47,0.1011713653330147,0.7821549069447726
3,1.475,0.09873450188980523,0.7819017995043861
3,1.48,0.09633648880600289,0.7816315495501637
3,1.485,0.09397731996924573,0.7813444043253164
3,1.49,0.09165697129947507,0.7810406133192906
3,1.495,0.08937540084761236,0.780720428132789
3,1.5,0.08713254891877069,0.7803841023408475
3,1.505,0.08492833821971869,0.7800318913541936
3,1.51,0.08276267403014675,0.7796640522790466
3,1.515,0.0806354443973054,0.7792808437755793
3,1.52,0.07854652035355358,0.77888252591527
3,1.525,0.07649575615617206,0.7784693600373088
3,1.53,0.07448298954885897,0.7780416086042883
3,1.535,0.07250804204426714,0.7775995350574114
3,1.54,0.07057071922678387,0.7771434036713778
3,1.545,0.06867081107482409,0.7766734794091833
3,1.55,0.0668080923018556,0.7761900277770672
3,1.555,0.0649823227152168,0.7756933146797551
3,1.56,0.06319324759189149,0.7751836062762402
3,1.565,0.06144059807033635,0.7746611688363269
3,1.57,0.05972409155731902,0.7741262685980703
3,1.575,0.05804343214885274,0.7735791716263583
3,1.58,0.05639831106423018,0.7730201436728419
3,1.585,0.05478840709204947,0.7724494500373327
3,1.59,0.05321338704726637,0.7718673554309108
3,1.595,0.05167290623821966,0.7712741238409272
3,1.6,0.05016660894248842,0.7706700183980004
3,1.605,0.04869412889060033,0.7700553012452479
3,1.61,0.04725508975650833,0.7694302334099029
3,1.615,0.04584910565370083,0.7687950746774028
3,1.62,0.04447578163597487,0.7681500834681766
3,1.625,0.04313471420179655,0.7674955167172512
3,1.63,0.04182549180114764,0.7668316297567426
3,1.635,0.04054769534392946,0.7661586762014472
3,1.64,0.03930089870888201,0.7654769078376167
3,1.645,0.03808466925198344,0.764786574514964
3,1.65,0.03689856831346175,0.7640879240420989
3,1.655,0.03574215172244218,0.7633812020854398
3,1.66,0.03461497029827967,0.7626666520716309
3,1.665,0.03351657034779675,0.7619445150936452
3,1.67,0.03244649415752855,0.7612150298205801
3,1.675,0.03140428048013826,0.7604784324111596
3,1.68,0.03038946501431712,0.7597349564311023
3,1.685,0.0294015808773755,0.7589848327743235
3,1.69,0.02844015906980824,0.7582282895879725
3,1.695,0.02750472893125861,0.7574655522014396
3,1.7,0.02659481858720215,0.7566968430592677
3,1.705,0.02570995538576213,0.7559223816579531
3,1.71,0.02484966632419784,0.7551423844867511
3,1.715,0.02401347846450795,0.7543570649723833
3,1.72,0.02320091933769522,0.7535666334276273
3,1.725,0.02241151733634862,0.7527712970038714
3,1.73,0.02164480209511225,0.7519712596475095
3,1.735,0.02090030485871758,0.7511667220601459
3,1.74,0.02017755883735059,0.7503578816626664
3,1.745,0.01947609954904557,0.749544932563029
3,1.75,0.01879546514890978,0.7487280655277371
3,1.755,0.01813519674505755,0.747907467957025
3,1.76,0.01749483870106585,0.7470833238635947
3,1.765,0.01687393892487059,0.746255813854855
3,1.77,0.0162720491440846,0.7454251151186785
3,1.775,0.01568872516765695,0.7445914014124915
3,1.78,0.01512352713390153,0.7437548430556564
3,1.785,0.01457601974496142,0.7429156069251271
3,1.79,0.01404577248773245,0.7420738564541961
3,1.795,0.01353235984136206,0.7412297516342818
3,1.8,0.01303536147147043,0.7403834490197249
3,1.805,0.01255436241120226,0.7395351017353995
3,1.81,0.0120889532293042,0.7386848594870965
3,1.815,0.01163873018543904,0.7378328685746227
3,1.82,0.01120329537291844,0.7369792719074276
3,1.825,0.01078225684911231,0.7361242090227123
3,1.83,0.01037522875379747,0.7352678161059503
3,1.835,0.009981831415687243,0.7344102260136378
3,1.84,0.009601691447447372,0.7335515682982279
3,1.845,0.009234441829501151,0.7326919692351653
3,1.85,0.008879721982910357,0.7318315518518502
3,1.855,0.008537177831671768,0.730970435958483
3,1.86,0.008206461854759328,0.7301087381807045
3,1.865,0.007887233128231162,0.7292465719938601
3,1.87,0.00757915735776213,0.7283840477588532
3,1.875,0.007281906901948964,0.7275212727594875
3,1.88,0.006995160786726407,0.7266583512411438
3,1.885,0.006718604711265785,0.7257953844507573
3,1.89,0.006451931045708651,0.7249324706779928
3,1.895,0.006194838821084138,0.7240697052974746
3,1.9,0.005947033711779785,0.7232071808120432
3,1.905,0.005708228010918175,0.7223449868969323
3,1.91,0.005478140598986034,0.7214832104447394
3,1.915,0.005256496906078107,0.7206219356111638
3,1.92,0.005043028868098049,0.7197612438614081
3,1.925,0.00483747487725539,0.7189012140171281
3,1.93,0.004639579727205048,0.7180419223039173
3,1.935,0.004449094553155101,0.7171834423991993
3,1.94,0.004265776767271597,0.7163258454804795
3,1.945,0.004089389989699209,0.7154692002738759
3,1.95,0.003919703975510541,0.7146135731028707
3,1.955,0.003756494537888155,0.7137590279372067
3,1.96,0.003599543467836462,0.7129056264418748
3,1.965,0.003448638450711914,0.7120534280261246
3,1.97,0.003303572979851808,0.7112024898924459
3,1.975,0.00316414626757303,0.7103528670854654
3,1.98,0.003030163153803231,0.7095046125407046
3,1.985,0.002901434012597919,0.7086577771331478
3,1.99,0.00277777465678789,0.7078124097255756
3,1.995,0.002659006240992096,0.7069685572166158
3,2,0.002544955163221869,0.7061262645884737
3,2.005,0.002435452965292963,0.7052855749542966
3,2.01,0.002330336232252909,0.7044465296051363
3,2.015,0.002229446491021633,0.7036091680564756
3,2.02,0.00213263010843434,0.7027735280942824
3,2.025,0.00203973818886648,0.7019396458205668
3,2.03,0.001950626471611651,0.7011075556984055
3,2.035,0.00186515522817451,0.7002772905964094
3,2.04,0.001783189159631948,0.6994488818326101
3,2.045,0.001704597294207392,0.6986223592177427
3,2.05,0.001629252885194531,0.6977977510979041
3,2.055,0.001557033309358718,0.6969750843965672
3,2.06,0.00148781996593634,0.6961543846559352
3,2.065,0.001421498176344293,0.695335676077621
3,2.07,0.001357957084704492,0.6945189815626378
3,2.075,0.001297089559280973,0.6937043227506889
3,2.08,0.001238792094919903,0.692891720058746
3,2.085,0.001182964716575779,0.692081192718908
3,2.09,0.001129510884000719,0.6912727588155324
3,2.095,0.001078337397667043,0.6904664353216341
3,2.1,0.00102935430598734,0.6896622381345471
3,2.105,0.0009824748138901388,0.6888601821108437
3,2.11,0.0009376151928036247,0.6880602811005122
3,2.115,0.0008946946920941111,0.6872625479803904
3,2.12,0.0008536354520013485,0.6864669946868548
3,2.125,0.0008143624181071449,0.6856736322477671
3,2.13,0.0007768032573693402,0.684882470813679
3,2.135,0.0007408882757483959,0.6840935196883001
3,2.14,0.0007065503374497289,0.6833067873582326
3,2.145,0.0006737247858006372,0.682522281521973
3,2.15,0.0006423493657770025,0.6817400091181941
3,2.155,0.0006123641481911435,0.6809599763533064
3,2.16,0.0005837114555484394,0.6801821887283092
3,2.165,0.0005563357895776782,0.679406651064937
3,2.17,0.0005301837604367083,0.6786333675311106
3,2.175,0.0005052040175920424,0.6778623416656995
3,2.18,0.0004813471823684363,0.6770935764026066
3,2.185,0.00045856578216193,0.6763270740941825
3,2.19,0.0004368141863075517,0.6755628365339797
3,2.195,0.0004160485435906678,0.6748008649788578
3,2.2,0.0003962267213890294,0.6740411601704489
3,2.205,0.0003773082464304129,0.6732837223559932
3,2.21,0.0003592542471493844,0.6725285513085582
3,2.215,0.0003420273976251447,0.6717756463466488
3,2.22,0.000325591863080785,0.6710250063532236
3,2.225,0.0003099132469230805,0.6702766297941258
3,2.23,0.0002949585393007493,0.6695305147359423
3,2.235,0.000280696067158076,0.6687866588633
3,2.24,0.0002670954457598348,0.6680450594956154
3,2.245,0.0002541275316626746,0.6673057136033052
3,2.25,0.000241764377107233,0.6665686178234709
3,2.255,0.0002299791858046596,0.6658337684750706
3,2.26,0.0002187462700909108,0.6651011615735876
3,2.265,0.0002080410094214761,0.6643707928452099
3,2.27,0.0001978398101788653,0.6636426577405309
3,2.275,0.0001881200667649174,0.6629167514477828
3,2.28,0.0001788601239497333,0.6621930689056169
3,2.285,0.0001700392404488924,0.6614716048154382
3,2.29,0.0001616375537005199,0.6607523536533096
3,2.295,0.0001536360458137315,0.6600353096814354
3,2.3,0.0001460165106598253,0.6593204669592345
3,2.305,0.0001387615220779875,0.6586078193540158
3,2.31,0.0001318544031671754,0.6578973605512662
3,2.315,0.0001252791966360264,0.6571890840645623
3,2.32,0.0001190206361828439,0.6564829832451161
3,2.325,0.0001130641188779472,0.655779051290966
3,2.33,0.0001073956785209535,0.6550772812558218
3,2.335,0.0001020019599458368,0.6543776660575764
3,2.34,9.687019424699773e-05,0.6536801984864916
3,2.345,9.198817489975604e-05,0.6529848712130693
3,2.35,8.734423474926241e-05,0.6522916767956168
3,2.355,8.29272238421556e-05,0.6516006076875169
3,2.36,7.872648807567424e-05,0.6509116562442105
3,2.365,7.473184863936817e-05,0.6502248147299025
3,2.37,7.09335822250144e-05,0.6495400753239976
3,2.375,6.732240198079575e-05,0.6488574301272786
3,2.38,6.388943918627028e-05,0.6481768711678298
3,2.385,6.062622562515756e-05,0.64749839040672
3,2.39,5.752467663339019e-05,0.6468219797434485
3,2.395,5.457707480038627e-05,0.6461476310211638
3,2.4,5.177605430209333e-05,0.6454753360316625
3,2.405,4.911458584473889e-05,0.6448050865201768
3,2.41,4.658596219875804e-05,0.6441368741899564
3,2.415,4.418378430286773e-05,0.6434706907066526
3,2.42,4.190194791875771e-05,0.6428065277025127
3,2.425,3.97346308173668e-05,0.6421443767803879
3,2.43,3.767628047821874e-05,0.6414842295175665
3,2.435,3.572160228377258e-05,0.6408260774694344
3,2.44,3.386554819118976e-05,0.64016991217297
3,2.445,3.210330586450924e-05,0.6395157251500813
3,2.45,3.043028825063102e-05,0.6388635079107878
3,2.455,2.884212358299297e-05,0.6382132519562582
3,2.46,2.733464579729151e-05,0.6375649487817026
3,2.465,2.590388534407089e-05,0.6369185898791303
3,2.47,2.454606038345038e-05,0.6362741667399759
3,2.475,2.325756834771512e-05,0.6356316708575976
3,2.48,2.203497785793949e-05,0.6349910937296557
3,2.485,2.087502098120199e-05,0.6343524268603726
3,2.49,1.977458581543246e-05,0.6337156617626806
3,2.495,1.873070938933617e-05,0.6330807899602618
3,2.5,1.774057086522058e-05,0.632447802989485
3,2.505,1.680148503296692e-05,0.6318166924012414
3,2.51,1.59108960837716e-05,0.631187449762686
3,2.515,1.50663716526672e-05,0.630560066658887
3,2.52,1.426559711920162e-05,0.6299345346943863
3,2.525,1.35063701560264e-05,0.6293108454946768
3,2.53,1.278659551547578e-05,0.6286889907075974
3,2.535,1.210428004457361e-05,0.6280689620046513
3,2.54,1.145752791926515e-05,0.627450751082248
3,2.545,1.084453608896902e-05,0.6268343496628757
3,2.55,1.026358992286892e-05,0.6262197494962045
3,2.555,9.71305904967639e-06,0.6256069423601253
3,2.56,9.191393382894599e-06,0.6249959200617234
3,2.565,8.697119323906668e-06,0.6243866744381955
3,2.57,8.228836135496859e-06,0.6237791973577066
3,2.575,7.785212478683934e-06,0.6231734807201939
3,2.58,7.364983106000857e-06,0.6225695164581163
3,2.585,6.966945704643584e-06,0.621967296537155
3,2.59,6.58995788314149e-06,0.6213668129568649
3,2.595,6.232934295445441e-06,0.6207680577512819
3,2.6,5.894843896566965e-06,0.6201710229894845
3,2.605,5.574707324128864e-06,0.6195757007761149
3,2.61,5.271594400407276e-06,0.61898208325186
3,2.615,4.984621749658426e-06,0.6183901625938938
3,2.62,4.712950525730881e-06,0.6177999310162844
3,2.625,4.455784245148708e-06,0.617211380770365
3,2.63,4.212366721062203e-06,0.6166245041450729
3,2.635,3.981980093640684e-06,0.6160392934672561
3,2.64,3.763942952656618e-06,0.6154557411019509
3,2.645,3.557608548185089e-06,0.6148738394526302
3,2.65,3.36236308550879e-06,0.6142935809614252
3,2.655,3.177624100479064e-06,0.6137149581093204
3,2.66,3.002838911738089e-06,0.6131379634163254
3,2.665,2.837483146357639e-06,0.6125625894416221
3,2.67,2.681059335587783e-06,0.6119888287836905
3,2.675,2.533095577550101e-06,0.6114166740804121
3,2.68,2.393144263848821e-06,0.6108461180091543
3,2.685,2.260780867193451e-06,0.6102771532868355
3,2.69,2.135602787251843e-06,0.6097097726699721
3,2.695,2.017228252071209e-06,0.6091439689547081
3,2.7,1.905295272518386e-06,0.6085797349768298
3,2.705,1.799460647300223e-06,0.608017063611763
3,2.71,1.699399016230524e-06,0.6074559477745572
3,2.715,1.604801959510492e-06,0.6068963804198569
3,2.72,1.515377140883063e-06,0.6063383545418565
3,2.725,1.430847492623364e-06,0.6057818631742465
3,2.73,1.35095044041055e-06,0.6052268993901457
3,2.735,1.275437166213635e-06,0.6046734563020235
3,2.74,1.204071907406303e-06,0.6041215270616119
3,2.745,1.136631290405046e-06,0.6035711048598071
3,2.75,1.072903697200687e-06,0.6030221829265632
3,2.755,1.01268866322643e-06,0.6024747545307751
3,2.76,9.557963050757583e-07,0.6019288129801569
3,2.765,9.020467766347829e-07,0.6013843516211037
3,2.77,8.51269752325013e-07,0.6008413638385639
3,2.775,8.033039361258026e-07,0.6002998430559052
3,2.78,7.579965949971629e-07,0.599759782734718
3,2.785,7.152031158400439e-07,0.5992211763746801
3,2.79,6.747865847680832e-07,0.5986840175134609
3,2.795,6.366173870403928e-07,0.5981482997263837
3,2.8,6.005728280148124e-07,0.5976140166265071
3,2.805,5.665367721206371e-07,0.5970811618641388
3,2.81,5.343993013030109e-07,0.5965497291269831
3,2.815,5.040563896039373e-07,0.596019712139647
3,2.82,4.754095952561809e-07,0.5954911046637054
3,2.825,4.483657677091813e-07,0.5949639004973376
3,2.83,4.228367699932488e-07,0.5944380934752074
3,2.835,3.987392151681059e-07,0.5939136774682946
3,2.84,3.759942160344785e-07,0.5933906463835676
3,2.845,3.545271481299334e-07,0.5928689941639943
3,2.85,3.342674242467043e-07,0.5923487147880644
3,2.855,3.151482812727247e-07,0.5918298022698877
3,2.86,2.971065772772755e-07,0.591312250658689
3,2.865,2.800825997123857e-07,0.590796054038856
3,2.87,2.640198830248903e-07,0.5902812065295415
3,2.875,2.488650360239652e-07,0.5897677022845529
3,2.88,2.345675780827806e-07,0.5892555354921354
3,2.885,2.210797837742342e-07,0.5887447003746691
3,2.89,2.083565358245738e-07,0.5882351911886308
3,2.895,1.96355185370371e-07,0.5877270022241388
3,2.9,1.850354199403135e-07,0.5872201278050183
3,2.905,1.743591378888171e-07,0.5867145622883023
3,2.91,1.642903298175091e-07,0.5862103000642721
3,2.915,1.547949658803304e-07,0.585707335556044
3,2.92,1.458408892359811e-07,0.5852056632194759
3,2.925,1.373977149958461e-07,0.5847052775429187
3,2.93,1.2943673448812e-07,0.5842061730469463
3,2.935,1.219308246857901e-07,0.5837083442842796
3,2.94,1.148543622263242e-07,0.5832117858393672
3,2.945,1.08183142230782e-07,0.5827164923284209
3,2.95,1.018943011558487e-07,0.5822224583989403
3,2.955,9.596624399948079e-08,0.5817296787297463
3,2.96,9.037857515795794e-08,0.5812381480305677
3,2.965,8.511203312305671e-08,0.5807478610419661
3,2.97,8.014842857186487e-08,0.5802588125350683
3,2.975,7.547058577987219e-08,0.5797709973113314
3,2.98,7.106228721455718e-08,0.5792844102024398
3,2.985,6.69082209979413e-08,0.5787990460699355
3,2.99,6.299393130126457e-08,0.5783148998051726
3,2.995,5.930577130854508e-08,0.5778319663289988
3,3,5.583085877091583e-08,0.5773502405916255
3,3.005,5.255703391031406e-08,0.5768697175723563
3,3.01,4.947281963044781e-08,0.5763903922794452
3,3.015,4.656738384790445e-08,0.575912259749859
3,3.02,4.383050387058219e-08,0.5754353150490757
3,3.025,4.125253271245606e-08,0.5749595532709222
3,3.03,3.882436721192907e-08,0.5744849695373163
3,3.035,3.653741790812366e-08,0.5740115589981325
3,3.04,3.438358053093704e-08,0.5735393168309619
3,3.045,3.235520905420616e-08,0.5730682382409277
3,3.05,3.04450902196343e-08,0.5725983184605181
3,3.055,2.864641943615654e-08,0.5721295527493424
3,3.06,2.695277801596752e-08,0.5716619363939993
3,3.065,2.535811163672068e-08,0.5711954647078412
3,3.07,2.385670999439204e-08,0.5707301330308024
3,3.075,2.244318757096904e-08,0.5702659367292305
3,3.08,2.111246544909914e-08,0.569802871195654
3,3.085,1.985975414067367e-08,0.5693409318486564
3,3.09,1.868053734552691e-08,0.5688801141326433
3,3.095,1.75705566150296e-08,0.5684204135176841
3,3.1,1.652579685906666e-08,0.5679618254993409
3,3.105,1.55424726484672e-08,0.5675043455984502
3,3.11,1.461701528479539e-08,0.5670479693610008
3,3.115,1.374606057457206e-08,0.5665926923579039
3,3.12,1.292643728965326e-08,0.5661385101848498
3,3.125,1.215515626447494e-08,0.565685418462133
3,3.13,1.142940009655373e-08,0.5652334128344489
3,3.135,1.07465134218086e-08,0.564782488970712
3,3.14,1.010399374991364e-08,0.5643326425641338
3,3.145,9.499482751049605e-09,0.5638838693314925
3,3.15,8.930758111114526e-09,0.5634361650135269
3,3.155,8.395725788880585e-09,0.5629895253746247
3,3.16,7.892412701945795e-09,0.5625439462023947
3,3.165,7.418959852163527e-09,0.5620994233077139
3,3.17,6.973615832031151e-09,0.5616559525247529
3,3.175,6.554730665545608e-09,0.5612135297104557
3,3.18,6.160750018659598e-09,0.5607721507444202
3,3.185,5.790209748440839e-09,0.5603318115290856
3,3.19,5.441730727886511e-09,0.5598925079892917
3,3.195,5.114013972220118e-09,0.5594542360719996
3,3.2,4.80583605773606e-09,0.5590169917464426
3,3.205,4.516044783758085e-09,0.5585807710039374
3,3.21,4.243555071775875e-09,0.5581455698574582
3,3.215,3.987345113472915e-09,0.5577113843416455
3,3.22,3.746452737483706e-09,0.5572782105128817
3,3.225,3.519971963457924e-09,0.5568460444488054
3,3.23,3.307049764053307e-09,0.5564148822481668
3,3.235,3.106883019486114e-09,0.555984720031011
3,3.24,2.918715628805637e-09,0.5555555539383091
3,3.245,2.74183578893171e-09,0.5551273801316662
3,3.25,2.575573439017498e-09,0.5547001947934362
3,3.255,2.419297843888227e-09,0.55427399412661
3,3.26,2.272415308899939e-09,0.5538487743543934
3,3.265,2.134367034694903e-09,0.5534245317201832
3,3.27,2.004627096503943e-09,0.5530012624876808
3,3.275,1.882700527983406e-09,0.5525789629404443
3,3.28,1.768121521068958e-09,0.5521576293817249
3,3.285,1.660451734431891e-09,0.551737258134637
3,3.29,1.559278690701364e-09,0.5513178455418621
3,3.295,1.464214266322344e-09,0.550899387965343
3,3.3,1.37489327417532e-09,0.5504818817863696
3,3.305,1.290972125238761e-09,0.550065323405529
3,3.31,1.212127562685379e-09,0.5496497092422949
3,3.315,1.138055474046721e-09,0.5492350357349765
3,3.32,1.068469773714715e-09,0.5488212993408531
3,3.325,1.003101343635813e-09,0.5484084965357746
3,3.33,9.41697038210171e-10,0.5479966238139781
3,3.335,8.840187500013694e-10,0.5475856776882401
3,3.34,8.298425255106621e-10,0.5471756546896498
3,3.345,7.789577317518644e-10,0.5467665513672961
3,3.35,7.311662745184023e-10,0.5463583642883215
3,3.355,6.862818612775916e-10,0.5459510900379267
3,3.36,6.441293038107903e-10,0.5455447252189759
3,3.365,6.045438641180254e-10,0.5451392664519223
3,3.37,5.673706397240094e-10,0.5447347103749535
3,3.375,5.324639813197712e-10,0.5443310536436416
3,3.38,4.996869456496452e-10,0.5439282929307458
3,3.385,4.689107822241899e-10,0.5435264249263415
3,3.39,4.40014448141507e-10,0.5431254463376577
3,3.395,4.128841505981111e-10,0.5427253538887616
3,3.4,3.874129180174055e-10,0.542326144320583
3,3.405,3.635001962063879e-10,0.5419278143909615
3,3.41,3.410514662440428e-10,0.5415303608742751
3,3.415,3.199778861824005e-10,0.5411337805613431
3,3.42,3.00195954653631e-10,0.5407380702595747
3,3.425,2.816271924094924e-10,0.5403432267926706
3,3.43,2.641978430638804e-10,0.539949247000413
3,3.435,2.478385925341146e-10,0.5395561277387708
3,3.44,2.324843041873968e-10,0.5391638658797949
3,3.445,2.180737689999974e-10,0.5387724583113035
3,3.45,2.045494714601533e-10,0.5383819019368812
3,3.455,1.918573694128759e-10,0.537992193675958
3,3.46,1.799466857547903e-10,0.5376033304634634
3,3.465,1.687697131455142e-10,0.5372153092497151
3,3.47,1.582816308148706e-10,0.5368281270005566
3,3.475,1.484403312907613e-10,0.5364417806971168
3,3.48,1.392062575190262e-10,0.5360562673355862
3,3.485,1.305422502581639e-10,0.5356715839272981
3,3.49,1.224134042047631e-10,0.5352877274986759
3,3.495,1.147869322217087e-10,0.5349046950909241
3,3.5,1.076320381752941e-10,0.534522483760002
3,3.505,1.009197974858091e-10,0.5341410905767267
3,3.51,9.462304412758967e-11,0.5337605126264575
3,3.515,8.871626469512143e-11,0.53338074700897
3,3.52,8.31754991065117e-11,0.5330017908385817
3,3.525,7.797824677962509e-11,0.5326236412439624
3,3.53,7.310337839799585e-11,0.532246295367905
3,3.535,6.853105329027293e-11,0.5318697503673805
3,3.54,6.424264163771709e-11,0.5314940034135303
3,3.545,6.0220651038474e-11,0.5311190516913648
3,3.55,5.644865775186624e-11,0.530744892399719
3,3.555,5.291124218096479e-11,0.5303715227513671
3,3.56,4.959392786131637e-11,0.5299989399727422
3,3.565,4.648312425880471e-11,0.5296271413037957
3,3.57,4.356607318903544e-11,0.5292561239981097
3,3.575,4.083079824576815e-11,0.5288858853227559
3,3.58,3.826605721994909e-11,0.5285164225580606
3,3.585,3.586129756863842e-11,0.5281477329976378
3,3.59,3.360661453934573e-11,0.5277798139484169
3,3.595,3.149271162990473e-11,0.5274126627303547
3,3.6,2.951086357786528e-11,0.5270462766763744
3,3.605,2.765288166326269e-11,0.5266806531324827
3,3.61,2.591108091566264e-11,0.5263157894575295
3,3.615,2.427824936083219e-11,0.5259516830230548
3,3.62,2.274761923297973e-11,0.5255883312133832
3,3.625,2.131283983544166e-11,0.5252257314255288
3,3.63,1.996795199390574e-11,0.5248638810689576
3,3.635,1.870736415779514e-11,0.5245027775656008
3,3.64,1.75258299539661e-11,0.5241424183499089
3,3.645,1.641842698961649e-11,0.5237828008685821
3,3.65,1.538053701440431e-11,0.5234239225804942
3,3.655,1.440782733763629e-11,0.5230657809568064
3,3.66,1.349623327829387e-11,0.5227083734807683
3,3.665,1.26419417005425e-11,0.5223516976475533
3,3.67,1.184137561061726e-11,0.5219957509643347
3,3.675,1.109117965322139e-11,0.5216405309502322
3,3.68,1.038820645258223e-11,0.5212860351360756
3,3.685,9.729503839550206e-12,0.5209322610643972
3,3.69,9.112302868462412e-12,0.5205792062895087
3,3.695,8.534006501175808e-12,0.5202268683772509
3,3.7,7.992179017128686e-12,0.5198752449049056
3,3.705,7.484536100558529e-12,0.5195243334613012
3,3.71,7.008935486879695e-12,0.5191741316466537
3,3.715,6.563368183598615e-12,0.5188246370723946
3,3.72,6.145950261530121e-12,0.5184758473612268
3,3.725,5.75491513479093e-12,0.518127760147108
3,3.73,5.388606287298287e-12,0.517780373075019
3,3.735,5.045470473199742e-12,0.5174336838009383
3,3.74,4.724051344262665e-12,0.5170876899919326
3,3.745,4.422983433303567e-12,0.5167423893259303
3,3.75,4.140986523086022e-12,0.5163977794916225
3,3.755,3.876860378738902e-12,0.516053858188558
3,3.76,3.629479782201069e-12,0.5157106231270211
3,3.765,3.397789869290599e-12,0.5153680720278561
3,3.77,3.18080177174479e-12,0.5150262026225028
3,3.775,2.977588523671354e-12,0.5146850126530111
3,3.78,2.787281203409453e-12,0.5143444998718162
3,3.785,2.609065327635406e-12,0.5140046620416997
3,3.79,2.44217747493436e-12,0.513665496935885
3,3.795,2.285902099321876e-12,0.5133270023378388
3,3.8,2.139568547181642e-12,0.5129891760411618
3,3.805,2.002548268456458e-12,0.5126520158496701
3,3.81,1.874252190535487e-12,0.5123155195773106
3,3.815,1.754128250867421e-12,0.5119796850479796
3,3.82,1.641659091899871e-12,0.5116445100955435
3,3.825,1.53635989838991e-12,0.5113099925638758
3,3.83,1.437776358588085e-12,0.5109761303066441
3,3.835,1.345482759003013e-12,0.510642921187259
3,3.84,1.259080201816271e-12,0.5103103630789677
3,3.845,1.178194923581626e-12,0.5099784538646879
3,3.85,1.102476720667411e-12,0.5096471914368872
3,3.855,1.031597478044056e-12,0.5093165736976508
3,3.86,9.652497854459011e-13,0.5089865985586302
3,3.865,9.031456364825803e-13,0.5086572639408605
3,3.87,8.450152137603414e-13,0.5083285677747656
3,3.875,7.906057502907514e-13,0.5080005080002129
3,3.88,7.396804560011363e-13,0.5076730825663149
3,3.885,6.920175146203977e-13,0.5073462894313671
3,3.89,6.47409145795418e-13,0.5070201265629367
3,3.895,6.056607211588761e-13,0.5066945919377274
3,3.9,5.66589936128775e-13,0.506369683541451
3,3.905,5.300260364530569e-13,0.5060453993688802
3,3.91,4.958090915198851e-13,0.5057217374238263
3,3.915,4.637893108867246e-13,0.5053986957189598
3,3.92,4.33826406181065e-13,0.505076272275798
3,3.925,4.057889936730552e-13,0.5047544651247761
3,3.93,3.795540310429119e-13,0.5044332723050627
3,3.935,3.550062910285708e-13,0.5041126918644898
3,3.94,3.320378696085643e-13,0.5037927218596334
3,3.945,3.105477228808026e-13,0.5034733603557079
3,3.95,2.904412329091709e-13,0.5031546054264322
3,3.955,2.716298024489971e-13,0.5028364551540675
3,3.96,2.540304746119598e-13,0.5025189076294209
3,3.965,2.375655749952467e-13,0.5022019609516687
3,3.97,2.221623776414136e-13,0.5018856132283337
3,3.975,2.077527925697289e-13,0.5015698625753607
3,3.98,1.942730712692286e-13,0.5012547071169543
3,3.985,1.8166353141387e-13,0.5009401449854978
3,3.99,1.698682997865724e-13,0.5006261743216256
3,3.995,1.588350704367318e-13,0.5003127932741458
3,4,1.485148778354091e-13,0.4999999999999026
3,4.005,1.388618852023349e-13,0.4996877926637988
3,4.01,1.298331860809323e-13,0.4993761694388217
3,4.015,1.21388617569366e-13,0.4990651285058721
3,4.02,1.134905860136579e-13,0.4987546680537315
3,4.025,1.061039040844804e-13,0.4984447862791388
3,4.03,9.919563728976861e-14,0.4981354813866509
3,4.035,9.273496045348898e-14,0.4978267515885529
3,4.04,8.669302375802408e-14,0.4975185951049201
3,4.045,8.104282685458802e-14,0.4972110101635671
3,4.05,7.575910071243271e-14,0.4969039949999071
3,4.055,7.081819740684176e-14,0.4965975478569632
3,4.06,6.619798691552257e-14,0.4962916669854084
3,4.065,6.187775995634282e-14,0.4959863506434061
3,4.07,5.783813731259297e-14,0.4956815970965657
3,4.075,5.406098513812112e-14,0.495377404618019
3,4.08,5.0529335217685e-14,0.4950737714883029
3,4.085,4.722731037008301e-14,0.4947706959952637
3,4.09,4.414005485529119e-14,0.4944681764341058
3,4.095,4.125366904327489e-14,0.4941662111073666
3,4.1,3.855514806486193e-14,0.4938647983247754
3,4.105,3.603232460038249e-14,0.4935639364032511
3,4.11,3.367381535975278e-14,0.4932636236669564
3,4.115,3.14689706923838e-14,0.4929638584471478
3,4.12,2.940782755860038e-14,0.4926646390821248
3,4.125,2.74810656292258e-14,0.4923659639172998
3,4.13,2.567996598528156e-14,0.4920678313051053
3,4.135,2.399637246032936e-14,0.4917702396048916
3,4.14,2.242265559139224e-14,0.4914731871829646
3,4.145,2.095167881428144e-14,0.4911766724125812
3,4.15,1.957676670338693e-14,0.4908806936738102
3,4.155,1.82916753598044e-14,0.4905852493535199
3,4.16,1.709056473497581e-14,0.4902903378454385
3,4.165,1.596797257606689e-14,0.4899959575500193
3,4.17,1.491879010466122e-14,0.4897021068743824
3,4.175,1.393823932568454e-14,0.4894087842323761
3,4.18,1.302185169893302e-14,0.4891159880445091
3,4.185,1.216544816352707e-14,0.4888237167378422
3,4.19,1.136512051728132e-14,0.4885319687460154
3,4.195,1.061721397423874e-14,0.4882407425092608
3,4.2,9.918310770158285e-15,0.4879500364742678
3,4.205,9.265214879150709e-15,0.487659849094161
3,4.21,8.654937740470685e-15,0.4873701788285643
3,4.215,8.08468482607982e-15,0.487081024143482
3,4.22,7.551843097595965e-15,0.4867923835112331
3,4.225,7.053969309893812e-15,0.4865042554105058
3,4.23,6.588779027571627e-15,0.4862166383263096
3,4.235,6.154136331868346e-15,0.4859295307498657
3,4.24,5.748044228823233e-15,0.4856429311786218
3,4.245,5.368635673722095e-15,0.4853568381162806
3,4.25,5.014165132157528e-15,0.4850712500726704
3,4.255,4.68300071350543e-15,0.4847861655637152
3,4.26,4.373616829357822e-15,0.4845015831114979
3,4.265,4.084587287939233e-15,0.48421750124416
3,4.27,3.814578842829089e-15,0.4839339184958292
3,4.275,3.562345179912079e-15,0.4836508334066641
3,4.28,3.326721276505875e-15,0.483368244522828
3,4.285,3.106618111921688e-15,0.483086150396376
3,4.29,2.901017739684307e-15,0.4828045495852611
3,4.295,2.708968680912018e-15,0.4825234406533733
3,4.3,2.529581592366449e-15,0.4822428221704179
3,4.305,2.362025228162051e-15,0.481962692711879
3,4.31,2.205522673226487e-15,0.481683050859079
3,4.315,2.059347802785662e-15,0.4814038951990975
3,4.32,1.92282197298267e-15,0.4811252243246927
3,4.325,1.795310937575788e-15,0.4808470368343374
3,4.33,1.676221958479859e-15,0.4805693313322096
3,4.335,1.565001094807272e-15,0.4802921064280818
3,4.34,1.461130677786584e-15,0.4800153607373156
3,4.345,1.364126952377624e-15,0.4797390928809103
3,4.350000000000001,1.273537859506603e-15,0.4794633014853901
3,4.355,1.188940968300757e-15,0.4791879851827617
3,4.36,1.109941548504764e-15,0.4789131426105683
3,4.365,1.036170759991318e-15,0.478638772411827
3,4.37,9.672839594499848e-16,0.4783648732349463
3,4.375,9.029591233297548e-16,0.4780914437337519
3,4.38,8.428953714693473e-16,0.4778184825674938
3,4.385,7.868115812498245e-16,0.4775459884007363
3,4.39,7.34445096953513e-16,0.4772739599033461
3,4.395,6.855505252845453e-16,0.4770023957505432
3,4.4,6.398986029344243e-16,0.4767312946228019
3,4.405,5.972751404207575e-16,0.4764606552058004
3,4.41,5.574800380094172e-16,0.4761904761904701
3,4.415,5.203263622283104e-16,0.4759207562729503
3,4.42,4.856394816070092e-16,0.4756514941545016
3,4.425,4.532562620045208e-16,0.4753826885415244
3,4.43,4.23024314080879e-16,0.4751143381455771
3,4.435,3.948012866301095e-16,0.4748464416832707
3,4.44,3.684542085062993e-16,0.4745789978762497
3,4.445,3.438588749052327e-16,0.4743120054512439
3,4.45,3.208992705831053e-16,0.4740454631399824
3,4.455,2.994670316921221e-16,0.4737793696791393
3,4.46,2.794609445707735e-16,0.4735137238103735
3,4.465,2.607864758395873e-16,0.4732485242803019
3,4.47,2.433553323555722e-16,0.4729837698404105
3,4.475000000000001,2.27085051613152e-16,0.4727194592470632
3,4.48,2.118986190613466e-16,0.4724555912615312
3,4.485,1.977241086466095e-16,0.4721921646498937
3,4.49,1.844943480656747e-16,0.4719291781830106
3,4.495,1.721466067689312e-16,0.4716666306365738
3,4.5,1.60622302905823e-16,0.4714045207910363
3,4.505,1.49866729746435e-16,0.4711428474315517
3,4.51,1.398288009923062e-16,0.4708816093480073
3,4.515,1.30460812230997e-16,0.4706208053350122
3,4.52,1.217182174132993e-16,0.4703604341918075
3,4.525,1.135594208383829e-16,0.4701004947222675
3,4.53,1.059455829842866e-16,0.4698409857349369
3,4.535,9.884043810289528e-17,0.4695819060429371
3,4.54,9.221012433121264e-17,0.4693232544639353
3,4.545,8.602302543305748e-17,0.4690650298201907
3,4.55,8.024962225253874e-17,0.4688072309384994
3,4.555,7.486235395679054e-17,0.4685498566501289
3,4.56,6.983548890557198e-17,0.4682929057908443
3,4.565,6.514500382748688e-17,0.468036377200909
3,4.57,6.076847054298872e-17,0.467780269724997
3,4.575,5.668495056188586e-17,0.4675245822121848
3,4.58,5.287489677613557e-17,0.4672693135159952
3,4.585,4.932006111619357e-17,0.4670144624943116
3,4.59,4.600340852123683e-17,0.466760028009341
3,4.595,4.290903683734814e-17,0.4665060089276578
3,4.600000000000001,4.002210162546111e-17,0.4662524041201369
3,4.605,3.732874627332525e-17,0.4659992124620009
3,4.61,3.481603586296244e-17,0.4657464328325593
3,4.615,3.247189715176579e-17,0.4654940641155841
3,4.62,3.028506076723185e-17,0.4652421051990551
3,4.625,2.824500786677035e-17,0.4649905549751244
3,4.63,2.634192036335885e-17,0.4647394123400966
3,4.635,2.456663443627747e-17,0.4644886761944098
3,4.64,2.291059712120124e-17,0.4642383454426227
3,4.645,2.136582593279231e-17,0.4639884189935076
3,4.65,1.992487091385837e-17,0.4637388957600146
3,4.655,1.858077907400579e-17,0.4634897746591493
3,4.66,1.732706136939215e-17,0.46324105461195
3,4.665,1.61576618726807e-17,0.4629927345434695
3,4.67,1.506692898204851e-17,0.4627448133827562
3,4.675,1.40495885569958e-17,0.4624972900628571
3,4.68,1.310071893106114e-17,0.4622501635209224
3,4.685,1.22157273392782e-17,0.4620034326980985
3,4.69,1.139032795844786e-17,0.4617570965394503
3,4.695,1.062052147684125e-17,0.4615111539939412
3,4.7,9.902576017686017e-18,0.4612656040144164
3,4.705,9.233009326959395e-18,0.4610204455575845
3,4.71,8.608572174978728e-18,0.4607756775840497
3,4.715,8.026232880523591e-18,0.4605312990583867
3,4.72,7.483162709598149e-18,0.4602873089490025
3,4.725000000000001,6.976722324421184e-18,0.4600437062280927
3,4.73,6.504449152942727e-18,0.4598004898716237
3,4.735,6.06404559681331e-18,0.459557658859316
3,4.74,5.653368023269628e-18,0.4593152121746292
3,4.745,5.270416523762576e-18,0.459073148804828
3,4.75,4.913325320702955e-18,0.4588314677409947
3,4.755,4.580353752740214e-18,0.4585901679779004
3,4.76,4.269877913557713e-18,0.4583492485139813
3,4.765,3.980382850990389e-18,0.4581087083513217
3,4.77,3.710455285019158e-18,0.4578685464956365
3,4.775,3.458776813112584e-18,0.4576287619562669
3,4.78,3.224117594580413e-18,0.4573893537462699
3,4.785,3.005330406662441e-18,0.4571503208823582
3,4.79,2.801345091793265e-18,0.4569116623848077
3,4.795,2.611163400202458e-18,0.4566733772774401
3,4.8,2.433854176567545e-18,0.4564354645876066
3,4.805,2.268548867449902e-18,0.4561979233461725
3,4.81,2.114437333329725e-18,0.4559607525875291
3,4.815,1.970763952451206e-18,0.4557239513496816
3,4.82,1.836823944986081e-18,0.4554875186741378
3,4.825,1.711959957031453e-18,0.4552514536058518
3,4.83,1.595558881256492e-18,0.4550157551932095
3,4.835,1.487048889762093e-18,0.4547804224880129
3,4.84,1.385896665095057e-18,0.4545454545454654
3,4.845,1.291604822918733e-18,0.4543108504242135
3,4.850000000000001,1.203709505794899e-18,0.4540766091863935
3,4.855,1.121778117085312e-18,0.4538427298975081
3,4.86,1.045407220016951e-18,0.4536092116263964
3,4.865,9.742205793669667e-19,0.4533760534452199
3,4.87,9.078673341031464e-19,0.4531432544294465
3,4.875,8.460202925601326e-19,0.4529108136578407
3,4.88,7.883743478951809e-19,0.4526787302125349
3,4.885,7.346449914128169e-19,0.4524470031790116
3,4.89,6.84566919553196e-19,0.4522156316460023
3,4.895,6.378927418873873e-19,0.4519846147054686
3,4.9,5.943917760038265e-19,0.4517539514525888
3,4.905,5.538489231305165e-19,0.451523640985743
3,4.91,5.160636198208944e-19,0.4512936824065141
3,4.915,4.808488638720837e-19,0.4510640748197716
3,4.92,4.480302967164518e-19,0.4508348173335958
3,4.925,4.174453486588009e-19,0.4506059090592097
3,4.93,3.889424446301032e-19,0.4503773491109644
3,4.935,3.623802632495033e-19,0.4501491366063261
3,4.94,3.376270456145064e-19,0.4499212706658622
3,4.945,3.14559951609275e-19,0.4496937504132631
3,4.95,2.930644606260781e-19,0.4494665749754088
3,4.955,2.730338065644307e-19,0.4492397434822614
3,4.96,2.543684537335477e-19,0.4490132550668263
3,4.965,2.36975608911494e-19,0.4487871088651397
3,4.97,2.207687661987871e-19,0.4485613040162549
3,4.975000000000001,2.056672824941865e-19,0.4483358396622306
3,4.98,1.915959827864262e-19,0.4481107149481808
3,4.985,1.784847910635966e-19,0.4478859290222934
3,4.99,1.662683835317651e-19,0.4476614810357265
3,4.995,1.548858672706777e-19,0.4474373701425868
3,5,1.442804807226255e-19,0.4472135954999171
