galaxy,model,kind,a_over_Rdisk,taper_ratio,Rdisk,a_catalogue,b_catalogue,core_multiplier,B_catalogue,B_physical,distance_ratio,inclination_factor,core_mass_original,envelope_mass,total_mass,total_mass_ratio,envelope_enclosed_fraction_last,core_mass_fraction_last,core_depth,envelope_depth,total_depth,guard_active,optimizer_success,kkt_relative,n_train,n_outer,n_invalid,train_loss,base_train_loss,outer_loss,base_outer_loss,paired_outer_change,outer_mean_fractional_deficit,last_envelope_force_fraction,train_envelope_force_fraction
CamB,core_refit,none,1.0,20.0,0.47,0.47,9.399999999999999,0.9999999999916,0.0,0.0,0.9547066309317926,0.9705044967338508,4.379541975762538e+16,0.0,4.3795419757257496e+16,0.9999999999916,0.0,3.0192544435978303e-10,0.001,0.0,0.001,True,True,0.0,7,2,0,1.1213117641580914,1.1213117641580923,16.905718321589266,16.90571832154023,4.9034554194804514e-11,0.3097202291714284,0.0,0.0
CamB,core_plummer,plummer,1.0,20.0,0.47,0.47,9.399999999999999,0.9999999999916,0.0,0.0,0.9547066309317926,0.9705044967338508,4.379541975762538e+16,0.0,4.3795419757257496e+16,0.9999999999916,0.9048325789663605,3.0192544435978303e-10,0.001,0.0,0.001,True,True,0.0,7,2,0,1.1213117641580914,1.1213117641580923,16.905718321589266,16.90571832154023,4.9034554194804514e-11,0.3097202291714284,0.0,0.0
CamB,fixed_core_envelope,envelope,1.0,20.0,0.47,0.47,9.399999999999999,1.0,0.0,0.0,0.9547066309317926,0.9705044967338508,4.379541975762538e+16,0.0,4.379541975762538e+16,1.0,0.08207133672760475,3.0192544435978303e-10,0.0010000000000084,0.0,0.0010000000000084,True,True,0.0,7,2,0,1.1213117641580914,1.1213117641580923,16.905718321540228,16.90571832154023,-3.552713678800501e-15,0.30972022917095743,0.0,0.0
CamB,envelope_a0.5_q10,envelope,0.5,10.0,0.47,0.235,2.3499999999999996,0.9999999999916334,0.0,0.0,0.9547066309317926,0.9705044967338508,4.379541975762538e+16,0.0,4.379541975725895e+16,0.9999999999916332,0.3585744619799499,3.0192544435978303e-10,0.0010000000000000334,0.0,0.0010000000000000334,True,True,0.0,7,2,0,1.1213117641580908,1.1213117641580923,16.905718321589074,16.90571832154023,4.884270765614929e-11,0.30972022917142655,0.0,0.0
CamB,envelope_a0.5_q20,envelope,0.5,20.0,0.47,0.235,4.699999999999999,0.9999999999916,0.0,0.0,0.9547066309317926,0.9705044967338508,4.379541975762538e+16,0.0,4.3795419757257496e+16,0.9999999999916,0.19559477616813056,3.0192544435978303e-10,0.001,0.0,0.001,True,True,0.0,7,2,0,1.1213117641580914,1.1213117641580923,16.905718321589266,16.90571832154023,4.9034554194804514e-11,0.3097202291714284,0.0,0.0
CamB,envelope_a0.5_q50,envelope,0.5,50.0,0.47,0.235,11.75,0.9999999999916,0.0,0.0,0.9547066309317926,0.9705044967338508,4.379541975762538e+16,0.0,4.3795419757257496e+16,0.9999999999916,0.07949492103171615,3.0192544435978303e-10,0.001,0.0,0.001,True,True,0.0,7,2,0,1.1213117641580914,1.1213117641580923,16.905718321589266,16.90571832154023,4.9034554194804514e-11,0.3097202291714284,0.0,0.0
CamB,envelope_a1_q10,envelope,1.0,10.0,0.47,0.47,4.699999999999999,0.9999999999916,0.0,0.0,0.9547066309317926,0.9705044967338508,4.379541975762538e+16,0.0,4.3795419757257496e+16,0.9999999999916,0.16445176808420253,3.0192544435978303e-10,0.001,0.0,0.001,True,True,0.0,7,2,0,1.1213117641580914,1.1213117641580923,16.905718321589266,16.90571832154023,4.9034554194804514e-11,0.3097202291714284,0.0,0.0
CamB,envelope_a1_q20,envelope,1.0,20.0,0.47,0.47,9.399999999999999,0.9999999999916016,0.0,0.0,0.9547066309317926,0.9705044967338508,4.379541975762538e+16,0.0,4.379541975725757e+16,0.9999999999916017,0.08207133672760475,3.0192544435978303e-10,0.0010000000000000015,0.0,0.0010000000000000015,True,True,0.0,7,2,0,1.1213117641580919,1.1213117641580923,16.90571832158926,16.90571832154023,4.902744876744691e-11,0.3097202291714283,0.0,0.0
CamB,envelope_a1_q50,envelope,1.0,50.0,0.47,0.47,23.5,0.9999999999916077,0.0,0.0,0.9547066309317926,0.9705044967338508,4.379541975762538e+16,0.0,4.379541975725783e+16,0.9999999999916077,0.03231362399435954,3.0192544435978303e-10,0.0010000000000000076,0.0,0.0010000000000000076,True,True,0.0,7,2,0,1.1213117641580914,1.1213117641580923,16.90571832158923,16.90571832154023,4.899902705801651e-11,0.309720229171428,0.0,0.0
CamB,envelope_a2_q10,envelope,2.0,10.0,0.47,0.94,9.399999999999999,0.9999999999916,9.09735257599094e-15,9.658727699352404e-15,0.9547066309317926,0.9705044967338508,4.379541975762538e+16,2.8491742638873302e-08,4.3795419757257496e+16,0.9999999999916,0.05619841359028001,3.0192544435978303e-10,0.001,2.474538444281952e-25,0.001,True,True,0.0,7,2,0,1.1213117641580914,1.1213117641580923,16.905718321589266,16.90571832154023,4.9034554194804514e-11,0.3097202291714284,1.2109177955568944e-16,1.8117497641888796e-16
CamB,envelope_a2_q20,envelope,2.0,20.0,0.47,0.94,18.799999999999997,0.999999999991601,0.0,0.0,0.9547066309317926,0.9705044967338508,4.379541975762538e+16,0.0,4.3795419757257544e+16,0.9999999999916012,0.02718340458788892,3.0192544435978303e-10,0.001000000000000001,0.0,0.0010000000000000009,True,True,0.0,7,2,0,1.1213117641580914,1.1213117641580923,16.905718321589262,16.90571832154023,4.9031001481125713e-11,0.3097202291714284,0.0,0.0
CamB,envelope_a2_q50,envelope,2.0,50.0,0.47,0.94,47.0,0.9999999999916004,0.0,0.0,0.9547066309317926,0.9705044967338508,4.379541975762538e+16,0.0,4.379541975725751e+16,0.9999999999916004,0.010602909891436118,3.0192544435978303e-10,0.0010000000000000005,0.0,0.0010000000000000002,True,True,0.0,7,2,0,1.1213117641580914,1.1213117641580923,16.905718321589266,16.90571832154023,4.9034554194804514e-11,0.3097202291714284,0.0,0.0
D631-7,core_refit,none,1.0,20.0,0.7,0.7,14.0,0.9999999989375251,0.0,0.0,0.9957587517984324,0.9832903655259772,16443617823.058027,0.0,16443617805.587097,0.9999999989375251,0.0,0.4156852731820486,1.2211875912513335e-07,0.0,1.2211875912513332e-07,False,True,3.2627234247577645e-12,12,4,0,0.44248762689268645,0.44248762689268667,1.8479547551244244,1.8479547742625944,-1.9138169937704674e-08,-0.08196399714116195,0.0,0.0
D631-7,core_plummer,plummer,1.0,20.0,0.7,0.7,14.0,0.9999999989375251,0.0,0.0,0.9957587517984324,0.9832903655259772,16443617823.058027,0.0,16443617805.587097,0.9999999989375251,0.9859489025864039,0.4156852731820486,1.2211875912513335e-07,0.0,1.2211875912513332e-07,False,True,2.1493893386492087e-14,12,4,0,0.44248762689268645,0.44248762689268667,1.8479547551244244,1.8479547742625944,-1.9138169937704674e-08,-0.08196399714116195,0.0,0.0
D631-7,fixed_core_envelope,envelope,1.0,20.0,0.7,0.7,14.0,1.0,0.0,0.0,0.9957587517984324,0.9832903655259772,16443617823.058027,0.0,16443617823.058027,1.0,0.2685587038067666,0.4156852731820486,1.2211875925488146e-07,0.0,1.2211875925488146e-07,False,True,0.0,12,4,0,0.4424876268926865,0.44248762689268667,1.8479547742625957,1.8479547742625944,1.3322676295501878e-15,-0.08196399766511928,0.0,0.0
D631-7,envelope_a0.5_q10,envelope,0.5,10.0,0.7,0.35,3.5,0.9999999978799049,0.0,0.0,0.9957587517984324,0.9832903655259772,16443617823.058027,0.0,16443617788.195993,0.9999999978799049,0.682993360618494,0.4156852731820486,1.2211875899597808e-07,0.0,1.2211875899597808e-07,False,True,1.5310695736148125e-08,12,4,0,0.4424876268926863,0.44248762689268667,1.8479547360736988,1.8479547742625944,-3.81888956013654e-08,-0.08196399661959866,0.0,0.0
D631-7,envelope_a0.5_q20,envelope,0.5,20.0,0.7,0.35,7.0,0.9999999976711942,0.0,0.0,0.9957587517984324,0.9832903655259772,16443617823.058027,0.0,16443617784.764034,0.9999999976711942,0.484286226401161,0.4156852731820486,1.2211875897049057e-07,0.0,1.221187589704906e-07,False,True,2.128579318541314e-08,12,4,0,0.44248762689268645,0.44248762689268667,1.8479547323142285,1.8479547742625944,-4.194836589199724e-08,-0.08196399651667335,0.0,0.0
D631-7,envelope_a0.5_q50,envelope,0.5,50.0,0.7,0.35,17.5,0.9999999988634635,0.0,0.0,0.9957587517984324,0.9832903655259772,16443617823.058027,0.0,16443617804.369255,0.9999999988634635,0.23346255577281788,0.4156852731820486,1.2211875911608902e-07,0.0,1.2211875911608902e-07,False,True,1.38949766397139e-09,12,4,0,0.44248762689268656,0.44248762689268667,1.8479547537903627,1.8479547742625944,-2.0472231687662656e-08,-0.08196399710463854,0.0,0.0
D631-7,envelope_a1_q10,envelope,1.0,10.0,0.7,0.7,7.0,0.9999999989375251,0.0,0.0,0.9957587517984324,0.9832903655259772,16443617823.058027,0.0,16443617805.587097,0.9999999989375251,0.4607801564830323,0.4156852731820486,1.2211875912513335e-07,0.0,1.2211875912513332e-07,False,True,8.378046406772846e-14,12,4,0,0.44248762689268645,0.44248762689268667,1.8479547551244244,1.8479547742625944,-1.9138169937704674e-08,-0.08196399714116195,0.0,0.0
D631-7,envelope_a1_q20,envelope,1.0,20.0,0.7,0.7,14.0,0.9999999989375251,0.0,0.0,0.9957587517984324,0.9832903655259772,16443617823.058027,0.0,16443617805.587097,0.9999999989375251,0.2685587038067666,0.4156852731820486,1.2211875912513335e-07,0.0,1.2211875912513332e-07,False,True,9.579830839468358e-14,12,4,0,0.44248762689268645,0.44248762689268667,1.8479547551244244,1.8479547742625944,-1.9138169937704674e-08,-0.08196399714116195,0.0,0.0
D631-7,envelope_a1_q50,envelope,1.0,50.0,0.7,0.7,35.0,0.9999999989382161,0.0,0.0,0.9957587517984324,0.9832903655259772,16443617823.058027,0.0,16443617805.59846,0.9999999989382161,0.112470546123991,0.4156852731820486,1.2211875912521774e-07,0.0,1.2211875912521774e-07,False,True,3.092939154519548e-11,12,4,0,0.44248762689268667,0.44248762689268667,1.8479547551368705,1.8479547742625944,-1.9125723893509416e-08,-0.0819639971415027,0.0,0.0
D631-7,envelope_a2_q10,envelope,2.0,10.0,0.7,1.4,14.0,0.99999999898533,6.157591309610806e-14,6.368648690637775e-14,0.9957587517984324,0.9832903655259772,16443617823.058027,2.9183055317409675e-07,16443617806.37318,0.9999999989853299,0.23809362882106935,0.4156852731820486,1.221187591309712e-07,1.6316296010877007e-24,1.221187591309712e-07,False,True,6.523335905839309e-09,12,4,0,0.4424876268926867,0.44248762689268667,1.8479547559855227,1.8479547742625944,-1.8277071633931996e-08,-0.08196399716473676,1.016521385767077e-17,1.3123119789859185e-17
D631-7,envelope_a2_q20,envelope,2.0,20.0,0.7,1.4,28.0,0.9999999987759625,7.162416893820872e-14,7.407915640883495e-14,0.9957587517984324,0.9832903655259772,16443617823.058027,7.166227399046564e-07,16443617802.930422,0.9999999987759625,0.1222514778129292,0.4156852731820486,1.2211875910540352e-07,2.469207687498466e-24,1.2211875910540352e-07,False,True,2.31204120563391e-08,12,4,0,0.44248762689268634,0.44248762689268667,1.8479547522142212,1.8479547742625944,-2.2048373127248055e-08,-0.08196399706148758,1.281689097778405e-17,1.609558067893164e-17
D631-7,envelope_a2_q50,envelope,2.0,50.0,0.7,1.4,70.0,0.9999999993192717,0.0,0.0,0.9957587517984324,0.9832903655259772,16443617823.058027,0.0,16443617811.864391,0.9999999993192717,0.048581611687774,0.4156852731820486,1.2211875917175177e-07,0.0,1.2211875917175177e-07,False,True,5.539401170077728e-08,12,4,0,0.44248762689268667,0.44248762689268667,1.847954762000756,1.8479547742625944,-1.2261838433502703e-08,-0.08196399732941946,0.0,0.0
DDO064,core_refit,none,1.0,20.0,0.69,0.69,13.799999999999999,1.0000000002359801,0.0,0.0,1.0046664637559528,1.000264084536124,2192546789.1492414,0.0,2192546789.666639,1.0000000002359801,0.0,0.6851000073334474,5.3534479028573715e-08,0.0,5.353447902857372e-08,False,True,1.6431300764452045e-14,11,3,0,0.291847011444503,0.2918470114445032,0.4454895711302013,0.4454895701505434,9.796579103493741e-10,-0.09490546738427925,0.0,0.0
DDO064,core_plummer,plummer,1.0,20.0,0.69,0.69,13.799999999999999,0.9507309314369355,129.60496703501468,129.5365408064732,1.0046664637559528,1.000264084536124,2192546789.1492414,20878639.844579127,2105400690.9115,0.9602534829956554,0.9246527365978487,0.6851000073334474,5.089688509881633e-08,1.4412883938931423e-09,5.2338173492709464e-08,False,True,2.3882333236135996e-07,11,3,0,0.27699488940687816,0.2918470114445032,0.3198396464531727,0.4454895701505434,-0.1256499236973707,-0.08092313594733773,0.013337941985319408,0.021817810354354473
DDO064,fixed_core_envelope,envelope,1.0,20.0,0.69,0.69,13.799999999999999,1.0,10.775197507641986,10.769508635185128,1.0046664637559528,1.000264084536124,2192546789.1492414,51805906.130622916,2244352695.2798643,1.0236281872692554,0.09751223993928614,0.6851000073334474,5.353447901594064e-08,3.5896944298097813e-10,5.389344845892162e-08,False,True,1.5543122344752168e-15,11,3,0,0.29169306973569537,0.2918470114445032,0.45984247148640583,0.4454895701505434,0.014352901335862422,-0.09633709773746534,0.0033517950378094204,0.0035778832117320607
DDO064,envelope_a0.5_q10,envelope,0.5,10.0,0.69,0.345,3.4499999999999997,0.9140603831425851,137.82933413970312,137.75656577493038,1.0046664637559528,1.000264084536124,2192546789.1492414,156947573.5285707,2161067731.676371,0.9856426975111053,0.4009850756388573,0.6851000073334474,4.893374640064939e-08,3.5292838619435984e-09,5.2463030262592986e-08,False,True,2.2232150496153219e-07,11,3,0,0.272581323123112,0.2918470114445032,0.29729704223797415,0.4454895701505434,-0.14819252791256926,-0.07810587679249321,0.04382698247051419,0.05480502554355305
DDO064,envelope_a0.5_q20,envelope,0.5,20.0,0.69,0.345,6.8999999999999995,0.9078550814395611,139.61957351965086,139.5458599802312,1.0046664637559528,1.000264084536124,2192546789.1492414,335637398.50832266,2326152142.331455,1.0609361468787883,0.2244320217714791,0.6851000073334474,4.860154880684126e-08,4.65134495215009e-09,5.325289375899135e-08,False,True,5.242161488196219e-10,11,3,0,0.2723508292285908,0.2918470114445032,0.3006856469231693,0.4454895701505434,-0.14480392322737412,-0.07857590942498241,0.05234623944899708,0.061445282818879565
DDO064,envelope_a0.5_q50,envelope,0.5,50.0,0.69,0.345,17.25,0.9056735929408337,140.47903880833357,140.40487150568543,1.0046664637559528,1.000264084536124,2192546789.1492414,870919561.5806271,2856651289.800309,1.3028918260434277,0.09221532236863268,0.6851000073334474,4.848476395658263e-08,6.111420555889405e-09,5.459618451247204e-08,False,True,2.4177270748709646e-07,11,3,0,0.27224154057042377,0.2918470114445032,0.302546878551451,0.4454895701505434,-0.1429426915990924,-0.07883347331122255,0.05574378316969705,0.06382043395439867
DDO064,envelope_a1_q10,envelope,1.0,10.0,0.69,0.69,6.8999999999999995,0.9372974321194524,151.36817911313815,151.28826278080263,1.0046664637559528,1.000264084536124,2192546789.1492414,344728770.1058654,2399797245.3771996,1.0945249867659044,0.19336320475525984,0.6851000073334474,5.017772971149387e-08,3.875962073605482e-09,5.4053691785099354e-08,False,True,5.4868886199692474e-08,11,3,0,0.2896925343663917,0.2918470114445032,0.3784173748230091,0.4454895701505434,-0.06707219532753433,-0.08775191702859493,0.045204479073474226,0.0492806901727304
DDO064,envelope_a1_q20,envelope,1.0,20.0,0.69,0.69,13.799999999999999,0.9345518538558505,154.18891007727478,154.1075045120339,1.0046664637559528,1.000264084536124,2192546789.1492414,741322485.8459604,2790371152.311076,1.2726620777811561,0.09751223993928614,0.6851000073334474,5.0030746609554454e-08,5.1367139326243216e-09,5.5167460542178776e-08,False,True,2.57901929575742e-10,11,3,0,0.28965829493821743,0.2918470114445032,0.3800657119607107,0.4454895701505434,-0.0654238581898327,-0.08796126224236477,0.048972592316802184,0.05211502343951492
DDO064,envelope_a1_q50,envelope,1.0,50.0,0.69,0.69,34.5,0.9337128929388054,155.08421948067868,155.00234122795325,1.0046664637559528,1.000264084536124,2192546789.1492414,1922932867.1940482,3970142072.5942755,1.8107445151192334,0.03852050022446042,0.6851000073334474,4.998583327394571e-08,6.7468064621471385e-09,5.673263973609285e-08,False,True,2.35224431773909e-11,11,3,0,0.28964765379021423,0.2918470114445032,0.3806413897988345,0.4454895701505434,-0.06484818035170892,-0.08803418665222325,0.050163595115749755,0.05298476717820803
DDO064,envelope_a2_q10,envelope,2.0,10.0,0.69,1.38,13.799999999999999,1.0000000002359801,0.0,0.0,1.0046664637559528,1.000264084536124,2192546789.1492414,0.0,2192546789.666639,1.0000000002359801,0.07000351883768532,0.6851000073334474,5.3534479028573715e-08,0.0,5.353447902857372e-08,False,True,1.6290576551375484e-14,11,3,0,0.291847011444503,0.2918470114445032,0.4454895711302013,0.4454895701505434,9.796579103493741e-10,-0.09490546738427925,0.0,0.0
DDO064,envelope_a2_q20,envelope,2.0,20.0,0.69,1.38,27.599999999999998,1.0000000002359801,0.0,0.0,1.0046664637559528,1.000264084536124,2192546789.1492414,0.0,2192546789.666639,1.0000000002359801,0.033974543700872835,0.6851000073334474,5.3534479028573715e-08,0.0,5.353447902857372e-08,False,True,1.6284639296663755e-14,11,3,0,0.291847011444503,0.2918470114445032,0.4454895711302013,0.4454895701505434,9.796579103493741e-10,-0.09490546738427925,0.0,0.0
DDO064,envelope_a2_q50,envelope,2.0,50.0,0.69,1.38,69.0,1.0000000002359801,0.0,0.0,1.0046664637559528,1.000264084536124,2192546789.1492414,0.0,2192546789.666639,1.0000000002359801,0.013264644396833508,0.6851000073334474,5.3534479028573715e-08,0.0,5.353447902857372e-08,False,True,1.6282887075227185e-14,11,3,0,0.291847011444503,0.2918470114445032,0.4454895711302013,0.4454895701505434,9.796579103493741e-10,-0.09490546738427925,0.0,0.0
DDO154,core_refit,none,1.0,20.0,0.37,0.37,7.4,1.0000000001133356,0.0,0.0,1.0138354112308192,1.0070792784774736,2730216581.018564,0.0,2730216581.327995,1.0000000001133356,0.0,0.8944871542849036,4.502319330749061e-08,0.0,4.502319330749061e-08,False,True,4.231911386733899e-06,9,3,0,1.0666097273334096,1.0666097273333899,2.8600427585208226,2.8600427682733236,-9.752501028970073e-09,0.01954229020248025,0.0,0.0
DDO154,core_plummer,plummer,1.0,20.0,0.37,0.37,7.4,0.9954235484432555,62.680195410004515,61.80206999810583,1.0138354112308192,1.0070792784774736,2730216581.018564,5390277.364957274,2723112154.4610696,0.9973978523876504,0.9941691054148618,0.8944871542849036,4.481714683930956e-08,6.876407664762212e-10,4.5504787605785786e-08,False,True,5.616317551985684e-07,9,3,0,0.9869370180209912,1.0666097273333899,3.0483125856519386,2.8600427682733236,0.18826981737861503,0.020484105235721913,0.0021995606846002915,0.002804698235136281
DDO154,fixed_core_envelope,envelope,1.0,20.0,0.37,0.37,7.4,1.0,3.1001704168696547,3.0567382225942157,1.0138354112308192,1.0070792784774736,2730216581.018564,7956825.194051374,2738173406.2126155,1.002914356776444,0.4016213447115785,0.8944871542849036,4.502319330238788e-08,1.0188724985264369e-10,4.512508055224053e-08,False,True,7.219114195270502e-12,9,3,0,1.057901068756211,1.0666097273333899,2.7506435644297156,2.8600427682733236,-0.10939920384360802,0.0189989727622099,0.0013068251288765671,0.0013024511982895693
DDO154,envelope_a0.5_q10,envelope,0.5,10.0,0.37,0.185,1.85,0.9879291584605191,37.20403964005928,36.68282536464865,1.0138354112308192,1.0070792784774736,2730216581.018564,22615347.249257907,2719875916.549884,0.9962125112928504,0.7879625484513985,0.8944871542849036,4.447972547043334e-08,9.398035065818278e-10,4.541952897701516e-08,False,True,4.582208852186458e-06,9,3,0,0.9431653412029234,1.0666097273333899,3.243374100117658,2.8600427682733236,0.3833313318443343,0.021428569451458487,0.007331889238772205,0.008619462958720429
DDO154,envelope_a0.5_q20,envelope,0.5,20.0,0.37,0.185,3.7,0.9836171882297738,35.29017646630287,34.795774677304884,1.0138354112308192,1.0070792784774736,2730216581.018564,45287472.53403063,2730775429.213817,1.0002046900598063,0.6267147640038457,0.8944871542849036,4.4285586801220354e-08,1.1598133468406883e-09,4.5445400148061044e-08,False,True,1.906670266032213e-06,9,3,0,0.9408585756596798,1.0666097273333899,3.2544056002417054,2.8600427682733236,0.39436283196838184,0.021458551728887706,0.011677486684832808,0.01278219487952919
DDO154,envelope_a0.5_q50,envelope,0.5,50.0,0.37,0.185,9.25,0.9785368865440323,38.37339518941853,37.83579869284984,1.0138354112308192,1.0070792784774736,2730216581.018564,126998022.6196142,2798615655.4004126,1.0250526184835969,0.3498304000380697,0.8944871542849036,4.405685539638876e-08,1.646883583171206e-09,4.570373897955997e-08,False,True,6.4792181750803616e-09,9,3,0,0.9271983576512896,1.0666097273333899,3.183927020518107,2.8600427682733236,0.32388425224478334,0.021022470298131618,0.018251820997955748,0.018114074648741
DDO154,envelope_a1_q10,envelope,1.0,10.0,0.37,0.37,3.7,0.9792823112824469,50.229806112490586,49.52610586245783,1.0138354112308192,1.0070792784774736,2730216581.018564,61066729.23086166,2734719532.992381,1.0016493021121924,0.6092870398693363,0.8944871542849036,4.409041679847879e-08,1.2688446839685387e-09,4.5359261482447325e-08,False,True,2.314822281379242e-06,9,3,0,0.9292112678046812,1.0666097273333899,3.31983063717225,2.8600427682733236,0.45978786889892653,0.02175836472341706,0.015319438472044948,0.01655782566926979
DDO154,envelope_a1_q20,envelope,1.0,20.0,0.37,0.37,7.4,0.972830045124537,55.00431459005426,54.233725313973494,1.0138354112308192,1.0070792784774736,2730216581.018564,141172792.866526,2797209512.578575,1.024537588712108,0.4016213447115785,0.8944871542849036,4.3799915172012755e-08,1.8077194444262383e-09,4.5607634616439e-08,False,True,1.3850336559097863e-06,9,3,0,0.9131648916101684,1.0666097273333899,3.249285631001871,2.8600427682733236,0.3892428627285476,0.021318392926441238,0.023308641111166744,0.023232340388270722
DDO154,envelope_a1_q50,envelope,1.0,50.0,0.37,0.37,18.5,0.968501017805428,59.685605078427706,58.849432724447595,1.0138354112308192,1.0070792784774736,2730216581.018564,395062974.56346506,3039280512.1092005,1.1132012504939566,0.18158955002898958,0.8944871542849036,4.3605008538213193e-08,2.5615466828019285e-09,4.616655522101512e-08,False,True,8.373016990339915e-06,9,3,0,0.8972348366669409,1.0666097273333899,3.167364442519475,2.8600427682733236,0.3073216742461513,0.020795353086127313,0.029438057568562125,0.027823055682329605
DDO154,envelope_a2_q10,envelope,2.0,10.0,0.37,0.74,7.4,0.9563689260995067,107.94536574183716,106.43309271628952,1.0138354112308192,1.0070792784774736,2730216581.018564,262468479.64017555,2873562779.247967,1.0525035996140366,0.3749667887528429,0.8944871542849036,4.30587830281752e-08,2.7267854304241583e-09,4.5785568458599366e-08,False,True,7.2567812636305805e-06,9,3,0,0.892909087760279,1.0666097273333899,3.2698036026726025,2.8600427682733236,0.4097608343992789,0.02128100498363764,0.04043412855335732,0.039143622388253
DDO154,envelope_a2_q20,envelope,2.0,20.0,0.37,0.74,14.8,0.9462680806536071,123.80905926508973,122.0745419992646,1.0138354112308192,1.0070792784774736,2730216581.018564,635530896.3995479,3219047700.288638,1.1790448137589529,0.2065223427344667,0.8944871542849036,4.260401071114692e-08,4.06899068732496e-09,4.667300139847188e-08,False,True,1.764449575133977e-05,9,3,0,0.8622872036100381,1.0666097273333899,3.1265437415002295,2.8600427682733236,0.2665009732269059,0.0203408574528024,0.05374364550298111,0.04964882481609082
DDO154,envelope_a2_q50,envelope,2.0,50.0,0.37,0.74,37.0,0.9421006586439136,130.55964312826538,128.73055278083717,1.0138354112308192,1.0070792784774736,2730216581.018564,1728365856.538477,4300504695.756599,1.5751514827267683,0.08427185088209023,0.8944871542849036,4.241638006443186e-08,5.6032710118890505e-09,4.801965107632091e-08,False,True,2.0475628301084356e-06,9,3,0,0.8487803179470697,1.0666097273333899,3.055002734959953,2.8600427682733236,0.1949599666866293,0.019856812872362226,0.059537575318854986,0.054029122728773506
DDO161,core_refit,none,1.0,20.0,1.22,1.22,24.4,0.999999999999,0.0,0.0,1.0849446045768605,1.0074972904730055,12473505004.063814,0.0,12473505004.05134,0.9999999999989999,0.0,0.8130275736113207,7.419354755721841e-08,0.0,7.419354755721841e-08,False,True,1.0628020977280475e-07,24,7,0,0.2034576117937755,0.20345761179377533,3.9820725699011668,3.982072569815494,8.567280218585438e-11,0.030621483873881982,0.0,0.0
DDO161,core_plummer,plummer,1.0,20.0,1.22,1.22,24.4,0.9897903135959524,129.8313187613294,127.90622893029938,1.0849446045768605,1.0074972904730055,12473505004.063814,39363889.23450166,12385518318.847506,0.9929461137677307,0.987639152656158,0.8130275736113207,7.343605470352886e-08,1.423148727889046e-09,7.485920343141789e-08,False,True,3.89326888899314e-08,24,7,0,0.1767257740105875,0.20345761179377533,4.522180853126211,3.982072569815494,0.5401082833107171,0.03270034646742216,0.0038581623639094226,0.0053281086813030025
DDO161,fixed_core_envelope,envelope,1.0,20.0,1.22,1.22,24.4,1.0,3.101539678066974,3.05555121741089,1.0849446045768605,1.0074972904730055,12473505004.063814,28065278.23302593,12501570282.29684,1.002249991339554,0.28633054474518443,0.8130275736113207,7.41935475572926e-08,1.0184768457590653e-10,7.42953952418685e-08,False,True,2.8484415993461535e-06,24,7,0,0.20334810225885738,0.20345761179377533,3.914619775202613,3.982072569815494,-0.06745279461288112,0.030341388627154485,0.0007917703847704806,0.0008232859945249708
DDO161,envelope_a0.5_q10,envelope,0.5,10.0,1.22,0.61,6.1,0.9832323805994774,60.884669879034,59.98189495563347,1.0849446045768605,1.0074972904730055,12473505004.063814,130484485.96508157,12394838505.53024,0.993693312464464,0.7004519378127193,0.8130275736113207,7.294949838987735e-08,1.5367190136082675e-09,7.44862174034856e-08,False,True,2.4249646763728722e-06,24,7,0,0.191850931100658,0.20345761179377533,4.639038258087787,3.982072569815494,0.656965688272293,0.03311733951198605,0.009082901187017647,0.011172911333443346
DDO161,envelope_a0.5_q20,envelope,0.5,20.0,1.22,0.61,12.2,0.9792777802798796,58.994257372130726,58.119512772447244,1.0849446045768605,1.0074972904730055,12473505004.063814,266914245.69030404,12481940538.379887,1.0006762761800572,0.5058532768466256,0.8130275736113207,7.265609256299518e-08,1.9372405773545853e-09,7.459333314034975e-08,False,True,1.7201663085194762e-06,24,7,0,0.19228864112405453,0.20345761179377533,4.616703547690297,3.982072569815494,0.6346309778748029,0.033047540007844205,0.013413185996954376,0.015194885211931415
DDO161,envelope_a0.5_q50,envelope,0.5,50.0,1.22,0.61,30.5,0.9765248506611821,60.332951756229946,59.438357501083715,1.0849446045768605,1.0074972904730055,12473505004.063814,703977967.96821,12884665579.283134,1.0329627137749466,0.24856009040201088,0.8130275736113207,7.245184294840847e-08,2.5871808858549258e-09,7.503902383426339e-08,False,True,1.8288770352111073e-07,24,7,0,0.19206454306600093,0.20345761179377533,4.533864656245596,3.982072569815494,0.551792086430102,0.03277592088235307,0.017362282392533058,0.018236806319674996
DDO161,envelope_a1_q10,envelope,1.0,10.0,1.22,1.22,12.2,0.9894573089568255,35.418383704989814,34.89321326882303,1.0849446045768605,1.0074972904730055,12473505004.063814,151813242.99340826,12493813937.573887,1.0016281657403798,0.48322488721549806,0.8130275736113207,7.341134790799899e-08,8.939541559290561e-10,7.430530206392805e-08,False,True,1.862395237574733e-07,24,7,0,0.20219678801527455,0.20345761179377533,4.260048405104709,3.982072569815494,0.2779758352892152,0.03170650174523978,0.0072577933106907,0.008064095756105961
DDO161,envelope_a1_q20,envelope,1.0,20.0,1.22,1.22,24.4,0.9878598625142639,36.70757146440468,36.163285438335436,1.0849446045768605,1.0074972904730055,12473505004.063814,332160253.7257479,12654235192.11121,1.0144891261909554,0.28633054474518443,0.8130275736113207,7.329282768939257e-08,1.2053952385301407e-09,7.449822292792271e-08,False,True,5.899920330817253e-07,24,7,0,0.20216368070188162,0.20345761179377533,4.223920453952181,3.982072569815494,0.24184788413668734,0.03158473117765942,0.009404218192990369,0.009775189787605856
DDO161,envelope_a1_q50,envelope,1.0,50.0,1.22,1.22,61.0,0.9872014687563695,37.4009716172468,36.846404115214696,1.0849446045768605,1.0074972904730055,12473505004.063814,872805299.0189507,13186667759.570673,1.0571742068708445,0.12093979751038833,0.8130275736113207,7.324397912080481e-08,1.6038180805657633e-09,7.484779720137056e-08,False,True,6.754530256301245e-08,24,7,0,0.20214773140165132,0.20345761179377533,4.199777966624497,3.982072569815494,0.21770539680900303,0.031503338437199886,0.010433547603712569,0.010507069161575426
DDO161,envelope_a2_q10,envelope,2.0,10.0,1.22,2.44,24.4,0.999999999999,0.0,0.0,1.0849446045768605,1.0074972904730055,12473505004.063814,0.0,12473505004.05134,0.9999999999989999,0.2562324633931499,0.8130275736113207,7.419354755721841e-08,0.0,7.419354755721841e-08,False,True,4.204784040178402e-08,24,7,0,0.2034576117937755,0.20345761179377533,3.9820725699011668,3.982072569815494,8.567280218585438e-11,0.030621483873881982,0.0,0.0
DDO161,envelope_a2_q20,envelope,2.0,20.0,1.22,2.44,48.8,0.999999999999,0.0,0.0,1.0849446045768605,1.0074972904730055,12473505004.063814,0.0,12473505004.05134,0.9999999999989999,0.13261739594092187,0.8130275736113207,7.419354755721841e-08,0.0,7.419354755721841e-08,False,True,4.298468278054581e-08,24,7,0,0.2034576117937755,0.20345761179377533,3.9820725699011668,3.982072569815494,8.567280218585438e-11,0.030621483873881982,0.0,0.0
DDO161,envelope_a2_q50,envelope,2.0,50.0,1.22,2.44,122.0,0.999999999999,0.0,0.0,1.0849446045768605,1.0074972904730055,12473505004.063814,0.0,12473505004.05134,0.9999999999989999,0.0528452084300086,0.8130275736113207,7.419354755721841e-08,0.0,7.419354755721841e-08,False,True,4.322826588774951e-08,24,7,0,0.2034576117937755,0.20345761179377533,3.9820725699011668,3.982072569815494,8.567280218585438e-11,0.030621483873881982,0.0,0.0
DDO168,core_refit,none,1.0,20.0,1.02,1.02,20.4,1.0000000005820375,0.0,0.0,0.9820800519364687,0.9428771926034591,9230978104.90541,0.0,9230978110.278187,1.0000000005820375,0.0,0.40591983183519,1.197951796513519e-07,0.0,1.197951796513519e-07,False,True,8.384404281898885e-12,8,2,0,1.5916203020102486,1.5916203020102504,13.11960433509488,13.119604293252996,4.184188462375005e-08,-0.17307641401778917,0.0,0.0
DDO168,core_plummer,plummer,1.0,20.0,1.02,1.02,20.4,0.9999999999824358,0.0,0.0,0.9820800519364687,0.9428771926034591,9230978104.90541,0.0,9230978104.743277,0.9999999999824358,0.9146342930432535,0.40591983183519,1.197951795795225e-07,0.0,1.197951795795225e-07,False,True,1.601397667172509e-08,8,2,0,1.591620302010245,1.5916203020102504,13.119604291990315,13.119604293252996,-1.2626806267235224e-09,-0.17307641371666133,0.0,0.0
DDO168,fixed_core_envelope,envelope,1.0,20.0,1.02,1.02,20.4,1.0,0.0,0.0,0.9820800519364687,0.9428771926034591,9230978104.90541,0.0,9230978104.90541,1.0,0.08904303440166805,0.40591983183519,1.1979517958162662e-07,0.0,1.1979517958162662e-07,False,True,0.0,8,2,0,1.59162030201025,1.5916203020102504,13.119604293252996,13.119604293252996,0.0,-0.17307641372548235,0.0,0.0
DDO168,envelope_a0.5_q10,envelope,0.5,10.0,1.02,0.51,5.1,1.0000000005820375,0.0,0.0,0.9820800519364687,0.9428771926034591,9230978104.90541,0.0,9230978110.278187,1.0000000005820375,0.37825219058686604,0.40591983183519,1.197951796513519e-07,0.0,1.197951796513519e-07,False,True,2.1326908595322722e-13,8,2,0,1.5916203020102486,1.5916203020102504,13.11960433509488,13.119604293252996,4.184188462375005e-08,-0.17307641401778917,0.0,0.0
DDO168,envelope_a0.5_q20,envelope,0.5,20.0,1.02,0.51,10.2,1.0000000005820375,0.0,0.0,0.9820800519364687,0.9428771926034591,9230978104.90541,0.0,9230978110.278187,1.0000000005820375,0.20874470156182953,0.40591983183519,1.197951796513519e-07,0.0,1.197951796513519e-07,False,True,2.3776420230034313e-13,8,2,0,1.5916203020102486,1.5916203020102504,13.11960433509488,13.119604293252996,4.184188462375005e-08,-0.17307641401778917,0.0,0.0
DDO168,envelope_a0.5_q50,envelope,0.5,50.0,1.02,0.51,25.5,1.0000000005820375,0.0,0.0,0.9820800519364687,0.9428771926034591,9230978104.90541,0.0,9230978110.278187,1.0000000005820375,0.08524964400377863,0.40591983183519,1.197951796513519e-07,0.0,1.197951796513519e-07,False,True,2.460791161590211e-13,8,2,0,1.5916203020102486,1.5916203020102504,13.11960433509488,13.119604293252996,4.184188462375005e-08,-0.17307641401778917,0.0,0.0
DDO168,envelope_a1_q10,envelope,1.0,10.0,1.02,1.02,10.2,1.0000000007399763,0.0,0.0,0.9820800519364687,0.9428771926034591,9230978104.90541,0.0,9230978111.736116,1.0000000007399763,0.17759719833886464,0.40591983183519,1.1979517967027222e-07,0.0,1.1979517967027222e-07,False,True,1.7194454095373664e-08,8,2,0,1.5916203020102484,1.5916203020102504,13.119604346448888,13.119604293252996,5.3195892135704526e-08,-0.1730764140971081,0.0,0.0
DDO168,envelope_a1_q20,envelope,1.0,20.0,1.02,1.02,20.4,1.0000000013420183,0.0,0.0,0.9820800519364687,0.9428771926034591,9230978104.90541,0.0,9230978117.293552,1.0000000013420183,0.08904303440166805,0.40591983183519,1.1979517974239395e-07,0.0,1.1979517974239392e-07,False,True,8.591747053053251e-08,8,2,0,1.5916203020102477,1.5916203020102504,13.119604389728886,13.119604293252996,9.647589038763726e-08,-0.17307641439946153,0.0,0.0
DDO168,envelope_a1_q50,envelope,1.0,50.0,1.02,1.02,51.0,1.0000000005820375,0.0,0.0,0.9820800519364687,0.9428771926034591,9230978104.90541,0.0,9230978110.278187,1.0000000005820375,0.03510970746404202,0.40591983183519,1.197951796513519e-07,0.0,1.197951796513519e-07,False,True,5.292527695384573e-13,8,2,0,1.5916203020102486,1.5916203020102504,13.11960433509488,13.119604293252996,4.184188462375005e-08,-0.17307641401778917,0.0,0.0
DDO168,envelope_a2_q10,envelope,2.0,10.0,1.02,2.04,20.4,1.0000000006309948,1.9445741835950897e-11,2.187329722533413e-11,0.9820800519364687,0.9428771926034591,9230978104.90541,0.0001440431496945798,9230978110.730255,1.0000000006310106,0.062371932076766806,0.40591983183519,1.1979517965721676e-07,5.603876263218819e-22,1.1979517965721732e-07,False,True,2.0758143428471182e-08,8,2,0,1.5916203020102482,1.5916203020102504,13.11960433861453,13.119604293252996,4.536153319634195e-08,-0.1730764140423774,2.3976943252354542e-15,2.537932462801754e-15
DDO168,envelope_a2_q20,envelope,2.0,20.0,1.02,2.04,40.8,1.0000000006527754,9.000171672681572e-12,1.0123729489797067e-11,0.9820800519364687,0.9428771926034591,9230978104.90541,0.0001407440287657556,9230978110.931307,1.0000000006527907,0.03021414584116399,0.40591983183519,1.1979517965982597e-07,3.374443216443073e-22,1.197951796598263e-07,False,True,3.0324458288137283e-08,8,2,0,1.5916203020102497,1.5916203020102504,13.119604340180208,13.119604293252996,4.6927212338232493e-08,-0.17307641405331517,1.1348861828198731e-15,1.1954261074701948e-15
DDO168,envelope_a2_q50,envelope,2.0,50.0,1.02,2.04,102.0,1.0000000005820375,0.0,0.0,0.9820800519364687,0.9428771926034591,9230978104.90541,0.0,9230978110.278187,1.0000000005820375,0.011790078922501524,0.40591983183519,1.197951796513519e-07,0.0,1.197951796513519e-07,False,True,1.9912940577669998e-12,8,2,0,1.5916203020102486,1.5916203020102504,13.11960433509488,13.119604293252996,4.184188462375005e-08,-0.17307641401778917,0.0,0.0
DDO170,core_refit,none,1.0,20.0,1.95,1.95,39.0,1.0000000001882938,0.0,0.0,1.0592361251753564,1.0039846638669707,6015280645.245355,0.0,6015280646.377995,1.0000000001882938,0.0,0.9810789380839454,6.066601754047571e-08,0.0,6.066601754047571e-08,False,True,7.671019374677596e-11,6,2,0,0.6284894600509576,0.6284894600509564,54.16752326367463,54.16752330807257,-4.439793599431141e-08,0.11660277832025796,0.0,0.0
DDO170,core_plummer,plummer,1.0,20.0,1.95,1.95,39.0,0.9786434754415181,166.9338226121765,165.61138173232715,1.0592361251753564,1.0039846638669707,6015280645.245355,79534670.66540892,5966349827.08442,0.9918655801704596,0.9636221432238582,0.9810789380839454,5.937040223582817e-08,1.8426751316759102e-09,6.121307736750409e-08,False,True,9.386561430315723e-07,6,2,0,0.5947905516157573,0.6284894600509564,56.15225338438174,54.16752330807257,1.9847300763091695,0.11919275761497111,0.013096450849360015,0.013909505189169674
DDO170,fixed_core_envelope,envelope,1.0,20.0,1.95,1.95,39.0,1.0,9.343257185768074,9.269240398396521,1.0592361251753564,1.0039846638669707,6015280645.245355,132856843.58320515,6148137488.82856,1.0220865577881588,0.1578233617869426,0.9810789380839454,6.066601752905268e-08,3.08962476876456e-10,6.097498000592913e-08,False,True,7.815970093354993e-13,6,2,0,0.6268184192472067,0.6284894600509564,53.356242406959055,54.16752330807257,-0.8112809011135127,0.11556084630787947,0.0035404222341230466,0.0027405096184189895
DDO170,envelope_a0.5_q10,envelope,0.5,10.0,1.95,0.975,9.75,0.9270154144687965,243.3506594565181,241.42284845232604,1.0592361251753564,1.0039846638669707,6015280645.245355,819553042.6752571,6395810923.173509,1.0632606025171802,0.5323060880165185,0.9810789380839454,5.623833338386605e-08,6.185184409571785e-09,6.242351779343782e-08,False,True,4.7372745666513334e-07,6,2,0,0.5666605960016189,0.6284894600509564,54.17219325250986,54.16752330807257,0.004669944437289075,0.11700638955654635,0.07385354817730996,0.06666252089867312
DDO170,envelope_a0.5_q20,envelope,0.5,20.0,1.95,0.975,19.5,0.8866560532010247,335.97846218239675,333.31685864282434,1.0592361251753564,1.0039846638669707,6015280645.245355,2388730027.975948,7722215023.785707,1.2837663742072551,0.3278543440287513,0.9810789380839454,5.378989166573403e-08,1.111012313897711e-08,6.490001480471115e-08,False,True,1.0783606799379375e-07,6,2,0,0.5329112116049578,0.6284894600509564,50.31550846002351,54.16752330807257,-3.852014848049059,0.1125048906392751,0.13018472016579835,0.11089025656552996
DDO170,envelope_a0.5_q50,envelope,0.5,50.0,1.95,0.975,48.75,0.8648340912340802,385.0792486595016,382.0286712963265,1.0592361251753564,1.0039846638669707,6015280645.245355,7060707586.020624,12262927356.369343,2.038629297547788,0.14154408776863064,0.9810789380839454,5.246604013852905e-08,1.662861017329406e-08,6.909465031182311e-08,False,True,1.3222146867668087e-06,6,2,0,0.5122871986189174,0.6284894600509564,47.34088974489904,54.16752330807257,-6.82663356317353,0.10892627700069027,0.1637506729387743,0.13567923660850364
DDO170,envelope_a1_q10,envelope,1.0,10.0,1.95,1.95,19.5,0.5948752510975337,1588.1074802470746,1575.526577104681,1.0592361251753564,1.0039846638669707,6015280645.245355,10696813564.74306,14275155149.005524,2.373148651059033,0.29881699691771224,0.9810789380839454,3.6088712410682595e-08,4.036454082140535e-08,7.645325323208795e-08,False,True,3.565541865353195e-08,6,2,0,0.37362800377291294,0.6284894600509564,29.41263246540152,54.16752330807257,-24.75489084267105,0.08378876047489925,0.4765733806682561,0.4219801164219905
DDO170,envelope_a1_q20,envelope,1.0,20.0,1.95,1.95,39.0,0.594731051451269,1516.7713920300941,1504.7556095911655,1.0592361251753564,1.0039846638669707,6015280645.245355,21567795424.637764,25145269607.559002,4.180232160478584,0.1578233617869426,0.9810789380839454,3.607996439241462e-08,5.015653929025866e-08,8.623650368267329e-08,False,True,4.365912699607033e-07,6,2,0,0.36018429055460227,0.6284894600509564,24.375867096135156,54.16752330807257,-29.79165621193741,0.0753406243977543,0.49234253741854217,0.4286070112489743
DDO170,envelope_a1_q50,envelope,1.0,50.0,1.95,1.95,97.5,0.6035523656859367,1463.6439814381806,1452.04907152531,1.0592361251753564,1.0039846638669707,6015280645.245355,53673949967.17642,57304486830.87908,9.526485996322407,0.06334684817613846,0.9810789380839454,3.661511839640425e-08,6.320352313075236e-08,9.981864152715662e-08,False,True,4.419642925590255e-10,6,2,0,0.36123235057513675,0.6284894600509564,23.283206257747683,54.16752330807257,-30.884317050324885,0.07341157445253248,0.48838196079738394,0.42165453760480687
DDO170,envelope_a2_q10,envelope,2.0,10.0,1.95,3.9,39.0,0.9119588200369723,541.7402312298747,537.4485938802536,1.0592361251753564,1.0039846638669707,6015280645.245355,7297861544.087943,12783549783.517134,2.12517927881247,0.12715772139345885,0.9810789380839454,5.532490976213716e-08,1.3769279441133173e-08,6.909418920327034e-08,False,True,1.0250105846093229e-07,6,2,0,0.5781831975456244,0.6284894600509564,40.318425361113334,54.16752330807257,-13.849097946959233,0.09899495789943571,0.1470678567207361,0.10961320926381207
DDO170,envelope_a2_q20,envelope,2.0,20.0,1.95,3.9,78.0,0.9152951081216267,510.9250213248472,506.8775004320464,1.0592361251753564,1.0039846638669707,6015280645.245355,14530240213.080645,20035997161.65242,3.3308499375651626,0.06269501177596987,0.9810789380839454,5.5527309073562774e-08,1.6895249370544234e-08,7.242255844410701e-08,False,True,1.5210520305617763e-07,6,2,0,0.5785308143884943,0.6284894600509564,40.24602561631157,54.16752330807257,-13.921497691760997,0.09892181582895875,0.14431137175706563,0.10628261543977727
DDO170,envelope_a2_q50,envelope,2.0,50.0,1.95,3.9,195.0,0.9161911206301807,502.68204255269666,498.69982210009096,1.0592361251753564,1.0039846638669707,6015280645.245355,36868160759.777054,42379307475.04943,7.045275187375873,0.024592795677204023,0.9810789380839454,5.558166658411296e-08,2.1706970073880028e-08,7.7288636657993e-08,False,True,3.7911691903563595e-08,6,2,0,0.5786031957948528,0.6284894600509564,40.218247847581075,54.16752330807257,-13.949275460491492,0.09889182541912497,0.14361010031139027,0.1053934739454888
ESO079-G014,core_refit,none,1.0,20.0,5.08,5.08,101.6,0.9999999984121353,0.0,0.0,0.871309233045429,0.9989208699686678,74035772079.99213,0.0,74035771962.43333,0.9999999984121353,0.0,0.9138797574096345,5.259755283594981e-07,0.0,5.259755283594981e-07,False,True,1.1834089263944423e-11,12,3,0,0.4778026527335352,0.477802652733535,15.660279308606782,15.66027898749796,3.21108821310645e-07,0.04174038476455253,0.0,0.0
ESO079-G014,core_plummer,plummer,1.0,20.0,5.08,5.08,101.6,0.9999999984121353,0.0,0.0,0.871309233045429,0.9989208699686678,74035772079.99213,0.0,74035771962.43333,0.9999999984121353,0.8752854179137627,0.9138797574096345,5.259755283594981e-07,0.0,5.259755283594981e-07,False,True,9.719444870072796e-13,12,3,0,0.4778026527335352,0.477802652733535,15.660279308606782,15.66027898749796,3.21108821310645e-07,0.04174038476455253,0.0,0.0
ESO079-G014,fixed_core_envelope,envelope,1.0,20.0,5.08,5.08,101.6,1.0,0.0,0.0,0.871309233045429,0.9989208699686678,74035772079.99213,0.0,74035772079.99213,1.0,0.06625934288988848,0.9138797574096345,5.259755291946761e-07,0.0,5.259755291946761e-07,False,True,0.0,12,3,0,0.47780265273353545,0.477802652733535,15.660278987498018,15.66027898749796,5.684341886080802e-14,0.041740384213794966,0.0,0.0
ESO079-G014,envelope_a0.5_q10,envelope,0.5,10.0,5.08,2.54,25.4,0.999999999524614,1.3219667762222854e-12,1.3248245493503492e-12,0.871309233045429,0.9989208699686678,74035772079.99213,9.637528993093549e-06,74035772044.79657,0.9999999995246142,0.3104099800778392,0.9138797574096345,5.259755289446347e-07,3.3941626488918984e-23,5.259755289446346e-07,False,True,4.01658762122421e-07,12,3,0,0.4778026527335361,0.477802652733535,15.66027908363378,15.66027898749796,9.613581930523196e-08,0.04174038437868457,4.4215109632976793e-17,4.024257275247673e-17
ESO079-G014,envelope_a0.5_q20,envelope,0.5,20.0,5.08,2.54,50.8,0.9999999982142049,0.0,0.0,0.871309233045429,0.9989208699686678,74035772079.99213,0.0,74035771947.7794,0.9999999982142048,0.16491700702095077,0.9138797574096345,5.259755282553916e-07,0.0,5.259755282553916e-07,False,True,7.516140111482542e-08,12,3,0,0.47780265273353556,0.477802652733535,15.660279348633594,15.66027898749796,3.6113563339768007e-07,0.04174038483320549,0.0,0.0
ESO079-G014,envelope_a0.5_q50,envelope,0.5,50.0,5.08,2.54,127.0,0.9999999984121353,0.0,0.0,0.871309233045429,0.9989208699686678,74035772079.99213,0.0,74035771962.43333,0.9999999984121353,0.06633962134767855,0.9138797574096345,5.259755283594981e-07,0.0,5.259755283594981e-07,False,True,1.5752907035101828e-12,12,3,0,0.4778026527335352,0.477802652733535,15.660279308606782,15.66027898749796,3.21108821310645e-07,0.04174038476455253,0.0,0.0
ESO079-G014,envelope_a1_q10,envelope,1.0,10.0,5.08,5.08,50.8,0.9999999984121353,0.0,0.0,0.871309233045429,0.9989208699686678,74035772079.99213,0.0,74035771962.43333,0.9999999984121353,0.13409915968536265,0.9138797574096345,5.259755283594981e-07,0.0,5.259755283594981e-07,False,True,4.272635794237292e-12,12,3,0,0.4778026527335352,0.477802652733535,15.660279308606782,15.66027898749796,3.21108821310645e-07,0.04174038476455253,0.0,0.0
ESO079-G014,envelope_a1_q20,envelope,1.0,20.0,5.08,5.08,101.6,0.9999999983927562,0.0,0.0,0.871309233045429,0.9989208699686678,74035772079.99213,0.0,74035771960.9986,0.9999999983927562,0.06625934288988848,0.9138797574096345,5.259755283493052e-07,0.0,5.259755283493052e-07,False,True,2.0349835519044513e-08,12,3,0,0.47780265273353506,0.477802652733535,15.66027931252575,15.66027898749796,3.2502778957166356e-07,0.04174038477127423,0.0,0.0
ESO079-G014,envelope_a1_q50,envelope,1.0,50.0,5.08,5.08,254.0,0.9999999983962271,4.8567886333645634e-12,4.8672878382574255e-12,0.871309233045429,0.9989208699686678,74035772079.99213,0.00038554753137606227,74035771961.25595,0.9999999983962323,0.026007857248008005,0.9138797574096345,5.259755283511308e-07,2.118590518061364e-22,5.25975528351131e-07,False,True,1.67259541078441e-08,12,3,0,0.4778026527335351,0.477802652733535,15.660279311823798,15.66027898749796,3.243258372975788e-07,0.04174038477007027,1.4820123837782494e-16,1.1370008655436405e-16
ESO079-G014,envelope_a2_q10,envelope,2.0,10.0,5.08,10.16,101.6,0.9999999984121353,0.0,0.0,0.871309233045429,0.9989208699686678,74035772079.99213,0.0,74035771962.43333,0.9999999984121353,0.0426408863223424,0.9138797574096345,5.259755283594981e-07,0.0,5.259755283594981e-07,False,True,6.9408050875356105e-12,12,3,0,0.4778026527335352,0.477802652733535,15.660279308606782,15.66027898749796,3.21108821310645e-07,0.04174038476455253,0.0,0.0
ESO079-G014,envelope_a2_q20,envelope,2.0,20.0,5.08,10.16,203.2,0.9999999984121353,0.0,0.0,0.871309233045429,0.9989208699686678,74035772079.99213,0.0,74035771962.43333,0.9999999984121353,0.02056098388018321,0.9138797574096345,5.259755283594981e-07,0.0,5.259755283594981e-07,False,True,6.911360994845904e-12,12,3,0,0.4778026527335352,0.477802652733535,15.660279308606782,15.66027898749796,3.21108821310645e-07,0.04174038476455253,0.0,0.0
ESO079-G014,envelope_a2_q50,envelope,2.0,50.0,5.08,10.16,508.0,0.9999999983762194,0.0,0.0,0.871309233045429,0.9989208699686678,74035772079.99213,0.0,74035771959.77428,0.9999999983762194,0.008012609704576441,0.9138797574096345,5.259755283406073e-07,0.0,5.259755283406072e-07,False,True,6.062893579930446e-08,12,3,0,0.47780265273353456,0.477802652733535,15.660279315869964,15.66027898749796,3.2837200336643946e-07,0.041740384777010135,0.0,0.0
ESO116-G012,core_refit,none,1.0,20.0,1.51,1.51,30.2,0.999999999999,0.0,0.0,1.2545821731794582,1.0015520515980427,24814202226.779575,0.0,24814202226.75476,0.999999999999,0.0,0.9158775311293847,2.079539635939618e-07,0.0,2.079539635939618e-07,False,True,1.0471169935588635e-06,12,3,0,0.5911656222527257,0.5911656222527261,1.3926647567911534,1.3926647567630817,2.8071767133042158e-11,0.03331734689176671,0.0,0.0
ESO116-G012,core_plummer,plummer,1.0,20.0,1.51,1.51,30.2,0.9890339454049984,274.1645448946929,273.31548703795676,1.2545821731794582,1.0015520515980427,24814202226.779575,120386894.56457263,24662475224.993874,0.9938854773407965,0.9658242107454726,0.9158775311293847,2.0567352907614911e-07,3.041044919731047e-09,2.0871457399588013e-07,False,True,1.2898095578566198e-06,12,3,0,0.5738098186543191,0.5911656222527261,1.5580188955354142,1.3926647567630817,0.16535413877233252,0.03525037232220462,0.0051462115843229,0.006106457695781797
ESO116-G012,fixed_core_envelope,envelope,1.0,20.0,1.51,1.51,30.2,1.0,15.052428908111679,15.005813168529805,1.2545821731794582,1.0015520515980427,24814202226.779575,197264067.3872206,25011466294.166798,1.007949643739678,0.16393788316610017,0.9158775311293847,2.0795396359416975e-07,5.001740169449407e-10,2.0845413761111467e-07,False,True,5.471179065349779e-13,12,3,0,0.5909621527643312,0.5911656222527261,1.354948186986929,1.3926647567630817,-0.037716569776152564,0.03285166198145234,0.001420927909300669,0.0012480632193636897
ESO116-G012,envelope_a0.5_q10,envelope,0.5,10.0,1.51,0.755,7.55,0.9757873789168215,250.6415309783424,249.86532134414892,1.2545821731794582,1.0015520515980427,24814202226.779575,777952975.7184616,24991338326.499657,1.007138496660147,0.543158826159281,0.9158775311293847,2.0291885307091904e-07,6.401478153281163e-09,2.0932033122420018e-07,False,True,3.393037291909388e-08,12,3,0,0.5728736295175946,0.5911656222527261,1.56052644293345,1.3926647567630817,0.16786168617036834,0.03528115474981509,0.0186977801983068,0.01892172526984535
ESO116-G012,envelope_a0.5_q20,envelope,0.5,20.0,1.51,0.755,15.1,0.9705636186653753,265.9761392581501,265.1524400054688,1.2545821731794582,1.0015520515980427,24814202226.779575,1742826203.6081765,25826588111.125774,1.0407986472864974,0.3375751347395479,0.9158775311293847,2.0183255142176512e-07,8.838065590368895e-09,2.10670617012134e-07,False,True,1.417966407624099e-06,12,3,0,0.5717803050700939,0.5911656222527261,1.5156444336291865,1.3926647567630817,0.12297967686610489,0.034780980298814004,0.025979506400056952,0.024541924439735338
ESO116-G012,envelope_a0.5_q50,envelope,0.5,50.0,1.51,0.755,37.75,0.9680729465203026,274.9823236479036,274.1307332190738,1.2545821731794582,1.0015520515980427,24814202226.779575,4646850064.989198,28668807930.218353,1.155338691456253,0.14655041579780428,0.9158775311293847,2.0131460627718364e-07,1.1932123009907405e-08,2.1324672928709107e-07,False,True,2.723480322229176e-07,12,3,0,0.5711437502585327,0.5911656222527261,1.4824264072397106,1.3926647567630817,0.08976165047662898,0.034405158761951216,0.030023486775784446,0.027310817729165715
ESO116-G012,envelope_a1_q10,envelope,1.0,10.0,1.51,1.51,15.1,0.9720172546901161,330.8990171713128,329.8742588079603,1.2545821731794582,1.0015520515980427,24814202226.779575,2054119874.4351807,26173952600.23483,1.054797263318335,0.3088200552762404,0.9158775311293847,2.0213484079473322e-07,8.451284274781267e-09,2.105861250695145e-07,False,True,7.362671669693254e-07,12,3,0,0.5866853972404493,0.5911656222527261,1.4223697361329375,1.3926647567630817,0.029704979369855833,0.03369708314948313,0.027914137387264882,0.025482496377018583
ESO116-G012,envelope_a1_q20,envelope,1.0,20.0,1.51,1.51,30.2,0.9678709230478869,359.51229956310766,358.39892896788876,1.2545821731794582,1.0015520515980427,24814202226.779575,4711456132.460702,28728400946.390778,1.1577402603492521,0.16393788316610017,0.9158775311293847,2.0127259469535575e-07,1.1946159128955528e-08,2.1321875382431126e-07,False,True,2.6160173157040063e-08,12,3,0,0.586315899067727,0.5911656222527261,1.3841333739317718,1.3926647567630817,-0.00853138283130983,0.03324766095176717,0.03392275854543502,0.029914295553722256
ESO116-G012,envelope_a1_q50,envelope,1.0,50.0,1.51,1.51,75.5,0.9664198848425661,369.5974979503853,368.4528945897089,1.2545821731794582,1.0015520515980427,24814202226.779575,12491451338.30268,36472389796.76714,1.4698191569264318,0.06592549890450973,0.9158775311293847,2.009708455492327e-07,1.603769562782811e-08,2.1700854117706084e-07,False,True,7.299570823648188e-08,12,3,0,0.5861871095531833,0.5911656222527261,1.368581515558157,1.3926647567630817,-0.024083241204924555,0.03306280912990139,0.036139082071323596,0.03148272154716675
ESO116-G012,envelope_a2_q10,envelope,2.0,10.0,1.51,3.02,30.2,0.9210731080450327,1391.1860425508244,1386.8776902798804,1.2545821731794582,1.0015520515980427,24814202226.779575,17272114758.570038,40127809127.24788,1.617130736685212,0.133139086775525,0.9158775311293847,1.915408035779655e-07,3.5531410232681295e-08,2.270722138106468e-07,False,True,1.6708378402230845e-08,12,3,0,0.5899767389050826,0.5911656222527261,0.9893476841392683,1.3926647567630817,-0.40331707262381333,0.028066647400530942,0.09898128253936876,0.08224235762796546
ESO116-G012,envelope_a2_q20,envelope,2.0,20.0,1.51,3.02,60.4,0.9296520473572636,1211.687358250064,1207.934893934063,1.2545821731794582,1.0015520515980427,24814202226.779575,31758645484.952396,54827219388.6152,2.209509654493162,0.06576526727297023,0.9158775311293847,1.9332482801137775e-07,4.026290620318016e-08,2.3358773421455792e-07,False,True,5.7985704882268284e-09,12,3,0,0.5901502941550372,0.5911656222527261,0.9998674278726365,1.3926647567630817,-0.39279732889044516,0.0282134718670011,0.08996215723746195,0.07375218183635247
ESO116-G012,envelope_a2_q50,envelope,2.0,50.0,1.51,3.02,151.0,0.9324155336300474,1156.4991971314614,1152.9176445641497,1.2545821731794582,1.0015520515980427,24814202226.779575,78173437449.4767,101310585060.36328,4.08276615683532,0.02581157255285411,0.9158775311293847,1.9389950593514122e-07,5.0183191770177464e-08,2.440826977053187e-07,False,True,2.6456898193984617e-08,12,3,0,0.5902024641794035,0.5911656222527261,1.005480388919487,1.3926647567630817,-0.38718436784359467,0.028292845830188994,0.08694112101821523,0.07098263189341225
ESO563-G021,core_refit,none,1.0,20.0,5.45,5.45,109.0,1.0000000135313019,0.0,0.0,0.6023320166540661,0.9990308377313676,310946826568.07947,0.0,310946830775.59485,1.0000000135313019,0.0,0.9998838240134924,2.580844561664223e-06,0.0,2.580844561664223e-06,False,True,1.335820343227204e-12,24,6,0,4.904071381560193,4.904071381560251,43.78827185269659,43.788274011877924,-2.1591813350596567e-06,0.18335239120314442,0.0,0.0
ESO563-G021,core_plummer,plummer,1.0,20.0,5.45,5.45,109.0,1.0000000135313019,0.0,0.0,0.6023320166540661,0.9990308377313676,310946826568.07947,0.0,310946830775.59485,1.0000000135313019,0.975730434750889,0.9998838240134924,2.580844561664223e-06,0.0,2.580844561664223e-06,False,True,6.952022083123592e-15,24,6,0,4.904071381560193,4.904071381560251,43.78827185269659,43.788274011877924,-2.1591813350596567e-06,0.18335239120314442,0.0,0.0
ESO563-G021,fixed_core_envelope,envelope,1.0,20.0,5.45,5.45,109.0,1.0,1033.64109631823,1035.6475446075326,0.6023320166540661,0.9990308377313676,310946826568.07947,23591568696.977165,334538395265.05664,1.075870106015737,0.20030741629880966,0.9998838240134924,2.5808445267420367e-06,3.4520221377397404e-08,2.615364748119434e-06,False,True,7.759959235335632e-07,24,6,0,4.891370716747645,4.904071381560251,41.63117915865613,43.788274011877924,-2.1570948532217926,0.1785852961342589,0.01497155634011132,0.010944539690791186
ESO563-G021,envelope_a0.5_q10,envelope,0.5,10.0,5.45,2.725,27.25,1.0000000135313019,0.0,0.0,0.6023320166540661,0.9990308377313676,310946826568.07947,0.0,310946830775.59485,1.0000000135313019,0.6005603748826399,0.9998838240134924,2.580844561664223e-06,0.0,2.580844561664223e-06,False,True,1.444415477259033e-14,24,6,0,4.904071381560193,4.904071381560251,43.78827185269659,43.788274011877924,-2.1591813350596567e-06,0.18335239120314442,0.0,0.0
ESO563-G021,envelope_a0.5_q20,envelope,0.5,20.0,5.45,2.725,54.5,1.0000000135313019,0.0,0.0,0.6023320166540661,0.9990308377313676,310946826568.07947,0.0,310946830775.59485,1.0000000135313019,0.3926623428686816,0.9998838240134924,2.580844561664223e-06,0.0,2.580844561664223e-06,False,True,2.512636646529164e-14,24,6,0,4.904071381560193,4.904071381560251,43.78827185269659,43.788274011877924,-2.1591813350596567e-06,0.18335239120314442,0.0,0.0
ESO563-G021,envelope_a0.5_q50,envelope,0.5,50.0,5.45,2.725,136.25,1.0000000135366671,0.0,0.0,0.6023320166540661,0.9990308377313676,310946826568.07947,0.0,310946830777.2631,1.0000000135366671,0.176452613001773,0.9998838240134924,2.58084456167807e-06,0.0,2.5808445616780703e-06,False,True,2.1357589771247745e-09,24,6,0,4.904071381560196,4.904071381560251,43.78827185184045,43.788274011877924,-2.1600374751074014e-06,0.18335239120123792,0.0,0.0
ESO563-G021,envelope_a1_q10,envelope,1.0,10.0,5.45,5.45,54.5,0.8469884588060858,25754.68261252757,25804.67621190505,0.6023320166540661,0.9990308377313676,310946826568.07947,278440344555.2304,541808717960.77124,1.7424481347525387,0.3656924642465306,0.9998838240134924,2.1859455281233594e-06,6.611084328724614e-07,2.847053960995821e-06,False,True,3.777324549496693e-08,24,6,0,4.641698585652541,4.904071381560251,23.933666086726134,43.788274011877924,-19.85460792515179,0.1342520000435638,0.2788453551351492,0.22775867861976326
ESO563-G021,envelope_a1_q20,envelope,1.0,20.0,5.45,5.45,109.0,0.8624124147026109,22380.81516561804,22424.259595664604,0.6023320166540661,0.9990308377313676,310946826568.07947,510814189136.56464,778978592681.256,2.5051826425721844,0.20030741629880966,0.9998838240134924,2.225752360279617e-06,7.474457980392535e-07,2.9731981583188703e-06,False,True,1.0501735719250854e-06,24,6,0,4.631326989999058,4.904071381560251,22.61888286653283,43.788274011877924,-21.169391145345095,0.13047565861155244,0.2762019402437668,0.21741891938583358
ESO563-G021,envelope_a1_q50,envelope,1.0,50.0,5.45,5.45,272.5,0.8667322119098113,21457.67216019858,21499.32463488404,0.6023320166540661,0.9990308377313676,310946826568.07947,1263025551322.0334,1532533182099.7214,4.92860209899645,0.0815488031812089,0.9998838240134924,2.2369010852584557e-06,9.358038157960163e-07,3.172704901054472e-06,False,True,1.4009608256575139e-08,24,6,0,4.627915264435413,4.904071381560251,22.151375986157195,43.788274011877924,-21.63689802572073,0.12911599559976047,0.276524192471204,0.21466184441302744
ESO563-G021,envelope_a2_q10,envelope,2.0,10.0,5.45,10.9,109.0,0.9519550522222469,15643.36016314435,15673.726209299139,0.6023320166540661,0.9990308377313676,310946826568.07947,338248594196.1298,634255996720.0879,2.039757098409307,0.16915473468635422,0.9998838240134924,2.4568479862322155e-06,4.015563879356575e-07,2.858404374167873e-06,False,True,8.34145141049421e-07,24,6,0,4.719166844738038,4.904071381560251,27.706485377229033,43.788274011877924,-16.08178863464889,0.1447741798677531,0.1619990773072071,0.11653791380320969
ESO563-G021,envelope_a2_q20,envelope,2.0,20.0,5.45,10.9,218.0,0.9524852545647334,15192.372485394782,15221.863098618604,0.6023320166540661,0.9990308377313676,310946826568.07947,693493903127.3026,989666170387.0958,3.182750508535632,0.0845565125855069,0.9998838240134924,2.4582163560458877e-06,5.073753968488179e-07,2.9655917528947054e-06,False,True,1.7047213348011768e-06,24,6,0,4.715235109614561,4.904071381560251,27.276805625031173,43.788274011877924,-16.51146838684675,0.1436431454495438,0.16528517582758975,0.11722340650517
ESO563-G021,envelope_a2_q50,envelope,2.0,50.0,5.45,10.9,545.0,0.95263157692572,15067.807995759635,15097.056811121483,0.6023320166540661,0.9990308377313676,310946826568.07947,1773820231661.3948,2070037997394.9927,6.657208951903464,0.03330916986921919,0.9998838240134924,2.45859399131038e-06,6.571314965035377e-07,3.1157254878139177e-06,False,True,1.4318232180073695e-06,24,6,0,4.71406858262102,4.904071381560251,27.146287913201984,43.788274011877924,-16.64198609867594,0.14329820880709584,0.1663096800005106,0.11743850093818711
F568-3,core_refit,none,1.0,20.0,4.99,4.99,99.80000000000001,1.0000000320777063,0.0,0.0,0.9851606890844924,0.8187651545624824,37874863868.35473,0.0,37874865083.29349,1.0000000320777063,0.0,0.9938639638268172,3.2261557758485736e-07,0.0,3.226155775848574e-07,False,True,3.715446923080124e-08,14,4,0,0.4965018598675669,0.49650185986758777,3.048020830493617,3.0480211255898557,-2.950962385561695e-07,0.1462260401188405,0.0,0.0
F568-3,core_plummer,plummer,1.0,20.0,4.99,4.99,99.80000000000001,1.0000000320777063,0.0,0.0,0.9851606890844924,0.8187651545624824,37874863868.35473,0.0,37874865083.29349,1.0000000320777063,0.8946690120263653,0.9938639638268172,3.2261557758485736e-07,0.0,3.226155775848574e-07,False,True,3.125359467114546e-09,14,4,0,0.4965018598675669,0.49650185986758777,3.048020830493617,3.0480211255898557,-2.950962385561695e-07,0.1462260401188405,0.0,0.0
F568-3,fixed_core_envelope,envelope,1.0,20.0,4.99,4.99,99.80000000000001,1.0,0.0,0.0,0.9851606890844924,0.8187651545624824,37874863868.35473,0.0,37874863868.35473,1.0,0.0758879413451148,0.9938639638268172,3.2261556723608997e-07,0.0,3.2261556723608997e-07,False,True,0.0,14,4,0,0.4965018598675869,0.49650185986758777,3.0480211255898557,3.0480211255898557,0.0,0.1462260512385926,0.0,0.0
F568-3,envelope_a0.5_q10,envelope,0.5,10.0,4.99,2.495,24.950000000000003,1.0000000320777063,0.0,0.0,0.9851606890844924,0.8187651545624824,37874863868.35473,0.0,37874865083.29349,1.0000000320777063,0.340346910758441,0.9938639638268172,3.2261557758485736e-07,0.0,3.226155775848574e-07,False,True,3.274083989989622e-09,14,4,0,0.4965018598675669,0.49650185986758777,3.048020830493617,3.0480211255898557,-2.950962385561695e-07,0.1462260401188405,0.0,0.0
F568-3,envelope_a0.5_q20,envelope,0.5,20.0,4.99,2.495,49.900000000000006,1.0000000320777063,0.0,0.0,0.9851606890844924,0.8187651545624824,37874863868.35473,0.0,37874865083.29349,1.0000000320777063,0.18374443365656526,0.9938639638268172,3.2261557758485736e-07,0.0,3.226155775848574e-07,False,True,3.4151454385768325e-09,14,4,0,0.4965018598675669,0.49650185986758777,3.048020830493617,3.0480211255898557,-2.950962385561695e-07,0.1462260401188405,0.0,0.0
F568-3,envelope_a0.5_q50,envelope,0.5,50.0,4.99,2.495,124.75,1.0000000320777063,0.0,0.0,0.9851606890844924,0.8187651545624824,37874863868.35473,0.0,37874865083.29349,1.0000000320777063,0.07437037166354285,0.9938639638268172,3.2261557758485736e-07,0.0,3.226155775848574e-07,False,True,3.4565709572793963e-09,14,4,0,0.4965018598675669,0.49650185986758777,3.048020830493617,3.0480211255898557,-2.950962385561695e-07,0.1462260401188405,0.0,0.0
F568-3,envelope_a1_q10,envelope,1.0,10.0,4.99,4.99,49.900000000000006,1.0000000320777063,0.0,0.0,0.9851606890844924,0.8187651545624824,37874863868.35473,0.0,37874865083.29349,1.0000000320777063,0.15266956176836258,0.9938639638268172,3.2261557758485736e-07,0.0,3.226155775848574e-07,False,True,1.3058232025120348e-08,14,4,0,0.4965018598675669,0.49650185986758777,3.048020830493617,3.0480211255898557,-2.950962385561695e-07,0.1462260401188405,0.0,0.0
F568-3,envelope_a1_q20,envelope,1.0,20.0,4.99,4.99,99.80000000000001,1.0000000320777063,0.0,0.0,0.9851606890844924,0.8187651545624824,37874863868.35473,0.0,37874865083.29349,1.0000000320777063,0.0758879413451148,0.9938639638268172,3.2261557758485736e-07,0.0,3.226155775848574e-07,False,True,1.3028981276647572e-08,14,4,0,0.4965018598675669,0.49650185986758777,3.048020830493617,3.0480211255898557,-2.950962385561695e-07,0.1462260401188405,0.0,0.0
F568-3,envelope_a1_q50,envelope,1.0,50.0,4.99,4.99,249.5,1.0000000320777063,0.0,0.0,0.9851606890844924,0.8187651545624824,37874863868.35473,0.0,37874865083.29349,1.0000000320777063,0.02984199833722068,0.9938639638268172,3.2261557758485736e-07,0.0,3.226155775848574e-07,False,True,1.3019582855469588e-08,14,4,0,0.4965018598675669,0.49650185986758777,3.048020830493617,3.0480211255898557,-2.950962385561695e-07,0.1462260401188405,0.0,0.0
F568-3,envelope_a2_q10,envelope,2.0,10.0,4.99,9.98,99.80000000000001,1.0000000318425848,0.0,0.0,0.9851606890844924,0.8187651545624824,37874863868.35473,0.0,37874865074.38829,1.0000000318425848,0.050816868375531635,0.9938639638268172,3.2261557750900355e-07,0.0,3.226155775090035e-07,False,True,3.6596364000245655e-08,14,4,0,0.4965018598675669,0.49650185986758777,3.0480208326565976,3.0480211255898557,-2.92933258094763e-07,0.14622604020034546,0.0,0.0
F568-3,envelope_a2_q20,envelope,2.0,20.0,4.99,9.98,199.60000000000002,1.0000000318397602,4.134496238079717e-12,6.1674253027913644e-12,0.9851606890844924,0.8187651545624824,37874863868.35473,0.0004207788501707135,37874865074.28173,1.0000000318397713,0.024549335591137023,0.9938639638268172,3.2261557750809225e-07,2.0557272393437743e-22,3.2261557750809246e-07,False,True,3.7091851909464915e-08,14,4,0,0.49650185986756684,0.49650185986758777,3.048020832682581,3.0480211255898557,-2.929072748791839e-07,0.14622604020132451,2.744199033008612e-16,1.0321472971588831e-16
F568-3,envelope_a2_q50,envelope,2.0,50.0,4.99,9.98,499.0,1.0000000320777063,0.0,0.0,0.9851606890844924,0.8187651545624824,37874863868.35473,0.0,37874865083.29349,1.0000000320777063,0.009572012915671647,0.9938639638268172,3.2261557758485736e-07,0.0,3.226155775848574e-07,False,True,1.500579579713865e-08,14,4,0,0.4965018598675669,0.49650185986758777,3.048020830493617,3.0480211255898557,-2.950962385561695e-07,0.1462260401188405,0.0,0.0
F568-V1,core_refit,none,1.0,20.0,2.85,2.85,57.0,0.999999999999,0.0,0.0,1.0017484736059228,1.0147022540209976,20251157714.383747,0.0,20251157714.363495,0.9999999999989999,0.0,0.9999757822040124,2.6906836560197013e-07,0.0,2.6906836560197013e-07,False,True,2.5224190279926596e-07,12,3,0,0.08429936096497159,0.08429936096497215,2.373312378209509,2.373312378203214,6.2949645496246376e-12,0.1636706367039462,0.0,0.0
F568-V1,core_plummer,plummer,1.0,20.0,2.85,2.85,57.0,0.9181374748996923,2091.3429162240845,2031.1780723776037,1.0017484736059228,1.0147022540209976,20251157714.383747,1348312187.096392,19941658994.77611,0.9847169863583746,0.9620434289464999,0.9999757822040124,2.470417497694271e-07,2.259990396085822e-08,2.6964165373028527e-07,False,True,9.267709277153951e-08,12,3,0,0.07328213038499122,0.08429936096497215,2.4971649764279533,2.373312378203214,0.12385259822473937,0.17039273835924504,0.06521532590056114,0.061227522198519325
F568-V1,fixed_core_envelope,envelope,1.0,20.0,2.85,2.85,57.0,1.0,91.46358751517403,88.83231532265151,1.0017484736059228,1.0147022540209976,20251157714.383747,1759895659.8108833,22011053374.19463,1.0869034592803,0.1537530478972194,0.9999757822040124,2.6906836560223917e-07,2.9609602285754296e-09,2.7202932583081456e-07,False,True,1.292299600663515e-13,12,3,0,0.08402317697061701,0.08429936096497215,2.3070695240389276,2.373312378203214,-0.06624285416428632,0.16080272590813702,0.013185806648309038,0.005614139284908743
F568-V1,envelope_a0.5_q10,envelope,0.5,10.0,2.85,1.425,14.25,0.5810166835338465,7020.114366835581,6818.156055078809,1.0017484736059228,1.0147022540209976,20251157714.383747,31992029278.917217,43758289771.849335,2.160779664501315,0.5248659771896815,0.9999757822040124,1.5633320942608552e-07,1.7467921037402788e-07,3.310124198001134e-07,False,True,3.156849663843339e-09,12,3,0,0.03692094343102515,0.08429936096497215,0.9444845788023768,2.373312378203214,-1.4288277994008372,0.09645666258705193,0.5879900481103818,0.45721817822577665
F568-V1,envelope_a0.5_q20,envelope,0.5,20.0,2.85,1.425,28.5,0.5167610896456376,7730.0830694866445,7507.700007776378,1.0017484736059228,1.0147022540209976,20251157714.383747,74369156150.3105,84834166477.3811,4.189102058946789,0.3213081044510136,0.9999757822040124,1.390440617977839e-07,2.502467829455846e-07,3.892908447433685e-07,False,True,7.350128270902901e-08,12,3,0,0.02847994935854119,0.08429936096497215,0.4005599388994681,2.373312378203214,-1.9727524393037459,0.056211773603711546,0.6954393110977415,0.5375971894796125
F568-V1,envelope_a0.5_q50,envelope,0.5,50.0,2.85,1.425,71.25,0.5046737058465846,7815.168885772681,7590.338030919221,1.0017484736059228,1.0147022540209976,20251157714.383747,193905237288.65588,204125464100.0576,10.07969356512758,0.13821379739067596,0.9999757822040124,1.3579172919456572e-07,3.303856010895637e-07,4.661773302841294e-07,False,True,3.503216069413692e-08,12,3,0,0.026514136499082377,0.08429936096497215,0.24420759057829797,2.373312378203214,-2.129104787624916,0.04043932873281275,0.7239362415775973,0.5547182051299042
F568-V1,envelope_a1_q10,envelope,1.0,10.0,2.85,2.85,28.5,0.829573586820506,4529.573747719054,4399.26460754482,1.0017484736059228,1.0147022540209976,20251157714.383747,41284300621.262726,58084126163.65181,2.8681879319124812,0.2920872570075892,0.9999757822040124,2.232120091525808e-07,1.1270790249805369e-07,3.3591991165063444e-07,False,True,1.2136208029109875e-07,12,3,0,0.07145500994324842,0.08429936096497215,0.900042735510619,2.373312378203214,-1.4732696426925949,0.09140172886901358,0.41785996060084124,0.24461257205091286
F568-V1,envelope_a1_q20,envelope,1.0,20.0,2.85,2.85,57.0,0.8414203049264112,4130.040540610841,4011.22538013294,1.0017484736059228,1.0147022540209976,20251157714.383747,79468131742.13358,96507867041.28319,4.765548143093901,0.1537530478972194,0.9999757822040124,2.2639958623108715e-07,1.337022318430716e-07,3.6010181807415877e-07,False,True,2.5583541272512116e-07,12,3,0,0.07194560169532477,0.08429936096497215,0.8647872372906106,2.373312378203214,-1.5085251409126035,0.09021725355809955,0.41761416101954435,0.23253154259791312
F568-V1,envelope_a1_q50,envelope,1.0,50.0,2.85,2.85,142.5,0.8445556842229665,4025.1890749848435,3909.390336159998,1.0017484736059228,1.0147022540209976,20251157714.383747,199741107101.99283,216844337461.7714,10.707750170142313,0.06163730979162143,0.9999757822040124,2.272432176139544e-07,1.701645263813809e-07,3.974077439953353e-07,False,True,3.514325394270057e-07,12,3,0,0.07207104360887225,0.08429936096497215,0.8508556867764661,2.373312378203214,-1.5224566914267479,0.08968277485435955,0.41855477953986464,0.2293521909543004
F568-V1,envelope_a2_q10,envelope,2.0,10.0,2.85,5.7,57.0,0.9544199953297823,2669.8469600412845,2593.039410117858,1.0017484736059228,1.0147022540209976,20251157714.383747,48668051631.398384,67996161482.583206,3.35764317485354,0.12319029090838393,0.9999757822040124,2.5680422824148127e-07,6.643292892815533e-08,3.2323715716963654e-07,False,True,1.3271963876159858e-07,12,3,0,0.07954552684395093,0.08429936096497215,1.4120649806842291,2.373312378203214,-0.9612473975189848,0.12203445612045745,0.23675765535213553,0.09378961285528382
F568-V1,envelope_a2_q20,envelope,2.0,20.0,2.85,5.7,114.0,0.9545916199007044,2629.386904278164,2553.7433303426656,1.0017484736059228,1.0147022540209976,20251157714.383747,101186641078.01393,120518226525.45216,5.9511771240540945,0.060665887036965876,0.9999757822040124,2.5685040698427644e-07,8.512141564328075e-08,3.419718226275572e-07,False,True,8.886227897110955e-09,12,3,0,0.07950802234615852,0.08429936096497215,1.3924580299826343,2.373312378203214,-0.9808543482205796,0.1212427542549902,0.24101495639260365,0.09393077528885714
F568-V1,envelope_a2_q50,envelope,2.0,50.0,2.85,5.7,285.0,0.9546395819022288,2618.177095788965,2542.856011471056,1.0017484736059228,1.0147022540209976,20251157714.383747,259842497810.58408,279175054544.07947,13.785634307010033,0.02378820507773924,0.9999757822040124,2.5686331204163763e-07,1.1068321442494872e-07,3.6754652646658633e-07,False,True,2.0869154635406718e-08,12,3,0,0.07949734453529765,0.08429936096497215,1.3866872520310778,2.373312378203214,-0.9866251261721362,0.12100980241056529,0.24227334927683863,0.09397195574895217
F571-8,core_refit,none,1.0,20.0,3.56,3.56,71.2,0.9999999981995666,0.0,0.0,0.544475249940636,0.9991666166259504,31707966970.950085,0.0,31707966913.862003,0.9999999981995666,0.0,0.9518094591579545,4.292985826855381e-07,0.0,4.292985826855381e-07,False,True,3.996802888650404e-14,10,3,0,0.3256433567574086,0.32564335675740835,4.582737013281906,4.5827369353740846,7.790782152738984e-08,0.0540399934268038,0.0,0.0
F571-8,core_plummer,plummer,1.0,20.0,3.56,3.56,71.2,0.9999999981995666,0.0,0.0,0.544475249940636,0.9991666166259504,31707966970.950085,0.0,31707966913.862003,0.9999999981995666,0.9262339161015174,0.9518094591579545,4.292985826855381e-07,0.0,4.292985826855381e-07,False,True,4.83424526357277e-15,10,3,0,0.3256433567574086,0.32564335675740835,4.582737013281906,4.5827369353740846,7.790782152738984e-08,0.0540399934268038,0.0,0.0
F571-8,fixed_core_envelope,envelope,1.0,20.0,3.56,3.56,71.2,1.0,0.0,0.0,0.544475249940636,0.9991666166259504,31707966970.950085,0.0,31707966970.950085,1.0,0.09900160419159602,0.9518094591579545,4.292985834584616e-07,0.0,4.292985834584616e-07,False,True,0.0,10,3,0,0.3256433567574085,0.32564335675740835,4.5827369353740846,4.5827369353740846,0.0,0.0540399926167246,0.0,0.0
F571-8,envelope_a0.5_q10,envelope,0.5,10.0,3.56,1.78,17.8,0.9999999981995666,0.0,0.0,0.544475249940636,0.9991666166259504,31707966970.950085,0.0,31707966913.862003,0.9999999981995666,0.40485599904691705,0.9518094591579545,4.292985826855381e-07,0.0,4.292985826855381e-07,False,True,6.657203354837751e-15,10,3,0,0.3256433567574086,0.32564335675740835,4.582737013281906,4.5827369353740846,7.790782152738984e-08,0.0540399934268038,0.0,0.0
F571-8,envelope_a0.5_q20,envelope,0.5,20.0,3.56,1.78,35.6,0.9999999981995666,0.0,0.0,0.544475249940636,0.9991666166259504,31707966970.950085,0.0,31707966913.862003,0.9999999981995666,0.22715914619298497,0.9518094591579545,4.292985826855381e-07,0.0,4.292985826855381e-07,False,True,6.965840129483317e-15,10,3,0,0.3256433567574086,0.32564335675740835,4.582737013281906,4.5827369353740846,7.790782152738984e-08,0.0540399934268038,0.0,0.0
F571-8,envelope_a0.5_q50,envelope,0.5,50.0,3.56,1.78,89.0,0.9999999981995666,0.0,0.0,0.544475249940636,0.9991666166259504,31707966970.950085,0.0,31707966913.862003,0.9999999981995666,0.09343801077203971,0.9518094591579545,4.292985826855381e-07,0.0,4.292985826855381e-07,False,True,7.057467101677837e-15,10,3,0,0.3256433567574086,0.32564335675740835,4.582737013281906,4.5827369353740846,7.790782152738984e-08,0.0540399934268038,0.0,0.0
F571-8,envelope_a1_q10,envelope,1.0,10.0,3.56,3.56,35.6,0.9999999981995666,0.0,0.0,0.544475249940636,0.9991666166259504,31707966970.950085,0.0,31707966913.862003,0.9999999981995666,0.19611232452801539,0.9518094591579545,4.292985826855381e-07,0.0,4.292985826855381e-07,False,True,1.9208633371262032e-14,10,3,0,0.3256433567574086,0.32564335675740835,4.582737013281906,4.5827369353740846,7.790782152738984e-08,0.0540399934268038,0.0,0.0
F571-8,envelope_a1_q20,envelope,1.0,20.0,3.56,3.56,71.2,0.9999999980059882,0.0,0.0,0.544475249940636,0.9991666166259504,31707966970.950085,0.0,31707966907.724022,0.9999999980059882,0.09900160419159602,0.9518094591579545,4.2929858260243514e-07,0.0,4.2929858260243514e-07,False,True,1.1305917379790469e-07,10,3,0,0.3256433567574083,0.32564335675740835,4.582737021658378,4.5827369353740846,8.628429348789268e-08,0.05403999351390167,0.0,0.0
F571-8,envelope_a1_q50,envelope,1.0,50.0,3.56,3.56,178.0,0.9999999981995666,0.0,0.0,0.544475249940636,0.9991666166259504,31707966970.950085,0.0,31707966913.862003,0.9999999981995666,0.03912198042382749,0.9518094591579545,4.292985826855381e-07,0.0,4.292985826855381e-07,False,True,1.942098248893366e-14,10,3,0,0.3256433567574086,0.32564335675740835,4.582737013281906,4.5827369353740846,7.790782152738984e-08,0.0540399934268038,0.0,0.0
F571-8,envelope_a2_q10,envelope,2.0,10.0,3.56,7.12,71.2,0.9999999978799688,0.0,0.0,0.544475249940636,0.9991666166259504,31707966970.950085,0.0,31707966903.728207,0.9999999978799688,0.07135908568901188,0.9518094591579545,4.2929858254833525e-07,0.0,4.2929858254833525e-07,False,True,3.2835510346004205e-07,10,3,0,0.32564335675740824,0.32564335675740835,4.582737027111452,4.5827369353740846,9.173736703615987e-08,0.054039993570602296,0.0,0.0
F571-8,envelope_a2_q20,envelope,2.0,20.0,3.56,7.12,142.4,0.999999997872355,0.0,0.0,0.544475249940636,0.9991666166259504,31707966970.950085,0.0,31707966903.48679,0.999999997872355,0.03464413742091506,0.9518094591579545,4.2929858254506666e-07,0.0,4.2929858254506666e-07,False,True,3.3576449736083904e-07,10,3,0,0.3256433567574081,0.32564335675740835,4.582737027440915,4.5827369353740846,9.206683060369869e-08,0.05403999357402801,0.0,0.0
F571-8,envelope_a2_q50,envelope,2.0,50.0,3.56,7.12,356.0,0.9999999978702496,0.0,0.0,0.544475249940636,0.9991666166259504,31707966970.950085,0.0,31707966903.42003,0.9999999978702496,0.013527401510238702,0.9518094591579545,4.292985825441628e-07,0.0,4.292985825441628e-07,False,True,3.3780513741797494e-07,10,3,0,0.3256433567574083,0.32564335675740835,4.582737027532012,4.5827369353740846,9.215792751149365e-08,0.05403999357497524,0.0,0.0
F574-1,core_refit,none,1.0,20.0,4.46,4.46,89.2,1.0000000015088029,0.0,0.0,1.0205811320949718,1.022797495012246,15965461495.02567,0.0,15965461519.114403,1.0000000015088029,0.0,0.9895009811569848,1.7616837287447808e-07,0.0,1.761683728744781e-07,False,True,6.039613253960487e-14,11,3,0,0.3816285446581563,0.38162854465815527,3.5524528948743104,3.5524529336874395,-3.881312915510193e-08,0.08879340388184724,0.0,0.0
F574-1,core_plummer,plummer,1.0,20.0,4.46,4.46,89.2,0.7686739453766277,4175.690023941414,3991.617707752869,1.0205811320949718,1.022797495012246,15965461495.02567,4224450694.2228785,16496684971.362892,1.033273292883061,0.837724602740492,0.9895009811569848,1.3541603802368985e-07,4.441273666275847e-08,1.7982877468644833e-07,False,True,2.051112665846627e-08,11,3,0,0.3170134046486312,0.38162854465815527,3.842859801580097,3.5524529336874395,0.2904068678926577,0.0925039256749538,0.22566352443336857,0.21658395103221043
F574-1,fixed_core_envelope,envelope,1.0,20.0,4.46,4.46,89.2,1.0,143.75192374459326,137.41506698355184,1.0205811320949718,1.022797495012246,15965461495.02567,4340393824.404783,20305855319.43045,1.2718614695702415,0.05280436823674008,0.9895009811569848,1.7616837260867474e-07,4.580321324142887e-09,1.8074869393281766e-07,False,True,8.171241461240484e-14,11,3,0,0.3789810093484707,0.38162854465815527,3.2232588513860034,3.5524529336874395,-0.3291940823014361,0.08453010997849832,0.014300324600193117,0.010121147503388574
F574-1,envelope_a0.5_q10,envelope,0.5,10.0,4.46,2.23,22.3,0.3066813750351367,8560.865321669722,8183.486182101663,1.0205811320949718,1.022797495012246,15965461495.02567,61219820128.93435,66116129813.29935,4.141197536563477,0.2650749788892029,0.9895009811569848,5.4027558749330685e-08,2.0965857819160218e-07,2.6368613694093286e-07,False,True,1.512274780965466e-07,11,3,0,0.10751610070681172,0.38162854465815527,0.023094012513167738,3.5524529336874395,-3.5293589211742717,0.007150697955044283,0.7700867608447461,0.7256718858197889
F574-1,envelope_a0.5_q20,envelope,0.5,20.0,4.46,2.23,44.6,0.36946756741351744,7481.882445365135,7152.066912298139,1.0205811320949718,1.022797495012246,15965461495.02567,112952632266.97095,118851352488.17226,7.4442791725878115,0.13774744354271296,0.9895009811569848,6.50885000829252e-08,2.3839281462502992e-07,3.034813147079551e-07,False,True,2.479596170303378e-08,11,3,0,0.12227954752222116,0.38162854465815527,0.003400260943136922,3.5524529336874395,-3.5490526727443026,0.0025476803163392027,0.7271983429894293,0.6718804456544478
F574-1,envelope_a0.5_q50,envelope,0.5,50.0,4.46,2.23,111.5,0.390951413048855,7143.336856783215,6828.44505375087,1.0205811320949718,1.022797495012246,15965461495.02567,278117992256.1161,284359711987.5735,17.8109296794315,0.05496665465377988,0.9895009811569848,6.88732742058786e-08,2.972225893498614e-07,3.6609586355573996e-07,False,True,8.906910594978177e-08,11,3,0,0.1278587820892435,0.38162854465815527,0.0018865148905284007,3.5524529336874395,-3.5505664187969113,0.0016678413616994776,0.7122456455692412,0.6532164294263496
F574-1,envelope_a1_q10,envelope,1.0,10.0,4.46,4.46,44.6,0.8778151510974127,2532.541993685967,2420.902751321297,1.0205811320949718,1.022797495012246,15965461495.02567,36221049974.93131,50235773969.52719,3.146528146723417,0.1077137713522433,0.9895009811569848,1.5464326662006912e-07,6.202283690443159e-08,2.1666610352450074e-07,False,True,6.822047868855561e-07,11,3,0,0.3369520113638462,0.38162854465815527,1.440588633418282,3.5524529336874395,-2.1118643002691577,0.056482912532865324,0.21956701813463228,0.16675984820324394
F574-1,envelope_a1_q20,envelope,1.0,20.0,4.46,4.46,89.2,0.879850682886206,2445.701164028322,2337.890029727988,1.0205811320949718,1.022797495012246,15965461495.02567,73844620316.51508,87891842515.50684,5.505123828890956,0.05280436823674008,0.9895009811569848,1.5500186294269407e-07,7.792658979634235e-08,2.3292845273903644e-07,False,True,3.4134450893798587e-07,11,3,0,0.3366245653072075,0.38162854465815527,1.4202071242583487,3.5524529336874395,-2.132245809429091,0.056086855351700084,0.21907442384272643,0.1650732916332579
F574-1,envelope_a1_q50,envelope,1.0,50.0,4.46,4.46,223.0,0.8804082487094694,2421.969088718122,2315.204109195863,1.0205811320949718,1.022797495012246,15965461495.02567,188593424548.08755,202649548542.76157,12.692996604319939,0.02067742010637209,0.9895009811569848,1.551000884064006e-07,1.0077418135343167e-07,2.558742697598323e-07,False,True,2.06787532746319e-07,11,3,0,0.3365231970796685,0.38162854465815527,1.4140434000052375,3.5524529336874395,-2.1384095336822018,0.055966498560453264,0.2189795247420391,0.16461935599010316
F574-1,envelope_a2_q10,envelope,2.0,10.0,4.46,8.92,89.2,0.9303373925757746,3348.544459796198,3200.9342849410223,1.0205811320949718,1.022797495012246,15965461495.02567,95783443294.48227,110636709113.03339,6.929753276941244,0.031725471616063886,0.9895009811569848,1.6389602442707198e-07,8.200702196250749e-08,2.4590304638957945e-07,False,True,1.478095063251654e-07,11,3,0,0.34202911087046356,0.38162854465815527,1.4882712317624343,3.5524529336874395,-2.0641817019250053,0.0574427576570782,0.17133279552662614,0.11412065805475045
F574-1,envelope_a2_q20,envelope,2.0,20.0,4.46,8.92,178.4,0.9304018239488356,3309.785058604681,3163.88347148243,1.0205811320949718,1.022797495012246,15965461495.02567,199868916592.71167,214723211087.86847,13.449232967977117,0.015260467196459418,0.9895009811569848,1.6390737519720907e-07,1.0545861709086674e-07,2.693659922880758e-07,False,True,1.055555644415038e-09,11,3,0,0.3418315089411228,0.38162854465815527,1.479368465191013,3.5524529336874395,-2.0730844684964262,0.057272100794822235,0.17185140869739068,0.11420369181112676
F574-1,envelope_a2_q50,envelope,2.0,50.0,4.46,8.92,446.0,0.9304197999268898,3299.0376067651105,3153.6097876529107,1.0205811320949718,1.022797495012246,15965461495.02567,513777655438.25275,528632236928.195,33.11099006395149,0.0059428683273139915,0.9895009811569848,1.6391054199600894e-07,1.372675710951781e-07,3.0117811309118705e-07,False,True,1.2351525031495693e-07,11,3,0,0.3417756730691233,0.38162854465815527,1.4768480711524272,3.5524529336874395,-2.0756048625350125,0.05722369615603715,0.17199887214818937,0.114227356050185
F583-1,core_refit,none,1.0,20.0,2.36,2.36,47.199999999999996,0.999999999999,0.0,0.0,0.9812968210064564,0.9988296312070528,10775626068.674387,0.0,10775626068.663612,0.9999999999990001,0.0,0.9990833329451128,1.2229280663396645e-07,0.0,1.2229280663396645e-07,False,True,3.4587652636011523e-07,20,5,0,0.11255018844680746,0.11255018844680761,3.6221041212044547,3.622104121193425,1.1029843705046005e-11,0.12450576223324372,0.0,0.0
F583-1,core_plummer,plummer,1.0,20.0,2.36,2.36,47.199999999999996,0.999999999999,0.0,0.0,0.9812968210064564,0.9988296312070528,10775626068.674387,0.0,10775626068.663612,0.9999999999990001,0.9692130460306277,0.9990833329451128,1.2229280663396645e-07,0.0,1.2229280663396645e-07,False,True,8.467911959981887e-08,20,5,0,0.11255018844680746,0.11255018844680761,3.6221041212044547,3.622104121193425,1.1029843705046005e-11,0.12450576223324372,0.0,0.0
F583-1,fixed_core_envelope,envelope,1.0,20.0,2.36,2.36,47.199999999999996,1.0,0.0,0.0,0.9812968210064564,0.9988296312070528,10775626068.674387,0.0,10775626068.674387,1.0,0.1745182671527217,0.9990833329451128,1.2229280663408874e-07,0.0,1.2229280663408874e-07,False,True,0.0,20,5,0,0.11255018844680767,0.11255018844680761,3.6221041211934235,3.622104121193425,-1.3322676295501878e-15,0.12450576223290746,0.0,0.0
F583-1,envelope_a0.5_q10,envelope,0.5,10.0,2.36,1.18,11.799999999999999,0.9999999992882034,0.0,0.0,0.9812968210064564,0.9988296312070528,10775626068.674387,0.0,10775626061.004333,0.9999999992882035,0.5610667601634485,0.9990833329451128,1.2229280654704112e-07,0.0,1.2229280654704112e-07,False,True,1.0069794135247989e-07,20,5,0,0.11255018844680745,0.11255018844680761,3.622104129045104,3.622104121193425,7.851679306725146e-09,0.12450576247225623,0.0,0.0
F583-1,envelope_a0.5_q20,envelope,0.5,20.0,2.36,1.18,23.599999999999998,0.999999998828957,0.0,0.0,0.9812968210064564,0.9988296312070528,10775626068.674387,0.0,10775626056.055666,0.9999999988289571,0.3540785875801014,0.9990833329451128,1.222928064908786e-07,0.0,1.2229280649087857e-07,False,True,2.514224083440854e-07,20,5,0,0.11255018844680746,0.11255018844680761,3.6221041341109554,3.622104121193425,1.2917530600731197e-08,0.12450576262668245,0.0,0.0
F583-1,envelope_a0.5_q50,envelope,0.5,50.0,2.36,1.18,59.0,0.999999999999,0.0,0.0,0.9812968210064564,0.9988296312070528,10775626068.674387,0.0,10775626068.663612,0.9999999999990001,0.15522517204975905,0.9990833329451128,1.2229280663396645e-07,0.0,1.2229280663396645e-07,False,True,1.1973415551706818e-07,20,5,0,0.11255018844680746,0.11255018844680761,3.6221041212044547,3.622104121193425,1.1029843705046005e-11,0.12450576223324372,0.0,0.0
F583-1,envelope_a1_q10,envelope,1.0,10.0,2.36,2.36,23.599999999999998,0.999999999999,0.0,0.0,0.9812968210064564,0.9988296312070528,10775626068.674387,0.0,10775626068.663612,0.9999999999990001,0.3258273545419781,0.9990833329451128,1.2229280663396645e-07,0.0,1.2229280663396645e-07,False,True,2.5413782302604347e-07,20,5,0,0.11255018844680746,0.11255018844680761,3.6221041212044547,3.622104121193425,1.1029843705046005e-11,0.12450576223324372,0.0,0.0
F583-1,envelope_a1_q20,envelope,1.0,20.0,2.36,2.36,47.199999999999996,0.9999999990331702,0.0,0.0,0.9812968210064564,0.9988296312070528,10775626068.674387,0.0,10775626058.25619,0.99999999903317,0.1745182671527217,0.9990833329451128,1.2229280651585241e-07,0.0,1.222928065158524e-07,False,True,4.059567728672149e-07,20,5,0,0.11255018844680749,0.11255018844680761,3.622104131858324,3.622104121193425,1.0664899185997001e-08,0.12450576255801374,0.0,0.0
F583-1,envelope_a1_q50,envelope,1.0,50.0,2.36,2.36,118.0,0.999999999999,0.0,0.0,0.9812968210064564,0.9988296312070528,10775626068.674387,0.0,10775626068.663612,0.9999999999990001,0.07041861119364846,0.9990833329451128,1.2229280663396645e-07,0.0,1.2229280663396645e-07,False,True,2.5604975766597053e-07,20,5,0,0.11255018844680746,0.11255018844680761,3.6221041212044547,3.622104121193425,1.1029843705046005e-11,0.12450576223324372,0.0,0.0
F583-1,envelope_a2_q10,envelope,2.0,10.0,2.36,4.72,47.199999999999996,0.999999999999,0.0,0.0,0.9812968210064564,0.9988296312070528,10775626068.674387,0.0,10775626068.663612,0.9999999999990001,0.14354452546340485,0.9990833329451128,1.2229280663396645e-07,0.0,1.2229280663396645e-07,False,True,3.2401102683039904e-07,20,5,0,0.11255018844680746,0.11255018844680761,3.6221041212044547,3.622104121193425,1.1029843705046005e-11,0.12450576223324372,0.0,0.0
F583-1,envelope_a2_q20,envelope,2.0,20.0,2.36,4.72,94.39999999999999,0.999999999999,0.0,0.0,0.9812968210064564,0.9988296312070528,10775626068.674387,0.0,10775626068.663612,0.9999999999990001,0.07113933033875412,0.9990833329451128,1.2229280663396645e-07,0.0,1.2229280663396645e-07,False,True,3.2377664759233296e-07,20,5,0,0.11255018844680746,0.11255018844680761,3.6221041212044547,3.622104121193425,1.1029843705046005e-11,0.12450576223324372,0.0,0.0
F583-1,envelope_a2_q50,envelope,2.0,50.0,2.36,4.72,236.0,0.999999999999,0.0,0.0,0.9812968210064564,0.9988296312070528,10775626068.674387,0.0,10775626068.663612,0.9999999999990001,0.027948930380894983,0.9990833329451128,1.2229280663396645e-07,0.0,1.2229280663396645e-07,False,True,3.237090840726326e-07,20,5,0,0.11255018844680746,0.11255018844680761,3.6221041212044547,3.622104121193425,1.1029843705046005e-11,0.12450576223324372,0.0,0.0
F583-4,core_refit,none,1.0,20.0,1.93,1.93,38.6,1.0000000071759707,0.0,0.0,1.0381231934214143,1.0262397024744687,3518421625.0033484,0.0,3518421650.251439,1.0000000071759707,0.0,0.9874981259240024,6.458389418662507e-08,0.0,6.458389418662505e-08,False,True,3.996802888650404e-14,9,3,0,0.5050550911661884,0.5050550911661892,4.49670700613346,4.496707119353793,-1.13220333552988e-07,0.14510547386749637,0.0,0.0
F583-4,core_plummer,plummer,1.0,20.0,1.93,1.93,38.6,0.8341286958736998,1237.3117174169636,1174.847510802959,1.0381231934214143,1.0262397024744687,3518421625.0033484,547301470.8597447,3482117912.457611,0.9896818186064603,0.9033773502592918,0.9874981259240024,5.3871279045755866e-08,1.3071941487493667e-08,6.694322053324952e-08,False,True,9.832796190172306e-08,9,3,0,0.4306347862898244,0.5050550911661892,4.888283716942181,4.496707119353793,0.39157659758838737,0.15221288629114002,0.14573710336601142,0.14483029638524902
F583-4,fixed_core_envelope,envelope,1.0,20.0,1.93,1.93,38.6,1.0,57.8523473485972,54.93174057908242,1.0381231934214143,1.0262397024744687,3518421625.0033484,763733696.8286783,4282155321.8320265,1.2170671335695735,0.08112690386779463,0.9874981259240024,6.458389372317293e-08,1.8309857009841046e-09,6.641487942415704e-08,False,True,5.5067062021404735e-14,9,3,0,0.5030284566778638,0.5050550911661892,4.241212708392962,4.496707119353793,-0.25549441096083125,0.14047728920211222,0.017520487891510516,0.013307350255290135
F583-4,envelope_a0.5_q10,envelope,0.5,10.0,1.93,0.965,9.65,0.19888566800205695,3149.288868807094,2990.3007756537995,1.0381231934214143,1.0262397024744687,3518421625.0033484,9846737911.01987,10546501546.221544,2.9975093011234852,0.3558386608536946,0.9874981259240024,1.2844810845307102e-08,7.661065162668987e-08,8.945546247199698e-08,False,True,7.446069694834352e-08,9,3,0,0.2466831344421906,0.5050550911661892,2.400358110752674,4.496707119353793,-2.0963490086011194,0.10613104503227137,0.8352711643349928,0.809726100020233
F583-4,envelope_a0.5_q20,envelope,0.5,20.0,1.93,0.965,19.3,0.023813593744486123,3566.2021325412684,3386.16667041908,1.0381231934214143,1.0262397024744687,3518421625.0033484,23539483384.42054,23623269647.620186,6.714166795628908,0.19379641105972226,0.9874981259240024,1.5379746075607075e-09,1.1286776441682991e-07,1.1440573902439062e-07,False,True,5.3742279291806985e-08,9,3,0,0.19121834309860392,0.5050550911661892,1.4356694152583926,4.496707119353793,-3.0610377040954004,0.0816024991560832,0.9821860509260044,0.9780550593556687
F583-4,envelope_a0.5_q50,envelope,0.5,50.0,1.93,0.965,48.25,0.0,3572.8048118564784,3392.436021342466,1.0381231934214143,1.0262397024744687,3518421625.0033484,60819485452.863014,60819485452.863014,17.286013995780035,0.07871358496754971,0.9874981259240024,0.0,1.4766299069995222e-07,1.4766299069995222e-07,False,True,2.778781748023105e-08,9,3,0,0.17405462748662745,0.5050550911661892,1.1879219370774952,4.496707119353793,-3.3087851822762984,0.07403575152983206,1.0,1.0
F583-4,envelope_a1_q10,envelope,1.0,10.0,1.93,1.93,19.3,0.3214568886819292,3635.628500100172,3452.0881305996613,1.0381231934214143,1.0262397024744687,3518421625.0033484,22734707722.05209,23865728590.696884,6.783078077140392,0.162659606336437,0.9874981259240024,2.0760937535215545e-08,8.844151174063041e-08,1.0920244927584596e-07,False,True,9.669249473741616e-08,9,3,0,0.38466023557962814,0.5050550911661892,1.0605837544200853,4.496707119353793,-3.436123364933708,0.0678580065458231,0.7680364946757609,0.717455824376876
F583-4,envelope_a1_q20,envelope,1.0,20.0,1.93,1.93,38.6,0.3699920341217423,3278.112468558698,3112.620869588419,1.0381231934214143,1.0262397024744687,3518421625.0033484,43275771320.85421,44577559294.787125,12.669760490897591,0.08112690386779463,0.9874981259240024,2.389552621013918e-08,1.037499311822517e-07,1.276454573923909e-07,False,True,3.914979654383369e-09,9,3,0,0.39004057957283067,0.5050550911661892,1.0955632296983995,4.496707119353793,-3.401143889655394,0.0691884099349332,0.7319805293137428,0.6737864039914089
F583-4,envelope_a1_q50,envelope,1.0,50.0,1.93,1.93,96.5,0.382818786617937,3184.618699012373,3023.847021510433,1.0381231934214143,1.0262397024744687,3518421625.0033484,108422867095.75731,109769784993.0514,31.198587518045663,0.03193562124131407,0.9874981259240024,2.472392783016686e-08,1.3161937080207003e-07,1.563432986322369e-07,False,True,3.957011929300041e-10,9,3,0,0.3914220266119789,0.5050550911661892,1.1032927082576356,4.496707119353793,-3.393414411096158,0.0694911820902218,0.7224741413543675,0.6622100854522441
F583-4,envelope_a2_q10,envelope,2.0,10.0,1.93,3.86,38.6,0.7959832982627402,2012.029027875072,1910.4541416589009,1.0381231934214143,1.0262397024744687,3518421625.0033484,25163677683.659935,27964282533.40905,7.947962329097622,0.05537045029681967,0.9874981259240024,5.140770074042147e-08,4.8945289345817224e-08,1.0035299008623869e-07,False,True,1.010447809910295e-07,9,3,0,0.4621931323145023,0.5050550911661892,2.398075672081195,4.496707119353793,-2.098631447272598,0.10475896229812881,0.3350209756033777,0.2571295709981135
F583-4,envelope_a2_q20,envelope,2.0,20.0,1.93,3.86,77.2,0.7965393943932508,1978.4460637628856,1878.566573443711,1.0381231934214143,1.0262397024744687,3518421625.0033484,52236633274.32519,55039194704.72547,15.643149278527156,0.026777676284339406,0.9874981259240024,5.144361559381424e-08,6.26164126252341e-08,1.1406002821904833e-07,False,True,6.500590576343693e-08,9,3,0,0.4618563734408149,0.5050550911661892,2.3812551626602,4.496707119353793,-2.1154519566935934,0.10439540089442954,0.33573571698501203,0.2569082422380129
F583-4,envelope_a2_q50,envelope,2.0,50.0,1.93,3.86,193.0,0.7966944761690405,1969.1407348169748,1869.7310129334392,1.0381231934214143,1.0262397024744687,3518421625.0033484,134081913323.00737,136885020396.48123,38.90523507010078,0.010444066474235479,0.9874981259240024,5.1453631378740244e-08,8.13840176903166e-08,1.3283764906905686e-07,False,True,1.0269004591367267e-07,9,3,0,0.4617604069497409,0.5050550911661892,2.376437212147536,4.496707119353793,-2.120269907206257,0.1042911156085269,0.33594486024585946,0.25684838986580766
IC2574,core_refit,none,1.0,20.0,2.78,2.78,55.599999999999994,1.0000000019385853,0.0,0.0,1.033570724332725,1.0172424435028358,18416154584.702885,0.0,18416154620.40417,1.0000000019385853,0.0,0.3847513783300273,8.896215983925428e-08,0.0,8.896215983925428e-08,False,True,1.3144175905809315e-06,27,7,0,2.618999228035108,2.6189992280351055,1.4801002762829751,1.4801003096351333,-3.335215814637138e-08,0.03611298911339206,0.0,0.0
IC2574,core_plummer,plummer,1.0,20.0,2.78,2.78,55.599999999999994,0.9760202241758513,81.06751256100435,78.34258594074885,1.033570724332725,1.0172424435028358,18416154584.702885,52338564.78372167,18026877891.002563,0.978862216218381,0.8986401611007774,0.3847513783300273,8.68288670211517e-08,8.716788263835961e-10,8.770054584753532e-08,False,True,3.5749345629919046e-05,27,7,0,2.5122393355891215,2.6189992280351055,1.77556844077651,1.4801003096351333,0.2954681311413767,0.041608669140968835,0.006755011035616442,0.010080189254609804
IC2574,fixed_core_envelope,envelope,1.0,20.0,2.78,2.78,55.599999999999994,1.0,16.97629980715711,16.405674536976896,1.033570724332725,1.0172424435028358,18416154584.702885,327108233.8838041,18743262818.58669,1.0177620269410375,0.07819366789637448,0.3847513783300273,8.896215966679354e-08,5.468342196249679e-10,8.950899388641852e-08,False,True,1.1495249196955657e-12,27,7,0,2.6121725849427615,2.6189992280351055,1.4157140766202652,1.4801003096351333,-0.06438623301486812,0.03481766593758419,0.0035968226904530493,0.004141182055230365
IC2574,envelope_a0.5_q10,envelope,0.5,10.0,2.78,1.39,13.899999999999999,0.9718563592592827,56.953532927583076,55.039150789915,1.033570724332725,1.0172424435028358,18416154584.702885,259913011.90035734,18157769958.14585,0.9859696754081518,0.34723167865031257,0.3847513783300273,8.645844060561298e-08,1.4100873200867614e-09,8.786852792569975e-08,False,True,1.258215040137212e-05,27,7,0,2.550770238442587,2.6189992280351055,1.7369736747898494,1.4801003096351333,0.25687336515471615,0.040915365663958085,0.012936336666731883,0.016410675427281612
IC2574,envelope_a0.5_q20,envelope,0.5,20.0,2.78,1.39,27.799999999999997,0.9701598421242265,57.16496069881428,55.24347182820364,1.033570724332725,1.0172424435028358,18416154584.702885,550742197.8475772,18417355822.278275,1.000065227383375,0.18818447573175243,0.3847513783300273,8.630751477736665e-08,1.841376332223418e-09,8.814889110959005e-08,False,True,2.9331002879252647e-05,27,7,0,2.550487880764047,2.6189992280351055,1.734415666504233,1.4801003096351333,0.2543153568690997,0.04086940946036727,0.01485288460390602,0.01819245891865903
IC2574,envelope_a0.5_q50,envelope,0.5,50.0,2.78,1.39,69.5,0.9695900706556017,57.30842389224325,55.38211278566592,1.033570724332725,1.0172424435028358,18416154584.702885,1423899664.782091,19280020289.768642,1.0469080394114043,0.07628383466327421,0.3847513783300273,8.625682667700127e-08,2.410624210380041e-09,8.866745088738132e-08,False,True,6.223022007728437e-07,27,7,0,2.5502979031301414,2.6189992280351055,1.7326625985342257,1.4801003096351333,0.2525622888990924,0.040837873224713016,0.015564383619275306,0.01881345133192089
IC2574,envelope_a1_q10,envelope,1.0,10.0,2.78,2.78,27.799999999999997,0.9136442399201786,264.1262512154796,255.24816145660424,1.033570724332725,1.0172424435028358,18416154584.702885,2410731905.3465786,19236545463.13996,1.044547349701252,0.15707637845914021,0.3847513783300273,8.127976475042516e-08,6.539384979234923e-09,8.781914972966008e-08,False,True,3.627049230879681e-06,27,7,0,2.5134923905566584,2.6189992280351055,2.047717838330164,1.4801003096351333,0.5676175286950307,0.0462086938741389,0.05526059645511408,0.0638994645582104
IC2574,envelope_a1_q20,envelope,1.0,20.0,2.78,2.78,55.599999999999994,0.9107547463586373,266.6910959527814,257.72679393105614,1.033570724332725,1.0172424435028358,18416154584.702885,5138743682.700038,21911343880.39257,1.1897893113143672,0.07819366789637448,0.3847513783300273,8.102270916284714e-08,8.59055383051041e-09,8.961326299335757e-08,False,True,6.644263362300414e-06,27,7,0,2.5123962626101037,2.6189992280351055,2.042890689286377,1.4801003096351333,0.5627903796512439,0.046128958032872376,0.058615821629526756,0.06692769754062916
IC2574,envelope_a1_q50,envelope,1.0,50.0,2.78,2.78,139.0,0.9098737140616052,267.55435658162105,258.5610377343706,1.033570724332725,1.0172424435028358,18416154584.702885,13295447083.447811,30051822054.164085,1.6318185165064916,0.0307627569266299,0.3847513783300273,8.094433062696698e-08,1.1254418910229497e-08,9.219874953719648e-08,False,True,8.681308439819123e-06,27,7,0,2.5120241866724373,2.6189992280351055,2.041193943592556,1.4801003096351333,0.5610936339574226,0.04610087389823359,0.05965607399051632,0.06785413850014786
IC2574,envelope_a2_q10,envelope,2.0,10.0,2.78,5.56,55.599999999999994,0.778457131038041,1385.97810448226,1339.3911485897504,1.033570724332725,1.0172424435028358,18416154584.702885,25300185961.911983,39636372824.67286,2.1522610837333134,0.05281253921989415,0.3847513783300273,6.925322758516023e-08,3.431481860016117e-08,1.035680461853214e-07,False,True,5.197294724647367e-07,27,7,0,2.563516030966111,2.6189992280351055,2.0536425659304505,1.4801003096351333,0.5735422562953172,0.04626802557423402,0.19500296163306696,0.2025969227986186
IC2574,envelope_a2_q20,envelope,2.0,20.0,2.78,5.56,111.19999999999999,0.7703992727860333,1418.8608270012767,1371.1685824042306,1.033570724332725,1.0172424435028358,18416154584.702885,54678706728.733734,68866498828.30402,3.7394613794948803,0.025525304066292154,0.3847513783300273,6.853638311277272e-08,4.570381425300775e-08,1.1424019736578048e-07,False,True,5.293626304486952e-06,27,7,0,2.562064613381349,2.6189992280351055,2.0510963445383115,1.4801003096351333,0.5709960349031782,0.046224117675911496,0.20361778571908695,0.21078555368342775
IC2574,envelope_a2_q50,envelope,2.0,50.0,2.78,5.56,278.0,0.7680158281734483,1428.6741513346203,1380.6520509437505,1.033570724332725,1.0172424435028358,18416154584.702885,141988804228.3813,156132702443.52213,8.47802953246339,0.009953883250567792,0.3847513783300273,6.832434673259098e-08,6.009581600825604e-08,1.2842016274084703e-07,False,True,2.2063914134783244e-07,27,7,0,2.561629923332514,2.6189992280351055,2.050267539919574,1.4801003096351333,0.5701672302844405,0.046209859412875455,0.20616976419164987,0.21320899635436902
IC4202,core_refit,none,1.0,20.0,4.78,4.78,95.60000000000001,1.0000000155948392,0.0,0.0,0.6597503119230037,1.0,49456690570.52468,0.0,49456691341.793816,1.0000000155948392,0.0,0.9999992946951328,8.216896267759529e-07,0.0,8.216896267759529e-07,False,True,8.721912081447622e-13,25,7,0,5.969846316855403,5.969846316855437,32.02934458555865,32.02934534313694,-7.575782916546814e-07,0.15327916794497481,0.0,0.0
IC4202,core_plummer,plummer,1.0,20.0,4.78,4.78,95.60000000000001,1.0000000155948392,0.0,0.0,0.6597503119230037,1.0,49456690570.52468,0.0,49456691341.793816,1.0000000155948392,0.9510006581802882,0.9999992946951328,8.216896267759529e-07,0.0,8.216896267759529e-07,False,True,3.390176819491733e-14,25,7,0,5.969846316855403,5.969846316855437,32.02934458555865,32.02934534313694,-7.575782916546814e-07,0.15327916794497481,0.0,0.0
IC4202,fixed_core_envelope,envelope,1.0,20.0,4.78,4.78,95.60000000000001,1.0,1338.859381246661,1338.859381246661,0.6597503119230037,1.0,49456690570.52468,29299138857.140446,78755829427.66513,1.5924201259556623,0.13077838520678936,0.9999992946951328,8.216896139618355e-07,4.4626883416553326e-08,8.663164973783888e-07,False,True,5.222489107834009e-13,25,7,0,5.918741047396595,5.969846316855437,28.703420330081848,32.02934534313694,-3.325925013055091,0.14390246737101145,0.07190491139656517,0.04788828572348954
IC4202,envelope_a0.5_q10,envelope,0.5,10.0,4.78,2.39,23.900000000000002,0.9205642879461924,4201.86304479043,4201.86304479043,0.6597503119230037,1.0,49456690570.52468,21778135509.887634,67306198649.11785,1.3609118983232404,0.479345929458525,0.9999992946951328,7.564181143895587e-07,1.0765053085240902e-07,8.640686452419679e-07,False,True,6.125567338527699e-07,25,7,0,5.897911848872496,5.969846316855437,26.502916688112258,32.02934534313694,-5.526428655024681,0.13745297621228655,0.1865243127319677,0.14923033790973636
IC4202,envelope_a0.5_q20,envelope,0.5,20.0,4.78,2.39,47.800000000000004,0.9155137946140159,4258.367316055025,4258.367316055025,0.6597503119230037,1.0,49456690570.52468,46594323886.9604,91872606340.23267,1.8576375669379528,0.28320773543897004,0.9999992946951328,7.522681764731259e-07,1.4193997100838e-07,8.942081474815059e-07,False,True,1.0221910362007462e-08,25,7,0,5.8619314801020845,5.969846316855437,24.665379025820044,32.02934534313694,-7.363966317316894,0.13210922685435053,0.22567029942684358,0.17136715153133256
IC4202,envelope_a0.5_q50,envelope,0.5,50.0,4.78,2.39,119.5,0.9144403780487348,4248.789160411595,4248.789160411595,0.6597503119230037,1.0,49456690570.52468,119894028751.84808,165119223574.19797,3.3386630134246413,0.11943745077094814,0.9999992946951328,7.513861612299798e-07,1.849375818240612e-07,9.36323743054041e-07,False,True,1.1505298356038584e-06,25,7,0,5.848946044967593,5.969846316855437,23.935160775378712,32.02934534313694,-8.094184567758226,0.1299956519163621,0.24048765030079214,0.17827303011609377
IC4202,envelope_a1_q10,envelope,1.0,10.0,4.78,4.78,47.800000000000004,0.9344607351292166,5703.881660597525,5703.881660597525,0.6597503119230037,1.0,49456690570.52468,59126109734.04601,105341445161.63669,2.1299735980397028,0.25304089794730844,0.9999992946951328,7.67836680710819e-07,1.4613181870454536e-07,9.139684994153642e-07,False,True,6.378295199664267e-06,25,7,0,5.768524348492299,5.969846316855437,22.677085122803323,32.02934534313694,-9.352260220333616,0.12581949367925838,0.24455947800193759,0.17847198515707344
IC4202,envelope_a1_q20,envelope,1.0,20.0,4.78,4.78,95.60000000000001,0.9348682452250809,5540.841769268169,5540.841769268169,0.6597503119230037,1.0,49456690570.52468,121253878231.83441,167489367760.14062,3.3865866443550785,0.13077838520678936,0.9999992946951328,7.681715275241753e-07,1.8468743105527408e-07,9.528589585794493e-07,False,True,1.3979291048216953e-05,25,7,0,5.759019932130699,5.969846316855437,22.100007722292624,32.02934534313694,-9.929337620844315,0.12412503795468544,0.2553818692949949,0.1821075512475941
IC4202,envelope_a1_q50,envelope,1.0,50.0,4.78,4.78,239.0,0.9349772956747632,5495.645768438952,5495.645768438952,0.6597503119230037,1.0,49456690570.52468,310156652587.2809,356397535389.9336,7.206255236219551,0.05208658846453364,0.9999992946951328,7.68261133146077e-07,2.392096667084975e-07,1.0074707998545747e-06,False,True,4.63858309497601e-06,25,7,0,5.756122622332976,5.969846316855437,21.913874033662836,32.02934534313694,-10.115471309474103,0.12357927801865265,0.2589114720953028,0.18323555241831244
IC4202,envelope_a2_q10,envelope,2.0,10.0,4.78,9.56,95.60000000000001,0.9537413917698911,8725.469990913547,8725.469990913547,0.6597503119230037,1.0,49456690570.52468,180895441687.6296,228064334584.69467,4.611394979198568,0.10104557722971252,0.9999992946951328,7.836793960228255e-07,2.235440485436993e-07,1.0072234445665248e-06,False,True,5.123533253044926e-06,25,7,0,5.709972886526661,5.969846316855437,19.9683756681106,32.02934534313694,-12.060969675026339,0.11743719974379875,0.27928755182791687,0.18372122542908295
IC4202,envelope_a2_q20,envelope,2.0,20.0,4.78,9.56,191.20000000000002,0.9537607222203386,8610.498059185138,8610.498059185138,0.6597503119230037,1.0,49456690570.52468,376858364364.29395,424028213281.4654,8.573728011113197,0.049442455998512234,0.9999992946951328,7.836952796531914e-07,2.870052661452135e-07,1.070700545798405e-06,False,True,3.715664078275171e-06,25,7,0,5.706957300463225,5.969846316855437,19.766371055981555,32.02934534313694,-12.262974287155384,0.11682151467411504,0.2831620299145327,0.18495972990478826
IC4202,envelope_a2_q50,envelope,2.0,50.0,4.78,9.56,478.0,0.953765964233307,8578.570302774426,8578.570302774426,0.6597503119230037,1.0,49456690570.52468,968294086337.7188,1015464194507.5035,20.53239274187712,0.0193501309497672,0.9999992946951328,7.836995869608038e-07,3.734005118646832e-07,1.157100098825487e-06,False,True,3.973047582269932e-07,25,7,0,5.706095246574202,5.969846316855437,19.707652975837796,32.02934534313694,-12.321692367299143,0.11664247789331632,0.2842900580118116,0.18531464621106103
KK98-251,core_refit,none,1.0,20.0,1.34,1.34,26.8,0.999999999999,0.0,0.0,0.9596408628902992,0.9976044291902484,1.1302223612968862e+16,0.0,1.130222361295756e+16,0.999999999999,0.0,9.538440524967965e-08,0.000999999999999,0.0,0.000999999999999,True,True,0.0,12,3,0,0.07310755618616864,0.07310755618616899,10.75413435181298,10.754134351861525,-4.8546056063969445e-11,-0.17690646949621916,0.0,0.0
KK98-251,core_plummer,plummer,1.0,20.0,1.34,1.34,26.8,0.999999999999,0.0,0.0,0.9596408628902992,0.9976044291902484,1.1302223612968862e+16,0.0,1.130222361295756e+16,0.999999999999,0.7769039969717846,9.538440524967965e-08,0.000999999999999,0.0,0.000999999999999,True,True,0.0,12,3,0,0.07310755618616864,0.07310755618616899,10.75413435181298,10.754134351861525,-4.8546056063969445e-11,-0.17690646949621916,0.0,0.0
KK98-251,fixed_core_envelope,envelope,1.0,20.0,1.34,1.34,26.8,1.0,0.0,0.0,0.9596408628902992,0.9976044291902484,1.1302223612968862e+16,0.0,1.1302223612968862e+16,1.0,0.038833687724843434,9.538440524967965e-08,0.001,0.0,0.001,True,True,0.0,12,3,0,0.0731075561861688,0.07310755618616899,10.754134351861536,10.754134351861525,1.0658141036401503e-14,-0.17690646949666763,0.0,0.0
KK98-251,envelope_a0.5_q10,envelope,0.5,10.0,1.34,0.67,6.7,0.999999999999,0.0,0.0,0.9596408628902992,0.9976044291902484,1.1302223612968862e+16,0.0,1.130222361295756e+16,0.999999999999,0.21294471889535954,9.538440524967965e-08,0.000999999999999,0.0,0.000999999999999,True,True,0.0,12,3,0,0.07310755618616864,0.07310755618616899,10.75413435181298,10.754134351861525,-4.8546056063969445e-11,-0.17690646949621916,0.0,0.0
KK98-251,envelope_a0.5_q20,envelope,0.5,20.0,1.34,0.67,13.4,0.999999999999,0.0,0.0,0.9596408628902992,0.9976044291902484,1.1302223612968862e+16,0.0,1.130222361295756e+16,0.999999999999,0.10820644554608896,9.538440524967965e-08,0.000999999999999,0.0,0.000999999999999,True,True,0.0,12,3,0,0.07310755618616864,0.07310755618616899,10.75413435181298,10.754134351861525,-4.8546056063969445e-11,-0.17690646949621916,0.0,0.0
KK98-251,envelope_a0.5_q50,envelope,0.5,50.0,1.34,0.67,33.5,0.999999999999,0.0,0.0,0.9596408628902992,0.9976044291902484,1.1302223612968862e+16,0.0,1.130222361295756e+16,0.999999999999,0.04285097249220396,9.538440524967965e-08,0.000999999999999,0.0,0.000999999999999,True,True,0.0,12,3,0,0.07310755618616864,0.07310755618616899,10.75413435181298,10.754134351861525,-4.8546056063969445e-11,-0.17690646949621916,0.0,0.0
KK98-251,envelope_a1_q10,envelope,1.0,10.0,1.34,1.34,13.4,0.999999999999,0.0,0.0,0.9596408628902992,0.9976044291902484,1.1302223612968862e+16,0.0,1.130222361295756e+16,0.999999999999,0.07981713270733407,9.538440524967965e-08,0.000999999999999,0.0,0.000999999999999,True,True,0.0,12,3,0,0.07310755618616864,0.07310755618616899,10.75413435181298,10.754134351861525,-4.8546056063969445e-11,-0.17690646949621916,0.0,0.0
KK98-251,envelope_a1_q20,envelope,1.0,20.0,1.34,1.34,26.8,0.999999999999,0.0,0.0,0.9596408628902992,0.9976044291902484,1.1302223612968862e+16,0.0,1.130222361295756e+16,0.999999999999,0.038833687724843434,9.538440524967965e-08,0.000999999999999,0.0,0.000999999999999,True,True,0.0,12,3,0,0.07310755618616864,0.07310755618616899,10.75413435181298,10.754134351861525,-4.8546056063969445e-11,-0.17690646949621916,0.0,0.0
KK98-251,envelope_a1_q50,envelope,1.0,50.0,1.34,1.34,67.0,0.999999999999,0.0,0.0,0.9596408628902992,0.9976044291902484,1.1302223612968862e+16,0.0,1.130222361295756e+16,0.999999999999,0.015172775650310893,9.538440524967965e-08,0.000999999999999,0.0,0.000999999999999,True,True,0.0,12,3,0,0.07310755618616864,0.07310755618616899,10.75413435181298,10.754134351861525,-4.8546056063969445e-11,-0.17690646949621916,0.0,0.0
KK98-251,envelope_a2_q10,envelope,2.0,10.0,1.34,2.68,26.8,0.9999999999999999,1.9008097491021646e-13,1.9099496275121147e-13,0.9596408628902992,0.9976044291902484,1.1302223612968862e+16,1.614606653185483e-06,1.130222361296886e+16,0.9999999999999998,0.0212168974668329,9.538440524967965e-08,0.0009999999999999998,4.893236383750219e-24,0.0009999999999999998,True,True,0.0,12,3,0,0.07310755618616883,0.07310755618616899,10.754134351861525,10.754134351861525,0.0,-0.17690646949666747,3.177659389511689e-17,4.155124576300237e-17
KK98-251,envelope_a2_q20,envelope,2.0,20.0,1.34,2.68,53.6,0.999999999999,0.0,0.0,0.9596408628902992,0.9976044291902484,1.1302223612968862e+16,0.0,1.130222361295756e+16,0.999999999999,0.010182200813546987,9.538440524967965e-08,0.000999999999999,0.0,0.000999999999999,True,True,0.0,12,3,0,0.07310755618616864,0.07310755618616899,10.75413435181298,10.754134351861525,-4.8546056063969445e-11,-0.17690646949621916,0.0,0.0
KK98-251,envelope_a2_q50,envelope,2.0,50.0,1.34,2.68,134.0,0.999999999999,0.0,0.0,0.9596408628902992,0.9976044291902484,1.1302223612968862e+16,0.0,1.130222361295756e+16,0.999999999999,0.003962654090973697,9.538440524967965e-08,0.000999999999999,0.0,0.000999999999999,True,True,0.0,12,3,0,0.07310755618616864,0.07310755618616899,10.75413435181298,10.754134351861525,-4.8546056063969445e-11,-0.17690646949621916,0.0,0.0
NGC0024,core_refit,none,1.0,20.0,1.34,1.34,26.8,0.999999999999,0.0,0.0,1.0003762999743064,1.0002015969850504,5020706963.6439705,0.0,5020706963.63895,0.9999999999990001,0.0,0.99999999997756,1.8731207226768875e-07,0.0,1.8731207226768875e-07,False,True,9.07215535880399e-08,23,6,0,0.2182264800966713,0.21822648009667067,137.27164348113885,137.2716434810228,1.1604583960433956e-10,0.29283284060954046,0.0,0.0
NGC0024,core_plummer,plummer,1.0,20.0,1.34,1.34,26.8,0.8100455324274375,3269.7500449527734,3268.432100004893,1.0003762999743064,1.0002015969850504,5020706963.6439705,1018700621.1893486,5085701866.716472,1.0129453687584524,0.9791629315745071,0.99999999997756,1.517313073103183e-07,3.636621159277891e-08,1.880975189030972e-07,False,True,1.678453121210744e-07,23,6,0,0.20371755653737636,0.21822648009667067,136.601968984568,137.2716434810228,-0.6696744964548031,0.2953752006352391,0.19695503692434524,0.16583435961524343
NGC0024,fixed_core_envelope,envelope,1.0,20.0,1.34,1.34,26.8,1.0,112.0024260844295,111.95728103371343,1.0003762999743064,1.0002015969850504,5020706963.6439705,1041436811.5584913,6062143775.202462,1.2074283201747806,0.21809209975851687,0.99999999997756,1.8731207226787605e-07,3.7317619746396244e-09,1.9104383424251565e-07,False,True,5.009326287106197e-13,23,6,0,0.21789296309034203,0.21822648009667067,133.15592726331806,137.2716434810228,-4.115716217704744,0.2879150779034054,0.043280532485103586,0.00637337802843285
NGC0024,envelope_a0.5_q10,envelope,0.5,10.0,1.34,0.67,6.7,0.25841887978484773,9663.733845444613,9659.83866415425,1.0003762999743064,1.0002015969850504,5020706963.6439705,21281849500.54668,22579294969.81954,4.4972341810269185,0.6247999411110174,0.99999999997756,4.840497588564297e-08,2.4748230702904687e-07,2.9588728291468983e-07,False,True,9.461865817088076e-08,23,6,0,0.1477151480446127,0.21822648009667067,27.35087420813079,137.2716434810228,-109.92076927289202,0.12737287534830208,0.9110994308169329,0.7546330033094096
NGC0024,envelope_a0.5_q20,envelope,0.5,20.0,1.34,0.67,13.4,0.18578000390569685,10309.702246675593,10305.546693558887,1.0003762999743064,1.0002015969850504,5020706963.6439705,47931566356.435745,48864313315.750885,9.732556325152611,0.4179584703666519,0.99999999997756,3.479883751751018e-08,3.4350465573842805e-07,3.7830349325593827e-07,False,True,6.004595881206195e-08,23,6,0,0.13922003669632285,0.21822648009667067,5.493751482684028,137.2716434810228,-131.7778919983388,0.05320121751087185,0.9555117697026186,0.8277896022581934
NGC0024,envelope_a0.5_q50,envelope,0.5,50.0,1.34,0.67,33.5,0.16950737913530556,10429.275908421921,10425.072158500801,1.0003762999743064,1.0002015969850504,5020706963.6439705,125046671145.18224,125897718023.99591,25.075695302603524,0.19117806948791316,0.99999999997756,3.175077845053062e-08,4.537734310985942e-07,4.855242095491249e-07,False,True,5.882579943504157e-08,23,6,0,0.1370485660102391,0.21822648009667067,1.218412391364739,137.2716434810228,-136.05323108965806,0.018976433683247806,0.9656243067040078,0.8440154687894571
NGC0024,envelope_a1_q10,envelope,1.0,10.0,1.34,1.34,13.4,0.8541239554662028,3622.410033373447,3620.949941030913,1.0003762999743064,1.0002015969850504,5020706963.6439705,15954823754.974209,20243129845.998505,4.031928171188521,0.3918938280897517,0.99999999997756,1.599877280720095e-07,9.27677030847678e-08,2.527554311567773e-07,False,True,6.0972027501909894e-09,23,6,0,0.20784600442864223,0.21822648009667067,61.79206277672106,137.2716434810228,-75.47958070430175,0.1940214437243922,0.593174695650803,0.1921652446299478
NGC0024,envelope_a1_q20,envelope,1.0,20.0,1.34,1.34,26.8,0.857297105300974,3492.9494870334365,3491.541576622443,1.0003762999743064,1.0002015969850504,5020706963.6439705,32478637328.523712,36782874875.020134,7.326234162115599,0.21809209975851687,0.99999999997756,1.60582097343177e-07,1.1638012256290273e-07,2.7696221990607974e-07,False,True,4.208591462139017e-08,23,6,0,0.20785320292520845,0.21822648009667067,55.63021245121686,137.2716434810228,-81.64143102980594,0.1850291404453598,0.6220232339592793,0.18919031679588644
NGC0024,envelope_a1_q50,envelope,1.0,50.0,1.34,1.34,67.0,0.8581597794294621,3457.830545168634,3456.4367902225445,1.0003762999743064,1.0002015969850504,5020706963.6439705,82918546379.294,87227115159.79468,17.373472658616638,0.08938652354125498,0.99999999997756,1.6074368662187597e-07,1.5044876024150686e-07,3.1119244686338286e-07,False,True,1.7623928686467836e-07,23,6,0,0.2078530023044328,0.21822648009667067,53.44384439322948,137.2716434810228,-83.82779908779332,0.18175304556814972,0.6323862634939429,0.18838793967668638
NGC0024,envelope_a2_q10,envelope,2.0,10.0,1.34,2.68,26.8,0.9357635241277164,4188.858238092055,4187.1698262940945,1.0003762999743064,1.0002015969850504,5020706963.6439705,36899464338.71338,41597658780.62543,8.285219408709393,0.18698135173093172,0.99999999997756,1.7527980485705318e-07,1.0727409479197581e-07,2.8255389964902894e-07,False,True,1.8567831600422493e-07,23,6,0,0.21091234076875096,0.21822648009667067,55.24744589250201,137.2716434810228,-82.02419758852079,0.18632125376833097,0.5949031320350533,0.10615405596818325
NGC0024,envelope_a2_q20,envelope,2.0,20.0,1.34,2.68,53.6,0.9358162817029142,4145.4954396833045,4143.8245062186425,1.0003762999743064,1.0002015969850504,5020706963.6439705,77092464939.63634,81790924261.87357,16.29071858886396,0.0940694100533178,0.99999999997756,1.7528968698779132e-07,1.3812202814419888e-07,3.134117151319902e-07,False,True,1.1894644827044225e-07,23,6,0,0.21087626523435626,0.21822648009667067,52.934808006989236,137.2716434810228,-84.33683547403356,0.1828024483889622,0.6068400043081912,0.10623172398203248
NGC0024,envelope_a2_q50,envelope,2.0,50.0,1.34,2.68,134.0,0.9358309403239721,4133.476909473987,4131.810820343281,1.0003762999743064,1.0002015969850504,5020706963.6439705,198241002471.82272,202939535390.70078,40.4205098724602,0.03713204841994759,0.99999999997756,1.7529243272447825e-07,1.798458508576014e-07,3.5513828358207967e-07,False,True,1.6688490381412738e-07,23,6,0,0.21086608246023197,0.21822648009667067,52.245722655815946,137.2716434810228,-85.02592082520687,0.1817427769569311,0.6103915357745944,0.1062538490769392
NGC0055,core_refit,none,1.0,20.0,6.11,6.11,122.2,1.0000000001180427,0.0,0.0,0.9966945206367324,0.9996420410016924,17499107436.242817,0.0,17499107438.30846,1.0000000001180427,0.0,0.8910292317137665,1.278349785343231e-07,0.0,1.278349785343231e-07,False,True,4.813927034772361e-13,16,5,0,0.11670744879563784,0.11670744879563788,0.18555767875475027,0.18555767933078696,-5.760366905693814e-10,0.007764532104627299,0.0,0.0
NGC0055,core_plummer,plummer,1.0,20.0,6.11,6.11,122.2,1.0000000001180427,0.0,0.0,0.9966945206367324,0.9996420410016924,17499107436.242817,0.0,17499107438.30846,1.0000000001180427,0.7561464267523877,0.8910292317137665,1.278349785343231e-07,0.0,1.278349785343231e-07,False,True,1.1754884839559821e-13,16,5,0,0.11670744879563784,0.11670744879563788,0.18555767875475027,0.18555767933078696,-5.760366905693814e-10,0.007764532104627299,0.0,0.0
NGC0055,fixed_core_envelope,envelope,1.0,20.0,6.11,6.11,122.2,1.0,0.0,0.0,0.9966945206367324,0.9996420410016924,17499107436.242817,0.0,17499107436.242817,1.0,0.0353418028126204,0.8910292317137665,1.2783497851923313e-07,0.0,1.2783497851923313e-07,False,True,0.0,16,5,0,0.11670744879563755,0.11670744879563788,0.18555767933078493,0.18555767933078696,-2.0261570199409107e-15,0.007764532145482822,0.0,0.0
NGC0055,envelope_a0.5_q10,envelope,0.5,10.0,6.11,3.055,30.55,1.0000000001180427,0.0,0.0,0.9966945206367324,0.9996420410016924,17499107436.242817,0.0,17499107438.30846,1.0000000001180427,0.19895889436904954,0.8910292317137665,1.278349785343231e-07,0.0,1.278349785343231e-07,False,True,1.176322997638001e-13,16,5,0,0.11670744879563784,0.11670744879563788,0.18555767875475027,0.18555767933078696,-5.760366905693814e-10,0.007764532104627299,0.0,0.0
NGC0055,envelope_a0.5_q20,envelope,0.5,20.0,6.11,3.055,61.1,1.0000000001180427,0.0,0.0,0.9966945206367324,0.9996420410016924,17499107436.242817,0.0,17499107438.30846,1.0000000001180427,0.10054782394859083,0.8910292317137665,1.278349785343231e-07,0.0,1.278349785343231e-07,False,True,1.2041967715822008e-13,16,5,0,0.11670744879563784,0.11670744879563788,0.18555767875475027,0.18555767933078696,-5.760366905693814e-10,0.007764532104627299,0.0,0.0
NGC0055,envelope_a0.5_q50,envelope,0.5,50.0,6.11,3.055,152.75,1.0000000001180427,0.0,0.0,0.9966945206367324,0.9996420410016924,17499107436.242817,0.0,17499107438.30846,1.0000000001180427,0.039746965391925695,0.8910292317137665,1.278349785343231e-07,0.0,1.278349785343231e-07,False,True,1.2119831779775244e-13,16,5,0,0.11670744879563784,0.11670744879563788,0.18555767875475027,0.18555767933078696,-5.760366905693814e-10,0.007764532104627299,0.0,0.0
NGC0055,envelope_a1_q10,envelope,1.0,10.0,6.11,6.11,61.1,1.0000000001180427,0.0,0.0,0.9966945206367324,0.9996420410016924,17499107436.242817,0.0,17499107438.30846,1.0000000001180427,0.07277039018677847,0.8910292317137665,1.278349785343231e-07,0.0,1.278349785343231e-07,False,True,2.841969353230385e-13,16,5,0,0.11670744879563784,0.11670744879563788,0.18555767875475027,0.18555767933078696,-5.760366905693814e-10,0.007764532104627299,0.0,0.0
NGC0055,envelope_a1_q20,envelope,1.0,20.0,6.11,6.11,122.2,1.0000000001180427,0.0,0.0,0.9966945206367324,0.9996420410016924,17499107436.242817,0.0,17499107438.30846,1.0000000001180427,0.0353418028126204,0.8910292317137665,1.278349785343231e-07,0.0,1.278349785343231e-07,False,True,2.832599382237954e-13,16,5,0,0.11670744879563784,0.11670744879563788,0.18555767875475027,0.18555767933078696,-5.760366905693814e-10,0.007764532104627299,0.0,0.0
NGC0055,envelope_a1_q50,envelope,1.0,50.0,6.11,6.11,305.5,1.0000000001180427,0.0,0.0,0.9966945206367324,0.9996420410016924,17499107436.242817,0.0,17499107438.30846,1.0000000001180427,0.013801236335066849,0.8910292317137665,1.278349785343231e-07,0.0,1.278349785343231e-07,False,True,2.8298251835912466e-13,16,5,0,0.11670744879563784,0.11670744879563788,0.18555767875475027,0.18555767933078696,-5.760366905693814e-10,0.007764532104627299,0.0,0.0
NGC0055,envelope_a2_q10,envelope,2.0,10.0,6.11,12.22,122.2,1.0000000001180427,0.0,0.0,0.9966945206367324,0.9996420410016924,17499107436.242817,0.0,17499107438.30846,1.0000000001180427,0.01875628572522436,0.8910292317137665,1.278349785343231e-07,0.0,1.278349785343231e-07,False,True,2.877637392052059e-13,16,5,0,0.11670744879563784,0.11670744879563788,0.18555767875475027,0.18555767933078696,-5.760366905693814e-10,0.007764532104627299,0.0,0.0
NGC0055,envelope_a2_q20,envelope,2.0,20.0,6.11,12.22,244.4,1.0000000001180427,0.0,0.0,0.9966945206367324,0.9996420410016924,17499107436.242817,0.0,17499107438.30846,1.0000000001180427,0.008996473632886583,0.8910292317137665,1.278349785343231e-07,0.0,1.278349785343231e-07,False,True,2.8713661646132947e-13,16,5,0,0.11670744879563784,0.11670744879563788,0.18555767875475027,0.18555767933078696,-5.760366905693814e-10,0.007764532104627299,0.0,0.0
NGC0055,envelope_a2_q50,envelope,2.0,50.0,6.11,12.22,611.0,1.0000000001180427,0.0,0.0,0.9966945206367324,0.9996420410016924,17499107436.242817,0.0,17499107438.30846,1.0000000001180427,0.00350066480803868,0.8910292317137665,1.278349785343231e-07,0.0,1.278349785343231e-07,False,True,2.869604688241669e-13,16,5,0,0.11670744879563784,0.11670744879563788,0.18555767875475027,0.18555767933078696,-5.760366905693814e-10,0.007764532104627299,0.0,0.0
NGC0100,core_refit,none,1.0,20.0,1.66,1.66,33.199999999999996,0.999999999999,0.0,0.0,1.0442260914128667,1.0000000952025168,13183982300.034838,0.0,13183982300.021654,0.999999999999,0.0,0.9097817757185864,1.341770026512768e-07,0.0,1.3417700265127684e-07,False,True,3.2020020818235495e-07,16,5,0,0.07450853891097936,0.07450853891097979,1.0976296223970592,1.097629622388073,8.986145161316017e-12,0.08059893480901141,0.0,0.0
NGC0100,core_plummer,plummer,1.0,20.0,1.66,1.66,33.199999999999996,0.9933426278240108,73.6012067891014,73.60119277506315,1.0442260914128667,1.0000000952025168,13183982300.034838,29663773.216222856,13125875396.318075,0.9955926136432534,0.9569425487767492,0.9097817757185864,1.3328373640730187e-07,8.189237126678722e-10,1.3410266011996975e-07,False,True,9.78185548281583e-07,16,5,0,0.07341143322286647,0.07450853891097979,1.1358218831481728,1.097629622388073,0.03819226076009974,0.08212728099911762,0.002376817698093848,0.002777989903190088
NGC0100,fixed_core_envelope,envelope,1.0,20.0,1.66,1.66,33.199999999999996,1.0,14.157884645402621,14.157881949670506,1.0442260914128667,1.0000000952025168,13183982300.034838,170299473.18163475,13354281773.216473,1.0129171497128895,0.14209289179143206,0.9097817757185864,1.3417700265141098e-07,4.719107592949436e-10,1.3464891341070595e-07,False,True,8.792966355030466e-14,16,5,0,0.07439567516617714,0.07450853891097979,1.0803327429275278,1.097629622388073,-0.017296879460545256,0.07989956564933746,0.0020133836159648985,0.0017698481658171244
NGC0100,envelope_a0.5_q10,envelope,0.5,10.0,1.66,0.83,8.299999999999999,0.9889127760260926,62.42788356994576,62.427871683364195,1.0442260914128667,1.0000000952025168,13183982300.034838,177849422.59295505,13215657957.999275,1.0024025865056232,0.5025426946770656,0.9097817757185864,1.3268935217086723e-07,1.5993842386253726e-09,1.342887364094926e-07,False,True,5.926145686110043e-07,16,5,0,0.07361356418283074,0.07450853891097979,1.1310948752964356,1.097629622388073,0.03346525290836255,0.08195082896499077,0.007478654110651084,0.007463980693656025
NGC0100,envelope_a0.5_q20,envelope,0.5,20.0,1.66,0.83,16.599999999999998,0.9868126667601806,67.85148961068106,67.85147669141774,1.0442260914128667,1.0000000952025168,13183982300.034838,408079074.8298806,13418199806.846277,1.0177653080443547,0.30221785252270317,0.9097817757185864,1.324075658043267e-07,2.2616265624022464e-09,1.3466919236672893e-07,False,True,1.8322854007423897e-07,16,5,0,0.07350425057510035,0.07450853891097979,1.12622132565629,1.097629622388073,0.028591703268217028,0.08177359328868632,0.010312030115119213,0.009686629964595767
NGC0100,envelope_a0.5_q50,envelope,0.5,50.0,1.66,0.83,41.5,0.9857935110333493,70.95715979543341,70.95714628483495,1.0442260914128667,1.0000000952025168,13183982300.034838,1100585133.2644908,14097269334.217365,1.0692724712001558,0.12868133257473036,0.9097817757185864,1.3227081854366546e-07,3.088560658487067e-09,1.3535937920215255e-07,False,True,6.354824385100907e-07,16,5,0,0.07343749223479107,0.07450853891097979,1.1229029628492346,1.097629622388073,0.025273340461161586,0.08165305850135111,0.011835823975212977,0.010784557133880048
NGC0100,envelope_a1_q10,envelope,1.0,10.0,1.66,1.66,16.599999999999998,0.9582585026164246,306.76875676201286,306.7686983517058,1.0442260914128667,1.0000000952025168,13183982300.034838,1747893509.7504556,14381556647.103285,1.0908355548281707,0.2724951297031239,0.9097817757185864,1.2857625364630114e-07,7.859326416506453e-09,1.364355800628076e-07,False,True,1.4822602901791993e-07,16,5,0,0.07214770928296649,0.07450853891097979,1.1281314538468157,1.097629622388073,0.030501831458742634,0.08194305439261437,0.039789953723578,0.036132230959249355
NGC0100,envelope_a1_q20,envelope,1.0,20.0,1.66,1.66,33.199999999999996,0.9519021358500753,340.4828450891507,340.4827802595124,1.0442260914128667,1.0000000952025168,13183982300.034838,4095530554.057398,16645391464.470148,1.2625465573043255,0.14209289179143206,0.9097817757185864,1.2772337540583934e-07,1.1348977758841912e-08,1.3907235316468126e-07,False,True,5.818559361191457e-09,16,5,0,0.07180175781630593,0.07450853891097979,1.1121058624886413,1.097629622388073,0.01447624010056825,0.08136002484978859,0.04849717693756253,0.04287258280158799
NGC0100,envelope_a1_q50,envelope,1.0,50.0,1.66,1.66,83.0,0.9496710006792441,352.3951492027477,352.39508210494705,1.0442260914128667,1.0000000952025168,13183982300.034838,10931690709.30109,23452136373.112617,1.7788355475151576,0.05676980012935356,0.9097817757185864,1.2742400837610705e-07,1.5338745197906473e-08,1.4276275357401355e-07,False,True,1.978625001621723e-08,16,5,0,0.0716749250218828,0.07450853891097979,1.1056698676000518,1.097629622388073,0.00804024521197877,0.08112444559087065,0.05166646952675197,0.045264521359816554
NGC0100,envelope_a2_q10,envelope,2.0,10.0,1.66,3.32,33.199999999999996,0.6968293480961852,3846.7658599622373,3846.765127518759,1.0442260914128667,1.0000000952025168,13183982300.034838,43835866149.65364,53022851941.098564,4.021762979836407,0.1118944677926524,0.9097817757185864,9.349847328708283e-08,9.85530236534835e-08,1.9205149694056633e-07,False,True,7.352101009253896e-08,16,5,0,0.06633744675745587,0.07450853891097979,0.4965989482896272,1.097629622388073,-0.6010306740984459,0.053496025838727625,0.3698211543007277,0.3234546331815837
NGC0100,envelope_a2_q20,envelope,2.0,20.0,1.66,3.32,66.39999999999999,0.7286356897230432,3383.7011038267096,3383.7004595530793,1.0442260914128667,1.0000000952025168,13183982300.034838,81402346440.63487,91008666477.11716,6.90297244079861,0.054919773052671976,0.9097817757185864,9.776615287188144e-08,1.1278556063476046e-07,2.1055171350664191e-07,False,True,3.890376715809699e-08,16,5,0,0.06704484879419599,0.07450853891097979,0.5157955896470395,1.097629622388073,-0.5818340327410335,0.05454102392372475,0.33841882461956824,0.29212518121804426
NGC0100,envelope_a2_q50,envelope,2.0,50.0,1.66,3.32,166.0,0.7371354040142654,3261.6515630165163,3261.65094198173,1.0442260914128667,1.0000000952025168,13183982300.034838,202360141273.6304,212078521392.8835,16.086074493009832,0.021513493580294,0.9097817757185864,9.8906619058871e-08,1.4197029205041518e-07,2.408769111092862e-07,False,True,1.5169458622835101e-06,16,5,0,0.06723441220730125,0.07450853891097979,0.5214466389648486,1.097629622388073,-0.5761829834232245,0.05484661942161269,0.32993161252408265,0.28371280127330767
NGC0247,core_refit,none,1.0,20.0,3.74,3.74,74.80000000000001,0.9999999999989001,0.0,0.0,1.1253651531166693,1.016315529007962,5.164075898569235e+16,0.0,5.164075898563555e+16,0.9999999999989001,0.0,1.616600027952861e-07,0.0009999999999990002,0.0,0.000999999999999,True,True,0.0,20,6,0,1.9243870030732715,1.9243870030732733,0.9474316245301503,0.947431624527738,2.41229258790554e-12,0.07514432107988632,0.0,0.0
NGC0247,core_plummer,plummer,1.0,20.0,3.74,3.74,74.80000000000001,0.7929098499616621,251.9441191557341,243.91982654366456,1.1253651531166693,1.016315529007962,5.164075898569235e+16,238699263.52243444,4.094646669795094e+16,0.7929098545839657,0.9083739352316711,1.616600027952861e-07,0.0007929098499617415,2.7139740867639728e-09,0.0007929125639358283,False,True,1.4619775494282422e-05,20,6,0,1.8680895939854831,1.9243870030732733,1.374050825561941,0.947431624527738,0.42661920103420303,0.09090618921542082,0.03171749051769207,0.061676810109587504
NGC0247,fixed_core_envelope,envelope,1.0,20.0,3.74,3.74,74.80000000000001,1.0,0.0,0.0,1.1253651531166693,1.016315529007962,5.164075898569235e+16,0.0,5.164075898569235e+16,1.0,0.08446210899414466,1.616600027952861e-07,0.0010000000000001,0.0,0.0010000000000001,True,True,0.0,20,6,0,1.9243870030732722,1.9243870030732733,0.9474316245277387,0.947431624527738,6.661338147750939e-16,0.07514432107978705,0.0,0.0
NGC0247,envelope_a0.5_q10,envelope,0.5,10.0,3.74,1.87,18.700000000000003,0.7394515179437059,210.29841573488696,203.60051768762875,1.1253651531166693,1.016315529007962,5.164075898569235e+16,1408365070.0557165,3.818583902810035e+16,0.7394515452160602,0.36542419851844254,1.616600027952861e-07,0.0007394515179437798,5.216187100165633e-09,0.00073945673413088,False,True,4.1312131655808305e-06,20,6,0,1.8763882924991075,1.9243870030732733,1.4109590368246645,0.947431624527738,0.4635274122969265,0.09206798512766444,0.07695396574859875,0.12165801729416784
NGC0247,envelope_a0.5_q20,envelope,0.5,20.0,3.74,1.87,37.400000000000006,0.7298989274551272,208.13873041955625,201.5096172559392,1.1253651531166693,1.016315529007962,5.164075898569235e+16,2942681351.0915136,3.769253753930692e+16,0.729898984438824,0.200128912755071,1.616600027952861e-07,0.0007298989274552002,6.716721951951073e-09,0.0007299056441771521,False,True,3.5204807984471225e-06,20,6,0,1.8770572399104453,1.9243870030732733,1.4119107562271649,0.947431624527738,0.4644791316994269,0.09209399255765495,0.08813079691447137,0.1332977578851735
NGC0247,envelope_a0.5_q50,envelope,0.5,50.0,3.74,1.87,93.5,0.726352215820858,207.97191014299761,201.34811012071214,1.1253651531166693,1.016315529007962,5.164075898569235e+16,7582937833.024146,3.750938729886635e+16,0.726352362661028,0.08147083690174478,1.616600027952861e-07,0.0007263522158209306,8.76410459185083e-09,0.0007263609799255225,False,True,1.5708477429552523e-05,20,6,0,1.8771096391804136,1.9243870030732733,1.4120562750790413,0.947431624527738,0.4646246505513033,0.092098221237993,0.09246175736227714,0.13752472168817279
NGC0247,envelope_a1_q10,envelope,1.0,10.0,3.74,3.74,37.400000000000006,0.9672538206650056,42.90387293015605,41.53740630360297,1.1253651531166693,1.016315529007962,5.164075898569235e+16,574653078.5197619,4.994972200560473e+16,0.9672538317929033,0.16897642808477295,1.616600027952861e-07,0.0009672538206651023,1.0641764834194118e-09,0.0009672548848415857,False,True,7.408693854024936e-07,20,6,0,1.9241217646810813,1.9243870030732733,0.9908512001405178,0.947431624527738,0.04341957561277976,0.0768766865327102,0.011882418316144385,0.01772880619340201
NGC0247,envelope_a1_q20,envelope,1.0,20.0,3.74,3.74,74.80000000000001,0.9669719074337605,42.37833244514678,41.0286040169106,1.1253651531166693,1.016315529007962,5.164075898569235e+16,1198296235.6435394,4.993516441601827e+16,0.9669719306382264,0.08446210899414466,1.616600027952861e-07,0.0009669719074338572,1.3675661192303177e-09,0.0009669732749999763,False,True,2.0885610784979472e-06,20,6,0,1.9241278597946898,1.9243870030732733,0.9904027062360553,0.947431624527738,0.042971081708317316,0.07685889285284571,0.012382429627177649,0.01818006838013786
NGC0247,envelope_a1_q50,envelope,1.0,50.0,3.74,3.74,187.0,0.9668041031602508,42.3420544689912,40.99348147592462,1.1253651531166693,1.016315529007962,5.164075898569235e+16,3087697435.1018443,4.992650076537439e+16,0.9668041629521186,0.0332713291042273,1.616600027952861e-07,0.0009668041031603475,1.7843284400519716e-09,0.0009668058874887874,False,True,3.759264696550255e-06,20,6,0,1.924128277625869,1.9243870030732733,0.9903718727183417,0.947431624527738,0.042940248190603714,0.076857668768034,0.012568349452500899,0.01836184129339474
NGC0247,envelope_a2_q10,envelope,2.0,10.0,3.74,7.48,74.80000000000001,1.0,0.0,0.0,1.1253651531166693,1.016315529007962,5.164075898569235e+16,0.0,5.164075898569235e+16,1.0,0.05830350457530119,1.616600027952861e-07,0.0010000000000001,0.0,0.0010000000000001,True,True,0.0,20,6,0,1.9243870030732722,1.9243870030732733,0.9474316245277387,0.947431624527738,6.661338147750939e-16,0.07514432107978705,0.0,0.0
NGC0247,envelope_a2_q20,envelope,2.0,20.0,3.74,7.48,149.60000000000002,0.9999999999989001,0.0,0.0,1.1253651531166693,1.016315529007962,5.164075898569235e+16,0.0,5.164075898563555e+16,0.9999999999989001,0.02821574832387594,1.616600027952861e-07,0.0009999999999990002,0.0,0.000999999999999,True,True,0.0,20,6,0,1.9243870030732715,1.9243870030732733,0.9474316245301503,0.947431624527738,2.41229258790554e-12,0.07514432107988632,0.0,0.0
NGC0247,envelope_a2_q50,envelope,2.0,50.0,3.74,7.48,374.0,0.9999999999999365,0.0,0.0,1.1253651531166693,1.016315529007962,5.164075898569235e+16,0.0,5.164075898568907e+16,0.9999999999999365,0.011007163278496095,1.616600027952861e-07,0.0010000000000000365,0.0,0.0010000000000000365,True,True,0.0,20,6,0,1.9243870030732733,1.9243870030732733,0.9474316245278777,0.947431624527738,1.396660564978447e-13,0.07514432107979276,0.0,0.0
NGC0289,core_refit,none,1.0,20.0,6.74,6.74,134.8,0.9999999940467332,0.0,0.0,1.2745594811728844,1.0662868531855847,308361298398.9762,0.0,308361296563.2191,0.9999999940467332,0.0,0.9652028280617024,4.107284747005923e-07,0.0,4.107284747005923e-07,False,True,1.7107942705627039e-06,22,6,0,2.08994875434828,2.0899487543482804,0.6814491618490578,0.6814491904721244,-2.8623066583577383e-08,-0.0006229056806889913,0.0,0.0
NGC0289,core_plummer,plummer,1.0,20.0,6.74,6.74,134.8,0.9602179730343444,2922.246185694344,2570.21048687996,1.2745594811728844,1.0662868531855847,308361298398.9762,5133665966.801418,301227726877.70496,0.9768661905423637,0.9866778137739103,0.9652028280617024,3.9438886579239285e-07,2.859744842296586e-08,4.229863142153587e-07,False,True,7.882013608471263e-06,22,6,0,2.0229800560904163,2.0899487543482804,0.5966832670481286,0.6814491904721244,-0.0847659234239958,0.0064682398538253,0.01741505275417412,0.0197387484058726
NGC0289,fixed_core_envelope,envelope,1.0,20.0,6.74,6.74,134.8,1.0,244.5693745359551,215.10671287012948,1.2745594811728844,1.0662868531855847,308361298398.9762,12822903010.226593,321184201409.20276,1.0415840219794235,0.2758673138970588,0.9652028280617024,4.1072847714576845e-07,7.169940571678852e-09,4.178984177174473e-07,False,True,5.1564086331451615e-11,22,6,0,2.084738145665774,2.0899487543482804,0.7364479281521529,0.6814491904721244,0.0549987376800285,-0.004141660122075501,0.011745645492489203,0.009923586022246567
NGC0289,envelope_a0.5_q10,envelope,0.5,10.0,6.74,3.37,33.7,0.9211571628341372,1917.0564132734598,1686.1134155831521,1.2745594811728844,1.0662868531855847,308361298398.9762,23805542904.97715,307854761666.0289,0.9983573271497517,0.6903394714524658,0.9652028280617024,3.783454787027818e-07,4.319774403164724e-08,4.2154322273442907e-07,False,True,5.8466182331769095e-08,22,6,0,2.0258820797091968,2.0899487543482804,0.5871086888862296,0.6814491904721244,-0.0943405015858948,0.0070980989160014316,0.056551829321968436,0.05678478129403631
NGC0289,envelope_a0.5_q20,envelope,0.5,20.0,6.74,3.37,67.4,0.8970892660878392,2051.3954261023805,1804.268943088085,1.2745594811728844,1.0662868531855847,308361298398.9762,53777879250.91599,330405490121.54675,1.0714881920559578,0.49326284094159895,0.9652028280617024,3.6846010812407325e-07,6.013992276046626e-08,4.2860003088453953e-07,False,True,1.2895600062594037e-06,22,6,0,2.0207275074947435,2.0899487543482804,0.5979287054116499,0.6814491904721244,-0.08352048506047449,0.004942260789680721,0.0903715999577758,0.08389981398806992
NGC0289,envelope_a0.5_q50,envelope,0.5,50.0,6.74,3.37,168.5,0.879928811901418,2211.0416767556035,1944.6830086889559,1.2745594811728844,1.0662868531855847,308361298398.9762,149483651062.1598,420819641998.7495,1.364696685944901,0.2396570886139506,0.9652028280617024,3.6141182090895475e-07,8.464646266571518e-08,4.4605828357466996e-07,False,True,2.2739388145219806e-06,22,6,0,2.014774722094638,2.0899487543482804,0.6181037305551651,0.6814491904721244,-0.06334545991695928,0.00195046450110604,0.12033093854192345,0.10465830067871988
NGC0289,envelope_a1_q10,envelope,1.0,10.0,6.74,6.74,67.4,0.8433313757203141,3810.075769588202,3351.0854584197273,1.2745594811728844,1.0662868531855847,308361298398.9762,94625198899.87994,354675956897.5908,1.1501960808281784,0.47011974086910374,0.9652028280617024,3.463802116788505e-07,8.585385213302794e-08,4.3223406381187845e-07,False,True,1.1430490757835537e-06,22,6,0,2.009992398246191,2.0899487543482804,0.5973273199017507,0.6814491904721244,-0.08412187057037368,0.003966013284097004,0.1505487174866414,0.13777788948861125
NGC0289,envelope_a1_q20,envelope,1.0,20.0,6.74,6.74,134.8,0.808797336266895,4272.516544982961,3757.817148685617,1.2745594811728844,1.0662868531855847,308361298398.9762,224010325781.20538,473412122534.0985,1.5352514241964623,0.2758673138970588,0.9652028280617024,3.321960982444558e-07,1.2525562440991115e-07,4.574517226543669e-07,False,True,1.7312743037699728e-06,22,6,0,1.9993695386093373,2.0899487543482804,0.6400210753734689,0.6814491904721244,-0.041428115098655516,-0.0010341918897032547,0.20427421548597247,0.17796419226882684
NGC0289,envelope_a1_q50,envelope,1.0,50.0,6.74,6.74,337.0,0.7943751009901142,4473.668406451013,3934.7367478390224,1.2745594811728844,1.0662868531855847,308361298398.9762,604909707553.7853,849864245110.9148,2.7560665022603126,0.11593009286978218,0.9652028280617024,3.2627247551218563e-07,1.712677828403062e-07,4.975402583524918e-07,False,True,4.518918956460039e-06,22,6,0,1.9946612203412977,2.0899487543482804,0.6719525618377827,0.6814491904721244,-0.009496628634341642,-0.0038201520832221677,0.2287567994132512,0.1951896445586495
NGC0289,envelope_a2_q10,envelope,2.0,10.0,6.74,13.48,134.8,0.435010223932355,17895.85043584885,15739.982034034225,1.2745594811728844,1.0662868531855847,308361298398.9762,888905370592.0002,1023045688060.6106,3.317685109552669,0.24554587101578593,0.9652028280617024,1.786710868185759e-07,4.0325384323792857e-07,5.819249300565044e-07,False,True,1.8277712688834068e-07,22,6,0,1.9742812336732756,2.0899487543482804,1.4294843057212148,0.6814491904721244,0.7480351152490904,-0.032926884676520655,0.6276737177417778,0.5747627285635357
NGC0289,envelope_a2_q20,envelope,2.0,20.0,6.74,13.48,269.6,0.35031559643148946,19900.91828146606,17503.50436454132,1.2745594811728844,1.0662868531855847,308361298398.9762,2086831561980.1248,2194855334145.1506,7.117804165246821,0.12648528934758005,0.9652028280617024,1.4388459144271727e-07,5.834271019038473e-07,7.273116933465646e-07,False,True,1.3026068703351647e-07,22,6,0,1.9595049331435677,2.0899487543482804,2.046047647912125,0.6814491904721244,1.3645984574400005,-0.04685120752419761,0.7168396088962478,0.6634412967858808
NGC0289,envelope_a2_q50,envelope,2.0,50.0,6.74,13.48,674.0,0.3246690603732239,20488.081648135416,18019.933627042603,1.2745594811728844,1.0662868531855847,308361298398.9762,5540616045766.994,5640731418773.657,18.29260496716207,0.05031937795665361,0.9652028280617024,1.3335082874344182e-07,7.843559244282454e-07,9.177067531716872e-07,False,True,9.12507084958967e-09,22,6,0,1.9550502283612814,2.0899487543482804,2.297525739897958,0.6814491904721244,1.6160765494258333,-0.05166774456604494,0.7426121303386495,0.6899360894202368
NGC0300,core_refit,none,1.0,20.0,1.75,1.75,35.0,1.000000008925414,0.0,0.0,1.0119350887237424,1.2218817759514833,8586856737.105177,0.0,8586856813.746428,1.000000008925414,0.0,0.9672972664284188,8.764778028999127e-08,0.0,8.764778028999129e-08,False,True,5.54223333892571e-13,20,5,0,0.5255027535663632,0.5255027535663656,14.372748773364796,14.372749499900312,-7.26535516193394e-07,0.11690775199637586,0.0,0.0
NGC0300,core_plummer,plummer,1.0,20.0,1.75,1.75,35.0,0.9676920402225395,343.88374000046053,230.33146317520033,1.0119350887237424,1.2218817759514833,8586856737.105177,94838108.06761114,8404271023.095578,0.9787366064673448,0.9678927282467885,0.9672972664284188,8.481605857278011e-08,2.562783154127986e-09,8.73788417269081e-08,False,True,6.946107980094805e-07,20,5,0,0.5040049543386894,0.5255027535663656,16.1242446370286,14.372749499900312,1.7514951371282876,0.12331053534199361,0.01129138152619549,0.01203111025866585
NGC0300,fixed_core_envelope,envelope,1.0,20.0,1.75,1.75,35.0,1.0,63.85761161065392,42.771481772112516,1.0119350887237424,1.2218817759514833,8586856737.105177,525602460.1622934,9112459197.26747,1.061210111715394,0.1702099982980527,0.9672972664284188,8.764777950769856e-08,1.4256597498835064e-09,8.907343925758207e-08,False,True,1.2079226507920244e-13,20,5,0,0.5234248932780226,0.5255027535663656,13.612771769874442,14.372749499900312,-0.7599777300258701,0.11386965856733906,0.010656033778562385,0.008952214135330094
NGC0300,envelope_a0.5_q10,envelope,0.5,10.0,1.75,0.875,8.75,0.9373873691466509,343.96481082779525,230.3857639754673,1.0119350887237424,1.2218817759514833,8586856737.105177,670529123.5096868,8719740169.543903,1.0154752124679705,0.5539038507697772,0.9672972664284188,8.215992144426729e-08,5.90241745826198e-09,8.806233890252928e-08,False,True,4.562172450143416e-07,20,5,0,0.501998220204451,0.5255027535663656,16.045915118934253,14.372749499900312,1.6731656190339415,0.12270835910376876,0.04553033894658875,0.04300807554755969
NGC0300,envelope_a0.5_q20,envelope,0.5,20.0,1.75,0.875,17.5,0.9219318935000133,389.6255997421886,260.96911263967604,1.0119350887237424,1.2218817759514833,8586856737.105177,1603475048.6388123,9519972139.491533,1.1086678665959588,0.347406649474829,0.9672972664284188,8.080528332260419e-08,8.698626852244899e-09,8.950391017484909e-08,False,True,5.863795181587021e-07,20,5,0,0.49774784691383767,0.5255027535663656,15.761798725389957,14.372749499900312,1.3890492254896447,0.12122570128453643,0.06781262162818981,0.060718785110794295
NGC0300,envelope_a0.5_q50,envelope,0.5,50.0,1.75,0.875,43.75,0.9136882237919891,416.76071706408925,279.1440669895843,1.0119350887237424,1.2218817759514833,8586856737.105177,4423275381.323736,12268985261.40564,1.4288098237844586,0.15169085519340522,0.9672972664284188,8.0082743977701e-08,1.215033902143228e-08,9.223308299913329e-08,False,True,1.26122610538725e-07,20,5,0,0.49502697556721154,0.5255027535663656,15.54644840653529,14.372749499900312,1.1736989066349786,0.12007309450654369,0.08123026217665902,0.07057593165095219
NGC0300,envelope_a1_q10,envelope,1.0,10.0,1.75,1.75,17.5,0.8008096217161991,1422.7400800785936,952.9435859981786,1.0119350887237424,1.2218817759514833,8586856737.105177,5547013117.8902025,12423450613.262596,1.4467984029102157,0.318948172523066,0.9672972664284188,7.018918515182492e-08,2.4414142443859378e-08,9.46033275956843e-08,False,True,9.989245054730855e-08,20,5,0,0.4818644542266822,0.5255027535663656,14.989770372960061,14.372749499900312,0.6170208730597491,0.11637997312083206,0.21010073073418692,0.18711724004932934
NGC0300,envelope_a1_q20,envelope,1.0,20.0,1.75,1.75,35.0,0.7586873700703972,1653.2451514417025,1107.3346321008462,1.0119350887237424,1.2218817759514833,8586856737.105177,13607613829.142458,20122353584.188057,2.3433899272170406,0.1702099982980527,0.9672972664284188,6.649726332720588e-08,3.6909696583566936e-08,1.0340695991077282e-07,False,True,3.809549153126569e-08,20,5,0,0.47207213146481236,0.5255027535663656,14.047834381479188,14.372749499900312,-0.3249151184211243,0.1113156941250012,0.2687624068853548,0.23561782781682838
NGC0300,envelope_a1_q50,envelope,1.0,50.0,1.75,1.75,87.5,0.7435365317803765,1735.4123112894508,1162.369749936476,1.0119350887237424,1.2218817759514833,8586856737.105177,36837476463.94566,43222118141.147804,5.0335203514434035,0.0685841764198555,0.9672972664284188,6.516932599340534e-08,5.05946147532221e-08,1.1576394074662745e-07,False,True,1.8796510678691123e-07,20,5,0,0.4683669081622063,0.5255027535663656,13.656897011976062,14.372749499900312,-0.7158524879242503,0.10916370747737672,0.29032138589179995,0.2532838347083271
NGC0300,envelope_a2_q10,envelope,2.0,10.0,1.75,3.5,35.0,0.501476757116807,6049.296438952167,4051.785931962109,1.0119350887237424,1.2218817759514833,8586856737.105177,47170283835.7102,51476392906.06031,5.994788836248148,0.1392994530582257,0.9672972664284188,4.3953324236009605e-08,1.0380559809459438e-07,1.47758922330604e-07,False,True,8.736920113266232e-08,20,5,0,0.4608493864680662,0.5255027535663656,4.018500586998306,14.372749499900312,-10.354248912902005,0.05144275980244341,0.6120290970843657,0.5557278860428355
NGC0300,envelope_a2_q20,envelope,2.0,20.0,1.75,3.5,70.0,0.5485734612661916,5372.422743180968,3598.4196031802453,1.0119350887237424,1.2218817759514833,8586856737.105177,88439217804.27696,93149739525.94766,10.847943825990805,0.06894174428142177,0.9672972664284188,4.808124577683417e-08,1.199425827419136e-07,1.6802382851874776e-07,False,True,1.844289616197313e-07,20,5,0,0.4651464971307261,0.5255027535663656,4.2743789129046945,14.372749499900312,-10.098370586995618,0.053680413411012685,0.5723077175639678,0.5120190251440576
NGC0300,envelope_a2_q50,envelope,2.0,50.0,1.75,3.5,175.0,0.5607655485704762,5198.655882323754,3482.0315026188464,1.0119350887237424,1.2218817759514833,8586856737.105177,220703013875.6606,225518227304.33948,26.263187358167894,0.02707427710161143,0.9672972664284188,4.914985515661873e-08,1.5156282451707943e-07,2.0071267967369817e-07,False,True,6.637677070244252e-10,20,5,0,0.4662428584464283,0.5255027535663656,4.341824845460161,14.372749499900312,-10.03092465444015,0.05424873526259224,0.5619588651973872,0.500640169836763
NGC0801,core_refit,none,1.0,20.0,8.72,8.72,174.4,0.999999999999,0.0,0.0,1.0396408032544535,1.0000777668574177,193263901422.0871,0.0,193263901421.89383,0.999999999999,0.0,0.971161025854926,3.8589922248673945e-07,0.0,3.8589922248673945e-07,False,True,5.19380301969026e-06,10,3,0,5.453590620947005,5.45359062094701,36.521800181349555,36.52180018123596,1.1359446716596722e-10,0.10578879888332415,0.0,0.0
NGC0801,core_plummer,plummer,1.0,20.0,8.72,8.72,174.4,0.9112431513085935,4838.9335030002485,4838.1809734806075,1.0396408032544535,1.0000777668574177,193263901422.0871,10198136520.54772,186308543086.60373,0.9640110838894176,0.968952487303844,0.971161025854926,3.516480235867041e-07,5.3832023313407484e-08,4.0548004690011164e-07,False,True,5.959817955472614e-07,10,3,0,5.363770566862145,5.45359062094701,40.5574823653903,36.52180018123596,4.035682184154339,0.111608224981817,0.05462020843314006,0.06592098514812848
NGC0801,fixed_core_envelope,envelope,1.0,20.0,8.72,8.72,174.4,1.0,128.0003455686782,127.98043952150789,1.0396408032544535,1.0000777668574177,193263901422.0871,8051110505.039658,201315011927.12677,1.0416586359159545,0.17364777546111543,0.971161025854926,3.8589922248712533e-07,4.265846162878973e-09,3.901650686500043e-07,False,True,8.739675649841595e-13,10,3,0,5.452550330842593,5.45359062094701,35.77098536701694,36.52180018123596,-0.7508148142190194,0.10465050869962182,0.007393670026900821,0.005506425462671193
NGC0801,envelope_a0.5_q10,envelope,0.5,10.0,8.72,4.36,43.6,0.7832883788012892,4635.072668092621,4634.351842107668,1.0396408032544535,1.0000777668574177,193263901422.0871,69049431232.96431,220430799258.6831,1.1405689196828521,0.5596334280711459,0.971161025854926,3.022703763626184e-07,1.1873077028968531e-07,4.210011466523038e-07,False,True,3.951289476613385e-06,10,3,0,5.359401529773833,5.45359062094701,38.764996002402626,36.52180018123596,2.2431958211666654,0.10896607928057506,0.2081373199554437,0.19733927244697655
NGC0801,envelope_a0.5_q20,envelope,0.5,20.0,8.72,4.36,87.2,0.7204446351358617,5257.070573039646,5256.253016693687,1.0396408032544535,1.0000777668574177,193263901422.0871,165332585346.9077,304568526291.87634,1.5759204075400541,0.352735817897061,0.971161025854926,2.780190245439497e-07,1.7520151396741826e-07,4.53220538511368e-07,False,True,2.718664305085282e-07,10,3,0,5.344152429914178,5.45359062094701,35.65592143773424,36.52180018123596,-0.8658787435017175,0.10426121103020757,0.3013276456170191,0.26495536781884926
NGC0801,envelope_a0.5_q50,envelope,0.5,50.0,8.72,4.36,218.00000000000003,0.6893525478267788,5595.71964050584,5594.849418955883,1.0396408032544535,1.0000777668574177,193263901422.0871,453850769340.9816,587077732189.2407,3.0376998905091273,0.1545108212009522,0.971161025854926,2.660206122258728e-07,2.43527716520351e-07,5.095483287462239e-07,False,True,1.0687891353151286e-08,10,3,0,5.335386923871013,5.45359062094701,33.496012364140896,36.52180018123596,-3.0257878170950647,0.10082733005984972,0.3514859625634418,0.29877861064385747
NGC0801,envelope_a1_q10,envelope,1.0,10.0,8.72,8.72,87.2,0.4024632760476051,14483.168236933703,14480.915878716864,1.0396408032544535,1.0000777668574177,193263901422.0871,431516224587.3221,509297847495.39667,2.6352456084548015,0.32444250272399267,0.971161025854926,1.553102653063921e-07,3.709969280187949e-07,5.26307193325187e-07,False,True,1.4935198683513656e-06,10,3,0,5.340621680853689,5.45359062094701,27.89710947812456,36.52180018123596,-8.624690703111401,0.09153243898338793,0.6495395713911232,0.5932185356747975
NGC0801,envelope_a1_q20,envelope,1.0,20.0,8.72,8.72,174.4,0.28440879106304545,16515.533212354283,16512.964789732396,1.0396408032544535,1.0000777668574177,193263901422.0871,1038812687196.7947,1093778639756.378,5.659508225323324,0.17364777546111543,0.971161025854926,1.0975313133973252e-07,5.504104201345345e-07,6.60163551474267e-07,False,True,3.5949535836460015e-07,10,3,0,5.3203330859299145,5.45359062094701,22.32639727587951,36.52180018123596,-14.195402905356449,0.08117779196998019,0.7716508604428955,0.7152556701103139
NGC0801,envelope_a1_q50,envelope,1.0,50.0,8.72,8.72,436.00000000000006,0.24485836134521552,17179.753985061514,17177.08226576512,1.0396408032544535,1.0000777668574177,193263901422.0871,2786788854383.751,2834111136593.1465,14.66446199077533,0.07004741252929374,0.971161025854926,9.449065126259026e-08,7.476690268894943e-07,8.421596781520845e-07,False,True,4.797964085988611e-07,10,3,0,5.313323061094932,5.45359062094701,20.299596173648908,36.52180018123596,-16.222204007587052,0.07706890827662315,0.8094351406448743,0.7557755762861762
NGC0801,envelope_a2_q10,envelope,2.0,10.0,8.72,17.44,174.4,0.1901587647542201,29747.046081104294,29742.41995216818,1.0396408032544535,1.0000777668574177,193263901422.0871,1772586330221.4675,1809337154987.473,9.362002638226228,0.14268594837402693,0.971161025854926,7.338211946776571e-08,7.619923025944024e-07,8.353744220621681e-07,False,True,1.3807693293484795e-06,10,3,0,5.389287682392573,5.45359062094701,7.9422253836155,36.52180018123596,-28.57957479762046,0.04639420336094515,0.8763367245888471,0.8229562517183815
NGC0801,envelope_a2_q20,envelope,2.0,20.0,8.72,17.44,348.8,0.2661691309234939,26413.386112167864,26409.27841927422,1.0396408032544535,1.0000777668574177,193263901422.0871,3322758066887.2925,3374198951567.6934,17.459023266835874,0.07069428172468632,0.971161025854926,1.0271446067345017e-07,8.802745124994708e-07,9.82988973172921e-07,False,True,5.006504471371179e-07,10,3,0,5.394187270937186,5.45359062094701,8.687577854097048,36.52180018123596,-27.83422232713891,0.048700638301875265,0.8246231752024681,0.7514781639124418
NGC0801,envelope_a2_q50,envelope,2.0,50.0,8.72,17.44,872.0000000000001,0.2858405598122385,25558.53519634421,25554.560446081137,1.0396408032544535,1.0000777668574177,193263901422.0871,8291881371698.447,8347124033472.434,43.19029043733506,0.02777172619062856,0.971161025854926,1.1030564978682748e-07,1.1123165765695997e-06,1.2226222263564271e-06,False,True,2.4265144534335684e-07,10,3,0,5.395444199535072,5.45359062094701,8.882555598514651,36.52180018123596,-27.63924458272131,0.04928346087466242,0.8110462529731798,0.7329087133408057
NGC0891,core_refit,none,1.0,20.0,2.55,2.55,51.0,0.9999999999545538,0.0,0.0,0.965022327449384,1.0,105686261552.6304,0.0,105686261547.82736,0.9999999999545538,0.0,0.9673633466479776,7.803778291325882e-07,0.0,7.803778291325881e-07,False,True,2.8399504969903436e-13,14,4,0,0.827937268748349,0.8279372687483508,2.024183703902788,2.024183701741245,2.1615429446342205e-09,0.026909705780205018,0.0,0.0
NGC0891,core_plummer,plummer,1.0,20.0,2.55,2.55,51.0,0.9999999999545538,0.0,0.0,0.965022327449384,1.0,105686261552.6304,0.0,105686261547.82736,0.9999999999545538,0.9675842184126144,0.9673633466479776,7.803778291325882e-07,0.0,7.803778291325881e-07,False,True,6.761465444304984e-15,14,4,0,0.827937268748349,0.8279372687483508,2.024183703902788,2.024183701741245,2.1615429446342205e-09,0.026909705780205018,0.0,0.0
NGC0891,fixed_core_envelope,envelope,1.0,20.0,2.55,2.55,51.0,1.0,0.0,0.0,0.965022327449384,1.0,105686261552.6304,0.0,105686261552.6304,1.0,0.16923899437261744,0.9673633466479776,7.803778291680534e-07,0.0,7.803778291680533e-07,False,True,0.0,14,4,0,0.827937268748348,0.8279372687483508,2.0241837017412365,2.024183701741245,-8.43769498715119e-15,0.026909705765656156,0.0,0.0
NGC0891,envelope_a0.5_q10,envelope,0.5,10.0,2.55,1.275,12.75,0.9999999999545538,0.0,0.0,0.965022327449384,1.0,105686261552.6304,0.0,105686261547.82736,0.9999999999545538,0.5522653070717244,0.9673633466479776,7.803778291325882e-07,0.0,7.803778291325881e-07,False,True,1.2267600577881919e-14,14,4,0,0.827937268748349,0.8279372687483508,2.024183703902788,2.024183701741245,2.1615429446342205e-09,0.026909705780205018,0.0,0.0
NGC0891,envelope_a0.5_q20,envelope,0.5,20.0,2.55,1.275,25.5,0.9999999999545538,0.0,0.0,0.965022327449384,1.0,105686261552.6304,0.0,105686261547.82736,0.9999999999545538,0.34589380831326333,0.9673633466479776,7.803778291325882e-07,0.0,7.803778291325881e-07,False,True,1.4093686152184675e-14,14,4,0,0.827937268748349,0.8279372687483508,2.024183703902788,2.024183701741245,2.1615429446342205e-09,0.026909705780205018,0.0,0.0
NGC0891,envelope_a0.5_q50,envelope,0.5,50.0,2.55,1.275,63.74999999999999,0.9999999999545538,0.0,0.0,0.965022327449384,1.0,105686261552.6304,0.0,105686261547.82736,0.9999999999545538,0.15089468070820858,0.9673633466479776,7.803778291325882e-07,0.0,7.803778291325881e-07,False,True,1.5129477560200156e-14,14,4,0,0.827937268748349,0.8279372687483508,2.024183703902788,2.024183701741245,2.1615429446342205e-09,0.026909705780205018,0.0,0.0
NGC0891,envelope_a1_q10,envelope,1.0,10.0,2.55,2.55,25.5,0.9999999999545538,0.0,0.0,0.965022327449384,1.0,105686261552.6304,0.0,105686261547.82736,0.9999999999545538,0.31738899589210445,0.9673633466479776,7.803778291325882e-07,0.0,7.803778291325881e-07,False,True,3.2725400651675486e-14,14,4,0,0.827937268748349,0.8279372687483508,2.024183703902788,2.024183701741245,2.1615429446342205e-09,0.026909705780205018,0.0,0.0
NGC0891,envelope_a1_q20,envelope,1.0,20.0,2.55,2.55,51.0,0.9999999999545538,0.0,0.0,0.965022327449384,1.0,105686261552.6304,0.0,105686261547.82736,0.9999999999545538,0.16923899437261744,0.9673633466479776,7.803778291325882e-07,0.0,7.803778291325881e-07,False,True,3.4783332074773453e-14,14,4,0,0.827937268748349,0.8279372687483508,2.024183703902788,2.024183701741245,2.1615429446342205e-09,0.026909705780205018,0.0,0.0
NGC0891,envelope_a1_q50,envelope,1.0,50.0,2.55,2.55,127.49999999999999,0.9999999999545538,0.0,0.0,0.965022327449384,1.0,105686261552.6304,0.0,105686261547.82736,0.9999999999545538,0.06817166100617808,0.9673633466479776,7.803778291325882e-07,0.0,7.803778291325881e-07,False,True,3.540942902509543e-14,14,4,0,0.827937268748349,0.8279372687483508,2.024183703902788,2.024183701741245,2.1615429446342205e-09,0.026909705780205018,0.0,0.0
NGC0891,envelope_a2_q10,envelope,2.0,10.0,2.55,5.1,51.0,0.9999999999545538,0.0,0.0,0.965022327449384,1.0,105686261552.6304,0.0,105686261547.82736,0.9999999999545538,0.1383441833369721,0.9673633466479776,7.803778291325882e-07,0.0,7.803778291325881e-07,False,True,1.148868326750185e-13,14,4,0,0.827937268748349,0.8279372687483508,2.024183703902788,2.024183701741245,2.1615429446342205e-09,0.026909705780205018,0.0,0.0
NGC0891,envelope_a2_q20,envelope,2.0,20.0,2.55,5.1,102.0,0.9999999999545538,0.0,0.0,0.965022327449384,1.0,105686261552.6304,0.0,105686261547.82736,0.9999999999545538,0.0684482068521893,0.9673633466479776,7.803778291325882e-07,0.0,7.803778291325881e-07,False,True,1.1489745636569784e-13,14,4,0,0.827937268748349,0.8279372687483508,2.024183703902788,2.024183701741245,2.1615429446342205e-09,0.026909705780205018,0.0,0.0
NGC0891,envelope_a2_q50,envelope,2.0,50.0,2.55,5.1,254.99999999999997,0.9999999999558719,0.0,0.0,0.965022327449384,1.0,105686261552.6304,0.0,105686261547.96666,0.9999999999558719,0.026877967871440367,0.9673633466479776,7.803778291336167e-07,0.0,7.803778291336167e-07,False,True,5.684803742472243e-09,14,4,0,0.8279372687483485,0.8279372687483508,2.0241837038401065,2.024183701741245,2.0988615290207235e-09,0.026909705779783126,0.0,0.0
NGC1003,core_refit,none,1.0,20.0,1.61,1.61,32.2,1.0000000149107549,0.0,0.0,1.5440650952534276,1.0206477961666265,95599418785.91151,0.0,95599420211.37102,1.0000000149107549,0.0,0.8875621685547977,1.998894431302627e-07,0.0,1.9988944313026267e-07,False,True,6.465938895412731e-13,28,8,0,3.8484601143034283,3.8484601143034562,12.637488568235451,12.637490540462679,-1.9722272277533648e-06,0.06441324177700039,0.0,0.0
NGC1003,core_plummer,plummer,1.0,20.0,1.61,1.61,32.2,1.0000000149358084,0.0,0.0,1.5440650952534276,1.0206477961666265,95599418785.91151,0.0,95599420213.76611,1.0000000149358084,0.9957631509200353,0.8875621685547977,1.9988944313527062e-07,0.0,1.9988944313527065e-07,False,True,1.6801181968909116e-09,28,8,0,3.848460114303431,3.8484601143034562,12.637488564921643,12.637490540462679,-1.9755410356481207e-06,0.06441324176808458,0.0,0.0
NGC1003,fixed_core_envelope,envelope,1.0,20.0,1.61,1.61,32.2,1.0,63.820703876694004,61.2646258251683,1.5440650952534276,1.0206477961666265,95599418785.91151,1056850740.7677282,96656269526.67924,1.0110549912770335,0.45443798551662107,0.8875621685547977,1.9988944014976025e-07,2.0420735385315627e-09,2.0193151368829182e-07,False,True,4.65334437627636e-11,28,8,0,3.839121239000455,3.8484601143034562,11.903532472263375,12.637490540462679,-0.7339580681993034,0.0624069230620774,0.005628374294454075,0.005702915455562456
NGC1003,envelope_a0.5_q10,envelope,0.5,10.0,1.61,0.805,8.05,0.9824442371117957,193.56163988164127,185.8093176842131,1.5440650952534276,1.0206477961666265,95599418785.91151,759154677.254016,94680252734.70993,0.9903852338970806,0.817849850895078,0.8875621685547977,1.9638022853463515e-07,4.760381638527938e-09,2.011406101731631e-07,False,True,3.508822638718753e-06,28,8,0,3.8337595437177683,3.8484601143034562,13.994902786521575,12.637490540462679,1.357412246058896,0.06791768104264564,0.00739297523485201,0.00855594504855182
NGC1003,envelope_a0.5_q20,envelope,0.5,20.0,1.61,0.805,16.1,0.9717981545914484,221.88728436766905,213.00049398408703,1.5440650952534276,1.0206477961666265,95599418785.91151,1837191746.6155193,94740530502.77937,0.9910157583169458,0.6730418229920871,0.8875621685547977,1.9425218905985477e-07,7.099736048340755e-09,2.0135192510819555e-07,False,True,4.6451395713156743e-07,28,8,0,3.825151891108954,3.8484601143034562,14.469222621983143,12.637490540462679,1.8317320815204639,0.06910840902660573,0.014774140869534168,0.016197997116641605
NGC1003,envelope_a0.5_q50,envelope,0.5,50.0,1.61,0.805,40.25,0.9637890905195323,238.9826929464593,229.41121568235437,1.5440650952534276,1.0206477961666265,95599418785.91151,5103063828.462034,97240740714.33159,1.0171687437984922,0.39850560910625615,0.8875621685547977,1.926512617263959e-07,9.98561092815035e-09,2.0263687265454627e-07,False,True,1.800108395921347e-07,28,8,0,3.822260541671082,3.8484601143034562,14.336768997903299,12.637490540462679,1.6992784574406201,0.06884355999228353,0.024263963470428605,0.024361842625265615
NGC1003,envelope_a1_q10,envelope,1.0,10.0,1.61,1.61,16.1,0.9423364207767587,515.0019886733418,494.37568404524865,1.5440650952534276,1.0206477961666265,95599418785.91151,4039707131.387754,94126521258.44205,0.9845930284286778,0.6576986588381691,0.8875621685547977,1.883630995817952e-07,1.2665763795889787e-08,2.01028863377685e-07,False,True,1.2871658884612472e-06,28,8,0,3.775191214818026,3.8484601143034562,16.303461088297404,12.637490540462679,3.665970547834725,0.073515747999122,0.032160311990667434,0.03491788430061049
NGC1003,envelope_a1_q20,envelope,1.0,20.0,1.61,1.61,32.2,0.9278945924856965,542.6575172119359,520.9235831594256,1.5440650952534276,1.0206477961666265,95599418785.91151,8986237446.654734,97692421182.87755,1.0218934636166896,0.45443798551662107,0.8875621685547977,1.854763306099558e-07,1.736343363628119e-08,2.02839764246237e-07,False,True,8.021742945464737e-07,28,8,0,3.7692605931758147,3.8484601143034562,16.054568624414216,12.637490540462679,3.4170780839515373,0.07303541793939518,0.049310405952635736,0.049934412551109426
NGC1003,envelope_a1_q50,envelope,1.0,50.0,1.61,1.61,80.5,0.9173945071917768,583.0933706927447,559.7399434147021,1.5440650952534276,1.0206477961666265,95599418785.91151,24901909438.81265,112604291123.73424,1.1778763150841325,0.21371598623791832,0.8875621685547977,1.8337747443902947e-07,2.436387113532925e-08,2.0774134557435874e-07,False,True,1.251681416854971e-05,28,8,0,3.7617208918817835,3.8484601143034562,15.615484589063882,12.637490540462679,2.9779940486012038,0.0721540508463725,0.06399384335577996,0.061392189599937856
NGC1003,envelope_a2_q10,envelope,2.0,10.0,1.61,3.22,32.2,0.8567301951659353,1335.960727632847,1282.4542683465268,1.5440650952534276,1.0206477961666265,95599418785.91151,20958715489.914555,102861624204.1185,1.0759649536622204,0.42975150421573094,0.8875621685547977,1.7125131907111365e-07,3.285611199360904e-08,2.0410743106472268e-07,False,True,5.826039755869275e-07,28,8,0,3.6764319013535056,3.8484601143034562,18.233275372517085,12.637490540462679,5.595784832054406,0.07814657068743369,0.1102439824698843,0.10951435687456783
NGC1003,envelope_a2_q20,envelope,2.0,20.0,1.61,3.22,64.4,0.830217670217345,1476.5333289887094,1417.3968073692345,1.5440650952534276,1.0206477961666265,95599418785.91151,48901853089.08228,128270179827.65402,1.3417464400584536,0.24511133318902625,0.8875621685547977,1.6595174530218338e-07,4.724469422514229e-08,2.1319643952732568e-07,False,True,4.840661931539327e-06,28,8,0,3.654940912411933,3.8484601143034562,17.26607780318979,12.637490540462679,4.6285872627271125,0.07632501587352192,0.14541178371245425,0.1382614200944491
NGC1003,envelope_a2_q50,envelope,2.0,50.0,1.61,3.22,161.0,0.8187970704277121,1542.3660548656148,1480.592871857836,1.5440650952534276,1.0206477961666265,95599418785.91151,131738283267.16109,210014807303.6574,2.1968209636710396,0.1015789549299728,0.8875621685547977,1.636688880040592e-07,6.44459527289899e-08,2.2811484073304908e-07,False,True,5.622656950992005e-07,28,8,0,3.644526778331626,3.8484601143034562,16.717608081769566,12.637490540462679,4.080117541306887,0.07526612844543397,0.16150497834374805,0.1508433493691825
NGC1090,core_refit,none,1.0,20.0,3.53,3.53,70.6,1.0000000150788886,0.0,0.0,1.116036313163134,1.0026502842868037,130467736631.61035,0.0,130467738598.91882,1.0000000150788886,0.0,0.8279567705663257,3.427425052707273e-07,0.0,3.427425052707273e-07,False,True,4.0145664570429545e-13,19,5,0,3.188566808831239,3.188566808831257,0.4089732062388249,0.40897353495058564,-3.2871176075532915e-07,0.007676982442934903,0.0,0.0
NGC1090,core_plummer,plummer,1.0,20.0,3.53,3.53,70.6,0.9788339859905145,1327.59357252405,1320.5844483044268,1.116036313163134,1.0026502842868037,130467736631.61035,1209645518.7428055,128915900209.02264,0.9881055925192488,0.9797054179406499,0.8279567705663257,3.354880075437346e-07,1.4693483604294576e-08,3.5018149114802916e-07,False,True,5.887935482693814e-06,19,5,0,3.1564532316337752,3.188566808831257,0.6518640064028117,0.40897353495058564,0.2428904714522261,0.010175797998582318,0.011083916380847299,0.013936124065121193
NGC1090,fixed_core_envelope,envelope,1.0,20.0,3.53,3.53,70.6,1.0,147.74263126300968,146.96261358554563,1.116036313163134,1.0026502842868037,130467736631.61035,4017651729.4669023,134485388361.07726,1.0307942165104862,0.2212683967724737,0.8279567705663257,3.427425001025513e-07,4.898560308079012e-09,3.4764106041063034e-07,False,True,9.045209026144259e-12,19,5,0,3.1821050032384663,3.188566808831257,0.2566983563036425,0.40897353495058564,-0.15227517864694312,0.005495202518499586,0.008162466747366908,0.008047543844737316
NGC1090,envelope_a0.5_q10,envelope,0.5,10.0,3.53,1.765,17.65,0.9324018779355069,1263.4368640422215,1256.7664597053833,1.116036313163134,1.0026502842868037,130467736631.61035,8137273533.0493555,129785636178.35797,0.9947718840622003,0.6289004464395744,0.8279567705663257,3.195737507439295e-07,3.219799767451368e-08,3.517717484184432e-07,False,True,7.358287852915834e-06,19,5,0,3.1298125774421153,3.188566808831257,0.9564368731021318,0.40897353495058564,0.5474633381515461,0.01263692215353535,0.04835293077273956,0.05413246582306171
NGC1090,envelope_a0.5_q20,envelope,0.5,20.0,3.53,1.765,35.3,0.9115155146816946,1329.322501809126,1322.3042495849863,1.116036313163134,1.0026502842868037,130467736631.61035,18074521899.184116,136997888004.3022,1.0500518483824888,0.42236708191414146,0.8279567705663257,3.124151063842678e-07,4.4075067489533905e-08,3.5649017387380176e-07,False,True,1.026094233099459e-07,19,5,0,3.125506821751608,3.188566808831257,0.8986217290364577,0.40897353495058564,0.489648194085872,0.012251162779424996,0.07195347531693742,0.07547981812348095
NGC1090,envelope_a0.5_q50,envelope,0.5,50.0,3.53,1.765,88.25,0.8963516898623659,1427.9332385069595,1420.3943639197653,1.116036313163134,1.0026502842868037,130467736631.61035,50071066758.770065,167016042961.0321,1.2801329069777596,0.19381661521436558,0.8279567705663257,3.07217819154574e-07,6.18256846791616e-08,3.6904350383373557e-07,False,True,1.8749420514599734e-06,19,5,0,3.119851169549762,3.188566808831257,0.8043451357147582,0.40897353495058564,0.39537160076417255,0.011584613550199963,0.09109739636715387,0.09131619481733831
NGC1090,envelope_a1_q10,envelope,1.0,10.0,3.53,3.53,35.3,0.7861258132679135,3836.260271601372,3816.006464006223,1.116036313163134,1.0026502842868037,130467736631.61035,49415526905.10601,151979582469.85464,1.1648824942750813,0.396464720086793,0.8279567705663257,2.6943872663459607e-07,9.776499548118491e-08,3.67203722115781e-07,False,True,1.8278933086546456e-07,19,5,0,3.0240468214992346,3.188566808831257,1.5034689883225927,0.40897353495058564,1.094495453372007,0.016256953286363406,0.1874604445509739,0.19205310173133733
NGC1090,envelope_a1_q20,envelope,1.0,20.0,3.53,3.53,70.6,0.7372198396776036,4305.208105008335,4282.4784541393865,1.116036313163134,1.0026502842868037,130467736631.61035,117074040450.85712,213257444333.5127,1.6345607721828421,0.2212683967724737,0.8279567705663257,2.5267657097630395e-07,1.4274364386857935e-07,3.954202148448833e-07,False,True,1.8022270529674867e-06,19,5,0,3.0015835402220468,3.188566808831257,1.2299596034347124,0.40897353495058564,0.8209860684841268,0.014739618152477697,0.24544879686359894,0.2428108893089744
NGC1090,envelope_a1_q50,envelope,1.0,50.0,3.53,3.53,176.5,0.7156815800641434,4527.337089334912,4503.434692773196,1.116036313163134,1.0026502842868037,130467736631.61035,317505877062.6682,410879232962.57166,3.149278462021099,0.0908013844070645,0.8279567705663257,2.4529449402852875e-07,1.9602157003793933e-07,4.413160640664681e-07,False,True,1.7160216531353235e-06,19,5,0,2.9906906770526347,3.188566808831257,1.0846937928774707,0.40897353495058564,0.6757202579268851,0.013855873916809532,0.2716244991332583,0.2652757173135636
NGC1090,envelope_a2_q10,envelope,2.0,10.0,3.53,7.06,70.6,0.24495679351874683,17014.54053415769,16924.711063292605,1.116036313163134,1.0026502842868037,130467736631.61035,438334433024.6486,470293391447.57623,3.6046719563741654,0.19017701405500181,0.8279567705663257,8.395710382771973e-08,4.336062625234756e-07,5.175633663511953e-07,False,True,1.091875367366547e-09,19,5,0,2.911171174917277,3.188566808831257,0.5116551341496425,0.40897353495058564,0.10268159919905684,0.009438401343336556,0.75905837163195,0.7474593027208859
NGC1090,envelope_a2_q20,envelope,2.0,20.0,3.53,7.06,141.2,0.09505079550594044,19697.346613676662,19593.353078253207,1.116036313163134,1.0026502842868037,130467736631.61035,1071282919653.2747,1083683981807.9688,8.306145333599728,0.09579084942726862,0.8279567705663257,3.2577947288442375e-08,6.530859743824592e-07,6.856639216709015e-07,False,True,1.1626884183940126e-06,19,5,0,2.8628004281089847,3.188566808831257,0.2112845352624691,0.40897353495058564,-0.19768899968811654,0.004972994192872763,0.9090455434847908,0.9022318207021536
NGC1090,envelope_a2_q50,envelope,2.0,50.0,3.53,7.06,353.0,0.042932034761020144,20624.950794116354,20516.05990677594,1.116036313163134,1.0026502842868037,130467736631.61035,2892889556064.5347,2898490801468.7944,22.216149956314442,0.03782594896747369,0.8279567705663257,1.4714632928481683e-08,8.930051279242957e-07,9.077197608527773e-07,False,True,3.447345160023748e-08,19,5,0,2.845871998682007,3.188566808831257,0.16348493839867947,0.40897353495058564,-0.24548859655190616,0.0032496805462015103,0.9593421775236574,0.9558857928762909
NGC2403,core_refit,none,1.0,20.0,1.39,1.39,27.799999999999997,1.000000001798674,0.0,0.0,1.1236549814322243,1.0505615429781978,33340055876.5913,0.0,33340055936.559196,1.000000001798674,0.0,0.9968034184434637,2.295864631276318e-07,0.0,2.295864631276318e-07,False,True,0.00017784991099908885,58,15,0,8.935630174994857,8.93563017499483,152.99930603664546,152.99930721671686,-1.180071393491744e-06,0.17132184470100692,0.0,0.0
NGC2403,core_plummer,plummer,1.0,20.0,1.39,1.39,27.799999999999997,0.9965661297910924,171.11665493798384,155.0419721667544,1.1236549814322243,1.0505615429781978,33340055876.5913,56303575.7382023,33281874027.69156,0.998254896479025,0.9933828099970663,0.9968034184434637,2.2879809259999618e-07,1.7250745902200287e-09,2.3052316719021618e-07,False,True,4.33080000547897e-06,58,15,0,8.912101820201864,8.93563017499483,154.117605938792,152.99930721671686,1.1182987220751386,0.17178210602111316,0.001685923434791544,0.001816136606072894
NGC2403,fixed_core_envelope,envelope,1.0,20.0,1.39,1.39,27.799999999999997,1.0,0.0,0.0,1.1236549814322243,1.0505615429781978,33340055876.5913,0.0,33340055876.5913,1.0,0.38113205677419093,0.9968034184434637,2.295864627146806e-07,0.0,2.295864627146806e-07,False,True,0.0,58,15,0,8.935630174994849,8.93563017499483,152.99930721671686,152.99930721671686,0.0,0.1713218451823204,0.0,0.0
NGC2403,envelope_a0.5_q10,envelope,0.5,10.0,1.39,0.695,6.949999999999999,0.9956783170427946,62.91922513212785,57.00859893050488,1.1236549814322243,1.0505615429781978,33340055876.5913,146338787.19963646,33342309512.5168,1.0000675954453657,0.7749661403782144,0.9968034184434637,2.285942628115615e-07,1.4605440188322502e-09,2.3005480683039371e-07,False,True,3.574501277688195e-05,58,15,0,8.929492163461127,8.93563017499483,153.72379475026813,152.99930721671686,0.7244875335512688,0.1716009329727579,0.003415555853297862,0.003191222477515289
NGC2403,envelope_a0.5_q20,envelope,0.5,20.0,1.39,0.695,13.899999999999999,0.9934439370813151,75.51130085593083,68.41777622303131,1.1236549814322243,1.0505615429781978,33340055876.5913,370765340.82557815,33492241713.377472,1.0045646545209608,0.6073759999298474,0.9968034184434637,2.2808127941984485e-07,2.2805024679156663e-09,2.3036178188776052e-07,False,True,3.7620572226804856e-05,58,15,0,8.927366187458203,8.93563017499483,153.4104400297097,152.99930721671686,0.41113281299283244,0.17141772652401135,0.006774626500233904,0.005630527197967154
NGC2403,envelope_a0.5_q50,envelope,0.5,50.0,1.39,0.695,34.75,0.9910039735646599,93.85964839053045,85.04248168373782,1.1236549814322243,1.0505615429781978,33340055876.5913,1188525706.4769003,34228653559.04667,1.026652555284986,0.3313621758507866,0.9968034184434637,2.275210968269031e-07,3.7016548294394323e-09,2.312227516563425e-07,False,True,7.678213290062023e-05,58,15,0,8.92393324310787,8.93563017499483,152.71966050115196,152.99930721671686,-0.27964671556489407,0.17100570730066567,0.01181674235204517,0.008547566535465583
NGC2403,envelope_a1_q10,envelope,1.0,10.0,1.39,1.39,13.899999999999999,1.000000000904442,1.0858541695850927e-13,9.838491291159279e-14,1.1236549814322243,1.0505615429781978,33340055876.5913,5.051002516927436e-07,33340055906.74545,1.000000000904442,0.5890904300727601,0.9968034184434637,2.2958646292232826e-07,2.5205933629684105e-24,2.2958646292232823e-07,False,True,6.651788263386819e-10,58,15,0,8.935630174994829,8.93563017499483,152.99930662333193,152.99930721671686,-5.933849251960055e-07,0.1713218449402976,8.953311819538537e-18,7.261336527388121e-18
NGC2403,envelope_a1_q20,envelope,1.0,20.0,1.39,1.39,27.799999999999997,1.0000000009043748,5.377226971091068e-14,4.872090765731545e-14,1.1236549814322243,1.0505615429781978,33340055876.5913,5.280506011773951e-07,33340055906.743206,1.0000000009043748,0.38113205677419093,0.9968034184434637,2.295864629223128e-07,1.6239661135638763e-24,2.2958646292231283e-07,False,True,7.921062008978698e-10,58,15,0,8.935630174994856,8.93563017499483,152.99930662337601,152.99930721671686,-5.933408431246789e-07,0.17132184494031563,6.055850949677085e-18,4.358081030208917e-18
NGC2403,envelope_a1_q50,envelope,1.0,50.0,1.39,1.39,69.5,1.000000000905546,2.4269970924646633e-15,2.199005209604372e-15,1.1236549814322243,1.0505615429781978,33340055876.5913,6.146514467936085e-08,33340055906.782257,1.000000000905546,0.16996120460692415,0.9968034184434637,2.295864629225817e-07,9.57163771909428e-26,2.2958646292258173e-07,False,True,4.928929088470211e-09,58,15,0,8.935630174994852,8.93563017499483,152.99930662260752,152.99930721671686,-5.941093377259676e-07,0.1713218449400022,3.143423287896042e-19,2.1087768131085385e-19
NGC2403,envelope_a2_q10,envelope,2.0,10.0,1.39,2.78,27.799999999999997,0.9858103806325631,236.80173473869462,214.55660163355708,1.1236549814322243,1.0505615429781978,33340055876.5913,2203032767.5307574,35070005941.54415,1.0518880373613135,0.3537656091709304,0.9968034184434637,2.2632871819684304e-07,5.496878841012595e-09,2.3182559703785562e-07,False,True,2.4748408040763112e-05,58,15,0,8.934245916484757,8.93563017499483,150.46729849203874,152.99930721671686,-2.5320087246781213,0.1698339304041915,0.023235770893957133,0.01593718874278486
NGC2403,envelope_a2_q20,envelope,2.0,20.0,1.39,2.78,55.599999999999994,0.9692979079923556,492.3572404779663,446.1052467508237,1.1236549814322243,1.0505615429781978,33340055876.5913,9670022791.531157,41986469205.05935,1.2593400971034023,0.19243841666120157,0.9968034184434637,2.2253767801270486e-07,1.486958758859681e-08,2.3740726560130166e-07,False,True,2.267847202088792e-05,58,15,0,8.92981303995081,8.93563017499483,146.18651376624842,152.99930721671686,-6.812793450468433,0.167294338743359,0.05461296996848871,0.0355542098022668
NGC2403,envelope_a2_q50,envelope,2.0,50.0,1.39,2.78,139.0,0.964039456419338,570.0380118925971,516.4886936685075,1.1236549814322243,1.0505615429781978,33340055876.5913,28873103295.01257,61014232639.272,1.8300578998762649,0.07812445613981944,0.9968034184434637,2.2133040871669928e-07,2.2481268530931032e-08,2.438116772476303e-07,False,True,4.560923124906063e-06,58,15,0,8.927733455036833,8.93563017499483,144.50251145863814,152.99930721671686,-8.496795758078719,0.16627248308219306,0.06577506346340188,0.04203336952096084
NGC2683,core_refit,none,1.0,20.0,2.18,2.18,43.6,1.0000000031723864,0.0,0.0,1.0102430567253944,1.0017894633461857,74335492085.89192,0.0,74335492321.71283,1.0000000031723864,0.0,0.9999010005330204,4.5560244679389953e-07,0.0,4.5560244679389953e-07,False,True,6.116884776437346e-12,8,3,0,0.607946667421163,0.6079466674211637,5.183807916541085,5.183807969049678,-5.250859302918798e-08,0.15592497901485255,0.0,0.0
NGC2683,core_plummer,plummer,1.0,20.0,2.18,2.18,43.6,0.9653536955293952,2810.833487992129,2800.8006590880655,1.0102430567253944,1.0017894633461857,74335492085.89192,1434179396.2644777,73194221390.37636,0.9846470284450816,0.9940816290799945,0.9999010005330204,4.398175043094545e-07,3.116311010329347e-08,4.70980614412748e-07,False,True,1.5022305363395685e-07,8,3,0,0.5882672032655624,0.6079466674211637,5.4438664528379235,5.183807969049678,0.2600584837882458,0.159748700608233,0.019482346234546404,0.01952926676684162
NGC2683,fixed_core_envelope,envelope,1.0,20.0,2.18,2.18,43.6,1.0,117.97583910891942,117.55474287050842,1.0102430567253944,1.0017894633461857,74335492085.89192,1796531816.5326817,76132023902.4246,1.0241678875880293,0.3991932265414634,0.9999010005330204,4.5560244534855253e-07,3.918336666738104e-09,4.5952078201529064e-07,False,True,4.1122660832098885e-13,8,3,0,0.6070884394118906,0.6079466674211637,5.037803277652657,5.183807969049678,-0.146004691397021,0.15372066796953873,0.00955640617490769,0.006710656259107513
NGC2683,envelope_a0.5_q10,envelope,0.5,10.0,2.18,1.09,10.9,0.9140332737338224,2203.669896455238,2195.804242681501,1.0102430567253944,1.0017894633461857,74335492085.89192,7947806585.737164,75892919771.6196,1.0209513335020117,0.7864677421507777,0.9999010005330204,4.1643579464307237e-07,5.625587741744807e-08,4.7269167206052046e-07,False,True,4.584445208948098e-07,8,3,0,0.5860534306880995,0.6079466674211637,5.25169445381762,5.183807969049678,0.0678864847679419,0.15688752625295818,0.08425355170000885,0.07549908318985629
NGC2683,envelope_a0.5_q20,envelope,0.5,20.0,2.18,1.09,21.8,0.8566054244168019,2951.535847127525,2941.000803239317,1.0102430567253944,1.0017894633461857,74335492085.89192,22472940633.657455,86149126381.12473,1.158923200260551,0.6244654932427032,0.9999010005330204,3.902715260631296e-07,9.802948824389691e-08,4.883010143070265e-07,False,True,3.030913285416965e-07,8,3,0,0.5758445511175555,0.6079466674211637,4.604518906262843,5.183807969049678,-0.5792890627868346,0.146861467277668,0.18060426595398782,0.14981852141667173
NGC2683,envelope_a0.5_q50,envelope,0.5,50.0,2.18,1.09,54.50000000000001,0.8282109420413996,3207.346123905439,3195.898005390158,1.0102430567253944,1.0017894633461857,74335492085.89192,62979636715.13126,124545104642.69882,1.6754460238023519,0.3476301390507698,0.9999010005330204,3.7733493045848993e-07,1.3910825568382413e-07,5.16443186142314e-07,False,True,6.3276019264739686e-09,8,3,0,0.5703134577840758,0.6079466674211637,3.6929381065340547,5.183807969049678,-1.490869862515623,0.13137836199073682,0.262346731034581,0.1989818592725434
NGC2683,envelope_a1_q10,envelope,1.0,10.0,2.18,2.18,21.8,0.7635574820130592,5862.145062014857,5841.221055427754,1.0102430567253944,1.0017894633461857,74335492085.89192,42285094700.77491,99044515862.08023,1.332398738245224,0.6069375891020933,0.9999010005330204,3.478786559693332e-07,1.4965041476605976e-07,4.975290707353928e-07,False,True,2.2831991775545414e-08,8,3,0,0.5697318507735243,0.6079466674211637,3.80686197838865,5.183807969049678,-1.3769459906610275,0.1334896858408674,0.31139249127344315,0.26177525921752465
NGC2683,envelope_a1_q20,envelope,1.0,20.0,2.18,2.18,43.6,0.777623863212348,4980.32069739484,4962.5442244526375,1.0102430567253944,1.0017894633461857,74335492085.89192,75840143685.23033,133645196214.85254,1.7978652251394318,0.3991932265414634,0.9999010005330204,3.5428733364093405e-07,1.65411607563989e-07,5.196989412049232e-07,False,True,2.498883941496243e-07,8,3,0,0.5718252276637472,0.6079466674211637,3.001826924829444,5.183807969049678,-2.1819810442202336,0.11840123340774718,0.3437427888850992,0.26834351226363146
NGC2683,envelope_a1_q50,envelope,1.0,50.0,2.18,2.18,109.00000000000001,0.8039581752241594,4240.8217047882135,4225.6847574170715,1.0102430567253944,1.0017894633461857,74335492085.89192,166546047743.6639,226308674315.42752,3.0444228990094824,0.18018905290970116,0.9999010005330204,3.662853105900871e-07,1.8393191356000417e-07,5.502172241500913e-07,False,True,4.112686910665744e-08,8,3,0,0.5759452182876255,0.6079466674211637,2.8138687625162837,5.183807969049678,-2.369939206533394,0.11451914279574571,0.3343093439042564,0.2467167911337957
NGC2683,envelope_a2_q10,envelope,2.0,10.0,2.18,4.36,43.6,0.9036544846021578,2982.331536811781,2971.686572543407,1.0102430567253944,1.0017894633461857,74335492085.89192,43024582342.8496,110198183131.37405,1.4824437161732125,0.37245261399944873,0.9999010005330204,4.11707192934929e-07,7.613376106056047e-08,4.878409539954895e-07,False,True,9.310627934396256e-08,8,3,0,0.5971565161002841,0.6079466674211637,3.672926971355239,5.183807969049678,-1.5108809976944388,0.13113124154271294,0.1926231034156879,0.13751828228652466
NGC2683,envelope_a2_q20,envelope,2.0,20.0,2.18,4.36,87.2,0.9212755735704308,2335.5196959861996,2327.183425050194,1.0102430567253944,1.0017894633461857,74335492085.89192,71130419137.8406,139613892245.9109,1.8781592524415145,0.20482905596121853,0.9999010005330204,4.1973540415857857e-07,7.756971706912722e-08,4.973051212277058e-07,False,True,3.4180817150710433e-07,8,3,0,0.5988821375616253,0.6079466674211637,3.718376729581277,5.183807969049678,-1.4654312394684008,0.1319023472344388,0.17543926563685155,0.11757722103846437
NGC2683,envelope_a2_q50,envelope,2.0,50.0,2.18,4.36,218.00000000000003,0.9258983842294476,2170.840509163384,2163.092034734184,1.0102430567253944,1.0017894633461857,74335492085.89192,170507006542.9974,239334118556.22565,3.2196480017874087,0.08352829058008795,0.9999010005330204,4.2184156799921e-07,9.41531798974641e-08,5.159947478966741e-07,False,True,1.7544773309079831e-07,8,3,0,0.5993488002222809,0.6079466674211637,3.7254442881978207,5.183807969049678,-1.458363680851857,0.13201068582443468,0.1714632495918354,0.11225454054269368
NGC2841,core_refit,none,1.0,20.0,3.64,3.64,72.8,1.0000000000100604,0.0,0.0,1.1448896992038589,1.0231572754378635,546160423710.1433,0.0,546160423715.6379,1.0000000000100604,0.0,0.9924637015628882,1.1054291279416797e-06,0.0,1.1054291279416797e-06,False,True,1.8977885925814915e-10,40,10,0,0.28095272682727,0.2809527268272687,53.576287917031586,53.57628791920092,-2.169336710267089e-09,0.127388474093982,0.0,0.0
NGC2841,core_plummer,plummer,1.0,20.0,3.64,3.64,72.8,0.9971673730734977,999.4229078958197,954.694688183064,1.1448896992038589,1.0231572754378635,546160423710.1433,925056904.5153863,545538411892.2674,0.9988611188382152,0.9951127916987547,0.9924637015628882,1.1022978596174425e-06,1.0622410983209783e-08,1.1129202706006523e-06,False,True,7.041409037767972e-08,40,10,0,0.2785183763725089,0.2809527268272687,53.81337780843701,53.57628791920092,0.23708988923608842,0.12768687478588425,0.0017001953551448545,0.0018665029837621058
NGC2841,fixed_core_envelope,envelope,1.0,20.0,3.64,3.64,72.8,1.0,40.91566342727036,39.08452190648897,1.1448896992038589,1.0231572754378635,546160423710.1433,1130270062.812961,547290693772.9563,1.0020694836420678,0.430676577585781,0.9924637015628882,1.1054291279305586e-06,1.3027659416245045e-09,1.106731893872183e-06,False,True,4.514681829633239e-06,40,10,0,0.28086980214486934,0.2809527268272687,53.401635866892526,53.57628791920092,-0.17465205230839587,0.12716813375305494,0.0008972403124298784,0.0007093717003584076
NGC2841,envelope_a0.5_q10,envelope,0.5,10.0,3.64,1.82,18.2,0.9939517751915738,509.78221233470794,486.96739528496875,1.1448896992038589,1.0231572754378635,546160423710.1433,3335310093.7455797,546192432779.8247,1.000058607449921,0.8049894809245043,0.9924637015628882,1.0987432440550522e-06,1.2475965554192967e-08,1.111219209609245e-06,False,True,4.496282804186982e-06,40,10,0,0.27916510208185646,0.2809527268272687,53.8309312166755,53.57628791920092,0.2546432974745798,0.12771087679930623,0.004958694584323791,0.004899908538251003
NGC2841,envelope_a0.5_q20,envelope,0.5,20.0,3.64,1.82,36.4,0.9913227584702262,515.6573724079503,492.57961816863155,1.1448896992038589,1.0231572754378635,546160423710.1433,7122359041.513694,548543616841.1205,1.0043635405047986,0.6527925203556487,0.9924637015628882,1.095837052393458e-06,1.641867211843663e-08,1.1122557245118947e-06,False,True,1.0320300030170069e-06,40,10,0,0.279145080691514,0.2809527268272687,53.69211249842245,53.57628791920092,0.11582457922153111,0.1275428586755676,0.008578423125694365,0.007717002962707709
NGC2841,envelope_a0.5_q50,envelope,0.5,50.0,3.64,1.82,91.0,0.9885450506972324,564.6561196679405,539.3854731947337,1.1448896992038589,1.0231572754378635,546160423710.1433,20113569477.515427,560017753222.881,1.0253722695954477,0.3764106660208237,0.9924637015628882,1.0927664933123115e-06,2.3477899542089226e-08,1.1162443928544007e-06,False,True,5.144126673739974e-07,40,10,0,0.27901134464859123,0.2809527268272687,53.3400485070765,53.57628791920092,-0.23623941212441935,0.1271152278355691,0.013932415848012405,0.01096184667526539
NGC2841,envelope_a1_q10,envelope,1.0,10.0,3.64,3.64,36.4,0.9889251102031255,746.2414661655699,712.8441405752485,1.1448896992038589,1.0231572754378635,546160423710.1433,9764745156.856735,549876502362.9958,1.0068040057307863,0.6365334690931991,0.9924637015628882,1.0931866221604724e-06,1.8262863241841372e-08,1.1114494854023137e-06,False,True,1.0137667913587246e-05,40,10,0,0.2794019056615975,0.2809527268272687,53.63083214947733,53.57628791920092,0.05454423027640587,0.127469448536945,0.01146243984892467,0.010150114373642603
NGC2841,envelope_a1_q20,envelope,1.0,20.0,3.64,3.64,72.8,0.9849029746014247,848.2145619793515,810.2535276744164,1.1448896992038589,1.0231572754378635,546160423710.1433,23431406115.445923,561346432037.1406,1.0278050324918029,0.430676577585781,0.9924637015628882,1.088740436309866e-06,2.700738421364923e-08,1.1157478205235153e-06,False,True,5.640798213623234e-06,40,10,0,0.27923444410061066,0.2809527268272687,53.20786414017432,53.57628791920092,-0.3684237790265996,0.1269555871989714,0.01855191009591137,0.014721889583968894
NGC2841,envelope_a1_q50,envelope,1.0,50.0,3.64,3.64,182.0,0.9829707419619265,893.9010481169622,853.8953586678208,1.1448896992038589,1.0231572754378635,546160423710.1433,63683152315.42226,600542869240.022,1.0995722926250335,0.1988513425912132,0.9924637015628882,1.0866044900682265e-06,3.716761100650102e-08,1.1237721010747274e-06,False,True,2.7942715670244513e-06,40,10,0,0.27917954061202926,0.2809527268272687,52.85089612968235,53.57628791920092,-0.7253917895185751,0.12651988495427294,0.02321541375874336,0.017083334576390382
NGC2841,envelope_a2_q10,envelope,2.0,10.0,3.64,7.28,72.8,0.9754331825450415,1698.4591769977517,1622.446255298922,1.1448896992038589,1.0231572754378635,546160423710.1433,44449475872.53997,577192476152.2734,1.0568185666609182,0.4050834409320611,0.9924637015628882,1.0782722523352947e-06,4.15666095730979e-08,1.1198388619083925e-06,False,True,4.247158943228884e-06,40,10,0,0.2799164254074895,0.2809527268272687,52.49954288752046,53.57628791920092,-1.0767450316804599,0.12608867451197978,0.03293329482519396,0.025222071716564744
NGC2841,envelope_a2_q20,envelope,2.0,20.0,3.64,7.28,145.6,0.97351926899853,1701.0756834308106,1624.9456624803097,1.1448896992038589,1.0231572754378635,546160423710.1433,93982341162.74779,625680037608.9739,1.145597539562905,0.22731990458885584,0.9924637015628882,1.07615655655264e-06,5.416271615486626e-08,1.1303192727075061e-06,False,True,8.520899812700962e-07,40,10,0,0.2799762821746375,0.2809527268272687,51.9510103893392,53.57628791920092,-1.6252775298617195,0.1254126332505908,0.03891061495078068,0.027868976265980453
NGC2841,envelope_a2_q50,envelope,2.0,50.0,3.64,7.28,364.0,0.973669223387103,1653.8425610038153,1579.826413430584,1.1448896992038589,1.0231572754378635,546160423710.1433,235645562649.2412,767425158247.8677,1.4051277334132752,0.09351019776381043,0.9924637015628882,1.0763223205016295e-06,6.876530361260108e-08,1.1450876241142307e-06,False,True,1.4296636496159824e-07,40,10,0,0.2800273978420955,0.2809527268272687,51.78349790568691,53.57628791920092,-1.792790013514015,0.1252049555203442,0.040078163406430944,0.02794053172921016
NGC2903,core_refit,none,1.0,20.0,2.33,2.33,46.6,0.999999998222637,0.0,0.0,0.8974876924448724,0.998878131523506,84736203612.74493,0.0,84736203462.13794,0.999999998222637,0.0,0.9946332550408552,5.790615363482498e-07,0.0,5.790615363482498e-07,False,True,4.4517439395167955e-06,27,7,0,10.188678089957234,10.188678089957227,25.240266018587167,25.240265727065484,2.9152168323776095e-07,0.099664833524033,0.0,0.0
NGC2903,core_plummer,plummer,1.0,20.0,2.33,2.33,46.6,0.9682574192501282,2943.480464273577,2950.0959907047786,0.8974876924448724,0.998878131523506,84736203612.74493,1434364345.4060693,83480822172.53587,0.9851848278930891,0.9870697915598416,0.9946332550408552,5.606806297681036e-07,3.282424469421228e-08,5.935048744623159e-07,False,True,5.446648890923901e-06,27,7,0,10.014103994804826,10.188678089957227,27.730761891557403,25.240265727065484,2.490496164491919,0.10420175099277358,0.017053534180863725,0.017747688488400064
NGC2903,fixed_core_envelope,envelope,1.0,20.0,2.33,2.33,46.6,1.0,100.21137298092121,100.43659988312383,0.8974876924448724,0.998878131523506,84736203612.74493,1457433721.5257142,86193637334.27065,1.017199657990183,0.28001343932331335,0.9946332550408552,5.790615373774523e-07,3.3477544367397752e-09,5.824092918141921e-07,False,True,4.774847184285074e-12,27,7,0,10.182039587530245,10.188678089957227,24.545215501793784,25.240265727065484,-0.6950502252717001,0.09834344282167813,0.004818788660168538,0.003659034631105811
NGC2903,envelope_a0.5_q10,envelope,0.5,10.0,2.33,1.165,11.65,0.9241972153693313,2397.3391126738793,2402.727176381773,0.8974876924448724,0.998878131523506,84736203612.74493,8257720615.7496605,86570684035.6172,1.0216493109752247,0.6944020854196165,0.9946332550408552,5.351670603717254e-07,6.155718386673601e-08,5.967242442384614e-07,False,True,1.102647281631935e-06,27,7,0,9.99040460456704,10.188678089957227,27.034255223834727,25.240265727065484,1.7939894967692425,0.10287464293891303,0.06856862354314323,0.06302901269017783
NGC2903,envelope_a0.5_q20,envelope,0.5,20.0,2.33,1.165,23.3,0.8830734506553051,3123.693440772502,3130.713999179877,0.8974876924448724,0.998878131523506,84736203612.74493,22714867688.50714,97543159408.24434,1.1511391264828053,0.4982882255528886,0.9946332550408552,5.113538699536727e-07,1.0435301168213721e-07,6.157068816358099e-07,False,True,6.748919060289332e-06,27,7,0,9.902923556403186,10.188678089957227,24.17635666259626,25.240265727065484,-1.0639090644692253,0.09738215307233496,0.1320020641989642,0.11256285004832914
NGC2903,envelope_a0.5_q50,envelope,0.5,50.0,2.33,1.165,58.25,0.8514604090798639,3729.9429208463366,3738.3260361002785,0.8974876924448724,0.998878131523506,84736203612.74493,69949798976.90433,142099321568.88678,1.6769611513196707,0.24317999427730919,0.9946332550408552,4.930479734978204e-07,1.6271858901074293e-07,6.557665625085633e-07,False,True,3.5043780687572474e-06,27,7,0,9.817081729513726,10.188678089957227,20.549176903659795,25.240265727065484,-4.691088823405689,0.08986915108975968,0.1916173612270703,0.15417812550684393
NGC2903,envelope_a1_q10,envelope,1.0,10.0,2.33,2.33,23.3,0.7559175864286984,8055.6428200021755,8073.748025266106,0.8974876924448724,0.998878131523506,84736203612.74493,55495901632.08327,119549488150.16017,1.4108430995624528,0.4753498032740947,0.9946332550408552,4.377227997280553e-07,2.0684711796260707e-07,6.445699176906624e-07,False,True,3.7183547531123627e-06,27,7,0,9.713969415301124,10.188678089957227,19.00197398442113,25.240265727065484,-6.238291742644353,0.08648807730260435,0.2928185867955107,0.2522451951041142
NGC2903,envelope_a1_q20,envelope,1.0,20.0,2.33,2.33,46.6,0.6813929156424475,9831.911877781498,9854.009280392513,0.8974876924448724,0.998878131523506,84736203612.74493,142991354089.88022,200730002930.0406,2.36888123814706,0.28001343932331335,0.9946332550408552,3.945684292900203e-07,3.2845400308749397e-07,7.230224323775143e-07,False,True,1.7470095662185114e-06,27,7,0,9.54105993998289,10.188678089957227,11.697688678001457,25.240265727065484,-13.542577049064027,0.06810610174429307,0.4107951879784797,0.34588722131214344
NGC2903,envelope_a1_q50,envelope,1.0,50.0,2.33,2.33,116.5,0.6594442183171844,10295.985503631757,10319.125920244425,0.8974876924448724,0.998878131523506,84736203612.74493,386173264058.8217,442052063613.39404,5.216802792270791,0.11790706605913975,0.9946332550408552,3.818587828734211e-07,4.491618958195427e-07,8.310206786929637e-07,False,True,1.8924676507503207e-06,27,7,0,9.479223872127186,10.188678089957227,8.906918102257052,25.240265727065484,-16.333347624808432,0.05947864499294929,0.45032039466985047,0.3754071985592273
NGC2903,envelope_a2_q10,envelope,2.0,10.0,2.33,4.66,46.6,0.6171391230576719,17431.610535052972,17470.788400044006,0.8974876924448724,0.998878131523506,84736203612.74493,240175232481.77603,292469258870.5818,3.451526577791978,0.24977809138621002,0.9946332550408552,3.573615293735482e-07,4.475966078919762e-07,8.049581372655244e-07,False,True,4.948338243178748e-06,27,7,0,9.62198641739276,10.188678089957227,2.1249930046969934,25.240265727065484,-23.11527272236849,0.02914381850566012,0.5356109665605348,0.45329467046782573
NGC2903,envelope_a2_q20,envelope,2.0,20.0,2.33,4.66,93.2,0.6696296447084754,14643.76305875667,14676.675185316803,0.8974876924448724,0.998878131523506,84736203612.74493,425945947191.59814,482687821110.74554,5.69635882339843,0.12890509573234424,0.9946332550408552,3.877567715384069e-07,4.892031841520829e-07,8.7695995569049e-07,False,True,6.074931704920384e-06,27,7,0,9.6732051222907,10.188678089957227,2.4474235181672754,25.240265727065484,-22.792842208898207,0.03134652586127546,0.49312602280670975,0.4039626328807894
NGC2903,envelope_a2_q50,envelope,2.0,50.0,2.33,4.66,233.0,0.6832064371311177,13934.878338319775,13966.19723344466,0.8974876924448724,0.998878131523506,84736203612.74493,1045315662162.3743,1103207981928.6548,13.01932273211641,0.05131482548278495,0.9946332550408552,3.956185698313167e-07,6.079084289936707e-07,1.0035269988249873e-06,False,True,2.3995005438000874e-06,27,7,0,9.686217261417584,10.188678089957227,2.5283109742356054,25.240265727065484,-22.71195475282988,0.031862153165080793,0.4822811936951534,0.39109017116831307
NGC2915,core_refit,none,1.0,20.0,0.55,0.55,11.0,1.0000000003553207,0.0,0.0,0.9926551627544687,0.985861415708685,9834371287.8176,0.0,9834371291.311956,1.0000000003553207,0.0,0.998788599642706,1.7444009763284966e-07,0.0,1.7444009763284966e-07,False,True,4.618527782440438e-14,24,6,0,0.37262932329546894,0.3726293232954689,5.866557480040799,5.866557488673027,-8.63222737734759e-09,0.16326547982973386,0.0,0.0
NGC2915,core_plummer,plummer,1.0,20.0,0.55,0.55,11.0,1.0000000003553207,0.0,0.0,0.9926551627544687,0.985861415708685,9834371287.8176,0.0,9834371291.311956,1.0000000003553207,0.995515410062956,0.998788599642706,1.7444009763284966e-07,0.0,1.7444009763284966e-07,False,True,1.4545622932349544e-15,24,6,0,0.37262932329546894,0.3726293232954689,5.866557480040799,5.866557488673027,-8.63222737734759e-09,0.16326547982973386,0.0,0.0
NGC2915,fixed_core_envelope,envelope,1.0,20.0,0.55,0.55,11.0,1.0,0.0,0.0,0.9926551627544687,0.985861415708685,9834371287.8176,0.0,9834371287.8176,1.0,0.4449629795953105,0.998788599642706,1.744400975708675e-07,0.0,1.7444009757086752e-07,False,True,0.0,24,6,0,0.37262932329546894,0.3726293232954689,5.866557488673027,5.866557488673027,0.0,0.16326547996382923,0.0,0.0
NGC2915,envelope_a0.5_q10,envelope,0.5,10.0,0.55,0.275,2.75,1.0000000003553207,0.0,0.0,0.9926551627544687,0.985861415708685,9834371287.8176,0.0,9834371291.311956,1.0000000003553207,0.8128274350087695,0.998788599642706,1.7444009763284966e-07,0.0,1.7444009763284966e-07,False,True,2.2822827634838697e-15,24,6,0,0.37262932329546894,0.3726293232954689,5.866557480040799,5.866557488673027,-8.63222737734759e-09,0.16326547982973386,0.0,0.0
NGC2915,envelope_a0.5_q20,envelope,0.5,20.0,0.55,0.275,5.5,1.0000000003553207,0.0,0.0,0.9926551627544687,0.985861415708685,9834371287.8176,0.0,9834371291.311956,1.0000000003553207,0.6650775914271365,0.998788599642706,1.7444009763284966e-07,0.0,1.7444009763284966e-07,False,True,2.866265504597193e-15,24,6,0,0.37262932329546894,0.3726293232954689,5.866557480040799,5.866557488673027,-8.63222737734759e-09,0.16326547982973386,0.0,0.0
NGC2915,envelope_a0.5_q50,envelope,0.5,50.0,0.55,0.275,13.750000000000002,1.0000000003553207,0.0,0.0,0.9926551627544687,0.985861415708685,9834371287.8176,0.0,9834371291.311956,1.0000000003553207,0.3896555411094086,0.998788599642706,1.7444009763284966e-07,0.0,1.7444009763284966e-07,False,True,3.760468673319583e-15,24,6,0,0.37262932329546894,0.3726293232954689,5.866557480040799,5.866557488673027,-8.63222737734759e-09,0.16326547982973386,0.0,0.0
NGC2915,envelope_a1_q10,envelope,1.0,10.0,0.55,0.55,5.5,0.9999999998031494,1.9862509345106458e-13,2.0436304977675395e-13,0.9926551627544687,0.985861415708685,9834371287.8176,3.6674547830209857e-07,9834371285.881699,0.9999999998031495,0.6493733796532357,0.998788599642706,1.7444009753652885e-07,5.2357229544548625e-24,1.7444009753652888e-07,False,True,9.906186949676326e-08,24,6,0,0.3726293232954691,0.3726293232954689,5.866557493455352,5.866557488673027,4.782325646601748e-09,0.16326548003811922,2.4245942567146688e-17,2.186755527908227e-17
NGC2915,envelope_a1_q20,envelope,1.0,20.0,0.55,0.55,11.0,1.0000000003553207,1.6570687137358826e-13,1.7049387373209202e-13,0.9926551627544687,0.985861415708685,9834371287.8176,6.459252510652664e-07,9834371291.311956,1.0000000003553207,0.4449629795953105,0.998788599642706,1.7444009763284966e-07,5.6829046671010194e-24,1.7444009763284966e-07,False,True,2.4604534924665647e-15,24,6,0,0.37262932329546894,0.3726293232954689,5.866557480040799,5.866557488673027,-8.63222737734759e-09,0.16326547982973386,2.926078445394577e-17,2.4715301122930396e-17
NGC2915,envelope_a1_q50,envelope,1.0,50.0,0.55,0.55,27.500000000000004,1.0000000003936422,2.7466429188874828e-14,2.8259889714783817e-14,0.9926551627544687,0.985861415708685,9834371287.8176,2.761127275400889e-07,9834371291.688824,1.0000000003936422,0.20770283388017086,0.998788599642706,1.7444009763953447e-07,1.2300717849601385e-24,1.744400976395345e-07,False,True,2.6365871366095863e-08,24,6,0,0.3726293232954689,0.3726293232954689,5.866557479109808,5.866557488673027,-9.56321866141252e-09,0.1632654798152716,5.838599298112134e-18,4.6842646206782204e-18
NGC2915,envelope_a2_q10,envelope,2.0,10.0,0.55,1.1,11.0,0.797343738990361,1935.3760811956508,1991.2859525756257,0.9926551627544687,0.985861415708685,9834371287.8176,7147036804.46511,14988411177.713047,1.524084330259124,0.41991116774529885,0.998788599642706,1.3908871962699888e-07,5.101617725010896e-08,1.9010489687710785e-07,False,True,1.0019500668885798e-07,24,6,0,0.3572557167272265,0.3726293232954689,3.9898737535626423,5.866557488673027,-1.8766837351103844,0.13336970819178248,0.27703514320338896,0.24097814274073326
NGC2915,envelope_a2_q20,envelope,2.0,20.0,0.55,1.1,22.0,0.8152974623233716,1626.5583825416254,1673.5470122159884,0.9926551627544687,0.985861415708685,9834371287.8176,12680646528.493593,20698584482.997112,2.104718631951352,0.23792814172505014,0.998788599642706,1.4222056887696961e-07,5.578269716177508e-08,1.980032660387447e-07,False,True,3.53138584693649e-07,24,6,0,0.35469278450783265,0.3726293232954689,3.7003548141383322,5.866557488673027,-2.1662026745346945,0.12826370209897897,0.2736506545054084,0.2296510620303495
NGC2915,envelope_a2_q50,envelope,2.0,50.0,0.55,1.1,55.00000000000001,0.8220049306358735,1528.0090276918056,1572.1507265769708,0.9926551627544687,0.985861415708685,9834371287.8176,30721338943.66973,38805240631.95966,3.945879151423736,0.09830189664978742,0.998788599642706,1.4339062030385593e-07,6.84312030225383e-08,2.1182182332639427e-07,False,True,1.194632858045529e-07,24,6,0,0.3539284342612025,0.3726293232954689,3.6055109731846713,5.866557488673027,-2.2610465154883554,0.1265824482399672,0.2722143088587383,0.22493172983964826
NGC2955,core_refit,none,1.0,20.0,18.76,18.76,375.20000000000005,1.0000000914781317,0.0,0.0,0.972968265149786,0.9577628593131376,464672739924.6662,0.0,464672782432.0603,1.0000000914781317,0.0,0.926630096989134,1.4346110208605109e-06,0.0,1.4346110208605107e-06,False,True,2.2822747614931157e-08,19,5,0,2.537093430751352,2.5370934307515034,5.750789569368691,5.750786497668459,3.071700231949137e-06,-0.11903914247929526,0.0,0.0
NGC2955,core_plummer,plummer,1.0,20.0,18.76,18.76,375.20000000000005,1.0000000914781317,0.0,0.0,0.972968265149786,0.9577628593131376,464672739924.6662,0.0,464672782432.0603,1.0000000914781317,0.6902389322382191,0.926630096989134,1.4346110208605109e-06,0.0,1.4346110208605107e-06,False,True,7.4480067215337005e-09,19,5,0,2.537093430751352,2.5370934307515034,5.750789569368691,5.750786497668459,3.071700231949137e-06,-0.11903914247929526,0.0,0.0
NGC2955,fixed_core_envelope,envelope,1.0,20.0,18.76,18.76,375.20000000000005,1.0,0.0,0.0,0.972968265149786,0.9577628593131376,464672739924.6662,0.0,464672739924.6662,1.0,0.0267774619055479,0.926630096989134,1.4346108896249869e-06,0.0,1.4346108896249869e-06,False,True,0.0,19,5,0,2.537093430751502,2.5370934307515034,5.750786497668459,5.750786497668459,0.0,-0.1190391084204985,0.0,0.0
NGC2955,envelope_a0.5_q10,envelope,0.5,10.0,18.76,9.38,93.80000000000001,1.000000088447473,4.958575608195912e-10,5.40556328681061e-10,0.972968265149786,0.9577628593131376,464672739924.6662,0.016216001194899153,464672781023.812,1.0000000884475078,0.16265865728074735,0.926630096989134,1.4346110165126946e-06,1.384889871893667e-20,1.4346110165127086e-06,False,True,4.088652546290055e-07,19,5,0,2.537093430751349,2.5370934307515034,5.750789467603819,5.750786497668459,2.9699353598644507e-06,-0.11903914135093359,6.125863493667569e-15,4.626284022033307e-15
NGC2955,envelope_a0.5_q20,envelope,0.5,20.0,18.76,9.38,187.60000000000002,1.000000095218204,9.855029577126322e-11,1.0743405018266685e-10,0.972968265149786,0.9577628593131376,464672739924.6662,0.006803867563077638,464672784169.9767,1.0000000952182184,0.08112640411029076,0.926630096989134,1.4346110262260593e-06,3.580993567827658e-21,1.4346110262260627e-06,False,True,5.004166614043809e-07,19,5,0,2.5370934307513457,2.5370934307515034,5.7507896949548245,5.750786497668459,3.1972863654416983e-06,-0.11903914387178531,1.2819303785701518e-15,9.410208263167835e-16
NGC2955,envelope_a0.5_q50,envelope,0.5,50.0,18.76,9.38,469.00000000000006,1.0000000914774776,2.040198275308439e-12,2.224110665287226e-12,0.972968265149786,0.9577628593131376,464672739924.6662,0.000363255981810116,464672782431.7567,1.0000000914774783,0.0319354212646506,0.926630096989134,1.4346110208595724e-06,9.680914552782317e-23,1.4346110208595722e-06,False,True,4.614137699587715e-09,19,5,0,2.537093430751349,2.5370934307515034,5.750789569346714,5.750786497668459,3.07167825486232e-06,-0.11903914247905159,2.69421212930535e-17,1.960916825682621e-17
NGC2955,envelope_a1_q10,envelope,1.0,10.0,18.76,18.76,187.60000000000002,1.0000000914781284,9.590386924176752e-14,1.0454906319861471e-13,0.972968265149786,0.9577628593131376,464672739924.6662,6.272677402153307e-06,464672782432.0588,1.0000000914781284,0.055370012724251454,0.926630096989134,1.434611020860506e-06,2.6785171323960354e-24,1.434611020860506e-06,False,True,1.2191237576801895e-08,19,5,0,2.5370934307513475,2.5370934307515034,5.750789569368571,5.750786497668459,3.0717001120450504e-06,-0.11903914247929395,8.066291992940753e-19,4.45666086416202e-19
NGC2955,envelope_a1_q20,envelope,1.0,20.0,18.76,18.76,375.20000000000005,1.0000000914781269,1.4214256124424684e-13,1.54955913001533e-13,0.972968265149786,0.9577628593131376,464672739924.6662,1.9626915459030306e-05,464672782432.05804,1.0000000914781269,0.0267774619055479,0.926630096989134,1.434611020860504e-06,5.164993098667311e-24,1.434611020860504e-06,False,True,1.2134685836157912e-08,19,5,0,2.5370934307513497,2.5370934307515034,5.750789569368516,5.750786497668459,3.0717000569779884e-06,-0.11903914247929337,1.2205844277487138e-18,6.684991175497102e-19
NGC2955,envelope_a1_q50,envelope,1.0,50.0,18.76,18.76,938.0000000000001,1.0000000914781302,4.7222408540865505e-14,5.147924284977222e-14,0.972968265149786,0.9577628593131376,464672739924.6662,1.6815838524671997e-05,464672782432.0596,1.0000000914781302,0.010443982549700094,0.926630096989134,1.4346110208605086e-06,2.2407434982836827e-24,1.4346110208605086e-06,False,True,1.2117287495091746e-08,19,5,0,2.537093430751353,2.5370934307515034,5.750789569368632,5.750786497668459,3.0717001733293614e-06,-0.11903914247929462,4.078787022604555e-19,2.2283304706380426e-19
NGC2955,envelope_a2_q10,envelope,2.0,10.0,18.76,37.52,375.20000000000005,1.0000000913005802,0.0,0.0,0.972968265149786,0.9577628593131376,464672739924.6662,0.0,464672782349.55695,1.0000000913005802,0.013068269595963513,0.926630096989134,1.4346110206057935e-06,0.0,1.4346110206057933e-06,False,True,6.61263544577544e-08,19,5,0,2.537093430751351,2.5370934307515034,5.750789563406768,5.750786497668459,3.065738308549726e-06,-0.11903914241318989,0.0,0.0
NGC2955,envelope_a2_q20,envelope,2.0,20.0,18.76,37.52,750.4000000000001,1.0000000963310796,0.0,0.0,0.972968265149786,0.9577628593131376,464672739924.6662,0.0,464672784687.0929,1.0000000963310796,0.0062602972560299504,0.926630096989134,1.4346110278226027e-06,0.0,1.4346110278226025e-06,False,True,1.5079172978507607e-06,19,5,0,2.5370934307513493,2.5370934307515034,5.750789732323502,5.750786497668459,3.2346550433715038e-06,-0.11903914428612652,0.0,0.0
NGC2955,envelope_a2_q50,envelope,2.0,50.0,18.76,37.52,1876.0000000000002,1.0000000956092063,0.0,0.0,0.972968265149786,0.9577628593131376,464672739924.6662,0.0,464672784351.6581,1.0000000956092063,0.002435108192523857,0.926630096989134,1.4346110267869954e-06,0.0,1.4346110267869952e-06,False,True,1.2814082710527451e-06,19,5,0,2.5370934307513466,2.5370934307515034,5.750789708084069,5.750786497668459,3.210415609800066e-06,-0.11903914401736145,0.0,0.0
NGC2976,core_refit,none,1.0,20.0,1.01,1.01,20.2,0.9999999999464022,0.0,0.0,0.9982030973694496,0.9855890732858787,11965255579.73138,0.0,11965255579.090069,0.9999999999464022,0.0,0.2253275022180656,2.1036459963146398e-07,0.0,2.1036459963146398e-07,False,True,2.220446049250264e-14,21,6,0,0.3003451240113534,0.3003451240113533,0.4412693706636876,0.44126937097561614,-3.1192853855444014e-10,-0.031078405351076532,0.0,0.0
NGC2976,core_plummer,plummer,1.0,20.0,1.01,1.01,20.2,0.9999999998796681,0.0,0.0,0.9982030973694496,0.9855890732858787,11965255579.73138,0.0,11965255578.291578,0.999999999879668,0.7626638406203725,0.2253275022180656,2.103645996174255e-07,0.0,2.1036459961742547e-07,False,True,3.023718329595965e-08,21,6,0,0.3003451240113534,0.3003451240113533,0.44126937027530433,0.44126937097561614,-7.003118085435744e-10,-0.031078405333585895,0.0,0.0
NGC2976,fixed_core_envelope,envelope,1.0,20.0,1.01,1.01,20.2,1.0,0.0,0.0,0.9982030973694496,0.9855890732858787,11965255579.73138,0.0,11965255579.73138,1.0,0.03638689334045584,0.2253275022180656,2.1036459964273905e-07,0.0,2.1036459964273905e-07,False,True,0.0,21,6,0,0.3003451240113535,0.3003451240113533,0.44126937097561836,0.44126937097561614,2.220446049250313e-15,-0.031078405365124167,0.0,0.0
NGC2976,envelope_a0.5_q10,envelope,0.5,10.0,1.01,0.505,5.05,0.9999999999464022,0.0,0.0,0.9982030973694496,0.9855890732858787,11965255579.73138,0.0,11965255579.090069,0.9999999999464022,0.2031897552693945,0.2253275022180656,2.1036459963146398e-07,0.0,2.1036459963146398e-07,False,True,1.5725691975087137e-14,21,6,0,0.3003451240113534,0.3003451240113533,0.4412693706636876,0.44126937097561614,-3.1192853855444014e-10,-0.031078405351076532,0.0,0.0
NGC2976,envelope_a0.5_q20,envelope,0.5,20.0,1.01,0.505,10.1,0.9999999999464022,0.0,0.0,0.9982030973694496,0.9855890732858787,11965255579.73138,0.0,11965255579.090069,0.9999999999464022,0.10285371353109597,0.2253275022180656,2.1036459963146398e-07,0.0,2.1036459963146398e-07,False,True,1.589125133012446e-14,21,6,0,0.3003451240113534,0.3003451240113533,0.4412693706636876,0.44126937097561614,-3.1192853855444014e-10,-0.031078405351076532,0.0,0.0
NGC2976,envelope_a0.5_q50,envelope,0.5,50.0,1.01,0.505,25.25,0.9999999999464022,0.0,0.0,0.9982030973694496,0.9855890732858787,11965255579.73138,0.0,11965255579.090069,0.9999999999464022,0.040680052511738715,0.2253275022180656,2.1036459963146398e-07,0.0,2.1036459963146398e-07,False,True,1.5938232125529917e-14,21,6,0,0.3003451240113534,0.3003451240113533,0.4412693706636876,0.44126937097561614,-3.1192853855444014e-10,-0.031078405351076532,0.0,0.0
NGC2976,envelope_a1_q10,envelope,1.0,10.0,1.01,1.01,10.1,0.9999999999464022,0.0,0.0,0.9982030973694496,0.9855890732858787,11965255579.73138,0.0,11965255579.090069,0.9999999999464022,0.07488239993455248,0.2253275022180656,2.1036459963146398e-07,0.0,2.1036459963146398e-07,False,True,2.1778437888449644e-14,21,6,0,0.3003451240113534,0.3003451240113533,0.4412693706636876,0.44126937097561614,-3.1192853855444014e-10,-0.031078405351076532,0.0,0.0
NGC2976,envelope_a1_q20,envelope,1.0,20.0,1.01,1.01,20.2,0.9999999999464022,0.0,0.0,0.9982030973694496,0.9855890732858787,11965255579.73138,0.0,11965255579.090069,0.9999999999464022,0.03638689334045584,0.2253275022180656,2.1036459963146398e-07,0.0,2.1036459963146398e-07,False,True,2.178465907924593e-14,21,6,0,0.3003451240113534,0.3003451240113533,0.4412693706636876,0.44126937097561614,-3.1192853855444014e-10,-0.031078405351076532,0.0,0.0
NGC2976,envelope_a1_q50,envelope,1.0,50.0,1.01,1.01,50.5,0.9999999999464022,0.0,0.0,0.9982030973694496,0.9855890732858787,11965255579.73138,0.0,11965255579.090069,0.9999999999464022,0.014211555611540281,0.2253275022180656,2.1036459963146398e-07,0.0,2.1036459963146398e-07,False,True,2.1786366870955554e-14,21,6,0,0.3003451240113534,0.3003451240113533,0.4412693706636876,0.44126937097561614,-3.1192853855444014e-10,-0.031078405351076532,0.0,0.0
NGC2976,envelope_a2_q10,envelope,2.0,10.0,1.01,2.02,20.2,0.999999998173542,2.371467098361956e-14,2.441323566975341e-14,0.9982030973694496,0.9855890732858787,11965255579.73138,1.6180685764566807e-07,11965255557.877344,0.999999998173542,0.019484813613620092,0.2253275022180656,2.1036459925851694e-07,6.254601236783052e-25,2.1036459925851694e-07,False,True,9.417116906154523e-07,21,6,0,0.30034512401135355,0.3003451240113533,0.4412693603458964,0.44126937097561614,-1.0629719715549157e-08,-0.031078404886419938,1.1693835984860029e-18,1.241110595695592e-18
NGC2976,envelope_a2_q20,envelope,2.0,20.0,1.01,2.02,40.4,0.9999999976536813,0.0,0.0,0.9982030973694496,0.9855890732858787,11965255579.73138,0.0,11965255551.657078,0.9999999976536813,0.009347408064891127,0.2253275022180656,2.1036459914915664e-07,0.0,2.1036459914915667e-07,False,True,1.2178653611325173e-06,21,6,0,0.30034512401135344,0.3003451240113533,0.441269357320381,0.44126937097561614,-1.3655235164833357e-08,-0.03107840475016736,0.0,0.0
NGC2976,envelope_a2_q50,envelope,2.0,50.0,1.01,2.02,101.0,0.9999999998813281,0.0,0.0,0.9982030973694496,0.9855890732858787,11965255579.73138,0.0,11965255578.311441,0.9999999998813281,0.0036373832860257327,0.2253275022180656,2.1036459961777468e-07,0.0,2.103645996177747e-07,False,True,3.456656742280075e-08,21,6,0,0.3003451240113534,0.3003451240113533,0.4412693702849652,0.44126937097561614,-6.906509253390425e-10,-0.031078405334020964,0.0,0.0
NGC2998,core_refit,none,1.0,20.0,6.2,6.2,124.0,0.9999999965881354,0.0,0.0,1.1558546057534858,1.007368832936709,562199316288.3762,0.0,562199314370.2283,0.9999999965881354,0.0,0.5519858674756973,7.204808061772587e-07,0.0,7.204808061772585e-07,False,True,8.881784197000463e-14,10,3,0,2.108201904759707,2.108201904759709,12.505503487097519,12.505503971775752,-4.846782335476973e-07,-0.04311393379219327,0.0,0.0
NGC2998,core_plummer,plummer,1.0,20.0,6.2,6.2,124.0,0.9999999965881354,0.0,0.0,1.1558546057534858,1.007368832936709,562199316288.3762,0.0,562199314370.2283,0.9999999965881354,0.9685902135660726,0.5519858674756973,7.204808061772587e-07,0.0,7.204808061772585e-07,False,True,1.31075394969777e-14,10,3,0,2.108201904759707,2.108201904759709,12.505503487097519,12.505503971775752,-4.846782335476973e-07,-0.04311393379219327,0.0,0.0
NGC2998,fixed_core_envelope,envelope,1.0,20.0,6.2,6.2,124.0,1.0,0.0,0.0,1.1558546057534858,1.007368832936709,562199316288.3762,0.0,562199316288.3762,1.0,0.17245432001454455,0.5519858674756973,7.204808086354415e-07,0.0,7.204808086354415e-07,False,True,0.0,10,3,0,2.1082019047597074,2.108201904759709,12.505503971775758,12.505503971775752,5.329070518200751e-15,-0.043113934728404524,0.0,0.0
NGC2998,envelope_a0.5_q10,envelope,0.5,10.0,6.2,3.1,31.0,0.9999999964863393,0.0,0.0,1.1558546057534858,1.007368832936709,562199316288.3762,0.0,562199314312.9985,0.9999999964863392,0.5576568997681206,0.5519858674756973,7.204808061039164e-07,0.0,7.204808061039164e-07,False,True,2.200533427583019e-08,10,3,0,2.1082019047597043,2.108201904759709,12.505503472636674,12.505503971775752,-4.991390785136218e-07,-0.0431139337642605,0.0,0.0
NGC2998,envelope_a0.5_q20,envelope,0.5,20.0,6.2,3.1,62.0,0.9999999966154933,6.681634574830604e-14,6.584240712886075e-14,1.1558546057534858,1.007368832936709,562199316288.3762,1.6371293359210056e-06,562199314385.6089,0.9999999966154933,0.35089050250176695,0.5519858674756973,7.204808061969694e-07,2.1946602219487087e-24,7.204808061969694e-07,False,True,6.6558830991303885e-09,10,3,0,2.1082019047597074,2.108201904759709,12.505503490983884,12.505503971775752,-4.807918685401091e-07,-0.04311393379970024,1.8511275052743916e-18,2.841900617883648e-18
NGC2998,envelope_a0.5_q50,envelope,0.5,50.0,6.2,3.1,155.0,0.9999999969340895,1.9760232263302565e-13,1.9472200149081064e-13,1.1558546057534858,1.007368832936709,562199316288.3762,1.2486329603360957e-05,562199314564.7234,0.9999999969340895,0.15353163490733907,0.5519858674756973,7.204808064265119e-07,8.475689125549175e-24,7.204808064265119e-07,False,True,8.828498208199035e-08,10,3,0,2.1082019047597074,2.108201904759709,12.505503536242601,12.505503971775752,-4.3553315087763167e-07,-0.04311393388712261,6.177523399191546e-18,8.92724036938455e-18
NGC2998,envelope_a1_q10,envelope,1.0,10.0,6.2,6.2,62.0,0.9999999965881354,0.0,0.0,1.1558546057534858,1.007368832936709,562199316288.3762,0.0,562199314370.2283,0.9999999965881354,0.32253965951821606,0.5519858674756973,7.204808061772587e-07,0.0,7.204808061772585e-07,False,True,9.270825111150362e-15,10,3,0,2.108201904759707,2.108201904759709,12.505503487097519,12.505503971775752,-4.846782335476973e-07,-0.04311393379219327,0.0,0.0
NGC2998,envelope_a1_q20,envelope,1.0,20.0,6.2,6.2,124.0,0.9999999966032697,0.0,0.0,1.1558546057534858,1.007368832936709,562199316288.3762,0.0,562199314378.7367,0.9999999966032695,0.17245432001454455,0.5519858674756973,7.204808061881625e-07,0.0,7.204808061881625e-07,False,True,2.476344199133573e-09,10,3,0,2.1082019047597056,2.108201904759709,12.505503489247412,12.505503971775752,-4.825283408393943e-07,-0.04311393379634603,0.0,0.0
NGC2998,envelope_a1_q50,envelope,1.0,50.0,6.2,6.2,310.0,0.99999999685356,0.0,0.0,1.1558546057534858,1.007368832936709,562199316288.3762,0.0,562199314519.4498,0.99999999685356,0.06953894771477141,0.5519858674756973,7.204808063684919e-07,0.0,7.204808063684919e-07,False,True,4.414660891300616e-08,10,3,0,2.1082019047597056,2.108201904759709,12.505503524802862,12.505503971775752,-4.469728906997261e-07,-0.04311393386502543,0.0,0.0
NGC2998,envelope_a2_q10,envelope,2.0,10.0,6.2,12.4,124.0,0.9999999965881354,0.0,0.0,1.1558546057534858,1.007368832936709,562199316288.3762,0.0,562199314370.2283,0.9999999965881354,0.14150952459056146,0.5519858674756973,7.204808061772587e-07,0.0,7.204808061772585e-07,False,True,1.8425092844366276e-14,10,3,0,2.108201904759707,2.108201904759709,12.505503487097519,12.505503971775752,-4.846782335476973e-07,-0.04311393379219327,0.0,0.0
NGC2998,envelope_a2_q20,envelope,2.0,20.0,6.2,12.4,248.0,0.9999999965881354,0.0,0.0,1.1558546057534858,1.007368832936709,562199316288.3762,0.0,562199314370.2283,0.9999999965881354,0.07008495544747792,0.5519858674756973,7.204808061772587e-07,0.0,7.204808061772585e-07,False,True,1.8756258223146355e-14,10,3,0,2.108201904759707,2.108201904759709,12.505503487097519,12.505503971775752,-4.846782335476973e-07,-0.04311393379219327,0.0,0.0
NGC2998,envelope_a2_q50,envelope,2.0,50.0,6.2,12.4,620.0,0.9999999965881354,0.0,0.0,1.1558546057534858,1.007368832936709,562199316288.3762,0.0,562199314370.2283,0.9999999965881354,0.027529171366546937,0.5519858674756973,7.204808061772587e-07,0.0,7.204808061772585e-07,False,True,1.8849060908856852e-14,10,3,0,2.108201904759707,2.108201904759709,12.505503487097519,12.505503971775752,-4.846782335476973e-07,-0.04311393379219327,0.0,0.0
NGC3109,core_refit,none,1.0,20.0,1.56,1.56,31.200000000000003,1.0000000000548273,0.0,0.0,0.9997438245852774,0.9998130215215116,6537417835.808698,0.0,6537417836.167127,1.0000000000548273,0.0,0.7950634861935103,8.526148439749943e-08,0.0,8.526148439749943e-08,False,True,3.952749238877195e-11,20,5,0,0.297636689155644,0.2976366891556429,1.3712930848659053,1.3712930859704517,-1.1045464543002481e-09,0.054119257348575686,0.0,0.0
NGC3109,core_plummer,plummer,1.0,20.0,1.56,1.56,31.200000000000003,0.9807359140752113,80.30011690446766,80.33015411603574,0.9997438245852774,0.9998130215215116,6537417835.808698,29129353.094616707,6440609809.9880495,0.9851917028631118,0.9182604300873523,0.7950634861935103,8.361899983140637e-08,8.937935048000299e-10,8.451279333620638e-08,False,True,5.138086305349295e-06,20,5,0,0.2704344182981699,0.2976366891556429,1.6641696250645654,1.3712930859704517,0.2928765390941137,0.059852638913985054,0.005219917745907015,0.006446407391903206
NGC3109,fixed_core_envelope,envelope,1.0,20.0,1.56,1.56,31.200000000000003,1.0,20.188880468242694,20.19643235854279,0.9997438245852774,0.9998130215215116,6537417835.808698,218574944.64745247,6755992780.45615,1.0334344461585747,0.09193080984644685,0.7950634861935103,8.526148439282477e-08,6.731878230974167e-10,8.59346722159222e-08,False,True,1.65201186064196e-13,20,5,0,0.29625629366903244,0.2976366891556429,1.2965480153442883,1.3712930859704517,-0.07474507062616342,0.05255548125947512,0.0038510370596042316,0.003636430626414325
NGC3109,envelope_a0.5_q10,envelope,0.5,10.0,1.56,0.78,7.800000000000001,0.9684778341877129,86.47375890559998,86.50610544121493,0.9997438245852774,0.9998130215215116,6537417835.808698,221733540.093259,6553077806.897392,1.0023954367736627,0.38614397270513867,0.7950634861935103,8.257385774439243e-08,2.216261709021437e-09,8.479011945341385e-08,False,True,9.561709852071736e-07,20,5,0,0.2620227530532208,0.2976366891556429,1.6893914446141571,1.3712930859704517,0.3180983586437054,0.060332156098010715,0.0167246889052125,0.01753093002739254
NGC3109,envelope_a0.5_q20,envelope,0.5,20.0,1.56,0.78,15.600000000000001,0.9658971987354715,88.81388487664692,88.84710676414925,0.9997438245852774,0.9998130215215116,6537417835.808698,480771828.8632784,6795245403.434208,1.0394387469335769,0.21412839719443025,0.7950634861935103,8.235382893505757e-08,2.961453257152238e-09,8.531528219220983e-08,False,True,2.310318803337557e-07,20,5,0,0.2609709652784572,0.2976366891556429,1.678348725730825,1.3712930859704517,0.3070556397603732,0.060140669714498954,0.020093652636314924,0.020219647914232215
NGC3109,envelope_a0.5_q50,envelope,0.5,50.0,1.56,0.78,39.0,0.9649420379932354,89.82902037600505,89.86262198698648,0.9997438245852774,0.9998130215215116,6537417835.808698,1254057030.6015165,7562286320.300088,1.1567696161132113,0.08762746876054583,0.7950634861935103,8.227239051234076e-08,3.9114616845409805e-09,8.618385219688175e-08,False,True,5.972772698206657e-07,20,5,0,0.26050609089100585,0.2976366891556429,1.672824049139209,1.3712930859704517,0.30153096316875727,0.060044735174979214,0.021440529141809255,0.02122534121730697
NGC3109,envelope_a1_q10,envelope,1.0,10.0,1.56,1.56,15.600000000000001,0.9472221169603147,242.7682483662941,242.85905871027987,0.9997438245852774,0.9998130215215116,6537417835.808698,1244998802.2669833,7437385564.155816,1.1376640978059482,0.18299827995082613,0.7950634861935103,8.076156374175031e-08,6.221979706095333e-09,8.698354344784565e-08,False,True,5.370542262103307e-07,20,5,0,0.2812155561997642,0.2976366891556429,1.5771050147301673,1.3712930859704517,0.20581192875971555,0.05826630755016667,0.044229271365943,0.042509076915660075
NGC3109,envelope_a1_q20,envelope,1.0,20.0,1.56,1.56,31.200000000000003,0.9432397437998293,254.53275114717968,254.62796214302804,0.9997438245852774,0.9998130215215116,6537417835.808698,2755699211.775124,8922051536.335754,1.3647669095686723,0.09193080984644685,0.7950634861935103,8.042202069468119e-08,8.487263517226675e-09,8.890928421190786e-08,False,True,5.51840803392405e-07,20,5,0,0.28029700758166526,0.2976366891556429,1.5652030013275087,1.3712930859704517,0.19390991535705693,0.05805657210544106,0.04913399475594645,0.046513738819636406
NGC3109,envelope_a1_q50,envelope,1.0,50.0,1.56,1.56,78.0,0.9419673683623018,258.3467529643096,258.44339063279455,0.9997438245852774,0.9998130215215116,6537417835.808698,7213293889.47688,13371328164.158373,2.045353150125565,0.03627091418451144,0.7950634861935103,8.031353607617261e-08,1.1249298069996513e-08,9.156283414616913e-08,False,True,1.3299283104719268e-07,20,5,0,0.2799960245819923,0.2976366891556429,1.5610097051528888,1.3712930859704517,0.1897166191824371,0.057982333431657554,0.05072701861781122,0.04779741890268312
NGC3109,envelope_a2_q10,envelope,2.0,10.0,1.56,3.12,31.200000000000003,0.1628307426082996,7985.897221759822,7988.884441376156,0.9997438245852774,0.9998130215215116,6537417835.808698,81908837280.2101,82973329881.15558,12.692064659944064,0.06495879926872394,0.7950634861935103,1.3883190819569605e-08,2.0467293718650647e-07,2.185561280060761e-07,False,True,2.5247676978909957e-08,20,5,0,0.2435061852721899,0.2976366891556429,0.05869367515338327,1.3712930859704517,-1.3125994108170684,0.003545967427247274,0.8627640899223488,0.844339993322095
NGC3109,envelope_a2_q20,envelope,2.0,20.0,1.56,3.12,62.400000000000006,0.26674648862275147,6898.77855546802,6901.359125447495,0.9997438245852774,0.9998130215215116,6537417835.808698,149379272740.59564,151123105992.95737,23.116635617992895,0.03148705658856924,0.7950634861935103,2.2743201576549534e-08,2.3003621845658991e-07,2.527794200331394e-07,False,True,1.3887171147092733e-10,20,5,0,0.2498813847323456,0.2976366891556429,0.06728022183171795,1.3712930859704517,-1.3040128641387339,0.00726281197669718,0.7723375083085623,0.7443885945875812
NGC3109,envelope_a2_q50,envelope,2.0,50.0,1.56,3.12,156.0,0.29376681843050173,6618.891747016788,6621.367622014429,0.9997438245852774,0.9998130215215116,6537417835.808698,369611855740.72955,371532332179.1059,56.831663741001535,0.012289026076011718,0.7950634861935103,2.5046995004742012e-08,2.8820910385321596e-07,3.1325609885795795e-07,False,True,6.213903438745826e-08,20,5,0,0.25153914874706274,0.2976366891556429,0.07216599110330826,1.3712930859704517,-1.2991270948671434,0.00828243818453112,0.7484127576036407,0.7183002142895428
NGC3198,core_refit,none,1.0,20.0,3.14,3.14,62.800000000000004,0.999999999999,0.0,0.0,1.0771690513954293,1.003865368884886,101417953279.92928,0.0,101417953279.82787,0.9999999999990001,0.0,0.997656238410207,3.554952050920347e-07,0.0,3.554952050920347e-07,False,True,6.528995652626742e-06,34,9,0,1.3110915155532958,1.3110915155532998,60.47409418290816,60.47409418264044,2.6771829197969055e-10,0.10857095931079999,0.0,0.0
NGC3198,core_plummer,plummer,1.0,20.0,3.14,3.14,62.800000000000004,0.9872068560844887,487.2331657102711,483.48822122266887,1.0771690513954293,1.003865368884886,101417953279.92928,380222947.8020155,100500721755.80455,0.9909559255096282,0.9924365445539538,0.997656238410207,3.50947303772369e-07,5.379531964446669e-09,3.563268357368157e-07,False,True,2.6175317245781903e-05,34,9,0,1.274678517785746,1.3110915155532998,62.925275594084574,60.47409418264044,2.451181411444132,0.11113949699906543,0.0037635662534625264,0.0041478937228377095
NGC3198,fixed_core_envelope,envelope,1.0,20.0,3.14,3.14,62.800000000000004,1.0,48.35964538300786,47.98794616352741,1.0771690513954293,1.003865368884886,101417953279.92928,1126310329.8923984,102544263609.82167,1.0111056306449373,0.35987320421377983,0.997656238410207,3.5549520509239017e-07,1.5995350287238504e-09,3.5709474012111403e-07,False,True,4.418093843535409e-05,34,9,0,1.3094200575320922,1.3110915155532998,59.54688504379497,60.47409418264044,-0.9272091388454697,0.10761285473306309,0.0039900239448230354,0.0026728298589221867
NGC3198,envelope_a0.5_q10,envelope,0.5,10.0,3.14,1.57,15.700000000000001,0.9825428109722881,267.9791647353267,265.9194381682634,1.0771690513954293,1.003865368884886,101417953279.92928,1478205798.8431041,101125686697.561,0.9971181967993225,0.7604886459117751,0.997656238410207,3.4928925809864713e-07,6.812780040101394e-09,3.5610203813874855e-07,False,True,1.1231228131361066e-05,34,9,0,1.2895652420062964,1.3110915155532998,62.31891746775211,60.47409418264044,1.8448232851116657,0.11054351970886675,0.011181421189153749,0.010221297640819407
NGC3198,envelope_a0.5_q20,envelope,0.5,20.0,3.14,1.57,31.400000000000002,0.9775824801788298,291.2937346230818,289.05480890430493,1.0771690513954293,1.003865368884886,101417953279.92928,3392158273.0856013,102536572575.13954,1.0110297956035723,0.5864111757324815,0.997656238410207,3.4752588428590055e-07,9.634779752564614e-09,3.5716066403846517e-07,False,True,4.630341371063017e-06,34,9,0,1.2872099377116046,1.3110915155532998,61.661782536322434,60.47409418264044,1.1876883536819918,0.10993679456648058,0.019714321280602954,0.01562980326130198
NGC3198,envelope_a0.5_q50,envelope,0.5,50.0,3.14,1.57,78.5,0.973763409857229,317.93927271487064,315.4955455416391,1.0771690513954293,1.003865368884886,101417953279.92928,9548422325.416346,108305514332.02142,1.06791264100037,0.31242920656245804,0.997656238410207,3.461682230986608e-07,1.3732614414569217e-08,3.5990083751323003e-07,False,True,1.2836568309816362e-06,34,9,0,1.2844523676210529,1.3110915155532998,60.642564396065254,60.47409418264044,0.16847021342481128,0.10899533587875745,0.029388634130761173,0.020056230373039708
NGC3198,envelope_a1_q10,envelope,1.0,10.0,3.14,3.14,31.400000000000002,0.9765203794204441,391.48990979172197,388.4808617982645,1.0771690513954293,1.003865368884886,101417953279.92928,4319012303.917363,103355710520.87877,1.0191066490525695,0.5672051416121583,0.997656238410207,3.4714831255896943e-07,9.95276870112037e-09,3.571010812600898e-07,False,True,2.8107214416492404e-06,34,9,0,1.2981596490033334,1.3110915155532998,60.86988718020203,60.47409418264044,0.3957929975615855,0.1091423301829208,0.024194181161095216,0.01860492701226347
NGC3198,envelope_a1_q20,envelope,1.0,20.0,3.14,3.14,62.800000000000004,0.9704943100029212,455.0303779532963,451.53294874376445,1.0771690513954293,1.003865368884886,101417953279.92928,10597791010.34763,109023337600.66109,1.0749905127718342,0.35987320421377983,0.997656238410207,3.450060737754862e-07,1.5050503842724425e-08,3.6005657761821063e-07,False,True,1.0058271772034972e-07,34,9,0,1.2953713946020222,1.3110915155532998,59.60787139299052,60.47409418264044,-0.8662227896499246,0.10796933797434029,0.03738759734744401,0.025325473253029855
NGC3198,envelope_a1_q50,envelope,1.0,50.0,3.14,3.14,157.0,0.967769807469957,484.59987172596266,480.87516711627677,1.0771690513954293,1.003865368884886,101417953279.92928,29107220347.904232,127256453467.61848,1.2547724475997948,0.15832583019578172,0.997656238410207,3.440375261887553e-07,2.093111406759248e-08,3.649686402563478e-07,False,True,2.3735320634459224e-06,34,9,0,1.2939886984213262,1.3110915155532998,58.79818726453378,60.47409418264044,-1.6759069181066621,0.10721315631145847,0.04494813053106829,0.0284662107777902
NGC3198,envelope_a2_q10,envelope,2.0,10.0,3.14,6.28,62.800000000000004,0.9009087977055692,2301.2133920517554,2283.5259335332084,1.0771690513954293,1.003865368884886,101417953279.92928,50775096397.751915,142143422752.9326,1.4015607508918535,0.33180566412417345,0.997656238410207,3.2026875780987995e-07,5.850328207742748e-08,3.787720398873075e-07,False,True,6.519244119774563e-09,34,9,0,1.2880458762055402,1.3110915155532998,49.62431760286977,60.47409418264044,-10.84977657977067,0.09806688295650634,0.1559926658956595,0.10291478949722921
NGC3198,envelope_a2_q20,envelope,2.0,20.0,3.14,6.28,125.60000000000001,0.8839627585390595,2605.3810500770046,2585.3557150049023,1.0771690513954293,1.003865368884886,101417953279.92928,121360178171.97308,211009871918.6848,2.0805968282190124,0.17829487843910957,0.997656238410207,3.142445221408779e-07,8.617512018059169e-08,4.004196423214696e-07,False,True,3.189551924452652e-07,34,9,0,1.283287392817673,1.3110915155532998,45.19718515470077,60.47409418264044,-15.276909027939674,0.09337465550483132,0.19480005573744985,0.12315344701450284
NGC3198,envelope_a2_q50,envelope,2.0,50.0,3.14,6.28,314.0,0.8790712401289071,2688.724877238414,2668.058949472568,1.0771690513954293,1.003865368884886,101417953279.92928,322993512886.96356,412147118848.08655,4.063847726353702,0.07203231414737926,0.997656238410207,3.125056108004476e-07,1.1613293850328458e-07,4.2863854930373223e-07,False,True,6.180471576733207e-08,34,9,0,1.2818143561950823,1.3110915155532998,43.673384334100085,60.47409418264044,-16.800709848540357,0.09170906197429794,0.20734196021349185,0.12916507171198158
NGC3521,core_refit,none,1.0,20.0,2.4,2.4,48.0,0.9999999999937,0.0,0.0,1.1114663653172672,1.0014694732407738,1.7221156665381746e+16,0.0,1.7221156665273254e+16,0.9999999999937,0.0,7.625117200988726e-06,0.0009999999999990002,0.0,0.000999999999999,True,True,0.0,32,9,0,0.10578343399440332,0.10578343399440306,2.1319405905865594,2.131940590534798,5.17612619432839e-11,0.06354590676561231,0.0,0.0
NGC3521,core_plummer,plummer,1.0,20.0,2.4,2.4,48.0,0.9999999999937,0.0,0.0,1.1114663653172672,1.0014694732407738,1.7221156665381746e+16,0.0,1.7221156665273254e+16,0.9999999999937,0.9731609072504076,7.625117200988726e-06,0.0009999999999990002,0.0,0.000999999999999,True,True,0.0,32,9,0,0.10578343399440332,0.10578343399440306,2.1319405905865594,2.131940590534798,5.17612619432839e-11,0.06354590676561231,0.0,0.0
NGC3521,fixed_core_envelope,envelope,1.0,20.0,2.4,2.4,48.0,1.0,0.0,0.0,1.1114663653172672,1.0014694732407738,1.7221156665381746e+16,0.0,1.7221156665381746e+16,1.0,0.18910764356466447,7.625117200988726e-06,0.0010000000000053,0.0,0.0010000000000053,True,True,0.0,32,9,0,0.10578343399440324,0.10578343399440306,2.131940590534797,2.131940590534798,-1.3322676295501878e-15,0.0635459067647633,0.0,0.0
NGC3521,envelope_a0.5_q10,envelope,0.5,10.0,2.4,1.2,12.0,0.9999999999937,0.0,0.0,1.1114663653172672,1.0014694732407738,1.7221156665381746e+16,0.0,1.7221156665273254e+16,0.9999999999937,0.5840875151223025,7.625117200988726e-06,0.0009999999999990002,0.0,0.000999999999999,True,True,0.0,32,9,0,0.10578343399440332,0.10578343399440306,2.1319405905865594,2.131940590534798,5.17612619432839e-11,0.06354590676561231,0.0,0.0
NGC3521,envelope_a0.5_q20,envelope,0.5,20.0,2.4,1.2,24.0,0.9999999999937,0.0,0.0,1.1114663653172672,1.0014694732407738,1.7221156665381746e+16,0.0,1.7221156665273254e+16,0.9999999999937,0.3761879200450375,7.625117200988726e-06,0.0009999999999990002,0.0,0.000999999999999,True,True,0.0,32,9,0,0.10578343399440332,0.10578343399440306,2.1319405905865594,2.131940590534798,5.17612619432839e-11,0.06354590676561231,0.0,0.0
NGC3521,envelope_a0.5_q50,envelope,0.5,50.0,2.4,1.2,60.0,0.9999999999937,0.0,0.0,1.1114663653172672,1.0014694732407738,1.7221156665381746e+16,0.0,1.7221156665273254e+16,0.9999999999937,0.1672175530431649,7.625117200988726e-06,0.0009999999999990002,0.0,0.000999999999999,True,True,0.0,32,9,0,0.10578343399440332,0.10578343399440306,2.1319405905865594,2.131940590534798,5.17612619432839e-11,0.06354590676561231,0.0,0.0
NGC3521,envelope_a1_q10,envelope,1.0,10.0,2.4,2.4,24.0,0.9999999999937,0.0,0.0,1.1114663653172672,1.0014694732407738,1.7221156665381746e+16,0.0,1.7221156665273254e+16,0.9999999999937,0.3486548058965483,7.625117200988726e-06,0.0009999999999990002,0.0,0.000999999999999,True,True,0.0,32,9,0,0.10578343399440332,0.10578343399440306,2.1319405905865594,2.131940590534798,5.17612619432839e-11,0.06354590676561231,0.0,0.0
NGC3521,envelope_a1_q20,envelope,1.0,20.0,2.4,2.4,48.0,0.9999999999937,0.0,0.0,1.1114663653172672,1.0014694732407738,1.7221156665381746e+16,0.0,1.7221156665273254e+16,0.9999999999937,0.18910764356466447,7.625117200988726e-06,0.0009999999999990002,0.0,0.000999999999999,True,True,0.0,32,9,0,0.10578343399440332,0.10578343399440306,2.1319405905865594,2.131940590534798,5.17612619432839e-11,0.06354590676561231,0.0,0.0
NGC3521,envelope_a1_q50,envelope,1.0,50.0,2.4,2.4,120.0,0.9999999999937,0.0,0.0,1.1114663653172672,1.0014694732407738,1.7221156665381746e+16,0.0,1.7221156665273254e+16,0.9999999999937,0.07668265897139372,7.625117200988726e-06,0.0009999999999990002,0.0,0.000999999999999,True,True,0.0,32,9,0,0.10578343399440332,0.10578343399440306,2.1319405905865594,2.131940590534798,5.17612619432839e-11,0.06354590676561231,0.0,0.0
NGC3521,envelope_a2_q10,envelope,2.0,10.0,2.4,4.8,48.0,0.9999999999937,0.0,0.0,1.1114663653172672,1.0014694732407738,1.7221156665381746e+16,0.0,1.7221156665273254e+16,0.9999999999937,0.15799382587099794,7.625117200988726e-06,0.0009999999999990002,0.0,0.000999999999999,True,True,0.0,32,9,0,0.10578343399440332,0.10578343399440306,2.1319405905865594,2.131940590534798,5.17612619432839e-11,0.06354590676561231,0.0,0.0
NGC3521,envelope_a2_q20,envelope,2.0,20.0,2.4,4.8,96.0,0.9999999999937,0.0,0.0,1.1114663653172672,1.0014694732407738,1.7221156665381746e+16,0.0,1.7221156665273254e+16,0.9999999999937,0.07867473557702594,7.625117200988726e-06,0.0009999999999990002,0.0,0.000999999999999,True,True,0.0,32,9,0,0.10578343399440332,0.10578343399440306,2.1319405905865594,2.131940590534798,5.17612619432839e-11,0.06354590676561231,0.0,0.0
NGC3521,envelope_a2_q50,envelope,2.0,50.0,2.4,4.8,240.0,0.9999999999937,0.0,0.0,1.1114663653172672,1.0014694732407738,1.7221156665381746e+16,0.0,1.7221156665273254e+16,0.9999999999937,0.030954995980279763,7.625117200988726e-06,0.0009999999999990002,0.0,0.000999999999999,True,True,0.0,32,9,0,0.10578343399440332,0.10578343399440306,2.1319405905865594,2.131940590534798,5.17612619432839e-11,0.06354590676561231,0.0,0.0
NGC3726,core_refit,none,1.0,20.0,3.4,3.4,68.0,1.0000000519154824,0.0,0.0,1.0346060082292698,1.0025446373355302,136222365727.5919,0.0,136222372799.64172,1.0000000519154824,0.0,0.7799620565648004,3.335137247196734e-07,0.0,3.335137247196734e-07,False,True,1.048050535246038e-13,9,3,0,1.9169270780781125,1.916927078078154,2.7659126574198147,2.7659133290840345,-6.716642197979183e-07,0.11633571625226853,0.0,0.0
NGC3726,core_plummer,plummer,1.0,20.0,3.4,3.4,68.0,1.0000000519154824,0.0,0.0,1.0346060082292698,1.0025446373355302,136222365727.5919,0.0,136222372799.64172,1.0000000519154824,0.9838248304305891,0.7799620565648004,3.335137247196734e-07,0.0,3.335137247196734e-07,False,True,3.2856284663775176e-15,9,3,0,1.9169270780781125,1.916927078078154,2.7659126574198147,2.7659133290840345,-6.716642197979183e-07,0.11633571625226853,0.0,0.0
NGC3726,fixed_core_envelope,envelope,1.0,20.0,3.4,3.4,68.0,1.0,48.5538432945721,48.30767944427897,1.0346060082292698,1.0025446373355302,136222365727.5919,1179186444.7976778,137401552172.38959,1.0086563350922546,0.24979187171636416,0.7799620565648004,3.335137074051484e-07,1.6101923838160673e-09,3.351238997889644e-07,False,True,3.0975342941929216e-06,9,3,0,1.9165817686848112,1.916927078078154,2.730023037364719,2.7659133290840345,-0.03589029171931557,0.11558069371834191,0.002764627103237185,0.0030620031452684277
NGC3726,envelope_a0.5_q10,envelope,0.5,10.0,3.4,1.7,17.0,1.0000000519154824,0.0,0.0,1.0346060082292698,1.0025446373355302,136222365727.5919,0.0,136222372799.64172,1.0000000519154824,0.6629714873969424,0.7799620565648004,3.335137247196734e-07,0.0,3.335137247196734e-07,False,True,1.2666223238599565e-14,9,3,0,1.9169270780781125,1.916927078078154,2.7659126574198147,2.7659133290840345,-6.716642197979183e-07,0.11633571625226853,0.0,0.0
NGC3726,envelope_a0.5_q20,envelope,0.5,20.0,3.4,1.7,34.0,1.0000000519154824,0.0,0.0,1.0346060082292698,1.0025446373355302,136222365727.5919,0.0,136222372799.64172,1.0000000519154824,0.4605270365915373,0.7799620565648004,3.335137247196734e-07,0.0,3.335137247196734e-07,False,True,1.513206749931858e-14,9,3,0,1.9169270780781125,1.916927078078154,2.7659126574198147,2.7659133290840345,-6.716642197979183e-07,0.11633571625226853,0.0,0.0
NGC3726,envelope_a0.5_q50,envelope,0.5,50.0,3.4,1.7,85.0,1.0000000519154824,0.0,0.0,1.0346060082292698,1.0025446373355302,136222365727.5919,0.0,136222372799.64172,1.0000000519154824,0.21764298788522174,0.7799620565648004,3.335137247196734e-07,0.0,3.335137247196734e-07,False,True,1.6786111849322935e-14,9,3,0,1.9169270780781125,1.916927078078154,2.7659126574198147,2.7659133290840345,-6.716642197979183e-07,0.11633571625226853,0.0,0.0
NGC3726,envelope_a1_q10,envelope,1.0,10.0,3.4,3.4,34.0,0.9710275011032604,348.5478036379586,346.7806959584657,1.0346060082292698,1.0025446373355302,136222365727.5919,4009683789.042278,136285347175.88028,1.0004623429343042,0.43607783194696004,0.7799620565648004,3.2385098188530517e-07,8.884422364879484e-09,3.327354042501847e-07,False,True,3.044979127577257e-07,9,3,0,1.9145045252357151,1.916927078078154,2.9249054654572277,2.7659133290840345,0.1589921363731932,0.11963839384623458,0.016665637320226825,0.01984465126059265
NGC3726,envelope_a1_q20,envelope,1.0,20.0,3.4,3.4,68.0,0.967043595496361,369.729955353756,367.85545596909526,1.0346060082292698,1.0025446373355302,136222365727.5919,8979321141.3511,140712287481.58182,1.0329602391649,0.24979187171636416,0.7799620565648004,3.22522294756396e-07,1.2261364246027173e-08,3.3478365900242317e-07,False,True,3.902865571331736e-09,9,3,0,1.914297988999306,1.916927078078154,2.9203568393118964,2.7659133290840345,0.15444351022786185,0.11953301750219603,0.021363637868579692,0.023614235788442857
NGC3726,envelope_a1_q50,envelope,1.0,50.0,3.4,3.4,170.0,0.9652691556030125,381.280866945331,379.3478054226635,1.0346060082292698,1.0025446373355302,136222365727.5919,23880661759.69729,155371909699.81467,1.1405756233195707,0.10372887836461128,0.7799620565648004,3.2193049472899776e-07,1.6511919786185783e-08,3.384424145151835e-07,False,True,7.550604904105833e-08,9,3,0,1.9141799029159112,1.916927078078154,2.9174263164604657,2.7659133290840345,0.15151298737643115,0.11946513240703693,0.023583636131274593,0.025265620947316356
NGC3726,envelope_a2_q10,envelope,2.0,10.0,3.4,6.8,68.0,0.8393837616475948,2684.20274687717,2670.5940675573897,1.0346060082292698,1.0025446373355302,136222365727.5919,61757980560.024475,176100822324.98495,1.2927452946833946,0.21901015133048693,0.7799620565648004,2.7994599028276874e-07,6.841985709655275e-08,3.483658473793215e-07,False,True,7.723486316061082e-07,9,3,0,1.896308238359654,1.916927078078154,3.2373425957781428,2.7659133290840345,0.47142926669410823,0.1257695377253946,0.13168917837301003,0.13480213347463588
NGC3726,envelope_a2_q20,envelope,2.0,20.0,3.4,6.8,136.0,0.8254559066463132,2834.6447309012183,2820.2733235352066,1.0346060082292698,1.0025446373355302,136222365727.5919,137685275384.55637,250130831791.73138,1.8361950363710888,0.11156078173014668,0.7799620565648004,2.7530085972509e-07,9.400539785965286e-08,3.6930625758474283e-07,False,True,6.413406560464049e-07,9,3,0,1.8949205903614343,1.916927078078154,3.2109258517611896,2.7659133290840345,0.4450125226771551,0.1251986437724498,0.1490369562467918,0.14858892121107595
NGC3726,envelope_a2_q50,envelope,2.0,50.0,3.4,6.8,340.0,0.8208510619575913,2885.6465939769687,2871.016611508865,1.0346060082292698,1.0025446373355302,136222365727.5919,361471850506.81903,473290124076.68823,3.4743936617804834,0.04421499243876567,0.7799620565648004,2.7376508090092943e-07,1.2496710226443057e-07,3.9873218316536e-07,False,True,3.295193040622079e-07,9,3,0,1.8944427710394127,1.916927078078154,3.200996251211737,2.7659133290840345,0.4350829221277026,0.1249836631274082,0.15487421902509527,0.1531516701994903
NGC3741,core_refit,none,1.0,20.0,0.2,0.2,4.0,0.999999974268422,0.0,0.0,1.0352452711728688,1.0138943535381213,2427974489.81107,0.0,2427974427.335455,0.999999974268422,0.0,0.9734800195507324,4.2114849157949514e-08,0.0,4.2114849157949514e-08,False,True,1.5205614545243023e-12,16,5,0,1.1070008834545162,1.107000883454542,8.76149966265339,8.761498570068833,1.0925845579379256e-06,0.1504016364579784,0.0,0.0
NGC3741,core_plummer,plummer,1.0,20.0,0.2,0.2,4.0,0.9745775925326785,260.0423276919475,252.96395108938677,1.0352452711728688,1.0138943535381213,2427974489.81107,12177854.98777997,2378427387.998611,0.9795932362467636,0.9987767584945767,0.9734800195507324,4.10441893583631e-08,2.8146035435915097e-09,4.385879290195461e-08,False,True,1.4259000822998624e-06,16,5,0,0.8413748872808124,1.107000883454542,9.637997831574008,8.761498570068833,0.8764992615051757,0.15790462087237106,0.005252481206273815,0.006430403204236513
NGC3741,fixed_core_envelope,envelope,1.0,20.0,0.2,0.2,4.0,1.0,75.6441265302262,73.58508629587256,1.0352452711728688,1.0138943535381213,2427974489.81107,105724452.24889083,2533698942.059961,1.0435443011005925,0.6530637140951886,0.9734800195507324,4.2114850241631066e-08,2.452739334182493e-09,4.4567589575813564e-08,False,True,4.4408920985006064e-15,16,5,0,0.9366373623277907,1.107000883454542,7.600455036470959,8.761498570068833,-1.1610435335978737,0.13978186604745851,0.028382786885237384,0.02811365012411263
NGC3741,envelope_a0.5_q10,envelope,0.5,10.0,0.2,0.1,1.0,0.9326272269451373,166.04705840902687,161.52724187147138,1.0352452711728688,1.0138943535381213,2427974489.81107,54965518.67547295,2319360634.2015057,0.9552656520629194,0.9006388048396653,0.9734800195507324,3.927745599406213e-08,4.138281792917558e-09,4.341573778697969e-08,False,True,1.3771341052018163e-06,16,5,0,0.6854588288636319,1.107000883454542,10.844588931816654,8.761498570068833,2.0830903617478214,0.16764480472474116,0.02196425422669722,0.025425470367613064
NGC3741,envelope_a0.5_q20,envelope,0.5,20.0,0.2,0.1,2.0,0.9126435716533979,146.52260594441077,142.5342468381511,1.0352452711728688,1.0138943535381213,2427974489.81107,102394085.0805048,2318269395.3450165,0.9548162079435233,0.8139827704346384,0.9734800195507324,3.843584734417015e-08,4.750953913165676e-09,4.3186801257335823e-08,False,True,1.4356671651853288e-06,16,5,0,0.6937075764387919,1.107000883454542,11.131664378898334,8.761498570068833,2.3701658088295012,0.16987587627456077,0.03720089589098982,0.040778753149075614
NGC3741,envelope_a0.5_q50,envelope,0.5,50.0,0.2,0.1,5.0,0.8883591535243323,144.94537141067838,140.9999447766797,1.0352452711728688,1.0138943535381213,2427974489.81107,261226400.50295982,2418139763.0501943,0.9959494109999315,0.5972640738918299,0.9734800195507324,3.7413112711459396e-08,6.137322385232039e-09,4.355043509669143e-08,False,True,1.389968620909171e-06,16,5,0,0.6926274151142842,1.107000883454542,10.942399738912172,8.761498570068833,2.1809011688433397,0.1684383659219229,0.06916648818305782,0.06669557635070604
NGC3741,envelope_a1_q10,envelope,1.0,10.0,0.2,0.2,2.0,0.8933405368493864,202.3027803562775,196.79607965944632,1.0352452711728688,1.0138943535381213,2427974489.81107,133934046.86979476,2302942081.054231,0.9485034092073314,0.8051637259659112,0.9734800195507324,3.7622902924190205e-08,5.041859341721834e-09,4.2664762265912046e-08,False,True,4.652773108824147e-08,16,5,0,0.6712721673424389,1.107000883454542,11.577411328043956,8.761498570068833,2.8159127579751235,0.17327805029754448,0.048590830532078924,0.05286496445808007
NGC3741,envelope_a1_q20,envelope,1.0,20.0,0.2,0.2,4.0,0.8679362379496004,196.79899567663085,191.44210851611015,1.0352452711728688,1.0138943535381213,2427974489.81107,275057257.91849416,2382384302.4427147,0.9812229545410492,0.6530637140951886,0.9734800195507324,3.655300468053209e-08,6.381151581290385e-09,4.293415626182247e-08,False,True,5.511168321975063e-07,16,5,0,0.6759245675356031,1.107000883454542,11.437220210315012,8.761498570068833,2.675721640246179,0.1722366449670562,0.08051287460138251,0.07979001362880213
NGC3741,envelope_a1_q50,envelope,1.0,50.0,0.2,0.2,10.0,0.8453424941403221,205.37351922030678,199.78323272296134,1.0352452711728688,1.0138943535381213,2427974489.81107,740264896.5249228,2792734907.4508886,1.150232392955744,0.376697865525975,0.9734800195507324,3.5601472543606555e-08,8.69598997592973e-09,4.429746251953628e-08,False,True,9.99462592073986e-07,16,5,0,0.6561554804006287,1.107000883454542,10.813124520049897,8.761498570068833,2.051625949981064,0.16748930413504579,0.12247215471897115,0.10718627712570611
NGC3741,envelope_a2_q10,envelope,2.0,10.0,0.2,0.4,4.0,0.8323700541118233,300.05914591732625,291.8915077612734,1.0352452711728688,1.0138943535381213,2427974489.81107,397306805.593339,2418280063.059506,0.9960071957954062,0.6368168826589649,0.9734800195507324,3.5055140174537786e-08,7.47817704357814e-09,4.253331721811593e-08,False,True,9.278956830106273e-08,16,5,0,0.7131303230850017,1.107000883454542,11.729764734613287,8.761498570068833,2.9682661645444544,0.17445240337730009,0.11394927099731388,0.11127202565916357
NGC3741,envelope_a2_q20,envelope,2.0,20.0,0.2,0.4,8.0,0.7993332432024267,318.7725461538698,310.09552748440444,1.0352452711728688,1.0138943535381213,2427974489.81107,891068596.5984509,2831829319.951891,1.1663340499809973,0.4309877141739044,0.9734800195507324,3.366379983062746e-08,1.0336109338200624e-08,4.3999909168828084e-08,False,True,7.249395114729964e-07,16,5,0,0.6871084194661894,1.107000883454542,11.010998514771142,8.761498570068833,2.2494999447023094,0.16904560447610412,0.168932526447423,0.1497990445634569
NGC3741,envelope_a2_q50,envelope,2.0,50.0,0.2,0.4,20.0,0.7819376952002851,332.0504836347019,323.01203825894305,1.0352452711728688,1.0138943535381213,2427974489.81107,2393739152.37061,4292263928.938566,1.7678373257012943,0.19904145099379142,0.9734800195507324,3.2931188931646165e-08,1.4059785741376525e-08,4.699097467302269e-08,False,True,6.801673635133125e-07,16,5,0,0.6683568759482514,1.107000883454542,10.372335141256704,8.761498570068833,1.6108365711878712,0.164084228832196,0.20495883979118254,0.1709795645831861
NGC3769,core_refit,none,1.0,20.0,3.38,3.38,67.6,1.0000000000816125,0.0,0.0,0.9608746717809108,0.9993659191578212,32959179236.23897,0.0,32959179238.928852,1.0000000000816125,0.0,0.9999991290919834,2.593961099358372e-07,0.0,2.593961099358372e-07,False,True,2.8332891588425967e-13,9,3,0,0.1700970908541419,0.1700970908541419,13.354735346430537,13.354735347981597,-1.5510597251022773e-09,0.32260169801393557,0.0,0.0
NGC3769,core_plummer,plummer,1.0,20.0,3.38,3.38,67.6,1.0000000000816125,0.0,0.0,0.9608746717809108,0.9993659191578212,32959179236.23897,0.0,32959179238.928852,1.0000000000816125,0.9877170716639531,0.9999991290919834,2.593961099358372e-07,0.0,2.593961099358372e-07,False,True,5.112086237445946e-14,9,3,0,0.1700970908541419,0.1700970908541419,13.354735346430537,13.354735347981597,-1.5510597251022773e-09,0.32260169801393557,0.0,0.0
NGC3769,fixed_core_envelope,envelope,1.0,20.0,3.38,3.38,67.6,1.0,13.633429547886333,13.650735399088365,0.9608746717809108,0.9993659191578212,32959179236.23897,307646432.7831576,33266825669.02213,1.0093341654711139,0.2872238369743592,0.9999991290919834,2.5939610991466723e-07,4.5500654194027083e-10,2.598511164566075e-07,False,True,2.314592961733169e-12,9,3,0,0.17006991846003028,0.1700970908541419,13.307679366056087,13.354735347981597,-0.04705598192551008,0.32203055154349064,0.002673828629516224,0.00114078667712127
NGC3769,envelope_a0.5_q10,envelope,0.5,10.0,3.38,1.69,16.9,1.0000000000816125,0.0,0.0,0.9608746717809108,0.9993659191578212,32959179236.23897,0.0,32959179238.928852,1.0000000000816125,0.7012941430189505,0.9999991290919834,2.593961099358372e-07,0.0,2.593961099358372e-07,False,True,1.005980668095072e-13,9,3,0,0.1700970908541419,0.1700970908541419,13.354735346430537,13.354735347981597,-1.5510597251022773e-09,0.32260169801393557,0.0,0.0
NGC3769,envelope_a0.5_q20,envelope,0.5,20.0,3.38,1.69,33.8,1.0000000000816125,0.0,0.0,0.9608746717809108,0.9993659191578212,32959179236.23897,0.0,32959179238.928852,1.0000000000816125,0.5069141974155442,0.9999991290919834,2.593961099358372e-07,0.0,2.593961099358372e-07,False,True,1.317201705974391e-13,9,3,0,0.1700970908541419,0.1700970908541419,13.354735346430537,13.354735347981597,-1.5510597251022773e-09,0.32260169801393557,0.0,0.0
NGC3769,envelope_a0.5_q50,envelope,0.5,50.0,3.38,1.69,84.5,1.0000000000816125,0.0,0.0,0.9608746717809108,0.9993659191578212,32959179236.23897,0.0,32959179238.928852,1.0000000000816125,0.24932212227009834,0.9999991290919834,2.593961099358372e-07,0.0,2.593961099358372e-07,False,True,1.521807244938722e-13,9,3,0,0.1700970908541419,0.1700970908541419,13.354735346430537,13.354735347981597,-1.5510597251022773e-09,0.32260169801393557,0.0,0.0
NGC3769,envelope_a1_q10,envelope,1.0,10.0,3.38,3.38,33.8,0.9449454018891866,984.4370237677947,985.6866374905383,0.9608746717809108,0.9993659191578212,32959179236.23897,10522613351.4897,41667238220.81527,1.2642073979500585,0.48432946616995365,0.9999991290919834,2.451151613318069e-07,2.5253010069316714e-08,2.703681714011236e-07,False,True,1.8370825176065307e-10,9,3,0,0.1687318537889979,0.1700970908541419,11.710967281699771,13.354735347981597,-1.643768066281826,0.30199276887006316,0.140625545045176,0.07464694723936029
NGC3769,envelope_a1_q20,envelope,1.0,20.0,3.38,3.38,67.6,0.9398546905894929,1033.0193902407693,1034.3306729076528,0.9608746717809108,0.9993659191578212,32959179236.23897,23310695910.162704,54287535113.32172,1.6471142902014984,0.2872238369743592,0.9999991290919834,2.4379465062396764e-07,3.447632738774603e-08,2.782709780117137e-07,False,True,3.1805497668111235e-08,9,3,0,0.16804195780042253,0.1700970908541419,11.08481106850171,13.354735347981597,-2.2699242794798877,0.2937263051358147,0.1777275435683937,0.08431216605411242
NGC3769,envelope_a1_q50,envelope,1.0,50.0,3.38,3.38,169.0,0.9387471448125828,1039.7617029713792,1041.0815441202253,0.9608746717809108,0.9993659191578212,32959179236.23897,60509429990.16805,91449765393.55356,2.7746372183019523,0.12137069179366866,0.9999991290919834,2.435073575578848e-07,4.53152877166074e-08,2.8882264527449217e-07,False,True,1.61422244160193e-07,9,3,0,0.1678115361680823,0.1700970908541419,10.836085410341404,13.354735347981597,-2.518649937640193,0.2903662307885515,0.1918294460971025,0.0867818658586983
NGC3769,envelope_a2_q10,envelope,2.0,10.0,3.38,6.76,67.6,0.9602355585611636,1170.9145458426879,1172.4008683288587,0.9608746717809108,0.9993659191578212,32959179236.23897,25031730290.639736,56680306174.267166,1.7197123073971017,0.2571457403760939,0.9999991290919834,2.490813684925035e-07,3.003657532434442e-08,2.791179438168479e-07,False,True,5.737898804398123e-08,9,3,0,0.166422155125526,0.1700970908541419,10.901821223189321,13.354735347981597,-2.452914124792276,0.2912727049979951,0.16900993757337926,0.06820944219896023
NGC3769,envelope_a2_q20,envelope,2.0,20.0,3.38,6.76,135.2,0.9603081130660247,1148.0521613045844,1149.5094629912894,0.9608746717809108,0.9993659191578212,32959179236.23897,51812957382.995,83463924603.55255,2.532342325799881,0.13314485193986952,0.9999991290919834,2.491001888488212e-07,3.831546875622642e-08,2.8741565760504764e-07,False,True,2.7794390016586188e-08,9,3,0,0.1662810242339613,0.1700970908541419,10.719752537497618,13.354735347981597,-2.6349828104839794,0.2887912230125387,0.17895475519893958,0.06883388078000734
NGC3769,envelope_a2_q50,envelope,2.0,50.0,3.38,6.76,338.0,0.9603227612788486,1141.8584925897749,1143.3079322261574,0.9608746717809108,0.9993659191578212,32959179236.23897,132902003062.02599,164553453075.6555,4.992644140080017,0.05306297270043188,0.9999991290919834,2.4910398853824496e-07,4.976490860885416e-08,2.9886889714709913e-07,False,True,4.244575687844608e-07,9,3,0,0.16623883877001036,0.1700970908541419,10.660811065273682,13.354735347981597,-2.693924282707915,0.2879822398712166,0.1822098140647528,0.06902619534025961
NGC3877,core_refit,none,1.0,20.0,2.53,2.53,50.599999999999994,1.000000017485317,0.0,0.0,0.8248188469478996,0.999714276366528,27997148928.34922,0.0,27997149417.888245,1.000000017485317,0.0,0.9940382901138346,4.526436939625424e-07,0.0,4.5264369396254247e-07,False,True,2.806643806251608e-13,10,3,0,1.4264176916515496,1.4264176916515703,3.7955518970093656,3.7955523931975925,-4.961882269505224e-07,0.06789242466390738,0.0,0.0
NGC3877,core_plummer,plummer,1.0,20.0,2.53,2.53,50.599999999999994,1.000000017485317,0.0,0.0,0.8248188469478996,0.999714276366528,27997148928.34922,0.0,27997149417.888245,1.000000017485317,0.9298433884315921,0.9940382901138346,4.526436939625424e-07,0.0,4.5264369396254247e-07,False,True,1.228458597593129e-14,10,3,0,1.4264176916515496,1.4264176916515703,3.7955518970093656,3.7955523931975925,-4.961882269505224e-07,0.06789242466390738,0.0,0.0
NGC3877,fixed_core_envelope,envelope,1.0,20.0,2.53,2.53,50.599999999999994,1.0,22.6961409329347,22.709116141361694,0.8248188469478996,0.999714276366528,27997148928.34922,328845359.5247057,28325994287.873924,1.0117456731171552,0.10258440914524065,0.9940382901138346,4.526436860479241e-07,7.569406412119763e-10,4.534006266891361e-07,False,True,7.460698725475486e-13,10,3,0,1.4263855301841986,1.4264176916515703,3.764540792670939,3.7955523931975925,-0.031011600526653638,0.06761280850057934,0.0012106818925629703,0.0008740626531011314
NGC3877,envelope_a0.5_q10,envelope,0.5,10.0,2.53,1.265,12.649999999999999,1.000000017485317,0.0,0.0,0.8248188469478996,0.999714276366528,27997148928.34922,0.0,27997149417.888245,1.000000017485317,0.41401810932925714,0.9940382901138346,4.526436939625424e-07,0.0,4.5264369396254247e-07,False,True,1.9265384509900956e-14,10,3,0,1.4264176916515496,1.4264176916515703,3.7955518970093656,3.7955523931975925,-4.961882269505224e-07,0.06789242466390738,0.0,0.0
NGC3877,envelope_a0.5_q20,envelope,0.5,20.0,2.53,1.265,25.299999999999997,1.000000017485317,0.0,0.0,0.8248188469478996,0.999714276366528,27997148928.34922,0.0,27997149417.888245,1.000000017485317,0.23368158169090175,0.9940382901138346,4.526436939625424e-07,0.0,4.5264369396254247e-07,False,True,2.2720727856820027e-14,10,3,0,1.4264176916515496,1.4264176916515703,3.7955518970093656,3.7955523931975925,-4.961882269505224e-07,0.06789242466390738,0.0,0.0
NGC3877,envelope_a0.5_q50,envelope,0.5,50.0,2.53,1.265,63.24999999999999,1.000000017485317,0.0,0.0,0.8248188469478996,0.999714276366528,27997148928.34922,0.0,27997149417.888245,1.000000017485317,0.09637700972241445,0.9940382901138346,4.526436939625424e-07,0.0,4.5264369396254247e-07,False,True,2.409852811482672e-14,10,3,0,1.4264176916515496,1.4264176916515703,3.7955518970093656,3.7955523931975925,-4.961882269505224e-07,0.06789242466390738,0.0,0.0
NGC3877,envelope_a1_q10,envelope,1.0,10.0,2.53,2.53,25.299999999999997,0.979578176892019,717.191049033159,717.6010616150634,0.8248188469478996,0.999714276366528,27997148928.34922,4922247729.429139,32347643834.83581,1.1553906405834555,0.2026965164460612,0.9940382901138346,4.433998767605089e-07,1.838473419996171e-08,4.617846109604706e-07,False,True,4.595232907966156e-07,10,3,0,1.4256687166759368,1.4264176916515703,3.458050633286053,3.7955523931975925,-0.3375017599115395,0.06479298190964546,0.03530559143504445,0.02626389684974371
NGC3877,envelope_a1_q20,envelope,1.0,20.0,2.53,2.53,50.599999999999994,0.9762133756779423,809.964248710964,810.427299014383,0.8248188469478996,0.999714276366528,27997148928.34922,11735606742.8629,39066798007.56477,1.3953848696360185,0.10258440914524065,0.9940382901138346,4.418768207361507e-07,2.701317636287598e-08,4.688899970990267e-07,False,True,3.421043686097956e-07,10,3,0,1.425270181731386,1.4264176916515703,3.3747416145489786,3.7955523931975925,-0.42081077864861394,0.06400481865398779,0.04243212689782774,0.030989867914288375
NGC3877,envelope_a1_q50,envelope,1.0,50.0,2.53,2.53,126.49999999999999,0.9753420794711236,832.2272460228274,832.7030239098117,0.8248188469478996,0.999714276366528,27997148928.34922,31097401948.85429,58404199403.89316,2.0860766770703036,0.040571012549966645,0.9940382901138346,4.414824340094567e-07,3.624516957780642e-08,4.777276035872632e-07,False,True,4.394112622971241e-07,10,3,0,1.4251410187942113,1.4264176916515703,3.350414082740942,3.7955523931975925,-0.44513831045665064,0.06377284774278603,0.04441555985383948,0.03224934746450976
NGC3877,envelope_a2_q10,envelope,2.0,10.0,2.53,5.06,50.599999999999994,0.9714627186364552,1823.9389370943181,1824.9816688933863,0.8248188469478996,0.999714276366528,27997148928.34922,25036227944.654163,52234414356.65802,1.865704771951502,0.0746352959957669,0.9940382901138346,4.397264658217424e-07,4.675550901066718e-08,4.864819748324096e-07,False,True,2.6514952797322846e-07,10,3,0,1.420956905455402,1.4264176916515703,2.9845043771606163,3.7955523931975925,-0.8110480160369762,0.060170738632365516,0.06464661912641322,0.043122690464012854
NGC3877,envelope_a2_q20,envelope,2.0,20.0,2.53,5.06,101.19999999999999,0.9714464789405067,1798.1889902017508,1799.2170009551178,0.8248188469478996,0.999714276366528,27997148928.34922,52108074824.13721,79305806570.95505,2.8326386652410864,0.036264553660918984,0.9940382901138346,4.3971911502590803e-07,5.997153134031189e-08,4.9969064636622e-07,False,True,1.784134408372431e-08,10,3,0,1.4208462292684936,1.4264176916515703,2.9715042241970484,3.7955523931975925,-0.8240481690005441,0.06003915771161202,0.06532960776631587,0.04331045474870761
NGC3877,envelope_a2_q50,envelope,2.0,50.0,2.53,5.06,252.99999999999997,0.9714410883602391,1791.082063771847,1792.1060115502803,0.8248188469478996,0.999714276366528,27997148928.34922,133852860806.16696,161050441632.10623,5.752387217865264,0.014163515642301843,0.9940382901138346,4.3971667501378576e-07,7.800522446173004e-08,5.177218994755159e-07,False,True,1.2382118173480484e-06,10,3,0,1.4208142574912297,1.4264176916515703,2.967740605374438,3.7955523931975925,-0.8278117878231543,0.06000101259203385,0.06552866473844474,0.04336514297420322
NGC3893,core_refit,none,1.0,20.0,2.38,2.38,47.599999999999994,0.999999999999,0.0,0.0,0.9976969707300783,0.999780508769922,70432861454.9524,0.0,70432861454.88196,0.999999999999,0.0,0.9865246529270092,5.100204421898833e-07,0.0,5.100204421898834e-07,False,True,3.1264867462830437e-06,8,2,0,0.49817620095154946,0.4981762009515532,0.7104131573873037,0.7104131573804617,6.841971433857452e-12,0.05988586355449864,0.0,0.0
NGC3893,core_plummer,plummer,1.0,20.0,2.38,2.38,47.599999999999994,0.9909811331480685,595.5690743665774,595.8306048463555,0.9976969707300783,0.999780508769922,70432861454.9524,328955633.9375671,70126592489.4272,0.9956516183043184,0.9770357282856147,0.9865246529270092,5.054206357305149e-07,6.6295095588075905e-09,5.120501452893226e-07,False,True,1.1467841005087058e-07,8,2,0,0.4963431833368683,0.4981762009515532,0.7406100624536233,0.7104131573804617,0.03019690507316153,0.06118197254487333,0.004645973094860094,0.004809145153738616
NGC3893,fixed_core_envelope,envelope,1.0,20.0,2.38,2.38,47.599999999999994,1.0,178.49427841882553,178.57266008147678,0.9976969707300783,0.999780508769922,70432861454.9524,2942408509.689583,73375269964.64197,1.041776075100562,0.2066415336455782,0.9865246529270092,5.100204421903933e-07,5.952186909591291e-09,5.159726290999847e-07,False,True,1.59872115545997e-13,8,2,0,0.49669893822158556,0.4981762009515532,0.655168566911849,0.7104131573804617,-0.05524459046861274,0.05741107351356021,0.008674680887390608,0.007110445698640661
NGC3893,envelope_a0.5_q10,envelope,0.5,10.0,2.38,1.19,11.899999999999999,0.9597179650554878,1067.226774301518,1067.6954224270305,0.9976969707300783,0.999780508769922,70432861454.9524,4166719771.6092477,71762402240.19127,1.0188767112080095,0.6094516359829664,0.9865246529270092,4.894757809156644e-07,2.7354051711766227e-08,5.168298326274305e-07,False,True,2.2591724272857333e-07,8,2,0,0.49125515954356835,0.4981762009515532,0.7421961140782692,0.7104131573804617,0.03178295669780751,0.061191402968444615,0.03668389663762115,0.034074722281859066
NGC3893,envelope_a0.5_q20,envelope,0.5,20.0,2.38,1.19,23.799999999999997,0.9361424592903409,1471.972192895335,1472.6185756750947,0.9976969707300783,0.999780508769922,70432861454.9524,12132443529.195135,78067635666.49013,1.1083978991315127,0.401791900841353,0.9865246529270092,4.774517910404619e-07,4.908534713519388e-08,5.265371381756559e-07,False,True,3.777097207214664e-07,8,2,0,0.48663713028458555,0.4981762009515532,0.6871016183063179,0.7104131573804617,-0.02331153907414385,0.058677402974343984,0.06971709439818903,0.061204919790025576
NGC3893,envelope_a0.5_q50,envelope,0.5,50.0,2.38,1.19,59.5,0.9199187424480939,1755.8467534555043,1756.6177932284081,0.9976969707300783,0.999780508769922,70432861454.9524,37323104499.09711,102115613835.75774,1.4498291241662682,0.18168815769132043,0.9865246529270092,4.6917736380260743e-07,7.646052430554352e-08,5.456378881081509e-07,False,True,1.2039183727593629e-08,8,2,0,0.48272307154066607,0.4981762009515532,0.628925384840998,0.7104131573804617,-0.08148777253946371,0.055893885477152475,0.09591387627402885,0.08121452534192698
NGC3893,envelope_a1_q10,envelope,1.0,10.0,2.38,2.38,23.799999999999997,0.6813471916972967,9502.732391079184,9506.905297746785,0.9976969707300783,0.999780508769922,70432861454.9524,74202079429.90497,122191311785.44156,1.7348622398877398,0.3751434060011098,0.9865246529270092,3.47500995994638e-07,2.435641978704865e-07,5.910651938651245e-07,False,True,1.5107427971022353e-08,8,2,0,0.42791017975050666,0.4981762009515532,0.35177466256264545,0.7104131573804617,-0.3586384948178163,0.04006535187223825,0.3702686604152052,0.3335099858985632
NGC3893,envelope_a1_q20,envelope,1.0,20.0,2.38,2.38,47.599999999999994,0.6073673358983533,11062.26603129134,11067.12377133715,0.9976969707300783,0.999780508769922,70432861454.9524,182357137692.36807,225135757113.96033,3.1964590457247453,0.2066415336455782,0.9865246529270092,3.0976975722687933e-07,3.6888955570535625e-07,6.786593129322355e-07,False,True,9.603787064762136e-08,8,2,0,0.4072010196401439,0.4981762009515532,0.155650125326582,0.7104131573804617,-0.5547630320538797,0.02337795824340551,0.4717117115694447,0.4222132327572346
NGC3893,envelope_a1_q50,envelope,1.0,50.0,2.38,2.38,119.0,0.5872360918322198,11431.716658651227,11436.736634454377,0.9976969707300783,0.999780508769922,70432861454.9524,485995892996.04706,527356611293.4135,7.4873659879728365,0.08432423742644159,0.9865246529270092,2.9950241122642717e-07,4.978082783777742e-07,7.973106896042015e-07,False,True,5.628489721835351e-07,8,2,0,0.40053395919494605,0.4981762009515532,0.10656373578312851,0.7104131573804617,-0.6038494215973332,0.016782480629701203,0.5010873978918724,0.4473133547337538
NGC3893,envelope_a2_q10,envelope,2.0,10.0,2.38,4.76,47.599999999999994,0.6744669308001906,14385.58882594522,14391.905926865113,0.9976969707300783,0.999780508769922,70432861454.9524,224659721178.89267,272164357071.88947,3.8641672572959562,0.17549014863039292,0.9865246529270092,3.4399192228951066e-07,3.6871651848001474e-07,7.127084407695253e-07,False,True,3.574188106526814e-08,8,2,0,0.4346596844130508,0.4981762009515532,0.03831073665248098,0.7104131573804617,-0.6721024207279808,-0.0008363722710597946,0.4568958094493485,0.39620465165904617
NGC3893,envelope_a2_q20,envelope,2.0,20.0,2.38,4.76,95.19999999999999,0.7030867901652343,12811.179075036465,12816.804810075815,0.9976969707300783,0.999780508769922,70432861454.9524,422374573162.4382,471894987644.9533,6.699926396526839,0.08792020658420323,0.9865246529270092,3.585886356182971e-07,4.2720995351982916e-07,7.857985891381263e-07,False,True,6.808856037548073e-08,8,2,0,0.43799693708848547,0.4981762009515532,0.039426978559495784,0.7104131573804617,-0.6709861788209659,0.00036276205331916417,0.43186375053787623,0.3687334919784337
NGC3893,envelope_a2_q50,envelope,2.0,50.0,2.38,4.76,238.0,0.710563607877834,12403.98833166275,12409.43525823964,0.9976969707300783,0.999780508769922,70432861454.9524,1054660042050.1035,1104707070198.694,15.684540530917449,0.03465869225302526,0.9865246529270092,3.6240196549425415e-07,5.401470540935861e-07,9.025490195878403e-07,False,True,6.375109813529628e-08,8,2,0,0.43884337359957293,0.4981762009515532,0.039844302636979606,0.7104131573804617,-0.6705688547434822,0.0006290832347316368,0.42540369434146297,0.36154576874582434
NGC3917,core_refit,none,1.0,20.0,2.63,2.63,52.599999999999994,1.000000002319511,0.0,0.0,0.9512629680851256,0.999776692929916,34530195867.18913,0.0,34530195947.2823,1.000000002319511,0.0,0.984134774806472,3.292865473666628e-07,0.0,3.292865473666628e-07,False,True,1.350031197944008e-13,13,4,0,1.0317332842227394,1.0317332842227385,4.886222843700379,4.886222933492661,-8.979228205419076e-08,0.08468589265403298,0.0,0.0
NGC3917,core_plummer,plummer,1.0,20.0,2.63,2.63,52.599999999999994,0.9958559529101165,141.7558913664645,141.81922276473477,0.9512629680851256,0.999776692929916,34530195867.18913,82495517.44295698,34469596626.935555,0.9982450363013677,0.9547891287984605,0.984134774806472,3.2792196764769155e-07,1.5779516615866276e-09,3.2949991930927815e-07,False,True,8.282807538301265e-07,13,4,0,1.0306730995741216,1.0317332842227385,4.956310845307833,4.886222933492661,0.07008791181517182,0.08527059851269272,0.0023220845643324426,0.002423703095485527
NGC3917,fixed_core_envelope,envelope,1.0,20.0,2.63,2.63,52.599999999999994,1.0,65.26809666484861,65.297256086615,0.9512629680851256,0.999776692929916,34530195867.18913,1133609977.741211,35663805844.93034,1.0328295264267058,0.137746420094961,0.984134774806472,3.29286546602879e-07,2.1764892382386336e-09,3.314630358411176e-07,False,True,2.98427949019153e-13,13,4,0,1.0306111670314224,1.0317332842227385,4.7283890229835315,4.886222933492661,-0.15783391050912954,0.08334170080485122,0.004574033344046085,0.0034908866559736594
NGC3917,envelope_a0.5_q10,envelope,0.5,10.0,2.63,1.315,13.149999999999999,0.9949828437007251,85.35085945497731,85.38899112781819,0.9512629680851256,0.999776692929916,34530195867.18913,351098943.99099106,34708051421.46986,1.005150725323563,0.4938179984180195,0.984134774806472,3.276344645313239e-07,2.1876415594406258e-09,3.298221060907645e-07,False,True,2.1838342224177748e-08,13,4,0,1.0314052700148675,1.0317332842227385,4.893801183940244,4.886222933492661,0.007578250447583201,0.08474279281917732,0.005101594790810173,0.004465707233088752
NGC3917,envelope_a0.5_q20,envelope,0.5,20.0,2.63,1.315,26.299999999999997,0.9889305492132365,171.48654017916115,171.563154154562,0.9512629680851256,0.999776692929916,34530195867.18913,1489233353.8823218,35637198917.2623,1.032058985542131,0.29497225640784464,0.984134774806472,3.256415253805151e-07,5.718545940129064e-09,3.3136007132064423e-07,False,True,6.821668356819262e-07,13,4,0,1.030543089479414,1.0317332842227385,4.854020794089839,4.886222933492661,-0.03220213940282157,0.08439225419779409,0.01290281367757625,0.01059924338822578
NGC3917,envelope_a0.5_q50,envelope,0.5,50.0,2.63,1.315,65.75,0.9855375592750906,217.27307846951604,217.37014821196777,0.9512629680851256,0.999776692929916,34530195867.18913,4866100933.744208,38896905889.984604,1.1264606212947883,0.1251299644827478,0.984134774806472,3.2452425944112474e-07,9.461497865232927e-09,3.3398575730635763e-07,False,True,1.3188500798050303e-08,13,4,0,1.0298949309637193,1.0317332842227385,4.816048450476606,4.886222933492661,-0.07017448301605533,0.0840586293150634,0.01785626751847437,0.014225841707861639
NGC3917,envelope_a1_q10,envelope,1.0,10.0,2.63,2.63,26.299999999999997,0.6872121632418929,6858.809625286042,6861.873893020185,0.9512629680851256,0.999776692929916,34530195867.18913,56428742061.89948,80158312660.9568,2.321397566618609,0.26507322371321246,0.984134774806472,2.2628972001741686e-07,1.7579924889311855e-07,4.020889689105354e-07,False,True,3.7259745889114655e-08,13,4,0,0.9241328726698034,1.0317332842227385,2.1520266443609932,4.886222933492661,-2.734196289131668,0.05619666235716189,0.3904311921641818,0.3347546989221891
NGC3917,envelope_a1_q20,envelope,1.0,20.0,2.63,2.63,52.599999999999994,0.683217653034386,6684.694082965848,6687.680562181648,0.9512629680851256,0.999776692929916,34530195867.18913,116103215779.52354,139694855158.72217,4.045585368123016,0.137746420094961,0.984134774806472,2.2497438154581696e-07,2.229138809915438e-07,4.4788826253736074e-07,False,True,4.2977191512817774e-08,13,4,0,0.9177097889972293,1.0317332842227385,1.7235434701870345,4.886222933492661,-3.1626794633056265,0.05025796619158002,0.40787398870629826,0.34432294763392485
NGC3917,envelope_a1_q50,envelope,1.0,50.0,2.63,2.63,131.5,0.685765437532279,6557.065173637551,6559.994632879017,0.9512629680851256,0.999776692929916,34530195867.18913,293707266347.1835,317386881224.1217,9.191574888392257,0.05496623064589769,0.984134774806472,2.258133327046165e-07,2.855377140121351e-07,5.113510467167516e-07,False,True,6.170742488355359e-07,13,4,0,0.9169217707371511,1.0317332842227385,1.621342319478614,4.886222933492661,-3.264880614014047,0.04872806601220619,0.409248038482891,0.34332403853275545
NGC3917,envelope_a2_q10,envelope,2.0,10.0,2.63,5.26,52.599999999999994,0.9287333766142879,2656.4085883690914,2657.5953755188657,0.9512629680851256,0.999776692929916,34530195867.18913,43709565721.57156,75778911124.45886,2.1945693970553055,0.10771278870442519,0.984134774806472,3.0581940630014987e-07,6.80868343198897e-08,3.7390624062003956e-07,False,True,9.813027648964934e-08,13,4,0,1.0073362758738609,1.0317332842227385,3.1864578245569213,4.886222933492661,-1.6997651089357397,0.06847971819445069,0.12981130740201127,0.09451513364401332
NGC3917,envelope_a2_q20,envelope,2.0,20.0,2.63,5.26,105.19999999999999,0.9303515597149006,2550.833563581834,2551.9731836341584,0.9512629680851256,0.999776692929916,34530195867.18913,88608386853.44691,120733608435.74734,3.496464627658524,0.05280387172155805,0.984134774806472,3.0635225222512177e-07,8.506241308341729e-08,3.914146653085391e-07,False,True,1.579715533419329e-08,13,4,0,1.0073001531228392,1.0317332842227385,3.1746852710928968,4.886222933492661,-1.7115376623997642,0.06834961581223215,0.12891421650675333,0.0929826943711541
NGC3917,envelope_a2_q50,envelope,2.0,50.0,2.63,5.26,263.0,0.9307919678114924,2522.1770689615473,2523.3038863299316,0.9512629680851256,0.999776692929916,34530195867.18913,225949174684.59348,258089603644.7307,7.474316237226141,0.020677223951410667,0.984134774806472,3.0649727268634445e-07,1.098321666071816e-07,4.1632943929352603e-07,False,True,9.843529466315893e-08,13,4,0,1.0072838375626363,1.0317332842227385,3.170942586549703,4.886222933492661,-1.7152803469429578,0.06830825049073835,0.12869636227122447,0.09256980374569956
NGC3953,core_refit,none,1.0,20.0,4.89,4.89,97.8,0.999999999999,0.0,0.0,1.0265569860068744,1.0002430492726206,44913139168.62985,0.0,44913139168.58494,0.999999999999,0.0,0.9962932598006236,4.4394021943333125e-07,0.0,4.4394021943333125e-07,False,True,9.333978229513605e-08,6,2,0,0.0918374604899852,0.09183746048998358,3.4840977833262903,3.4840977833104807,1.580957587066223e-11,0.06494165268651655,0.0,0.0
NGC3953,core_plummer,plummer,1.0,20.0,4.89,4.89,97.8,0.8112581769413418,8522.538255586349,8518.39697200364,1.0265569860068744,1.0002430492726206,44913139168.62985,9942342233.10689,46378493635.762314,1.0326264094262187,0.8700352138083775,0.9962932598006236,3.6015013308878373e-07,9.477994868386827e-08,4.5493008177265195e-07,False,True,2.4540582865244478e-09,6,2,0,0.07916830981475421,0.09183746048998358,3.4689787518883435,3.4840977833104807,-0.015119031422137219,0.06467297908387858,0.19243473975849182,0.18354597040165632
NGC3953,fixed_core_envelope,envelope,1.0,20.0,4.89,4.89,97.8,1.0,189.6067593581044,189.51462537921782,1.0265569860068744,1.0002430492726206,44913139168.62985,6601567108.509214,51514706277.13907,1.1469852081308127,0.06403031075998714,0.9962932598006236,4.439402194337752e-07,6.316904680949459e-09,4.5025712411472464e-07,False,True,2.2737367544318036e-13,6,2,0,0.09110960789592981,0.09183746048998358,3.3521642405188814,3.4840977833104807,-0.1319335427915993,0.06372158718795769,0.009358122631890682,0.006508300486240399
NGC3953,envelope_a0.5_q10,envelope,0.5,10.0,4.89,2.445,24.45,0.7960664789343794,5877.607315324167,5874.7512602440265,1.0265569860068744,1.0002430492726206,44913139168.62985,48467733033.13894,84221577588.99988,1.875210220171506,0.3031937297773638,0.9962932598006236,3.534059273420012e-07,1.5050944903480805e-07,5.039153763768092e-07,False,True,1.9654938699231198e-07,6,2,0,0.06603002925827574,0.09183746048998358,2.0960665725510337,3.4840977833104807,-1.388031210759447,0.05015628379357234,0.2920539791982161,0.2432078939819717
NGC3953,envelope_a0.5_q20,envelope,0.5,20.0,4.89,2.445,48.9,0.8284926583971854,4708.376626227006,4706.088725341302,1.0265569860068744,1.0002430492726206,44913139168.62985,81966129201.83116,119176335268.61206,2.653484870455287,0.16048909629286698,0.9962932598006236,3.678012125681183e-07,1.5686342855379388e-07,5.246646411219121e-07,False,True,7.198504029871822e-08,6,2,0,0.06817170601501618,0.09183746048998358,2.125827712779128,3.4840977833104807,-1.3582700705313528,0.05047817143546785,0.2619046280208481,0.21087077471173712
NGC3953,envelope_a0.5_q50,envelope,0.5,50.0,4.89,2.445,122.24999999999999,0.836612968866909,4421.2852583750155,4419.1368613240575,1.0265569860068744,1.0002430492726206,44913139168.62985,198497136701.85233,236072051402.85242,5.256191301091238,0.06446948068753809,0.9962932598006236,3.714061449799177e-07,1.9235232769320842e-07,5.637584726731261e-07,False,True,3.6381999543727183e-07,6,2,0,0.06865270569367933,0.09183746048998358,2.1288753625488797,3.4840977833104807,-1.355222420761601,0.05049868144734237,0.2547548151920934,0.2027885608125064
NGC3953,envelope_a1_q10,envelope,1.0,10.0,4.89,4.89,48.9,0.9414058788314636,2617.16409869977,2615.892362699278,1.0265569860068744,1.0002430492726206,44913139168.62985,43163145829.418205,85444639079.54202,1.902441928156781,0.12976233890719535,0.9962932598006236,4.1792793242468596e-07,6.701841504483992e-08,4.849463474695258e-07,False,True,5.121073509501356e-07,6,2,0,0.08229913140014955,0.09183746048998358,2.691988298426378,3.4840977833104807,-0.7921094848841026,0.05697863650561374,0.11735707813697452,0.08533611197628839
NGC3953,envelope_a1_q20,envelope,1.0,20.0,4.89,4.89,97.8,0.9421472390333787,2530.812764968913,2529.582988928001,1.0265569860068744,1.0002430492726206,44913139168.62985,88115689353.98248,130430479418.02899,2.9040606342014454,0.06403031075998714,0.9962932598006236,4.182570520354036e-07,8.431610273684812e-08,5.025731547722517e-07,False,True,2.637065159160134e-07,6,2,0,0.0821244320864254,0.09183746048998358,2.6765886289903458,3.4840977833104807,-0.8075091543201349,0.05680301432093317,0.11803500396444695,0.08492713100464717
NGC3953,envelope_a1_q50,envelope,1.0,50.0,4.89,4.89,244.49999999999997,0.9423501032955728,2507.1311605900073,2505.912891947066,1.0265569860068744,1.0002430492726206,44913139168.62985,225119316049.74796,267443217384.63474,5.954676567596366,0.025122656856585438,0.9962932598006236,4.1834711164047733e-07,1.090751866005833e-07,5.274222982410606e-07,False,True,1.824446338480154e-08,6,2,0,0.0820720440222885,0.09183746048998358,2.6719384993696886,3.4840977833104807,-0.8121592839407921,0.056749784348287285,0.11826194720799316,0.08482307740745804
NGC3953,envelope_a2_q10,envelope,2.0,10.0,4.89,9.78,97.8,0.9616283261624968,3704.219518498012,3702.419559023656,1.0265569860068744,1.0002430492726206,44913139168.62985,122182454925.57358,165372201767.00638,3.6820450502491857,0.040788088225278164,0.9962932598006236,4.269054901303128e-07,9.485493142414342e-08,5.217604215544561e-07,False,True,8.905707274118505e-07,6,2,0,0.0819078668189177,0.09183746048998358,2.636011135385564,3.4840977833104807,-0.8480866479249167,0.056324223457072956,0.10379612997836148,0.06648616227484512
NGC3953,envelope_a2_q20,envelope,2.0,20.0,4.89,9.78,195.6,0.9616584812359097,3658.756873066978,3656.9790048642017,1.0265569860068744,1.0002430492726206,44913139168.62985,254774978624.60663,297966079825.0483,6.634274186587395,0.019659357684595268,0.9962932598006236,4.2691887718022073e-07,1.2189448570386588e-07,5.488133628840866e-07,False,True,2.393825679228695e-08,6,2,0,0.08184329438239234,0.09183746048998358,2.630581993689202,3.4840977833104807,-0.8535157896212788,0.056261688091803985,0.10426190887381301,0.06657185152458606
NGC3953,envelope_a2_q50,envelope,2.0,50.0,4.89,9.78,488.99999999999994,0.9616668533732384,3646.1504982371757,3644.378755741501,1.0265569860068744,1.0002430492726206,44913139168.62985,654787367553.9465,697978844773.3572,15.540638167212977,0.007660329746376567,0.9962932598006236,4.2692259390870356e-07,1.5862933388592134e-07,5.85551927794625e-07,False,True,5.122778685975561e-07,6,2,0,0.08182498489954151,0.09183746048998358,2.6290377180021585,3.4840977833104807,-0.8550600653083222,0.056243876804017295,0.10439485310557961,0.06659627813866784
NGC3972,core_refit,none,1.0,20.0,2.18,2.18,43.6,0.999999999999,0.0,0.0,1.0143962724234867,1.0000245653912567,18016273844.575172,0.0,18016273844.557156,0.999999999999,0.0,0.947744862421018,2.303179546460545e-07,0.0,2.303179546460545e-07,False,True,4.202613449634706e-07,8,2,0,0.8475429565827883,0.8475429565827888,8.284912513315371,8.284912513277575,3.779554447191913e-11,0.111506475532853,0.0,0.0
NGC3972,core_plummer,plummer,1.0,20.0,2.18,2.18,43.6,0.9319433239973482,1575.9427243935343,1575.8652999472429,1.0143962724234867,1.0000245653912567,18016273844.575172,810255787.9973933,17600401920.757263,0.9769168737439495,0.9130752942544301,0.947744862421018,2.1464328022932918e-07,1.7533866143192525e-08,2.3217714637252165e-07,False,True,2.416375922463134e-06,8,2,0,0.7823379962776522,0.8475429565827888,9.237297189224119,8.284912513277575,0.9523846759465435,0.11803543327085564,0.04442697080898205,0.0473487972289057
NGC3972,fixed_core_envelope,envelope,1.0,20.0,2.18,2.18,43.6,1.0,114.7931157555969,114.78747608780449,1.0143962724234867,1.0000245653912567,18016273844.575172,1761452897.3726263,19777726741.9478,1.0977701001088531,0.08785666254288349,0.947744862421018,2.3031795464628482e-07,3.826098083789057e-09,2.3414405273007388e-07,False,True,3.343103571740095e-12,8,2,0,0.8454171297607808,0.8475429565827888,7.957245394407032,8.284912513277575,-0.32766711887054356,0.10919826344205832,0.008981955205153777,0.007343140494903635
NGC3972,envelope_a0.5_q10,envelope,0.5,10.0,2.18,1.09,10.9,0.8282520518743353,2170.174080013101,2170.0674615910607,1.0143962724234867,1.0000245653912567,18016273844.575172,7886942514.142024,22808958293.04133,1.266019738033082,0.37496678875284295,0.947744862421018,1.907613185192855e-07,5.55965084381918e-08,2.4635782695747725e-07,False,True,3.4664405476129026e-07,8,2,0,0.7573605488728057,0.8475429565827888,8.346263823706435,8.284912513277575,0.06135131042885966,0.11236673412177033,0.17294793978519657,0.15930397274650593
NGC3972,envelope_a0.5_q20,envelope,0.5,20.0,2.18,1.09,21.8,0.7840443443415358,2540.5401033649237,2540.415289240819,1.0143962724234867,1.0000245653912567,18016273844.575172,19491768720.221836,33617326334.16934,1.8659422377891837,0.20652234273446674,0.947744862421018,1.8057948974072996e-07,8.467716515308419e-08,2.6525665489381417e-07,False,True,3.267876529200235e-08,8,2,0,0.7361526202499555,0.8475429565827888,7.760293833022708,8.284912513277575,-0.5246186802548678,0.10850235726883697,0.23117822628294682,0.2074841118853249
NGC3972,envelope_a0.5_q50,envelope,0.5,50.0,2.18,1.09,54.50000000000001,0.7663021665327885,2689.153590398202,2689.021475046225,1.0143962724234867,1.0000245653912567,18016273844.575172,53208777568.71615,67014687248.66211,3.7196752129098387,0.08427185088209024,0.947744862421018,1.7649314763684857e-07,1.1704537699861853e-07,2.935385246354671e-07,False,True,7.593730468899863e-07,8,2,0,0.7270532702514413,0.8475429565827888,7.4791262235093265,8.284912513277575,-0.8057862897682488,0.10659833975921412,0.255229913055949,0.22703008111495246
NGC3972,envelope_a1_q10,envelope,1.0,10.0,2.18,2.18,21.8,0.0,17489.60936659624,17488.750120063927,1.0143962724234867,1.0000245653912567,18016273844.575172,127123022009.65527,127123022009.65527,7.05601075485056,0.1753707880635119,0.947744862421018,0.0,4.48056782027724e-07,4.48056782027724e-07,False,True,9.980358258294528e-07,8,2,0,0.46632723185756686,0.8475429565827888,1.453542162021313,8.284912513277575,-6.831370351256263,0.04816586044494435,1.0,1.0
NGC3972,envelope_a1_q20,envelope,1.0,20.0,2.18,2.18,43.6,0.0,16986.041000627636,16985.206493891572,1.0143962724234867,1.0000245653912567,18016273844.575172,260643775878.92917,260643775878.92917,14.467130002989538,0.08785666254288349,0.947744862421018,0.0,5.661511885611056e-07,5.661511885611056e-07,False,True,4.98654508410349e-07,8,2,0,0.4756955960944086,0.8475429565827888,1.037518789706803,8.284912513277575,-7.247393723570772,0.040954871722695685,1.0,1.0
NGC3972,envelope_a1_q50,envelope,1.0,50.0,2.18,2.18,109.00000000000001,7.435744059566036e-17,16844.233464902933,16843.40592502535,1.0143962724234867,1.0000245653912567,18016273844.575172,666574847156.1488,666574847156.1488,36.998485530728054,0.03463317606870058,0.947744862421018,1.7125853630725122e-23,7.33145054708597e-07,7.33145054708597e-07,False,True,1.474144668084902e-07,8,2,0,0.4798558287226395,0.8475429565827888,0.9251680045825073,8.284912513277575,-7.359744508695068,0.03876509703345975,1.0,1.0
NGC3972,envelope_a2_q10,envelope,2.0,10.0,2.18,4.36,43.6,0.8510721201410888,4862.88715298459,4862.648244336852,1.0143962724234867,1.0000245653912567,18016273844.575172,70691677283.54343,86024825661.48846,4.774840036492404,0.061314044342321156,0.947744862421018,1.9601718996737274e-07,1.2457965889687988e-07,3.2059684886425265e-07,False,True,1.4899858502950015e-07,8,2,0,0.8091596757105002,0.8475429565827888,5.166560256610772,8.284912513277575,-3.118352256666803,0.08833895515662424,0.22974252676845497,0.18171193958510848
NGC3972,envelope_a2_q20,envelope,2.0,20.0,2.18,4.36,87.2,0.8525771781782593,4745.733809656375,4745.500656631984,1.0143962724234867,1.0000245653912567,18016273844.575172,145642646149.20306,161002910064.89774,8.93652657890615,0.029694101711737343,0.947744862421018,1.9636383185611782e-07,1.5817710771051963e-07,3.545409395666375e-07,False,True,5.12848457379053e-08,8,2,0,0.8088714920387681,0.8475429565827888,5.143884412947928,8.284912513277575,-3.141028100329647,0.08815573667204503,0.22903558734558996,0.1804068986051414
NGC3972,envelope_a2_q50,envelope,2.0,50.0,2.18,4.36,218.00000000000003,0.8529896167174577,4713.613574771282,4713.381999781019,1.0143962724234867,1.0000245653912567,18016273844.575172,373062538548.0457,388430233069.4067,21.559964975019835,0.011586293267347956,0.947744862421018,1.9645882385688327e-07,2.0515997295759356e-07,4.0161879681447686e-07,False,True,5.830420961382931e-08,8,2,0,0.808786125589031,0.8475429565827888,5.137210361477454,8.284912513277575,-3.1477021518001216,0.08810173210250308,0.2288556672142231,0.1800523920214072
NGC3992,core_refit,none,1.0,20.0,4.96,4.96,99.2,1.000000001206856,0.0,0.0,1.1056464919110691,1.0129871236300758,501739741151.9475,0.0,501739741757.4751,1.000000001206856,0.0,0.6279146424633287,6.740829632219068e-07,0.0,6.740829632219068e-07,False,True,1.9717560917338893e-13,7,2,0,0.9482787109235218,0.9482787109235226,0.2009473101587601,0.20094731866450782,-8.505747717268974e-09,0.013579197076302632,0.0,0.0
NGC3992,core_plummer,plummer,1.0,20.0,4.96,4.96,99.2,0.9307497041717511,7123.214659295776,6941.7374242416845,1.1056464919110691,1.0129871236300758,501739741151.9475,8851259268.50664,475845374916.89276,0.948390840686441,0.982825085077662,0.6279146424633287,6.274025178488227e-07,7.723724534192013e-08,7.046397631907427e-07,False,True,2.0162623166089405e-08,7,2,0,0.8023710363879116,0.9482787109235226,0.5702727720229047,0.20094731866450782,0.3693254533583969,0.022961034223328614,0.028811947003513024,0.04063243441882444
NGC3992,fixed_core_envelope,envelope,1.0,20.0,4.96,4.96,99.2,1.0,290.90139211903283,283.4901343035387,1.1056464919110691,1.0129871236300758,501739741151.9475,10788183071.185505,512527924223.133,1.021501551873122,0.24204321810338053,0.6279146424633287,6.740829624083858e-07,9.449297925168955e-09,6.835322603335547e-07,False,True,2.4247270857807537e-13,7,2,0,0.9443026258317555,0.9482787109235226,0.1454340246161992,0.20094731866450782,-0.055513294048308626,0.011577383188318366,0.008220105924809524,0.009260256118070319
NGC3992,envelope_a0.5_q10,envelope,0.5,10.0,4.96,2.48,24.8,0.9107109374330338,2662.6366427345656,2594.80098720696,1.1056464919110691,1.0129871236300758,501739741151.9475,23386935897.998867,480326805909.89667,0.9573226246880728,0.6541779085739255,0.6279146424633287,6.138947266025774e-07,6.647806002994467e-08,6.803727866325221e-07,False,True,1.9146833313758872e-06,7,2,0,0.8789597093490017,0.9482787109235226,0.5526454494296882,0.20094731866450782,0.35169813076518036,0.022635734063886095,0.050623040110675414,0.06426513231902475
NGC3992,envelope_a0.5_q20,envelope,0.5,20.0,4.96,2.48,49.6,0.892481014372963,2534.838423802027,2470.258667264697,1.1056464919110691,1.0129871236300758,501739741151.9475,47002698702.55872,494795891837.0767,0.9861604558193291,0.4504103899486445,0.6279146424633287,6.016062460617681e-07,8.233870344927751e-08,6.839449495110456e-07,False,True,4.733590938961937e-07,7,2,0,0.882011706482384,0.9482787109235226,0.5490177960130705,0.20094731866450782,0.3480704773485627,0.022557211682734134,0.07002068947410338,0.08319310495629148
NGC3992,envelope_a0.5_q50,envelope,0.5,50.0,4.96,2.48,124.0,0.8781141780535647,2606.117596790443,2539.721869817068,1.1056464919110691,1.0129871236300758,501739741151.9475,124626098716.8334,565210879115.2842,1.1265021140593983,0.21114563875222694,0.6279146424633287,5.919218064751516e-07,1.1054679424576374e-07,7.024686007209154e-07,False,True,3.3542457462708543e-07,7,2,0,0.8801243297722163,0.9482787109235226,0.5334566921711293,0.20094731866450782,0.3325093735066215,0.022207046408349727,0.08685608386638244,0.09805946106628774
NGC3992,envelope_a1_q10,envelope,1.0,10.0,4.96,4.96,49.6,0.8973339250730603,2865.2957345751097,2792.296959107296,1.1056464919110691,1.0129871236300758,501739741151.9475,50333933363.507645,500562024656.526,0.9976527342786968,0.4255680249044322,0.6279146424633287,6.04877510482793e-07,7.153785041093839e-08,6.764153608937314e-07,False,True,1.2939137152840935e-07,7,2,0,0.9092023243686252,0.9482787109235226,0.4883242019038684,0.20094731866450782,0.28737688323936056,0.02127117728340032,0.07043317654426949,0.08221780335836498
NGC3992,envelope_a1_q20,envelope,1.0,20.0,4.96,4.96,99.2,0.8823465383241318,2968.1609791801784,2892.5415189419386,1.1056464919110691,1.0129871236300758,501739741151.9475,110075320695.07048,552783644440.1373,1.1017338255307378,0.24204321810338053,0.6279146424633287,5.947747684243151e-07,9.64142425645672e-08,6.911890109888823e-07,False,True,3.1033963271535474e-07,7,2,0,0.9077737458742238,0.9482787109235226,0.47688647941534806,0.20094731866450782,0.27593916075084024,0.02099548048999468,0.08746128952937367,0.09754224766589366
NGC3992,envelope_a1_q50,envelope,1.0,50.0,4.96,4.96,248.0,0.8758136587614896,3032.8342967130725,2955.567162579125,1.1056464919110691,1.0129871236300758,501739741151.9475,290063891912.9741,729494410357.304,1.4539298973656203,0.10017596363878559,0.6279146424633287,5.90371065615672e-07,1.2864734476799382e-07,7.190184103836659e-07,False,True,1.5207542000215826e-06,7,2,0,0.9068731739587605,0.9482787109235226,0.4688348189372151,0.20094731866450782,0.2678875002727073,0.020799194678097863,0.0952757951858596,0.10423468710982164
NGC3992,envelope_a2_q10,envelope,2.0,10.0,4.96,9.92,99.2,0.8905843790227242,3733.0741867167003,3637.9671298525564,1.1056464919110691,1.0129871236300758,501739741151.9475,131155960683.47362,577997536488.3032,1.1519867554467083,0.21115510755309091,0.6279146424633287,6.003277564862706e-07,9.32036786010419e-08,6.935314350873125e-07,False,True,9.200348842505902e-09,7,2,0,0.9348927045061263,0.9482787109235226,0.36782292897804064,0.20094731866450782,0.16687561031353282,0.018415656180752832,0.08983688219800288,0.09635045357233783
NGC3992,envelope_a2_q20,envelope,2.0,20.0,4.96,9.92,198.4,0.8809491626830207,3906.9537168773218,3807.4167533101872,1.1056464919110691,1.0129871236300758,501739741151.9475,289781576095.54816,731788780948.1519,1.4585027274659035,0.10722061415958978,0.6279146424633287,5.938328213125576e-07,1.269088792655681e-07,7.207417005781257e-07,False,True,1.5549073725171648e-06,7,2,0,0.9342468686091147,0.9482787109235226,0.3616299847029933,0.20094731866450782,0.16068266603848547,0.018238940395300815,0.10067794572649534,0.10602602236102845
NGC3992,envelope_a2_q50,envelope,2.0,50.0,4.96,9.92,496.0,0.8777264756638474,3967.7753053031433,3866.688797853499,1.1056464919110691,1.0129871236300758,501739741151.9475,758965531707.2554,1199355786409.0454,2.3903942383663623,0.0424506221330824,0.6279146424633287,5.916604628997582e-07,1.6830585113617136e-07,7.599663140359296e-07,False,True,6.604972718257095e-07,7,2,0,0.9340199506872728,0.9482787109235226,0.3592098272054534,0.20094731866450782,0.1582625085409456,0.01816961289791074,0.1043529437006229,0.10926573837029363
NGC4010,core_refit,none,1.0,20.0,2.81,2.81,56.2,0.999999999999,0.0,0.0,0.9929468416259504,0.999999932647466,154069003615.71747,0.0,154069003615.56342,0.9999999999990001,0.0,0.2678848345183756,6.370049467692959e-07,0.0,6.370049467692959e-07,False,True,1.0450796710696024e-06,9,3,0,0.6405101870419371,0.6405101870419366,22.951239114247954,22.951239114357673,-1.0971845654239587e-10,-0.1589571478188695,0.0,0.0
NGC4010,core_plummer,plummer,1.0,20.0,2.81,2.81,56.2,0.9794668141756188,420.2361205540053,420.2361771619462,0.9929468416259504,0.999999932647466,154069003615.71747,272624364.94814724,151178100499.64682,0.9812363093923733,0.9009257517090116,0.2678848345183756,6.239252058268558e-07,4.675758060749979e-09,6.286009638876058e-07,False,True,3.28189154744412e-07,9,3,0,0.6326277018552572,0.6405101870419366,21.445868281887485,22.951239114357673,-1.505370832470188,-0.1532593992532403,0.00603906709554215,0.01109938083066152
NGC4010,fixed_core_envelope,envelope,1.0,20.0,2.81,2.81,56.2,1.0,4.891258442914652,4.89125910179202,0.9929468416259504,0.999999932647466,154069003615.71747,94703357.64338832,154163706973.36087,1.0006146814441639,0.0795827945251307,0.2678848345183756,6.370049467699329e-07,1.630355306563844e-10,6.371679823005894e-07,False,True,3.819167204710393e-14,9,3,0,0.6405078130249502,0.6405101870419366,22.972128853523547,22.951239114357673,0.020889739165873777,-0.15904084863308834,0.00018257523211338928,0.00023737713472479804
NGC4010,envelope_a0.5_q10,envelope,0.5,10.0,2.81,1.405,14.05,0.9593871452150048,476.3589052691572,476.3589694371224,0.9929468416259504,0.999999932647466,154069003615.71747,2184429171.957426,149996250716.96085,0.9735653973013613,0.35132869977964387,0.2678848345183756,6.11134357369442e-07,1.2204180714502643e-08,6.233385380839447e-07,False,True,6.915144011467951e-10,9,3,0,0.6280946104780853,0.6405101870419366,20.72176865311269,22.951239114357673,-2.2294704612449827,-0.150540357001573,0.019013296464234372,0.027998351034880055
NGC4010,envelope_a0.5_q20,envelope,0.5,20.0,2.81,1.405,28.1,0.9567266934919233,476.87673477235506,476.87679901007454,0.9929468416259504,0.999999932647466,154069003615.71747,4616585740.871841,152018514139.73236,0.986691096665365,0.19084722367497092,0.2678848345183756,6.094396364611965e-07,1.5895265486107817e-08,6.253349019473043e-07,False,True,1.6719939523991675e-07,9,3,0,0.6280837873435714,0.6405101870419366,20.729693468731114,22.951239114357673,-2.221545645626559,-0.15056700532982872,0.0218258733261647,0.030702827157406222
NGC4010,envelope_a0.5_q50,envelope,0.5,50.0,2.81,1.405,70.25,0.9557896917287667,478.097018629262,478.0970830313599,0.9929468416259504,0.999999932647466,154069003615.71747,11936397835.378422,159193963306.20325,1.0332640542238372,0.07743511523839494,0.2678848345183756,6.088427617029336e-07,2.0810192051137633e-08,6.296529537540713e-07,False,True,5.690986680581067e-07,9,3,0,0.6280534939743844,0.6405101870419366,20.739190855877553,22.951239114357673,-2.21204825848012,-0.150598890047765,0.02289428286431622,0.031660352299822135
NGC4010,envelope_a1_q10,envelope,1.0,10.0,2.81,2.81,28.1,0.9959982149293553,67.0503063027582,67.05031533477518,0.9929468416259504,0.999999932647466,154069003615.71747,614942403.5378023,154067394980.7368,0.9999895589966643,0.1597237069899699,0.2678848345183756,6.344557898840221e-07,1.7178099244712468e-09,6.361735998084935e-07,False,True,8.509319312660973e-08,9,3,0,0.6404774983162828,0.6405101870419366,22.785494159170298,22.951239114357673,-0.16574495518737464,-0.15835209556988733,0.0023836660514626505,0.0031492569073015247
NGC4010,envelope_a1_q20,envelope,1.0,20.0,2.81,2.81,56.2,0.9958843440182543,67.22558415457016,67.22559321019796,0.9929468416259504,0.999999932647466,154069003615.71747,1301605427.9851606,154736514027.37003,1.0043325418869942,0.0795827945251307,0.2678848345183756,6.343832535503576e-07,2.2407646036782962e-09,6.36624018154036e-07,False,True,7.151173311156136e-08,9,3,0,0.6404775639564027,0.6405101870419366,22.78697509676103,22.951239114357673,-0.16426401759664344,-0.15835699690009036,0.0025138138762974315,0.0032660760731414453
NGC4010,envelope_a1_q50,envelope,1.0,50.0,2.81,2.81,140.5,0.9958518245645608,67.26808361366626,67.26809267501895,0.9929468416259504,0.999999932647466,154069003615.71747,3358894016.6926894,156788792376.24884,1.0176530560768415,0.03131798975757521,0.2678848345183756,6.343625384974886e-07,2.927986756591543e-09,6.372905252540802e-07,False,True,4.8505027350394226e-08,9,3,0,0.6404776070239844,0.6405101870419366,22.787571969160947,22.951239114357673,-0.16366714519672598,-0.1583589856634231,0.0025528303557178916,0.003299912538984334
NGC4010,envelope_a2_q10,envelope,2.0,10.0,2.81,5.62,56.2,1.0000000024821896,9.830852270242769e-14,9.830853594508526e-14,0.9929468416259504,0.999999932647466,154069003615.71747,1.8032454308533004e-06,154069003998.14594,1.0000000024821896,0.054021314544700015,0.2678848345183756,6.370049483510999e-07,2.5186366069052578e-24,6.370049483511e-07,False,True,4.373972531136765e-08,9,3,0,0.6405101870419371,0.6405101870419366,22.951239386699665,22.951239114357673,2.7234199251324753e-07,-0.15895714887498844,2.3602422777749063e-18,2.701668007925967e-18
NGC4010,envelope_a2_q20,envelope,2.0,20.0,2.81,5.62,112.4,0.999999999999,0.0,0.0,0.9929468416259504,0.999999932647466,154069003615.71747,0.0,154069003615.56342,0.9999999999990001,0.02611692592423908,0.2678848345183756,6.370049467692959e-07,0.0,6.370049467692959e-07,False,True,8.790333933284746e-07,9,3,0,0.6405101870419371,0.6405101870419366,22.951239114247954,22.951239114357673,-1.0971845654239587e-10,-0.1589571478188695,0.0,0.0
NGC4010,envelope_a2_q50,envelope,2.0,50.0,2.81,5.62,281.0,0.999999999999,0.0,0.0,0.9929468416259504,0.999999932647466,154069003615.71747,0.0,154069003615.56342,0.9999999999990001,0.010185423239314482,0.2678848345183756,6.370049467692959e-07,0.0,6.370049467692959e-07,False,True,8.795315343587056e-07,9,3,0,0.6405101870419371,0.6405101870419366,22.951239114247954,22.951239114357673,-1.0971845654239587e-10,-0.1589571478188695,0.0,0.0
NGC4013,core_refit,none,1.0,20.0,3.53,3.53,70.6,0.999999999999,0.0,0.0,1.0995517033929862,1.0000010478556551,261441585702.1892,0.0,261441585701.92776,0.999999999999,0.0,0.6567596368212562,5.420468353705685e-07,0.0,5.420468353705685e-07,False,True,4.690161339103027e-06,28,8,0,0.8085611819218339,0.8085611819218358,0.788594284300332,0.7885942842843834,1.59485757933453e-11,0.020696981580748286,0.0,0.0
NGC4013,core_plummer,plummer,1.0,20.0,3.53,3.53,70.6,0.9948164064162854,374.097246046235,374.0964620476376,1.0995517033929862,1.0000010478556551,261441585702.1892,337608111.986429,260423986888.0136,0.9961077392816353,0.9808727972200582,0.6567596368212562,5.39237084873208e-07,4.1623844946676435e-09,5.433994693678756e-07,False,True,1.383121002728252e-06,28,8,0,0.8070350960631307,0.8085611819218358,0.8362831676951724,0.7885942842843834,0.04768888341078903,0.02171377591360532,0.0019349082108822912,0.0026281578393275618
NGC4013,fixed_core_envelope,envelope,1.0,20.0,3.53,3.53,70.6,1.0,45.545352680952924,45.5452572311922,1.0995517033929862,1.0000010478556551,261441585702.1892,1226721309.4380784,262668307011.6273,1.0046921430121505,0.2285085577966285,0.6567596368212562,5.420468353711105e-07,1.5181152801429912e-09,5.435649506512534e-07,False,True,2.9054157564960476e-07,28,8,0,0.8082857876352475,0.8085611819218358,0.7618349973133499,0.7885942842843834,-0.02675928697103347,0.020128035321577448,0.0016298919892433652,0.0017795220059384552
NGC4013,envelope_a0.5_q10,envelope,0.5,10.0,3.53,1.765,17.65,0.98867768195899,254.90615945763204,254.90562524875028,1.0995517033929862,1.0000010478556551,261441585702.1892,1626076908.865055,260107537828.5881,0.9948973386539939,0.6380058328989445,0.6567596368212562,5.359096087079158e-07,6.5306092994427485e-09,5.424402180073585e-07,False,True,5.755286760115449e-08,28,8,0,0.8064164718103835,0.8085611819218358,0.8646691356000221,0.7885942842843834,0.07607485131563874,0.02231108568266979,0.0060741270846400765,0.007474501719925191
NGC4013,envelope_a0.5_q20,envelope,0.5,20.0,3.53,1.765,35.3,0.9861070684048304,253.2348940972932,253.23436339089562,1.0995517033929862,1.0000010478556551,261441585702.1892,3410322048.207104,261219717684.10312,0.9991513667671109,0.4322950143474599,0.6567596368212562,5.345162157659215e-07,8.440812060178992e-09,5.429570278261004e-07,False,True,8.183679663641956e-06,28,8,0,0.8063762054858115,0.8085611819218358,0.865598895492262,0.7885942842843834,0.0770046112078786,0.022327393072351865,0.008631879598309689,0.009995291795254213
NGC4013,envelope_a0.5_q50,envelope,0.5,50.0,3.53,1.765,88.25,0.9843976099015721,261.3883635754535,261.38781578176463,1.0995517033929862,1.0000010478556551,261441585702.1892,9078217287.169075,266440689381.28116,1.019121302625461,0.19984150067870435,0.6567596368212562,5.33589609194032e-07,1.1377460434932437e-08,5.449670696289645e-07,False,True,5.354762461313748e-06,28,8,0,0.8062896691061535,0.8085611819218358,0.8634280994425495,0.7885942842843834,0.07483381515816612,0.022273153137140317,0.010619351442254874,0.01174412344770285
NGC4013,envelope_a1_q10,envelope,1.0,10.0,3.53,3.53,35.3,0.9812795683879887,410.7092651664717,410.7084044397723,1.0995517033929862,1.0000010478556551,261441585702.1892,5239927146.249575,261787213522.76517,1.0013220078192522,0.4067625998986517,0.6567596368212562,5.318994846590384e-07,1.0522231993806582e-08,5.424217166528449e-07,False,True,9.712715128712478e-07,28,8,0,0.8060992221978129,0.8085611819218358,0.8800652889572835,0.7885942842843834,0.09147100467290015,0.02262510960724081,0.01249202928732981,0.014193801922872527
NGC4013,envelope_a1_q20,envelope,1.0,20.0,3.53,3.53,70.6,0.9786841778133607,427.87744803916587,427.876551332968,1.0995517033929862,1.0000010478556551,261441585702.1892,11524477305.390072,267393220654.5584,1.0227646835004618,0.2285085577966285,0.6567596368212562,5.304926614115094e-07,1.4261988406305515e-08,5.447546498178147e-07,False,True,8.437931015001509e-07,28,8,0,0.8059749165687318,0.8085611819218358,0.8775832207985182,0.7885942842843834,0.08898893651413486,0.022562148341677114,0.01542932449145878,0.016824443992553128
NGC4013,envelope_a1_q50,envelope,1.0,50.0,3.53,3.53,176.5,0.9775810147635068,437.5862231162271,437.5853060632715,1.0995517033929862,1.0000010478556551,261441585702.1892,30395406750.186386,285975737402.31287,1.0938418103387377,0.0940443404862034,0.6567596368212562,5.298946953714376e-07,1.9046830823971404e-08,5.48941526195409e-07,False,True,5.043069946560225e-09,28,8,0,0.80590237925022,0.8085611819218358,0.8760324491738856,0.7885942842843834,0.08743816488950218,0.022522557289560582,0.016744535769711893,0.017948039792496307
NGC4013,envelope_a2_q10,envelope,2.0,10.0,3.53,7.06,70.6,0.9575403575792285,1186.3669772635956,1186.364490984811,1.0995517033929862,1.0000010478556551,261441585702.1892,30271907925.22228,280612777384.577,1.073328776793092,0.19747346884961564,0.6567596368212562,5.190317205659423e-07,3.0394319347772246e-08,5.494260399137146e-07,False,True,5.903808178408692e-07,28,8,0,0.8051417830725823,0.8085611819218358,0.9063042530130251,0.7885942842843834,0.1177099687286417,0.023122331583387314,0.03508327851350179,0.036695337898636694
NGC4013,envelope_a2_q20,envelope,2.0,20.0,3.53,7.06,141.2,0.9538503878607886,1245.6821185172128,1245.6795079312112,1.0995517033929862,1.0000010478556551,261441585702.1892,67102556446.33919,316478714371.31195,1.2105140562137506,0.09974044162587525,0.6567596368212562,5.170315841574467e-07,4.1521010311832044e-08,5.585525944692786e-07,False,True,4.785617433171895e-07,28,8,0,0.8049365010719776,0.8085611819218358,0.9031476962440586,0.7885942842843834,0.11455341195967517,0.023039099083860776,0.03926039488941663,0.04040648332558624
NGC4013,envelope_a2_q50,envelope,2.0,50.0,3.53,7.06,353.0,0.9526263763533682,1266.0656280577994,1266.0629747539135,1.0995517033929862,1.0000010478556551,261441585702.1892,175885700711.49454,424941851127.0496,1.625379719089928,0.039420550454294,0.6567596368212562,5.163681125933917e-07,5.5108082832070685e-08,5.714761954254623e-07,False,True,1.1720635887011339e-06,28,8,0,0.8048647230798271,0.8085611819218358,0.9019469793850905,0.7885942842843834,0.11335269510070711,0.023007572999061962,0.040664910646601306,0.04163994868775087
NGC4088,core_refit,none,1.0,20.0,2.58,2.58,51.6,0.999999999999,0.0,0.0,0.9594109471327013,0.9992691784077536,114657390632.3688,0.0,114657390632.25415,0.999999999999,0.0,0.5740251334726654,3.5741929164722624e-07,0.0,3.5741929164722624e-07,False,True,1.2234060281709745e-08,9,3,0,0.4277506485252062,0.42775064852520694,1.0970855305740617,1.097085530566108,7.953637748414621e-12,0.03583050612971628,0.0,0.0
NGC4088,core_plummer,plummer,1.0,20.0,2.58,2.58,51.6,0.9751188307300618,919.0560878622811,920.4008939696515,0.9594109471327013,0.9992691784077536,114657390632.3688,529712618.49848074,112334293306.49388,0.9797387912539928,0.9787435444037152,0.5740251334726654,3.485262817517587e-07,1.0240841062671335e-08,3.5876712281443003e-07,False,True,3.9604801189576975e-06,9,3,0,0.42126074238418076,0.42775064852520694,1.2379589654865608,1.097085530566108,0.1408734349204528,0.03938637008936883,0.008013541079685991,0.013876658427992699
NGC4088,fixed_core_envelope,envelope,1.0,20.0,2.58,2.58,51.6,1.0,59.17774224934757,59.26433390599218,0.9594109471327013,0.9992691784077536,114657390632.3688,1017958732.5010949,115675349364.8699,1.0088782652987893,0.21571221107058536,0.5740251334726654,3.5741929164758364e-07,1.975399774634844e-09,3.5939469142221846e-07,False,True,1.9761969838327395e-14,9,3,0,0.4275302111672118,0.42775064852520694,1.0707089667769931,1.097085530566108,-0.026376563789114904,0.03501900089305216,0.0033252583509768368,0.004114563300474025
NGC4088,envelope_a0.5_q10,envelope,0.5,10.0,2.58,1.29,12.9,0.9655668467079446,418.36035510877946,418.9725196633287,0.9594109471327013,0.9992691784077536,114657390632.3688,1704438031.5131898,112413813156.17055,0.9804323344197502,0.6216838932116383,0.5740251334726654,3.451122183887445e-07,1.0733956265006782e-08,3.5584617465375124e-07,False,True,4.831546102505041e-07,9,3,0,0.4246466473962725,0.42775064852520694,1.2484914239928973,1.097085530566108,0.15140589342678923,0.03956169934202567,0.01640037871945757,0.024099671354280965
NGC4088,envelope_a0.5_q20,envelope,0.5,20.0,2.58,1.29,25.8,0.9595977655634268,406.78316246455284,407.37838672614305,0.9594109471327013,0.9992691784077536,114657390632.3688,3498684274.912233,113523660131.06631,0.9901120155007048,0.4146337983269089,0.5740251334726654,3.4297875363428405e-07,1.3578743238832945e-08,3.5655749687311694e-07,False,True,1.843391468875454e-06,9,3,0,0.4247247523894932,0.42775064852520694,1.248799749468469,1.097085530566108,0.15171421890236103,0.039570322404263114,0.02245353238041649,0.03013624782554425
NGC4088,envelope_a0.5_q50,envelope,0.5,50.0,2.58,1.29,64.5,0.9559993619032939,412.548321323249,413.1519814365196,0.9594109471327013,0.9992691784077536,114657390632.3688,9150800517.509315,118763192799.5506,1.0358093110660997,0.1892028822105146,0.5740251334726654,3.4169261474701725e-07,1.7983318420367918e-08,3.596759331673852e-07,False,True,6.273112895238378e-07,9,3,0,0.42468065788761744,0.42775064852520694,1.24353675596688,1.097085530566108,0.14645122540077193,0.03947422755022401,0.026779803403377104,0.033807733597603626
NGC4088,envelope_a1_q10,envelope,1.0,10.0,2.58,2.58,25.8,0.95510578676638,552.2441100575642,553.0521796212969,0.9594109471327013,0.9992691784077536,114657390632.3688,4499785184.552327,114009722473.0611,0.9943512742114954,0.3884476196410671,0.5740251334726654,3.413732337545476e-07,1.4169038850309294e-08,3.5554227260485686e-07,False,True,9.367999935035482e-07,9,3,0,0.4256963383682025,0.42775064852520694,1.2482642689068846,1.097085530566108,0.15117873834077655,0.03953385197110935,0.02705382173162814,0.03514161340403912
NGC4088,envelope_a1_q20,envelope,1.0,20.0,2.58,2.58,51.6,0.9504996628500555,564.1039078926862,564.9293312705892,0.9594109471327013,0.9992691784077536,114657390632.3688,9703555378.266972,118685366517.60063,1.0351305385812146,0.21571221107058536,0.5740251334726654,3.397269162071339e-07,1.8830233972539446e-08,3.585571501796733e-07,False,True,7.942358983621636e-08,9,3,0,0.4256508323502516,0.42775064852520694,1.2432872497043792,1.097085530566108,0.14620171913827118,0.03944689765523548,0.03237629792609725,0.03978607664460525
NGC4088,envelope_a1_q50,envelope,1.0,50.0,2.58,2.58,129.0,0.9487194420672002,570.7957525350218,571.6309677348424,0.9594109471327013,0.9992691784077536,114657390632.3688,25321824366.83324,134099520036.45518,1.1695671713516014,0.08832948629692257,0.5740251334726654,3.3909063095594943e-07,2.4881453251116058e-08,3.639720842070655e-07,False,True,3.657834931456714e-07,9,3,0,0.4256250147565376,0.42775064852520694,1.2401860005436232,1.097085530566108,0.14310046997751513,0.039392697477050063,0.03458163250522378,0.04158151075095046
NGC4088,envelope_a2_q10,envelope,2.0,10.0,2.58,5.16,51.6,0.9599012329470983,655.0064602741234,655.9648965434403,0.9594109471327013,0.9992691784077536,114657390632.3688,10674222909.938637,120733993544.44653,1.0529979173480533,0.18458918176897737,0.5740251334726654,3.4308721873159406e-07,1.680563325856064e-08,3.598928519901547e-07,False,True,4.710944369081388e-07,9,3,0,0.4272838191051171,0.42775064852520694,1.1791730853038904,1.097085530566108,0.0820875547377824,0.037898209882048096,0.03024442187850203,0.034745499982199515
NGC4088,envelope_a2_q20,envelope,2.0,20.0,2.58,5.16,103.2,0.9574670356422395,674.2938173602622,675.2804757978962,0.9594109471327013,0.9992691784077536,114657390632.3688,23198021876.576233,132978693799.82466,1.1597917331487186,0.09278407626621595,0.5740251334726654,3.4221718965516095e-07,2.250846017813084e-08,3.647256498332918e-07,False,True,2.679180316874051e-08,9,3,0,0.4272691106678225,0.42775064852520694,1.1767483491415363,1.097085530566108,0.07966281857542823,0.037858661064436167,0.033027943519714,0.037152813688484
NGC4088,envelope_a2_q50,envelope,2.0,50.0,2.58,5.16,258.0,0.9566891702570757,680.7779095370252,681.7740558033947,0.9594109471327013,0.9992691784077536,114657390632.3688,60401776227.50878,170093260135.4311,1.483491462672553,0.03661437117812929,0.5740251334726654,3.419391655601985e-07,2.967566534142825e-08,3.7161483090162674e-07,False,True,9.836796009344425e-08,9,3,0,0.42726412964232535,0.42775064852520694,1.1758638172251488,1.097085530566108,0.07877828665904074,0.03784411437214852,0.03393167607862393,0.037921945290094024
NGC4100,core_refit,none,1.0,20.0,2.15,2.15,43.0,1.0000000008108514,0.0,0.0,1.1101377089221034,1.0014090399926887,90338553860.53491,0.0,90338553933.78606,1.0000000008108514,0.0,0.937699928669582,3.921030003311341e-07,0.0,3.921030003311341e-07,False,True,1.1191048088220326e-13,19,5,0,1.4794320838436374,1.4794320838436368,0.5461120415839399,0.5461120358546041,5.729335783577483e-09,-0.02293490498028982,0.0,0.0
NGC4100,core_plummer,plummer,1.0,20.0,2.15,2.15,43.0,0.9067927433499213,6660.118675418837,6641.389522756736,1.1101377089221034,1.0014090399926887,90338553860.53491,3685642258.3624153,85603987343.82149,0.9475908533578845,0.9867626002961783,0.937699928669582,3.55556155057701e-07,7.389542424769197e-08,4.2945157930539295e-07,False,True,4.811830292171031e-07,19,5,0,1.1868252518975317,1.4794320838436368,0.2996985827329179,0.5461120358546041,-0.24641345312168622,-0.008879846719449065,0.045205444135856046,0.05046401967177998
NGC4100,fixed_core_envelope,envelope,1.0,20.0,2.15,2.15,43.0,1.0,265.3685008884717,264.6222488459673,1.1101377089221034,1.0014090399926887,90338553860.53491,4382824290.448358,94721378150.98328,1.0485155462773357,0.276750781219335,0.937699928669582,3.9210300001319683e-07,8.820393249722093e-09,4.0092339326291897e-07,False,True,6.453504397124632e-11,19,5,0,1.4713021303183509,1.4794320838436368,0.6488453696246671,0.5461120358546041,0.102733333770063,-0.02686407298528625,0.0141166430550456,0.012794390781246692
NGC4100,envelope_a0.5_q10,envelope,0.5,10.0,2.15,1.075,10.75,0.842193494427485,3384.92112788932,3375.402272799336,1.1101377089221034,1.0014090399926887,90338553860.53491,13240736879.794037,89323279237.1235,0.9887614470231747,0.6912113843139348,0.937699928669582,3.3022659575661445e-07,8.647684197079761e-08,4.1670343772741204e-07,False,True,7.08591930329213e-08,19,5,0,1.287645203823055,1.4794320838436368,0.29619687427318764,0.5461120358546041,-0.24991516158141647,-0.008723512080809279,0.11369870591946353,0.1166366867756138
NGC4100,envelope_a0.5_q20,envelope,0.5,20.0,2.15,1.075,21.5,0.7913050255709008,3576.3197539046773,3566.262660044386,1.1101377089221034,1.0014090399926887,90338553860.53491,29533235925.410934,101018587598.05971,1.118222323483423,0.4943376982459032,0.937699928669582,3.102730744518696e-07,1.188707269723999e-07,4.2914380142426955e-07,False,True,2.563382769844746e-06,19,5,0,1.275607687399248,1.4794320838436368,0.32437495142014294,0.5461120358546041,-0.22173708443446116,-0.01155698640294903,0.1788457315865347,0.17395484791789667
NGC4100,envelope_a0.5_q50,envelope,0.5,50.0,2.15,1.075,53.75,0.7502712426335346,3899.929555602941,3888.9624273011723,1.1101377089221034,1.0014090399926887,90338553860.53491,83056559044.57967,150834978107.2397,1.6696634123687595,0.24040721899640916,0.937699928669582,2.94183605060238e-07,1.6927535821524207e-07,4.634589632754801e-07,False,True,1.096918582008986e-06,19,5,0,1.2562190918433087,1.4794320838436368,0.3854118498616767,0.5461120358546041,-0.1607001859929274,-0.01620598022734812,0.23906402974886623,0.22282894958510296
NGC4100,envelope_a1_q10,envelope,1.0,10.0,2.15,2.15,21.5,0.7494514978787129,5121.522828075223,5107.120414607204,1.1101377089221034,1.0014090399926887,90338553860.53491,40067542863.36209,107771907370.33676,1.1929780006963089,0.47123828843668275,0.937699928669582,2.938621806826273e-07,1.3084296606032326e-07,4.247051467429506e-07,False,True,5.951154023420499e-08,19,5,0,1.3253328301083698,1.4794320838436368,0.3479949841538514,0.5461120358546041,-0.19811705170075272,-0.013472803605296308,0.22923247328042565,0.22069067668836878
NGC4100,envelope_a1_q20,envelope,1.0,20.0,2.15,2.15,43.0,0.686064999274504,5825.593979100227,5809.211622523808,1.1101377089221034,1.0014090399926887,90338553860.53491,96215469102.04283,158193588990.83044,1.751119341970544,0.276750781219335,0.937699928669582,2.6900814441958475e-07,1.9363273951821746e-07,4.626408839378022e-07,False,True,6.221515180326825e-07,19,5,0,1.3028246357308586,1.4794320838436368,0.43599615736381764,0.5461120358546041,-0.11011587849078647,-0.019244772980977105,0.3142113008191047,0.2931380428221019
NGC4100,envelope_a1_q50,envelope,1.0,50.0,2.15,2.15,107.5,0.6578426149320025,6154.5350912186195,6137.2277078362295,1.1101377089221034,1.0014090399926887,90338553860.53491,262145507967.62158,321574058468.41144,3.559654706946704,0.1163504669088764,0.937699928669582,2.579420628513644e-07,2.671358847283697e-07,5.250779475797342e-07,False,True,8.685216944597695e-06,19,5,0,1.2920785627466183,1.4794320838436368,0.5038697045126901,0.5461120358546041,-0.04224233134191402,-0.022780176519211083,0.35372664812623245,0.32597237459737993
NGC4100,envelope_a2_q10,envelope,2.0,10.0,2.15,4.3,43.0,0.35256522844589494,16449.512914631574,16403.254664049284,1.1101377089221034,1.0014090399926887,90338553860.53491,257381089927.16513,289231322806.4764,3.2016377332428085,0.2464474104905308,0.937699928669582,1.382418837739735e-07,4.202466985404163e-07,5.584885823143898e-07,False,True,2.1091069328018918e-07,19,5,0,1.3418288161008396,1.4794320838436368,1.0097622515766738,0.5461120358546041,0.46365021572206966,-0.04027277995684092,0.6798824767748743,0.6498373687511719
NGC4100,envelope_a2_q20,envelope,2.0,20.0,2.15,4.3,86.0,0.25472381457037174,18235.322909995564,18184.042720667327,1.1101377089221034,1.0014090399926887,90338553860.53491,602348929330.4442,625360310372.5707,6.9224078053984,0.12699980809777286,0.937699928669582,9.987797186784802e-08,6.06110817837517e-07,7.05988789705365e-07,False,True,3.4325626579328523e-09,19,5,0,1.3245638425852915,1.4794320838436368,1.4796055680582105,0.5461120358546041,0.9334935322036064,-0.051624224781820535,0.779989220326047,0.7517531702238736
NGC4100,envelope_a2_q50,envelope,2.0,50.0,2.15,4.3,215.0,0.22674178831401984,18714.525198021693,18661.897427179392,1.1101377089221034,1.0014090399926887,90338553860.53491,1594248352376.153,1614731877632.193,17.87422765395408,0.050530900332825264,0.937699928669582,8.89061354262844e-08,8.122987637487027e-07,9.012048991749871e-07,False,True,2.3528466790120138e-07,19,5,0,1.3196650866153543,1.4794320838436368,1.6710227466660588,0.5461120358546041,1.1249107108114547,-0.055601518824825114,0.8074758860924538,0.7804923495329716
NGC4157,core_refit,none,1.0,20.0,2.32,2.32,46.4,0.999999999999,0.0,0.0,0.9980380908258154,0.9999889973946606,204309762905.59766,0.0,204309762905.39334,0.999999999999,0.0,0.728025159433428,5.324950594335627e-07,0.0,5.324950594335627e-07,False,True,4.2062557907759317e-07,13,4,0,0.37938708559560824,0.3793870855956079,0.11509581177713035,0.11509581177381747,3.3128777499058515e-12,0.021512233813767677,0.0,0.0
NGC4157,core_plummer,plummer,1.0,20.0,2.32,2.32,46.4,0.999999999999,0.0,0.0,0.9980380908258154,0.9999889973946606,204309762905.59766,0.0,204309762905.39334,0.999999999999,0.9908616293197198,0.728025159433428,5.324950594335627e-07,0.0,5.324950594335627e-07,False,True,2.0536310228444103e-08,13,4,0,0.37938708559560824,0.3793870855956079,0.11509581177713035,0.11509581177381747,3.3128777499058515e-12,0.021512233813767677,0.0,0.0
NGC4157,fixed_core_envelope,envelope,1.0,20.0,2.32,2.32,46.4,1.0,28.068536334341452,28.06915399859079,0.9980380908258154,0.9999889973946606,204309762905.59766,451000282.6727236,204760763188.2704,1.0022074338311533,0.33061809238098094,0.728025159433428,5.324950594340951e-07,9.356015132298771e-10,5.33430660947325e-07,False,True,5.584825054226288e-07,13,4,0,0.3793325719244465,0.3793870855956079,0.11168768074208384,0.11509581177381747,-0.0034081310317336383,0.021187395086104933,0.001001458083101923,0.0011257470660751688
NGC4157,envelope_a0.5_q10,envelope,0.5,10.0,2.32,1.16,11.6,0.999999999999,0.0,0.0,0.9980380908258154,0.9999889973946606,204309762905.59766,0.0,204309762905.39334,0.999999999999,0.7386556878684044,0.728025159433428,5.324950594335627e-07,0.0,5.324950594335627e-07,False,True,6.07246805202147e-08,13,4,0,0.37938708559560824,0.3793870855956079,0.11509581177713035,0.11509581177381747,3.3128777499058515e-12,0.021512233813767677,0.0,0.0
NGC4157,envelope_a0.5_q20,envelope,0.5,20.0,2.32,1.16,23.2,0.999999999999,0.0,0.0,0.9980380908258154,0.9999889973946606,204309762905.59766,0.0,204309762905.39334,0.999999999999,0.5559391426252397,0.728025159433428,5.324950594335627e-07,0.0,5.324950594335627e-07,False,True,7.300586387124747e-08,13,4,0,0.37938708559560824,0.3793870855956079,0.11509581177713035,0.11509581177381747,3.3128777499058515e-12,0.021512233813767677,0.0,0.0
NGC4157,envelope_a0.5_q50,envelope,0.5,50.0,2.32,1.16,57.99999999999999,0.999999999999,0.0,0.0,0.9980380908258154,0.9999889973946606,204309762905.59766,0.0,204309762905.39334,0.999999999999,0.28673429282576074,0.728025159433428,5.324950594335627e-07,0.0,5.324950594335627e-07,False,True,8.069963885856795e-08,13,4,0,0.37938708559560824,0.3793870855956079,0.11509581177713035,0.11509581177381747,3.3128777499058515e-12,0.021512233813767677,0.0,0.0
NGC4157,envelope_a1_q10,envelope,1.0,10.0,2.32,2.32,23.2,0.989633843378258,228.0806493758293,228.08566842140428,0.9980380908258154,0.9999889973946606,204309762905.59766,1735938746.9498286,203927794650.91708,0.998130445411671,0.5354152012369906,0.728025159433428,5.269751322476975e-07,5.8434896672400565e-09,5.328186219149376e-07,False,True,9.900219134626714e-07,13,4,0,0.37894968234702464,0.3793870855956079,0.12778142354887012,0.11509581177381747,0.012685611775052646,0.022692634373726216,0.006274533856748889,0.007557488697179125
NGC4157,envelope_a1_q20,envelope,1.0,20.0,2.32,2.32,46.4,0.9876373897909887,237.20898098991648,237.214200909667,0.9980380908258154,0.9999889973946606,204309762905.59766,3811431996.476102,205595392941.37634,1.0062925531188283,0.33061809238098094,0.728025159433428,5.259120305760872e-07,7.90682773488089e-09,5.33818858310968e-07,False,True,4.894229113607165e-07,13,4,0,0.37892650211156115,0.3793870855956079,0.12735265176360777,0.11509581177381747,0.012256839989790297,0.022652250270289977,0.008504960599065506,0.00955159065957087
NGC4157,envelope_a1_q50,envelope,1.0,50.0,2.32,2.32,115.99999999999999,0.9865561227368799,246.07841243217055,246.08382752884972,0.9980380908258154,0.9999889973946606,204309762905.59766,10197014644.112589,211760062173.5502,1.036465703655067,0.1429599293860343,0.728025159433428,5.253362612118453e-07,1.0711321807454926e-08,5.360475830193002e-07,False,True,8.302509026040493e-07,13,4,0,0.3789048775932189,0.3793870855956079,0.12687238454983357,0.11509581177381747,0.011776572776016098,0.022607069403761997,0.009836418829417793,0.01063651827180842
NGC4157,envelope_a2_q10,envelope,2.0,10.0,2.32,4.64,46.4,0.9592593143917022,1002.3911849097358,1002.413243102988,0.9980380908258154,0.9999889973946606,204309762905.59766,15258547380.04061,211244590468.39545,1.0339427125956877,0.30165983707941807,0.728025159433428,5.108008456297189e-07,2.5681540926782797e-08,5.364823865565017e-07,False,True,2.3075561022835685e-07,13,4,0,0.3770765285777942,0.3793870855956079,0.14751294060923448,0.11509581177381747,0.032417128835417,0.024409503310472553,0.03125145299118465,0.03378452516604431
NGC4157,envelope_a2_q20,envelope,2.0,20.0,2.32,4.64,92.8,0.9545552789826004,1060.062443348248,1060.0857706306372,0.9980380908258154,0.9999889973946606,204309762905.59766,34065792095.889477,229090754825.11118,1.1212912763790133,0.15955316246051304,0.728025159433428,5.08295970014969e-07,3.533479673827285e-08,5.436307667532419e-07,False,True,7.78651229090741e-09,13,4,0,0.37692752327931134,0.3793870855956079,0.14569995890795648,0.11509581177381747,0.030604147134139004,0.024249854266313816,0.03686992555970584,0.03850676180049849
NGC4157,envelope_a2_q50,envelope,2.0,50.0,2.32,4.64,231.99999999999997,0.9528434602326876,1082.7303366546162,1082.7541627570056,0.9980380908258154,0.9999889973946606,204309762905.59766,89732512408.29852,284407733854.5882,1.3920418183148702,0.06407505147576652,0.728025159433428,5.073844349879938e-07,4.7129177045541724e-08,5.545136120335356e-07,False,True,4.549880526342932e-07,13,4,0,0.37686789418471783,0.3793870855956079,0.14488484251970138,0.11509581177381747,0.029789030745883904,0.02417779046640032,0.038986238271525246,0.04022962445475194
NGC4183,core_refit,none,1.0,20.0,2.79,2.79,55.8,0.9999999767201001,0.0,0.0,1.1163313105555883,1.0003161403976093,24316291295.176136,0.0,24316290729.09531,0.9999999767201002,0.0,0.999434017668504,1.9528121804738054e-07,0.0,1.9528121804738057e-07,False,True,8.596342837490579e-07,18,5,0,1.1917626394957397,1.1917626394957554,6.964781491066158,6.964780953985016,5.370811422267252e-07,0.16335803354913211,0.0,0.0
NGC4183,core_plummer,plummer,1.0,20.0,2.79,2.79,55.8,0.8316879465015523,3977.068988815633,3974.5555564318065,1.1163313105555883,1.0003161403976093,24316291295.176136,2878225339.3107386,23101791713.12935,0.9500540782595527,0.9741440523167069,0.999434017668504,1.6241303900910708e-07,4.422289462652071e-08,2.066359336356278e-07,False,True,2.3625704375135585e-06,18,5,0,0.8743396024899659,1.1917626394957554,8.270580789236964,6.964780953985016,1.3057998352519489,0.17637700533051362,0.12182025873831183,0.12079060723773481
NGC4183,fixed_core_envelope,envelope,1.0,20.0,2.79,2.79,55.8,1.0,287.44329624298115,287.26163751608385,1.1163313105555883,1.0003161403976093,24316291295.176136,6208509216.463935,30524800511.64007,1.255323031834858,0.19321115166511013,0.999434017668504,1.9528122259350786e-07,9.575009733689643e-09,2.048562323271975e-07,False,True,1.558880994417944e-07,18,5,0,1.1723977842662565,1.1917626394957554,6.0269265734192095,6.964780953985016,-0.9378543805658062,0.15286603451131997,0.047037462259362534,0.03497402610740887
NGC4183,envelope_a0.5_q10,envelope,0.5,10.0,2.79,1.395,13.95,0.18342950393150842,8364.210669811106,8358.924646857577,1.1163313105555883,1.0003161403976093,24316291295.176136,42787707807.01286,47248033056.74108,1.9430608263075932,0.5902382990316704,0.999434017668504,3.582033778746562e-08,2.1415326154077068e-07,2.499735993282363e-07,False,True,1.3513691317399893e-08,18,5,0,0.372458134045362,1.1917626394957554,4.059598035270346,6.964780953985016,-2.9051829187146696,0.1255333521155495,0.8499700773029759,0.828711225727686
NGC4183,envelope_a0.5_q20,envelope,0.5,20.0,2.79,1.395,27.9,0.0,9006.503967873085,9000.81202770268,1.1163313105555883,1.0003161403976093,24316291295.176136,97266075820.0313,97266075820.0313,4.000037449762207,0.3822736574540729,0.999434017668504,0.0,3.0001521790927814e-07,3.0001521790927814e-07,False,True,2.3029022350259182e-08,18,5,0,0.12818681885733524,1.1917626394957554,1.2803365672149598,6.964780953985016,-5.684444386770056,0.07303683636334099,1.0,1.0
NGC4183,envelope_a0.5_q50,envelope,0.5,50.0,2.79,1.395,69.75,7.652301927641459e-18,8601.503976775477,8596.067988939803,1.1163313105555883,1.0003161403976093,24316291295.176136,239564257977.10434,239564257977.10434,9.852006421087292,0.1705980605483934,0.999434017668504,1.494350876084481e-24,3.7416213585795943e-07,3.7416213585795943e-07,False,True,6.79025034205651e-07,18,5,0,0.09158983321385177,1.1917626394957554,0.569126945694294,6.964780953985016,-6.395654008290721,0.04992754212418228,1.0,1.0
NGC4183,envelope_a1_q10,envelope,1.0,10.0,2.79,2.79,27.9,0.1758331690833495,9869.795608266462,9863.558084106502,1.1163313105555883,1.0003161403976093,24316291295.176136,100979266848.37587,105254877407.16055,4.328574457735708,0.3549459884000308,0.999434017668504,3.433691623108748e-08,2.527015403712651e-07,2.8703845660235257e-07,False,True,5.749766492074743e-07,18,5,0,0.605708413912125,1.1917626394957554,0.5278348190575488,6.964780953985016,-6.436946134927467,0.04921140179653592,0.8934774884109045,0.8655287271901629
NGC4183,envelope_a1_q20,envelope,1.0,20.0,2.79,2.79,55.8,0.31798587302300957,7736.3908654315455,7731.501612720618,1.1163313105555883,1.0003161403976093,24316291295.176136,167098883912.03693,174831121028.21533,7.189876075505738,0.19321115166511013,0.999434017668504,6.209667005139726e-08,2.5770654180613374e-07,3.19803211857531e-07,False,True,5.640974600600394e-07,18,5,0,0.6749702434901153,1.1917626394957554,0.5924047495846522,6.964780953985016,-6.372376204400363,0.05164660802794778,0.8068673517434329,0.7541489315276431
NGC4183,envelope_a1_q50,envelope,1.0,50.0,2.79,2.79,139.5,0.354492707548017,7203.6786558059275,7199.126067136458,1.1163313105555883,1.0003161403976093,24316291295.176136,401265624370.634,409885572309.3872,16.856418083406506,0.07845959375196676,0.999434017668504,6.922576933045959e-08,3.1335726858562326e-07,3.8258303791608284e-07,False,True,7.261876794347598e-08,18,5,0,0.692067525490616,1.1917626394957554,0.5995099660454821,6.964780953985016,-6.3652709879395335,0.05181086413191209,0.7851507628670366,0.7251841556130394
NGC4183,envelope_a2_q10,envelope,2.0,10.0,2.79,5.58,55.8,0.7891582123585164,3833.6864671136404,3831.2636497717795,1.1163313105555883,1.0003161403976093,24316291295.176136,78445970745.62321,97635371715.31337,4.015224629862954,0.1620766732770066,0.999434017668504,1.5410778052907818e-07,9.815588022194586e-08,2.5226366075102404e-07,False,True,4.6860102062078224e-07,18,5,0,1.0283543580902836,1.1917626394957554,2.843391496595925,6.964780953985016,-4.121389457389091,0.10694816578119148,0.3986561588176226,0.3131223577643758
NGC4183,envelope_a2_q20,envelope,2.0,20.0,2.79,5.58,111.6,0.7922983573380965,3689.8285154485366,3687.496613611386,1.1163313105555883,1.0003161403976093,24316291295.176136,159393763185.68817,178659520835.4109,7.347317839988754,0.08082001527443942,0.999434017668504,1.5472099187981145e-07,1.2291169915196118e-07,2.776326910317726e-07,False,True,1.4378305838110399e-06,18,5,0,1.026023576869821,1.1917626394957554,2.772044446670509,6.964780953985016,-4.192736507314507,0.105584126063444,0.4008520504588808,0.31159733659863803
NGC4183,envelope_a2_q50,envelope,2.0,50.0,2.79,5.58,279.0,0.7931667930852194,3650.2205434792486,3647.9136731312888,1.1163313105555883,1.0003161403976093,24316291295.176136,406655570147.9574,425942444934.2783,17.516752031128068,0.03181283006327608,0.999434017668504,1.5489058107425352e-07,1.5878319868112148e-07,3.13673779755375e-07,False,True,4.762158460161994e-07,18,5,0,1.0253205907490675,1.1917626394957554,2.7504015883867994,6.964780953985016,-4.214379365598216,0.10516557095416064,0.40160604444909814,0.3112063657471172
NGC4217,core_refit,none,1.0,20.0,2.94,2.94,58.8,0.999999999999,0.0,0.0,0.5683735846890565,0.9998410800604624,49899096717.62597,0.0,49899096717.57607,0.999999999999,0.0,0.97724143914327,6.744331522341233e-07,0.0,6.744331522341234e-07,False,True,1.3658850885630722e-06,15,4,0,1.117614322657199,1.117614322657198,0.4211093156075699,0.42110931559953424,8.03568322993442e-12,0.030377102695806176,0.0,0.0
NGC4217,core_plummer,plummer,1.0,20.0,2.94,2.94,58.8,0.999999999999,0.0,0.0,0.5683735846890565,0.9998410800604624,49899096717.62597,0.0,49899096717.57607,0.999999999999,0.9553518168065047,0.97724143914327,6.744331522341233e-07,0.0,6.744331522341234e-07,False,True,4.506140157253817e-08,15,4,0,1.117614322657199,1.117614322657198,0.4211093156075699,0.42110931559953424,8.03568322993442e-12,0.030377102695806176,0.0,0.0
NGC4217,fixed_core_envelope,envelope,1.0,20.0,2.94,2.94,58.8,1.0,0.0,0.0,0.5683735846890565,0.9998410800604624,49899096717.62597,0.0,49899096717.62597,1.0,0.13885309096517695,0.97724143914327,6.744331522347978e-07,0.0,6.744331522347978e-07,False,True,0.0,15,4,0,1.1176143226571993,1.117614322657198,0.42110931559953424,0.42110931559953424,0.0,0.030377102695420988,0.0,0.0
NGC4217,envelope_a0.5_q10,envelope,0.5,10.0,2.94,1.47,14.7,0.999999999999,0.0,0.0,0.5683735846890565,0.9998410800604624,49899096717.62597,0.0,49899096717.57607,0.999999999999,0.49606102531038465,0.97724143914327,6.744331522341233e-07,0.0,6.744331522341234e-07,False,True,6.536939427153373e-08,15,4,0,1.117614322657199,1.117614322657198,0.4211093156075699,0.42110931559953424,8.03568322993442e-12,0.030377102695806176,0.0,0.0
NGC4217,envelope_a0.5_q20,envelope,0.5,20.0,2.94,1.47,29.4,0.999999999999,0.0,0.0,0.5683735846890565,0.9998410800604624,49899096717.62597,0.0,49899096717.57607,0.999999999999,0.2968238149669986,0.97724143914327,6.744331522341233e-07,0.0,6.744331522341234e-07,False,True,7.694827013258998e-08,15,4,0,1.117614322657199,1.117614322657198,0.4211093156075699,0.42110931559953424,8.03568322993442e-12,0.030377102695806176,0.0,0.0
NGC4217,envelope_a0.5_q50,envelope,0.5,50.0,2.94,1.47,73.5,0.999999999999,0.0,0.0,0.5683735846890565,0.9998410800604624,49899096717.62597,0.0,49899096717.57607,0.999999999999,0.12603412876246028,0.97724143914327,6.744331522341233e-07,0.0,6.744331522341234e-07,False,True,8.238405930945307e-08,15,4,0,1.117614322657199,1.117614322657198,0.4211093156075699,0.42110931559953424,8.03568322993442e-12,0.030377102695806176,0.0,0.0
NGC4217,envelope_a1_q10,envelope,1.0,10.0,2.94,2.94,29.4,0.999999999999,0.0,0.0,0.5683735846890565,0.9998410800604624,49899096717.62597,0.0,49899096717.57607,0.999999999999,0.2669690439097348,0.97724143914327,6.744331522341233e-07,0.0,6.744331522341234e-07,False,True,8.323075446867528e-07,15,4,0,1.117614322657199,1.117614322657198,0.4211093156075699,0.42110931559953424,8.03568322993442e-12,0.030377102695806176,0.0,0.0
NGC4217,envelope_a1_q20,envelope,1.0,20.0,2.94,2.94,58.8,0.999999999999,0.0,0.0,0.5683735846890565,0.9998410800604624,49899096717.62597,0.0,49899096717.57607,0.999999999999,0.13885309096517695,0.97724143914327,6.744331522341233e-07,0.0,6.744331522341234e-07,False,True,9.676396923980988e-07,15,4,0,1.117614322657199,1.117614322657198,0.4211093156075699,0.42110931559953424,8.03568322993442e-12,0.030377102695806176,0.0,0.0
NGC4217,envelope_a1_q50,envelope,1.0,50.0,2.94,2.94,147.0,0.999999999999,0.0,0.0,0.5683735846890565,0.9998410800604624,49899096717.62597,0.0,49899096717.57607,0.999999999999,0.055424901010782006,0.97724143914327,6.744331522341233e-07,0.0,6.744331522341234e-07,False,True,1.0181380468774971e-06,15,4,0,1.117614322657199,1.117614322657198,0.4211093156075699,0.42110931559953424,8.03568322993442e-12,0.030377102695806176,0.0,0.0
NGC4217,envelope_a2_q10,envelope,2.0,10.0,2.94,5.88,58.8,0.9744045427577277,1848.4389617948632,1849.026609490652,0.5683735846890565,0.9998410800604624,49899096717.62597,20312139507.908405,68934046029.07037,1.3814688153407124,0.10877589990978216,0.97724143914327,6.57170727324001e-07,4.737153351979999e-08,7.045422608438011e-07,False,True,2.9740954979773485e-07,15,4,0,1.116185099516326,1.117614322657198,0.3035611055334158,0.42110931559953424,-0.11754821006611843,0.024687795570074167,0.04443397800416396,0.03308413822074094
NGC4217,envelope_a2_q20,envelope,2.0,20.0,2.94,5.88,117.6,0.9750608342274822,1767.8879014967813,1768.4499407489286,0.5683735846890565,0.9998410800604624,49899096717.62597,41012512131.30965,89667167003.99585,1.7969697429878027,0.053341234489869264,0.97724143914327,6.576133520487325e-07,5.8946003171989115e-08,7.165593552207215e-07,False,True,2.985328961617916e-08,15,4,0,1.1161807360057252,1.117614322657198,0.3026330295684472,0.42110931559953424,-0.11847628603108706,0.024643643768492412,0.04398628522644458,0.03245176017444644
NGC4217,envelope_a2_q50,envelope,2.0,50.0,2.94,5.88,294.0,0.9752387952645744,1746.1017519492923,1746.6568650432887,0.5683735846890565,0.9998410800604624,49899096717.62597,104465689552.06715,153129224519.7552,3.068777484816975,0.020889539030901523,0.97724143914327,6.577333748719534e-07,7.602695372773198e-08,7.337603285996854e-07,False,True,1.6474354941797552e-07,15,4,0,1.1161790821653794,1.117614322657198,0.3023344612335135,0.42110931559953424,-0.11877485436602075,0.024629318462648247,0.043874473407274704,0.03228198931853831
NGC4559,core_refit,none,1.0,20.0,2.1,2.1,42.0,0.9999999998512644,0.0,0.0,1.1647674978926283,1.0002335674537022,65866131940.505035,0.0,65866131930.7084,0.9999999998512644,0.0,0.8256160657658316,2.3705530027712825e-07,0.0,2.3705530027712827e-07,False,True,5.505818023690762e-12,25,7,0,0.07486292480041516,0.07486292480041509,0.520521673949475,0.5205216752937699,-1.344294897620557e-09,-0.034874651806576396,0.0,0.0
NGC4559,core_plummer,plummer,1.0,20.0,2.1,2.1,42.0,0.9912478251068892,341.5829501062691,341.4234406729937,1.1647674978926283,1.0002335674537022,65866131940.505035,194173868.89206728,65483833903.12109,0.9941958328791911,0.9851434443879148,0.8256160657658316,2.349805508647139e-07,3.798848104028258e-09,2.3877939896874217e-07,False,True,3.802355488291365e-08,25,7,0,0.07148804007109684,0.07486292480041509,0.47702780786361504,0.5205216752937699,-0.043493867430154876,-0.03333024039866666,0.0035361384939695895,0.00459110351632533
NGC4559,fixed_core_envelope,envelope,1.0,20.0,2.1,2.1,42.0,1.0,7.309688721217875,7.3062753063943955,1.1647674978926283,1.0002335674537022,65866131940.505035,124012927.59911773,65990144868.10416,1.0018828026475144,0.2610320095025699,0.8256160657658316,2.3705530031238681e-07,2.435328914109726e-10,2.3729883320379778e-07,False,True,4.90897823439473e-07,25,7,0,0.07484282605477693,0.07486292480041509,0.5258782484904765,0.5205216752937699,0.005356573196706571,-0.03506162393873067,0.0005949246753639857,0.0005986289426145884
NGC4559,envelope_a0.5_q10,envelope,0.5,10.0,2.1,1.05,10.5,0.9893755986929376,123.24156200125012,123.18401172918685,1.1647674978926283,1.0002335674537022,65866131940.505035,495204045.353986,65661547767.57918,0.9968939397699769,0.6751706205031796,0.8256160657658316,2.3453672966990182e-07,3.1559391902640498e-09,2.3769266886016587e-07,False,True,2.2363685009869172e-07,25,7,0,0.07376734267993801,0.07486292480041509,0.4834618882703009,0.5205216752937699,-0.037059787023469015,-0.03356465511169552,0.006175977709179031,0.007199011174710463
NGC4559,envelope_a0.5_q20,envelope,0.5,20.0,2.1,1.05,21.0,0.9870526758814524,119.93390847387882,119.87790278107354,1.1647674978926283,1.0002335674537022,65866131940.505035,1017372673.1397856,66030714454.97608,1.002498742671267,0.4748815189102215,0.8256160657658316,2.339860685052227e-07,3.995772271954736e-09,2.3798184077717745e-07,False,True,1.605343342577897e-07,25,7,0,0.07381269469655426,0.07486292480041509,0.48607129935705373,0.5205216752937699,-0.03445037593671618,-0.03365567134034123,0.008920581565061071,0.009666779637348681
NGC4559,envelope_a0.5_q50,envelope,0.5,50.0,2.1,1.05,52.5,0.9854559302687476,122.98795405362426,122.93052220919326,1.1647674978926283,1.0002335674537022,65866131940.505035,2690562824.586733,67598733149.22118,1.0263048877726895,0.22710327972973093,0.8256160657658316,2.3360755149448047e-07,5.3508123494494335e-09,2.389583638439299e-07,False,True,1.1693517216405016e-06,25,7,0,0.07379754603605473,0.07486292480041509,0.4907421919606635,0.5205216752937699,-0.029779483333106427,-0.03381733646857358,0.011273665444629185,0.011483986754425527
NGC4559,envelope_a1_q10,envelope,1.0,10.0,2.1,2.1,21.0,0.9908280875368405,101.19051600619063,101.1432629396779,1.1647674978926283,1.0002335674537022,65866131940.505035,813198925.1680303,66075212469.22784,1.0031743252953074,0.4509989637708553,0.8256160657658316,2.348810498489936e-07,2.5912615027042524e-09,2.3747231135169786e-07,False,True,8.043403210894359e-07,25,7,0,0.07457707677972818,0.07486292480041509,0.4996542325187142,0.5205216752937699,-0.0208674427750557,-0.034141052901069044,0.006760637624251596,0.00718614445533106
NGC4559,envelope_a1_q20,envelope,1.0,20.0,2.1,2.1,42.0,0.9896420018407297,103.92381403112604,103.87528459288926,1.1647674978926283,1.0002335674537022,65866131940.505035,1763125205.0250013,66947015872.132034,1.016410314372238,0.2610320095025699,0.8256160657658316,2.3459988194810583e-07,3.4623727333274997e-09,2.3806225468143335e-07,False,True,9.103559033525038e-08,25,7,0,0.07457730185115835,0.07486292480041509,0.5030148327220868,0.5205216752937699,-0.017506842571683112,-0.03425596783031117,0.00847930563144814,0.008531682498714338
NGC4559,envelope_a1_q50,envelope,1.0,50.0,2.1,2.1,105.0,0.9892279373600367,104.8690736277474,104.82010278041069,1.1647674978926283,1.0002335674537022,65866131940.505035,4588365309.803304,69744983151.19313,1.0588899195445658,0.10894064835002713,0.8256160657658316,2.3450172576828646e-07,4.562517838112919e-09,2.390642436063994e-07,False,True,1.4667579871644928e-08,25,7,0,0.07457955886121287,0.07486292480041509,0.5049836662202203,0.5205216752937699,-0.01553800907354963,-0.03432304373654479,0.009206497193155985,0.009037855500758932
NGC4559,envelope_a2_q10,envelope,2.0,10.0,2.1,4.2,42.0,0.9999999998512644,0.0,0.0,1.1647674978926283,1.0002335674537022,65866131940.505035,0.0,65866131930.7084,0.9999999998512644,0.23043050432722717,0.8256160657658316,2.3705530027712825e-07,0.0,2.3705530027712827e-07,False,True,3.760838415777458e-12,25,7,0,0.07486292480041516,0.07486292480041509,0.520521673949475,0.5205216752937699,-1.344294897620557e-09,-0.034874651806576396,0.0,0.0
NGC4559,envelope_a2_q20,envelope,2.0,20.0,2.1,4.2,84.0,1.0000000008614844,2.364035549247363e-14,2.3629316125005612e-14,1.1647674978926283,1.0002335674537022,65866131940.505035,8.02143512786159e-07,65866131997.24768,1.0000000008614844,0.11793295322510461,0.8256160657658316,2.3705530051660627e-07,7.876127625454009e-25,2.3705530051660627e-07,False,True,1.2000870320224368e-06,25,7,0,0.07486292480041518,0.07486292480041509,0.5205216830799869,0.5205216752937699,7.786217004479568e-09,-0.034874652126180836,1.739590206970928e-18,1.6351867017265714e-18
NGC4559,envelope_a2_q50,envelope,2.0,50.0,2.1,4.2,210.0,0.9999999998512644,0.0,0.0,1.1647674978926283,1.0002335674537022,65866131940.505035,0.0,65866131930.7084,0.9999999998512644,0.0468140912329938,0.8256160657658316,2.3705530027712825e-07,0.0,2.3705530027712827e-07,False,True,3.698687033310133e-12,25,7,0,0.07486292480041516,0.07486292480041509,0.520521673949475,0.5205216752937699,-1.344294897620557e-09,-0.034874651806576396,0.0,0.0
NGC5005,core_refit,none,1.0,20.0,9.45,9.45,189.0,0.999999999999,0.0,0.0,0.970408315057572,0.9985282294460708,56226365414.75219,0.0,56226365414.69596,0.9999999999989999,0.0,0.9276586160899372,5.390496229681991e-07,0.0,5.390496229681991e-07,False,True,6.494952081755496e-08,14,4,0,0.07818945550274368,0.0781894555027435,0.4214124191651115,0.42141241916298516,2.126354647913331e-12,0.04657690348714849,0.0,0.0
NGC5005,core_plummer,plummer,1.0,20.0,9.45,9.45,189.0,0.9430265663754018,4392.287417701716,4405.244894901351,0.970408315057572,0.9985282294460708,56226365414.75219,9392804550.97883,62415760867.821236,1.1100799492802558,0.45973188281383737,0.9276586160899372,5.08338115054164e-07,4.901495979241904e-08,5.57353074846583e-07,False,True,2.435607277186297e-10,14,4,0,0.07814610318028355,0.0781894555027435,0.376412521511191,0.42141241916298516,-0.044999897651794185,0.04358913492099052,0.08070538337334736,0.06470600508250943
NGC5005,fixed_core_envelope,envelope,1.0,20.0,9.45,9.45,189.0,1.0,236.18280663905057,236.8795582495298,0.970408315057572,0.9985282294460708,56226365414.75219,15073922960.393791,71300288375.14598,1.2680934975825207,0.01107757751192142,0.9276586160899372,5.390496229687381e-07,7.8956734201042e-09,5.469452963888423e-07,False,True,6.883382752675923e-15,14,4,0,0.07818654566075214,0.0781894555027435,0.4153008411231669,0.42141241916298516,-0.006111578039818266,0.046156120516472776,0.003191205387670882,0.0018950009748285653
NGC5005,envelope_a0.5_q10,envelope,0.5,10.0,9.45,4.725,47.25,0.8698483062296667,8424.728988694584,8449.582379058831,0.970408315057572,0.9985282294460708,56226365414.75219,127348215640.83089,176256624362.3034,3.134768236611978,0.08498254845804519,0.9276586160899372,4.6889140151309726e-07,2.1647588674138033e-07,6.853672882544776e-07,False,True,1.9633643325345932e-08,14,4,0,0.07801344923329846,0.0781894555027435,0.29878963002011766,0.42141241916298516,-0.1226227891428675,0.038208674089231634,0.19259404241127537,0.1462020469818158
NGC5005,envelope_a0.5_q20,envelope,0.5,20.0,9.45,4.725,94.5,0.876962075329104,7851.98294883342,7875.146708477516,0.970408315057572,0.9985282294460708,56226365414.75219,250569014191.4651,299877404293.7987,5.333394788757223,0.04140243065085383,0.9276586160899372,4.7272607606403556e-07,2.624945225541446e-07,7.352205986181801e-07,False,True,5.230888250724225e-09,14,4,0,0.07801920928296617,0.0781894555027435,0.30098372192796163,0.42141241916298516,-0.12042869723502353,0.03837701812279798,0.18487160751806392,0.13890728992321447
NGC5005,envelope_a0.5_q50,envelope,0.5,50.0,9.45,4.725,236.24999999999997,0.878836413660761,7701.628727207701,7724.348934048141,0.970408315057572,0.9985282294460708,56226365414.75219,633830413423.4742,683244190757.7545,12.151669162995386,0.016182780841171317,0.9276586160899372,4.737364374350312e-07,3.362187105772371e-07,8.099551480122682e-07,False,True,2.9102074902312496e-08,14,4,0,0.0780206938411869,0.0781894555027435,0.30153756379169394,0.42141241916298516,-0.11987485537129122,0.038419697413966225,0.18284890277690216,0.13698536482769788
NGC5005,envelope_a1_q10,envelope,1.0,10.0,9.45,9.45,94.5,0.9746072400806907,4352.2087544665155,4365.047997517136,0.970408315057572,0.9985282294460708,56226365414.75219,131575987719.36153,186374610536.00156,3.3147191564173593,0.023073244893277334,0.9276586160899372,5.253616653080988e-07,1.1183128272387594e-07,6.371929480319747e-07,False,True,3.2029443626198224e-08,14,4,0,0.07813673704343231,0.0781894555027435,0.36595138818515693,0.42141241916298516,-0.05546103097782823,0.04293827152449267,0.05635545021452953,0.034297376463200635
NGC5005,envelope_a1_q20,envelope,1.0,20.0,9.45,9.45,189.0,0.9746231977864074,4308.2521199035455,4320.961688587267,0.970408315057572,0.9985282294460708,56226365414.75219,274966080188.16595,329765600248.5988,5.864963844205334,0.01107757751192142,0.9276586160899372,5.253702673033488e-07,1.4402636768651933e-07,6.693966349898682e-07,False,True,7.825342312864017e-09,14,4,0,0.0781363836814103,0.0781894555027435,0.36563438107751356,0.42141241916298516,-0.055778038085471604,0.04291795710010006,0.056530993803431386,0.034315059236025236
NGC5005,envelope_a1_q50,envelope,1.0,50.0,9.45,9.45,472.49999999999994,0.9746275596126204,4296.079289928581,4308.7529481283445,0.970408315057572,0.9985282294460708,56226365414.75219,707119444180.92,761919209490.9874,13.550924088205097,0.004311607734971359,0.9276586160899372,5.253726185441243e-07,1.8754763317720316e-07,7.129202517213275e-07,False,True,1.0949020046399605e-07,14,4,0,0.07813628370016519,0.0781894555027435,0.36554460722885046,0.42141241916298516,-0.055867811934134703,0.04291220559994252,0.056580894340551434,0.034320191205360145
NGC5005,envelope_a2_q10,envelope,2.0,10.0,9.45,18.9,189.0,0.9775180772418989,13031.586833482106,13070.030695008423,0.970408315057572,0.9985282294460708,56226365414.75219,787941942080.0336,842904230690.5625,14.991262986197015,0.004291748641680245,0.9276586160899372,5.269307509823714e-07,3.3485045266274543e-07,8.617812036451169e-07,False,True,7.968621698958717e-09,14,4,0,0.07811983787886298,0.0781894555027435,0.3516114668687451,0.42141241916298516,-0.06980095229424005,0.04200915358256177,0.06219937540564376,0.03293087808645198
NGC5005,envelope_a2_q20,envelope,2.0,20.0,9.45,18.9,378.0,0.9775178648985254,12926.85061119076,12964.985495393134,0.970408315057572,0.9985282294460708,56226365414.75219,1650063804444.5269,1705026081115.7598,30.324316155573694,0.0020516048169881436,0.9276586160899372,5.26930636518756e-07,4.321491146153606e-07,9.590797511341166e-07,False,True,3.34708364257155e-08,14,4,0,0.07811972620911588,0.0781894555027435,0.3515104024011419,0.42141241916298516,-0.06990201676184327,0.04200265654533822,0.062261999922871805,0.03294060756129144
NGC5005,envelope_a2_q50,envelope,2.0,50.0,9.45,18.9,944.9999999999999,0.9775178178133888,12897.79837816103,12935.847556759172,0.970408315057572,0.9985282294460708,56226365414.75219,4245863916759.514,4300826190783.321,76.49127164913467,0.0007975516971771025,0.9276586160899372,5.269306111375308e-07,5.630602686248567e-07,1.0899908797623875e-06,False,True,1.7358876753642312e-07,14,4,0,0.07811969487219861,0.0781894555027435,0.35148207741388315,0.42141241916298516,-0.06993034174910201,0.042000835942170744,0.06227954459409005,0.03294331673253573
NGC5033,core_refit,none,1.0,20.0,5.16,5.16,103.2,0.9999999999948244,0.0,0.0,1.022417798908417,1.000030867773781,220643306228.98453,0.0,220643306227.84256,0.9999999999948244,0.0,0.995340027360824,7.520631504924604e-07,0.0,7.520631504924605e-07,False,True,2.4287911112136485e-05,17,5,0,2.0737840241637984,2.0737840241638046,9.551767377452213,9.551767377060267,3.9194603118630766e-10,0.05034808502890533,0.0,0.0
NGC5033,core_plummer,plummer,1.0,20.0,5.16,5.16,103.2,0.9676348570083996,3749.6798088147816,3749.448330996465,1.022417798908417,1.000030867773781,220643306228.98453,4599222151.9859495,218101376224.72992,0.9884794601399937,0.980244035939593,0.995340027360824,7.277225190918249e-07,4.171823895653364e-08,7.694407580483586e-07,False,True,9.8626783190066e-07,17,5,0,1.96939327871584,2.0737840241638046,10.496775677470637,9.551767377060267,0.94500830041037,0.05416071402322363,0.020774359471207284,0.021323295007260205
NGC5033,fixed_core_envelope,envelope,1.0,20.0,5.16,5.16,103.2,1.0,112.61991026699701,112.61295793707637,1.022417798908417,1.000030867773781,220643306228.98453,4122672706.9032345,224765978935.88776,1.0186847848564446,0.22453740906424832,0.995340027360824,7.520631504963529e-07,3.7536170082116035e-09,7.558167675045645e-07,False,True,3.5882408155872185e-13,17,5,0,2.0704622585154393,2.0737840241638046,9.255858502778766,9.551767377060267,-0.29590887428150126,0.04912861925025257,0.00419738303062954,0.0031373772732647266
NGC5033,envelope_a0.5_q10,envelope,0.5,10.0,5.16,2.58,25.8,0.8927236107507186,4540.5250601199705,4540.244761297533,1.022417798908417,1.000030867773781,220643306228.98453,39366669213.16674,236340158237.88232,1.071141301665447,0.633052535120201,0.995340027360824,6.713845312236652e-07,1.1631977376309891e-07,7.877043049867641e-07,False,True,1.1602848883849862e-06,17,5,0,1.9030779558125972,2.0737840241638046,9.301786073558471,9.551767377060267,-0.24998130350179615,0.05009712620345889,0.11277732950860961,0.10120775668355808
NGC5033,envelope_a0.5_q20,envelope,0.5,20.0,5.16,2.58,51.6,0.8149587410789748,6706.38996923753,6705.9759657497625,1.022417798908417,1.000030867773781,220643306228.98453,122750279335.49792,302565470407.3739,1.3712877837924085,0.42687041659099706,0.995340027360824,6.129004383403953e-07,2.2352370369102162e-07,8.364241420314169e-07,False,True,7.869820059527473e-06,17,5,0,1.793654069519259,2.0737840241638046,6.640411294069577,9.551767377060267,-2.9113560829906904,0.039136252002271235,0.22646482897577142,0.19217244098896633
NGC5033,envelope_a0.5_q50,envelope,0.5,50.0,5.16,2.58,129.0,0.7773412424598629,7628.244553056932,7627.7736410066345,1.022417798908417,1.000030867773781,220643306228.98453,360081469410.024,531596611214.51483,2.40930314315913,0.196535083308312,0.995340027360824,5.846097038151138e-07,3.3201506561281714e-07,9.166247694279309e-07,False,True,1.6012839688960093e-07,17,5,0,1.7338377852027744,2.0737840241638046,4.776832427414702,9.551767377060267,-4.774934949645566,0.028878426213787944,0.2930566289843292,0.2405028150727708
NGC5033,envelope_a1_q10,envelope,1.0,10.0,5.16,5.16,51.6,0.5835845256125554,18981.671664823058,18980.499875185273,1.022417798908417,1.000030867773781,220643306228.98453,329144836620.4086,457908855815.63635,2.0753353620454575,0.40113510582664913,0.995340027360824,4.3889241691309793e-07,4.862749846026186e-07,9.251674015157165e-07,False,True,1.323381339938422e-06,17,5,0,1.5628666635218191,2.0737840241638046,3.156024287144837,9.551767377060267,-6.39574308991543,0.008500913642805927,0.5074320386334902,0.4485197679822895
NGC5033,envelope_a1_q20,envelope,1.0,20.0,5.16,5.16,103.2,0.6453300506011875,15193.125930820548,15192.18801829916,1.022417798908417,1.000030867773781,220643306228.98453,556174174344.8457,698561930318.4097,3.166023670772225,0.22453740906424832,0.995340027360824,4.853289509650999e-07,5.063862665724483e-07,9.91715217537548e-07,False,True,2.973529316914791e-06,17,5,0,1.6278907747800815,2.0737840241638046,3.1285064557679956,9.551767377060267,-6.423260921292272,0.0020952879318176633,0.46841347171121916,0.3968392267062764
NGC5033,envelope_a1_q50,envelope,1.0,50.0,5.16,5.16,258.0,0.6749598670482246,13663.66588307103,13662.822388231447,1.022417798908417,1.000030867773781,220643306228.98453,1289951535896.206,1438876912533.602,6.521280600465303,0.09226250570673193,0.995340027360824,5.076124440708873e-07,5.947033938314774e-07,1.1023158379023647e-06,False,True,1.0368695249469754e-06,17,5,0,1.6605653814274444,2.0737840241638046,3.111932810181174,9.551767377060267,-6.439834566879093,0.0016729923719038837,0.445336362793208,0.36952637973459307
NGC5033,envelope_a2_q10,envelope,2.0,10.0,5.16,10.32,103.2,0.9244585382844113,4900.958407625685,4900.655858283421,1.022417798908417,1.000030867773781,220643306228.98453,169966605981.3717,373942194340.0585,1.6947815038267227,0.19346939879707842,0.995340027360824,6.952512008054276e-07,1.2555340310847537e-07,8.208046039139029e-07,False,True,2.954487791817698e-06,17,5,0,2.0058244083221872,2.0737840241638046,5.692927083739393,9.551767377060267,-3.858840293320874,0.03260758545073295,0.13939027355334496,0.10193685401086207
NGC5033,envelope_a2_q20,envelope,2.0,20.0,5.16,10.32,206.4,0.9300028335522085,4427.402322632959,4427.129007181318,1.022417798908417,1.000030867773781,220643306228.98453,324147491766.3436,529346391763.6269,2.399104694407856,0.09756970066907882,0.995340027360824,6.994208609718092e-07,1.4756513853572762e-07,8.469859995075369e-07,False,True,6.767617687667411e-07,17,5,0,2.008857285262617,2.0737840241638046,5.70626784139694,9.551767377060267,-3.8454995356633273,0.03277908255744981,0.13408665935390246,0.09599242105126575
NGC5033,envelope_a2_q50,envelope,2.0,50.0,5.16,10.32,516.0,0.9314795548477306,4302.765848669007,4302.500227362079,1.022417798908417,1.000030867773781,220643306228.98453,812426103300.5934,1017950831966.8994,4.613558640707033,0.03854369629595512,0.995340027360824,7.005314486417246e-07,1.8727547021154963e-07,8.878069188532742e-07,False,True,7.108231833638757e-06,17,5,0,2.0096494759334225,2.0737840241638046,5.706453851401282,9.551767377060267,-3.8453135256589857,0.03280931815868911,0.1327530367206123,0.09441336149280148
NGC5055,core_refit,none,1.0,20.0,3.2,3.2,64.0,0.999999999999,0.0,0.0,0.9995913610067424,0.9951224065033054,164937631036.83508,0.0,164937631036.67014,0.9999999999989999,0.0,0.9992106847991912,5.542841985307401e-07,0.0,5.542841985307401e-07,False,True,2.80310565987897e-06,22,6,0,1.2651937282664507,1.2651937282664434,427.9417898265139,427.9417898244761,2.0378365661599673e-09,0.14022254472675247,0.0,0.0
NGC5055,core_plummer,plummer,1.0,20.0,3.2,3.2,64.0,0.9997890460047669,12.29375676034927,12.414567837072651,0.9995913610067424,0.9951224065033054,164937631036.83508,9233003.273700252,164912069787.8773,0.9998450247599828,0.9948678054934902,0.9992106847991912,5.541672700651197e-07,1.3813069599800337e-10,5.543054007611177e-07,False,True,9.118006424624211e-06,22,6,0,1.2651414898393523,1.2651937282664434,428.25756381380506,427.9417898244761,0.3157739893289886,0.14026517319220344,5.574410671603022e-05,5.6892402374927475e-05
NGC5055,fixed_core_envelope,envelope,1.0,20.0,3.2,3.2,64.0,1.0,21.069674405554604,21.276726659862735,0.9995913610067424,0.9951224065033054,164937631036.83508,472269257.3699517,165409900294.20505,1.0028633202405126,0.42258339800797884,0.9992106847991912,5.542841985312944e-07,7.091962109205517e-10,5.54993394742215e-07,False,True,2.48334686141988e-11,22,6,0,1.2643944154267333,1.2651937282664434,425.879680219947,427.9417898244761,-2.0621096045290983,0.13992614175008736,0.0012094827959571513,0.0008952880227416833
NGC5055,envelope_a0.5_q10,envelope,0.5,10.0,3.2,1.6,16.0,0.9982414528855291,39.51781357698729,39.906156188693075,0.9995913610067424,0.9951224065033054,164937631036.83508,209789463.5385619,164857369905.24615,0.9995133849620345,0.8003992525498681,0.9992106847991912,5.533094636533704e-07,1.0223843214780979e-09,5.543318479748486e-07,False,True,1.1641033863641863e-06,22,6,0,1.2640863294018094,1.2651937282664434,429.55623531769464,427.9417898244761,1.6144454932185681,0.14043548030840677,0.0010196118793170607,0.0009377852605803277
NGC5055,envelope_a0.5_q20,envelope,0.5,20.0,3.2,1.6,32.0,0.9974818519757029,47.847743675780656,48.31794473351585,0.9995913610067424,0.9951224065033054,164937631036.83508,536245077.58485997,165058538744.69232,1.0007330510757138,0.6456798043905024,0.9992106847991912,5.528884288718638e-07,1.6105345466095831e-09,5.544989634184733e-07,False,True,1.0881184204783433e-05,22,6,0,1.2636304994751237,1.2651937282664434,429.2176839124592,427.9417898244761,1.275894087983147,0.14037568778611922,0.0021017688408082953,0.0017620822264768842
NGC5055,envelope_a0.5_q50,envelope,0.5,50.0,3.2,1.6,80.0,0.9966063790642986,60.139766180276915,60.73076127215681,0.9995913610067424,0.9951224065033054,164937631036.83508,1738225313.1828656,166116120552.24634,1.0071450614878061,0.36895948613878976,0.9992106847991912,5.524031680708301e-07,2.6434355078516074e-09,5.550466035786818e-07,False,True,1.1327098436393807e-06,22,6,0,1.2628542790050667,1.2651937282664434,428.2594473005058,427.9417898244761,0.31765747602975125,0.14020664696343757,0.003889482232837619,0.0028623032502701025
NGC5055,envelope_a1_q10,envelope,1.0,10.0,3.2,3.2,32.0,0.9937634086560808,150.40035120240037,151.87833947909542,0.9995913610067424,0.9951224065033054,164937631036.83508,1596870177.7133253,165505852612.53754,1.0034450693400316,0.6291007298936575,0.9992106847991912,5.50827354496663e-07,3.891079670047283e-09,5.547184341667103e-07,False,True,1.436214132353966e-06,22,6,0,1.2602549849169689,1.2651937282664434,429.558273861001,427.9417898244761,1.6164840365249233,0.14038138822388477,0.006096410953210306,0.005033099685634488
NGC5055,envelope_a1_q20,envelope,1.0,20.0,3.2,3.2,64.0,0.9915422647210507,188.83301005190788,190.68867709575787,0.9995913610067424,0.9951224065033054,164937631036.83508,4232624752.883538,167775256968.87207,1.017204236014541,0.42258339800797884,0.9992106847991912,5.495962095108121e-07,6.356038192513798e-09,5.559522477033259e-07,False,True,2.1102611919017524e-06,22,6,0,1.2580307812538913,1.2651937282664434,426.6671585197344,427.9417898244761,-1.2746313047416606,0.13989110943968028,0.010826957148536967,0.008034469551845405
NGC5055,envelope_a1_q50,envelope,1.0,50.0,3.2,3.2,160.0,0.9903295363589758,210.49288192784886,212.56140111234495,0.9995913610067424,0.9951224065033054,164937631036.83508,12167791092.336908,175510398765.19363,1.0641016101777123,0.19394665551642054,0.9992106847991912,5.489240133426034e-07,9.252186923542999e-09,5.581762002661463e-07,False,True,8.814958197526062e-07,22,6,0,1.2565805787906457,1.2651937282664434,424.3598731485581,427.9417898244761,-3.5819166759179666,0.13948021112818074,0.014252892094647392,0.009841003139750046
NGC5055,envelope_a2_q10,envelope,2.0,10.0,3.2,6.4,64.0,0.9581758627321627,1395.3799168030253,1409.092352592455,0.9995913610067424,0.9951224065033054,164937631036.83508,29630789528.200115,187670046443.9187,1.1378243113119944,0.3966890310470876,0.9992106847991912,5.311017401265283e-07,3.610054353501979e-08,5.672022836615482e-07,False,True,2.061804767644262e-07,22,6,0,1.2333430957958786,1.2651937282664434,394.8091518202668,427.9417898244761,-33.1326380042093,0.13451090636546917,0.06927740692242171,0.05029854616938391
NGC5055,envelope_a2_q20,envelope,2.0,20.0,3.2,6.4,128.0,0.9513477351711559,1569.6830265487104,1585.1083436627914,0.9995913610067424,0.9951224065033054,164937631036.83508,70367773415.51561,227280815146.90442,1.3779803536534752,0.22142485420092592,0.9992106847991912,5.273170169139063e-07,5.28348579739406e-08,5.801518748878469e-07,False,True,3.977873386551379e-06,22,6,0,1.2252785909733326,1.2651937282664434,377.54579282726417,427.9417898244761,-50.39599699721191,0.13141297213227407,0.09039357927677907,0.06203141219486453
NGC5055,envelope_a2_q50,envelope,2.0,50.0,3.2,6.4,320.0,0.9493883119422903,1616.9404818784012,1632.8301992708416,0.9995913610067424,0.9951224065033054,164937631036.83508,186938330760.11444,343528189865.9356,2.082776305846277,0.09087119950164192,0.9992106847991912,5.26230939579911e-07,7.107240608597214e-08,5.973033456658831e-07,False,True,1.8003016343620454e-05,22,6,0,1.222584873156214,1.2651937282664434,371.2169292177384,427.9417898244761,-56.72486060673765,0.13022346060963258,0.0979357777448707,0.06574083685238183
NGC5371,core_refit,none,1.0,20.0,7.44,7.44,148.8,0.9999999896050771,0.0,0.0,1.6743230351604068,1.0229524015063032,18605880361.121605,0.0,18605880167.714912,0.9999999896050771,0.0,1.0,3.038307351831108e-07,0.0,3.0383073518311085e-07,False,True,1.2079226507920244e-13,15,4,0,4.691342904709111,4.691342904709104,73.74324569177708,73.74324555070459,1.4107249057815352e-07,0.1825581166330479,0.0,0.0
NGC5371,core_plummer,plummer,1.0,20.0,7.44,7.44,148.8,0.9578549537033749,832.3720477898478,795.4385506550728,1.6743230351604068,1.0229524015063032,18605880361.121605,2303868750.727677,20125603422.640343,1.0816797180258297,0.9623867423542745,1.0,2.910257778076715e-07,8.850447479735761e-09,2.9987622528740725e-07,False,True,6.757485361258447e-07,15,4,0,4.682292202063107,4.691342904709104,72.71724926449741,73.74324555070459,-1.0259962862071745,0.18128517737517386,0.11064516993066498,0.10780853204907512
NGC5371,fixed_core_envelope,envelope,1.0,20.0,7.44,7.44,148.8,1.0,1756.6648728624389,1678.7192267767775,1.6743230351604068,1.0229524015063032,18605880361.121605,145111770696.16254,163717651057.28415,8.799242383573775,0.15461753343571916,1.0,3.038307383414079e-07,5.595509750451666e-08,3.597858358459246e-07,False,True,2.461320036612406e-11,15,4,0,4.338892274937903,4.691342904709104,60.14116074526879,73.74324555070459,-13.602084805435794,0.16488175862365437,0.5466702152145188,0.4569590176260486
NGC5371,envelope_a0.5_q10,envelope,0.5,10.0,7.44,3.72,37.2,0.8611394966648802,1672.5401007893515,1598.3271870035974,1.6743230351604068,1.0229524015063032,18605880361.121605,32722703447.542686,48744961896.72592,2.619868608775009,0.5264609333173792,1.0,2.6164064908663895e-07,4.094868593351703e-08,3.02589335020156e-07,False,True,7.944998338603264e-08,15,4,0,4.448806440013189,4.691342904709104,64.31933081300926,73.74324555070459,-9.423914737695327,0.1705075705590484,0.5181200792247536,0.46595802611322984
NGC5371,envelope_a0.5_q20,envelope,0.5,20.0,7.44,3.72,74.4,0.8486104393947795,1701.0132856374867,1625.5369773230493,1.6743230351604068,1.0229524015063032,18605880361.121605,70257296559.4566,86046440868.03471,4.624690646073123,0.3227035076083713,1.0,2.578339363655425e-07,5.418242587115091e-08,3.1201636223669335e-07,False,True,1.3582837102181666e-05,15,4,0,4.3602706907482665,4.691342904709104,61.48362612815883,73.74324555070459,-12.259619422545754,0.1667115500038856,0.5894809872436485,0.5197817762368045
NGC5371,envelope_a0.5_q50,envelope,0.5,50.0,7.44,3.72,186.0,0.8442403896533414,1710.2590778240738,1634.3725209433387,1.6743230351604068,1.0229524015063032,18605880361.121605,182174720633.26813,197882556319.18488,10.6354847219525,0.13892097116160446,1.0,2.5650618092601265e-07,7.113953891599443e-08,3.27645719842007e-07,False,True,1.459698578077715e-05,15,4,0,4.323221560330444,4.691342904709104,60.20121943750149,73.74324555070459,-13.542026113203093,0.16496607555061604,0.6170289379618992,0.5387866551056293
NGC5371,envelope_a1_q10,envelope,1.0,10.0,7.44,7.44,74.4,0.8641000430697734,2442.509806487691,2334.1322736535412,1.6743230351604068,1.0229524015063032,18605880361.121605,95573820953.75879,111651162975.15501,6.000853537060174,0.2935213132981859,1.0,2.625401540867316e-07,5.979980205448998e-08,3.223399561412216e-07,False,True,1.2009605435285905e-05,15,4,0,4.245345454876312,4.691342904709104,58.375592196372835,73.74324555070459,-15.36765335433175,0.16244410622509792,0.635684695692378,0.5580098576923009
NGC5371,envelope_a1_q20,envelope,1.0,20.0,7.44,7.44,148.8,0.8612816183012003,2413.0675215121923,2305.9963835175513,1.6743230351604068,1.0229524015063032,18605880361.121605,199334834017.288,215359736764.63333,11.574821109494168,0.15461753343571916,1.0,2.6168383000833636e-07,7.686351024437574e-08,3.385473402527122e-07,False,True,3.077305172078309e-05,15,4,0,4.206911581597942,4.691342904709104,57.0825023369625,73.74324555070459,-16.660743213742087,0.16063721184348723,0.6579205866433295,0.5730300151059422
NGC5371,envelope_a1_q50,envelope,1.0,50.0,7.44,7.44,372.0,0.8604475024948656,2404.4675295804577,2297.777985103058,1.6743230351604068,1.0229524015063032,18605880361.121605,512241924224.00073,528251307512.4461,28.39163196041329,0.06199993425236303,1.0,2.614303999870354e-07,1.000156722515168e-07,3.6144607223855226e-07,False,True,2.1359243644903006e-05,15,4,0,4.19487510229886,4.691342904709104,56.65853339390974,73.74324555070459,-17.084712156794843,0.16004026246885678,0.6648537440961217,0.5775239185637809
NGC5371,envelope_a2_q10,envelope,2.0,10.0,7.44,14.88,148.8,0.8650206939544738,4588.5570120631255,4384.9564013653335,1.6743230351604068,1.0229524015063032,18605880361.121605,359094506103.67126,375188977645.2826,20.165075253803543,0.12403193292379819,1.0,2.6281987612478483e-07,1.1234133034319082e-07,3.7516120646797566e-07,False,True,1.291216851027603e-07,15,4,0,3.943207552782034,4.691342904709104,50.379171453856145,73.74324555070459,-23.36407409684844,0.1509130045227013,0.7345620852297113,0.6395583590064003
NGC5371,envelope_a2_q20,envelope,2.0,20.0,7.44,14.88,297.6,0.8646098533983598,4526.504058537368,4325.656823072843,1.6743230351604068,1.0229524015063032,18605880361.121605,747836458899.9899,763923286391.3667,41.05816395485603,0.06109585715494308,1.0,2.6269505013528014e-07,1.4418286598816894e-07,4.068779161234491e-07,False,True,4.871129281828361e-06,15,4,0,3.9303246661340387,4.691342904709104,49.915759465501424,73.74324555070459,-23.827486085203162,0.15021839670309897,0.7395964830158749,0.6426757604539386
NGC5371,envelope_a2_q50,envelope,2.0,50.0,7.44,14.88,744.0,0.8644938662494791,4509.15638795059,4309.0788925843935,1.6743230351604068,1.0229524015063032,18605880361.121605,1921239456449.45,1937324125897.8113,104.12429233641622,0.023958638549478172,1.0,2.6265980967419756e-07,1.8756182060266363e-07,4.502216302768612e-07,False,True,3.293050435940868e-07,15,4,0,3.9266212141578687,4.691342904709104,49.78018516289914,73.74324555070459,-23.96306038780545,0.15001456594564588,0.7410499541585467,0.6435636274876843
NGC5585,core_refit,none,1.0,20.0,1.53,1.53,30.6,1.0000000088976355,0.0,0.0,1.1317036714080695,1.0026188355846255,19420442918.145176,0.0,19420443090.9412,1.0000000088976355,0.0,0.8897970581731622,1.5352932506390465e-07,0.0,1.5352932506390462e-07,False,True,1.563194018671976e-13,19,5,0,4.005117762337675,4.005117762337681,0.10119769364247215,0.1011976334506585,6.019181364447235e-08,-0.0029524979237789202,0.0,0.0
NGC5585,core_plummer,plummer,1.0,20.0,1.53,1.53,30.6,1.0000000088976355,0.0,0.0,1.1317036714080695,1.0026188355846255,19420442918.145176,0.0,19420443090.9412,1.0000000088976355,0.9714646027970189,0.8897970581731622,1.5352932506390465e-07,0.0,1.5352932506390462e-07,False,True,1.366021786950127e-15,19,5,0,4.005117762337675,4.005117762337681,0.10119769364247215,0.1011976334506585,6.019181364447235e-08,-0.0029524979237789202,0.0,0.0
NGC5585,fixed_core_envelope,envelope,1.0,20.0,1.53,1.53,30.6,1.0,0.0,0.0,1.1317036714080695,1.0026188355846255,19420442918.145176,0.0,19420442918.145176,1.0,0.1824953195462896,0.8897970581731622,1.5352932369785669e-07,0.0,1.5352932369785669e-07,False,True,0.0,19,5,0,4.005117762337678,4.005117762337681,0.1011976334506564,0.1011976334506585,-2.1094237467877974e-15,-0.0029524945891619015,0.0,0.0
NGC5585,envelope_a0.5_q10,envelope,0.5,10.0,1.53,0.765,7.65,1.0000000088976355,0.0,0.0,1.1317036714080695,1.0026188355846255,19420442918.145176,0.0,19420443090.9412,1.0000000088976355,0.5738828786561059,0.8897970581731622,1.5352932506390465e-07,0.0,1.5352932506390462e-07,False,True,2.5509771563252307e-15,19,5,0,4.005117762337675,4.005117762337681,0.10119769364247215,0.1011976334506585,6.019181364447235e-08,-0.0029524979237789202,0.0,0.0
NGC5585,envelope_a0.5_q20,envelope,0.5,20.0,1.53,0.765,15.3,1.0000000088976355,0.0,0.0,1.1317036714080695,1.0026188355846255,19420442918.145176,0.0,19420443090.9412,1.0000000088976355,0.3662593132335311,0.8897970581731622,1.5352932506390465e-07,0.0,1.5352932506390462e-07,False,True,2.968937360108469e-15,19,5,0,4.005117762337675,4.005117762337681,0.10119769364247215,0.1011976334506585,6.019181364447235e-08,-0.0029524979237789202,0.0,0.0
NGC5585,envelope_a0.5_q50,envelope,0.5,50.0,1.53,0.765,38.25,1.0000000088976355,0.0,0.0,1.1317036714080695,1.0026188355846255,19420442918.145176,0.0,19420443090.9412,1.0000000088976355,0.16177738924464058,0.8897970581731622,1.5352932506390465e-07,0.0,1.5352932506390462e-07,False,True,3.183996584092995e-15,19,5,0,4.005117762337675,4.005117762337681,0.10119769364247215,0.1011976334506585,6.019181364447235e-08,-0.0029524979237789202,0.0,0.0
NGC5585,envelope_a1_q10,envelope,1.0,10.0,1.53,1.53,15.3,1.0000000088976355,0.0,0.0,1.1317036714080695,1.0026188355846255,19420442918.145176,0.0,19420443090.9412,1.0000000088976355,0.3383980225202308,0.8897970581731622,1.5352932506390465e-07,0.0,1.5352932506390462e-07,False,True,7.249294288069946e-15,19,5,0,4.005117762337675,4.005117762337681,0.10119769364247215,0.1011976334506585,6.019181364447235e-08,-0.0029524979237789202,0.0,0.0
NGC5585,envelope_a1_q20,envelope,1.0,20.0,1.53,1.53,30.6,1.0000000088976355,0.0,0.0,1.1317036714080695,1.0026188355846255,19420442918.145176,0.0,19420443090.9412,1.0000000088976355,0.1824953195462896,0.8897970581731622,1.5352932506390465e-07,0.0,1.5352932506390462e-07,False,True,7.78196134591886e-15,19,5,0,4.005117762337675,4.005117762337681,0.10119769364247215,0.1011976334506585,6.019181364447235e-08,-0.0029524979237789202,0.0,0.0
NGC5585,envelope_a1_q50,envelope,1.0,50.0,1.53,1.53,76.5,1.0000000088976355,0.0,0.0,1.1317036714080695,1.0026188355846255,19420442918.145176,0.0,19420443090.9412,1.0000000088976355,0.07383344805274623,0.8897970581731622,1.5352932506390465e-07,0.0,1.5352932506390462e-07,False,True,7.949409728926031e-15,19,5,0,4.005117762337675,4.005117762337681,0.10119769364247215,0.1011976334506585,6.019181364447235e-08,-0.0029524979237789202,0.0,0.0
NGC5585,envelope_a2_q10,envelope,2.0,10.0,1.53,3.06,30.6,1.0000000088976355,0.0,0.0,1.1317036714080695,1.0026188355846255,19420442918.145176,0.0,19420443090.9412,1.0000000088976355,0.15143154529038141,0.8897970581731622,1.5352932506390465e-07,0.0,1.5352932506390462e-07,False,True,3.9211299462544083e-14,19,5,0,4.005117762337675,4.005117762337681,0.10119769364247215,0.1011976334506585,6.019181364447235e-08,-0.0029524979237789202,0.0,0.0
NGC5585,envelope_a2_q20,envelope,2.0,20.0,1.53,3.06,61.2,1.0000000088976355,0.0,0.0,1.1317036714080695,1.0026188355846255,19420442918.145176,0.0,19420443090.9412,1.0000000088976355,0.07524166516454903,0.8897970581731622,1.5352932506390465e-07,0.0,1.5352932506390462e-07,False,True,3.994074621957274e-14,19,5,0,4.005117762337675,4.005117762337681,0.10119769364247215,0.1011976334506585,6.019181364447235e-08,-0.0029524979237789202,0.0,0.0
NGC5585,envelope_a2_q50,envelope,2.0,50.0,1.53,3.06,153.0,1.0000000088976355,0.0,0.0,1.1317036714080695,1.0026188355846255,19420442918.145176,0.0,19420443090.9412,1.0000000088976355,0.02958410283259532,0.8897970581731622,1.5352932506390465e-07,0.0,1.5352932506390462e-07,False,True,4.0147695744486e-14,19,5,0,4.005117762337675,4.005117762337681,0.10119769364247215,0.1011976334506585,6.019181364447235e-08,-0.0029524979237789202,0.0,0.0
NGC5907,core_refit,none,1.0,20.0,5.34,5.34,106.8,1.0000000000890132,0.0,0.0,1.0307227803101509,1.0000333360562863,435165719076.7819,0.0,435165719115.51746,1.0000000000890132,0.0,0.6562365608187186,5.92651443395826e-07,0.0,5.926514433958259e-07,False,True,1.7479351299667912e-12,15,4,0,5.503832749641114,5.503832749641106,2.2513949184439928,2.2513949223220213,-3.878028564940905e-09,0.027047149097872487,0.0,0.0
NGC5907,core_plummer,plummer,1.0,20.0,5.34,5.34,106.8,0.9766219223066833,2246.8706246696815,2246.720828548917,1.0307227803101509,1.0000333360562863,435165719076.7819,2875220487.5978546,427867601574.3347,0.9832291074813283,0.9833487923240477,0.6562365608187186,5.787963918555415e-07,2.4998140558217852e-08,6.037945324137594e-07,False,True,4.06528802502542e-06,15,4,0,5.414631988635398,5.503832749641106,2.8062914025202526,2.2513949223220213,0.5548964801982312,0.030164980998713436,0.010035906784374752,0.01397959618141881
NGC5907,fixed_core_envelope,envelope,1.0,20.0,5.34,5.34,106.8,1.0,0.0,0.0,1.0307227803101509,1.0000333360562863,435165719076.7819,0.0,435165719076.7819,1.0,0.2460257036627947,0.6562365608187186,5.926514433430722e-07,0.0,5.926514433430722e-07,False,True,0.0,15,4,0,5.503832749641108,5.503832749641106,2.2513949223220138,2.2513949223220213,-7.549516567451064e-15,0.027047149120404686,0.0,0.0
NGC5907,envelope_a0.5_q10,envelope,0.5,10.0,5.34,2.67,26.7,0.9850670602526439,404.3587312734045,404.33177317057607,1.0307227803101509,1.0000333360562863,435165719076.7819,3657567115.2047105,432324982728.89813,0.9934720585208079,0.6587379744727431,0.6562365608187186,5.838014150484464e-07,1.0358864522315541e-08,5.94160279570762e-07,False,True,2.0152308404857346e-05,15,4,0,5.493390405088878,5.503832749641106,2.504495267670731,2.2513949223220213,0.2531003453487095,0.028520819543208342,0.008492200587838764,0.010721680417497596
NGC5907,envelope_a0.5_q20,envelope,0.5,20.0,5.34,2.67,53.4,0.9821223867313038,379.9241188724484,379.89878979539026,1.0307227803101509,1.0000333360562863,435165719076.7819,7254933487.899243,434640928131.23236,0.9987940434585175,0.4556327426405424,0.6562365608187186,5.820562500358502e-07,1.2662792851705132e-08,5.947190428875553e-07,False,True,2.7237624903425474e-05,15,4,0,5.494108335496678,5.503832749641106,2.4978725289351758,2.2513949223220213,0.24647760661315443,0.028481990379074618,0.011648740544183958,0.013775187315645704
NGC5907,envelope_a0.5_q50,envelope,0.5,50.0,5.34,2.67,133.5,0.9795597925312269,392.69077768836655,392.66459747375524,1.0307227803101509,1.0000333360562863,435165719076.7819,19338810216.39275,445609651711.94745,1.0239998974581974,0.21448259142411472,0.6562365608187186,5.80537524884472e-07,1.7091561473876448e-08,5.976290863583484e-07,False,True,7.48890114114715e-05,15,4,0,5.493758485436367,5.503832749641106,2.4880843180682093,2.2513949223220213,0.23668939574618797,0.028419647897165425,0.014611116693143298,0.016388523037665907
NGC5907,envelope_a1_q10,envelope,1.0,10.0,5.34,5.34,53.4,1.00000000068461,0.0,0.0,1.0307227803101509,1.0000333360562863,435165719076.7819,0.0,435165719374.7007,1.00000000068461,0.430992667457273,0.6562365608187186,5.926514437488072e-07,0.0,5.926514437488072e-07,False,True,6.356787691203936e-07,15,4,0,5.503832749641103,5.503832749641106,2.251394892495765,2.2513949223220213,-2.982625613157097e-08,0.027047148947107205,0.0,0.0
NGC5907,envelope_a1_q20,envelope,1.0,20.0,5.34,5.34,106.8,1.0000000002971465,1.342391087910077e-14,1.3423015923355167e-14,1.0307227803101509,1.0000333360562863,435165719076.7819,5.126791153159702e-07,435165719206.0899,1.0000000002971465,0.2460257036627947,0.6562365608187186,5.926514435191765e-07,4.47416192544682e-25,5.926514435191765e-07,False,True,2.5231133332610634e-07,15,4,0,5.503832749641107,5.503832749641106,2.251394909376308,2.2513949223220213,-1.2945713390166702e-08,0.02704714904518711,4.41683332042802e-19,4.900538567677558e-19
NGC5907,envelope_a1_q50,envelope,1.0,50.0,5.34,5.34,267.0,1.0000000003347411,2.4759499022719524e-14,2.475784833715492e-14,1.0307227803101509,1.0000333360562863,435165719076.7819,2.4386579968695794e-06,435165719222.44977,1.0000000003347411,0.10199803763067143,0.6562365608187186,5.92651443541457e-07,1.0776379880889961e-24,5.92651443541457e-07,False,True,3.137120378621733e-07,15,4,0,5.503832749641109,5.503832749641106,2.2513949077384185,2.2513949223220213,-1.4583602769846493e-08,0.027047149035670584,8.710189747657737e-19,9.466431282357464e-19
NGC5907,envelope_a2_q10,envelope,2.0,10.0,5.34,10.68,106.8,1.0000000000890132,0.0,0.0,1.0307227803101509,1.0000333360562863,435165719076.7819,0.0,435165719115.51746,1.0000000000890132,0.21519036530733393,0.6562365608187186,5.92651443395826e-07,0.0,5.926514433958259e-07,False,True,1.1650968806042617e-13,15,4,0,5.503832749641114,5.503832749641106,2.2513949184439928,2.2513949223220213,-3.878028564940905e-09,0.027047149097872487,0.0,0.0
NGC5907,envelope_a2_q20,envelope,2.0,20.0,5.34,10.68,213.6,1.0000000000890132,0.0,0.0,1.0307227803101509,1.0000333360562863,435165719076.7819,0.0,435165719115.51746,1.0000000000890132,0.10944597058055876,0.6562365608187186,5.92651443395826e-07,0.0,5.926514433958259e-07,False,True,1.2286958268846625e-13,15,4,0,5.503832749641114,5.503832749641106,2.2513949184439928,2.2513949223220213,-3.878028564940905e-09,0.027047149097872487,0.0,0.0
NGC5907,envelope_a2_q50,envelope,2.0,50.0,5.34,10.68,534.0,1.0000000000890132,0.0,0.0,1.0307227803101509,1.0000333360562863,435165719076.7819,0.0,435165719115.51746,1.0000000000890132,0.04335469013141778,0.6562365608187186,5.92651443395826e-07,0.0,5.926514433958259e-07,False,True,1.2485552605238505e-13,15,4,0,5.503832749641114,5.503832749641106,2.2513949184439928,2.2513949223220213,-3.878028564940905e-09,0.027047149097872487,0.0,0.0
NGC5985,core_refit,none,1.0,20.0,7.01,7.01,140.2,1.0000000006515155,0.0,0.0,1.5655869058189895,1.010876416360079,116352876476.47928,0.0,116352876552.28499,1.0000000006515155,0.0,0.999999999227024,8.018443240683507e-07,0.0,8.018443240683507e-07,False,True,1.0146550266551279e-11,26,7,0,2.2673685888771633,2.267368588877155,56.7271361816688,56.72713623035402,-4.868522296419542e-08,0.10396533653451827,0.0,0.0
NGC5985,core_plummer,plummer,1.0,20.0,7.01,7.01,140.2,0.9499529212334807,3670.267843285394,3591.7130238600535,1.5655869058189895,1.010876416360079,116352876476.47928,9165069000.757586,119694823903.50742,1.028722516608377,0.9418280459169102,0.999999999227024,7.617143575269469e-07,3.9963196973264006e-08,8.01677554500211e-07,False,True,5.354131335990173e-07,26,7,0,2.258464644817244,2.267368588877155,55.10903560286712,56.72713623035402,-1.6181006274869034,0.10230205450904868,0.0724387191716179,0.06732052513071989
NGC5985,fixed_core_envelope,envelope,1.0,20.0,7.01,7.01,140.2,1.0,1049.2835705506925,1026.825732341042,1.5655869058189895,1.010876416360079,116352876476.47928,78199563894.93483,194552440371.41412,1.6720896488600596,0.11672486192120006,0.999999999227024,8.018443235459367e-07,3.42261725825398e-08,8.360704961284765e-07,False,True,5.1954884836079216e-11,26,7,0,2.2395265048393638,2.267368588877155,52.265922027231376,56.72713623035402,-4.461214203122644,0.09950430030133993,0.07274292057230547,0.04136936739367478
NGC5985,envelope_a0.5_q10,envelope,0.5,10.0,7.01,3.505,35.05,0.941448185436521,2485.9500645707435,2432.7432233370632,1.5655869058189895,1.010876416360079,116352876476.47928,43879611297.367004,153419815726.46808,1.3185734669609297,0.44821547588126764,0.999999999227024,7.548948834048967e-07,6.23261864149828e-08,8.172210698198795e-07,False,True,1.8969597985667481e-06,26,7,0,2.2137605867481374,2.267368588877155,50.57760909664641,56.72713623035402,-6.149527133707608,0.09781597140952251,0.15221629223909575,0.10848656465100627
NGC5985,envelope_a0.5_q20,envelope,0.5,20.0,7.01,3.505,70.1,0.9394121895675742,2408.8778111032148,2357.3205489227153,1.5655869058189895,1.010876416360079,116352876476.47928,89762767468.85173,199066077922.10663,1.7108823086324627,0.25891335378174823,0.999999999227024,7.532623316746189e-07,7.857424818898009e-08,8.318365798635988e-07,False,True,6.845216084172652e-06,26,7,0,2.2026449241959773,2.267368588877155,49.35099361130359,56.72713623035402,-7.376142619050427,0.09663774314656418,0.17534376109074382,0.11667930093919374
NGC5985,envelope_a0.5_q50,envelope,0.5,50.0,7.01,3.505,175.25,0.9386441039812213,2390.507283128479,2339.343205742501,1.5655869058189895,1.010876416360079,116352876476.47928,229728042955.61176,338941984441.5144,2.9130520422503823,0.10795289547207089,0.999999999227024,7.526464466072043e-07,1.0182488685427142e-07,8.544713334614757e-07,False,True,8.42824783805136e-06,26,7,0,2.1984921190087423,2.267368588877155,48.85003976322006,56.72713623035402,-7.87709646713396,0.09616242174199706,0.18505420248642773,0.11966149458543354
NGC5985,envelope_a1_q10,envelope,1.0,10.0,7.01,7.01,70.1,0.9509791484131227,3004.0598707537824,2939.763914500427,1.5655869058189895,1.010876416360079,116352876476.47928,106049579451.5935,216698738838.61304,1.8624270013850381,0.22827565950499534,0.999999999227024,7.625372319656114e-07,7.531591168091272e-08,8.37853143646524e-07,False,True,8.84718866695292e-06,26,7,0,2.1927213192275774,2.267368588877155,48.45914822467132,56.72713623035402,-8.267988005682703,0.09575538790079792,0.17951172405939933,0.11087657120102724
NGC5985,envelope_a1_q20,envelope,1.0,20.0,7.01,7.01,140.2,0.9502556568780184,2965.2079335282106,2901.743526100008,1.5655869058189895,1.010876416360079,116352876476.47928,220986941726.3544,331551920792.15814,2.8495378097436324,0.11672486192120006,0.999999999227024,7.619571043850544e-07,9.672096402194616e-08,8.586780684070006e-07,False,True,3.5580626176616925e-06,26,7,0,2.188578296724544,2.267368588877155,47.95939491236944,56.72713623035402,-8.76774131798458,0.0952794319902022,0.1891664462560099,0.11373937768829734
NGC5985,envelope_a1_q50,envelope,1.0,50.0,7.01,7.01,350.5,0.9500394132620406,2954.6317513095687,2891.3937061306265,1.5655869058189895,1.010876416360079,116352876476.47928,567880947005.154,678420765504.2191,5.830717607066309,0.046320521599153876,0.999999999227024,7.617837106690795e-07,1.2585405863286176e-07,8.876377693019413e-07,False,True,3.685613370593711e-07,26,7,0,2.1873231692003965,2.267368588877155,47.802514617432564,56.72713623035402,-8.924621612921456,0.09513061294468604,0.19222232947808815,0.11459717110081993
NGC5985,envelope_a2_q10,envelope,2.0,10.0,7.01,14.02,140.2,0.9510805400222239,5763.310803244437,5639.958541564341,1.5655869058189895,1.010876416360079,116352876476.47928,406913785496.24976,517574742088.6388,4.448319266032641,0.08775480752477796,0.999999999227024,7.626185322518243e-07,1.4449412665596805e-07,9.071126589077923e-07,False,True,2.436229490322722e-05,26,7,0,2.1514141140505734,2.267368588877155,44.42015495533137,56.72713623035402,-12.30698127502265,0.0917410750454328,0.24396214481583103,0.13083392994702037
NGC5985,envelope_a2_q20,envelope,2.0,20.0,7.01,14.02,280.4,0.9508983079581728,5704.884243145959,5582.782486353831,1.5655869058189895,1.010876416360079,116352876476.47928,850331545076.9208,960971298444.4712,8.259110797649523,0.042784335352341364,0.999999999227024,7.624724105056969e-07,1.860853997426546e-07,9.485578102483514e-07,False,True,3.515958600649124e-08,26,7,0,2.149947336861348,2.267368588877155,44.229275484018956,56.72713623035402,-12.497860746335064,0.09155662390421353,0.24745419504247013,0.13167924871630493
NGC5985,envelope_a2_q50,envelope,2.0,50.0,7.01,14.02,701.0,0.9508464793305925,5688.686731138055,5566.931650034256,1.5655869058189895,1.010876416360079,116352876476.47928,2186733968903.2268,2297367691860.8745,19.744829362472075,0.016726513208377848,0.999999999227024,7.624308520148744e-07,2.4231253627031753e-07,1.004743388285192e-06,False,True,1.5873169768248638e-07,26,7,0,2.149528609093095,2.267368588877155,44.17416354353919,56.72713623035402,-12.552972686814833,0.09150339956067645,0.24846406823182324,0.13191996633866546
NGC6015,core_refit,none,1.0,20.0,2.3,2.3,46.0,0.999999999999,0.0,0.0,1.361730258420241,1.0043410510159343,3.1583130321149604e+16,0.0,3.158313032111802e+16,0.999999999999,0.0,1.016832988054086e-05,0.000999999999999,0.0,0.000999999999999,True,True,0.0,35,9,0,8.670154343060862,8.670154343060862,77.6537115163041,77.65371151658441,-2.803091092573595e-10,-0.2386687354319917,0.0,0.0
NGC6015,core_plummer,plummer,1.0,20.0,2.3,2.3,46.0,0.9645176699249136,1415.6762161796353,1403.4647441670077,1.361730258420241,1.0043410510159343,3.1583130321149604e+16,1022019877.2026008,3.046248828830998e+16,0.96451770228459,0.9907840663320343,1.016832988054086e-05,0.0009645176699249136,1.5615651262666985e-08,0.0009645332855761763,False,True,4.832897019155173e-05,35,9,0,8.2602115184212,8.670154343060862,69.03058415689733,77.65371151658441,-8.623127359687075,-0.22402881516607864,0.003258411633477387,0.0076670366327882345
NGC6015,fixed_core_envelope,envelope,1.0,20.0,2.3,2.3,46.0,1.0,0.0,0.0,1.361730258420241,1.0043410510159343,3.1583130321149604e+16,0.0,3.1583130321149604e+16,1.0,0.3293362893964317,1.016832988054086e-05,0.001,0.0,0.001,True,True,0.0,35,9,0,8.670154343060862,8.670154343060862,77.65371151658441,77.65371151658441,0.0,-0.238668735432462,0.0,0.0
NGC6015,envelope_a0.5_q10,envelope,0.5,10.0,2.3,1.15,11.5,0.9717313610670973,376.3365011263653,373.09026261623717,1.361730258420241,1.0043410510159343,3.1583130321149604e+16,1920455022.2639382,3.069032013418524e+16,0.9717314218734521,0.7376428264616207,1.016832988054086e-05,0.0009717313610670973,9.558465946741915e-09,0.0009717409195330441,False,True,1.825075556005728e-05,35,9,0,8.606399947186683,8.670154343060862,71.36060768175761,77.65371151658441,-6.293103834826795,-0.22818787338465052,0.004518895164603699,0.009598507447371127
NGC6015,envelope_a0.5_q20,envelope,0.5,20.0,2.3,1.15,23.0,0.9697190469256678,322.04462112824797,319.26669858298015,1.361730258420241,1.0043410510159343,3.1583130321149604e+16,3469404510.640355,3.0626766503358868e+16,0.9697191567755933,0.5545586006613881,1.016832988054086e-05,0.0009697190469256678,1.0641802967525836e-08,0.0009697296887286353,False,True,2.3110908393332252e-05,35,9,0,8.620089249794049,8.670154343060862,71.29851222203303,77.65371151658441,-6.355199294551383,-0.2281303995927732,0.006140119424074187,0.012023319854127587
NGC6015,envelope_a0.5_q50,envelope,0.5,50.0,2.3,1.15,57.49999999999999,0.9673012697983929,315.396424713496,312.6758488012544,1.361730258420241,1.0043410510159343,3.1583130321149604e+16,8762703843.673296,3.055041082655998e+16,0.9673015472472637,0.2856175619730404,1.016832988054086e-05,0.000967301269798393,1.3609881118809865e-08,0.0009673148796795117,False,True,8.920300769075369e-07,35,9,0,8.621632543934648,8.670154343060862,71.16606797810606,77.65371151658441,-6.487643538478352,-0.2279282491459174,0.007992295439527305,0.014334549359408129
NGC6015,envelope_a1_q10,envelope,1.0,10.0,2.3,2.3,23.0,0.999999999999,0.0,0.0,1.361730258420241,1.0043410510159343,3.1583130321149604e+16,0.0,3.158313032111802e+16,0.999999999999,0.5339755657124305,1.016832988054086e-05,0.000999999999999,0.0,0.000999999999999,True,True,0.0,35,9,0,8.670154343060862,8.670154343060862,77.6537115163041,77.65371151658441,-2.803091092573595e-10,-0.2386687354319917,0.0,0.0
NGC6015,envelope_a1_q20,envelope,1.0,20.0,2.3,2.3,46.0,0.9999999999854358,0.0,0.0,1.361730258420241,1.0043410510159343,3.1583130321149604e+16,0.0,3.158313032068962e+16,0.9999999999854358,0.3293362893964317,1.016832988054086e-05,0.0009999999999854357,0.0,0.0009999999999854357,True,True,0.0,35,9,0,8.67015434306086,8.670154343060862,77.6537115125023,77.65371151658441,-4.082110649505921e-09,-0.2386687354256122,0.0,0.0
NGC6015,envelope_a1_q50,envelope,1.0,50.0,2.3,2.3,114.99999999999999,0.999999999999,0.0,0.0,1.361730258420241,1.0043410510159343,3.1583130321149604e+16,0.0,3.158313032111802e+16,0.999999999999,0.14230253976973606,1.016832988054086e-05,0.000999999999999,0.0,0.000999999999999,True,True,0.0,35,9,0,8.670154343060862,8.670154343060862,77.6537115163041,77.65371151658441,-2.803091092573595e-10,-0.2386687354319917,0.0,0.0
NGC6015,envelope_a2_q10,envelope,2.0,10.0,2.3,4.6,46.0,0.999999999999,0.0,0.0,1.361730258420241,1.0043410510159343,3.1583130321149604e+16,0.0,3.158313032111802e+16,0.999999999999,0.30034123487560843,1.016832988054086e-05,0.000999999999999,0.0,0.000999999999999,True,True,0.0,35,9,0,8.670154343060862,8.670154343060862,77.6537115163041,77.65371151658441,-2.803091092573595e-10,-0.2386687354319917,0.0,0.0
NGC6015,envelope_a2_q20,envelope,2.0,20.0,2.3,4.6,92.0,0.999999999999,0.0,0.0,1.361730258420241,1.0043410510159343,3.1583130321149604e+16,0.0,3.158313032111802e+16,0.999999999999,0.15875004976442925,1.016832988054086e-05,0.000999999999999,0.0,0.000999999999999,True,True,0.0,35,9,0,8.670154343060862,8.670154343060862,77.6537115163041,77.65371151658441,-2.803091092573595e-10,-0.2386687354319917,0.0,0.0
NGC6015,envelope_a2_q50,envelope,2.0,50.0,2.3,4.6,229.99999999999997,0.999999999999,0.0,0.0,1.361730258420241,1.0043410510159343,3.1583130321149604e+16,0.0,3.158313032111802e+16,0.999999999999,0.06373683476869016,1.016832988054086e-05,0.000999999999999,0.0,0.000999999999999,True,True,0.0,35,9,0,8.670154343060862,8.670154343060862,77.6537115163041,77.65371151658441,-2.803091092573595e-10,-0.2386687354319917,0.0,0.0
NGC6195,core_refit,none,1.0,20.0,13.94,13.94,278.8,1.0000000432149663,0.0,0.0,1.0048544815880929,1.0020666888313037,17773224434.952408,0.0,17773225203.0217,1.0000000432149663,0.0,1.0,5.447518777076824e-07,0.0,5.447518777076824e-07,False,True,7.370770660480981e-13,18,5,0,1.0103103956608335,1.0103103956608894,47.3297357378935,47.32973626007627,-5.221827663604017e-07,0.13452706856760926,0.0,0.0
NGC6195,core_plummer,plummer,1.0,20.0,13.94,13.94,278.8,0.9895822625759894,1464.0931006249862,1458.0601596597828,1.0048544815880929,1.0020666888313037,17773224434.952408,4748760885.809136,22336828535.4202,1.2567684956193494,0.8146725173109776,1.0,5.390767723883024e-07,1.6223107183750054e-08,5.552998795720525e-07,False,True,1.0975206661658769e-06,18,5,0,1.000479938869661,1.0103103956608894,44.98584087869826,47.32973626007627,-2.3438953813780046,0.1301179593367436,0.1803015139727443,0.1245692092060567
NGC6195,fixed_core_envelope,envelope,1.0,20.0,13.94,13.94,278.8,1.0,3099.7056984897226,3086.9330534437827,1.0048544815880929,1.0020666888313037,17773224434.952408,300058233203.8375,317831457638.7899,17.882599682573638,0.04668385819606508,1.0,5.447518541662494e-07,1.028937044624261e-07,6.476455586286754e-07,False,True,6.580780364651071e-11,18,5,0,0.9900605364526451,1.0103103956608894,39.53120569823808,47.32973626007627,-7.798530561838184,0.12137739868977208,0.4407612012666187,0.194806918530185
NGC6195,envelope_a0.5_q10,envelope,0.5,10.0,13.94,6.97,69.7,0.9889345473882126,1272.1399708022998,1266.8979917641843,1.0048544815880929,1.0020666888313037,17773224434.952408,29166136048.23445,46742691710.44324,2.6299500060619363,0.2429355718328257,1.0,5.387239283387895e-07,3.245756463156393e-08,5.711814929703532e-07,False,True,5.65286058216455e-06,18,5,0,0.9988961205192758,1.0103103956608894,43.25906831693616,47.32973626007627,-4.0706679431401085,0.12746809893829364,0.2873034734826882,0.1457653553892039
NGC6195,envelope_a0.5_q20,envelope,0.5,20.0,13.94,6.97,139.4,0.9888491011843042,1263.4114464661147,1258.2054341790283,1.0048544815880929,1.0020666888313037,17773224434.952408,61150483838.00365,78725520845.65324,4.429445041544261,0.12499841743248517,1.0,5.386773813607789e-07,4.193852469622181e-08,5.806159060570008e-07,False,True,3.5581061785111717e-06,18,5,0,0.9985166416030763,1.0103103956608894,42.97342635639636,47.32973626007627,-4.356309903679907,0.1270442219071837,0.30309644565988986,0.1490521117618488
NGC6195,envelope_a0.5_q50,envelope,0.5,50.0,13.94,6.97,348.5,0.9888255352914889,1260.8923637179519,1255.6967315614047,1.0048544815880929,1.0020666888313037,17773224434.952408,157389437767.61063,174964055933.35822,9.844249509913237,0.049708528727147906,1.0,5.386645437969726e-07,5.465687005679685e-08,5.933214138537695e-07,False,True,4.461158837229007e-07,18,5,0,0.9984077575415952,1.0103103956608894,42.882740566424054,47.32973626007627,-4.446995693652212,0.12691194984551912,0.3080372860004042,0.14999914700867703
NGC6195,envelope_a1_q10,envelope,1.0,10.0,13.94,13.94,139.4,0.9880596163243919,3687.2624324010317,3672.068701504826,1.0048544815880929,1.0020666888313037,17773224434.952408,169074473276.91174,186635478592.95813,10.500935228496028,0.0955524025222121,1.0,5.382473080195054e-07,9.40773511249048e-08,6.323246591444102e-07,False,True,4.031532002934319e-06,18,5,0,0.9865708867042934,1.0103103956608894,38.51873626918401,47.32973626007627,-8.810999990892256,0.11957498516256596,0.4791565831329349,0.2229735178084083
NGC6195,envelope_a1_q20,envelope,1.0,20.0,13.94,13.94,278.8,0.9880640895735541,3649.3273880207726,3634.2899722408397,1.0048544815880929,1.0020666888313037,17773224434.952408,353262804583.4845,370823889403.59216,20.864187630148784,0.04668385819606508,1.0,5.382497448302807e-07,1.2113821448681373e-07,6.593879593170944e-07,False,True,7.942112620784956e-06,18,5,0,0.9864735653248228,1.0103103956608894,38.364986258244734,47.32973626007627,-8.964750001831533,0.11935200639576918,0.4842976856140476,0.22377006119514226
NGC6195,envelope_a1_q50,envelope,1.0,50.0,13.94,13.94,697.0,0.9880653893683816,3638.7854282649146,3623.791451676682,1.0048544815880929,1.0020666888313037,17773224434.952408,908414404260.2792,925975512181.932,52.09946656392468,0.01826231872647197,1.0,5.38250452895923e-07,1.5773322770454152e-07,6.959836806004645e-07,False,True,4.864531745372209e-06,18,5,0,0.9864462259240526,1.0103103956608894,38.32035130375775,47.32973626007627,-9.00938495631852,0.11928752353279418,0.4857784767626525,0.22399476203183039
NGC6195,envelope_a2_q10,envelope,2.0,10.0,13.94,27.88,278.8,0.9885679383035513,11652.617365452146,11604.601598814173,1.0048544815880929,1.0020666888313037,17773224434.952408,1068630280312.4913,1086200320149.1586,61.11442097209229,0.02700238593052432,1.0,5.38524217360166e-07,2.9730657785048464e-07,8.358307952106506e-07,False,True,1.9193370726891763e-06,18,5,0,0.9807083298411161,1.0103103956608894,32.76197981693877,47.32973626007627,-14.567756443137498,0.11033101394492525,0.6215442093117851,0.2639862296702084
NGC6195,envelope_a2_q20,envelope,2.0,20.0,13.94,27.88,557.6,0.9885715196485712,11553.095953598271,11505.490274817574,1.0048544815880929,1.0020666888313037,17773224434.952408,2236729481486.028,2254299584974.7437,126.83683780763442,0.012975122258564446,1.0,5.38526168304506e-07,3.8350119537309134e-07,9.220273636775973e-07,False,True,2.262665631540144e-06,18,5,0,0.9806885605988289,1.0103103956608894,32.69544761266441,47.32973626007627,-14.634288647411857,0.11023261588580682,0.6228939437659897,0.26417690625120205
NGC6195,envelope_a2_q50,envelope,2.0,50.0,13.94,27.88,1394.0,0.9885725255691472,11525.493231166956,11478.001292144227,1.0048544815880929,1.0020666888313037,17773224434.952408,5754625697942.73,5772195819309.898,324.7691965200435,0.00505139972851006,1.0,5.385267162816049e-07,4.996044103391022e-07,1.0381311266207071e-06,False,True,1.510476216293026e-06,18,5,0,0.9806830235574656,1.0103103956608894,32.67664100969587,47.32973626007627,-14.653095250380396,0.11020481779424156,0.6232743458444314,0.26423040313189333
NGC6503,core_refit,none,1.0,20.0,2.16,2.16,43.2,0.9999999991790279,0.0,0.0,1.01544255424036,1.001250399047406,41692781039.8,0.0,41692781005.571396,0.9999999991790279,0.0,0.988902161178886,2.4626734996687277e-07,0.0,2.4626734996687277e-07,False,True,3.296918293915995e-12,24,7,0,5.991401361604015,5.991401361604009,18.343645846806556,18.343645737726767,1.0907978875707158e-07,0.10260835343294843,0.0,0.0
NGC6503,core_plummer,plummer,1.0,20.0,2.16,2.16,43.2,0.9807959275916655,985.9363058721573,983.475295066522,1.01544255424036,1.001250399047406,41692781039.8,501546814.8760798,41393656668.68293,0.9928255116675587,0.9874599991963149,0.988902161178886,2.4153801414459623e-07,1.0942638421831149e-08,2.524806525664274e-07,False,True,2.91351419971485e-06,24,7,0,5.864109985061041,5.991401361604009,19.288262474367123,18.343645737726767,0.9446167366403557,0.10500897432091984,0.012099057579190834,0.01266117672511638
NGC6503,fixed_core_envelope,envelope,1.0,20.0,2.16,2.16,43.2,1.0,49.168672060699855,49.04594138071635,1.01544255424036,1.001250399047406,41692781039.8,746490997.39192,42439272037.191925,1.0179045623432823,0.2843035200661027,0.988902161178886,2.462673501690514e-07,1.63480014309964e-09,2.47902150312151e-07,False,True,5.792834887153554e-05,24,7,0,5.979100459065452,5.991401361604009,17.73390716721027,18.343645737726767,-0.6097385705164982,0.10100190837335155,0.005121095123054446,0.0041671751342782495
NGC6503,envelope_a0.5_q10,envelope,0.5,10.0,2.16,1.08,10.8,0.9310330703670651,1037.501005894295,1034.9112836463607,1.01544255424036,1.001250399047406,41692781039.8,3730641651.7675576,42547999595.39431,1.020512389297752,0.6985287379949957,0.988902161178886,2.2928304715905306e-07,2.6514131441719894e-08,2.557971786007729e-07,False,True,9.302557293765844e-06,24,7,0,5.714223880291335,5.991401361604009,19.388297361562653,18.343645737726767,1.044651623835886,0.10514462971299447,0.06357159298220749,0.060343032381915
NGC6503,envelope_a0.5_q20,envelope,0.5,20.0,2.16,1.08,21.6,0.8841945890602418,1388.383546552421,1384.91798098791,1.01544255424036,1.001250399047406,41692781039.8,10539392005.02475,47403923403.28935,1.1369815642194145,0.5034377832987957,0.988902161178886,2.1774825848167906e-07,4.6162109437876413e-08,2.639103679195555e-07,False,True,1.4568562878750607e-05,24,7,0,5.58145634768433,5.991401361604009,17.74199298460623,18.343645737726767,-0.6016527531205362,0.10062470784999526,0.1270535805955411,0.1134138086266994
NGC6503,envelope_a0.5_q50,envelope,0.5,50.0,2.16,1.08,54.0,0.8406676629667781,1741.2224306875096,1736.8761385473233,1.01544255424036,1.001250399047406,41692781039.8,34088102888.30734,69137875687.6216,1.6582697043313674,0.24683206347920328,0.988902161178886,2.070289977316376e-07,7.560122681157896e-08,2.826302245432166e-07,False,True,4.369549963902035e-06,24,7,0,5.427480394263912,5.991401361604009,15.177508816657811,18.343645737726767,-3.166136921068956,0.09309860038046082,0.1953353320273511,0.1661209635052026
NGC6503,envelope_a1_q10,envelope,1.0,10.0,2.16,2.16,21.6,0.732478466337668,3810.0297109227713,3800.519437051603,1.01544255424036,1.001250399047406,41692781039.8,27400176873.637775,57939241187.02269,1.3896708193131513,0.4807101557834095,0.988902161178886,1.803855309608682e-07,9.736822227481936e-08,2.777537532356875e-07,False,True,3.5592665935088615e-05,24,7,0,5.142279556564341,5.991401361604009,14.722484076762308,18.343645737726767,-3.621161660964459,0.09164128281733853,0.303689879168925,0.27353412815125827
NGC6503,envelope_a1_q20,envelope,1.0,20.0,2.16,2.16,43.2,0.6210232399678709,4902.680174509693,4890.442518979431,1.01544255424036,1.001250399047406,41692781039.8,74433708700.63803,100325894665.24565,2.406313327227425,0.2843035200661027,0.988902161178886,1.529377477002865e-07,1.630083123043395e-07,3.1594606000462593e-07,False,True,6.910612183035983e-07,24,7,0,4.780583766936551,5.991401361604009,9.092796067196174,18.343645737726767,-9.250849670530593,0.07216844887390507,0.4524973712242999,0.40187140884277245
NGC6503,envelope_a1_q50,envelope,1.0,50.0,2.16,2.16,108.0,0.5863655278048665,5189.521872935364,5176.568227421644,1.01544255424036,1.001250399047406,41692781039.8,203191680084.08206,227638889644.13712,5.4599113795463206,0.11996391593704642,0.988902161178886,1.444026847629817e-07,2.2532113832494453e-07,3.6972382308792626e-07,False,True,5.190932347333646e-07,24,7,0,4.650477256277607,5.991401361604009,6.786521909108909,18.343645737726767,-11.557123828617858,0.06233752255474355,0.5020573100748569,0.4433359254574565
NGC6503,envelope_a2_q10,envelope,2.0,10.0,2.16,4.32,43.2,0.48614401752886605,9070.527891958383,9047.886807517154,1.01544255424036,1.001250399047406,41692781039.8,130463060623.60376,150731756700.24347,3.61529629209322,0.2541606111038603,0.988902161178886,1.197213989973707e-07,2.3180427527958844e-07,3.5152567427695913e-07,False,True,1.8459350430041947e-06,24,7,0,4.8141623793064925,5.991401361604009,1.9730202448267808,18.343645737726767,-16.370625492899986,0.03341943752467597,0.6232541339152914,0.5634343792513622
NGC6503,envelope_a2_q20,envelope,2.0,20.0,2.16,4.32,86.4,0.577985267077623,7178.791823363123,7160.872730472965,1.01544255424036,1.001250399047406,41692781039.8,217980402711.53177,242078215896.02942,5.806238151034854,0.13142282452656898,0.988902161178886,1.4233890015995767e-07,2.386863303045551e-07,3.8102523046451274e-07,False,True,3.507549525595025e-06,24,7,0,4.98666029172642,5.991401361604009,2.497132773152093,18.343645737726767,-15.846512964574675,0.0378379863572622,0.5458975431273256,0.4771943264373836
NGC6503,envelope_a2_q50,envelope,2.0,50.0,2.16,4.32,216.0,0.6011872125603809,6711.909542439089,6695.1558416046555,1.01544255424036,1.001250399047406,41692781039.8,525599163041.6499,550664329858.8575,13.207666078527897,0.052352318505565924,0.988902161178886,1.4805278179276324e-07,2.9142089299664263e-07,4.394736747894059e-07,False,True,6.131514480799826e-08,24,7,0,5.029873502424722,5.991401361604009,2.6443079739980426,18.343645737726767,-15.699337763728725,0.03896581280184431,0.5260914269453918,0.4551298351572618
NGC6674,core_refit,none,1.0,20.0,6.04,6.04,120.8,1.0000000006071215,0.0,0.0,1.3466136452735795,1.0903011367045743,1779161573970.56,0.0,1779161575050.7273,1.0000000006071215,0.0,0.4099858259643071,9.631175289896968e-07,0.0,9.631175289896968e-07,False,True,8.326139776943608e-11,12,3,0,0.7932222458158741,0.7932222458158765,1.4374328758678165,1.4374328971502361,-2.1282419604418124e-08,-0.00015303013716931775,0.0,0.0
NGC6674,core_plummer,plummer,1.0,20.0,6.04,6.04,120.8,0.9969684961849428,491.6659791752969,413.59685584178754,1.3466136452735795,1.0903011367045743,1779161573970.56,782160877.3008453,1774550199748.7659,0.9974081194820867,0.9896532251426393,0.4099858259643071,9.601978339432593e-07,4.601885648359653e-09,9.64799719591619e-07,False,True,3.973456239070671e-07,12,3,0,0.7916613482683904,0.7932222458158765,1.4925434584853647,1.4374328971502361,0.055110561335128594,0.00038998540047949513,0.0010632892901769994,0.0017122773538119764
NGC6674,fixed_core_envelope,envelope,1.0,20.0,6.04,6.04,120.8,1.0,41.81710544255151,35.17718138736086,1.3466136452735795,1.0903011367045743,1779161573970.56,1985424500.4926853,1781146998471.0527,1.0011159326558867,0.312020455255771,0.4099858259643071,9.631175284049675e-07,1.172526401715884e-09,9.642900548066834e-07,False,True,1.0572875907998505e-11,12,3,0,0.7925902328728619,0.7932222458158765,1.4020513869425228,1.4374328971502361,-0.035381510207713296,-0.00042800707334168624,0.0008485618996727917,0.0010951593108926255
NGC6674,envelope_a0.5_q10,envelope,0.5,10.0,6.04,3.02,30.2,0.9916343073495083,329.7109334655279,277.3578225744661,1.3466136452735795,1.0903011367045743,1779161573970.56,3707589731.707922,1767985244798.8652,0.9937182044985647,0.7234481232537933,0.4099858259643071,9.550603831760303e-07,7.105828180960791e-09,9.62166211356991e-07,False,True,1.8253152309291955e-05,12,3,0,0.7882382634439349,0.7932222458158765,1.5672242077495178,1.4374328971502361,0.12979131059928162,0.0011185477674485096,0.0036945012346636897,0.005466772500372012
NGC6674,envelope_a0.5_q20,envelope,0.5,20.0,6.04,3.02,60.4,0.9895123483234902,304.2403553210919,255.93158711542222,1.3466136452735795,1.0903011367045743,1779161573970.56,7222478087.62059,1767724825194.1465,0.9935718324048051,0.5355159261839927,0.4099858259643071,9.530166872435152e-07,8.53071596673468e-09,9.615474032102498e-07,False,True,1.1729770009066936e-05,12,3,0,0.7879477847262198,0.7932222458158765,1.57879630297455,1.4374328971502361,0.14136340582431384,0.0012433359371169944,0.005330060837508704,0.00738783724741255
NGC6674,envelope_a0.5_q50,envelope,0.5,50.0,6.04,3.02,151.0,0.9878992719780656,304.14619421255054,255.85237736716874,1.3466136452735795,1.0903011367045743,1779161573970.56,18620626068.029957,1776253049724.8955,0.9983652275947184,0.270602943587522,0.4099858259643071,9.514631051405813e-07,1.1136518708694321e-08,9.625996238492756e-07,False,True,2.21176346170036e-07,12,3,0,0.7879006588162122,0.7932222458158765,1.5795981776888188,1.4374328971502361,0.14216528053858268,0.0012474336289663938,0.00694390353814509,0.008989006500509497
NGC6674,envelope_a1_q10,envelope,1.0,10.0,6.04,6.04,60.4,0.987275379010592,421.902677698952,354.9109117946573,1.3466136452735795,1.0903011367045743,1779161573970.56,9488566358.265802,1766010983621.132,0.9926085463277629,0.5141237265466413,0.4099858259643071,9.50862222887759e-07,9.09271617202672e-09,9.599549390597855e-07,False,True,2.7843128204182445e-07,12,3,0,0.7869101220142097,0.7932222458158765,1.6019112781248592,1.4374328971502361,0.16447838097462308,0.001466289719652279,0.006728429586904469,0.009191227971735202
NGC6674,envelope_a1_q20,envelope,1.0,20.0,6.04,6.04,120.8,0.9854330962661005,419.02984215970247,352.49423910077434,1.3466136452735795,1.0903011367045743,1779161573970.56,19895019185.49563,1773139717780.9734,0.9966153404627845,0.312020455255771,0.4099858259643071,9.490878880842612e-07,1.1749343906982583e-08,9.608372319912437e-07,False,True,6.57218526286818e-07,12,3,0,0.7868903316941486,0.7932222458158765,1.602738656953802,1.4374328971502361,0.16530575980356588,0.0014725509380704913,0.008562124873143409,0.011025595998956274
NGC6674,envelope_a1_q50,envelope,1.0,50.0,6.04,6.04,302.0,0.9844451740745013,426.16492900395036,358.4963820391347,1.3466136452735795,1.0903011367045743,1779161573970.56,52181864756.42993,1803668890150.5415,1.0137746433705221,0.13354353681254275,0.4099858259643071,9.481364029048316e-07,1.5604317249898493e-08,9.637407201547301e-07,False,True,1.728610097603875e-06,12,3,0,0.7867671417495798,0.7932222458158765,1.603007740351676,1.4374328971502361,0.1655748432014399,0.0014640181474934514,0.009611086195465494,0.012001938115828385
NGC6674,envelope_a2_q10,envelope,2.0,10.0,6.04,12.08,120.8,0.9791020601399704,760.9632480522233,640.1337902888342,1.3466136452735795,1.0903011367045743,1779161573970.56,34228037208.605453,1776208799605.053,0.9983403562617883,0.28254898815643154,0.4099858259643071,9.429903562182201e-07,1.6400044838823304e-08,9.593904010570433e-07,False,True,4.463457601062969e-06,12,3,0,0.7851214857511263,0.7932222458158765,1.6451298024005123,1.4374328971502361,0.20769690525027618,0.0018812463056365498,0.013360480019909714,0.01662984580865159
NGC6674,envelope_a2_q20,envelope,2.0,20.0,6.04,12.08,241.6,0.9774150820783297,778.8157576486966,655.1515912975026,1.3466136452735795,1.0903011367045743,1779161573970.56,73954419859.58502,1812933775712.6301,1.0189820881004643,0.14804185158157152,0.4099858259643071,9.413655980770194e-07,2.183752386137747e-08,9.632031219383968e-07,False,True,1.2719072187881416e-05,12,3,0,0.7849083116372961,0.7932222458158765,1.646004888226482,1.4374328971502361,0.2085719910762458,0.0018732783102500667,0.015124008906410814,0.018293283957162742
NGC6674,envelope_a2_q50,envelope,2.0,50.0,6.04,12.08,604.0,0.9767975129018724,787.3149288407362,662.301222614652,1.3466136452735795,1.0903011367045743,1779161573970.56,192805922502.85678,1930686523007.8806,1.0851664914834924,0.0592477712531261,0.4099858259643071,9.407708063781707e-07,2.882806887447612e-08,9.69598875252647e-07,False,True,9.283911076780218e-07,12,3,0,0.7848046534610765,0.7932222458158765,1.6464175605758111,1.4374328971502361,0.20898466342557498,0.0018689654751582688,0.015779599381594008,0.01889875101694625
NGC6946,core_refit,none,1.0,20.0,2.44,2.44,48.8,1.0000000004259542,0.0,0.0,0.9868474454043052,0.9994264705486536,66202810353.31591,0.0,66202810381.515274,1.0000000004259542,0.0,0.8879662103720288,3.2130598405463765e-07,0.0,3.213059840546376e-07,False,True,1.0221357093008712e-10,46,12,0,1.7549041355911115,1.7549041355911084,0.05102371307260356,0.051023713145501415,-7.289785441955132e-11,0.008266909785410085,0.0,0.0
NGC6946,core_plummer,plummer,1.0,20.0,2.44,2.44,48.8,1.0000000004259542,0.0,0.0,0.9868474454043052,0.9994264705486536,66202810353.31591,0.0,66202810381.515274,1.0000000004259542,0.9789183849733094,0.8879662103720288,3.2130598405463765e-07,0.0,3.213059840546376e-07,False,True,1.8535446639241175e-12,46,12,0,1.7549041355911115,1.7549041355911084,0.05102371307260356,0.051023713145501415,-7.289785441955132e-11,0.008266909785410085,0.0,0.0
NGC6946,fixed_core_envelope,envelope,1.0,20.0,2.44,2.44,48.8,1.0,3.7956111781423494,3.799968716141524,0.9868474454043052,0.9994264705486536,66202810353.31591,63493937.181805365,66266304290.49772,1.0009590822027485,0.21669658239603157,0.8879662103720288,3.21305983917776e-07,1.2666062116537938e-10,3.214326445389414e-07,False,True,2.0423662760962665e-12,46,12,0,1.7548975527790354,1.7549041355911084,0.050981220292744295,0.051023713145501415,-4.249285275712e-05,0.00820793120968634,0.0002339967463177591,0.0002182931422787296
NGC6946,envelope_a0.5_q10,envelope,0.5,10.0,2.44,1.22,12.2,1.0000000004259542,0.0,0.0,0.9868474454043052,0.9994264705486536,66202810353.31591,0.0,66202810381.515274,1.0000000004259542,0.6229773445609428,0.8879662103720288,3.2130598405463765e-07,0.0,3.213059840546376e-07,False,True,2.0735986614021898e-11,46,12,0,1.7549041355911115,1.7549041355911084,0.05102371307260356,0.051023713145501415,-7.289785441955132e-11,0.008266909785410085,0.0,0.0
NGC6946,envelope_a0.5_q20,envelope,0.5,20.0,2.44,1.22,24.4,1.0000000021453144,0.0,0.0,0.9868474454043052,0.9994264705486536,66202810353.31591,0.0,66202810495.34175,1.0000000021453144,0.4160111877290269,0.8879662103720288,3.2130598460707836e-07,0.0,3.2130598460707836e-07,False,True,3.3342469907776844e-06,46,12,0,1.754904135591109,1.7549041355911084,0.05102371277835207,0.051023713145501415,-3.671493456480768e-10,0.008266909334998717,0.0,0.0
NGC6946,envelope_a0.5_q50,envelope,0.5,50.0,2.44,1.22,61.0,1.0000000003625422,1.2203164541582745e-15,1.2217174341508077e-15,0.9868474454043052,0.9994264705486536,66202810353.31591,2.6323006532649048e-08,66202810377.31722,1.0000000003625422,0.19001967753961602,0.8879662103720288,3.21305984034263e-07,5.317784889148498e-26,3.21305984034263e-07,False,True,1.4683126971953262e-07,46,12,0,1.7549041355911084,1.7549041355911084,0.051023713083455956,0.051023713145501415,-6.204545904830994e-11,0.00826690980202173,8.508660634296762e-20,8.084065793915746e-20
NGC6946,envelope_a1_q10,envelope,1.0,10.0,2.44,2.44,24.4,0.9959288396416882,59.06095403123477,59.12875875078578,0.9868474454043052,0.9994264705486536,66202810353.31591,467993593.02085805,66401281689.217514,1.00299792916407,0.3898752714679338,0.8879662103720288,3.199978957331616e-07,1.5148619077572972e-09,3.215127576409189e-07,False,True,4.884484867457506e-06,46,12,0,1.754807229475349,1.7549041355911084,0.05119057064490285,0.051023713145501415,0.0001668574994014363,0.00853537760734037,0.0031067982901674374,0.0030299182785969284
NGC6946,envelope_a1_q20,envelope,1.0,20.0,2.44,2.44,48.8,0.9952292153600714,65.49553668761305,65.57072860704255,0.9868474454043052,0.9994264705486536,66202810353.31591,1095625789.090236,66982596791.652435,1.0117787512973377,0.21669658239603157,0.8879662103720288,3.197731022649839e-07,2.1856046288895834e-09,3.219587068938735e-07,False,True,1.811617073471637e-05,46,12,0,1.754790552192377,1.7549041355911084,0.051106892309848224,0.051023713145501415,8.317916434680966e-05,0.008498970573308761,0.004041657426588845,0.0037713843139644443
NGC6946,envelope_a1_q50,envelope,1.0,50.0,2.44,2.44,122.0,0.9949460697814076,68.250393510957,68.32874813402672,0.9868474454043052,0.9994264705486536,66202810353.31591,2944409293.3811684,68812635262.89671,1.039421663455864,0.08876638242174525,0.8879662103720288,3.196821258962394e-07,2.9741540405709597e-09,3.226562799368104e-07,False,True,1.384321476808477e-06,46,12,0,1.7547830167701384,1.7549041355911084,0.0510635239760941,0.051023713145501415,3.981083059268614e-05,0.008479727946673342,0.004448749134596489,0.004078122399590555
NGC6946,envelope_a2_q10,envelope,2.0,10.0,2.44,4.88,48.8,0.9476006244044595,1119.444784915413,1120.7299595445577,0.9868474454043052,0.9994264705486536,66202810353.31591,17740755992.663494,80474580420.79567,1.215576498811956,0.18557839759105957,0.8879662103720288,3.044697509853738e-07,2.871278140222866e-08,3.331825323876024e-07,False,True,4.100914640849085e-06,46,12,0,1.7526708219188694,1.7549041355911084,0.049123198055977875,0.051023713145501415,-0.0019005150895235398,0.008170028656812654,0.05580377738996405,0.04979937053452641
NGC6946,envelope_a2_q20,envelope,2.0,20.0,2.44,4.88,97.6,0.9418776772660044,1213.797701368654,1215.1911975300848,0.9868474454043052,0.9994264705486536,66202810353.31591,40609425668.22144,102964374912.28442,1.5552870695787195,0.09331525223288677,0.8879662103720288,3.0263093382414305e-07,4.050477343670041e-08,3.4313570726084346e-07,False,True,8.973952970112999e-07,46,12,0,1.7524393558330882,1.7549041355911084,0.048284481700372785,0.051023713145501415,-0.00273923144512863,0.007706841608440252,0.064056298279136,0.05629555015640333
NGC6946,envelope_a2_q50,envelope,2.0,50.0,2.44,4.88,244.0,0.9400518813761798,1243.886299485126,1245.3143387552896,0.9868474454043052,0.9994264705486536,66202810353.31591,107325692694.37347,169559769119.39853,2.561217087529665,0.03682826152903919,0.8879662103720288,3.0204429467932994e-07,5.4204954335254085e-08,3.5624924901458395e-07,False,True,4.021072368611934e-06,46,12,0,1.7523643669981503,1.7549041355911084,0.04800852996198527,0.051023713145501415,-0.0030151831835161444,0.0075463615201426795,0.06675099811566648,0.05838810858851224
NGC7331,core_refit,none,1.0,20.0,5.02,5.02,100.39999999999999,1.0000000019062254,0.0,0.0,0.909621691122768,0.9985756008519274,253155695475.54733,0.0,253155695958.11914,1.0000000019062254,0.0,0.9197319231873312,8.01891139661894e-07,0.0,8.01891139661894e-07,False,True,2.4746128855387367e-06,28,8,0,1.719014189410759,1.7190141894107545,8.728523981378359,8.728524146626455,-1.6524809609563818e-07,0.06445511110137514,0.0,0.0
NGC7331,core_plummer,plummer,1.0,20.0,5.02,5.02,100.39999999999999,0.9834956155261897,2016.3388183377278,2022.09525720588,0.909621691122768,0.9985756008519274,253155695475.54733,2146866538.4266098,251124383084.11066,0.9919760351920154,0.9719988565840205,0.9197319231873312,7.886564184834153e-07,2.249884401275879e-08,8.111552624961741e-07,False,True,6.272496976188705e-07,28,8,0,1.69348761523383,1.7190141894107545,9.33628091939179,8.728524146626455,0.6077567727653346,0.06653031257327191,0.00903045674116556,0.010706038233985176
NGC7331,fixed_core_envelope,envelope,1.0,20.0,5.02,5.02,100.39999999999999,1.0,145.58623152190785,146.0018651615416,0.909621691122768,0.9985756008519274,253155695475.54733,4626316260.68318,257782011736.2305,1.0182745888927869,0.18451776453905408,0.9197319231873312,8.018911381333087e-07,4.8665366254494426e-09,8.067576747587582e-07,False,True,2.2737367544271507e-12,28,8,0,1.7166637571410657,1.7190141894107545,8.435149593431182,8.728524146626455,-0.2933745531952727,0.0634311397432285,0.0036528783550219936,0.003226054870555399
NGC7331,envelope_a0.5_q10,envelope,0.5,10.0,5.02,2.51,25.099999999999998,0.9504651859305115,2134.113187426221,2140.205859942075,0.909621691122768,0.9985756008519274,253155695475.54733,16061695052.020674,256677370221.55472,1.0139111021752523,0.577043354415503,0.9197319231873312,7.621696097019048e-07,5.483146273457184e-08,8.170010724364767e-07,False,True,5.495236727932342e-07,28,8,0,1.6750940083925066,1.7190141894107545,9.592215483946713,8.728524146626455,0.8636913373202582,0.06734787069755853,0.04019727573430007,0.041061845288314566
NGC7331,envelope_a0.5_q20,envelope,0.5,20.0,5.02,2.51,50.199999999999996,0.9325077093244988,2477.1848130536264,2484.2569195923547,0.909621691122768,0.9985756008519274,253155695475.54733,39358943017.98338,275428580708.3364,1.087980976256331,0.36931216529924227,0.9197319231873312,7.47769668348307e-07,8.280529343132643e-08,8.305749617796334e-07,False,True,4.0236814836363225e-06,28,8,0,1.6656573245527488,1.7190141894107545,9.369383325070313,8.728524146626455,0.6408591784438578,0.06652928614990272,0.06274693487349084,0.059761554764549064
NGC7331,envelope_a0.5_q50,envelope,0.5,50.0,5.02,2.51,125.49999999999999,0.9208469314639828,2743.645517812064,2751.478342114968,0.909621691122768,0.9985756008519274,253155695475.54733,112423084470.62816,345540729831.9164,1.364933659433677,0.1634404181245126,0.9197319231873312,7.384189939182181e-07,1.1976394493124843e-07,8.581829388494665e-07,False,True,1.5347831413522019e-06,28,8,0,1.6578346530801793,1.7190141894107545,9.143024209492042,8.728524146626455,0.4145000628655868,0.06568772555629979,0.07893486925276441,0.07216340115186946
NGC7331,envelope_a1_q10,envelope,1.0,10.0,5.02,5.02,50.199999999999996,0.8260288770391051,7961.586397574488,7984.31590363485,0.909621691122768,0.9985756008519274,253155695475.54733,119840478566.5363,328954393416.25635,1.2994153372624022,0.3415508301874792,0.9197319231873312,6.623852363398669e-07,2.0455589255467804e-07,8.66941128894545e-07,False,True,3.2648802332735455e-06,28,8,0,1.596158925054316,1.7190141894107545,9.322686363942879,8.728524146626455,0.5941622173164234,0.06611927256193853,0.1754760872909796,0.1637501242772337
NGC7331,envelope_a1_q20,envelope,1.0,20.0,5.02,5.02,100.39999999999999,0.7795777650906793,9473.078963585522,9500.123624656926,0.909621691122768,0.9985756008519274,253155695475.54733,301027499577.64105,498382050876.4448,1.9686780103455515,0.18451776453905408,0.9197319231873312,6.251365013119861e-07,3.1665828045783495e-07,9.41794781769821e-07,False,True,2.922861466880742e-06,28,8,0,1.5667157692409925,1.7190141894107545,8.569657127527208,8.728524146626455,-0.1588670190992474,0.06326744138700936,0.23430921498311724,0.21268428506213677
NGC7331,envelope_a1_q50,envelope,1.0,50.0,5.02,5.02,250.99999999999997,0.7611314173339547,10073.763648585262,10102.523202330847,0.909621691122768,0.9985756008519274,253155695475.54733,825561155221.8171,1018245908525.2834,4.022212127649474,0.07470308680319437,0.9197319231873312,6.103445385149433e-07,4.397338019897288e-07,1.050078340504672e-06,False,True,1.6757594694049288e-07,28,8,0,1.554465887023499,1.7190141894107545,8.219015573351818,8.728524146626455,-0.5095085732746369,0.061896574668658055,0.25816021168783565,0.23225817355701184
NGC7331,envelope_a2_q10,envelope,2.0,10.0,5.02,10.04,100.39999999999999,0.0,64320.20346681871,64503.83099800372,0.909621691122768,0.9985756008519274,253155695475.54733,1936338709408.1775,1936338709408.1775,7.6488056323236515,0.15343641295798116,0.9197319231873312,0.0,1.6525697232227394e-06,1.6525697232227394e-06,False,True,1.0474850429074916e-07,28,8,0,1.1940409314011993,1.7190141894107545,0.6601239351594487,8.728524146626455,-8.068400211467006,0.015367223736236299,1.0,1.0
NGC7331,envelope_a2_q20,envelope,2.0,20.0,5.02,10.04,200.79999999999998,0.0,62726.58789916105,62905.66582265556,0.909621691122768,0.9985756008519274,253155695475.54733,3986545026153.702,3986545026153.702,15.747404057669199,0.07628858023919516,0.9197319231873312,0.0,2.096772711331602e-06,2.096772711331602e-06,False,True,7.19738727219445e-07,28,8,0,1.2136876250050737,1.7190141894107545,0.36044026294105325,8.728524146626455,-8.368083883685403,0.009802675744131937,1.0,1.0
NGC7331,envelope_a2_q50,envelope,2.0,50.0,5.02,10.04,501.99999999999994,0.0,62280.72400238918,62458.52903055383,0.909621691122768,0.9985756008519274,253155695475.54733,10208011275445.082,10208011275445.082,40.323055960757905,0.030001913244319615,0.9197319231873312,0.0,2.718640273051246e-06,2.718640273051246e-06,False,True,4.9135853966170236e-09,28,8,0,1.2217751087268856,1.7190141894107545,0.29693981156753213,8.728524146626455,-8.431584335058924,0.008140734270554608,1.0,1.0
NGC7793,core_refit,none,1.0,20.0,1.21,1.21,24.2,1.0,0.0,0.0,1.0099619695670503,1.120176358586833,1.0189230393501314e+16,0.0,1.0189230393501314e+16,1.0,0.0,2.4119607330579816e-06,0.001,0.0,0.001,True,True,0.0,36,10,0,0.4988474702544187,0.4988474702544187,22.877247849919172,22.877247849919172,0.0,-0.17743817331167197,0.0,0.0
NGC7793,core_plummer,plummer,1.0,20.0,1.21,1.21,24.2,0.9369851193586327,307.9656973070635,245.4310696667497,1.0099619695670503,1.120176358586833,1.0189230393501314e+16,69736290.52888756,9547157326163726.0,0.9369851262027501,0.9655617100867984,2.4119607330579816e-06,0.0009369851193586328,2.730788934220086e-09,0.000936987850147567,False,True,1.1441229607126589e-07,36,10,0,0.49412373276409,0.4988474702544187,19.82820504802594,22.877247849919172,-3.0490428018932327,-0.15789420839754822,0.002915590281757802,0.021963475262189024
NGC7793,fixed_core_envelope,envelope,1.0,20.0,1.21,1.21,24.2,1.0,0.0,0.0,1.0099619695670503,1.120176358586833,1.0189230393501314e+16,0.0,1.0189230393501314e+16,1.0,0.1631801469956601,2.4119607330579816e-06,0.001,0.0,0.001,True,True,0.0,36,10,0,0.4988474702544187,0.4988474702544187,22.877247849919172,22.877247849919172,0.0,-0.17743817331167197,0.0,0.0
NGC7793,envelope_a0.5_q10,envelope,0.5,10.0,1.21,0.605,6.05,0.9291211690043845,204.77701702603824,163.19558564912302,1.0099619695670503,1.120176358586833,1.0189230393501314e+16,327770678.4559689,9467029982235624.0,0.9291212011727294,0.5418345190691269,2.4119607330579816e-06,0.0009291211690043845,4.181024283901689e-09,0.0009291253500286684,False,True,4.5411426069915447e-07,36,10,0,0.4960463747052666,0.4988474702544187,19.68876575176472,22.877247849919172,-3.188482098154452,-0.15774841718962423,0.007717702657969437,0.03556493996604123
NGC7793,envelope_a0.5_q20,envelope,0.5,20.0,1.21,0.605,12.1,0.9267383015648596,199.28378158734148,158.8177907796302,1.0099619695670503,1.120176358586833,1.0189230393501314e+16,673398174.8379941,9442750742524628.0,0.9267383676540684,0.336377829176886,2.4119607330579816e-06,0.0009267383015648596,5.293717273727164e-09,0.0009267435952821333,False,True,9.790385054492511e-08,36,10,0,0.4961661208280926,0.4988474702544187,19.675778260104902,22.877247849919172,-3.2014695898142698,-0.15776633576513718,0.00984764973481779,0.038606909293594935
NGC7793,envelope_a0.5_q50,envelope,0.5,50.0,1.21,0.605,30.25,0.9255516154498694,198.82923144173122,158.4555402776106,1.0099619695670503,1.120176358586833,1.0189230393501314e+16,1732697273.7994611,9430660383593324.0,0.9255517855016994,0.1459297618077045,2.4119607330579816e-06,0.0009255516154498694,6.897114292846582e-09,0.0009255585125641623,False,True,1.8199434516824342e-08,36,10,0,0.49617605973531137,0.4988474702544187,19.67137425799553,22.877247849919172,-3.205873591923641,-0.15775344464778635,0.01099393742603664,0.03988483546507014
NGC7793,envelope_a1_q10,envelope,1.0,10.0,1.21,1.21,12.1,1.0,0.0,0.0,1.0099619695670503,1.120176358586833,1.0189230393501314e+16,0.0,1.0189230393501314e+16,1.0,0.30758737598205244,2.4119607330579816e-06,0.001,0.0,0.001,True,True,0.0,36,10,0,0.4988474702544187,0.4988474702544187,22.877247849919172,22.877247849919172,0.0,-0.17743817331167197,0.0,0.0
NGC7793,envelope_a1_q20,envelope,1.0,20.0,1.21,1.21,24.2,1.0,0.0,0.0,1.0099619695670503,1.120176358586833,1.0189230393501314e+16,0.0,1.0189230393501314e+16,1.0,0.1631801469956601,2.4119607330579816e-06,0.001,0.0,0.001,True,True,0.0,36,10,0,0.4988474702544187,0.4988474702544187,22.877247849919172,22.877247849919172,0.0,-0.17743817331167197,0.0,0.0
NGC7793,envelope_a1_q50,envelope,1.0,50.0,1.21,1.21,60.5,1.0,0.0,0.0,1.0099619695670503,1.120176358586833,1.0189230393501314e+16,0.0,1.0189230393501314e+16,1.0,0.06560524265320637,2.4119607330579816e-06,0.001,0.0,0.001,True,True,0.0,36,10,0,0.4988474702544187,0.4988474702544187,22.877247849919172,22.877247849919172,0.0,-0.17743817331167197,0.0,0.0
NGC7793,envelope_a2_q10,envelope,2.0,10.0,1.21,2.42,24.2,1.0,0.0,0.0,1.0099619695670503,1.120176358586833,1.0189230393501314e+16,0.0,1.0189230393501314e+16,1.0,0.13239651434656455,2.4119607330579816e-06,0.001,0.0,0.001,True,True,0.0,36,10,0,0.4988474702544187,0.4988474702544187,22.877247849919172,22.877247849919172,0.0,-0.17743817331167197,0.0,0.0
NGC7793,envelope_a2_q20,envelope,2.0,20.0,1.21,2.42,48.4,1.0,0.0,0.0,1.0099619695670503,1.120176358586833,1.0189230393501314e+16,0.0,1.0189230393501314e+16,1.0,0.06538336480767672,2.4119607330579816e-06,0.001,0.0,0.001,True,True,0.0,36,10,0,0.4988474702544187,0.4988474702544187,22.877247849919172,22.877247849919172,0.0,-0.17743817331167197,0.0,0.0
NGC7793,envelope_a2_q50,envelope,2.0,50.0,1.21,2.42,121.0,0.9999999999999999,3.1384594120882745e-12,2.5011728817527515e-12,1.0099619695670503,1.120176358586833,1.0189230393501314e+16,0.00010940041417097707,1.0189230393501312e+16,0.9999999999999998,0.025659881330755918,2.4119607330579816e-06,0.0009999999999999998,1.0886886757884276e-22,0.0009999999999999998,True,True,0.0,36,10,0,0.4988474702544188,0.4988474702544187,22.877247849919172,22.877247849919172,0.0,-0.177438173311672,1.1422521762679508e-16,2.8685852618721393e-16
NGC7814,core_refit,none,1.0,20.0,2.54,2.54,50.8,1.0000000014375021,0.0,0.0,1.0052700064965303,1.0,109525060206.9905,0.0,109525060364.433,1.0000000014375021,0.0,0.9774370433363516,7.174064492770559e-07,0.0,7.174064492770559e-07,False,True,2.7660278499509416e-07,14,4,0,0.9481481110708605,0.9481481110708637,17.404803255719663,17.404803410090807,-1.5437114342375935e-07,0.09065046213430021,0.0,0.0
NGC7814,core_plummer,plummer,1.0,20.0,2.54,2.54,50.8,0.973234918043801,3414.627520717228,3414.627520717228,1.0052700064965303,1.0,109525060206.9905,2027209763.101066,108620822757.39383,0.9917440132159,0.9751540881014574,0.9774370433363516,6.982050058625786e-07,3.7992855023282525e-08,7.361978608858612e-07,False,True,7.514350637328384e-07,14,4,0,0.9069751582025146,0.9481481110708637,18.28021485497829,17.404803410090807,0.875411444887483,0.09305454818884026,0.01862039906485459,0.019939424470617157
NGC7814,fixed_core_envelope,envelope,1.0,20.0,2.54,2.54,50.8,1.0,107.3008636625923,107.3008636625923,1.0052700064965303,1.0,109525060206.9905,1901218573.768169,111426278780.75867,1.0173587539707813,0.19765732353084486,0.9774370433363516,7.174064482457826e-07,3.576554192500215e-09,7.209830024382828e-07,False,True,8.526512829120475e-14,14,4,0,0.946428351797384,0.9481481110708637,17.053630458391297,17.404803410090807,-0.35117295169951035,0.08967404164543241,0.003498008296018653,0.0028279805864901836
NGC7814,envelope_a0.5_q10,envelope,0.5,10.0,2.54,1.27,12.7,0.9061702024696426,3983.4122784055567,3983.4122784055567,1.0052700064965303,1.0,109525060206.9905,16716409495.585468,115964755478.85384,1.0587965462853253,0.5967512457066042,0.9774370433363516,6.50092346459908e-07,1.0205388462292204e-07,7.5214623108283e-07,False,True,4.797461548530925e-06,14,4,0,0.8753265774181332,0.9481481110708637,17.712993362424573,17.404803410090807,0.3081899523337661,0.09165510562063776,0.0932427941473984,0.08761337177277706
NGC7814,envelope_a0.5_q20,envelope,0.5,20.0,2.54,1.27,25.4,0.8354177294758015,5857.167959320016,5857.167959320016,1.0052700064965303,1.0,109525060206.9905,51890339619.98394,143389516738.8084,1.309193681042656,0.3888026743626432,0.9774370433363516,5.993340661047908e-07,1.9523122094297816e-07,7.945652870477689e-07,False,True,2.310928184139634e-06,14,4,0,0.8247600980499784,0.9481481110708637,15.77565824761795,17.404803410090807,-1.6291451624728577,0.08651983478834388,0.18406296729285668,0.16370462389865648
NGC7814,envelope_a0.5_q50,envelope,0.5,50.0,2.54,1.27,63.5,0.7851242566081303,7168.961766253742,7168.961766253742,1.0052700064965303,1.0,109525060206.9905,163793845192.44968,249784626667.42383,2.2806162004874313,0.17426492313288794,0.9774370433363516,5.632532043648492e-07,3.1204430325549084e-07,8.7529750762034e-07,False,True,7.023130776114233e-07,14,4,0,0.7823273128728184,0.9481481110708637,13.73535988099051,17.404803410090807,-3.669443529100297,0.0807598360647793,0.25350815533128757,0.21936284683058607
NGC7814,envelope_a1_q10,envelope,1.0,10.0,2.54,2.54,25.4,0.5202244927478205,20955.83345603795,20955.83345603795,1.0052700064965303,1.0,109525060206.9905,175882519251.88013,232860138141.23627,2.126090026347905,0.3616988540639601,0.9774370433363516,3.7321240563267774e-07,5.368824666463335e-07,9.100948722790113e-07,False,True,1.0406183411212137e-05,14,4,0,0.6531602990861921,0.9481481110708637,9.630190469958563,17.404803410090807,-7.7746129401322435,0.0676251166742109,0.5332099875367475,0.4907753663769676
NGC7814,envelope_a1_q20,envelope,1.0,20.0,2.54,2.54,50.8,0.4238112224318951,23475.832687098682,23475.832687098682,1.0052700064965303,1.0,109525060206.9905,415958340090.6582,462376289743.9098,4.221648350341636,0.19765732353084486,0.9774370433363516,3.040449038115692e-07,7.824968500113551e-07,1.0865417538229243e-06,False,True,8.881571246129967e-07,14,4,0,0.5749881556938018,0.9481481110708637,5.61718875386541,17.404803410090807,-11.787614656225397,0.05159154784252819,0.6443969503146831,0.5941617289505777
NGC7814,envelope_a1_q50,envelope,1.0,50.0,2.54,2.54,127.0,0.4126910619102368,23429.477172150975,23429.477172150975,1.0052700064965303,1.0,109525060206.9905,1070616438475.0886,1115816451877.694,10.187773006186182,0.08039268475556054,0.9774370433363516,2.960672289478034e-07,1.0198178087989411e-06,1.3158850377467445e-06,False,True,5.7877971036309524e-09,14,4,0,0.5590373404221035,0.9481481110708637,4.57940150534235,17.404803410090807,-12.825401904748457,0.04656740323834896,0.6608045888884962,0.6075348894925094
NGC7814,envelope_a2_q10,envelope,2.0,10.0,2.54,5.08,50.8,0.7483623189687244,14932.625083343946,14932.625083343946,1.0052700064965303,1.0,109525060206.9905,250659342584.68872,332623770626.3813,3.0369649648925865,0.16650892641157913,0.9774370433363516,5.368799532523301e-07,3.8256958880061496e-07,9.19449542052945e-07,False,True,3.882857470178963e-07,14,4,0,0.8161624030411977,0.9481481110708637,7.877370826486274,17.404803410090807,-9.527432583604533,0.06064689793257963,0.3425219815204957,0.2837169185785644
NGC7814,envelope_a2_q20,envelope,2.0,20.0,2.54,5.08,101.6,0.7692780276228525,13322.702777199094,13322.702777199094,1.0052700064965303,1.0,109525060206.9905,472118659779.8862,556373882071.1941,5.079877436448862,0.08315717523078177,0.9774370433363516,5.518850175104316e-07,4.440725530696488e-07,9.959575705800805e-07,False,True,5.402276132148301e-07,14,4,0,0.8220656467749906,0.9481481110708637,8.020391523464385,17.404803410090807,-9.384411886626422,0.06122826048951444,0.32282451065064965,0.2628934589339591
NGC7814,envelope_a2_q50,envelope,2.0,50.0,2.54,5.08,254.0,0.7746948231689373,12909.168370225445,12909.168370225445,1.0052700064965303,1.0,109525060206.9905,1179776037054.1973,1264624534203.819,11.546439981989653,0.0327484479203474,0.9774370433363516,5.55771061564022e-07,5.618990003066843e-07,1.1176700618707063e-06,False,True,1.8767635981789886e-08,14,4,0,0.8235084116853082,0.9481481110708637,8.05035943887081,17.404803410090807,-9.354443971219997,0.061352241156329645,0.3178075711978634,0.25750514048329165
UGC00128,core_refit,none,1.0,20.0,5.95,5.95,119.0,0.999999999999,0.0,0.0,1.4947205005184456,1.170693996686307,145633792867.36658,0.0,145633792867.22095,0.999999999999,0.0,0.7822961995092463,1.4979174468821535e-07,0.0,1.4979174468821537e-07,False,True,1.3134666133405942e-06,17,5,0,6.063237225693061,6.063237225693086,7.220291818264269,7.220291818200653,6.361666748944117e-11,0.05386660477146281,0.0,0.0
UGC00128,core_plummer,plummer,1.0,20.0,5.95,5.95,119.0,0.9804536837575382,439.25891328254096,320.50425546944166,1.4947205005184456,1.170693996686307,145633792867.36658,662749895.8759965,143449938592.26785,0.9850044812258125,0.9818966167708367,0.7822961995092463,1.4686386787617626e-07,3.566090778134976e-09,1.5042995865431123e-07,False,True,1.150240977277782e-05,17,5,0,5.946584295830183,6.063237225693086,8.065490876649504,7.220291818200653,0.8451990584488511,0.05726696174870479,0.005792048644262556,0.007915618886003626
UGC00128,fixed_core_envelope,envelope,1.0,20.0,5.95,5.95,119.0,1.0,12.809935904812486,9.34674026100492,1.4947205005184456,1.170693996686307,145633792867.36658,576832232.4865851,146210625099.85315,1.0039608405516975,0.2353639047895877,0.7822961995092463,1.4979174468836514e-07,3.115457036005377e-10,1.5010329039196568e-07,False,True,3.9506474560529287e-07,17,5,0,6.061879330499004,6.063237225693086,7.144247323389488,7.220291818200653,-0.07604449481116493,0.053559057426092606,0.0011902515955519487,0.001234767784092674
UGC00128,envelope_a0.5_q10,envelope,0.5,10.0,5.95,2.975,29.75,0.9789312361922671,162.69580714180847,118.7106213652279,1.4947205005184456,1.170693996686307,145633792867.36658,1735153245.855022,144300622128.87476,0.990845732214734,0.646330670025365,0.7822961995092463,1.4663581779917774e-07,3.041332207062328e-09,1.4967715000624008e-07,False,True,4.62935900524434e-07,17,5,0,6.0198046447562295,6.063237225693086,7.892119541297926,7.220291818200653,0.6718277230972731,0.05659933292606534,0.00995546989237127,0.012014320257952899
UGC00128,envelope_a0.5_q20,envelope,0.5,20.0,5.95,2.975,59.5,0.9752352867766191,161.09541334484544,117.54289771331506,1.4947205005184456,1.170693996686307,145633792867.36658,3627068379.325223,145654282130.6982,1.0001406903090844,0.4415419851872621,0.7822961995092463,1.4608219508792789e-07,3.9179418437592875e-09,1.500001369316872e-07,False,True,1.381418092073789e-05,17,5,0,6.0202578672054194,6.063237225693086,7.873283577423019,7.220291818200653,0.6529917592223669,0.05650802191297284,0.014209203064797005,0.01588176910990052
UGC00128,envelope_a0.5_q50,envelope,0.5,50.0,5.95,2.975,148.75,0.972772411203917,166.1934337282279,121.26265655698603,1.4947205005184456,1.170693996686307,145633792867.36658,9650035425.639368,151318571265.99936,1.039034747957228,0.20556015253826276,0.7822961995092463,1.4571327665894248e-07,5.278214950783331e-09,1.509914916097258e-07,False,True,7.105773174778913e-07,17,5,0,6.018912361579042,6.063237225693086,7.84287097906446,7.220291818200653,0.6225791608638076,0.05635595371905535,0.017584038383058522,0.018547500305283248
UGC00128,envelope_a1_q10,envelope,1.0,10.0,5.95,5.95,59.5,0.9801752447298501,159.41849511607435,116.31933818579397,1.4947205005184456,1.170693996686307,145633792867.36658,3400401326.985354,146147039891.6927,1.0035242302917533,0.41635947846100285,0.7822961995092463,1.4682216000842953e-07,2.9800682151281655e-09,1.4980222822355768e-07,False,True,1.2965368187223742e-06,17,5,0,6.04633182324646,6.063237225693086,7.669472630537443,7.220291818200653,0.44918081233679086,0.05569500485012178,0.012519587279881254,0.013673872253160496
UGC00128,envelope_a1_q20,envelope,1.0,20.0,5.95,5.95,119.0,0.9778007329146136,166.58548975875422,121.54871933765253,1.4947205005184456,1.170693996686307,145633792867.36658,7501355250.443775,149902184653.28986,1.0293090751939054,0.2353639047895877,0.7822961995092463,1.4646647774084211e-07,4.051463957523288e-09,1.505179416983654e-07,False,True,2.317856865591221e-05,17,5,0,6.045583047576786,6.063237225693086,7.6473242876903,7.220291818200653,0.4270324694896477,0.05557985718754684,0.015601515649433127,0.016176293282160473
UGC00128,envelope_a1_q50,envelope,1.0,50.0,5.95,5.95,297.5,0.9768664594462168,169.9601741908106,124.01105006933385,1.4947205005184456,1.170693996686307,145633792867.36658,19737503042.0421,162002270656.11017,1.1123947777948138,0.09713848662011527,0.7822961995092463,1.463265312879949e-07,5.3978446219401144e-09,1.5172437590993504e-07,False,True,5.670969383727317e-07,17,5,0,6.045231263226095,6.063237225693086,7.634839892494978,7.220291818200653,0.4145480742943253,0.055514568657451135,0.016935459899949136,0.01718187454694988
UGC00128,envelope_a2_q10,envelope,2.0,10.0,5.95,11.9,119.0,0.9879949142686961,132.48048151805378,96.66407854054265,1.4947205005184456,1.170693996686307,145633792867.36658,5651625362.861999,149537072061.4809,1.0268020156397983,0.20439678497933053,0.7822961995092463,1.4799348195153973e-07,2.4765060779765087e-09,1.5046998802951625e-07,False,True,9.738808598440664e-06,17,5,0,6.061602085876302,6.063237225693086,7.352686523284982,7.220291818200653,0.13239470508432927,0.054385265736276056,0.010158393706770408,0.010000821577296879
UGC00128,envelope_a2_q20,envelope,2.0,20.0,5.95,11.9,238.0,0.9870554171475998,138.9586859359522,101.39088548959563,1.4947205005184456,1.170693996686307,145633792867.36658,12514637017.305338,156263261186.791,1.0729876501198112,0.10351328152023942,0.7822961995092463,1.4785275303864103e-07,3.3795627006266504e-09,1.512323157392677e-07,False,True,1.746410461835247e-07,17,5,0,6.061526183403617,6.063237225693086,7.344225462668968,7.220291818200653,0.12393364446831523,0.05433883483364843,0.011388462382983423,0.010979990759966887
UGC00128,envelope_a2_q50,envelope,2.0,50.0,5.95,11.9,595.0,0.9867535553552869,141.08271935946814,102.94068159028012,1.4947205005184456,1.170693996686307,145633792867.36658,32767918905.647163,176472581797.39655,1.2117557218201125,0.040947181212330264,0.7822961995092463,1.478075366341157e-07,4.480712034857203e-09,1.522882486689729e-07,False,True,1.2976544203702952e-05,17,5,0,6.061501370301081,6.063237225693086,7.34118289623445,7.220291818200653,0.1208910780337975,0.054322153969612305,0.011794460333245188,0.01129660025390222
UGC00191,core_refit,none,1.0,20.0,1.58,1.58,31.6,1.000000001428114,0.0,0.0,1.1140269791074198,1.020642805533894,5397189199.6645565,0.0,5397189207.372358,1.000000001428114,0.0,0.999952196665548,1.091826677466412e-07,0.0,1.091826677466412e-07,False,True,2.8572255671726806e-11,7,2,0,0.7911881209402232,0.7911881209402264,304.5589267117417,304.5589278904796,-1.1787378753069788e-06,0.1788106060847548,0.0,0.0
UGC00191,core_plummer,plummer,1.0,20.0,1.58,1.58,31.6,0.9833156576275223,159.87450433629192,153.47288384718942,1.1140269791074198,1.020642805533894,5397189199.6645565,62809214.278180614,5369949861.486495,0.9949530510844877,0.9635481644599635,0.999952196665548,1.0736102658349197e-07,1.7076161281528584e-09,1.0906864271164481e-07,False,True,4.6275964961534804e-07,7,2,0,0.7792665300308149,0.7911881209402264,309.2533354192716,304.5589278904796,4.694407528791999,0.1800929364176344,0.011275408602412074,0.010726140963075328
UGC00191,fixed_core_envelope,envelope,1.0,20.0,1.58,1.58,31.6,1.0,6.321390303798073,6.068272135542264,1.1140269791074198,1.020642805533894,5397189199.6645565,74119116.4277686,5471308316.092325,1.0137329105365391,0.15762706867839132,0.999952196665548,1.091826675907159e-07,2.022677488957835e-10,1.0938493533961167e-07,False,True,3.0095648195692013e-12,7,2,0,0.7911024977040048,0.7911881209402264,303.1156579805996,304.5589278904796,-1.443269909879973,0.1784016585390064,0.0021601057582089933,0.0009036420103826089
UGC00191,envelope_a0.5_q10,envelope,0.5,10.0,1.58,0.79,7.9,0.9007215869011141,548.5056807819423,526.5426716138462,1.1140269791074198,1.020642805533894,5397189199.6645565,1523202592.4019163,6384567413.12933,1.1829430425611427,0.5319513050570966,0.999952196665548,9.834318561440647e-08,1.3489872828185742e-08,1.118330584425922e-07,False,True,8.860684734235075e-08,7,2,0,0.7325443844103292,0.7911881209402264,277.9638911819965,304.5589278904796,-26.59503670848312,0.17085535513696093,0.14286936483090454,0.08973877343308678
UGC00191,envelope_a0.5_q20,envelope,0.5,20.0,1.58,0.79,15.8,0.8596300216433849,720.5475620589626,691.6957319576047,1.1140269791074198,1.020642805533894,5397189199.6645565,4224256538.3049517,8863842406.826038,1.6423071489465182,0.32754003434786105,0.999952196665548,9.38566989040896e-08,2.3055613772565864e-08,1.1691231267665546e-07,False,True,3.3323361223744255e-07,7,2,0,0.7134885543259131,0.7911881209402264,245.5779277327939,304.5589278904796,-58.981000157685685,0.16066372113077096,0.22972245831842333,0.1313307799152478
UGC00191,envelope_a0.5_q50,envelope,0.5,50.0,1.58,0.79,39.5,0.842052020148776,791.9607615544787,760.2494373581698,1.1140269791074198,1.020642805533894,5397189199.6645565,11973848958.070305,16518563026.772999,3.060586245114337,0.14138344296226066,0.999952196665548,9.193748580999462e-08,3.309147317503106e-08,1.2502895898502569e-07,False,True,4.184146248213183e-06,7,2,0,0.7055193842038759,0.7911881209402264,227.90485389395155,304.5589278904796,-76.65407399652804,0.15477062916059808,0.27141176965711217,0.1493331967868703
UGC00191,envelope_a1_q10,envelope,1.0,10.0,1.58,1.58,15.8,0.9711915197829084,233.8392037909003,224.4759232330795,1.1140269791074198,1.020642805533894,5397189199.6645565,1298744913.3133044,6540449294.691423,1.211825091308254,0.29849375237676207,0.999952196665548,1.0603728087137948e-07,5.751009026718734e-09,1.117882898980982e-07,False,True,3.650609218703778e-07,7,2,0,0.7881074654078468,0.7911881209402264,280.01840218734264,304.5589278904796,-24.54052570313695,0.17157996095796282,0.06886816590123038,0.03204533548682023
UGC00191,envelope_a1_q20,envelope,1.0,20.0,1.58,1.58,31.6,0.9747561665780984,198.28604512816824,190.34636760131548,1.1140269791074198,1.020642805533894,5397189199.6645565,2324929447.2493224,7585872901.81106,1.4055228788871315,0.15762706867839132,0.999952196665548,1.06426478517497e-07,6.344628326687085e-09,1.127711068441841e-07,False,True,1.5207007094738965e-07,7,2,0,0.7885001861420861,0.7911881209402264,280.6566923310439,304.5589278904796,-23.902235559435667,0.1717521154229962,0.06512549272412196,0.028282172147179565
UGC00191,envelope_a1_q50,envelope,1.0,50.0,1.58,1.58,79.0,0.9756601623529007,189.38309363255874,181.79990394561756,1.1140269791074198,1.020642805533894,5397189199.6645565,5726658866.071495,10992481356.86554,2.036704838427517,0.06326427756919172,0.999952196665548,1.0652517918768066e-07,7.913227355412497e-09,1.1443840654309315e-07,False,True,9.497311751995892e-09,7,2,0,0.7885990503883732,0.7911881209402264,280.73855697111327,304.5589278904796,-23.820370919366326,0.17176969705740633,0.06437485965699255,0.027325431243566674
UGC00191,envelope_a2_q10,envelope,2.0,10.0,1.58,3.16,31.6,0.9967455179277179,48.13705118518094,46.209569786997314,1.1140269791074198,1.020642805533894,5397189199.6645565,534707177.88245183,5914331322.055985,1.0958169341967057,0.1269661212562569,0.999952196665548,1.0882733455643797e-07,1.1838759771571299e-09,1.100112105335951e-07,False,True,1.1867721889109585e-07,7,2,0,0.7909824443494708,0.7911881209402264,299.2447289642138,304.5589278904796,-5.314198926265817,0.17726537745540394,0.012463098475869197,0.004117323531536035
UGC00191,envelope_a2_q20,envelope,2.0,20.0,1.58,3.16,63.2,0.9967563708314541,47.22193055645429,45.33109199254357,1.1140269791074198,1.020642805533894,5397189199.6645565,1107366449.673234,6487049169.021598,1.2019310291039598,0.06259688500243962,0.999952196665548,1.0882851950541899e-07,1.5109767208058993e-09,1.1033949622622488e-07,False,True,8.564545951504587e-07,7,2,0,0.7909814990307283,0.7911881209402264,299.12300383418005,304.5589278904796,-5.435924056299541,0.1772282401919915,0.012721775869382525,0.0041084680127329715
UGC00191,envelope_a2_q50,envelope,2.0,50.0,1.58,3.16,158.0,0.9967593846842108,46.96846911822366,45.087779539249034,1.1140269791074198,1.020642805533894,5397189199.6645565,2840511208.709488,8220210194.391399,1.523053924976782,0.024553870094692315,0.999952196665548,1.0882884856590269e-07,1.962541468402101e-09,1.107913900343048e-07,False,True,8.625628691989867e-07,7,2,0,0.7909812294731741,0.7911881209402264,299.0869186395927,304.5589278904796,-5.472009250886913,0.17721721321790473,0.012799255851582614,0.004106022913392333
UGC00731,core_refit,none,1.0,20.0,2.3,2.3,46.0,0.9999999722322815,0.0,0.0,1.5903138647305313,1.021746443318812,8105459923.093182,0.0,8105459698.023052,0.9999999722322815,0.0,0.9993736351770588,8.731635684735045e-08,0.0,8.731635684735045e-08,False,True,4.618527782440438e-14,9,3,0,2.42274997530536,2.42274997530542,4.169938402058341,4.169937791913169,6.101451726081564e-07,0.08727957973754757,0.0,0.0
UGC00731,core_plummer,plummer,1.0,20.0,2.3,2.3,46.0,0.767134703568634,2074.577963823364,1987.2087523201353,1.5903138647305313,1.021746443318812,8105459923.093182,1690024823.7361965,7908004419.125728,0.9756391980416946,0.9368557048990739,0.9993736351770588,6.69834093867617e-08,2.2110679296592397e-08,8.90940886833541e-08,False,True,7.601249385177689e-07,9,3,0,1.8855550709850633,2.42274997530542,5.098304906309822,4.169937791913169,0.9283671143966528,0.09647516394575938,0.20305621889410086,0.19702770276638312
UGC00731,fixed_core_envelope,envelope,1.0,20.0,2.3,2.3,46.0,1.0,136.70955196365813,130.95213721795642,1.5903138647305313,1.021746443318812,8105459923.093182,3323805952.221251,11429265875.314432,1.410070000192269,0.11038313694027688,0.9993736351770588,8.731635927192653e-08,4.364898840483669e-09,9.16812581124102e-08,False,True,1.9152679442046675e-11,9,3,0,2.392629373297223,2.42274997530542,3.3388883236127,4.169937791913169,-0.8310494683004688,0.07807563144060183,0.04333060214843174,0.030025116803744388
UGC00731,envelope_a0.5_q10,envelope,0.5,10.0,2.3,1.15,11.5,4.85033096427811e-17,5101.359348282637,4886.5196306985035,1.5903138647305313,1.021746443318812,8105459923.093182,29375254037.756416,29375254037.756416,3.624131673770132,0.4332544765155071,0.9993736351770588,4.235132410646572e-24,1.2519123699607587e-07,1.2519123699607587e-07,False,True,2.9481076631243163e-08,9,3,0,0.13580020545069862,2.42274997530542,0.0920899670786231,4.169937791913169,-4.077847824834546,-0.012244623977467535,1.0,1.0
UGC00731,envelope_a0.5_q20,envelope,0.5,20.0,2.3,1.15,23.0,4.915265455296994e-18,4758.876771455822,4558.46043694658,1.5903138647305313,1.021746443318812,8105459923.093182,57851052511.1557,57851052511.1557,7.137294251043407,0.2476968747651195,0.9993736351770588,4.291830844116018e-25,1.519426799617781e-07,1.519426799617781e-07,False,True,1.2119228608031555e-07,9,3,0,0.1947598315231689,2.42274997530542,1.019423932851137,4.169937791913169,-3.150513859062032,-0.04311812188637226,1.0,1.0
UGC00731,envelope_a0.5_q50,envelope,0.5,50.0,2.3,1.15,57.49999999999999,0.03400063510596347,4498.799350044584,4309.335970610896,1.5903138647305313,1.021746443318812,8105459923.093182,141041172073.5261,141316762858.73718,17.43476177781264,0.1027651314263625,0.9993736351770588,2.968811670385984e-09,1.8757301047035688e-07,1.9054182214074286e-07,False,True,2.3420577403370297e-08,9,3,0,0.2592460055050166,2.42274997530542,1.409530216941251,4.169937791913169,-2.760407574971918,-0.050774770667211734,0.9813522763713016,0.9743310663191352
UGC00731,envelope_a1_q10,envelope,1.0,10.0,2.3,2.3,23.0,0.7273426539854856,1994.3418426014225,1910.3517119365533,1.5903138647305313,1.021746443318812,8105459923.093182,22968112718.531113,28863559450.766697,3.5610020559760995,0.21688489122787136,0.9993736351770588,6.35089124891932e-08,4.894266512559199e-08,1.124515776147852e-07,False,True,1.3577301082961738e-07,9,3,0,2.0116727727287316,2.42274997530542,0.3672484471743201,4.169937791913169,-3.8026893447388486,0.025507964709246878,0.4581393616857273,0.3719039994213903
UGC00731,envelope_a1_q20,envelope,1.0,20.0,2.3,2.3,46.0,0.74097717653047,1840.4502804826811,1762.9411713430457,1.5903138647305313,1.021746443318812,8105459923.093182,44746687478.44177,50752648286.73624,6.2615383665197575,0.11038313694027688,0.9993736351770588,6.469942935823224e-08,5.876238477748967e-08,1.2346181413572193e-07,False,True,7.844620003300583e-09,9,3,0,2.0177757435256227,2.42274997530542,0.3400204501301775,4.169937791913169,-3.8299173417829913,0.024537765318553065,0.45142707894700834,0.35995866779600644
UGC00731,envelope_a1_q50,envelope,1.0,50.0,2.3,2.3,114.99999999999999,0.744676239776409,1799.1228101483598,1723.3541747626623,1.5903138647305313,1.021746443318812,8105459923.093182,112808049483.25868,118843992900.44609,14.662214609420115,0.04373578955960007,0.9993736351770588,6.502241809358423e-08,7.501265458795621e-08,1.400350726815404e-07,False,True,2.651885457069028e-07,9,3,0,2.019245461889758,2.42274997530542,0.33032582705632113,4.169937791913169,-3.839611964856848,0.024181071563903537,0.4499169052688497,0.3567625873983765
UGC00731,envelope_a2_q10,envelope,2.0,10.0,2.3,4.6,46.0,0.8802661006846054,1662.0546615475073,1592.0585429215046,1.5903138647305313,1.021746443318812,8105459923.093182,38282563194.87201,45417524795.628586,5.603324823830167,0.08183596958850789,0.9993736351770588,7.686163110227485e-08,4.078808506291066e-08,1.1764971616518552e-07,False,True,1.1888973899272075e-06,9,3,0,2.1754965034598377,2.42274997530542,0.8616542460197177,4.169937791913169,-3.308283545893451,0.03946558664900924,0.30524931395796573,0.2125319077998358
UGC00731,envelope_a2_q20,envelope,2.0,20.0,2.3,4.6,92.0,0.8806721321824657,1632.6348242531087,1563.8776988256204,1.5903138647305313,1.021746443318812,8105459923.093182,79388181274.98123,86526433947.77122,10.675080102641635,0.039836714501119586,0.9993736351770588,7.689708429441774e-08,5.212719776310915e-08,1.290242820575269e-07,False,True,1.018333971145617e-07,9,3,0,2.1736988720405024,2.42274997530542,0.8365025140721644,4.169937791913169,-3.3334352778410046,0.038879401739485335,0.3071540489225676,0.21271545187228935
UGC00731,envelope_a2_q50,envelope,2.0,50.0,2.3,4.6,229.99999999999997,0.8807863710703997,1624.466502362182,1556.0533793560824,1.5903138647305313,1.021746443318812,8105459923.093182,203713605929.16693,210852784560.68472,26.013673074854918,0.015567047858855019,0.9993736351770588,7.690705921819941e-08,6.773053175916947e-08,1.446375909773689e-07,False,True,1.5905125852449643e-08,9,3,0,2.173187138955692,2.42274997530542,0.8292974012109785,4.169937791913169,-3.34064039070219,0.03870982404704328,0.3077083363515347,0.21276932871933288
UGC01281,core_refit,none,1.0,20.0,1.63,1.63,32.599999999999994,0.999999999999,0.0,0.0,1.123955923569107,1.0,1940826.6914504552,0.0,1940826.6914485143,0.999999999999,0.0,1.0,1.0976726040873935e-09,0.0,1.0976726040873935e-09,False,True,5.315904320533898e-07,20,5,0,2.5234220304401,2.5234220304401003,28.0165012594073,28.01650125940722,7.815970093361102e-14,0.3799574604378936,0.0,0.0
UGC01281,core_plummer,plummer,1.0,20.0,1.63,1.63,32.599999999999994,0.8872487609025435,1114.6311330590775,1114.6311330590775,1.123955923569107,1.0,1940826.6914504552,474795905.8724144,476517901.9495304,245.5231598208339,0.858922011557655,1.0,9.739086578541818e-10,1.240194392677291e-08,1.3375852584627091e-08,False,True,7.721473712837267e-08,20,5,0,1.3575007989994397,2.5234220304401003,16.93017522507991,28.01650125940722,-11.08632603432731,0.29451210963346003,0.9957952371686407,0.9947636647630276
UGC01281,fixed_core_envelope,envelope,1.0,20.0,1.63,1.63,32.599999999999994,1.0,2015.8865264561948,2015.8865264561948,1.123955923569107,1.0,1940826.6914504552,25628037823.97906,25629978650.670513,13205.701860744832,0.059731744390047185,1.0,1.0976726040884911e-09,6.719356360889343e-08,6.829123621298193e-08,False,True,5.329070518200723e-15,20,5,0,0.6483811109003689,2.5234220304401003,4.195869682123299,28.01650125940722,-23.820631577283923,0.14722935697073225,0.9987337602797844,0.9971657536269046
UGC01281,envelope_a0.5_q10,envelope,0.5,10.0,1.63,0.815,8.149999999999999,0.8789654261985745,931.8955755736208,931.8955755736208,1.123955923569107,1.0,1940826.6914504552,2805920982.7368193,2807626902.296848,1446.6139169791606,0.2889566103132222,1.0,9.648162682791398e-10,2.3874898429611952e-08,2.4839714697891093e-08,False,True,6.701172500817581e-08,20,5,0,1.113108876579973,2.5234220304401003,11.000749412960161,28.01650125940722,-17.01575184644706,0.23776504147957106,0.9979003946417762,0.9962626816764775
UGC01281,envelope_a0.5_q20,envelope,0.5,20.0,1.63,0.815,16.299999999999997,0.8798753135569058,915.1441786700225,915.1441786700225,1.123955923569107,1.0,1940826.6914504552,5817130408.27232,5818838093.76602,2998.1234900563823,0.15187114360549536,1.0,9.658150267051865e-10,3.050360115699147e-08,3.146941618369666e-08,False,True,6.944188984466712e-07,20,5,0,1.0841723886120542,2.5234220304401003,10.21821037641158,28.01650125940722,-17.79829088299564,0.22927484704673354,0.9980707648738143,0.9963806516261491
UGC01281,envelope_a0.5_q50,envelope,0.5,50.0,1.63,0.815,40.75,0.8801401502808355,910.3961782976838,910.3961782976838,1.123955923569107,1.0,1940826.6914504552,14924238593.305136,14925946792.801018,7690.509852606302,0.060848759879644346,1.0,9.661057307216006e-10,3.9626929310827537e-08,4.0593035041549136e-08,False,True,1.7416993765857956e-08,20,5,0,1.0756420755299443,2.5234220304401003,9.970796339319318,28.01650125940722,-18.045704920087903,0.2265258010769627,0.9981225061516792,0.996414830992975
UGC01281,envelope_a1_q10,envelope,1.0,10.0,1.63,1.63,16.299999999999997,0.9194297213825192,2047.973612622002,2047.973612622002,1.123955923569107,1.0,1940826.6914504552,12332824154.05872,12334608607.80289,6355.337476621758,0.1213600157693508,1.0,1.0092328165463057e-09,5.246849890641313e-08,5.3477731722959437e-08,False,True,1.2707854162914777e-08,20,5,0,0.6500906636899711,2.5234220304401003,4.37492114360975,28.01650125940722,-23.64158011579747,0.1503050271815416,0.9988091703142228,0.997380794894565
UGC01281,envelope_a1_q20,envelope,1.0,20.0,1.63,1.63,32.599999999999994,0.9197100281198289,2021.7279518988007,2021.7279518988007,1.123955923569107,1.0,1940826.6914504552,25702300075.462147,25704085073.233116,13243.884776761523,0.059731744390047185,1.0,1.0095405015725921e-09,6.738827010000452e-08,6.83978106015771e-08,False,True,9.182818155594056e-07,20,5,0,0.6429033940759357,2.5234220304401003,4.164290622214979,28.01650125940722,-23.852210637192243,0.14667480229998298,0.9988386694842327,0.9974002355566355
UGC01281,envelope_a1_q50,envelope,1.0,50.0,1.63,1.63,81.5,0.9197892659507755,2014.423551905492,2014.423551905492,1.123955923569107,1.0,1940826.6914504552,66045395253.80221,66047180405.36008,34030.43697631778,0.023418033282990552,1.0,1.0096274787688294e-09,8.768206808895842e-08,8.869169556772725e-08,False,True,4.2456082913921985e-09,20,5,0,0.6408674980714928,2.5234220304401003,4.103899628150584,28.01650125940722,-23.912601631256635,0.14561540968585734,0.9988471278291394,0.9974057336734682
UGC01281,envelope_a2_q10,envelope,2.0,10.0,1.63,3.26,32.599999999999994,0.9363776342356882,5626.0128091183615,5626.0128091183615,1.123955923569107,1.0,1940826.6914504552,67759297518.00481,67761114864.71061,34913.532034161224,0.03726246112780009,1.0,1.0278360761817086e-09,1.4413684097460902e-07,1.4516467705079075e-07,False,True,7.954763007198799e-09,20,5,0,0.37895944676428533,2.5234220304401003,0.539836567531715,28.01650125940722,-27.476664691875506,0.04843886656628728,0.9992807417120361,0.9979385946498321
UGC01281,envelope_a2_q20,envelope,2.0,20.0,1.63,3.26,65.19999999999999,0.9364518429610984,5573.178129958745,5573.178129958745,1.123955923569107,1.0,1940826.6914504552,141704027523.2568,141705845013.9889,73013.13694737299,0.017945862355624998,1.0,1.0279175330665757e-09,1.8576526717373952e-07,1.867931847068061e-07,False,True,8.23903605213736e-09,20,5,0,0.377435218652024,2.5234220304401003,0.5194473189033808,28.01650125940722,-27.49705394050384,0.0470689772171421,0.9992858073148015,0.9979421323480203
UGC01281,envelope_a2_q50,envelope,2.0,50.0,1.63,3.26,163.0,0.9364726726846649,5558.520388444874,5558.520388444874,1.123955923569107,1.0,1940826.6914504552,364486084104.703,364487901635.86194,187800.33438403814,0.006991083303865895,1.0,1.0279403972834853e-09,2.4194641822592883e-07,2.4297435862321237e-07,False,True,2.2058337330254113e-09,20,5,0,0.37700749581223203,2.5234220304401003,0.5138391550724133,28.01650125940722,-27.502662104334807,0.04668115299409922,0.9992872343275355,0.9979431254914581
UGC02259,core_refit,none,1.0,20.0,1.62,1.62,32.400000000000006,0.9999999671301988,0.0,0.0,1.462508813951939,1.0504485710522646,8273897825.84401,0.0,8273897553.882633,0.9999999671301988,0.0,0.9973475179939164,1.1430634218851941e-07,0.0,1.1430634218851941e-07,False,True,3.5996094992310955e-11,6,2,0,6.011409544171152,6.011409544171415,23.023421727314272,23.023419004435546,2.722878726046929e-06,0.14352885460115172,0.0,0.0
UGC02259,core_plummer,plummer,1.0,20.0,1.62,1.62,32.400000000000006,0.7206455484819612,4161.818255072387,3771.6685599541315,1.462508813951939,1.0504485710522646,8273897825.84401,2077714828.9174378,8040262465.7065,0.9717623585575669,0.9433995778392953,0.9973475179939164,8.237435936904112e-08,4.1965472346486355e-08,1.243398317155275e-07,False,True,1.8425567718351922e-07,6,2,0,4.217148302830792,6.011409544171415,26.774772805160367,23.023419004435546,3.7513538007248215,0.15471982776547855,0.24790098993072154,0.24496269293301587
UGC02259,fixed_core_envelope,envelope,1.0,20.0,1.62,1.62,32.400000000000006,1.0,115.97154527542226,105.09979157102799,1.462508813951939,1.0504485710522646,8273897825.84401,1727936388.7432494,10001834214.58726,1.2088418814341575,0.11889576147074464,0.9973475179939164,1.1430634594574628e-07,3.5031880205201473e-09,1.1780953396626642e-07,False,True,4.2632564145587836e-13,6,2,0,5.966956854804735,6.011409544171415,21.17360109610529,23.023419004435546,-1.8498179083302553,0.13764388104704978,0.024291675382804963,0.017132003925920476
UGC02259,envelope_a0.5_q10,envelope,0.5,10.0,1.62,0.81,8.100000000000001,0.0,7245.314738649167,6566.102633970029,1.462508813951939,1.0504485710522646,8273897825.84401,25567747900.59468,25567747900.59468,3.0901696441950617,0.4532023933528825,0.9973475179939164,0.0,1.6822167372985596e-07,1.6822167372985596e-07,False,True,2.985005363261055e-08,6,2,0,0.6317232847498472,6.011409544171415,4.260534821128273,23.023419004435546,-18.76288418330727,0.06133264132718176,1.0,1.0
UGC02259,envelope_a0.5_q20,envelope,0.5,20.0,1.62,0.81,16.200000000000003,4.9073530471049034e-18,6612.862349721948,5992.939500746378,1.462508813951939,1.0504485710522646,8273897825.84401,49264694458.87589,49264694458.87589,5.954230460158053,0.2627163974044961,0.9973475179939164,5.609415950802853e-25,1.9975676024560317e-07,1.9975676024560317e-07,False,True,9.130612042630317e-09,6,2,0,1.0923682613954024,6.011409544171415,1.148706369756586,23.023419004435546,-21.87471263467896,0.030542057166711153,1.0,1.0
UGC02259,envelope_a0.5_q50,envelope,0.5,50.0,1.62,0.81,40.5,0.02277783422542179,6275.714139282409,5687.3972527614305,1.462508813951939,1.0504485710522646,8273897825.84401,120573520913.04745,120761982386.1226,14.59553706463662,0.10972775939685875,0.9973475179939164,2.603650998865923e-09,2.4755605775849214e-07,2.5015970875735806e-07,False,True,1.1744061644267596e-06,6,2,0,1.39038266815043,6.011409544171415,0.5809216313970926,23.023419004435546,-22.442497373038453,0.020444965858654542,0.9859920668962642,0.9810697114972537
UGC02259,envelope_a1_q10,envelope,1.0,10.0,1.62,1.62,16.200000000000003,0.6318990213727018,3390.9696863277964,3073.0831982132345,1.462508813951939,1.0504485710522646,8273897825.84401,23932558130.594654,29160826069.68321,3.524436327772581,0.232144370102862,0.9973475179939164,7.223006813980657e-08,7.873151364403249e-08,1.5096158178383906e-07,False,True,4.809855727271839e-07,6,2,0,4.817306688026576,6.011409544171415,7.208275114967264,23.023419004435546,-15.815143889468281,0.08008768197572662,0.5158496733775909,0.4337827684535665
UGC02259,envelope_a1_q20,envelope,1.0,20.0,1.62,1.62,32.400000000000006,0.660805183970132,3015.84991847418,2733.1290368544583,1.462508813951939,1.0504485710522646,8273897825.84401,44935133051.33395,50402567626.29087,6.091756109056056,0.11889576147074464,0.9973475179939164,7.553422596163243e-08,9.110070303016353e-08,1.6663492899179595e-07,False,True,6.52938858532831e-07,6,2,0,4.859267674455872,6.011409544171415,7.160078856770191,23.023419004435546,-15.863340147665355,0.07984771917120398,0.49488976220974806,0.4068655731076769
UGC02259,envelope_a1_q50,envelope,1.0,50.0,1.62,1.62,81.0,0.6684646589404152,2917.692888110273,2644.173738311377,1.462508813951939,1.0504485710522646,8273897825.84401,112113616603.52483,117644424891.78549,14.2187427701024,0.04720772551920637,0.9973475179939164,7.64097525573484e-08,1.1509328390364808e-07,1.9150303646099648e-07,False,True,8.273417481401542e-09,6,2,0,4.869418874053086,6.011409544171415,7.124348233417567,23.023419004435546,-15.899070771017978,0.07965625193393171,0.48966075019433225,0.39975242511734427
UGC02259,envelope_a2_q10,envelope,2.0,10.0,1.62,3.24,32.400000000000006,0.8587344057610542,2243.4461299013155,2033.1342493840814,1.462508813951939,1.0504485710522646,8273897825.84401,31667286872.66162,38772367605.465454,4.686106647867667,0.08979289399422334,0.9973475179939164,9.815879206043792e-08,5.2088318659449956e-08,1.5024711071988789e-07,False,True,3.180210545489052e-06,6,2,0,5.437045576442949,6.011409544171415,11.411186036392753,23.023419004435546,-11.612232968042793,0.1009913214718332,0.28636194235856083,0.20238850654159132
UGC02259,envelope_a2_q20,envelope,2.0,20.0,1.62,3.24,64.80000000000001,0.8595348563860639,2194.7287265611553,1988.9838595210117,1.462508813951939,1.0504485710522646,8273897825.84401,65401415856.599144,72513119436.08894,8.76408205206377,0.043801756619084385,0.9973475179939164,9.825028864649277e-08,6.629684346208245e-08,1.6454713210857522e-07,False,True,9.492152147806477e-07,6,2,0,5.431180440895081,6.011409544171415,11.275801205565603,23.023419004435546,-11.747617798869943,0.10039113389292567,0.2876913189996646,0.20203612596134876
UGC02259,envelope_a2_q50,envelope,2.0,50.0,1.62,3.24,162.0,0.8597583829778557,2181.2367101413424,1976.7566523192143,1.462508813951939,1.0504485710522646,8273897825.84401,167629936131.2888,174743489146.96042,21.119850985002348,0.017127006995203618,0.9973475179939164,9.827583915442219e-08,8.604253619850777e-08,1.8431837535292997e-07,False,True,4.324342177344065e-07,6,2,0,5.429491440110162,6.011409544171415,11.236421377632446,23.023419004435546,-11.7869976268031,0.10021590208159832,0.2880885269146042,0.2019410678094794
UGC02487,core_refit,none,1.0,20.0,7.89,7.89,157.79999999999998,0.99999999834242,0.0,0.0,1.1814498714443853,1.190886500979842,762467661615.6868,0.0,762467660351.8357,0.9999999983424201,0.0,0.9897567003679558,1.1426170422524159e-06,0.0,1.142617042252416e-06,False,True,1.4766879461287602e-05,13,4,0,2.353611574821361,2.3536115748213637,25.39386174165144,25.39386135927993,3.823715069017908e-07,0.09094893059364739,0.0,0.0
UGC02487,core_plummer,plummer,1.0,20.0,7.89,7.89,157.79999999999998,0.9983427921585877,637.9213247118648,449.80717146373433,1.1814498714443853,1.190886500979842,762467661615.6868,974894430.0120579,762178988658.046,0.9996213964576163,0.9857194225191348,0.9897567003679558,1.1407234902211044e-06,5.004779745424438e-09,1.1457282699665286e-06,False,True,9.302164257258833e-06,13,4,0,2.353219151151486,2.3536115748213637,25.4760937131523,25.39386135927993,0.08223235387236727,0.09104661415495065,0.0012738777327739616,0.0013439799121894671
UGC02487,fixed_core_envelope,envelope,1.0,20.0,7.89,7.89,157.79999999999998,1.0,70.19728516095644,49.49707912170022,1.1814498714443853,1.190886500979842,762467661615.6868,3201726740.956943,765669388356.6437,1.0041991639805057,0.26635839118276766,0.9897567003679558,1.1426170441463951e-06,1.6498374738706637e-09,1.144266881620266e-06,False,True,1.6892363189008765e-05,13,4,0,2.35309968044884,2.3536115748213637,25.169026170203168,25.39386135927993,-0.2248351890767637,0.09067460486458236,0.0011287824959473113,0.0008875342034866192
UGC02487,envelope_a0.5_q10,envelope,0.5,10.0,7.89,3.945,39.449999999999996,0.983457831247723,1719.7487257863013,1212.6186725670216,1.1814498714443853,1.190886500979842,762467661615.6868,18577525070.222153,768432317959.3082,1.0078228318968732,0.6807341208366003,0.9897567003679558,1.1237156801828976e-06,3.106694397982079e-08,1.1547826241627182e-06,False,True,3.984196284889133e-08,13,4,0,2.3487723505202696,2.3536115748213637,25.52155984109735,25.39386135927993,0.1276984818174185,0.09102171801741307,0.016754130127165326,0.015633713154961988
UGC02487,envelope_a0.5_q20,envelope,0.5,20.0,7.89,3.945,78.89999999999999,0.9397686327910543,4840.440048917195,3413.061395974882,1.1814498714443853,1.190886500979842,762467661615.6868,110387220154.4693,826930412058.4355,1.0845448976893666,0.4815538675257275,0.9897567003679558,1.0737956573812133e-06,1.137642198614498e-07,1.1875598772426632e-06,False,True,1.852713073788789e-05,13,4,0,2.3270833845884833,2.3536115748213637,24.522064039639957,25.39386135927993,-0.871797319639974,0.08931452393624872,0.06972734108321564,0.0603478189710372
UGC02487,envelope_a0.5_q50,envelope,0.5,50.0,7.89,3.945,197.25,0.8932483711523603,7685.891416213065,5419.428610049557,1.1814498714443853,1.190886500979842,762467661615.6868,452033555717.0526,1133106552511.6138,1.486104407510916,0.23160144049964912,0.9897567003679558,1.020640813534692e-06,2.3589215283951789e-07,1.25653296637421e-06,False,True,6.222509864307066e-06,13,4,0,2.2902128296400055,2.3536115748213637,22.26620162246591,25.39386135927993,-3.127659736814021,0.08550134027412842,0.13442887901784284,0.11019816543411964
UGC02487,envelope_a1_q10,envelope,1.0,10.0,7.89,7.89,78.89999999999999,0.832427750523993,15719.61265701403,11084.116852420198,1.1814498714443853,1.190886500979842,762467661615.6868,339621124703.94464,974320365109.9797,1.2778513950944124,0.45793800766780374,0.9897567003679558,9.511461357691576e-07,2.839719073358517e-07,1.2351180431050096e-06,False,True,1.9930710162734632e-06,13,4,0,2.2761165284602014,2.3536115748213637,21.515615052690684,25.39386135927993,-3.878246306589247,0.08426490287535088,0.19844431281132943,0.17177269513274473
UGC02487,envelope_a1_q20,envelope,1.0,20.0,7.89,7.89,157.79999999999998,0.8206609077698149,15043.286706224557,10607.230046591061,1.1814498714443853,1.190886500979842,762467661615.6868,686130428103.6531,1311857831430.3105,1.7205422570321909,0.26635839118276766,0.9897567003679558,9.377011406824433e-07,3.5356037033628644e-07,1.2912615110187297e-06,False,True,2.6432660482451955e-06,13,4,0,2.244037579890998,2.3536115748213637,18.96252574294264,25.39386135927993,-6.431335616337293,0.0798523494384703,0.22785489369045922,0.18829106705111903
UGC02487,envelope_a1_q50,envelope,1.0,50.0,7.89,7.89,394.5,0.8328706761416376,13517.715682798349,9531.528764423821,1.1814498714443853,1.190886500979842,762467661615.6868,1590046164945.2253,2225083121811.216,2.9182655656453846,0.11143523432117164,0.9897567003679558,9.516522301291674e-07,4.148800550527343e-07,1.3665322851819017e-06,False,True,4.460120808456241e-06,13,4,0,2.2403229687803954,2.3536115748213637,18.520248261795963,25.39386135927993,-6.873613097483968,0.07902721790607502,0.2199117955412053,0.17717784262822836
UGC02487,envelope_a2_q10,envelope,2.0,10.0,7.89,15.78,157.79999999999998,0.9090707984336117,10071.85093391737,7101.801749668774,1.1814498714443853,1.190886500979842,762467661615.6868,435203260622.4847,1128340346547.2659,1.4798533804781784,0.2358521921035138,0.9897567003679558,1.0387197886260167e-06,1.8194613203975603e-07,1.2206659206657726e-06,False,True,1.065565257422015e-05,13,4,0,2.284715909333017,2.3536115748213637,20.28537634514362,25.39386135927993,-5.10848501413631,0.08264633634379888,0.13014600290496542,0.10051435811960546
UGC02487,envelope_a2_q20,envelope,2.0,20.0,7.89,15.78,315.59999999999997,0.9172342941340678,8785.636581978473,6194.874175483958,1.1814498714443853,1.190886500979842,762467661615.6868,801432919132.1898,1500794406534.3076,1.9683384385825482,0.12098469028271236,0.9897567003679558,1.0480475379531737e-06,2.0648765022068217e-07,1.2545351881738558e-06,False,True,3.8068259331352056e-06,13,4,0,2.285056012393489,2.3536115748213637,20.27758047381127,25.39386135927993,-5.116280885468662,0.08258705371684448,0.12286641119150223,0.09240011614148975
UGC02487,envelope_a2_q50,envelope,2.0,50.0,7.89,15.78,789.0,0.9192933883243594,8461.668260758219,5966.439620050721,1.1814498714443853,1.190886500979842,762467661615.6868,1990638578702.8315,2691570058837.2676,3.5300776601249786,0.04806261190044969,0.9897567003679558,1.0504002940705036e-06,2.59701970084239e-07,1.3101022641547429e-06,False,True,2.4259382750319716e-06,13,4,0,2.28493563043456,2.3536115748213637,20.262372270965642,25.39386135927993,-5.131489088314289,0.08254340787514146,0.12119587920268564,0.09036906122293098
UGC02885,core_refit,none,1.0,20.0,11.4,11.4,228.0,1.0000000182527171,0.0,0.0,1.0934214759071603,1.0201887267670608,931090615233.6359,0.0,931090632228.5695,1.0000000182527171,0.0,0.9126583987971506,1.1829858596238595e-06,0.0,1.1829858596238597e-06,False,True,9.308109838448649e-13,15,4,0,1.1211092695416256,1.1211092695416356,2.8719100671942037,2.871910582373856,-5.151796522717689e-07,0.05505084250262714,0.0,0.0
UGC02885,core_plummer,plummer,1.0,20.0,11.4,11.4,228.0,0.9590379832295989,6457.495324469248,6204.446727536602,1.0934214759071603,1.0201887267670608,931090615233.6359,17981852135.769825,910933117973.4424,0.978350660042755,0.9654920426662558,0.9126583987971506,1.1345283522945746e-06,6.903377999175292e-08,1.2035621322863273e-06,False,True,6.865232000092445e-08,15,4,0,1.0876202780466429,1.1211092695416356,3.460316836852215,2.871910582373856,0.5884062544783588,0.06072775420922506,0.020858946442615763,0.02415140460391077
UGC02885,fixed_core_envelope,envelope,1.0,20.0,11.4,11.4,228.0,1.0,510.66021780236514,490.64907646486387,1.0934214759071603,1.0201887267670608,931090615233.6359,42440044037.536964,973530659271.1729,1.0455810029047363,0.1629804110026464,0.9126583987971506,1.1829858380311537e-06,1.6354323269893164e-08,1.199340161301047e-06,False,True,2.9487523534035464e-13,15,4,0,1.1189978452881582,1.1211092695416356,2.6559599281651027,2.871910582373856,-0.21595065420875326,0.05281320802935143,0.008074028756791949,0.007177196513938522
UGC02885,envelope_a0.5_q10,envelope,0.5,10.0,11.4,5.7,57.0,0.9109121481079215,5570.1910304093035,5351.913052018706,1.0934214759071603,1.0201887267670608,931090615233.6359,109640953101.47343,957782705507.0709,1.028667553766222,0.5414844793201568,0.9126583987971506,1.077596170902208e-06,1.371144835003744e-07,1.2147106544025822e-06,False,True,7.918812859375673e-07,15,4,0,1.0864684705544148,1.1211092695416356,3.451571749709039,2.871910582373856,0.5796611673351828,0.060705593269820196,0.07123416659520214,0.07178380560462957
UGC02885,envelope_a0.5_q20,envelope,0.5,20.0,11.4,5.7,114.0,0.8835216826275418,6360.611587607513,6111.35955458186,1.0934214759071603,1.0201887267670608,931090615233.6359,264309443415.66492,1086948190465.6,1.1673924886385578,0.3360618800478691,0.9126583987971506,1.0451936381418375e-06,2.0370393947198113e-07,1.2488975776138187e-06,False,True,3.492026548238068e-06,15,4,0,1.0802774885443696,1.1211092695416356,3.2914435400218305,2.871910582373856,0.4195329576479745,0.05932313561628849,0.10579205230008966,0.10070745492018958
UGC02885,envelope_a0.5_q50,envelope,0.5,50.0,11.4,5.7,285.0,0.8677908412827615,6888.283481222302,6618.353673670968,1.0934214759071603,1.0201887267670608,931090615233.6359,738188533642.2012,1546180441946.2822,1.660612207500667,0.14576617240591616,0.9126583987971506,1.0265842756106475e-06,2.8807791534342213e-07,1.3146621909540697e-06,False,True,8.363043560238745e-07,15,4,0,1.07591560407584,1.1211092695416356,3.155282151153549,2.871910582373856,0.28337156877969294,0.05812078815557492,0.1273371861587293,0.11764639968520808
UGC02885,envelope_a1_q10,envelope,1.0,10.0,11.4,11.4,114.0,0.7072229070207713,20633.341924369706,19824.787219853148,1.0934214759071603,1.0201887267670608,931090615233.6359,812273497230.5792,1470762108835.8696,1.5796122147217815,0.30726212015018295,0.9126583987971506,8.366346833367959e-07,5.079053851836543e-07,1.3445400685204502e-06,False,True,5.127871424759517e-07,15,4,0,1.038878934388108,1.1211092695416356,3.1063423711589087,2.871910582373856,0.23443178878505266,0.057902144711686795,0.2934326082200786,0.27593204553274053
UGC02885,envelope_a1_q20,envelope,1.0,20.0,11.4,11.4,228.0,0.6410377853251386,23980.630371461717,23040.906134099216,1.0934214759071603,1.0201887267670608,931090615233.6359,1992986673981.7495,2589850939908.14,2.781524050973574,0.1629804110026464,0.9126583987971506,7.583386216824939e-07,7.679998708309146e-07,1.5263384925134085e-06,False,True,1.108785688053595e-07,15,4,0,1.0226536384830252,1.1211092695416356,2.656431728078469,2.871910582373856,-0.21547885429538693,0.05367459510540384,0.37354657464067254,0.34622391536503666
UGC02885,envelope_a1_q50,envelope,1.0,50.0,11.4,11.4,570.0,0.6160973861576009,25242.036216999295,24252.88151730779,1.0934214759071603,1.0201887267670608,931090615233.6359,5410166916610.005,5983809410931.32,6.426667085920332,0.06552085775811599,0.9126583987971506,7.288344826724528e-07,1.0556582336135192e-06,1.7844927162859722e-06,False,True,3.706410905572062e-07,15,4,0,1.0163315581574228,1.1211092695416356,2.4681820829755368,2.871910582373856,-0.40372849939831923,0.0517959998790663,0.40372590140502246,0.37279502916743484
UGC02885,envelope_a2_q10,envelope,2.0,10.0,11.4,22.8,228.0,0.0,105388.78622671813,101258.93662604537,1.0934214759071603,1.0201887267670608,931090615233.6359,8297688108018.616,8297688108018.616,8.911794375605968,0.13220083705033056,0.9126583987971506,0.0,2.59422502950424e-06,2.59422502950424e-06,False,True,7.939424577376889e-08,15,4,0,0.9274855587143201,1.1211092695416356,0.009740522868699138,2.871910582373856,-2.8621700595051567,-0.0016011923573611738,1.0,1.0
UGC02885,envelope_a2_q20,envelope,2.0,20.0,11.4,22.8,456.0,0.0,103061.44816871498,99022.79950595603,1.0934214759071603,1.0201887267670608,931090615233.6359,17130499875928.809,17130499875928.809,18.39831655013546,0.06528276373269987,0.9126583987971506,0.0,3.300629618786603e-06,3.300629618786603e-06,False,True,4.188000653641671e-07,15,4,0,0.9347957983040267,1.1211092695416356,0.052510779521212116,2.871910582373856,-2.8193998028526437,-0.0065251184700131455,1.0,1.0
UGC02885,envelope_a2_q50,envelope,2.0,50.0,11.4,22.8,1140.0,0.0,102410.90753954355,98397.7514842412,1.0934214759071603,1.0201887267670608,931090615233.6359,43899794700184.44,43899794700184.44,47.14878872360752,0.025619926996066043,0.9126583987971506,0.0,4.2829713429831985e-06,4.2829713429831985e-06,False,True,7.66962833280671e-07,15,4,0,0.937284932231986,1.1211092695416356,0.07395314167135422,2.871910582373856,-2.797957440702502,-0.007979019652498849,1.0,1.0
UGC02916,core_refit,none,1.0,20.0,6.15,6.15,123.0,0.9999999965719613,0.0,0.0,1.185153116034824,1.0796324010723626,9928130725.58768,0.0,9928130691.553663,0.9999999965719611,0.0,1.0,7.095458354397453e-07,0.0,7.095458354397453e-07,False,True,2.532259342688913e-07,34,9,0,2.3242171645353347,2.3242171645353658,0.31172201046405046,0.31172201112039905,-6.56348586591804e-10,-0.005066587792368517,0.0,0.0
UGC02916,core_plummer,plummer,1.0,20.0,6.15,6.15,123.0,0.9890871335541191,589.4927091256053,505.7392015020247,1.185153116034824,1.0796324010723626,9928130725.58768,857067660.3483456,10676854021.270441,1.075414326863473,0.9619588901370218,1.0,7.018026589061671e-07,5.627107508997401e-09,7.074297664151645e-07,False,True,7.292536472894144e-06,34,9,0,2.302591962664944,2.3242171645353658,0.32241477399190616,0.31172201112039905,0.010692762871507111,-0.006507664419492762,0.07745626404600078,0.05974941021996082
UGC02916,fixed_core_envelope,envelope,1.0,20.0,6.15,6.15,123.0,1.0,111.42068536128619,95.59033991957067,1.185153116034824,1.0796324010723626,9928130725.58768,4834771725.703729,14762902451.291409,1.4869770412312475,0.15354187502924438,1.0,7.095458378720959e-07,3.1862188181160952e-09,7.12732056690212e-07,False,True,2.4556356947266048e-11,34,9,0,2.3235230880884994,2.3242171645353658,0.31245982443334896,0.31172201112039905,0.0007378133129499198,-0.005977816640484649,0.06956955705426233,0.015011505954820679
UGC02916,envelope_a0.5_q10,envelope,0.5,10.0,6.15,3.075,30.75,0.9945878770889375,229.72805567354402,197.08892347673702,1.185153116034824,1.0796324010723626,9928130725.58768,2360929929.929214,12235328391.752918,1.2323899362262543,0.5244751443526022,1.0,7.057056885864992e-07,5.049361916663505e-09,7.107550505031628e-07,False,True,3.0875074968668977e-06,34,9,0,2.3181616982265347,2.3242171645353658,0.31728637305952584,0.31172201112039905,0.005564361939126794,-0.006794080563658178,0.11142700807591602,0.04174270996616164
UGC02916,envelope_a0.5_q20,envelope,0.5,20.0,6.15,3.075,61.5,0.9952000237537744,199.01402198525363,170.7386554717895,1.185153116034824,1.0796324010723626,9928130725.58768,4317812995.822777,14198288929.758213,1.4301069679879508,0.3209668254642562,1.0,7.061400347047016e-07,5.6910637361660684e-09,7.118310984408677e-07,False,True,1.4367001837656371e-05,34,9,0,2.3193509192744166,2.3242171645353658,0.3156712238601759,0.31172201112039905,0.003949212739776831,-0.006852328255944161,0.12301008299227638,0.038447752283595066
UGC02916,envelope_a0.5_q50,envelope,0.5,50.0,6.15,3.075,153.75,0.9953912530610433,189.80741219379755,162.84009555341802,1.185153116034824,1.0796324010723626,9928130725.58768,10620275909.264221,20502650392.760788,2.065106812092985,0.13804106282208772,1.0,7.062757206637534e-07,7.087961383504101e-09,7.133636820472575e-07,False,True,9.690430940346135e-05,34,9,0,2.3197023369733407,2.3242171645353658,0.3149560134308311,0.31172201112039905,0.0032340023104320825,-0.006885127151538416,0.12918411895688728,0.03734346385447842
UGC02916,envelope_a1_q10,envelope,1.0,10.0,6.15,6.15,61.5,0.9980715471323058,172.0771881240913,147.62893310025424,1.185153116034824,1.0796324010723626,9928130725.58768,3536896549.3491797,13445881342.76826,1.3543215449524966,0.29173656327005903,1.0,7.08177512166291e-07,3.782211092558298e-09,7.119597232588493e-07,False,True,7.875028453653679e-06,34,9,0,2.323043493456762,2.3242171645353658,0.3130879315277947,0.31172201112039905,0.0013659204073956377,-0.006337719489287332,0.0943111575831405,0.022528334551002022
UGC02916,envelope_a1_q20,envelope,1.0,20.0,6.15,6.15,123.0,0.9982724714986458,152.18334462773134,130.56155233556427,1.185153116034824,1.0796324010723626,9928130725.58768,6603546992.584111,16514526589.37817,1.663407447568698,0.15354187502924438,1.0,7.083200772141546e-07,4.3518798586137796e-09,7.126719570727685e-07,False,True,4.712586799266805e-05,34,9,0,2.3232691337116993,2.3242171645353658,0.3125059006639297,0.31172201112039905,0.000783889543530647,-0.0062723967925534425,0.09280825754892816,0.02042596458831764
UGC02916,envelope_a1_q50,envelope,1.0,50.0,6.15,6.15,307.5,0.9983301148667806,146.57682469467704,125.75159138056982,1.185153116034824,1.0796324010723626,9928130725.58768,16402797995.811804,26314349883.500168,2.650483823272032,0.061548766886532,1.0,7.083609778260955e-07,5.473605383185721e-09,7.138345832092813e-07,False,True,1.1092486111935913e-05,34,9,0,2.3233296954366565,2.3242171645353658,0.3123307176108574,0.31172201112039905,0.000608706490458355,-0.006253164838708126,0.09244213337617309,0.019812690144378392
UGC02916,envelope_a2_q10,envelope,2.0,10.0,6.15,12.3,123.0,0.999999995943693,0.0,0.0,1.185153116034824,1.0796324010723626,9928130725.58768,0.0,9928130685.316135,0.999999995943693,0.12298478107199999,1.0,7.095458349939602e-07,0.0,7.095458349939602e-07,False,True,6.058255112828679e-08,34,9,0,2.324217164535333,2.3242171645353658,0.3117220103437585,0.31172201112039905,-7.766405296649737e-10,-0.005066587778327986,0.0,0.0
UGC02916,envelope_a2_q20,envelope,2.0,20.0,6.15,12.3,246.0,0.9999999953047719,1.9945913449798282e-10,1.7112052761928415e-10,1.185153116034824,1.0796324010723626,9928130725.58768,0.01730988067031313,9928130678.990152,0.9999999953065154,0.06056093742936221,1.0,7.095458345406163e-07,5.703792305009799e-21,7.095458345406221e-07,False,True,1.2354009068191752e-07,34,9,0,2.324217164535338,2.3242171645353658,0.3117220102214251,0.31172201112039905,-8.989739508358241e-10,-0.005066587764050495,1.0558912186809629e-13,1.3375411802149868e-14
UGC02916,envelope_a2_q50,envelope,2.0,50.0,6.15,12.3,615.0,0.999999999999,0.0,0.0,1.185153116034824,1.0796324010723626,9928130725.58768,0.0,9928130725.577753,0.999999999999,0.023746609447247685,1.0,7.095458378713864e-07,0.0,7.095458378713864e-07,False,True,3.4446673202871094e-07,34,9,0,2.324217164535336,2.3242171645353658,0.31172201112021036,0.31172201112039905,-1.8868240303504535e-13,-0.005066587868955969,0.0,0.0
UGC02953,core_refit,none,1.0,20.0,3.55,3.55,71.0,1.0000000017324469,0.0,0.0,1.1716865742899216,1.0146430166476608,452081706889.68286,0.0,452081707672.8904,1.0000000017324469,0.0,0.9965080594220612,9.898954909510695e-07,0.0,9.898954909510698e-07,False,True,2.3476331988962572e-11,92,23,0,6.068366421562622,6.0683664215626125,43.06320228644452,43.06320268317816,-3.967336397181498e-07,0.0900922631020698,0.0,0.0
UGC02953,core_plummer,plummer,1.0,20.0,3.55,3.55,71.0,0.999999999999,0.0,0.0,1.1716865742899216,1.0146430166476608,452081706889.68286,0.0,452081706889.2308,0.999999999999,0.9951631405784482,0.9965080594220612,9.898954892351383e-07,0.0,9.898954892351386e-07,False,True,1.0469288373143502e-06,92,23,0,6.068366421562624,6.0683664215626125,43.06320268340717,43.06320268317816,2.290079237354803e-10,0.09009226358803991,0.0,0.0
UGC02953,fixed_core_envelope,envelope,1.0,20.0,3.55,3.55,71.0,1.0,28.561824413089084,27.74338212179798,1.1716865742899216,1.0146430166476608,452081706889.68286,800777016.0486796,452882483905.73157,1.0017713103712116,0.4323935851802348,0.9965080594220612,9.898954892361283e-07,9.247428795528381e-10,9.908202321156812e-07,False,True,1.1173899536341474e-05,92,23,0,6.068106513363295,6.0683664215626125,42.918739371488925,43.06320268317816,-0.1444633116892362,0.08991801867226323,0.0007679968299073666,0.0005337757344264747
UGC02953,envelope_a0.5_q10,envelope,0.5,10.0,3.55,1.775,17.75,0.9986671835993124,73.05376427826874,70.9604004455317,1.1716865742899216,1.0146430166476608,452081706889.68286,485095411.12064713,451964260387.4101,0.9997402095672466,0.8059490376207958,0.9965080594220612,9.885761402931077e-07,1.8179851880065277e-09,9.903941254811143e-07,False,True,0.00010412449951306757,92,23,0,6.0680754469602345,6.0683664215626125,43.1761798920383,43.06320268317816,0.11297720886013707,0.09022917248868476,0.0008682383882949281,0.0009025784720680363
UGC02953,envelope_a0.5_q20,envelope,0.5,20.0,3.55,1.775,35.5,0.9985465276420933,62.6434710348978,60.8484153260358,1.1716865742899216,1.0146430166476608,452081706889.68286,878155594.7677636,452302774219.9712,1.0004889986188763,0.6542870505774624,0.9965080594220612,9.884567035053071e-07,2.0282004031734365e-09,9.904849039084806e-07,False,True,0.00012726978028412638,92,23,0,6.06815291379043,6.0683664215626125,43.13256039331089,43.06320268317816,0.06935771013272785,0.09017870826789551,0.0012756143504922069,0.0011076716843459377
UGC02953,envelope_a0.5_q50,envelope,0.5,50.0,3.55,1.775,88.75,0.9986523636395941,52.5037754450574,50.99927385387075,1.1716865742899216,1.0146430166476608,452081706889.68286,1898141881.5153801,453370607025.1193,1.0028510335981167,0.3779962678641856,0.9965080594220612,9.88561470081832e-07,2.2198518272448823e-09,9.907813219090768e-07,False,True,4.454764103140474e-06,92,23,0,6.06822392603089,6.0683664215626125,43.07369000700728,43.06320268317816,0.010487323829117656,0.09011098455373964,0.00159225287648537,0.0011072626710730972
UGC02953,envelope_a1_q10,envelope,1.0,10.0,3.55,3.55,35.5,0.9909627610311947,460.27228071881837,447.08312674178256,1.1716865742899216,1.0146430166476608,452081706889.68286,6112647950.412348,454108784421.50775,1.0044838742663824,0.6380953581158688,0.9965080594220612,9.80949567145759e-07,1.1454141987940067e-08,9.92403709133699e-07,False,True,9.487834516262103e-05,92,23,0,6.06391936001331,6.0683664215626125,43.366652434622154,43.06320268317816,0.303449751443992,0.09047660027400632,0.00866127754470055,0.0072664927802950745
UGC02953,envelope_a1_q20,envelope,1.0,20.0,3.55,3.55,71.0,0.98981102557113,467.61346531846436,454.2139488709636,1.1716865742899216,1.0146430166476608,452081706889.68286,13110301009.003502,460585758947.4274,1.0188108740702038,0.4323935851802348,0.9965080594220612,9.798094694090475e-07,1.5139866984061106e-08,9.949493363931089e-07,False,True,1.1353660979844434e-05,92,23,0,6.064112147933537,6.0683664215626125,43.02807257062449,43.06320268317816,-0.0351301125536736,0.09009577357373051,0.012553232176949184,0.008756285781074897
UGC02953,envelope_a1_q50,envelope,1.0,50.0,3.55,3.55,177.5,0.9894946693031571,466.1401035938261,452.78280649227366,1.1716865742899216,1.0146430166476608,452081706889.68286,33704244915.15886,481036683971.9724,1.064048105997253,0.19990190823348086,0.9965080594220612,9.794963097663896e-07,1.9708334342502673e-08,9.992046441088924e-07,False,True,7.532729530825376e-08,92,23,0,6.064286088777739,6.0683664215626125,42.807096907326965,43.06320268317816,-0.2561057758511964,0.08984871927859513,0.014889336787704958,0.009264592763193741
UGC02953,envelope_a2_q10,envelope,2.0,10.0,3.55,7.1,71.0,0.9869581566094728,804.7326397308827,781.6729354202487,1.1716865742899216,1.0146430166476608,452081706889.68286,21374510379.806942,467560238448.5123,1.0342383496676333,0.40686487411476974,0.9965080594220612,9.769854272925214e-07,2.002623730330257e-08,9.97011664595824e-07,False,True,0.00019465861132670256,92,23,0,6.0667212109864135,6.0683664215626125,42.51696397936837,43.06320268317816,-0.5462387038097916,0.0895108732812797,0.01918392456091065,0.01233254430914473
UGC02953,envelope_a2_q20,envelope,2.0,20.0,3.55,7.1,142.0,0.9873869213143257,747.669111869319,726.2445693682635,1.1716865742899216,1.0146430166476608,452081706889.68286,41924229470.446915,488303794218.77625,1.0801228777388516,0.22858105927292502,0.9965080594220612,9.774098595397989e-07,2.4207196202281003e-08,1.00161705574208e-06,False,True,0.00014413679724617715,92,23,0,6.067062317741367,6.0683664215626125,42.25086689366504,43.06320268317816,-0.8123357895131207,0.08920893825305307,0.021089353302175713,0.012216043304108047
UGC02953,envelope_a2_q50,envelope,2.0,50.0,3.55,7.1,355.0,0.98770179002882,720.5558081108335,699.9082003787768,1.1716865742899216,1.0146430166476608,452081706889.68286,104199528186.35533,550721439320.5793,1.2181900548675964,0.09407694258923342,0.9965080594220612,9.777215466599784e-07,3.046499254021403e-08,1.0081865392001926e-06,False,True,1.1510269065873237e-07,92,23,0,6.067186279288916,6.0683664215626125,42.169676896234385,43.06320268317816,-0.8935257869437763,0.08911716959391447,0.021555667647344977,0.011999590908161053
UGC03205,core_refit,none,1.0,20.0,3.19,3.19,63.8,0.9999999999999001,0.0,0.0,1.3217948240398152,1.0158955458763568,2.8648524270889476e+16,0.0,2.8648524270886612e+16,0.9999999999999001,0.0,3.201381218533521e-05,0.001,0.0,0.001,True,True,0.0,38,10,0,3.431561674069214,3.4315616740692136,180.8016637961794,180.8016637962574,-7.79891706770286e-11,-0.13389815072450245,0.0,0.0
UGC03205,core_plummer,plummer,1.0,20.0,3.19,3.19,63.8,0.887550159024429,4952.915796101055,4799.133512972694,1.3217948240398152,1.0158955458763568,2.8648524270889476e+16,4704965827.222572,2.5427006977408996e+16,0.8875503232550813,0.9905539442850261,3.201381218533521e-05,0.0008875501590245178,5.3397561722178685e-08,0.0008876035565862399,False,True,3.246722780627148e-06,38,10,0,3.2564655851981086,3.4315616740692136,112.13520883779915,180.8016637962574,-68.66645495845825,-0.10310288761787274,0.0056927570978571665,0.07210695525272394
UGC03205,fixed_core_envelope,envelope,1.0,20.0,3.19,3.19,63.8,1.0,0.0,0.0,1.3217948240398152,1.0158955458763568,2.8648524270889476e+16,0.0,2.8648524270889476e+16,1.0,0.3256090348853292,3.201381218533521e-05,0.0010000000000001,0.0,0.0010000000000001,True,True,0.0,38,10,0,3.431561674069216,3.4315616740692136,180.80166379625743,180.8016637962574,2.842170943040401e-14,-0.13389815072453487,0.0,0.0
UGC03205,envelope_a0.5_q10,envelope,0.5,10.0,3.19,1.595,15.95,0.877622181199146,1835.1406542266957,1778.1616682542685,1.3217948240398152,1.0158955458763568,2.8648524270889476e+16,12322455995.195383,2.5142592681210692e+16,0.8776226113244774,0.7346687867061527,3.201381218533521e-05,0.0008776221811992338,4.5555993969461814e-08,0.0008776677371932032,False,True,2.428102430422118e-06,38,10,0,3.3792465982266915,3.4315616740692136,111.83456002381456,180.8016637962574,-68.96710377244284,-0.1031993311929597,0.011122036703859245,0.09162141524191712
UGC03205,envelope_a0.5_q20,envelope,0.5,20.0,3.19,1.595,31.9,0.8675204737862172,1675.525810194597,1623.5026797519076,1.3217948240398152,1.0158955458763568,2.8648524270889476e+16,23751450291.06515,2.485320510020827e+16,0.8675213028498739,0.5505217690681641,3.201381218533521e-05,0.0008675204737863039,5.4114618630290884e-08,0.0008675745884049342,False,True,6.58002742769181e-06,38,10,0,3.3857649345628826,3.4315616740692136,109.99863655031393,180.8016637962574,-70.80302724594347,-0.10224889729704163,0.016168362321997042,0.10304743816079266
UGC03205,envelope_a0.5_q50,envelope,0.5,50.0,3.19,1.595,79.75,0.8607049606252977,1657.3253637016685,1605.8673359844972,1.3217948240398152,1.0158955458763568,2.8648524270889476e+16,60588369739.03621,2.465798754291855e+16,0.8607070755115365,0.28237449750332927,3.201381218533521e-05,0.0008607049606253837,6.989879013399907e-08,0.0008607748594155177,False,True,3.8256216285689626e-08,38,10,0,3.3865212464765846,3.4315616740692136,109.2596024891166,180.8016637962574,-71.5420613071408,-0.10184081086406101,0.021213329126968977,0.11019827867130048
UGC03205,envelope_a1_q10,envelope,1.0,10.0,3.19,3.19,31.9,0.9222001056848935,1214.813070706503,1177.094535750895,1.3217948240398152,1.0158955458763568,2.8648524270889476e+16,16314259696.325024,2.641968842459021e+16,0.9222006751473741,0.529766264652338,3.201381218533521e-05,0.0009222001056849857,3.0156825742847065e-08,0.0009222302625107286,False,True,4.940961383288849e-06,38,10,0,3.422957697434756,3.4315616740692136,138.46778048195165,180.8016637962574,-42.33388331430575,-0.11604088105575512,0.01011513165660059,0.06182573195710685
UGC03205,envelope_a1_q20,envelope,1.0,20.0,3.19,3.19,63.8,0.9193377040236671,1178.564899913869,1141.97182856257,1.3217948240398152,1.0158955458763568,2.8648524270889476e+16,33413541545.91907,2.6337701940407376e+16,0.9193388703504638,0.3256090348853292,3.201381218533521e-05,0.000919337704023759,3.806422419865844e-08,0.0009193757682479575,False,True,1.8887553631869393e-06,38,10,0,3.4233911947161304,3.4315616740692136,138.60009288228474,180.8016637962574,-42.20157091397266,-0.11608098590360345,0.012739025483271452,0.06506362815533237
UGC03205,envelope_a1_q50,envelope,1.0,50.0,3.19,3.19,159.5,0.9179099912773476,1175.713068376456,1139.2085430822624,1.3217948240398152,1.0158955458763568,2.8648524270889476e+16,85963250975.30125,2.6296852626852016e+16,0.9179129918944182,0.14039816163235996,3.201381218533521e-05,0.0009179099912774394,4.958647398039774e-08,0.0009179595777514197,False,True,2.2514364322088425e-07,38,10,0,3.423425176839501,3.4315616740692136,138.58570978118593,180.8016637962574,-42.215954015071475,-0.11607041747706917,0.014133592824485574,0.0665411616653648
UGC03205,envelope_a2_q10,envelope,2.0,10.0,3.19,6.38,63.8,0.9999999999999001,0.0,0.0,1.3217948240398152,1.0158955458763568,2.8648524270889476e+16,0.0,2.8648524270886612e+16,0.9999999999999001,0.2965081325981688,3.201381218533521e-05,0.001,0.0,0.001,True,True,0.0,38,10,0,3.431561674069214,3.4315616740692136,180.8016637961794,180.8016637962574,-7.79891706770286e-11,-0.13389815072450245,0.0,0.0
UGC03205,envelope_a2_q20,envelope,2.0,20.0,3.19,6.38,127.6,0.9999999999999001,0.0,0.0,1.3217948240398152,1.0158955458763568,2.8648524270889476e+16,0.0,2.8648524270886612e+16,0.9999999999999001,0.15642303494218762,3.201381218533521e-05,0.001,0.0,0.001,True,True,0.0,38,10,0,3.431561674069214,3.4315616740692136,180.8016637961794,180.8016637962574,-7.79891706770286e-11,-0.13389815072450245,0.0,0.0
UGC03205,envelope_a2_q50,envelope,2.0,50.0,3.19,6.38,319.0,0.9999999999999001,0.0,0.0,1.3217948240398152,1.0158955458763568,2.8648524270889476e+16,0.0,2.8648524270886612e+16,0.9999999999999001,0.06275808475713586,3.201381218533521e-05,0.001,0.0,0.001,True,True,0.0,38,10,0,3.431561674069214,3.4315616740692136,180.8016637961794,180.8016637962574,-7.79891706770286e-11,-0.13389815072450245,0.0,0.0
UGC03546,core_refit,none,1.0,20.0,3.79,3.79,75.8,0.9999999999882845,0.0,0.0,0.9285265688281528,0.9918646896229446,106641699230.13773,0.0,106641699228.88837,0.9999999999882845,0.0,0.9888258254694056,5.533670595905368e-07,0.0,5.533670595905368e-07,False,True,9.372058684587885e-12,24,6,0,0.4634231824780775,0.46342318247808617,3.5863262300512075,3.5863262295764478,4.747597870391473e-10,0.06392493230765008,0.0,0.0
UGC03546,core_plummer,plummer,1.0,20.0,3.79,3.79,75.8,0.9959408686395649,328.435448805306,333.84522284664735,0.9285265688281528,0.9918646896229446,106641699230.13773,273160326.0313542,106481986890.49394,0.9985023462604519,0.9753016763206365,0.9888258254694056,5.511208700115777e-07,3.71452905913555e-09,5.548353990707133e-07,False,True,1.56441555219213e-06,24,6,0,0.4629084755343103,0.46342318247808617,3.6431791734357497,3.5863262295764478,0.05685294385930195,0.06431727493351734,0.002530322540086141,0.003116092422539663
UGC03546,fixed_core_envelope,envelope,1.0,20.0,3.79,3.79,75.8,1.0,2.4179594214984426,2.457786468667133,0.9285265688281528,0.9918646896229446,106641699230.13773,60019183.526925676,106701718413.66466,1.0005628115827132,0.19832784615048696,0.9888258254694056,5.533670595970197e-07,8.192297991582973e-11,5.534489825769355e-07,False,True,4.0249072738170806e-05,24,6,0,0.46341882870438694,0.46342318247808617,3.5827930678426387,3.5863262295764478,-0.0035331617338090204,0.06389927169716289,0.00011286983758471307,7.397515899692674e-05
UGC03546,envelope_a0.5_q10,envelope,0.5,10.0,3.79,1.895,18.95,0.9867660900932119,409.3050936007351,416.04689957327685,0.9285265688281528,0.9918646896229446,106641699230.13773,2406285405.8735313,107636697996.09283,1.0093302973708986,0.5977201014032494,0.9888258254694056,5.460438497849286e-07,1.0659002714067747e-08,5.567028524989964e-07,False,True,1.8860849062695737e-06,24,6,0,0.46246127191962705,0.46342318247808617,3.623489478390161,3.5863262295764478,0.037163248813713246,0.06414224970025766,0.013633960640087867,0.012084111828812616
UGC03546,envelope_a0.5_q20,envelope,0.5,20.0,3.79,1.895,37.9,0.9778329706181392,603.6005857419358,613.5427000659619,0.9285265688281528,0.9918646896229446,106641699230.13773,7491361106.083894,111769130656.0556,1.048080923906254,0.3897814848472498,0.9888258254694056,5.411005557279788e-07,2.0450615598948136e-08,5.615511713269268e-07,False,True,7.401145795969165e-07,24,6,0,0.4618905523404684,0.46342318247808617,3.5479588114960148,3.5863262295764478,-0.03836741808043298,0.0635322704791648,0.027538656590748486,0.021152149435061263
UGC03546,envelope_a0.5_q50,envelope,0.5,50.0,3.79,1.895,94.75,0.9717946338818391,736.4684364877962,748.5990632044656,0.9285265688281528,0.9918646896229446,106641699230.13773,23572611410.948154,127206442470.83704,1.192839605793599,0.1748182986241549,0.9888258254694056,5.377591390833556e-07,3.2584365869399815e-08,5.703435049527554e-07,False,True,2.1567152165244688e-07,24,6,0,0.46147217713040334,0.46342318247808617,3.47261609658244,3.5863262295764478,-0.11371013299400756,0.06290679761742933,0.03865900698406537,0.027398652358047112
UGC03546,envelope_a1_q10,envelope,1.0,10.0,3.79,3.79,37.9,0.9120562094011699,3064.86812233338,3115.3506267909374,0.9285265688281528,0.9918646896229446,106641699230.13773,36036431253.85518,133299655217.79425,1.249976849394789,0.36271152067094187,0.9888258254694056,5.047018627835291e-07,7.981439308956733e-08,5.845162558730963e-07,False,True,1.010808306078369e-06,24,6,0,0.4582061671842787,0.46342318247808617,3.106317795191344,3.5863262295764478,-0.48000843438510366,0.05983562419846081,0.11964450169043217,0.08791122542736483
UGC03546,envelope_a1_q20,envelope,1.0,20.0,3.79,3.79,75.8,0.8770054057535863,4087.6484538563477,4154.977527426934,0.9285265688281528,0.9918646896229446,106641699230.13773,101464615396.03473,194989962099.6136,1.828458881537664,0.19832784615048696,0.9888258254694056,4.853059026325533e-07,1.384937808347177e-07,6.23799683467271e-07,False,True,1.2052243498791198e-05,24,6,0,0.4560737940927277,0.46342318247808617,2.6774761407753522,3.5863262295764478,-0.9088500888010955,0.05590232091195371,0.17870893939847446,0.12480830453633204
UGC03546,envelope_a1_q50,envelope,1.0,50.0,3.79,3.79,189.5,0.867272615709174,4350.399298699814,4422.056232447933,0.9285265688281528,0.9918646896229446,106641699230.13773,278491968073.3973,370979393508.38983,3.4787460832539727,0.08068492501861589,0.9888258254694056,4.799200972240017e-07,1.924793995284332e-07,6.723994967524349e-07,False,True,3.806797251277618e-06,24,6,0,0.45545663157660843,0.46342318247808617,2.525867331493323,3.5863262295764478,-1.0604588980831249,0.05438952697424635,0.19723756232925024,0.1352897073308454
UGC03546,envelope_a2_q10,envelope,2.0,10.0,3.79,7.58,75.8,0.9752779646219649,1308.052981728693,1329.5983754765214,0.9285265688281528,0.9918646896229446,106641699230.13773,30759927977.964043,134765227346.96054,1.2637198049154388,0.16717808734527886,0.9888258254694056,5.39686699572623e-07,3.40639305505225e-08,5.737506301231454e-07,False,True,1.306787486473391e-07,24,6,0,0.46244287600380657,0.46342318247808617,3.1790521150583255,3.5863262295764478,-0.40727411451812223,0.06060720388346733,0.04762107281266085,0.027350723898196164
UGC03546,envelope_a2_q20,envelope,2.0,20.0,3.79,7.58,151.6,0.9774891140741047,1167.9329777287091,1187.1704063556315,0.9285265688281528,0.9918646896229446,106641699230.13773,57981439319.61214,162222539423.43658,1.5211923721634708,0.08351078898879208,0.9888258254694056,5.409102768432831e-07,3.957078395393819e-08,5.804810607972213e-07,False,True,4.950348357892415e-06,24,6,0,0.4625132222424842,0.46342318247808617,3.193624790604081,3.5863262295764478,-0.39270143897236665,0.060721329922781474,0.04486794835640052,0.025039826375083125
UGC03546,envelope_a2_q50,envelope,2.0,50.0,3.79,7.58,379.0,0.9780609520326233,1131.9921117635931,1150.6375459379412,0.9285265688281528,0.9918646896229446,106641699230.13773,144929552164.47455,249231634039.87973,2.3370936119653,0.03289010468916905,0.9888258254694056,5.412267131329546e-07,5.0083945629611044e-08,5.913106587625655e-07,False,True,1.7611673586473241e-06,24,6,0,0.4625312897197363,0.46342318247808617,3.1972804716097936,3.5863262295764478,-0.3890457579666542,0.06074928924059949,0.044176094342397165,0.024441866578014705
UGC03580,core_refit,none,1.0,20.0,2.43,2.43,48.6,0.99999999181253,0.0,0.0,0.6457012314698329,0.9902168183126264,21793025748.090908,0.0,21793025569.661163,0.99999999181253,0.0,0.9990134163590384,2.2444796106941e-07,0.0,2.2444796106941003e-07,False,True,7.79679713286619e-08,37,10,0,1.5848832500599044,1.5848832500599066,181.97791730870676,181.9779135763764,3.732330355887825e-06,0.15686132726337992,0.0,0.0
UGC03580,core_plummer,plummer,1.0,20.0,2.43,2.43,48.6,0.9942730272244963,127.74652730153173,130.28322676655384,0.6457012314698329,0.9902168183126264,21793025748.090908,47529725.46950581,21715747408.405247,0.9964539875931441,0.9880246149988403,0.9990134163590384,2.2316255553398492e-07,1.4495963956465242e-09,2.2461215192963144e-07,False,True,7.059186375497587e-07,37,10,0,1.5811793535421585,1.5848832500599066,183.58839805521797,181.9779135763764,1.6104844788415562,0.1578826994498404,0.0021646985390090866,0.0038020745924578453
UGC03580,fixed_core_envelope,envelope,1.0,20.0,2.43,2.43,48.6,1.0,35.66863614461123,36.37691849198599,0.6457012314698329,0.9902168183126264,21793025748.090908,396073863.25649184,22189099611.3474,1.01817434016895,0.29082104695324634,0.9990134163590384,2.2444796290707098e-07,1.2125160590679247e-09,2.2566047896613892e-07,False,True,1.0635936575907869e-13,37,10,0,1.583957714194209,1.5848832500599066,180.15504096300546,181.9779135763764,-1.8228726133709472,0.1557711405248406,0.005262856159092864,0.0027840143671526525
UGC03580,envelope_a0.5_q10,envelope,0.5,10.0,2.43,1.215,12.15,0.9895797228265361,104.88321086498381,106.96590689211733,0.6457012314698329,0.9902168183126264,21793025748.090908,275838300.2060827,21841774679.553444,1.0022369051469049,0.7046530944161449,0.9990134163590384,2.2210915292255995e-07,2.740435977398712e-09,2.2484958889995868e-07,False,True,6.647446740687324e-07,37,10,0,1.5819894013643838,1.5848832500599066,183.07447481196814,181.9779135763764,1.0965612355917358,0.1576577620831408,0.008941075613036309,0.00860094898168752
UGC03580,envelope_a0.5_q20,envelope,0.5,20.0,2.43,1.215,24.3,0.9878210402030427,110.07042468111631,112.25612470209838,0.6457012314698329,0.9902168183126264,21793025748.090908,611125389.7819539,22138734753.43281,1.0158632862337709,0.5111644844755886,0.9990134163590384,2.217144201903168e-07,3.741723036821056e-09,2.2545614322713789e-07,False,True,1.4395301757140064e-06,37,10,0,1.5817889234064932,1.5848832500599066,182.1276533680563,181.9779135763764,0.1497397916798775,0.1572227159390147,0.01431729619993552,0.010350530853389047
UGC03580,envelope_a0.5_q50,envelope,0.5,50.0,2.43,1.215,60.75000000000001,0.9870339125493843,113.13100697413465,115.37748185631533,0.6457012314698329,0.9902168183126264,21793025748.090908,1619883631.5623865,23130339101.99003,1.0613642809106612,0.2523939141712666,0.9990134163590384,2.2153775099190536e-07,5.02205020909755e-09,2.265598012010029e-07,False,True,9.5500609283985e-07,37,10,0,1.5816651758132323,1.5848832500599066,181.30849850963034,181.9779135763764,-0.669415066746069,0.1568570331817428,0.01867052846130753,0.011131574876054694
UGC03580,envelope_a1_q10,envelope,1.0,10.0,2.43,2.43,24.3,0.9422950050717283,707.579084352027,721.6296853558408,0.6457012314698329,0.9902168183126264,21793025748.090908,3721804667.8660803,24257263975.691708,1.1130746256203854,0.48875509069398543,0.9990134163590384,2.1149619434585752e-07,1.8487946389334938e-08,2.2998414073519247e-07,False,True,1.57621750210548e-08,37,10,0,1.5667637389964708,1.5848832500599066,177.55614157961574,181.9779135763764,-4.421771996760668,0.15570699956762785,0.08144669959777877,0.05292047892938226
UGC03580,envelope_a1_q20,envelope,1.0,20.0,2.43,2.43,48.6,0.936684393537454,744.2728034023232,759.0520421190421,0.6457012314698329,0.9902168183126264,21793025748.090908,8264599839.62223,28677786945.818882,1.3159158015646857,0.29082104695324634,0.9990134163590384,2.1023690401632675e-07,2.530073543586166e-08,2.3553763945218842e-07,False,True,1.0053647685890032e-06,37,10,0,1.5656099171100961,1.5848832500599066,172.82166853294248,181.9779135763764,-9.156245043433927,0.15354311311070254,0.10543339877604466,0.05855062985565964
UGC03580,envelope_a1_q50,envelope,1.0,50.0,2.43,2.43,121.50000000000001,0.9348081393532238,756.969824736136,772.0011918504342,0.6457012314698329,0.9902168183126264,21793025748.090908,21677576492.48299,42049874342.932755,1.9295106071545098,0.12311106640758236,0.9990134163590384,2.0981578258678041e-07,3.3602993275449246e-08,2.4341877586222967e-07,False,True,1.8164122626158543e-06,37,10,0,1.565202888542405,1.5848832500599066,170.74954359692077,181.9779135763764,-11.228369979455636,0.1526022511781926,0.11592700304237383,0.06043536823249724
UGC03580,envelope_a2_q10,envelope,2.0,10.0,2.43,4.86,48.6,0.27532468132267324,14310.91011290855,14595.085963275946,0.6457012314698329,0.9902168183126264,21793025748.090908,150548294141.313,156548452010.46292,7.183419770160953,0.2608248225275491,0.9990134163590384,6.17960638609125e-08,3.739219329699886e-07,4.357179968309011e-07,False,True,2.6398547514574003e-07,37,10,0,1.505711680348876,1.5848832500599066,23.828593899712352,181.9779135763764,-158.14931967666405,0.04846906869957619,0.8675627550596352,0.723435430476553
UGC03580,envelope_a2_q20,envelope,2.0,20.0,2.43,4.86,97.2,0.18293559973827034,15842.188464436333,16156.77134861649,0.6457012314698329,0.9902168183126264,21793025748.090908,351831607023.45496,355818327258.7935,16.327165000939054,0.1352752180342495,0.9990134163590384,4.1059522704438085e-08,5.385377743637595e-07,5.795972970681976e-07,False,True,2.5699239391086153e-06,37,10,0,1.495795937548158,1.5848832500599066,10.625642765500068,181.9779135763764,-171.35227081087635,0.024647377794965845,0.9227796123734068,0.8164452780511684
UGC03580,envelope_a2_q50,envelope,2.0,50.0,2.43,4.86,243.00000000000003,0.15451225788701137,16308.88253549139,16632.732697815085,0.6457012314698329,0.9902168183126264,21793025748.090908,934084918888.9934,937452208503.5208,43.01615660623182,0.05394333780180322,0.9990134163590384,3.4679961526911715e-08,7.239750545687072e-07,7.58655016095619e-07,False,True,2.1685970387884737e-06,37,10,0,1.4927260653379304,1.5848832500599066,7.983585639046817,181.9779135763764,-173.9943279373296,0.01691292745597315,0.9374164511202016,0.8450238295459688
UGC04278,core_refit,none,1.0,20.0,2.21,2.21,44.2,0.9999999912814004,0.0,0.0,1.4153270485099587,1.0,751712380878.5371,0.0,751712374324.6578,0.9999999912814004,0.0,0.0234981649967422,1.3527137366713224e-06,0.0,1.3527137366713224e-06,False,True,1.3677947663380058e-13,20,5,0,0.2800522150889314,0.28005221508893263,3.2411321843494347,3.2411323422480516,-1.578986168482288e-07,-0.11030387821500569,0.0,0.0
UGC04278,core_plummer,plummer,1.0,20.0,2.21,2.21,44.2,0.950552976099157,396.9868941515055,396.9868941515055,1.4153270485099587,1.0,751712380878.5371,288711551.7858948,714831152366.4624,0.9509370479318552,0.8561070420065384,0.0234981649967422,1.2858260794137397e-06,4.417074900302246e-09,1.2902431543140417e-06,False,True,1.2749465766888913e-08,20,5,0,0.24730377910880835,0.28005221508893263,2.6467138539721042,3.2411323422480516,-0.5944184882759473,-0.09741401472478743,0.01450720360755615,0.024694828989684
UGC04278,fixed_core_envelope,envelope,1.0,20.0,2.21,2.21,44.2,1.0,48.12812132474007,48.12812132474007,1.4153270485099587,1.0,751712380878.5371,1044624912.656238,752757005791.1934,1.0013896603797259,0.0587233755454695,0.0234981649967422,1.352713748465092e-06,1.6042073495552655e-09,1.3543179558146472e-06,False,True,5.995204332975809e-15,20,5,0,0.2792335315789055,0.28005221508893263,3.30696062054282,3.2411323422480516,0.06582827829476834,-0.11182620977339083,0.0034608287728333984,0.00457652638063988
UGC04278,envelope_a0.5_q10,envelope,0.5,10.0,2.21,1.105,11.05,0.9292668344453342,360.6631024937968,360.6631024937968,1.4153270485099587,1.0,751712380878.5371,1854052794.3325503,700395437386.696,0.9317332735269489,0.2855538522792143,0.0234981649967422,1.257032022946838e-06,9.240085654498166e-09,1.2662721086013363e-06,False,True,1.3435870013729741e-08,20,5,0,0.2478353247731772,0.28005221508893263,2.56845642159649,3.2411323422480516,-0.6726759206515616,-0.09581746322275256,0.031246216807291567,0.045023166798278995
UGC04278,envelope_a0.5_q20,envelope,0.5,20.0,2.21,1.105,22.1,0.9260616726114665,359.049900266663,359.049900266663,1.4153270485099587,1.0,751712380878.5371,3896604109.8355656,700028628868.9614,0.931245309610077,0.14983387433935205,0.0234981649967422,1.2526963564681096e-06,1.19678573152362e-08,1.264664213783346e-06,False,True,1.314172597900653e-07,20,5,0,0.247975191902768,0.28005221508893263,2.5667552669129754,3.2411323422480516,-0.6743770753350762,-0.09578598917291595,0.034461971183728186,0.04831272274381926
UGC04278,envelope_a0.5_q50,envelope,0.5,50.0,2.21,1.105,55.25,0.9249828615100125,359.064584445563,359.064584445563,1.4153270485099587,1.0,751712380878.5371,10049547897.613737,705370616995.1475,0.9383517352351848,0.05999640992579121,0.0234981649967422,1.251237033859176e-06,1.562904946772906e-08,1.266866083326905e-06,False,True,5.096437631251176e-07,20,5,0,0.2479738646832231,0.28005221508893263,2.5667839323010706,3.2411323422480516,-0.674348409946981,-0.09578652343640907,0.03558890675718294,0.04942153818376463
UGC04278,envelope_a1_q10,envelope,1.0,10.0,2.21,2.21,22.1,0.9313078185310818,543.406585795365,543.406585795365,1.4153270485099587,1.0,751712380878.5371,5586956314.00185,705662573912.798,0.9387401243652259,0.11938163938345747,0.0234981649967422,1.2597928901800271e-06,1.3921921491966151e-08,1.2737148116719936e-06,False,True,9.997865135409176e-08,20,5,0,0.2708358809896737,0.28005221508893263,2.73000073215598,3.2411323422480516,-0.5111316100920718,-0.09965258294844037,0.038964865212603145,0.051396714533046645
UGC04278,envelope_a1_q20,envelope,1.0,20.0,2.21,2.21,44.2,0.9298562549958238,543.4150818619846,543.4150818619846,1.4153270485099587,1.0,751712380878.5371,11794869959.62072,710779329277.3315,0.9455469237404783,0.0587233755454695,0.0234981649967422,1.257829340229113e-06,1.8113120649362476e-08,1.2759424608784757e-06,False,True,4.8805232582640474e-08,20,5,0,0.27083569676555397,0.28005221508893263,2.7300114460150047,3.2411323422480516,-0.5111208962330469,-0.09965276642949913,0.04046356739971193,0.05287522756896072
UGC04278,envelope_a1_q50,envelope,1.0,50.0,2.21,2.21,110.5,0.9294190842632669,543.5806253211182,543.5806253211182,1.4153270485099587,1.0,751712380878.5371,30427615348.444912,729083448013.935,0.969896820326206,0.023018612491019514,0.0234981649967422,1.2572379733687569e-06,2.366050245796619e-08,1.2808984758267232e-06,False,True,7.30417772871648e-08,20,5,0,0.27083288763001756,0.28005221508893263,2.7300413366928247,3.2411323422480516,-0.5110910055552269,-0.09965315043586753,0.040917201523414,0.053319375000777415
UGC04278,envelope_a2_q10,envelope,2.0,10.0,2.21,4.42,44.2,0.9415355412831763,995.7351791808181,995.7351791808181,1.4153270485099587,1.0,751712380878.5371,20475014811.443554,728238938231.1823,0.9687733723104027,0.036444944496357,0.0234981649967422,1.2736280713622748e-06,2.551045083683348e-08,1.2991385221991082e-06,False,True,1.6919387159697017e-07,20,5,0,0.27885293345790646,0.28005221508893263,2.9730727225587352,3.2411323422480516,-0.26805961968931635,-0.10497240926305038,0.042941539839111906,0.05079809017013243
UGC04278,envelope_a2_q20,envelope,2.0,20.0,2.21,4.42,88.4,0.9407715614775105,997.1544574738799,997.1544574738799,1.4153270485099587,1.0,751712380878.5371,43286642377.5396,750476272718.618,0.9983556102156061,0.017548942933774042,0.0234981649967422,1.2725946253756009e-06,3.3237169149569554e-08,1.3058317945251704e-06,False,True,4.1582812578590515e-09,20,5,0,0.27885120709187444,0.28005221508893263,2.9729961156432396,3.2411323422480516,-0.26813622660481196,-0.10497058830369783,0.043714219348154205,0.05156396686218095
UGC04278,envelope_a2_q50,envelope,2.0,50.0,2.21,4.42,221.0,0.9405498037252806,997.6587078511785,997.6587078511785,1.4153270485099587,1.0,751712380878.5371,111690424556.9434,818713356850.1149,1.0891311326990154,0.00683610203439534,0.0234981649967422,1.2722946506153308e-06,4.342521644398117e-08,1.3157198670593121e-06,False,True,7.823798285514386e-08,20,5,0,0.27885059215438524,0.28005221508893263,2.9729691919210657,3.2411323422480516,-0.2681631503269859,-0.1049699462963147,0.043938270942416764,0.051785996608993766
UGC04325,core_refit,none,1.0,20.0,1.86,1.86,37.2,0.999999999999,0.0,0.0,1.0807422801997126,1.0069317424913875,6060745759.742233,0.0,6060745759.736173,0.999999999999,0.0,0.9964832689694628,1.604655456431781e-07,0.0,1.604655456431781e-07,False,True,1.089829882103269e-06,6,2,0,0.42537268360218183,0.4253726836021799,10.473932676435352,10.473932676376332,5.901945598907332e-11,0.10628138736860893,0.0,0.0
UGC04325,core_plummer,plummer,1.0,20.0,1.86,1.86,37.2,0.7350641268803118,4225.029896621261,4167.059703719827,1.0807422801997126,1.0069317424913875,6060745759.742233,1947617733.8847764,6402654524.013252,1.0564136457500175,0.8542729821606033,0.9964832689694628,1.1795246620269347e-07,4.636479212922641e-08,1.6431725833191988e-07,False,True,7.84575436348241e-08,6,2,0,0.32162395603554356,0.4253726836021799,10.1212445396768,10.473932676376332,-0.35268813669953225,0.10462757677548816,0.27261211351190023,0.2572853766783809
UGC04325,fixed_core_envelope,envelope,1.0,20.0,1.86,1.86,37.2,1.0,124.47941089605301,122.77147139302801,1.0807422801997126,1.0069317424913875,6060745759.742233,1712556609.513198,7773302369.255431,1.2825653273378743,0.05808231459558346,0.9964832689694628,1.6046554564333856e-07,4.0922207496008725e-09,1.645577663929394e-07,False,True,1.2622478889789982e-07,6,2,0,0.4198433847754955,0.4253726836021799,9.6028509422185,10.473932676376332,-0.8710817341578316,0.10172078868748113,0.016203104069548554,0.010598539856363593
UGC04325,envelope_a0.5_q10,envelope,0.5,10.0,1.86,0.93,9.3,0.6445182055551592,3883.349873859135,3830.0677559097685,1.0807422801997126,1.0069317424913875,6060745759.742233,12653563392.936638,16559824374.331741,2.732308041087676,0.2833778437013656,0.9964832689694628,1.0342296553147406e-07,9.812524176283468e-08,2.0154820729430875e-07,False,True,7.475240978126494e-09,6,2,0,0.1744004570571321,0.4253726836021799,2.0810914779871665,10.473932676376332,-8.392841198389165,0.04746142273409357,0.4794882719644906,0.4065284231583332
UGC04325,envelope_a0.5_q20,envelope,0.5,20.0,1.86,0.93,18.6,0.6921653184493696,3230.541026814038,3186.215876203821,1.0807422801997126,1.0069317424913875,6060745759.742233,22222487831.31636,26417525850.14901,4.358791293577139,0.14853550622855854,0.9964832689694628,1.1106868550037329e-07,1.0620300118069159e-07,2.1727168668106488e-07,False,True,3.129777838881694e-08,6,2,0,0.19605245173986444,0.4253726836021799,2.0957582227713507,10.473932676376332,-8.37817445360498,0.047668411479141304,0.4412215375536423,0.3619059567899817
UGC04325,envelope_a0.5_q50,envelope,0.5,50.0,1.86,0.93,46.5,0.7051744922996067,3057.795688741496,3015.8407179444202,1.0807422801997126,1.0069317424913875,6060745759.742233,54246079902.3933,58519963216.476524,9.65557136634707,0.05945389873880447,0.9964832689694628,1.1315620968062063e-07,1.312708794166551e-07,2.4442708909727575e-07,False,True,3.6233624085949477e-09,6,2,0,0.20191041718303637,0.4253726836021799,2.095895615421047,10.473932676376332,-8.378037060955286,0.04768579279752656,0.4309384632882832,0.34960109358418956
UGC04325,envelope_a1_q10,envelope,1.0,10.0,1.86,1.86,18.6,0.9255903232313394,1372.0184434855744,1353.193446792228,1.0807422801997126,1.0069317424913875,6060745759.742233,8941209478.851463,14550977105.634247,2.400855881843344,0.11812247152068858,0.9964832689694628,1.4852535625951097e-07,3.466842953717688e-08,1.8319378579668788e-07,False,True,5.857697310976322e-07,6,2,0,0.36702592454217076,0.4253726836021799,6.046060344299562,10.473932676376332,-4.42787233207677,0.08076285100227877,0.15891158616184353,0.11058894516021886
UGC04325,envelope_a1_q20,envelope,1.0,20.0,1.86,1.86,37.2,0.9264467584801496,1331.5373957320467,1313.2678256757997,1.0807422801997126,1.0069317424913875,6060745759.742233,18318958544.711525,23933916807.797028,3.9490052473039143,0.05808231459558346,0.9964832689694628,1.486627846090195e-07,4.3773865255791984e-08,1.9243664986481147e-07,False,True,4.580403599463704e-09,6,2,0,0.3662590988585883,0.4253726836021799,5.974509263696687,10.473932676376332,-4.499423412679645,0.0802940052936666,0.15977961331822663,0.1100690411319862
UGC04325,envelope_a1_q50,envelope,1.0,50.0,1.86,1.86,93.0,0.9266823393639592,1320.410990841014,1302.2940823880253,1.0807422801997126,1.0069317424913875,6060745759.742233,46848859377.2854,52465245436.21353,8.656565960035405,0.02276477261868477,0.9964832689694628,1.4870058722408314e-07,5.6685118825076006e-08,2.0538570604915915e-07,False,True,1.7651416017020856e-08,6,2,0,0.3660315708146158,0.4253726836021799,5.9531294760766365,10.473932676376332,-4.520803200299696,0.08015342552472109,0.16006025566213242,0.1099323605905841
UGC04325,envelope_a2_q10,envelope,2.0,10.0,1.86,3.72,37.2,0.951657673968203,2059.5526566878475,2031.294237760603,1.0807422801997126,1.0069317424913875,6060745759.742233,26843504653.463085,32611259865.692028,5.3807338500004995,0.03592718156436746,0.9964832689694628,1.5270826791897808e-07,5.204117808729645e-08,2.0474944600627456e-07,False,True,2.289458881155072e-08,6,2,0,0.365294308233244,0.4253726836021799,5.701308217325272,10.473932676376332,-4.772624459051061,0.07849072015132,0.1436871680603816,0.08641867906763115
UGC04325,envelope_a2_q20,envelope,2.0,20.0,1.86,3.72,74.4,0.9516947691637889,2035.7533513394917,2007.8214745564976,1.0807422801997126,1.0069317424913875,6060745759.742233,56014771150.97168,61782751187.74998,10.193918972502425,0.017297637218089516,0.9964832689694628,1.5271422041977852e-07,6.692473916331117e-08,2.196389595830897e-07,False,True,8.802462471052068e-07,6,2,0,0.36499645721630786,0.4253726836021799,5.6760593018401915,10.473932676376332,-4.797873374536141,0.07832042783254493,0.14425758259318897,0.08650067831393124
UGC04325,envelope_a2_q50,envelope,2.0,50.0,1.86,3.72,186.0,0.9517051203401042,2029.152782924551,2001.3114702875241,1.0807422801997126,1.0069317424913875,6060745759.742233,143990763545.08456,149758806317.71082,24.709633476537736,0.006737985819684333,0.9964832689694628,1.52715881426934e-07,8.711133685811719e-08,2.3982721828505117e-07,False,True,2.581877866582918e-07,6,2,0,0.364912267723336,0.4253726836021799,5.668896208890415,10.473932676376332,-4.805036467485917,0.07827205379939275,0.14441986547109395,0.08652395164469279
UGC04483,core_refit,none,1.0,20.0,0.18,0.18,3.5999999999999996,0.9999999998016451,0.0,0.0,0.999120211479062,0.999781309508366,87976169.02347605,0.0,87976169.00602555,0.9999999998016452,0.0,0.9491154419428024,8.266165212587827e-09,0.0,8.266165212587827e-09,False,True,2.886579864025324e-14,6,2,0,0.186902220905088,0.18690222090508726,2.3278373012473343,2.327837298511382,2.7359523535608332e-09,0.09199767040486198,0.0,0.0
UGC04483,core_plummer,plummer,1.0,20.0,0.18,0.18,3.5999999999999996,0.9999999998016451,0.0,0.0,0.999120211479062,0.999781309508366,87976169.02347605,0.0,87976169.00602555,0.9999999998016452,0.9677006420258724,0.9491154419428024,8.266165212587827e-09,0.0,8.266165212587827e-09,False,True,8.620539563694601e-15,6,2,0,0.186902220905088,0.18690222090508726,2.3278373012473343,2.327837298511382,2.7359523535608332e-09,0.09199767040486198,0.0,0.0
UGC04483,fixed_core_envelope,envelope,1.0,20.0,0.18,0.18,3.5999999999999996,1.0,0.0,0.0,0.999120211479062,0.999781309508366,87976169.02347605,0.0,87976169.02347605,1.0,0.16960389607421497,0.9491154419428024,8.266165214227461e-09,0.0,8.266165214227461e-09,False,True,0.0,6,2,0,0.186902220905088,0.18690222090508726,2.327837298511382,2.327837298511382,0.0,0.0919976703474279,0.0,0.0
UGC04483,envelope_a0.5_q10,envelope,0.5,10.0,0.18,0.09,0.8999999999999999,0.9999999998016451,0.0,0.0,0.999120211479062,0.999781309508366,87976169.02347605,0.0,87976169.00602555,0.9999999998016452,0.5528821245347151,0.9491154419428024,8.266165212587827e-09,0.0,8.266165212587827e-09,False,True,1.3215524318251173e-14,6,2,0,0.186902220905088,0.18690222090508726,2.3278373012473343,2.327837298511382,2.7359523535608332e-09,0.09199767040486198,0.0,0.0
UGC04483,envelope_a0.5_q20,envelope,0.5,20.0,0.18,0.09,1.7999999999999998,1.0000000001296814,0.0,0.0,0.999120211479062,0.999781309508366,87976169.02347605,0.0,87976169.03488491,1.0000000001296814,0.34646272573360104,0.9491154419428024,8.266165215299429e-09,0.0,8.266165215299429e-09,False,True,2.795802545833456e-08,6,2,0,0.18690222090508854,0.18690222090508726,2.327837296722654,2.327837298511382,-1.7887278325190437e-09,0.09199767030987827,0.0,0.0
UGC04483,envelope_a0.5_q50,envelope,0.5,50.0,0.18,0.09,4.5,1.0000000000236695,7.715793525812642e-15,7.719169374530312e-15,0.999120211479062,0.999781309508366,87976169.02347605,1.2421833180733071e-08,87976169.02555841,1.0000000000236697,0.1511938652997071,0.9491154419428024,8.266165214423117e-09,3.3599325923663724e-25,8.266165214423117e-09,False,True,1.9722515692073952e-08,6,2,0,0.18690222090508776,0.18690222090508726,2.3278372981848996,2.327837298511382,-3.264823966731001e-10,0.09199767034057427,2.2492398885574235e-17,1.9248497039240114e-17
UGC04483,envelope_a1_q10,envelope,1.0,10.0,0.18,0.18,1.7999999999999998,0.9999999998016451,0.0,0.0,0.999120211479062,0.999781309508366,87976169.02347605,0.0,87976169.00602555,0.9999999998016452,0.3179753091688156,0.9491154419428024,8.266165212587827e-09,0.0,8.266165212587827e-09,False,True,1.7804155088786677e-14,6,2,0,0.186902220905088,0.18690222090508726,2.3278373012473343,2.327837298511382,2.7359523535608332e-09,0.09199767040486198,0.0,0.0
UGC04483,envelope_a1_q20,envelope,1.0,20.0,0.18,0.18,3.5999999999999996,0.9999999998016451,0.0,0.0,0.999120211479062,0.999781309508366,87976169.02347605,0.0,87976169.00602555,0.9999999998016452,0.16960389607421497,0.9491154419428024,8.266165212587827e-09,0.0,8.266165212587827e-09,False,True,1.845601333287724e-14,6,2,0,0.186902220905088,0.18690222090508726,2.3278373012473343,2.327837298511382,2.7359523535608332e-09,0.09199767040486198,0.0,0.0
UGC04483,envelope_a1_q50,envelope,1.0,50.0,0.18,0.18,9.0,0.9999999998016451,0.0,0.0,0.999120211479062,0.999781309508366,87976169.02347605,0.0,87976169.00602555,0.9999999998016452,0.06832664377283029,0.9491154419428024,8.266165212587827e-09,0.0,8.266165212587827e-09,False,True,1.8662861411271578e-14,6,2,0,0.186902220905088,0.18690222090508726,2.3278373012473343,2.327837298511382,2.7359523535608332e-09,0.09199767040486198,0.0,0.0
UGC04483,envelope_a2_q10,envelope,2.0,10.0,0.18,0.36,3.5999999999999996,0.9999999998016451,0.0,0.0,0.999120211479062,0.999781309508366,87976169.02347605,0.0,87976169.00602555,0.9999999998016452,0.13870310648366316,0.9491154419428024,8.266165212587827e-09,0.0,8.266165212587827e-09,False,True,2.7514210154117294e-14,6,2,0,0.186902220905088,0.18690222090508726,2.3278373012473343,2.327837298511382,2.7359523535608332e-09,0.09199767040486198,0.0,0.0
UGC04483,envelope_a2_q20,envelope,2.0,20.0,0.18,0.36,7.199999999999999,0.9999999998016451,0.0,0.0,0.999120211479062,0.999781309508366,87976169.02347605,0.0,87976169.00602555,0.9999999998016452,0.06863360133862499,0.9491154419428024,8.266165212587827e-09,0.0,8.266165212587827e-09,False,True,2.7696683706093053e-14,6,2,0,0.186902220905088,0.18690222090508726,2.3278373012473343,2.327837298511382,2.7359523535608332e-09,0.09199767040486198,0.0,0.0
UGC04483,envelope_a2_q50,envelope,2.0,50.0,0.18,0.36,18.0,0.9999999998016451,0.0,0.0,0.999120211479062,0.999781309508366,87976169.02347605,0.0,87976169.00602555,0.9999999998016452,0.026951705098805488,0.9491154419428024,8.266165212587827e-09,0.0,8.266165212587827e-09,False,True,2.775058401215314e-14,6,2,0,0.186902220905088,0.18690222090508726,2.3278373012473343,2.327837298511382,2.7359523535608332e-09,0.09199767040486198,0.0,0.0
UGC04499,core_refit,none,1.0,20.0,1.73,1.73,34.6,1.0000000013420993,0.0,0.0,1.0202494498092052,1.0008837475158183,6363977540.869409,0.0,6363977549.410499,1.0000000013420993,0.0,0.9534443767711616,8.791228468705915e-08,0.0,8.791228468705915e-08,False,True,3.1974423109203486e-14,7,2,0,0.5174816558531047,0.5174816558531043,2.4602295699143495,2.460229605018358,-3.510400858885987e-08,0.054439452979911006,0.0,0.0
UGC04499,core_plummer,plummer,1.0,20.0,1.73,1.73,34.6,0.9560261552341758,389.48485108517224,388.7973500461614,1.0202494498092052,1.0008837475158183,6363977540.869409,159556565.6338097,6243685546.027836,0.9810979856435604,0.9364719105610756,0.9534443767711616,8.40464434144228e-08,4.3259539332236e-09,8.83723973476464e-08,False,True,1.6733883729515853e-06,7,2,0,0.4776874595923623,0.5174816558531043,2.9886682666611457,2.460229605018358,0.5284386616427876,0.06044597150432089,0.02511138461093665,0.027316654199961942
UGC04499,fixed_core_envelope,envelope,1.0,20.0,1.73,1.73,34.6,1.0,32.98976168487055,32.93152964998684,1.0202494498092052,1.0008837475158183,6363977540.869409,403345081.553319,6767322622.422728,1.0633794005341848,0.10992399685631528,0.9534443767711616,8.791228456907214e-08,1.0976743002318163e-09,8.900995886930395e-08,False,True,1.5822010368287696e-11,7,2,0,0.515826547897881,0.5174816558531043,2.280351451655218,2.460229605018358,-0.17987815336313995,0.05226088583247759,0.007254097353995714,0.005875329441158007
UGC04499,envelope_a0.5_q10,envelope,0.5,10.0,1.73,0.865,8.65,0.8927905101428265,491.80351688254166,490.93540756351706,1.0202494498092052,1.0008837475158183,6363977540.869409,1424125064.5870733,7105823819.837363,1.1165695941262872,0.43214802974057975,0.9534443767711616,7.848725338824324e-08,1.25776248952189e-08,9.106487828346215e-08,False,True,3.012498687074648e-09,7,2,0,0.46726288602501365,0.5174816558531043,2.667867808317077,2.460229605018358,0.20763820329871896,0.05710581897187457,0.1020175629726618,0.09400735688544248
UGC04499,envelope_a0.5_q20,envelope,0.5,20.0,1.73,0.865,17.3,0.8615838975312776,584.5164536125629,583.4846916119153,1.0202494498092052,1.0008837475158183,6363977540.869409,3573257650.4142923,9056358223.878073,1.423065710983142,0.24687856963089577,0.9534443767711616,7.574380877989996e-08,1.944872155555466e-08,9.519253033545464e-08,False,True,1.9017956567619152e-07,7,2,0,0.4546432920377292,0.5174816558531043,2.386785618943173,2.460229605018358,-0.07344398607518521,0.05402293308093567,0.14438001170490292,0.12757011273720575
UGC04499,envelope_a0.5_q50,envelope,0.5,50.0,1.73,0.865,43.25,0.8477260670607907,626.3370204465358,625.231438673257,1.0202494498092052,1.0008837475158183,6363977540.869409,9874569085.409962,15269478736.994389,2.3993608775225757,0.1023893306918591,0.9534443767711616,7.452553524406856e-08,2.7214527712033998e-08,1.0174006295610256e-07,False,True,1.5132201466901556e-07,7,2,0,0.4485785076346775,0.5174816558531043,2.232136421963765,2.460229605018358,-0.22809318305459314,0.05225130432893421,0.16427033320832185,0.14272569649256747
UGC04499,envelope_a1_q10,envelope,1.0,10.0,1.73,1.73,17.3,0.1763631999328024,5006.235961501616,4997.399180262303,1.0202494498092052,1.0008837475158183,6363977540.869409,28993310813.246464,30115682256.65468,4.732210643933299,0.21605506220269816,0.9534443767711616,1.5504491820004687e-08,1.2803193938070447e-07,1.4353643120070914e-07,False,True,1.013805861868564e-07,7,2,0,0.28297425822413,0.5174816558531043,0.029167123961200456,2.460229605018358,-2.4310624810571575,0.005738992109169438,0.8540933595629856,0.8287278018866852
UGC04499,envelope_a1_q20,envelope,1.0,20.0,1.73,1.73,34.6,0.10248310892942294,5275.836607617591,5266.52393951437,1.0202494498092052,1.0008837475158183,6363977540.869409,64504338257.69096,65156538461.23628,10.238335701658524,0.10992399685631528,0.9534443767711616,9.009524235726647e-09,1.7554386453964354e-07,1.8455338877537018e-07,False,True,5.8328948061041776e-08,7,2,0,0.257405196776108,0.5174816558531043,0.06253437952702096,2.460229605018358,-2.3976952254913373,-0.008993460950031304,0.9193719586496226,0.9021770945545009
UGC04499,envelope_a1_q50,envelope,1.0,50.0,1.73,1.73,86.5,0.0889579068053823,5303.899933934374,5294.537729717111,1.0202494498092052,1.0008837475158183,6363977540.869409,167238162874.03036,167804288995.02258,26.367831740037563,0.04354905243247973,0.9534443767711616,7.820492817743768e-09,2.3045601173471346e-07,2.3827650455245724e-07,False,True,7.702063904076858e-08,7,2,0,0.25175400566703676,0.5174816558531043,0.13683399775441674,2.460229605018358,-2.3233956072639415,-0.013249172323557271,0.9310007325259664,0.915521956773469
UGC04499,envelope_a2_q10,envelope,2.0,10.0,1.73,3.46,34.6,0.8588583250984952,1524.7065823322712,1522.0152392501986,1.0202494498092052,1.0008837475158183,6363977540.869409,17660490708.19373,23126245799.90927,3.633929512068941,0.08140956584412685,0.9534443767711616,7.550419748057558e-08,3.899359563227081e-08,1.1449779311284639e-07,False,True,1.3177565531643036e-08,7,2,0,0.48971052334847787,0.5174816558531043,0.7823055923199062,2.460229605018358,-1.677924012698452,0.02993490339029013,0.21623209294546264,0.16912353023886012
UGC04499,envelope_a2_q20,envelope,2.0,20.0,1.73,3.46,69.2,0.8621833477778699,1465.4648649753317,1462.8780926926681,1.0202494498092052,1.0008837475158183,6363977540.869409,35834635674.13873,41321551135.5087,6.493038492066016,0.03962476349648672,0.9534443767711616,7.579650782056338e-08,4.87606771925798e-08,1.2455718501314318e-07,False,True,1.8561291455860151e-07,7,2,0,0.489797481249343,0.5174816558531043,0.7783286774733815,2.460229605018358,-1.6819009275449766,0.029865946106948465,0.21347946735496048,0.16586852907201666
UGC04499,envelope_a2_q50,envelope,2.0,50.0,1.73,3.46,173.0,0.8630859482310658,1449.4226690372193,1446.864213713084,1.0202494498092052,1.0008837475158183,6363977540.869409,91403981001.56071,96896640591.94319,15.22579864081446,0.015483722148391495,0.9534443767711616,7.587585748845691e-08,6.29778411706238e-08,1.388536986590807e-07,False,True,1.0834395672511196e-07,7,2,0,0.48981538517822143,0.5174816558531043,0.7769402603675832,2.460229605018358,-1.6832893446507748,0.02984121624660968,0.21275213473119114,0.1649882747337391
UGC05005,core_refit,none,1.0,20.0,3.2,3.2,64.0,0.9999999993621856,0.0,0.0,1.0104629680338464,1.0205414153426682,40124611949.814415,0.0,40124611924.22236,0.9999999993621855,0.0,0.9738541550220056,1.748195651240164e-07,0.0,1.748195651240164e-07,False,True,8.604228440844889e-15,8,3,0,0.018526664463664046,0.01852666446366412,0.4459369754795144,0.4459369726690561,2.810458310520403e-09,0.06227001479320343,0.0,0.0
UGC05005,core_plummer,plummer,1.0,20.0,3.2,3.2,64.0,0.960579378997497,415.0584110129439,398.51800856999813,1.0104629680338464,1.0205414153426682,40124611949.814415,299610647.2921415,38842485476.560425,0.9680463832308808,0.9815239240938686,0.9738541550220056,1.679280694105471e-07,4.4341108457378485e-09,1.7236218025628497e-07,False,True,3.615553198228329e-08,8,3,0,0.012223496441916023,0.01852666446366412,0.5990085389781618,0.4459369726690561,0.15307156630910568,0.07379889809690636,0.007773754423009653,0.00980339565032559
UGC05005,fixed_core_envelope,envelope,1.0,20.0,3.2,3.2,64.0,1.0,61.60027502355202,59.14545586448692,1.0104629680338464,1.0205414153426682,40124611949.814415,1327101539.2045422,41451713489.01896,1.033074501527003,0.23280974444008795,0.9738541550220056,1.7481956523551884e-07,1.9714373297557533e-09,1.7679100256527458e-07,False,True,2.789435349370698e-15,8,3,0,0.018145309586860926,0.01852666446366412,0.4148618420459424,0.4459369726690561,-0.031075130623113678,0.059740970882192566,0.007844769123423566,0.005998676297218589
UGC05005,envelope_a0.5_q10,envelope,0.5,10.0,3.2,1.6,16.0,0.9454426231382667,307.7048866178797,295.442606121263,1.0104629680338464,1.0205414153426682,40124611949.814415,1570054788.698061,39505573162.93564,0.9845720928677631,0.643261789020382,0.9738541550220056,1.6528186833216027e-07,7.569155169111284e-09,1.7285102350127153e-07,False,True,2.1386929824908737e-08,8,3,0,0.013436086935970483,0.01852666446366412,0.5870005838868575,0.4459369726690561,0.14106361121780142,0.07305621074837526,0.026610275743028128,0.026442973339395378
UGC05005,envelope_a0.5_q20,envelope,0.5,20.0,3.2,1.6,32.0,0.9364721035926307,327.19516439217597,314.1561810760094,1.0104629680338464,1.0205414153426682,40124611949.814415,3524507042.534481,41100086801.0152,1.0243111348321785,0.43811402926990756,0.9738541550220056,1.6371364600525546e-07,1.0471459112019906e-08,1.7418510511727537e-07,False,True,7.520781769474451e-10,8,3,0,0.013093449513721812,0.01852666446366412,0.5719260985919076,0.4459369726690561,0.1259891259228515,0.07218472402738205,0.04048889611399967,0.03540997159633213
UGC05005,envelope_a0.5_q50,envelope,0.5,50.0,3.2,1.6,80.0,0.9314491322118887,341.73049305334,328.1122655168012,1.0104629680338464,1.0205414153426682,40124611949.814415,9493311213.81068,46867346194.80409,1.1680448462261295,0.20342787039644455,0.9738541550220056,1.628355323322837e-07,1.4281783976687894e-08,1.7711731630897162e-07,False,True,6.865689464101034e-08,8,3,0,0.012835991267833545,0.01852666446366412,0.5567443728102224,0.4459369726690561,0.1108074001411663,0.07130084171186246,0.050386163948186014,0.04043075338747252
UGC05005,envelope_a1_q10,envelope,1.0,10.0,3.2,3.2,32.0,0.9155433541388317,631.1675197116202,606.0150001916134,1.0104629680338464,1.0205414153426682,40124611949.814415,6441025995.303941,43176847803.35608,1.0760689189308354,0.41280122725586155,0.9738541550220056,1.600548911248192e-07,1.5525931183319593e-08,1.755808223081388e-07,False,True,1.9228245181620147e-08,8,3,0,0.01465224226430982,0.01852666446366412,0.5457395199415216,0.4459369726690561,0.09980254727246551,0.07056232150475117,0.06917962914730295,0.05803830821929547
UGC05005,envelope_a1_q20,envelope,1.0,20.0,3.2,3.2,64.0,0.9029013411452005,696.0747360598011,668.3356131814135,1.0104629680338464,1.0205414153426682,40124611949.814415,14996067034.979467,51224632977.397644,1.2766387134526436,0.23280974444008795,0.9738541550220056,1.5784481990957082e-07,2.2276973900579293e-08,1.8012179381015014e-07,False,True,4.738882617519511e-10,8,3,0,0.01422154797464596,0.01852666446366412,0.5207809477489773,0.4459369726690561,0.07484397507992124,0.06910313521246941,0.0900438256566879,0.07022312119604925
UGC05005,envelope_a1_q50,envelope,1.0,50.0,3.2,3.2,160.0,0.8980652096929883,721.5701578452382,692.8150224597082,1.0104629680338464,1.0205414153426682,40124611949.814415,40090598938.468895,76125116983.02876,1.8972175251997885,0.09598294394004851,0.9738541550220056,1.5699936951167328e-07,3.015624689003607e-08,1.8715561640170934e-07,False,True,5.752276433355354e-10,8,3,0,0.014050667597201777,0.01852666446366412,0.5086775433685793,0.4459369726690561,0.06274057069952321,0.06838070448143486,0.09881808615682616,0.07491543486379995
UGC05005,envelope_a2_q10,envelope,2.0,10.0,3.2,6.4,64.0,0.43864410055795283,7326.339063445389,7034.378719244384,1.0104629680338464,1.0205414153426682,40124611949.814415,149529685493.39526,167130109812.3585,4.165276664143079,0.2018156983748691,0.9738541550220056,7.668357095266652e-08,1.8021877326116313e-07,2.5690234421382967e-07,False,True,1.0167103464389084e-10,8,3,0,0.0104536653507939,0.01852666446366412,0.08441102465677973,0.4459369726690561,-0.36152594801227633,0.029107642398261867,0.6377623583726805,0.5475291721109707
UGC05005,envelope_a2_q20,envelope,2.0,20.0,3.2,6.4,128.0,0.3054241852310224,8882.008565364893,8528.053574272699,1.0104629680338464,1.0205414153426682,40124611949.814415,382703721170.62646,394958748083.1095,9.843303869881694,0.10210380670338708,0.9738541550220056,5.339412327449991e-08,2.842572251873204e-07,3.376513484618203e-07,False,True,7.349325760575337e-09,8,3,0,0.008596457932941063,0.01852666446366412,0.025682807054279683,0.4459369726690561,-0.4202541656147764,0.01239774250645616,0.7660344673478874,0.6855245342719258
UGC05005,envelope_a2_q50,envelope,2.0,50.0,3.2,6.4,320.0,0.26168959381044943,9386.593437963375,9012.53034488372,1.0104629680338464,1.0205414153426682,40124611949.814415,1043042450767.6637,1053542644170.6125,26.25676842652893,0.0403764618984218,0.9738541550220056,4.5748461016602294e-08,3.922895453671566e-07,4.380380063837589e-07,False,True,3.5004998901115404e-11,8,3,0,0.00798490500918281,0.01852666446366412,0.02193119368504333,0.4459369726690561,-0.42400577898401276,0.0064483824228861565,0.8046302460664101,0.7308266387160627
UGC05253,core_refit,none,1.0,20.0,8.07,8.07,161.4,0.9999999999990125,0.0,0.0,1.0423286343404206,1.0118747377269683,138480032734.68948,0.0,138480032734.55273,0.9999999999990125,0.0,0.999994962156114,6.401643113638205e-07,0.0,6.401643113638205e-07,False,True,1.166742020590977e-05,58,15,0,0.6886809004498231,0.6886809004498199,86.12513356374494,86.12513356345269,2.922462272181292e-10,0.16125201962232996,0.0,0.0
UGC05253,core_plummer,plummer,1.0,20.0,8.07,8.07,161.4,0.9877844647825187,649.7923678654474,634.6307319777746,1.0423286343404206,1.0118747377269683,138480032734.68948,1241189844.6665409,138029614862.56747,0.9967474164814435,0.966561277529273,0.999994962156114,6.323443616740056e-07,7.0612191950842e-09,6.394055808690898e-07,False,True,5.827517559836873e-06,58,15,0,0.6878937819744123,0.6886809004498199,87.25231693456574,86.12513356345269,1.1271833711130483,0.16205990078314464,0.008694169548507448,0.009790827747631101
UGC05253,fixed_core_envelope,envelope,1.0,20.0,8.07,8.07,161.4,1.0,25.028792111323277,24.444794127556996,1.0423286343404206,1.0118747377269683,138480032734.68948,1426845587.6724813,139906878322.36197,1.0103036196590605,0.16611008871340263,0.999994962156114,6.401643113644527e-07,8.147942890435298e-10,6.409791056534962e-07,False,True,5.258016244597095e-12,58,15,0,0.6886713195015729,0.6886809004498199,85.9067205535696,86.12513356345269,-0.21841300988309342,0.1610680949801841,0.0017086194211525178,0.0003740656566352747
UGC05253,envelope_a0.5_q10,envelope,0.5,10.0,8.07,4.035,40.35,0.9774877966225357,882.51011889144,861.9184687713058,1.0423286343404206,1.0118747377269683,138480032734.68948,11915593862.063843,147278135936.1121,1.0635333703182948,0.5469235930194362,0.999994962156114,6.257528021920217e-07,2.2082104943845063e-08,6.478349071358668e-07,False,True,1.3642191041581828e-06,58,15,0,0.6874963644607346,0.6886809004498199,84.65458137769069,86.12513356345269,-1.4705521857620028,0.15952090170718158,0.04593301005845993,0.020340283952750452
UGC05253,envelope_a0.5_q20,envelope,0.5,20.0,8.07,4.035,80.7,0.9748479249897526,955.6956888513995,933.3963963845111,1.0423286343404206,1.0118747377269683,138480032734.68948,27241230234.564766,162238202798.48984,1.1715638680510572,0.3409960101024486,0.999994962156114,6.240628505861306e-07,3.111198438486981e-08,6.551748349710004e-07,False,True,2.7248601086601e-08,58,15,0,0.6873606462933428,0.6886809004498199,83.41930670624656,86.12513356345269,-2.7058268572061337,0.15829882497691858,0.0643803741280049,0.022987995854783998
UGC05253,envelope_a0.5_q50,envelope,0.5,50.0,8.07,4.035,201.75,0.9739652399585228,980.4208701449536,957.5446638597928,1.0423286343404206,1.0118747377269683,138480032734.68948,72071260269.8217,206945998581.72763,1.4944103817350363,0.14833006820282174,0.999994962156114,6.234977871309617e-07,4.167916739027095e-08,6.651769545212327e-07,False,True,1.1118059881371462e-05,58,15,0,0.6873134939306892,0.6886809004498199,82.8429560631531,86.12513356345269,-3.2821775002995963,0.15773297078945292,0.07344058992237126,0.023875771364242227
UGC05253,envelope_a1_q10,envelope,1.0,10.0,8.07,8.07,80.7,0.169990605358549,58810.25408363613,57438.03165848409,1.0423286343404206,1.0118747377269683,138480032734.68948,1588104402622.928,1611644707217.5696,11.638101720450054,0.31234290696756517,0.999994962156114,1.0882191881778197e-07,1.4715459626461196e-06,1.5803678814639015e-06,False,True,4.5263465982893377e-07,58,15,0,0.6668973605799008,0.6886809004498199,9.871481549172339,86.12513356345269,-76.25365201428035,-0.03323464416663148,0.9546932366103209,0.8355388961073911
UGC05253,envelope_a1_q20,envelope,1.0,20.0,8.07,8.07,161.4,0.2578019929237696,51813.870035058266,50604.89456804351,1.0423286343404206,1.0118747377269683,138480032734.68948,2953813812146.0293,2989514240565.181,21.58805267104983,0.16611008871340263,0.999994962156114,1.6503563526842847e-07,1.6867631969626476e-06,1.851798832231076e-06,False,True,8.534353670048003e-08,58,15,0,0.6688784614329286,0.6886809004498199,10.186148986453663,86.12513356345269,-75.93898457699903,-0.029563559548158886,0.9321750346773873,0.7503059479333373
UGC05253,envelope_a1_q50,envelope,1.0,50.0,8.07,8.07,403.5,0.2821574877388295,49905.43387293988,48740.98803667465,1.0423286343404206,1.0118747377269683,138480032734.68948,7337150040478.542,7376223218616.953,53.26560857151788,0.06684469272978182,0.999994962156114,1.8062715383465178e-07,2.121555135568291e-06,2.302182289402943e-06,False,True,4.653646323153082e-07,58,15,0,0.6694348549776495,0.6886809004498199,10.375041834166309,86.12513356345269,-75.75009172928638,-0.02861801187503858,0.9262109169583148,0.726609770053277
UGC05253,envelope_a2_q10,envelope,2.0,10.0,8.07,16.14,161.4,0.9719328123428193,5085.109726293922,4966.458621830817,1.0423286343404206,1.0118747377269683,138480032734.68948,274635274748.62915,409228562417.78156,2.955144899494735,0.13526984477469933,0.999994962156114,6.221966995059568e-07,1.2723925111254471e-07,7.494359506185015e-07,False,True,7.584732715552028e-07,58,15,0,0.6878527237853383,0.6886809004498199,67.67152768608887,86.12513356345269,-18.453605877363827,0.14253534210077376,0.21631148482539989,0.03257631534183919
UGC05253,envelope_a2_q20,envelope,2.0,20.0,8.07,16.14,322.8,0.9719649212570055,5030.680952278636,4913.299836960129,1.0423286343404206,1.0118747377269683,138480032734.68948,573579810629.3243,708177544741.9644,5.1139325342213375,0.0668622848424253,0.999994962156114,6.222172544868955e-07,1.637701928117531e-07,7.859874472986485e-07,False,True,2.9651416090073737e-06,58,15,0,0.6878460446529115,0.6886809004498199,67.27805443144594,86.12513356345269,-18.847079132006755,0.14211029297864655,0.22174801694668173,0.032564975555052535
UGC05253,envelope_a2_q50,envelope,2.0,50.0,8.07,16.14,807.0,0.9719735742808594,5015.649307093334,4898.618925859071,1.0423286343404206,1.0118747377269683,138480032734.68948,1474812206232.3284,1609411138615.9949,11.621972546030708,0.026247450976226022,0.999994962156114,6.222227938439521e-07,2.1322280400898864e-07,8.354455978529407e-07,False,True,3.1602481264920896e-07,58,15,0,0.6878441471353585,0.6886809004498199,67.16262445677371,86.12513356345269,-18.96250910667898,0.1419853984263632,0.2233595139270084,0.0325622116626011
UGC05716,core_refit,none,1.0,20.0,1.14,1.14,22.799999999999997,1.0000000002697673,0.0,0.0,1.596176487438656,1.1736975079418248,9175836027.596031,0.0,9175836030.071371,1.0000000002697673,0.0,0.9388077834355882,5.112822781588742e-08,0.0,5.112822781588742e-08,False,True,7.958078640506789e-13,9,3,0,0.41694211468154796,0.4169421146815452,3.174546947671016,3.1745469530577637,-5.386747492508448e-09,0.02902664900089173,0.0,0.0
UGC05716,core_plummer,plummer,1.0,20.0,1.14,1.14,22.799999999999997,0.9817293536207977,162.1808297838049,117.73000248487637,1.596176487438656,1.1736975079418248,9175836027.596031,49809459.01547131,9057997031.31775,0.987157682861389,0.9873941546862011,0.9388077834355882,5.0194082031927324e-08,1.3099229386399036e-09,5.1504004970567234e-08,False,True,3.822804597073085e-06,9,3,0,0.3540607394072199,0.4169421146815452,3.4823241639298477,3.1745469530577637,0.307777210872084,0.03221341088974345,0.005781891577724184,0.006871344316295937
UGC05716,fixed_core_envelope,envelope,1.0,20.0,1.14,1.14,22.799999999999997,1.0,5.569557305283373,4.043042548646217,1.596176487438656,1.1736975079418248,9175836027.596031,51051259.53870079,9226887287.134731,1.0055636630150282,0.28356776042754667,0.9388077834355882,5.1128227802094695e-08,1.3476276223915003e-10,5.1262990564333846e-08,False,True,5.126565838482841e-12,9,3,0,0.4152499541562381,0.4169421146815452,3.141365227840995,3.1745469530577637,-0.033181725216768765,0.028611544538042762,0.0016776901918458414,0.0014964842921687187
UGC05716,envelope_a0.5_q10,envelope,0.5,10.0,1.14,0.57,5.699999999999999,0.9756796032458965,73.0680111786857,53.04139304934455,1.596176487438656,1.1736975079418248,9175836027.596031,158625127.46461484,9111301182.318914,0.992966870257595,0.6978264746026457,0.9388077834355882,4.988476901661357e-08,1.3589053374770343e-09,5.1243674354090603e-08,False,True,1.001834362992113e-06,9,3,0,0.3772265566416412,0.4169421146815452,3.452219679835532,3.1745469530577637,0.2776727267777681,0.031968508349076115,0.01299892683068661,0.013746852160534688
UGC05716,envelope_a0.5_q20,envelope,0.5,20.0,1.14,0.57,11.399999999999999,0.9696608542061961,76.41991152363609,55.47459823436003,1.596176487438656,1.1736975079418248,9175836027.596031,350237238.19277596,9247686238.767532,1.007830372181392,0.5025582303544244,0.9388077834355882,4.9577041044628126e-08,1.84908024148118e-09,5.142612128610931e-08,False,True,9.432029294159767e-07,9,3,0,0.37519460404853505,0.4169421146815452,3.410334824973775,3.1745469530577637,0.23578787191601114,0.03168164578802363,0.020637169807255152,0.02010435456394484
UGC05716,envelope_a0.5_q50,envelope,0.5,50.0,1.14,0.57,28.499999999999996,0.9646689068655818,83.1690914139472,60.37395018807997,1.596176487438656,1.1736975079418248,9175836027.596031,983015181.7586445,9834658892.07753,1.0717997643484594,0.2462052244949586,0.9388077834355882,4.932181162382114e-08,2.6279045467787356e-09,5.1949716170599874e-08,False,True,2.8291400323129706e-07,9,3,0,0.37146527101576,0.4169421146815452,3.340594206602694,3.1745469530577637,0.16604725354493022,0.031198172326083646,0.0283001678297561,0.025602234358672645
UGC05716,envelope_a1_q10,envelope,1.0,10.0,1.14,1.14,11.399999999999999,0.9671241890665078,101.9376465496882,73.99838438115853,1.596176487438656,1.1736975079418248,9175836027.596031,442597845.9395642,9316770823.135622,1.015359341112432,0.47979452413408746,0.9388077834355882,4.944734585150851e-08,1.8958174685699775e-09,5.1343163320078485e-08,False,True,2.2108721475850973e-08,9,3,0,0.3860422982388431,0.4169421146815452,3.365417161611713,3.1745469530577637,0.1908702085539491,0.031301189765466766,0.02485586183067186,0.02373014098734986
UGC05716,envelope_a1_q20,envelope,1.0,20.0,1.14,1.14,22.799999999999997,0.9602652334293335,114.52602819430524,83.13651867407685,1.596176487438656,1.1736975079418248,9175836027.596031,1049759912.4687642,9860996237.417555,1.0746700581571997,0.28356776042754667,0.9388077834355882,4.9096659605206596e-08,2.771107838876629e-09,5.186776744408323e-08,False,True,1.1488945473712064e-06,9,3,0,0.38217050989050216,0.4169421146815452,3.287680949876577,3.1745469530577637,0.1131339968188132,0.030756534313639877,0.034735969848000814,0.031095382763772227
UGC05716,envelope_a1_q50,envelope,1.0,50.0,1.14,1.14,56.99999999999999,0.9572148750543517,120.52872967323016,87.4939884254147,1.596176487438656,1.1736975079418248,9175836027.596031,2849173150.5678043,11632419887.242357,1.2677231646531422,0.11961033968361098,0.9388077834355882,4.8940700187332505e-08,3.808361872673178e-09,5.274906206000568e-08,False,True,1.2736008405427246e-06,9,3,0,0.3803328829739081,0.4169421146815452,3.2392057104101277,3.1745469530577637,0.06465875735236404,0.030409470317140124,0.03968878491819095,0.03447874972856953
UGC05716,envelope_a2_q10,envelope,2.0,10.0,1.14,2.28,22.799999999999997,0.9295289929529517,296.6243829559698,215.32501337570818,1.596176487438656,1.1736975079418248,9175836027.596031,2575796428.3680277,11105002050.600779,1.2102441692727337,0.25340876098336584,0.9388077834355882,4.752517010035019e-08,5.516565330332695e-09,5.3041735430682886e-08,False,True,1.7201918710040745e-05,9,3,0,0.3892188464358075,0.4169421146815452,3.038867359414132,3.1745469530577637,-0.1356795936436317,0.028757456145779268,0.07537278588647481,0.06482215517338588
UGC05716,envelope_a2_q20,envelope,2.0,20.0,1.14,2.28,45.599999999999994,0.9181359848491716,334.5304257497258,242.84169656354052,1.596176487438656,1.1736975079418248,9175836027.596031,6132695527.646574,14557360775.657967,1.586488765914863,0.13099001586324271,0.9388077834355882,4.6942665786669007e-08,8.094403514675427e-09,5.503706930134443e-08,False,True,1.3231977739681426e-07,9,3,0,0.3856339180301568,0.4169421146815452,2.9071596380236304,3.1745469530577637,-0.26738731503413327,0.02765999491911288,0.09220376221240474,0.07734019370259225
UGC05716,envelope_a2_q50,envelope,2.0,50.0,1.14,2.28,113.99999999999999,0.9143456432686058,347.05051423095193,251.93025561192206,1.596176487438656,1.1736975079418248,9175836027.596031,16407822594.967505,24797708290.147045,2.702501245180138,0.052173839721274484,0.9388077834355882,4.674887233889009e-08,1.0965800020228122e-08,5.7714672359118205e-08,False,True,2.4853924155333246e-06,9,3,0,0.38445324181291907,0.4169421146815452,2.8591802031255362,3.1745469530577637,-0.31536674993222746,0.02724026210414474,0.09803083802203415,0.08156824214812369
UGC05721,core_refit,none,1.0,20.0,0.38,0.38,7.6,1.0000000022206506,0.0,0.0,1.317158768303457,1.0193408220876254,5876636253.116493,0.0,5876636266.166449,1.0000000022206506,0.0,0.99979752069007,1.349370459085091e-07,0.0,1.349370459085091e-07,False,True,1.2789769243680168e-13,18,5,0,0.29472883169344166,0.2947288316934426,6.202289004736624,6.202289062237642,-5.750101816914821e-08,0.13806206873121857,0.0,0.0
UGC05721,core_plummer,plummer,1.0,20.0,0.38,0.38,7.6,0.9764928744679653,529.1192235784107,509.230850361951,1.317158768303457,1.0193408220876254,5876636253.116493,59261868.63507151,5797755295.64345,0.9865771924489607,0.9952508485709677,0.99979752069007,1.317650635388117e-07,5.6659573419945664e-09,1.3743102088080627e-07,False,True,3.564871515282177e-08,18,5,0,0.26036992333550174,0.2947288316934426,6.557518594453201,6.202289062237642,0.3552295322155592,0.1424123721880902,0.01017550915156143,0.010266028504894224
UGC05721,fixed_core_envelope,envelope,1.0,20.0,0.38,0.38,7.6,1.0,59.99950545893885,57.74426220903347,1.317158768303457,1.0193408220876254,5876636253.116493,200559366.84597751,6077195619.962471,1.0341282594680958,0.4354304982168426,0.99979752069007,1.349370456088611e-07,1.92473271926282e-09,1.368617783281239e-07,False,True,9.237055564880449e-14,18,5,0,0.29201605819474086,0.2947288316934426,5.858167798634534,6.202289062237642,-0.3441212636031077,0.13383329296500537,0.014645806705103823,0.010551578448662577
UGC05721,envelope_a0.5_q10,envelope,0.5,10.0,0.38,0.19,1.9,0.9522515267361942,354.1078828458131,340.7977829305258,1.317158768303457,1.0193408220876254,5876636253.116493,280343045.33865064,5876378889.442099,0.9999562056143498,0.8076342780075294,0.99979752069007,1.2849400769430945e-07,8.731141842255107e-09,1.3722514953656453e-07,False,True,3.528526553784898e-07,18,5,0,0.2673645718259289,0.2947288316934426,6.473755548376095,6.202289062237642,0.27146648613845326,0.14150057126975238,0.03889405728127078,0.035316580866251335
UGC05721,envelope_a0.5_q20,envelope,0.5,20.0,0.38,0.19,3.8,0.9294338281199626,414.05236150588473,398.48908667135174,1.317158768303457,1.0193408220876254,5876636253.116493,692023032.7692664,6153967561.971882,1.0471921856161022,0.6569182497191426,0.99979752069007,1.2541505485544173e-07,1.328244493988048e-08,1.386974997953222e-07,False,True,3.106202898162581e-07,18,5,0,0.26064697160889083,0.2947288316934426,6.135956954635174,6.202289062237642,-0.06633210760246833,0.13762249452683034,0.07685015323757252,0.06390553073147641
UGC05721,envelope_a0.5_q50,envelope,0.5,50.0,0.38,0.19,9.5,0.9065751671565255,489.21902523795444,470.8304085993016,1.317158768303457,1.0193408220876254,5876636253.116493,2108682046.982615,7436294540.469797,1.2653998342208415,0.3808049046078596,0.99979752069007,1.2233057467846095e-07,2.0493894596349974e-08,1.428244692748109e-07,False,True,6.106503537026144e-07,18,5,0,0.2509703434503986,0.2947288316934426,5.44210933809229,6.202289062237642,-0.7601797241453525,0.12942108674471722,0.13100456901082713,0.09687647351544856
UGC05721,envelope_a1_q10,envelope,1.0,10.0,0.38,0.38,3.8,0.8929320794306007,760.5861231986282,731.9974422220944,1.317158768303457,1.0193408220876254,5876636253.116493,1204294173.3249397,6451731202.877504,1.097861246636803,0.6408452413565165,0.99979752069007,1.2048961672774215e-07,1.8753565358469284e-08,1.392431820862114e-07,False,True,2.1641256406664083e-06,18,5,0,0.26527314642812544,0.2947288316934426,5.781530817855584,6.202289062237642,-0.4207582443820579,0.1334435977763177,0.12823997074542753,0.10604894600237005
UGC05721,envelope_a1_q20,envelope,1.0,20.0,0.38,0.38,7.6,0.8465498901507074,968.3161701472792,931.9193950439682,1.317158768303457,1.0193408220876254,5876636253.116493,3236774645.1571302,8211640419.688562,1.3973368549625258,0.4354304982168426,0.99979752069007,1.1423094113744234e-07,3.1062752951342314e-08,1.4529369408878468e-07,False,True,4.099009263814734e-07,18,5,0,0.25144678969167344,0.2947288316934426,4.654503585438858,6.202289062237642,-1.5477854767987838,0.11932115822602607,0.22079515094824137,0.16895329303413925
UGC05721,envelope_a1_q50,envelope,1.0,50.0,0.38,0.38,19.0,0.8279027811590796,1040.908806642057,1001.7834414912877,1.317158768303457,1.0193408220876254,5876636253.116493,8973263916.07354,13838547413.888958,2.3548415824699225,0.20176881051066517,0.99979752069007,1.1171475534096566e-07,4.360475424552184e-08,1.553195095864875e-07,False,True,4.1966530411653423e-10,18,5,0,0.2444829636329091,0.2947288316934426,3.8962776381705857,6.202289062237642,-2.3060114240670564,0.10898786137940175,0.2712468543215852,0.19749749818796303
UGC05721,envelope_a2_q10,envelope,2.0,10.0,0.38,0.76,7.6,0.7227432705133277,2388.0622052873305,2298.300445958929,1.317158768303457,1.0193408220876254,5876636253.116493,7562403024.841895,11809702330.036497,2.0096024020158785,0.41001617041788735,0.99979752069007,9.752484165675433e-08,5.888180086510814e-08,1.5640664252186246e-07,False,True,1.9767020554362701e-07,18,5,0,0.24534538815514706,0.2947288316934426,2.253615249953775,6.202289062237642,-3.948673812283867,0.08086795651365218,0.42202879484091216,0.3346151652981945
UGC05721,envelope_a2_q20,envelope,2.0,20.0,0.38,0.76,15.2,0.7628306939772346,1941.679703753301,1868.6964347767812,1.317158768303457,1.0193408220876254,5876636253.116493,12980842059.405018,17463720570.621647,2.971720524876846,0.2308208200837657,0.99979752069007,1.0293412014504526e-07,6.228742099716322e-08,1.6522154114220847e-07,False,True,9.876511420326395e-07,18,5,0,0.24854706337248564,0.2947288316934426,2.056872114731443,6.202289062237642,-4.145416947506199,0.07732869408873329,0.4006633714530831,0.2995339756209305
UGC05721,envelope_a2_q50,envelope,2.0,50.0,0.38,0.76,38.0,0.7746911669359731,1816.51073311967,1748.2322775238586,1.317158768303457,1.0193408220876254,5876636253.116493,31318843899.969437,35871422096.5545,6.104073921119618,0.09508537499662033,0.99979752069007,1.0453453732562121e-07,7.609552690553207e-08,1.806300642311533e-07,False,True,4.407946107256274e-07,18,5,0,0.24950817105402157,0.2947288316934426,1.9885158509148397,6.202289062237642,-4.213773211322803,0.07611634565495332,0.3954998863665003,0.28890371094878015
UGC05750,core_refit,none,1.0,20.0,3.46,3.46,69.2,1.0000000001690976,0.0,0.0,0.9912939192802112,0.9967775651203152,18159101191.562313,0.0,18159101194.632973,1.0000000001690976,0.0,0.990869147668297,1.1564718092308344e-07,0.0,1.1564718092308344e-07,False,True,1.676436767183958e-14,8,3,0,0.04183000293181424,0.04183000293181417,0.16298668536561614,0.16298668553372567,-1.6810952629953135e-10,0.03079354620982921,0.0,0.0
UGC05750,core_plummer,plummer,1.0,20.0,3.46,3.46,69.2,1.0000000009864538,1.578674317339983e-13,1.588898059137065e-13,0.9912939192802112,0.9967775651203152,18159101191.562313,1.267107573531706e-07,18159101209.475426,1.0000000009864538,0.9665669530864958,0.990869147668297,1.1564718101760838e-07,1.7678875145623415e-24,1.1564718101760838e-07,False,True,4.650952409952811e-08,8,3,0,0.04183000293181418,0.04183000293181417,0.16298668455303536,0.16298668553372567,-9.80690306739973e-10,0.030793545916862477,6.806671225761787e-18,1.472572816895084e-17
UGC05750,fixed_core_envelope,envelope,1.0,20.0,3.46,3.46,69.2,1.0,0.0,0.0,0.9912939192802112,0.9967775651203152,18159101191.562313,0.0,18159101191.562313,1.0,0.16612707617484535,0.990869147668297,1.1564718090352778e-07,0.0,1.1564718090352778e-07,False,True,0.0,8,3,0,0.04183000293181424,0.04183000293181417,0.1629866855337256,0.16298668553372567,-5.551115123125783e-17,0.03079354627043926,0.0,0.0
UGC05750,envelope_a0.5_q10,envelope,0.5,10.0,3.46,1.73,17.3,0.999999999955263,1.5755167250450073e-13,1.585720017780513e-13,0.9912939192802112,0.9967775651203152,18159101191.562313,8.938740955995844e-07,18159101190.74993,0.9999999999552631,0.5469528514809207,0.990869147668297,1.1564718089835407e-07,4.062569385953837e-24,1.1564718089835407e-07,False,True,1.4754395354618687e-08,8,3,0,0.041830002931814186,0.04183000293181417,0.16298668557820112,0.16298668553372567,4.4475451099756924e-11,0.030793546286474443,2.7171623460559834e-17,2.789417527169461e-17
UGC05750,envelope_a0.5_q20,envelope,0.5,20.0,3.46,1.73,34.6,1.0000000000379163,1.6911087889988067e-13,1.7020606740200518e-13,0.9912939192802112,0.9967775651203152,18159101191.562313,2.0255173705269477e-06,18159101192.250843,1.0000000000379166,0.34102269586223666,0.990869147668297,1.156471809079127e-07,5.6733115016654e-24,1.1564718090791271e-07,False,True,9.348757501611778e-09,8,3,0,0.04183000293181423,0.04183000293181417,0.16298668549603068,0.16298668553372567,-3.7694986021463706e-11,0.030793546256848783,3.838915920370669e-17,3.2029084174329056e-17
UGC05750,envelope_a0.5_q50,envelope,0.5,50.0,3.46,1.73,86.5,1.0000000003885456,3.1751864756342856e-13,3.1957494798764587e-13,0.9912939192802112,0.9967775651203152,18159101191.562313,9.807902513178545e-06,18159101198.617966,1.0000000003885463,0.14834398827103018,0.990869147668297,1.1564718094846199e-07,1.3910179079505093e-23,1.15647180948462e-07,False,True,1.5786804308424808e-08,8,3,0,0.041830002931814284,0.04183000293181417,0.1629866851474501,0.16298668553372567,-3.862755670880347e-10,0.030793546131171978,8.086031640240996e-17,6.136121855186531e-17
UGC05750,envelope_a1_q10,envelope,1.0,10.0,3.46,3.46,34.6,1.0000000001690976,0.0,0.0,0.9912939192802112,0.9967775651203152,18159101191.562313,0.0,18159101194.632973,1.0000000001690976,0.3123703934584997,0.990869147668297,1.1564718092308344e-07,0.0,1.1564718092308344e-07,False,True,1.4167824252560324e-14,8,3,0,0.04183000293181424,0.04183000293181417,0.16298668536561614,0.16298668553372567,-1.6810952629953135e-10,0.03079354620982921,0.0,0.0
UGC05750,envelope_a1_q20,envelope,1.0,20.0,3.46,3.46,69.2,1.0000000001690976,0.0,0.0,0.9912939192802112,0.9967775651203152,18159101191.562313,0.0,18159101194.632973,1.0000000001690976,0.16612707617484535,0.990869147668297,1.1564718092308344e-07,0.0,1.1564718092308344e-07,False,True,1.4219880287499926e-14,8,3,0,0.04183000293181424,0.04183000293181417,0.16298668536561614,0.16298668553372567,-1.6810952629953135e-10,0.03079354620982921,0.0,0.0
UGC05750,envelope_a1_q50,envelope,1.0,50.0,3.46,3.46,173.0,1.0000000001690976,0.0,0.0,0.9912939192802112,0.9967775651203152,18159101191.562313,0.0,18159101194.632973,1.0000000001690976,0.06685188771425858,0.990869147668297,1.1564718092308344e-07,0.0,1.1564718092308344e-07,False,True,1.423435089494717e-14,8,3,0,0.04183000293181424,0.04183000293181417,0.16298668536561614,0.16298668553372567,-1.6810952629953135e-10,0.03079354620982921,0.0,0.0
UGC05750,envelope_a2_q10,envelope,2.0,10.0,3.46,6.92,69.2,0.999999999704181,0.0,0.0,0.9912939192802112,0.9967775651203152,18159101191.562313,0.0,18159101186.190506,0.999999999704181,0.13528651976838196,0.990869147668297,1.1564718086931713e-07,0.0,1.1564718086931713e-07,False,True,6.217853475480881e-08,8,3,0,0.041830002931814235,0.04183000293181417,0.1629866858278163,0.16298668553372567,2.94090640728939e-10,0.03079354637647033,0.0,0.0
UGC05750,envelope_a2_q20,envelope,2.0,20.0,3.46,6.92,138.4,0.9999999996994859,0.0,0.0,0.9912939192802112,0.9967775651203152,18159101191.562313,0.0,18159101186.105247,0.9999999996994859,0.06687087684835266,0.990869147668297,1.1564718086877417e-07,0.0,1.1564718086877419e-07,False,True,6.280815591393898e-08,8,3,0,0.041830002931814214,0.04183000293181417,0.16298668583248407,0.16298668553372567,2.9875840690252176e-10,0.030793546378153142,0.0,0.0
UGC05750,envelope_a2_q50,envelope,2.0,50.0,3.46,6.92,346.0,0.9999999996980103,2.4017389665526244e-12,2.417293003752266e-12,0.9912939192802112,0.9967775651203152,18159101191.562313,0.00029675134769959865,18159101186.07875,0.9999999996980268,0.026250865689946817,0.990869147668297,1.1564718086860352e-07,1.052178175466015e-22,1.1564718086860364e-07,False,True,6.300590509294114e-08,8,3,0,0.04183000293181421,0.04183000293181417,0.16298668583395054,0.16298668553372567,3.002248727401735e-10,0.03079354637868195,4.329379687268497e-16,1.6757155624656897e-16
UGC05764,core_refit,none,1.0,20.0,1.17,1.17,23.4,1.0000000048523843,0.0,0.0,1.3125925636818554,1.0614857481996989,1800841611.4131122,0.0,1800841620.1514876,1.0000000048523843,0.0,0.9821708379748736,5.031679180143834e-08,0.0,5.031679180143834e-08,False,True,3.4179729775420886e-05,8,2,0,4.304039908659636,4.304039908659633,0.21271257587004544,0.2127125547005229,2.116952255160065e-08,-0.015976440649845984,0.0,0.0
UGC05764,core_plummer,plummer,1.0,20.0,1.17,1.17,23.4,0.8341090925859757,938.5377509607289,832.9585891711574,1.3125925636818554,1.0614857481996989,1800841611.4131122,297425447.2235313,1799523809.6103885,0.9992682300351281,0.8615378564230529,0.9821708379748736,4.196969334768211e-08,9.267914209316315e-09,5.1237607556998426e-08,False,True,2.97342449862026e-06,8,2,0,3.7209528914494037,4.304039908659633,0.13500035850301303,0.2127125547005229,-0.07771219619750985,-0.007784696898215035,0.1479840200747508,0.1456444363624208
UGC05764,fixed_core_envelope,envelope,1.0,20.0,1.17,1.17,23.4,1.0,15.488647312665607,13.746279039411187,1.3125925636818554,1.0614857481996989,1800841611.4131122,146491810.31261274,1947333421.725725,1.081346304630123,0.06069646409970911,0.9821708379748736,5.031679155728193e-08,4.581912041666425e-10,5.077498276144858e-08,False,True,2.0634603626278744e-06,8,2,0,4.296357979625835,4.304039908659633,0.23257399931334638,0.2127125547005229,0.019861444612823492,-0.017716473635134265,0.005001916409287896,0.003748274175718424
UGC05764,envelope_a0.5_q10,envelope,0.5,10.0,1.17,0.585,5.85,0.342248710361201,2464.9374569763395,2187.648631561613,1.3125925636818554,1.0614857481996989,1800841611.4131122,5521596573.648565,6137932292.71949,3.408368761483184,0.29218938274656564,0.9821708379748736,1.7220857019993108e-08,5.6046932990387255e-08,7.326779001038037e-08,False,True,5.823849297288592e-07,8,2,0,1.8894100348904892,4.304039908659633,2.9217067561611643,0.2127125547005229,2.708994201460641,-0.09216639125072927,0.72716127482955,0.688462195767463
UGC05764,envelope_a0.5_q20,envelope,0.5,20.0,1.17,0.585,11.7,0.4532747869957008,1961.3710885774124,1740.7300805004052,1.3125925636818554,1.0614857481996989,1800841611.4131122,9275335529.964891,10091611627.791164,5.603830766589363,0.15381456095426002,0.9821708379748736,2.2807332975434043e-08,5.8022044323911906e-08,8.082937729934595e-08,False,True,2.0180246512645938e-06,8,2,0,2.21669157174704,4.304039908659633,3.024483155799037,0.2127125547005229,2.8117706010985137,-0.09380672191133856,0.6402256986526572,0.5890486776122603
UGC05764,envelope_a0.5_q50,envelope,0.5,50.0,1.17,0.585,29.25,0.4878097681519882,1814.1237574272714,1610.0470801751771,1.3125925636818554,1.0614857481996989,1800841611.4131122,22124794699.124832,23003262828.066715,12.773618002982595,0.061663104431427807,0.9821708379748736,2.4545022423709616e-08,7.008072238671472e-08,9.462574481042434e-08,False,True,2.2877653979238188e-07,8,2,0,2.322230265859443,4.304039908659633,3.0074262542252708,0.2127125547005229,2.7947136995247477,-0.09354185303320739,0.612585909044995,0.5576784732146899
UGC05764,envelope_a1_q10,envelope,1.0,10.0,1.17,1.17,11.7,0.9026875317059518,580.5472114251885,515.2395688729293,1.3125925636818554,1.0614857481996989,1800841611.4131122,2600915884.801956,4226513154.0018272,2.3469655116894494,0.12325016051208826,0.9821708379748736,4.5420340374205704e-08,1.3200290564944771e-08,5.8620630939150474e-08,False,True,3.5251935422873095e-07,8,2,0,4.030632445208574,4.304039908659633,0.7081521150040146,0.2127125547005229,0.4954395603034918,-0.04242334332253747,0.1672058507186519,0.13177736631042677
UGC05764,envelope_a1_q20,envelope,1.0,20.0,1.17,1.17,23.4,0.9061917617217007,549.1695133560802,487.3916500350044,1.3125925636818554,1.0614857481996989,1800841611.4131122,5194051782.316906,6825959614.7451,3.7904275264879073,0.06069646409970911,0.9821708379748736,4.559666198547691e-08,1.6245746677340193e-08,6.18424086628171e-08,False,True,1.574361925558348e-06,8,2,0,4.032592307767759,4.304039908659633,0.7103725619476834,0.2127125547005229,0.49766000724716053,-0.04252781908290136,0.1643631918154031,0.12831943701855472
UGC05764,envelope_a1_q50,envelope,1.0,50.0,1.17,1.17,58.5,0.9071434880863903,540.7086907603949,479.882612870207,1.3125925636818554,1.0614857481996989,1800841611.4131122,13188812203.27761,14822433944.146017,8.23083709872459,0.023800324313665303,0.9821708379748736,4.564454980258857e-08,2.0887911033700446e-08,6.653246083628901e-08,False,True,2.700004969946877e-06,8,2,0,4.03304371376283,4.304039908659633,0.7112763605621131,0.2127125547005229,0.4985638058615902,-0.04256783427004209,0.1636254420844841,0.12738699554800384
UGC05764,envelope_a2_q10,envelope,2.0,10.0,1.17,2.34,23.4,0.9585383362859453,559.0448811417205,496.15610560416286,1.3125925636818554,1.0614857481996989,1800841611.4131122,5009166121.4226465,6735341843.541072,3.7401078478278165,0.03804806224719174,0.9821708379748736,4.823057366656372e-08,1.2711377687612373e-08,6.094195135417609e-08,False,True,5.598236036111008e-07,8,2,0,4.128665701613464,4.304039908659633,0.5623337942197643,0.2127125547005229,0.3496212395192414,-0.03683635049308871,0.10105526220626479,0.07028290208087665
UGC05764,envelope_a2_q20,envelope,2.0,20.0,1.17,2.34,46.8,0.9586535818248446,551.434400892152,489.40175301141267,1.3125925636818554,1.0614857481996989,1800841611.4131122,10430946231.086977,12157329492.167381,6.750915469255278,0.01832742841750615,0.9821708379748736,4.8236372452322425e-08,1.631274746356161e-08,6.454911991588403e-08,False,True,3.5995253605610286e-06,8,2,0,4.127659709871578,4.304039908659633,0.5651365062495953,0.2127125547005229,0.35242395154907247,-0.03696104719850584,0.10132228165753976,0.07027428866815592
UGC05764,envelope_a2_q50,envelope,2.0,50.0,1.17,2.34,117.0,0.9586858497063543,549.3246722744714,487.52935462240976,1.3125925636818554,1.0614857481996989,1800841611.4131122,26797941535.086155,28524382905.510296,15.83947345770589,0.007140085596862593,0.9821708379748736,4.823799606859034e-08,2.1220751726682366e-08,6.945874779527269e-08,False,True,2.4122315740709114e-06,8,2,0,4.127374865804262,4.304039908659633,0.565935357779495,0.2127125547005229,0.35322280307897214,-0.036996525902139886,0.10139883415068067,0.0702721908424449
UGC05829,core_refit,none,1.0,20.0,1.99,1.99,39.8,1.0000000110463934,0.0,0.0,1.051787261027693,1.071870602196349,2284575790.706212,0.0,2284575815.942535,1.0000000110463934,0.0,0.9773319402882528,4.039767064320968e-08,0.0,4.039767064320967e-08,False,True,8.881784197001244e-16,8,3,0,0.1872573181207679,0.18725731812076918,3.0234403419050664,3.0234404416445937,-9.973952730391034e-08,0.12433065222190565,0.0,0.0
UGC05829,core_plummer,plummer,1.0,20.0,1.99,1.99,39.8,0.8481463196432596,615.0455790109147,535.3312318979711,1.051787261027693,1.071870602196349,2284575790.706212,260520843.40131706,2198175392.2348804,0.9621809883380479,0.8873501197113338,0.9773319402882528,3.4263135299714774e-08,5.956363251785302e-09,4.0219498551500066e-08,False,True,1.5959636912679792e-08,8,3,0,0.15478695233262715,0.18725731812076918,3.482049232092173,3.0234404416445937,0.4586087904475793,0.13516434065385374,0.1087922587044089,0.11117902781137166
UGC05829,fixed_core_envelope,envelope,1.0,20.0,1.99,1.99,39.8,1.0,36.28800074220297,31.58481387944952,1.051787261027693,1.071870602196349,2284575790.706212,458745370.0530874,2743321160.7592993,1.2008011167409243,0.07196131107921462,0.9773319402882528,4.039767019696112e-08,1.0527855475152754e-09,4.1450455744476395e-08,False,True,1.043578013105355e-08,8,3,0,0.18657625514471693,0.18725731812076918,2.902175206944484,3.0234404416445937,-0.12126523470010975,0.12143093412430493,0.014569647144626621,0.010173666156715368
UGC05829,envelope_a0.5_q10,envelope,0.5,10.0,1.99,0.995,9.95,0.5262935767328503,1273.7175576653058,1108.6345671024533,1.051787261027693,1.071870602196349,2284575790.706212,3813648838.1323037,5016006402.340356,2.195596409077678,0.32837412746760075,0.9773319402882528,2.1261034339632738e-08,2.8402900903178342e-08,4.966393524281108e-08,False,True,3.7919480745948136e-09,8,3,0,0.10531726632671204,0.18725731812076918,2.52437775812172,3.0234404416445937,-0.49906268352287375,0.11453631056581297,0.5159019868548866,0.4617946341365918
UGC05829,envelope_a0.5_q20,envelope,0.5,20.0,1.99,0.995,19.9,0.43414872696119344,1455.4378206756855,1266.8025721706492,1.051787261027693,1.071870602196349,2284575790.706212,9199671351.122679,10191517022.304142,4.461010689058262,0.17612336958631924,0.9773319402882528,1.7538597088208816e-08,4.2225084644370246e-08,5.976368173257906e-08,False,True,8.861632686183224e-08,8,3,0,0.09089273352391913,0.18725731812076918,2.085178471223779,3.0234404416445937,-0.9382619704208146,0.1037338400890105,0.6256766907391758,0.5625494545038631
UGC05829,envelope_a0.5_q50,envelope,0.5,50.0,1.99,0.995,49.75,0.40243635133292843,1516.93530352147,1320.3295372833827,1.051787261027693,1.071870602196349,2284575790.706212,24727954589.487885,25647350935.043232,11.226307763295994,0.07110380188113573,0.9773319402882528,1.6257490996416017e-08,5.747015034570839e-08,7.372764134212441e-08,False,True,3.776832166539876e-09,8,3,0,0.08576601247309724,0.18725731812076918,1.9185739326634819,3.0234404416445937,-1.1048665089811118,0.09935057714983002,0.6617912347969439,0.5969268713021517
UGC05829,envelope_a1_q10,envelope,1.0,10.0,1.99,1.99,19.9,0.23197456250417312,3366.774168392951,2930.4159311030203,1.051787261027693,1.071870602196349,2284575790.706212,20160975748.94153,20690939218.498226,9.05679702230505,0.14512876518052562,0.9773319402882528,9.37123187012793e-09,7.507641901672937e-08,8.44476508868573e-08,False,True,2.6506483305113147e-08,8,3,0,0.12712732748004674,0.18725731812076918,0.4517303197715911,3.0234404416445937,-2.5717101218730027,0.04077156958266803,0.8496030460638884,0.7996340170742671
UGC05829,envelope_a1_q20,envelope,1.0,20.0,1.99,1.99,39.8,0.3015561671675061,3001.3820994532257,2612.381312098336,1.051787261027693,1.071870602196349,2284575790.706212,37942849253.83286,38631777172.881905,16.909825154428333,0.07196131107921462,0.9773319402882528,1.2182166587092587e-08,8.707593783750528e-08,9.925810442459786e-08,False,True,1.1507195730432131e-08,8,3,0,0.13135593487255076,0.18725731812076918,0.4973927681763413,3.0234404416445937,-2.5260476734682524,0.04365106518714195,0.8021842012187296,0.7381573274308728
UGC05829,envelope_a1_q50,envelope,1.0,50.0,1.99,1.99,99.5,0.319653964564847,2907.1919889732185,2530.398919903995,1.051787261027693,1.071870602196349,2284575790.706212,94781776545.60101,95512050254.44913,41.807345872698875,0.028276313920457704,0.9773319402882528,1.2913275437641787e-08,1.101409930286886e-07,1.2305426846633037e-07,False,True,1.0667788871802525e-09,8,3,0,0.13244544500006653,0.18725731812076918,0.5092754312313644,3.0234404416445937,-2.514165010413229,0.04438187041331119,0.7896988589396505,0.7220549275999419
UGC05829,envelope_a2_q10,envelope,2.0,10.0,1.99,3.98,39.8,0.8841229897635337,1130.596915598782,984.0633934494173,1.051787261027693,1.071870602196349,2284575790.706212,13540520306.47204,15560366284.892605,6.81105277758483,0.047450584348635194,0.9773319402882528,3.5716508954018466e-08,2.5211423020698765e-08,6.092793197471722e-08,False,True,1.1459766469165337e-10,8,3,0,0.17696554039242046,0.18725731812076918,1.9012569231250105,3.0234404416445937,-1.1221835185195832,0.09649750923103333,0.24555302697462278,0.16331440271362832
UGC05829,envelope_a2_q20,envelope,2.0,20.0,1.99,3.98,79.6,0.8844458715791056,1114.692363084874,970.2201857578044,1.051787261027693,1.071870602196349,2284575790.706212,28183418768.728638,30204002395.12832,13.220836234893133,0.022905281522531646,0.9773319402882528,3.572955262711654e-08,3.233939555167024e-08,6.806894817878677e-08,False,True,6.058774359282308e-08,8,3,0,0.17688334112733695,0.18725731812076918,1.8926197989294913,3.0234404416445937,-1.1308206427151024,0.09626955075986521,0.24636176628754336,0.1632308358443358
UGC05829,envelope_a2_q50,envelope,2.0,50.0,1.99,3.98,199.0,0.8845351917796185,1110.2934067017243,966.3913658783997,1.051787261027693,1.071870602196349,2284575790.706212,72396719565.27698,74417507250.44437,32.57388419906187,0.008928987126198554,0.9773319402882528,3.573316095511878e-08,4.2064238905158904e-08,7.779739986027768e-08,False,True,1.917631439060943e-08,8,3,0,0.17685992173178766,0.18725731812076918,1.89014986981614,3.0234404416445937,-1.1332905718284536,0.09620431978193016,0.24659608549876952,0.1632094702890375
UGC05918,core_refit,none,1.0,20.0,1.66,1.66,33.199999999999996,0.999999999999,0.0,0.0,1.0126608217514632,1.00200931073355,1084637424.7154899,0.0,1084637424.7144053,0.999999999999,0.0,0.9845598613284154,3.248618322698492e-08,0.0,3.248618322698492e-08,False,True,1.6207770862517707e-08,6,2,0,0.13692452612559455,0.1369245261255943,2.0764885766536874,2.0764885766437082,9.979128634540757e-12,0.12555274267221983,0.0,0.0
UGC05918,core_plummer,plummer,1.0,20.0,1.66,1.66,33.199999999999996,0.7382238790541392,818.9167128398414,815.6356887615229,1.0126608217514632,1.00200931073355,1084637424.7154899,318791863.0528708,1119497110.0936317,1.0321394823595413,0.823157241295955,0.9845598613284154,2.39820761975123e-08,9.075170948198403e-09,3.30572471457107e-08,False,True,2.1098024215775902e-08,6,2,0,0.11286733858656472,0.1369245261255943,2.2716816225916503,2.0764885766437082,0.19519304594794207,0.1320801657060647,0.24973953201022187,0.2399518781975095
UGC05918,fixed_core_envelope,envelope,1.0,20.0,1.66,1.66,33.199999999999996,1.0,26.49380191868084,26.387653392636054,1.0126608217514632,1.00200931073355,1084637424.7154899,307811794.1323165,1392449218.8478065,1.2837923412176733,0.048794310388546605,0.9845598613284154,3.24861832270174e-08,8.79553706747815e-10,3.3365736933765214e-08,False,True,5.329070518200723e-15,6,2,0,0.13626790460066296,0.1369245261255943,1.948318781900007,2.0764885766437082,-0.12816979474370127,0.12140602410088304,0.01386954142281246,0.00931765423947937
UGC05918,envelope_a0.5_q10,envelope,0.5,10.0,1.66,0.83,8.299999999999999,0.014239014445752268,2194.5930466769473,2185.8003178006647,1.0126608217514632,1.00200931073355,1084637424.7154899,6038845004.352581,6054289172.311508,5.58185531344689,0.2506856987012265,0.9845598613284154,4.6257123225685584e-10,5.5999579719843486e-08,5.646215095210034e-08,False,True,1.5886420593113727e-08,6,2,0,0.013669058900063482,0.1369245261255943,0.07138835656214348,2.0764885766437082,-2.0051002200815646,0.0214772305266456,0.9900555047742637,0.9870649715119276
UGC05918,envelope_a0.5_q20,envelope,0.5,20.0,1.66,0.83,16.599999999999998,0.05131703724515224,2038.629278621958,2030.4614251088356,1.0126608217514632,1.00200931073355,1084637424.7154899,11842659233.079594,11898319612.201204,10.969858997187231,0.12942550200803143,0.9845598613284154,1.667094674613692e-09,6.767937437594639e-08,6.934646905056008e-08,False,True,1.8938105575500066e-08,6,2,0,0.015104884943726443,0.1369245261255943,0.018691475848250087,2.0764885766437082,-2.057797100795458,0.008957187161954126,0.9654806376955398,0.9541545142796805
UGC05918,envelope_a0.5_q50,envelope,0.5,50.0,1.66,0.83,41.5,0.0703156221115787,1977.3763910382158,1969.4539497823812,1.0126608217514632,1.00200931073355,1084637424.7154899,29623938625.104324,29700205580.388695,27.382611832870627,0.051529123588359385,0.9845598613284154,2.284286183638462e-09,8.572467054385818e-08,8.800895672749664e-08,False,True,1.836809287069229e-08,6,2,0,0.016502258856128403,0.1369245261255943,0.012016067298879581,2.0764885766437082,-2.064472509344829,0.006044676797334105,0.9531155798953209,0.9374215781453725
UGC05918,envelope_a1_q10,envelope,1.0,10.0,1.66,1.66,16.599999999999998,0.8610995259117717,544.0322544815309,541.8525664884189,1.0126608217514632,1.00200931073355,1084637424.7154899,2994018838.3965826,3927999610.605256,3.6214863336802208,0.09975666628880256,0.9845598613284154,2.7973836975467637e-08,1.3882107961262177e-08,4.1855944936729815e-08,False,True,1.275486381803073e-09,6,2,0,0.12396359453370055,0.1369245261255943,1.0592775403426806,2.0764885766437082,-1.0172110363010276,0.08878404013907815,0.24516924121710976,0.1798814724259237
UGC05918,envelope_a1_q20,envelope,1.0,20.0,1.66,1.66,33.199999999999996,0.863672442103985,525.1397671220082,523.0357726700756,1.0126608217514632,1.00200931073355,1084637424.7154899,6101208667.000583,7037980120.401987,6.488785985093694,0.048794310388546605,0.9845598613284154,2.8057421202315636e-08,1.7433837172579145e-08,4.549125837489478e-08,False,True,2.997983638058517e-08,6,2,0,0.12392120920945936,0.1369245261255943,1.0506840317805033,2.0764885766437082,-1.025804544863205,0.08843496872153118,0.24401752447585523,0.17753068563235433
UGC05918,envelope_a1_q50,envelope,1.0,50.0,1.66,1.66,83.0,0.864375211460944,519.9911426768248,517.9077764041808,1.0126608217514632,1.00200931073355,1084637424.7154899,15580428456.68669,16517962160.033594,15.229017350536658,0.019094441423348967,0.9845598613284154,2.808025149641214e-08,2.254303712420204e-08,5.062328862061418e-08,False,True,4.402185755311722e-08,6,2,0,0.1239067524601399,0.1369245261255943,1.0480496851201075,2.0764885766437082,-1.0284388915236007,0.08832754224987294,0.2437407057603726,0.17689422396459048
UGC05918,envelope_a2_q10,envelope,2.0,10.0,1.66,3.32,33.199999999999996,0.9277478513881676,686.1460245861288,683.3969518262109,1.0126608217514632,1.00200931073355,1084637424.7154899,7552251200.471923,8558521240.786914,7.890674842823067,0.02861156595027562,0.9845598613284154,3.013898668866772e-08,1.7508434678331843e-08,4.7647421366999565e-08,False,True,2.8894902079884902e-08,6,2,0,0.12649031900582497,0.1369245261255943,1.1289019707569572,2.0764885766437082,-0.947586605886751,0.09188140826187843,0.17905127521000452,0.11158164595187917
UGC05918,envelope_a2_q20,envelope,2.0,20.0,1.66,3.32,66.39999999999999,0.9278101875390551,678.5437387932401,675.825124909476,1.0126608217514632,1.00200931073355,1084637424.7154899,15766990806.096943,16773328458.5341,15.464456671254815,0.013753210293750602,0.9845598613284154,3.014101175228712e-08,2.2526614431479516e-08,5.266762618376664e-08,False,True,8.20021379058217e-08,6,2,0,0.12644065805878257,0.1369245261255943,1.1245451945016836,2.0764885766437082,-0.9519433821420247,0.09170557052728617,0.17956145134351892,0.11163256960067092
UGC05918,envelope_a2_q50,envelope,2.0,50.0,1.66,3.32,166.0,0.927827568850609,676.435908638811,673.7257398647648,1.0126608217514632,1.00200931073355,1084637424.7154899,40535926153.76895,41542282658.62711,38.300617065213316,0.005354856617598938,0.9845598613284154,3.014157640475899e-08,2.932534527817002e-08,5.946692168292901e-08,False,True,9.805556560013316e-08,6,2,0,0.1264266367093968,0.1369245261255943,1.1233118112775904,2.0764885766437082,-0.9531767653661178,0.09165574672681909,0.17970631213133914,0.1116471216678935
UGC05986,core_refit,none,1.0,20.0,1.67,1.67,33.4,0.999999999999,0.0,0.0,1.003290266856868,1.0,20653702170.950466,0.0,20653702170.929813,0.999999999999,0.0,0.9665158349740448,2.65688448962139e-07,0.0,2.65688448962139e-07,False,True,2.506920264632152e-07,12,3,0,0.14447810732061975,0.14447810732061941,0.1812247170864816,0.18122471707836207,8.119532823869235e-12,0.017410936981404848,0.0,0.0
UGC05986,core_plummer,plummer,1.0,20.0,1.67,1.67,33.4,0.9904423237930708,264.8981602183458,264.8981602183458,1.003290266856868,1.0,20653702170.950466,103195538.93173283,20559496312.057903,0.9954387906771957,0.9545501624491829,0.9665158349740448,2.631490847953008e-07,2.9473895281544292e-09,2.660964743234552e-07,False,True,1.2255437117652034e-07,12,3,0,0.1316225862572481,0.14447810732061941,0.2197835182831814,0.18122471707836207,0.03855880120481933,0.019262397271152008,0.004957528541514917,0.005271874659229673
UGC05986,fixed_core_envelope,envelope,1.0,20.0,1.67,1.67,33.4,1.0,25.878756551297972,25.878756551297972,1.003290266856868,1.0,20653702170.950466,300883840.97277945,20954586011.923244,1.0145680342672885,0.13728239065523948,0.9665158349740448,2.656884489624047e-07,8.625911486722235e-10,2.665510401110769e-07,False,True,1.1191048088209053e-12,12,3,0,0.14393062302309115,0.14447810732061941,0.16627255395739354,0.18122471707836207,-0.014952163120968531,0.016623159900779033,0.002064947865845843,0.0016984385992835475
UGC05986,envelope_a0.5_q10,envelope,0.5,10.0,1.67,0.835,8.35,0.9790653147005665,280.00389930030747,280.00389930030747,1.003290266856868,1.0,20653702170.950466,771042738.7120798,20992366154.44547,1.016397253174849,0.4928730464804677,0.9665158349740448,2.6012634489568214e-07,7.173619910766502e-09,2.6729996480644863e-07,False,True,1.3210406094677879e-06,12,3,0,0.13087024927085786,0.14447810732061941,0.2037304811065632,0.18122471707836207,0.02250576402820112,0.018408055598446948,0.019073545015838023,0.017599671209280455
UGC05986,envelope_a0.5_q20,envelope,0.5,20.0,1.67,0.835,16.7,0.9730428701948972,325.68458901478897,325.68458901478897,1.003290266856868,1.0,20653702170.950466,1893314114.497048,21990251755.069267,1.0647123490527846,0.29419452160368004,0.9665158349740448,2.5852625095600874e-07,1.0855724199353679e-08,2.693819751553624e-07,False,True,1.8906079542603148e-06,12,3,0,0.12797032041948514,0.14447810732061941,0.18857568014302908,0.18122471707836207,0.00735096306466701,0.01754771835985938,0.02787659929988377,0.024408410606126193
UGC05986,envelope_a0.5_q50,envelope,0.5,50.0,1.67,0.835,41.75,0.9701706966265605,348.3689213037386,348.3689213037386,1.003290266856868,1.0,20653702170.950466,5222847516.661836,25260464139.770355,1.22304775825127,0.12475085638934301,0.9665158349740448,2.577631476154865e-07,1.5163497988760844e-08,2.7292664560424737e-07,False,True,8.144441185184982e-07,12,3,0,0.126432305893222,0.14447810732061941,0.17920317594519253,0.18122471707836207,-0.0020215411331695465,0.0169914556114351,0.03254806996211672,0.027774127774833537
UGC05986,envelope_a1_q10,envelope,1.0,10.0,1.67,1.67,16.7,0.8854564332625006,1926.5089560669844,1926.5089560669844,1.003290266856868,1.0,20653702170.950466,10610000398.93092,28897953856.886684,1.399165806580275,0.26427706317278915,0.9665158349740448,2.3525554637729676e-07,4.935660910453946e-08,2.846121554818362e-07,False,True,5.449454235830932e-07,12,3,0,0.10587498116632756,0.14447810732061941,0.08543329545208674,0.18122471707836207,-0.09579142162627534,0.010058372604525209,0.1369159057534702,0.11800460771715131
UGC05986,envelope_a1_q20,envelope,1.0,20.0,1.67,1.67,33.4,0.8625762136116512,2216.9775972498132,2216.9775972498132,1.003290266856868,1.0,20653702170.950466,25776073649.012737,43591465864.69393,2.110588479677292,0.13728239065523948,0.9665158349740448,2.2917653630634347e-07,7.389633456312211e-08,3.0307287086946556e-07,False,True,4.2126237804350123e-07,12,3,0,0.0978655827657333,0.14447810732061941,0.04879486247068748,0.18122471707836207,-0.1324298546076746,0.005833959011521819,0.1704737026708172,0.14454574539307652
UGC05986,envelope_a1_q50,envelope,1.0,50.0,1.67,1.67,83.5,0.8556696078606356,2300.12826554107,2300.12826554107,1.003290266856868,1.0,20653702170.950466,68968374990.091,86641120227.57855,4.194943817357825,0.05477401849621869,0.9665158349740448,2.273415309367613e-07,1.0011797320465996e-07,3.2745950414142125e-07,False,True,2.9632887534226103e-07,12,3,0,0.09534144590468607,0.14447810732061941,0.03959404900189025,0.18122471707836207,-0.14163066807647182,0.004305770305945479,0.1811082051204595,0.15274576861351669
UGC05986,envelope_a2_q10,envelope,2.0,10.0,1.67,3.34,33.4,0.9562465341746934,1216.0794692186466,1216.0794692186466,1.003290266856868,1.0,20653702170.950466,13394802669.261942,33144833788.109665,1.604788987164153,0.1072673570427379,0.9665158349740448,2.540636584905494e-07,3.1155608601382294e-08,2.8521926709193166e-07,False,True,3.782213111084998e-07,12,3,0,0.13615325364116215,0.14447810732061941,0.059424527017032776,0.18122471707836207,-0.1218001900613293,0.008365050897822876,0.0700018064115682,0.05460002458831852
UGC05986,envelope_a2_q20,envelope,2.0,20.0,1.67,3.34,66.8,0.9580638197458227,1143.9801791966127,1143.9801791966127,1.003290266856868,1.0,20653702170.950466,26601367003.94451,46388931797.7379,2.246034701855252,0.05257883621441468,0.9665158349740448,2.5454649027526446e-07,3.813116657577465e-08,2.9267765685103917e-07,False,True,6.036644657127394e-07,12,3,0,0.13630148981164383,0.14447810732061941,0.05998259970954369,0.18122471707836207,-0.12124211736881838,0.00841223729650649,0.06814908605800797,0.05270269836007765
UGC05986,envelope_a2_q50,envelope,2.0,50.0,1.67,3.34,167.0,0.9585489399260368,1124.7997203042019,1124.7997203042019,1.003290266856868,1.0,20653702170.950466,67453289506.39298,87250873827.90564,4.2244665438540325,0.020588324654790022,0.9665158349740448,2.5467538110350597e-07,4.895929933348072e-08,3.0363468043698664e-07,False,True,4.822559046755254e-07,12,3,0,0.13633856292864296,0.14447810732061941,0.06010388767743949,0.18122471707836207,-0.12112082940092259,0.008421262092088577,0.06766657880621806,0.05219846269267234
UGC06399,core_refit,none,1.0,20.0,2.05,2.05,41.0,0.9999999999592036,0.0,0.0,1.0033878524471942,1.000030811875577,10157606895.957478,0.0,10157606895.543083,0.9999999999592035,0.0,0.9177262101726916,1.3427195194358672e-07,0.0,1.3427195194358674e-07,False,True,7.682743330405493e-14,7,2,0,0.058311350395958646,0.05831135039595798,0.9981438940313686,0.9981438935445285,4.868401237700937e-10,0.052083707268759896,0.0,0.0
UGC06399,core_plummer,plummer,1.0,20.0,2.05,2.05,41.0,0.9676246670375873,396.04968792892595,396.0252829894612,1.0033878524471942,1.000030811875577,10157606895.957478,189401984.0883512,10018152974.687906,0.986270986591825,0.9057798780299602,0.9177262101726916,1.299248527972005e-07,4.406375533168742e-09,1.3433122833036923e-07,False,True,6.562311941785477e-07,7,2,0,0.04875298178983073,0.05831135039595798,1.1702757443359229,0.9981438935445285,0.17213185079139437,0.057081501468110044,0.018664368189630052,0.020940392360155328
UGC06399,fixed_core_envelope,envelope,1.0,20.0,2.05,2.05,41.0,1.0,18.76356320633755,18.762406978626352,1.0033878524471942,1.000030811875577,10157606895.957478,267808058.62773058,10425414954.585209,1.0263652710102724,0.08269775233674354,0.9177262101726916,1.3427195194906453e-07,6.253888650124233e-10,1.3489734081407697e-07,False,True,1.074695887837036e-13,7,2,0,0.05818766251206614,0.05831135039595798,0.9708368642565248,0.9981438935445285,-0.02730702928800366,0.051253943832258966,0.0023701849186548046,0.001965600043280564
UGC06399,envelope_a0.5_q10,envelope,0.5,10.0,2.05,1.025,10.25,0.9307309812263209,490.64600936279726,490.61577531257046,1.0033878524471942,1.000030811875577,10157606895.957478,1658576510.5703104,11112575943.756058,1.094015161009887,0.3603796430512944,0.9177262101726916,1.2497106558872624e-07,1.2569436008259671e-08,1.3754050159698593e-07,False,True,5.0566290664618325e-08,7,2,0,0.04653634584652823,0.05831135039595798,1.071810308778485,0.9981438935445285,0.07366641523395645,0.05451296875247885,0.0644515460270371,0.0603124605276054
UGC06399,envelope_a0.5_q20,envelope,0.5,20.0,2.05,1.025,20.5,0.9189818386903514,539.6974989102849,539.6642422629711,1.0033878524471942,1.000030811875577,10157606895.957478,3851489662.1710725,13186145924.111868,1.2981547779093212,0.19678531138232772,0.9177262101726916,1.2339348528669385e-07,1.79880976007556e-08,1.4138158288744945e-07,False,True,7.448631933761358e-08,7,2,0,0.0451486642402799,0.05831135039595798,1.01409782078869,0.9981438935445285,0.015953927244161448,0.05296504015100257,0.08128162061041436,0.07323929261114596
UGC06399,envelope_a0.5_q50,envelope,0.5,50.0,2.05,1.025,51.24999999999999,0.9145605551656669,558.6596730765667,558.625247962955,1.0033878524471942,1.000030811875577,10157606895.957478,10281775881.144632,19571522483.06611,1.9267847912932305,0.08001290856609145,0.9177262101726916,1.227998309177142e-07,2.431535164576804e-08,1.4711518256348227e-07,False,True,1.6479879189657682e-08,7,2,0,0.04459669104005417,0.05831135039595798,0.9879653443066196,0.9981438935445285,-0.01017854923790884,0.05225156716086958,0.08800431581103661,0.07818383773492306
UGC06399,envelope_a1_q10,envelope,1.0,10.0,2.05,2.05,20.5,0.5545869248028414,4541.567925221745,4541.288069704449,1.0033878524471942,1.000030811875577,10157606895.957478,30704572087.378624,36337848059.16382,3.5774024759341247,0.1656389702726042,0.9177262101726916,7.446546891870659e-08,1.1634650302643991e-07,1.908119719451465e-07,False,True,1.1330693782520175e-08,7,2,0,0.0295315326972461,0.05831135039595798,0.24864512047510862,0.9981438935445285,-0.7494987730694198,0.024776352231830813,0.4959080570097439,0.45306933395687077
UGC06399,envelope_a1_q20,envelope,1.0,20.0,2.05,2.05,41.0,0.5221118588816134,4751.207027911498,4750.914254243357,1.0033878524471942,1.000030811875577,10157606895.957478,67812894400.22993,73116301418.46698,7.198181832333538,0.08269775233674354,0.9177262101726916,7.010497842778875e-08,1.5835755383716357e-07,2.2846253226495235e-07,False,True,1.3663677972439103e-09,7,2,0,0.02744275271286038,0.05831135039595798,0.1470153209176514,0.9981438935445285,-0.8511285726268771,0.01812828213030415,0.5353649077043946,0.4885321011879984
UGC06399,envelope_a1_q50,envelope,1.0,50.0,2.05,2.05,102.49999999999999,0.5151234920169715,4786.169611293897,4785.874683199791,1.0033878524471942,1.000030811875577,10157606895.957478,176172813768.58743,181405235703.3687,17.859052586053938,0.03256444263132278,0.9177262101726916,6.916663676793712e-08,2.0831537113463715e-07,2.7748200790257427e-07,False,True,1.4150751197847434e-09,7,2,0,0.0269738312098352,0.05831135039595798,0.12302761104901012,0.9981438935445285,-0.8751162824955183,0.016200670859358144,0.5443613049604153,0.49638360659915914
UGC06399,envelope_a2_q10,envelope,2.0,10.0,2.05,4.1,41.0,0.9555339460332997,897.0982327380573,897.0429527347363,1.0033878524471942,1.000030811875577,10157606895.957478,12130179625.231846,21836117824.78115,2.149730546618366,0.05674872054134239,0.9177262101726916,1.2830140808748323e-07,2.2981984188902375e-08,1.5128339227638562e-07,False,True,3.7655851027480395e-10,7,2,0,0.056956475655261636,0.05831135039595798,0.7112785940986287,0.9981438935445285,-0.2868652994458998,0.04325506177094232,0.07173707339419025,0.05439531735135693
UGC06399,envelope_a2_q20,envelope,2.0,20.0,2.05,4.1,82.0,0.9562976959965751,870.3235995780594,870.2699694518155,1.0033878524471942,1.000030811875577,10157606895.957478,24843860520.284748,34557556591.727806,3.402135655149346,0.02745316827153372,0.9177262101726916,1.2840395828585326e-07,2.9007853260504943e-08,1.574118115463582e-07,False,True,8.032978414427778e-08,7,2,0,0.056959441269345955,0.05831135039595798,0.7106334149293321,0.9981438935445285,-0.2875104786151964,0.04323686653175527,0.07107160856402413,0.05363195172490069
UGC06399,envelope_a2_q50,envelope,2.0,50.0,2.05,4.1,204.99999999999997,0.9565066742760646,863.0205649170242,862.9673848103719,1.0033878524471942,1.000030811875577,10157606895.957478,63533377882.31254,73249196672.96844,7.211265155587006,0.010708533765245772,0.9177262101726916,1.2843201820735526e-07,3.7562490232959405e-08,1.6599450844031469e-07,False,True,4.0337391606101335e-09,7,2,0,0.05696010722842607,0.05831135039595798,0.7104224910182708,0.9981438935445285,-0.28772140252625766,0.04323079667477056,0.07089327181686217,0.05342373063011858
UGC06446,core_refit,none,1.0,20.0,1.49,1.49,29.8,1.0000000302958842,0.0,0.0,1.487129008421432,1.0264564904733104,9660034695.001806,0.0,9660034987.661098,1.0000000302958842,0.0,0.9982565163990748,1.0875059386424368e-07,0.0,1.0875059386424368e-07,False,True,3.4667824046759335e-09,13,4,0,1.05575654516209,1.055756545162122,2.0676888589126823,2.0676891497246985,-2.908120162459227e-07,0.11158953101087064,0.0,0.0
UGC06446,core_plummer,plummer,1.0,20.0,1.49,1.49,29.8,0.8339201831666929,2241.946206469151,2127.8651289940995,1.487129008421432,1.0264564904733104,9660034695.001806,1096270991.3762074,9151968893.628723,0.947405385444841,0.9689433923839059,0.9982565163990748,9.06893124072438e-08,2.367569255049825e-08,1.1436500495774205e-07,False,True,7.800518536971982e-07,13,4,0,0.7091156353038008,1.055756545162122,2.650481567455017,2.0676891497246985,0.5827924177303183,0.12629788811454,0.11667825475544583,0.11644218386582844
UGC06446,fixed_core_envelope,envelope,1.0,20.0,1.49,1.49,29.8,1.0,107.37695894632925,101.91309940445215,1.487129008421432,1.0264564904733104,9660034695.001806,1567030005.6125963,11227064700.614403,1.1622178444579907,0.17361757534240552,0.9982565163990748,1.0875059056954837e-07,3.3969691436207627e-09,1.1214755971316914e-07,False,True,3.4994229736172686e-13,13,4,0,1.047352653576831,1.055756545162122,1.8417065949855091,2.0676891497246985,-0.22598255473918938,0.10511654731512132,0.027438921943980597,0.01980803280079897
UGC06446,envelope_a0.5_q10,envelope,0.5,10.0,1.49,0.745,7.45,0.3833126443892173,3816.6234829293035,3622.4152017525307,1.487129008421432,1.0264564904733104,9660034695.001806,13191811693.63184,16894625137.46457,1.748919716220689,0.5595835755946691,0.9982565163990748,4.1685476450102666e-08,9.280524264587151e-08,1.3449071909597418e-07,False,True,4.776542069623013e-07,13,4,0,0.4275822094853604,1.055756545162122,1.294992328139973,2.0676891497246985,-0.7726968215847256,0.0854161532385321,0.6663418826838907,0.6263702669388639
UGC06446,envelope_a0.5_q20,envelope,0.5,20.0,1.49,0.745,14.9,0.18445631090689044,4524.331304436583,4294.111422900218,1.487129008421432,1.0264564904733104,9660034695.001806,33013427549.79779,34795281912.87039,3.6019831202960173,0.352689184834858,0.9982565163990748,2.005973274540456e-08,1.4313139417899258e-07,1.6319112692439713e-07,False,True,2.5667881664705517e-09,13,4,0,0.2604661645141885,1.055756545162122,0.3696810046704863,2.0676891497246985,-1.6980081450542122,0.04020282597909667,0.8674774473100564,0.8354189401071109
UGC06446,envelope_a0.5_q50,envelope,0.5,50.0,1.49,0.745,37.25,0.13762363560891833,4610.7359788859785,4376.1194091812595,1.487129008421432,1.0264564904733104,9660034695.001806,86765874852.87054,88095323947.70499,9.119565998379525,0.15448604030585045,0.9982565163990748,1.4966651648798196e-08,1.9047990162658982e-07,2.05446553275388e-07,False,True,5.667414491217271e-08,13,4,0,0.214914870576559,1.055756545162122,0.12979520903835368,2.0676891497246985,-1.937893940686345,0.01697558805499484,0.9099104670151028,0.8821359020779791
UGC06446,envelope_a1_q10,envelope,1.0,10.0,1.49,1.49,14.9,0.0514680117736472,7160.883286377936,6796.502875007738,1.487129008421432,1.0264564904733104,9660034695.001806,49501882643.907135,49999065423.323326,5.175868100059032,0.3243944115242395,0.9982565163990748,5.5971766758246015e-09,1.7412446208631688e-07,1.797216387621415e-07,False,True,4.770016154352758e-08,13,4,0,0.5401272508481064,1.055756545162122,0.06309718966514676,2.0676891497246985,-2.004591960059552,-0.021719144200588753,0.9700191822607099,0.9602674262396331
UGC06446,envelope_a1_q20,envelope,1.0,20.0,1.49,1.49,29.8,0.22674502748100978,5584.227162036445,5300.074647728858,1.487129008421432,1.0264564904733104,9660034695.001806,81494685702.93433,83685050535.32002,8.663017595435704,0.17361757534240552,0.9982565163990748,2.465865564726829e-08,1.7666217731020242e-07,2.0132083295747072e-07,False,True,9.46304369839369e-10,13,4,0,0.623977870224305,1.055756545162122,0.044326070699390256,2.0676891497246985,-2.0233630790253083,-0.01632941201114418,0.8661472316980716,0.8225359205861454
UGC06446,envelope_a1_q50,envelope,1.0,50.0,1.49,1.49,74.5,0.27323829539025424,5180.170193951182,4916.578054440929,1.487129008421432,1.0264564904733104,9660034695.001806,194963233992.64993,197602725406.12296,20.455695206598428,0.07003453948715309,0.9982565163990748,2.9714825989906854e-08,2.1400451326454384e-07,2.437193392544507e-07,False,True,8.649339518146128e-08,13,4,0,0.6460692760004378,1.055756545162122,0.04132847951756204,2.0676891497246985,-2.0263606702071364,-0.014902937400430381,0.8382416694825862,0.7852245008544152
UGC06446,envelope_a2_q10,envelope,2.0,10.0,1.49,2.98,29.8,0.8555986459097297,1757.1844568271488,1667.770404171103,1.487129008421432,1.0264564904733104,9660034695.001806,24294192570.076866,32559305174.56142,3.3705163803819373,0.14265616926558397,0.9982565163990748,9.3046858033189e-08,4.272780131935749e-08,1.3577465935254649e-07,False,True,3.648241723212589e-09,13,4,0,0.9933713169618057,1.055756545162122,0.8684520834802939,2.0676891497246985,-1.1992370662444047,0.06932558151096065,0.29579997593129503,0.21756420779781613
UGC06446,envelope_a2_q20,envelope,2.0,20.0,1.49,2.98,59.6,0.8584472062866251,1689.0641908177204,1603.1164271037637,1.487129008421432,1.0264564904733104,9660034695.001806,49299482764.08345,57592112560.63962,5.961895001312813,0.07067885085886413,0.9982565163990748,9.33566406564494e-08,5.3435103714107536e-08,1.4679174437055694e-07,False,True,1.3628910985261586e-07,13,4,0,0.9931249719589933,1.055756545162122,0.8549013083272411,2.0676891497246985,-1.2127878413974575,0.06863296071496568,0.2962295787114934,0.21539380998356783
UGC06446,envelope_a2_q50,envelope,2.0,50.0,1.49,2.98,149.0,0.8592348626959493,1670.3822194599588,1585.3850848983438,1.487129008421432,1.0264564904733104,9660034695.001806,125734525050.93617,134034763635.73416,13.875184496499275,0.027765582770302586,0.9982565163990748,9.344229875612928e-08,6.900725660687541e-08,1.6244955536300473e-07,False,True,5.398215793522575e-07,13,4,0,0.9930450388379792,1.055756545162122,0.8507737111938928,2.0676891497246985,-1.2169154385308056,0.06842022837078408,0.2964366117814444,0.21480728712435976
UGC06614,core_refit,none,1.0,20.0,5.1,5.1,102.0,1.0000000004496516,0.0,0.0,0.9971626627579792,0.9652569099585652,384078543047.9202,0.0,384078543220.62177,1.0000000004496516,0.0,0.9832581567350852,7.982741133966527e-07,0.0,7.982741133966528e-07,False,True,1.3768985951382232e-12,10,3,0,0.07706114948977655,0.07706114948977683,0.9937057705312234,0.9937057734678452,-2.936621723570454e-09,0.06016778250817254,0.0,0.0
UGC06614,core_plummer,plummer,1.0,20.0,5.1,5.1,102.0,0.989956513803818,701.7146312935591,753.138230149732,0.9971626627579792,0.9652569099585652,384078543047.9202,890532532.2160373,381111588034.7848,0.9922751346909654,0.9907204300825593,0.9832581567350852,7.902566580026438e-07,8.379792939922224e-09,7.98636450942566e-07,False,True,9.720513503311538e-08,10,3,0,0.07482258963869548,0.07706114948977683,1.0445495390638868,0.9937057734678452,0.050843765596041646,0.06276472489085956,0.0023543633834188357,0.003337664913229663
UGC06614,fixed_core_envelope,envelope,1.0,20.0,5.1,5.1,102.0,1.0,115.88816971768937,124.38077694857016,0.9971626627579792,0.9652569099585652,384078543047.9202,4389366444.379662,388467909492.29987,1.011428304246176,0.3282943674383966,0.9832581567350852,7.982741130377074e-07,4.145862149448195e-09,8.024199751871556e-07,False,True,2.942091015256656e-15,10,3,0,0.07674557148807956,0.07706114948977683,0.9705192355105905,0.9937057734678452,-0.02318653795725467,0.05901902412349921,0.0038012258191122677,0.0029174336568952787
UGC06614,envelope_a0.5_q10,envelope,0.5,10.0,5.1,2.55,25.5,0.9862519050804772,393.13689743675815,421.94706215012684,0.9971626627579792,0.9652569099585652,384078543047.9202,3526675121.537516,382324869903.08295,0.9954340767622145,0.736815799542606,0.9832581567350852,7.872993647598672e-07,1.0810163193774696e-08,7.981095279536419e-07,False,True,4.253035342611931e-09,10,3,0,0.07534353548758017,0.07706114948977683,1.0396129743703384,0.9937057734678452,0.04590720090249323,0.06255125477844237,0.0069283450985446705,0.007626768353744369
UGC06614,envelope_a0.5_q20,envelope,0.5,20.0,5.1,2.55,51.0,0.9832784496239511,407.58967584277934,437.45898033457667,0.9971626627579792,0.9652569099585652,384078543047.9202,7718908886.809324,385375063228.79425,1.0033756641820843,0.5534335134219642,0.9832581567350852,7.849257322426516e-07,1.4581390090972358e-08,7.99507122333624e-07,False,True,7.495424960292214e-07,10,3,0,0.07526762613730362,0.07706114948977683,1.032145454510616,0.9937057734678452,0.038439681042770735,0.06234336705209701,0.011373379877964595,0.010520245214432981
UGC06614,envelope_a0.5_q50,envelope,0.5,50.0,5.1,2.55,127.49999999999999,0.981085399630855,431.60046694700395,463.2293489577806,0.9971626627579792,0.9652569099585652,384078543047.9202,21079345619.626217,397893196515.4316,1.0359683031441507,0.28471036478307005,0.9832581567350852,7.831750772045654e-07,2.0163042314363083e-08,8.033381195189285e-07,False,True,1.0935327802061336e-07,10,3,0,0.07515241459296239,0.07706114948977683,1.0201298374165386,0.9937057734678452,0.026424063948693455,0.06201205246326341,0.01593997285168268,0.012584545676569348
UGC06614,envelope_a1_q10,envelope,1.0,10.0,5.1,5.1,51.0,0.9780305765557927,690.7686248379157,741.3900699125513,0.9971626627579792,0.9652569099585652,384078543047.9202,12393222512.758139,388033781412.6244,1.0102979935648493,0.5328023612966641,0.9832581567350852,7.807364910238331e-07,1.8994201796686933e-08,7.9973069282052e-07,False,True,3.76541008434931e-09,10,3,0,0.07519322480006543,0.07706114948977683,1.028025892657274,0.9937057734678452,0.0343201191894289,0.062274651735449715,0.017563650043233982,0.015538998453808371
UGC06614,envelope_a1_q20,envelope,1.0,20.0,5.1,5.1,102.0,0.9742961387510282,750.3110613427865,805.295941684692,0.9971626627579792,0.9652569099585652,384078543047.9202,28418691946.96763,402624933415.6769,1.0482880147913982,0.3282943674383966,0.9832581567350852,7.777553859975402e-07,2.68421378740486e-08,8.045975238715887e-07,False,True,2.6638198328476737e-07,10,3,0,0.07501829783135286,0.07706114948977683,1.0105556767074642,0.9937057734678452,0.01684990323961899,0.0617932234611433,0.02472942689150654,0.01907294872073521
UGC06614,envelope_a1_q50,envelope,1.0,50.0,5.1,5.1,254.99999999999997,0.972716467140022,777.6233000141099,834.6096971303047,0.9971626627579792,0.9652569099585652,384078543047.9202,75958167602.65207,449557691100.51184,1.1704837441138232,0.14176911285315133,0.9832581567350852,7.764943750433734e-07,3.6328161583625905e-08,8.128225366269993e-07,False,True,1.2236214041382099e-10,10,3,0,0.07493685433969835,0.07706114948977683,0.9995622243780184,0.9937057734678452,0.005856450910173283,0.06148845552713506,0.028479617115554492,0.020565207282320017
UGC06614,envelope_a2_q10,envelope,2.0,10.0,5.1,10.2,102.0,0.9493078317100707,2260.58740915181,2426.2495386320575,0.9971626627579792,0.9652569099585652,384078543047.9202,81115330846.79857,445724099753.9828,1.1605024748762682,0.2992695495267124,0.9832581567350852,7.57807867358106e-07,6.21598200679052e-08,8.199676874260111e-07,False,True,1.3630745679688843e-08,10,3,0,0.07529682780563701,0.07706114948977683,0.9370374881831357,0.9937057734678452,-0.05666828528470946,0.05949638183803834,0.06341855689591315,0.044703152083481655
UGC06614,envelope_a2_q20,envelope,2.0,20.0,5.1,10.2,204.0,0.9418723190729134,2509.8348376942135,2693.7625116133304,0.9971626627579792,0.9652569099585652,384078543047.9202,190124407769.0955,551877355815.7859,1.436886714462802,0.15809831295704194,0.9832581567350852,7.518722901026984e-07,8.97885373486453e-08,8.416608274513439e-07,False,True,1.93201029217194e-08,10,3,0,0.07508217778486245,0.07706114948977683,0.8998925751553605,0.9937057734678452,-0.09381319831248469,0.058400663473504505,0.07792084893354478,0.051924786081636747
UGC06614,envelope_a2_q50,envelope,2.0,50.0,5.1,10.2,509.99999999999994,0.9393334288751949,2595.097347710158,2785.2732953818795,0.9971626627579792,0.9652569099585652,384078543047.9202,506977708304.2377,867755523102.8297,2.2593178890354277,0.06346252811177412,0.9832581567350852,7.498455597820146e-07,1.2123494212576066e-07,8.710805019077754e-07,False,True,2.142654385564617e-07,10,3,0,0.07500814275218497,0.07706114948977683,0.8857260201458032,0.9937057734678452,-0.10797975332204202,0.0579772614395774,0.08315612425171447,0.054397146202595774
UGC06667,core_refit,none,1.0,20.0,5.15,5.15,103.0,1.0000000001530183,0.0,0.0,0.9987228211852228,0.9999999877220755,10223170467.94456,0.0,10223170469.50889,1.0000000001530183,0.0,0.9477776913098284,1.4747021661128594e-07,0.0,1.4747021661128592e-07,False,True,2.831512801995982e-12,7,2,0,0.4511693737845999,0.45116937378460004,2.8555655611018653,2.855565566419436,-5.317570828111684e-09,0.062412614926729115,0.0,0.0
UGC06667,core_plummer,plummer,1.0,20.0,5.15,5.15,103.0,0.528669892757688,8091.591677658205,8091.591876354112,0.9987228211852228,0.9999999877220755,10223170467.94456,9676651128.22638,15081333563.158192,1.4752110033229644,0.5845375932366124,0.9477776913098284,7.796306358891179e-08,9.00311015478841e-08,1.6799416513679588e-07,False,True,7.156197211179044e-08,7,2,0,0.39420688348866495,0.45116937378460004,0.5236928773542984,2.855565566419436,-2.331872689065138,0.02551457421140193,0.5247675405579671,0.4919692206289758
UGC06667,fixed_core_envelope,envelope,1.0,20.0,5.15,5.15,103.0,1.0,100.02001169344288,100.02001414951923,0.9987228211852228,0.9999999877220755,10223170467.94456,3569862622.46652,13793033090.41108,1.3491932990514113,0.01779693103324615,0.9477776913098284,1.474702165887203e-07,3.333868794059914e-09,1.5080408538278022e-07,False,True,1.9895196601278847e-13,7,2,0,0.4502514019873826,0.45116937378460004,2.648512706716243,2.855565566419436,-0.2070528597031931,0.06000811778857017,0.00651427618299263,0.004433394551206021
UGC06667,envelope_a0.5_q10,envelope,0.5,10.0,5.15,2.575,25.75,0.6103886149339326,5469.479508795282,5469.479643102996,0.9987228211852228,0.9999999877220755,10223170467.94456,46234856613.06067,52474963475.22283,5.13294419180054,0.12061916688176043,0.9477776913098284,9.001414124759603e-08,1.401265059784567e-07,2.3014064722605272e-07,False,True,2.529281003083932e-10,7,2,0,0.33871342730405196,0.45116937378460004,0.03962731154699239,2.855565566419436,-2.8159382548724436,0.0035709636329840887,0.4853179488769936,0.42335762388671544
UGC06667,envelope_a0.5_q20,envelope,0.5,20.0,5.15,2.575,51.5,0.6487489355951995,4835.86800623602,4835.868124984866,0.9987228211852228,0.9999999877220755,10223170467.94456,86299652191.37947,92931923150.86678,9.090323148015687,0.05935397226278299,0.9477776913098284,9.567114604392583e-08,1.611892376857214e-07,2.568603837296472e-07,False,True,4.379924996056652e-08,7,2,0,0.34821216834867325,0.45116937378460004,0.05967661939792932,2.855565566419436,-2.7958889470215067,0.006232732802383916,0.44899735091170423,0.3856165957363117
UGC06667,envelope_a0.5_q50,envelope,0.5,50.0,5.15,2.575,128.75,0.6586813094544891,4673.331760106026,4673.3318748636575,0.9987228211852228,0.9999999877220755,10223170467.94456,215081818029.77206,221815629340.37424,21.697342329944718,0.02326837560521715,0.9477776913098284,9.71358753681954e-08,2.0341670611748256e-07,3.0055258148567797e-07,False,True,6.973527274526066e-08,7,2,0,0.350657759763273,0.45116937378460004,0.06649592135635975,2.855565566419436,-2.7890696450630763,0.006924851148045917,0.43951082092693583,0.37580213247583233
UGC06667,envelope_a1_q10,envelope,1.0,10.0,5.15,5.15,51.5,0.95347778343342,1468.9840322313942,1468.9840683035447,0.9987228211852228,0.9999999877220755,10223170467.94456,24835367236.636387,34582933154.074165,3.3827992267673994,0.03695575051070719,0.9477776913098284,1.406095752354594e-07,3.763495218214454e-08,1.7824452741760394e-07,False,True,3.5674367075637316e-08,7,2,0,0.43796839465736254,0.45116937378460004,1.6095223326182344,2.855565566419436,-1.2460432338012017,0.046483615970274325,0.09036819101487104,0.06340125292551511
UGC06667,envelope_a1_q20,envelope,1.0,20.0,5.15,5.15,103.0,0.9536178274833341,1448.2035360119894,1448.2035715738573,0.9987228211852228,0.9999999877220755,10223170467.94456,51688532978.56568,61437530590.19875,6.009635737058311,0.01779693103324615,0.9477776913098284,1.406302275618322e-07,4.8271545807808745e-08,1.8890177336964092e-07,False,True,1.6400145039108446e-07,7,2,0,0.4378752086085377,0.45116937378460004,1.6022742612879335,2.855565566419436,-1.2532913051315027,0.046377893166557146,0.09054303176722181,0.06333157439335506
UGC06667,envelope_a1_q50,envelope,1.0,50.0,5.15,5.15,257.5,0.9536566200662461,1442.4559866618977,1442.4560220826297,0.9987228211852228,0.9999999877220755,10223170467.94456,132772964542.16676,142522358736.98782,13.94111143738396,0.00693292956467349,0.9477776913098284,1.4063594831243624e-07,6.278596525737554e-08,2.0342191356981178e-07,False,True,8.177849710665024e-10,7,2,0,0.43784868759412526,0.45116937378460004,1.6002078262247441,2.855565566419436,-1.255357740194692,0.04634771552713982,0.09059413419527676,0.06331276166312663
UGC06667,envelope_a2_q10,envelope,2.0,10.0,5.15,10.3,103.0,0.9633619321360644,3510.1476380190525,3510.1477242137094,0.9987228211852228,0.9999999877220755,10223170467.94456,118688568061.0081,128537181315.56352,12.573123153780966,0.007741470133022333,0.9477776913098284,1.4206719278543346e-07,8.992898194301518e-08,2.3199617472844863e-07,False,True,9.589345996989716e-08,7,2,0,0.43525057514193455,0.45116937378460004,1.4119321728894287,2.855565566419436,-1.4436333935300074,0.0435069625315123,0.08961408920905503,0.055619695121844184
UGC06667,envelope_a2_q20,envelope,2.0,20.0,5.15,10.3,206.0,0.9633728749575639,3479.1275447509465,3479.1276301838784,0.9987228211852228,0.9999999877220755,10223170467.94456,248350448485.58737,258199173610.47238,25.256271957909078,0.003703933382970372,0.9477776913098284,1.420688065256901e-07,1.1596634069139858e-07,2.580351472170887e-07,False,True,6.181450868558291e-09,7,2,0,0.43522059402858376,0.45116937378460004,1.4096881999744373,2.855565566419436,-1.4458773664449989,0.04347219568976291,0.0897063394476065,0.05562945355186131
UGC06667,envelope_a2_q50,envelope,2.0,50.0,5.15,10.3,515.0,0.96337593469403,3470.525512644653,3470.525597866355,0.9987228211852228,0.9999999877220755,10223170467.94456,638899162392.343,648747918797.4355,63.458583697848766,0.0014402410541130386,0.9477776913098284,1.4206925774568946e-07,1.5106200554930145e-07,2.9313126329499093e-07,False,True,1.992521172946373e-07,7,2,0,0.4352121744695204,0.45116937378460004,1.409057678580337,2.855565566419436,-1.4465078878390991,0.043462422602291155,0.08973229245755618,0.05563220365165002
UGC06786,core_refit,none,1.0,20.0,3.6,3.6,72.0,0.999999999999,0.0,0.0,1.3050466702483592,1.007842806055812,256419605574.03064,0.0,256419605573.77423,0.999999999999,0.0,0.9838532613247783,7.760945925724684e-07,0.0,7.760945925724685e-07,False,True,8.389675545537432e-07,36,9,0,2.4183461574200327,2.4183461574200327,16.138271742989158,16.13827174279656,1.9259616124145396e-10,0.05369247413914459,0.0,0.0
UGC06786,core_plummer,plummer,1.0,20.0,3.6,3.6,72.0,0.9751291832596123,1680.3532873179884,1654.3027800808795,1.3050466702483592,1.007842806055812,256419605574.03064,1807101117.5292287,251849341672.68567,0.9821766206561553,0.983464009434184,0.9838532613247783,7.567924861881495e-07,1.8406600809866474e-08,7.75199086998016e-07,False,True,9.910707615634487e-07,36,9,0,2.3527422014888897,2.4183461574200327,19.835855387991668,16.13827174279656,3.697583645195106,0.05901731815170468,0.007172507467252574,0.0130936711592982
UGC06786,fixed_core_envelope,envelope,1.0,20.0,3.6,3.6,72.0,1.0,136.47786124386968,134.36204575502495,1.3050466702483592,1.007842806055812,256419605574.03064,4380438027.688805,260800043601.71945,1.017083085428989,0.2469241112484675,0.9838532613247783,7.760945925732445e-07,4.478557969199018e-09,7.805731505424436e-07,False,True,3.2862601528893834e-13,36,9,0,2.4167363714296415,2.4183461574200327,15.505368169456656,16.13827174279656,-0.632903573339906,0.052580318505547875,0.0042691503017582,0.00314117999606512
UGC06786,envelope_a0.5_q10,envelope,0.5,10.0,3.6,1.8,18.0,0.963486787335952,1137.2059123254667,1119.5758156828722,1.3050466702483592,1.007842806055812,256419605574.03064,8644768232.265978,255701670216.74075,0.9972001541938157,0.6597547472324231,0.9838532613247783,7.477568856672e-07,2.8683212566199006e-08,7.764400982333989e-07,False,True,1.182659624654256e-06,36,9,0,2.377630826698817,2.4183461574200327,19.383925475849217,16.13827174279656,3.245653733052656,0.05828205626695721,0.022926398505685706,0.026357047864702582
UGC06786,envelope_a0.5_q20,envelope,0.5,20.0,3.6,1.8,36.0,0.9582022242540517,1170.2390544709947,1152.0968452179027,1.3050466702483592,1.007842806055812,256419605574.03064,18780187529.944874,264482023933.32767,1.0314422851608722,0.45680416476546526,0.9838532613247783,7.436555648352249e-07,3.840171142412603e-08,7.82057276259351e-07,False,True,4.202100225056959e-07,36,9,0,2.37646964354878,2.4183461574200327,18.814154231801737,16.13827174279656,2.6758824890051756,0.0573113589820379,0.034272504632862195,0.03176962716262689
UGC06786,envelope_a0.5_q50,envelope,0.5,50.0,3.6,1.8,90.0,0.9558872153270588,1192.2286987097996,1173.7455841300075,1.3050466702483592,1.007842806055812,256419605574.03064,49343208722.390854,294451431449.8138,1.1483187129573953,0.21523607565065297,0.9838532613247783,7.418588989252269e-07,5.108977212337022e-08,7.929486710485973e-07,False,True,2.59501514859113e-06,36,9,0,2.375702223193612,2.4183461574200327,18.350889824487673,16.13827174279656,2.2126180816911116,0.0564672350504999,0.042182936755400025,0.03416631745856545
UGC06786,envelope_a1_q10,envelope,1.0,10.0,3.6,3.6,36.0,0.951755665331064,1839.0392502345244,1810.5286354375446,1.3050466702483592,1.007842806055812,256419605574.03064,27959875895.839794,272008688202.88034,1.0607952055536136,0.4322096613945338,0.9838532613247783,7.386524253143894e-07,4.6385226422357224e-08,7.850376517367466e-07,False,True,1.7670392690878153e-06,36,9,0,2.3966454691291323,2.4183461574200327,17.859733065576815,16.13827174279656,1.7214613227802538,0.05580438184529071,0.04791782701936053,0.04035833724425035
UGC06786,envelope_a1_q20,envelope,1.0,20.0,3.6,3.6,72.0,0.9477489114196068,1908.9850227046134,1879.3900390039696,1.3050466702483592,1.007842806055812,256419605574.03064,61271407036.49675,304292809085.92926,1.186698686337684,0.2469241112484675,0.9838532613247783,7.355428052699358e-07,6.264386039314008e-08,7.981866656630759e-07,False,True,1.5089231052641394e-07,36,9,0,2.3958459594538355,2.4183461574200327,17.24028010121864,16.13827174279656,1.1020083584220792,0.05463398092320678,0.05951138321610887,0.04443903175871457
UGC06786,envelope_a1_q50,envelope,1.0,50.0,3.6,3.6,180.0,0.9464195302504416,1933.3986857560042,1903.4252171791118,1.3050466702483592,1.007842806055812,256419605574.03064,160036568484.0405,402717091138.4181,1.570539390842913,0.10241023596798901,0.9838532613247783,7.345110797330779e-07,8.285062956947072e-08,8.173617093025487e-07,False,True,3.500487888801922e-07,36,9,0,2.3955688196774743,2.4183461574200327,16.986450923452807,16.13827174279656,0.8481791806562455,0.05413057638148754,0.0642339502345153,0.04579844805040564
UGC06786,envelope_a2_q10,envelope,2.0,10.0,3.6,7.2,72.0,0.9105242399726865,5543.477448397085,5457.536949766162,1.3050466702483592,1.007842806055812,256419605574.03064,168560775925.58542,402037042404.9757,1.567887297482423,0.21610124074267165,0.9838532613247783,7.066529390496653e-07,1.3982053758686152e-07,8.464734766365268e-07,False,True,5.71953687969937e-08,36,9,0,2.4128199426896977,2.4183461574200327,13.039367992498672,16.13827174279656,-3.0989037502978896,0.04666166993267048,0.1368723549369489,0.08609417082672197
UGC06786,envelope_a2_q20,envelope,2.0,20.0,3.6,7.2,144.0,0.9028940390703005,5904.720466851933,5813.179619807593,1.3050466702483592,1.007842806055812,256419605574.03064,379039674862.027,610559408235.5769,2.381094873259615,0.10994953716216102,0.9838532613247783,7.00731181389076e-07,1.937650008704259e-07,8.944961822595021e-07,False,True,7.613224623254926e-08,36,9,0,2.4124877987736184,2.4183461574200327,12.250634817476111,16.13827174279656,-3.88763692532045,0.04483392470793354,0.1546639577695476,0.09384049831433681
UGC06786,envelope_a2_q50,envelope,2.0,50.0,3.6,7.2,360.0,0.9005427372591277,6015.893287856383,5922.628929214806,1.3050466702483592,1.007842806055812,256419605574.03064,995927974139.7413,1226844787630.2847,4.784520219831957,0.043559438558031044,0.9838532613247783,6.989063487679171e-07,2.577950166169479e-07,9.567013653848652e-07,False,True,2.0674867598699143e-06,36,9,0,2.412386316089462,2.4183461574200327,11.999169983985432,16.13827174279656,-4.13910175881113,0.0442321184436829,0.1603356304763298,0.09623095288153255
UGC06787,core_refit,none,1.0,20.0,5.37,5.37,107.4,0.9999999960245982,0.0,0.0,0.7570842236565333,0.9967049816787662,110886564599.29343,0.0,110886564158.47478,0.9999999960245982,0.0,0.9999990560386888,1.1023785046024316e-06,0.0,1.1023785046024316e-06,False,True,3.3332980808866944e-10,56,15,0,5.793570497536867,5.793570497536899,600.0160158625596,600.0160113643976,4.498161956689728e-06,0.26402393210385644,0.0,0.0
UGC06787,core_plummer,plummer,1.0,20.0,5.37,5.37,107.4,0.9999999960245982,0.0,0.0,0.7570842236565333,0.9967049816787662,110886564599.29343,0.0,110886564158.47478,0.9999999960245982,0.9695214052031057,0.9999990560386888,1.1023785046024316e-06,0.0,1.1023785046024316e-06,False,True,1.0508564305240489e-11,56,15,0,5.793570497536867,5.793570497536899,600.0160158625596,600.0160113643976,4.498161956689728e-06,0.26402393210385644,0.0,0.0
UGC06787,fixed_core_envelope,envelope,1.0,20.0,5.37,5.37,107.4,1.0,0.0,0.0,0.7570842236565333,0.9967049816787662,110886564599.29343,0.0,110886564599.29343,1.0,0.17556186557824074,0.9999990560386888,1.102378508984829e-06,0.0,1.102378508984829e-06,False,True,0.0,56,15,0,5.793570497536889,5.793570497536899,600.0160113643979,600.0160113643976,2.2737367544323206e-13,0.2640239310080564,0.0,0.0
UGC06787,envelope_a0.5_q10,envelope,0.5,10.0,5.37,2.685,26.85,0.9999999960245982,0.0,0.0,0.7570842236565333,0.9967049816787662,110886564599.29343,0.0,110886564158.47478,0.9999999960245982,0.5627759452154347,0.9999990560386888,1.1023785046024316e-06,0.0,1.1023785046024316e-06,False,True,5.9940870477138415e-12,56,15,0,5.793570497536867,5.793570497536899,600.0160158625596,600.0160113643976,4.498161956689728e-06,0.26402393210385644,0.0,0.0
UGC06787,envelope_a0.5_q20,envelope,0.5,20.0,5.37,2.685,53.7,0.9999999960245982,0.0,0.0,0.7570842236565333,0.9967049816787662,110886564599.29343,0.0,110886564158.47478,0.9999999960245982,0.3556848517504193,0.9999990560386888,1.1023785046024316e-06,0.0,1.1023785046024316e-06,False,True,5.805311086749682e-12,56,15,0,5.793570497536867,5.793570497536899,600.0160158625596,600.0160113643976,4.498161956689728e-06,0.26402393210385644,0.0,0.0
UGC06787,envelope_a0.5_q50,envelope,0.5,50.0,5.37,2.685,134.25,0.9999999960245982,0.0,0.0,0.7570842236565333,0.9967049816787662,110886564599.29343,0.0,110886564158.47478,0.9999999960245982,0.1560817429633152,0.9999990560386888,1.1023785046024316e-06,0.0,1.1023785046024316e-06,False,True,5.790146649509935e-12,56,15,0,5.793570497536867,5.793570497536899,600.0160158625596,600.0160113643976,4.498161956689728e-06,0.26402393210385644,0.0,0.0
UGC06787,envelope_a1_q10,envelope,1.0,10.0,5.37,5.37,53.7,0.9999999960245982,0.0,0.0,0.7570842236565333,0.9967049816787662,110886564599.29343,0.0,110886564158.47478,0.9999999960245982,0.3274842006299878,0.9999990560386888,1.1023785046024316e-06,0.0,1.1023785046024316e-06,False,True,5.070324814469314e-12,56,15,0,5.793570497536867,5.793570497536899,600.0160158625596,600.0160113643976,4.498161956689728e-06,0.26402393210385644,0.0,0.0
UGC06787,envelope_a1_q20,envelope,1.0,20.0,5.37,5.37,107.4,0.9999999960245982,0.0,0.0,0.7570842236565333,0.9967049816787662,110886564599.29343,0.0,110886564158.47478,0.9999999960245982,0.17556186557824074,0.9999990560386888,1.1023785046024316e-06,0.0,1.1023785046024316e-06,False,True,5.082203029736564e-12,56,15,0,5.793570497536867,5.793570497536899,600.0160158625596,600.0160113643976,4.498161956689728e-06,0.26402393210385644,0.0,0.0
UGC06787,envelope_a1_q50,envelope,1.0,50.0,5.37,5.37,268.5,0.9999999960245982,0.0,0.0,0.7570842236565333,0.9967049816787662,110886564599.29343,0.0,110886564158.47478,0.9999999960245982,0.07086399649949038,0.9999990560386888,1.1023785046024316e-06,0.0,1.1023785046024316e-06,False,True,5.089518244173731e-12,56,15,0,5.793570497536867,5.793570497536899,600.0160158625596,600.0160113643976,4.498161956689728e-06,0.26402393210385644,0.0,0.0
UGC06787,envelope_a2_q10,envelope,2.0,10.0,5.37,10.74,107.4,0.9999999960245982,0.0,0.0,0.7570842236565333,0.9967049816787662,110886564599.29343,0.0,110886564158.47478,0.9999999960245982,0.14457439755621873,0.9999990560386888,1.1023785046024316e-06,0.0,1.1023785046024316e-06,False,True,4.5967196683876875e-12,56,15,0,5.793570497536867,5.793570497536899,600.0160158625596,600.0160113643976,4.498161956689728e-06,0.26402393210385644,0.0,0.0
UGC06787,envelope_a2_q20,envelope,2.0,20.0,5.37,10.74,214.8,0.9999999960245982,0.0,0.0,0.7570842236565333,0.9967049816787662,110886564599.29343,0.0,110886564158.47478,0.9999999960245982,0.07167356265898879,0.9999990560386888,1.1023785046024316e-06,0.0,1.1023785046024316e-06,False,True,4.613078160825305e-12,56,15,0,5.793570497536867,5.793570497536899,600.0160158625596,600.0160113643976,4.498161956689728e-06,0.26402393210385644,0.0,0.0
UGC06787,envelope_a2_q50,envelope,2.0,50.0,5.37,10.74,537.0,0.9999999960245982,0.0,0.0,0.7570842236565333,0.9967049816787662,110886564599.29343,0.0,110886564158.47478,0.9999999960245982,0.02816169335779811,0.9999990560386888,1.1023785046024316e-06,0.0,1.1023785046024316e-06,False,True,4.618023173488745e-12,56,15,0,5.793570497536867,5.793570497536899,600.0160158625596,600.0160113643976,4.498161956689728e-06,0.26402393210385644,0.0,0.0
UGC06818,core_refit,none,1.0,20.0,1.39,1.39,27.799999999999997,1.0,0.0,0.0,0.9486618212948192,0.9989840658161758,1.1835608480854854e+16,0.0,1.1835608480854854e+16,1.0,0.0,8.898441617416719e-07,0.001,0.0,0.001,True,True,0.0,6,2,0,0.5617494679933629,0.5617494679933631,4.046265764644631,4.046265764644631,0.0,-0.16722066991014134,0.0,0.0
UGC06818,core_plummer,plummer,1.0,20.0,1.39,1.39,27.799999999999997,1.0,0.0,0.0,0.9486618212948192,0.9989840658161758,1.1835608480854854e+16,0.0,1.1835608480854854e+16,1.0,0.9433328103575466,8.898441617416719e-07,0.001,0.0,0.001,True,True,0.0,6,2,0,0.5617494679933629,0.5617494679933631,4.046265764644631,4.046265764644631,0.0,-0.16722066991014134,0.0,0.0
UGC06818,fixed_core_envelope,envelope,1.0,20.0,1.39,1.39,27.799999999999997,1.0,0.0,0.0,0.9486618212948192,0.9989840658161758,1.1835608480854854e+16,0.0,1.1835608480854854e+16,1.0,0.11880175407790128,8.898441617416719e-07,0.001,0.0,0.001,True,True,0.0,6,2,0,0.5617494679933629,0.5617494679933631,4.046265764644631,4.046265764644631,0.0,-0.16722066991014134,0.0,0.0
UGC06818,envelope_a0.5_q10,envelope,0.5,10.0,1.39,0.695,6.949999999999999,1.0,0.0,0.0,0.9486618212948192,0.9989840658161758,1.1835608480854854e+16,0.0,1.1835608480854854e+16,1.0,0.45298783296912837,8.898441617416719e-07,0.001,0.0,0.001,True,True,0.0,6,2,0,0.5617494679933629,0.5617494679933631,4.046265764644631,4.046265764644631,0.0,-0.16722066991014134,0.0,0.0
UGC06818,envelope_a0.5_q20,envelope,0.5,20.0,1.39,0.695,13.899999999999999,1.0,0.0,0.0,0.9486618212948192,0.9989840658161758,1.1835608480854854e+16,0.0,1.1835608480854854e+16,1.0,0.2625520961780963,8.898441617416719e-07,0.001,0.0,0.001,True,True,0.0,6,2,0,0.5617494679933629,0.5617494679933631,4.046265764644631,4.046265764644631,0.0,-0.16722066991014134,0.0,0.0
UGC06818,envelope_a0.5_q50,envelope,0.5,50.0,1.39,0.695,34.75,1.0,0.0,0.0,0.9486618212948192,0.9989840658161758,1.1835608480854854e+16,0.0,1.1835608480854854e+16,1.0,0.10965091036499666,8.898441617416719e-07,0.001,0.0,0.001,True,True,0.0,6,2,0,0.5617494679933629,0.5617494679933631,4.046265764644631,4.046265764644631,0.0,-0.16722066991014134,0.0,0.0
UGC06818,envelope_a1_q10,envelope,1.0,10.0,1.39,1.39,13.899999999999999,1.0,0.0,0.0,0.9486618212948192,0.9989840658161758,1.1835608480854854e+16,0.0,1.1835608480854854e+16,1.0,0.23197716626115875,8.898441617416719e-07,0.001,0.0,0.001,True,True,0.0,6,2,0,0.5617494679933629,0.5617494679933631,4.046265764644631,4.046265764644631,0.0,-0.16722066991014134,0.0,0.0
UGC06818,envelope_a1_q20,envelope,1.0,20.0,1.39,1.39,27.799999999999997,1.0,0.0,0.0,0.9486618212948192,0.9989840658161758,1.1835608480854854e+16,0.0,1.1835608480854854e+16,1.0,0.11880175407790128,8.898441617416719e-07,0.001,0.0,0.001,True,True,0.0,6,2,0,0.5617494679933629,0.5617494679933631,4.046265764644631,4.046265764644631,0.0,-0.16722066991014134,0.0,0.0
UGC06818,envelope_a1_q50,envelope,1.0,50.0,1.39,1.39,69.5,1.0,0.0,0.0,0.9486618212948192,0.9989840658161758,1.1835608480854854e+16,0.0,1.1835608480854854e+16,1.0,0.04716928073166263,8.898441617416719e-07,0.001,0.0,0.001,True,True,0.0,6,2,0,0.5617494679933629,0.5617494679933631,4.046265764644631,4.046265764644631,0.0,-0.16722066991014134,0.0,0.0
UGC06818,envelope_a2_q10,envelope,2.0,10.0,1.39,2.78,27.799999999999997,1.0,0.0,0.0,0.9486618212948192,0.9989840658161758,1.1835608480854854e+16,0.0,1.1835608480854854e+16,1.0,0.08970451722836999,8.898441617416719e-07,0.001,0.0,0.001,True,True,0.0,6,2,0,0.5617494679933629,0.5617494679933631,4.046265764644631,4.046265764644631,0.0,-0.16722066991014134,0.0,0.0
UGC06818,envelope_a2_q20,envelope,2.0,20.0,1.39,2.78,55.599999999999994,1.0,0.0,0.0,0.9486618212948192,0.9989840658161758,1.1835608480854854e+16,0.0,1.1835608480854854e+16,1.0,0.043757612259772045,8.898441617416719e-07,0.001,0.0,0.001,True,True,0.0,6,2,0,0.5617494679933629,0.5617494679933631,4.046265764644631,4.046265764644631,0.0,-0.16722066991014134,0.0,0.0
UGC06818,envelope_a2_q50,envelope,2.0,50.0,1.39,2.78,139.0,1.0,0.0,0.0,0.9486618212948192,0.9989840658161758,1.1835608480854854e+16,0.0,1.1835608480854854e+16,1.0,0.01710962710567146,8.898441617416719e-07,0.001,0.0,0.001,True,True,0.0,6,2,0,0.5617494679933629,0.5617494679933631,4.046265764644631,4.046265764644631,0.0,-0.16722066991014134,0.0,0.0
UGC06917,core_refit,none,1.0,20.0,2.76,2.76,55.199999999999996,1.0000000003729588,0.0,0.0,1.0214621483363413,1.0012532455137544,15555572659.32527,0.0,15555572665.126858,1.0000000003729588,0.0,0.97582168022769,1.8524998688587168e-07,0.0,1.852499868858717e-07,False,True,8.952838470569247e-13,8,3,0,0.08119354285508953,0.08119354285508962,4.297988455098328,4.2979884651206,-1.002227190127769e-08,0.09426489504891605,0.0,0.0
UGC06917,core_plummer,plummer,1.0,20.0,2.76,2.76,55.199999999999996,0.9768568798368436,416.51241185397004,415.47038651009456,1.0214621483363413,1.0012532455137544,15555572659.32527,272339317.7628497,15467907489.826643,0.9943643881573159,0.9041378804563229,0.97582168022769,1.8096272411165716e-07,4.6227314883907524e-09,1.8558545560004792e-07,False,True,6.829609155298755e-07,8,3,0,0.07485215617602989,0.08119354285508962,4.484955642734675,4.2979884651206,0.18696717761407466,0.0963679309536198,0.016334470355696424,0.016891611636925236
UGC06917,fixed_core_envelope,envelope,1.0,20.0,2.76,2.76,55.199999999999996,1.0,24.46302981325218,24.40182852289945,1.0214621483363413,1.0012532455137544,15555572659.32527,477382088.425079,16032954747.750349,1.0306888147983995,0.08161782137420977,0.97582168022769,1.8524998681678108e-07,8.133621587863636e-10,1.8606334897556745e-07,False,True,1.101341240428034e-13,8,3,0,0.08101407373804043,0.08119354285508962,4.235956954478907,4.2979884651206,-0.062031510641692655,0.0935583083540053,0.002560243816631567,0.0018663524444045363
UGC06917,envelope_a0.5_q10,envelope,0.5,10.0,2.76,1.38,13.799999999999999,0.9128572405979695,932.8695825329427,930.5357415239724,1.0214621483363413,1.0012532455137544,15555572659.32527,4311572773.968019,18511589907.6809,1.1900294713086987,0.3572628672288896,0.97582168022769,1.6910679178637701e-07,2.384005986972664e-08,1.9294685165610365e-07,False,True,4.584599900056528e-07,8,3,0,0.06397384422499894,0.08119354285508962,4.079866149312907,4.2979884651206,-0.21812231580769303,0.09183915916036829,0.10004285941142634,0.08473620283543934
UGC06917,envelope_a0.5_q20,envelope,0.5,20.0,2.76,1.38,27.599999999999998,0.8906275929732895,1104.2173009270116,1101.4547844209844,1.0214621483363413,1.0012532455137544,15555572659.32527,10774085737.043095,24628307971.93907,1.5832466288005713,0.19473171861877836,0.97582168022769,1.6498874985696336e-07,3.671370940179736e-08,2.0170245925876072e-07,False,True,5.255083203328449e-08,8,3,0,0.05955652933351124,0.08119354285508962,3.814631854857785,4.2979884651206,-0.48335661026281507,0.08874452240201593,0.13434174527796913,0.10979274617928421
UGC06917,envelope_a0.5_q50,envelope,0.5,50.0,2.76,1.38,69.0,0.8826378502255428,1164.08936347319,1161.1770598184785,1.0214621483363413,1.0012532455137544,15555572659.32527,29292381378.882126,43022318589.93621,2.765717439797702,0.07911978199001983,0.97582168022769,1.635086501182738e-07,5.0542700379982985e-08,2.1405135049825677e-07,False,True,1.628753986233483e-07,8,3,0,0.057875692529772524,0.08119354285508962,3.7006673901368856,4.2979884651206,-0.5973210749837143,0.08738112824176181,0.1474719506088716,0.118988782481588
UGC06917,envelope_a1_q10,envelope,1.0,10.0,2.76,2.76,27.599999999999998,0.8227481444977501,2790.5939263609275,2783.6124547097234,1.0214621483363413,1.0012532455137544,15555572659.32527,25795350221.258617,38593668763.31842,2.4810188354063745,0.16359151070756484,0.97582168022769,1.524140829217393e-07,7.131535588919338e-08,2.237294388109327e-07,False,True,5.19222146410369e-08,8,3,0,0.061848119328079126,0.08119354285508962,2.5390493165204164,4.2979884651206,-1.7589391486001835,0.07188492239887327,0.2525559056748506,0.20027210357580205
UGC06917,envelope_a1_q20,envelope,1.0,20.0,2.76,2.76,55.199999999999996,0.8411854002052349,2439.846534057378,2433.7425576780474,1.0214621483363413,1.0012532455137544,15555572659.32527,47612214952.78708,60697335565.64322,3.9019672817545756,0.08161782137420977,0.97582168022769,1.558295842984885e-07,8.112154787030094e-08,2.3695113216878944e-07,False,True,6.605535770585887e-08,8,3,0,0.06332347762488397,0.08119354285508962,2.596120053988159,4.2979884651206,-1.7018684111324411,0.07272126261910461,0.23332714929910944,0.18146838057243114
UGC06917,envelope_a1_q50,envelope,1.0,50.0,2.76,2.76,138.0,0.8459580412188445,2350.103766423122,2344.2243073346167,1.0214621483363413,1.0012532455137544,15555572659.32527,118272940147.1743,131432301924.09451,8.449210119262524,0.03213208501174859,0.97582168022769,1.567137159833409e-07,1.0203734717908451e-07,2.5875106316242545e-07,False,True,1.708321899194279e-08,8,3,0,0.06370004068059004,0.08119354285508962,2.6105583782030304,4.2979884651206,-1.6874300869175696,0.07293158259924523,0.2283655623370634,0.17658754293891213
UGC06917,envelope_a2_q10,envelope,2.0,10.0,2.76,5.52,55.199999999999996,0.9708294236481035,923.5123652579366,921.2019340136486,1.0214621483363413,1.0012532455137544,15555572659.32527,17073300898.749449,32175108538.118397,2.068397560332183,0.05580056652317512,0.97582168022769,1.7984613793215436e-07,2.3600930387720717e-08,2.034470683198751e-07,False,True,2.3765947557213465e-07,8,3,0,0.07753379372855712,0.08119354285508962,3.641204542305433,4.2979884651206,-0.6567839228151668,0.08657649281282905,0.06072262886689079,0.03986403354873015
UGC06917,envelope_a2_q20,envelope,2.0,20.0,2.76,5.52,110.39999999999999,0.9709352361622122,908.4905624505195,906.2177125574483,1.0214621483363413,1.0012532455137544,15555572659.32527,35457351385.16326,50560804998.78369,3.250333890374229,0.026988425318607092,0.97582168022769,1.7986573969899804e-07,3.020606403837582e-08,2.1007180373737387e-07,False,True,2.1332571219778696e-09,8,3,0,0.07749659388700952,0.08119354285508962,3.6349668777831705,4.2979884651206,-0.6630215873374294,0.08650067418121106,0.060970050143837044,0.03982378592444548
UGC06917,envelope_a2_q50,envelope,2.0,50.0,2.76,5.52,276.0,0.9709643203652668,904.3437228195174,902.0812474359914,1.0214621483363413,1.0012532455137544,15555572659.32527,91025249633.37996,106129155668.43425,6.82258107706577,0.01052657268312595,0.97582168022769,1.7987112754723047e-07,3.92650042661763e-08,2.1913613181340678e-07,False,True,6.744040515307885e-08,8,3,0,0.07748591626081149,0.08119354285508962,3.633170737434724,4.2979884651206,-0.6648177276858758,0.0864788309574696,0.06104286394048435,0.03981346616415561
UGC06930,core_refit,none,1.0,20.0,3.94,3.94,78.8,1.0000000153117026,0.0,0.0,1.045278485253628,1.083784697424647,17161152622.076801,0.0,17161152884.843266,1.0000000153117026,0.0,0.9954095877753985,1.5383618676871442e-07,0.0,1.538361867687144e-07,False,True,5.329070518200723e-15,8,2,0,0.5306133440182698,0.5306133440182752,3.208989399526904,3.2089895978562746,-1.9832937070418666e-07,0.12206122005948802,0.0,0.0
UGC06930,core_plummer,plummer,1.0,20.0,3.94,3.94,78.8,0.7920329631685015,4003.5410116877806,3408.460397752825,1.045278485253628,1.083784697424647,17161152622.076801,3263813969.4195056,16856012532.069893,0.9822191377976347,0.9211693491458397,0.9954095877753985,1.2184332898333906e-07,3.7924236526162194e-08,1.5976756550950126e-07,False,True,1.4665294382003458e-07,8,2,0,0.4358325789601131,0.5306133440182752,3.6458778315071365,3.2089895978562746,0.43688823365086193,0.13021643233126606,0.18181333833982755,0.1792349261126667
UGC06930,fixed_core_envelope,envelope,1.0,20.0,3.94,3.94,78.8,1.0,184.73806981065178,157.27886715002106,1.045278485253628,1.083784697424647,17161152622.076801,4494806444.514549,21655959066.59135,1.2619175147205584,0.0943878782954834,0.9954095877753985,1.538361844132205e-07,5.2424218454189285e-09,1.5907860625863944e-07,False,True,9.896379624507581e-08,8,2,0,0.5258830344176153,0.5306133440182752,2.9064939248813966,3.2089895978562746,-0.302495672974878,0.11611469350011502,0.024233974041061722,0.019378970040546256
UGC06930,envelope_a0.5_q10,envelope,0.5,10.0,3.94,1.97,19.7,0.0,10545.974268789736,8978.435726261361,1.045278485253628,1.083784697424647,17161152622.076801,60771536011.504486,60771536011.504486,3.541226941442472,0.3927432808554358,0.9954095877753985,0.0,2.3002495841805253e-07,2.3002495841805253e-07,False,True,2.9099880198090824e-07,8,2,0,0.13695500081527134,0.5306133440182752,0.2777581056801359,3.2089895978562746,-2.9312314921761384,0.03550015437474472,1.0,1.0
UGC06930,envelope_a0.5_q20,envelope,0.5,20.0,3.94,1.97,39.4,0.11292589603597063,8711.491132378473,7416.627541319802,1.045278485253628,1.083784697424647,17161152622.076801,105978336038.911,107916274575.76906,6.2884048031215105,0.21868067160903232,0.9954095877753985,1.7372088967617745e-08,2.4721115396173174e-07,2.6458324292934953e-07,False,True,2.5727073980400813e-07,8,2,0,0.16139693252087162,0.5306133440182752,0.09777383308576948,3.2089895978562746,-3.111215764770505,0.020729907226562837,0.9231593555753262,0.909448137945271
UGC06930,envelope_a0.5_q50,envelope,0.5,50.0,3.94,1.97,98.5,0.1675072994397418,7996.89631327091,6808.249074793075,1.045278485253628,1.083784697424647,17161152622.076801,250892998333.7838,253767616664.78113,14.787329397579287,0.08964834386208707,0.9954095877753985,2.5768683807172668e-08,2.9634351642578564e-07,3.221122002329583e-07,False,True,7.797744667246482e-10,8,2,0,0.17543454566483088,0.5306133440182752,0.07383569143819918,3.2089895978562746,-3.1351539064180756,0.017925475357658587,0.8871392361734457,0.8663012428994942
UGC06930,envelope_a1_q10,envelope,1.0,10.0,3.94,3.94,39.4,0.7129082645058704,4175.54131328529,3554.894820351509,1.045278485253628,1.083784697424647,17161152622.076801,48123398146.117935,60357725678.84308,3.5171137398543064,0.1875732580222144,0.9954095877753985,1.0967108724823406e-07,9.10753897630678e-08,2.0074647701130185e-07,False,True,8.438676689189685e-08,8,2,0,0.43144442039696507,0.5306133440182752,1.0061135054714478,3.2089895978562746,-2.2028760923848267,0.0680885975348142,0.42568899579734126,0.37414098823071745
UGC06930,envelope_a1_q20,envelope,1.0,20.0,3.94,3.94,78.8,0.7286919935437733,3832.936342275574,3263.2141625661206,1.045278485253628,1.083784697424647,17161152622.076801,93258021967.71089,105763216483.40099,6.162943644434635,0.0943878782954834,0.9954095877753985,1.120991958992372e-07,1.0876950935690141e-07,2.2086870525613864e-07,False,True,1.972199342696297e-08,8,2,0,0.4328639960370927,0.5306133440182752,0.9923690375032375,3.2089895978562746,-2.216620560353037,0.0676350008167464,0.4142276139795857,0.36007330401487114
UGC06930,envelope_a1_q50,envelope,1.0,50.0,3.94,3.94,197.0,0.7329404982226277,3741.617423570444,3185.4687574201826,1.045278485253628,1.083784697424647,17161152622.076801,234777487976.09406,247355591728.9936,14.413693367587987,0.03726037065632661,0.9954095877753985,1.1275276964849388e-07,1.386543004916526e-07,2.5140707014014643e-07,False,True,2.9403587144289165e-08,8,2,0,0.4331849648536582,0.5306133440182752,0.9867326477439635,3.2089895978562746,-2.2222569501123113,0.06744661974649611,0.4113122413835569,0.3563332078120992
UGC06930,envelope_a2_q10,envelope,2.0,10.0,3.94,7.88,78.8,0.8770712999843973,3350.6035441227477,2852.574622158829,1.045278485253628,1.083784697424647,17161152622.076801,77231868294.81914,92283422734.29468,5.377460638370965,0.0671725398237471,0.9954095877753985,1.3492530224794278e-07,7.30821469186709e-08,2.0800744916661366e-07,False,True,2.584452534619121e-07,8,2,0,0.47141559644718484,0.5306133440182752,1.4351213003801613,3.2089895978562746,-1.7738682974761133,0.08146272423451402,0.2572026692988038,0.20464359997038697
UGC06930,envelope_a2_q20,envelope,2.0,20.0,3.94,7.88,157.6,0.8775537225898391,3290.096482948945,2801.061244078465,1.045278485253628,1.083784697424647,17161152622.076801,160100697054.92712,175160530422.363,10.206804535787963,0.03257777780230083,0.9954095877753985,1.3499951630083865e-07,9.336502050403599e-08,2.2836453680487464e-07,False,True,1.7406049652884085e-07,8,2,0,0.47090992753774585,0.5306133440182752,1.4198589255472567,3.2089895978562746,-1.789130672309018,0.08102945685439016,0.2581220725563265,0.20472622913571772
UGC06930,envelope_a2_q50,envelope,2.0,50.0,3.94,7.88,394.0,0.8776889179040596,3273.3165508814504,2786.7754571308433,1.045278485253628,1.083784697424647,17161152622.076801,410785470649.84326,425847624124.70026,24.814628335445992,0.012716721397529024,0.9954095877753985,1.3502031423212885e-07,1.2130032690972466e-07,2.563206411418535e-07,False,True,1.96391136782021e-06,8,2,0,0.4707654893441991,0.5306133440182752,1.4154721664360774,3.2089895978562746,-1.7935174314201972,0.08090451833378495,0.2583905375732711,0.2047524221569025
UGC06983,core_refit,none,1.0,20.0,3.21,3.21,64.2,1.0000000179636457,0.0,0.0,1.1395270291134805,1.0037521188118967,24734925122.412556,0.0,24734925566.741985,1.0000000179636457,0.0,0.9930941087408852,2.0615937349533708e-07,0.0,2.0615937349533708e-07,False,True,1.4210854715201802e-14,13,4,0,0.9975331740412557,0.997533174041272,0.7943918975117096,0.794391997499051,-9.998734140648224e-08,0.08330636271284537,0.0,0.0
UGC06983,core_plummer,plummer,1.0,20.0,3.21,3.21,64.2,0.8698199149624034,2938.4873018145413,2916.5596844177285,1.1395270291134805,1.0037521188118967,24734925122.412556,2480501207.5151024,23995431674.093407,0.9701032671552708,0.9402745322512542,0.9930941087408852,1.7932152550114812e-07,3.2451102963511105e-08,2.1177262846465922e-07,False,True,5.00881748107509e-07,13,4,0,0.8527561548078173,0.997533174041272,1.0070340788671033,0.794391997499051,0.2126420813680523,0.09397245498197103,0.09841686827524489,0.09846282454939283
UGC06983,fixed_core_envelope,envelope,1.0,20.0,3.21,3.21,64.2,1.0,121.82358227272726,120.9145087843593,1.1395270291134805,1.0037521188118967,24734925122.412556,3069166635.589698,27804091758.002254,1.1240823095441148,0.11466110017798081,0.9930941087408852,2.061593697919632e-07,4.030324440692917e-09,2.1018969423265613e-07,False,True,9.681144774730427e-14,13,4,0,0.9941356601570699,0.997533174041272,0.7240835256797109,0.794391997499051,-0.07030847181934008,0.07946249775831611,0.014124004900119539,0.01051274446836379
UGC06983,envelope_a0.5_q10,envelope,0.5,10.0,3.21,1.605,16.05,0.43064062548121373,6736.910542833687,6686.638283114004,1.1395270291134805,1.0037521188118967,24734925122.412556,40198402630.884346,50850266256.83108,2.0558083764221773,0.44341176445048164,0.9930941087408852,8.878059995602387e-08,1.7130976262725024e-07,2.600903625832741e-07,False,True,3.1158498864756074e-07,13,4,0,0.6275658652251891,0.997533174041272,0.29294130813048636,0.794391997499051,-0.5014506893685646,0.050458557388007495,0.6275605746531696,0.5857017318852243
UGC06983,envelope_a0.5_q20,envelope,0.5,20.0,3.21,1.605,32.1,0.30468144715008005,7609.215328928017,7552.433745315366,1.1395270291134805,1.0037521188118967,24734925122.412556,95851514849.89546,103387787631.34099,4.1798302246591525,0.2552807649342028,0.9930941087408852,6.281293513176385e-08,2.517378486376965e-07,3.1455078376946035e-07,False,True,2.225454405097211e-07,13,4,0,0.5440759655663524,0.997533174041272,0.04853552851090236,0.794391997499051,-0.7458564689881486,0.01933995320968751,0.7657758763083778,0.7220310487984961
UGC06983,envelope_a0.5_q50,envelope,0.5,50.0,3.21,1.605,80.25,0.2804630404518977,7684.044982556106,7626.705004148392,1.1395270291134805,1.0037521188118967,24734925122.412556,249626958032.27518,256564190337.45703,10.372547685821848,0.10626519304562028,0.9930941087408852,5.782008366950111e-08,3.319685509214663e-07,3.8978863459096744e-07,False,True,3.194324672474521e-07,13,4,0,0.5240952172332978,0.997533174041272,0.012940040800021682,0.794391997499051,-0.7814519566990293,0.007147626215738879,0.7938314470828117,0.7491292226157582
UGC06983,envelope_a1_q10,envelope,1.0,10.0,3.21,3.21,32.1,0.5006975631038334,7908.154736623756,7849.1424035527925,1.1395270291134805,1.0037521188118967,24734925122.412556,94374175268.89809,106758892001.24585,4.316119473695539,0.22458338044983556,0.9930941087408852,1.0322349406585802e-07,2.0109278609787606e-07,3.043162801637341e-07,False,True,1.1045810067764231e-07,13,4,0,0.7923606961388067,0.997533174041272,0.01655430169762183,0.794391997499051,-0.7778376958014291,0.002229317127305533,0.6327949185887136,0.5666660137547482
UGC06983,envelope_a1_q20,envelope,1.0,20.0,3.21,3.21,64.2,0.5635159549044773,6699.287327273319,6649.295819992326,1.1395270291134805,1.0037521188118967,24734925122.412556,168778727102.81653,182717252052.66357,7.3870145613297895,0.11466110017798081,0.9930941087408852,1.161740941308234e-07,2.2163444011922284e-07,3.378085342500462e-07,False,True,1.80274305391532e-07,13,4,0,0.8122397603506191,0.997533174041272,0.01750696654074286,0.794391997499051,-0.7768850309583081,0.005309116813301279,0.5829966914364421,0.5090348929980183
UGC06983,envelope_a1_q50,envelope,1.0,50.0,3.21,3.21,160.5,0.5796986872246865,6392.844880321443,6345.140111773932,1.1395270291134805,1.0037521188118967,24734925122.412556,415361030360.8589,429699833982.92236,17.372190611305598,0.04547824782211791,0.9930941087408852,1.1951031602746978e-07,2.7618571416536196e-07,3.956960301928317e-07,False,True,1.6545786689010056e-08,13,4,0,0.8172975025514726,0.997533174041272,0.017964056204526936,0.794391997499051,-0.7764279412945241,0.006038427271759971,0.5701804456677898,0.4940558992455535
UGC06983,envelope_a2_q10,envelope,2.0,10.0,3.21,6.42,64.2,0.8988242619724982,2906.189014045985,2884.5024133438246,1.1395270291134805,1.0037521188118967,24734925122.412556,69363638044.64865,91595988862.74612,3.7031035432466344,0.08582282487790707,0.9930941087408852,1.8530104340197666e-07,7.390012780795072e-08,2.592011712099274e-07,False,True,4.5812204625471666e-07,13,4,0,0.95404140710077,0.997533174041272,0.3011786197039618,0.794391997499051,-0.49321337779508917,0.05079036919318165,0.21236536236288098,0.15448908374504988
UGC06983,envelope_a2_q20,envelope,2.0,20.0,3.21,6.42,128.4,0.8996792374907471,2838.590818161766,2817.4086495785223,1.1395270291134805,1.0037521188118967,24734925122.412556,143028272008.7725,165281770582.29535,6.682121322960138,0.04182104436700226,0.9930941087408852,1.854773046160064e-07,9.390991249914222e-08,2.7938721711514866e-07,False,True,1.1397974419675792e-07,13,4,0,0.9537019499255379,0.997533174041272,0.29678865908998536,0.794391997499051,-0.4976033384090656,0.0504155624845676,0.21300895149288848,0.15401656482727086
UGC06983,envelope_a2_q50,envelope,2.0,50.0,3.21,6.42,321.0,0.8999173508189119,2819.915123261963,2798.872316687236,1.1395270291134805,1.0037521188118967,24734925122.412556,366435561336.3055,388694949625.17114,15.714417880851835,0.01634746264631181,0.9930941087408852,1.8552639390967994e-07,1.2182686844180857e-07,3.073532623514885e-07,False,True,1.4555592411021908e-07,13,4,0,0.9536038593278178,0.997533174041272,0.29551192896249356,0.794391997499051,-0.4988800685365574,0.05030608996041257,0.2132082996661403,0.15388861988460756
UGC07089,core_refit,none,1.0,20.0,2.26,2.26,45.199999999999996,1.0000000014462627,0.0,0.0,1.0158646909007518,1.000141435175379,8970471250.702524,0.0,8970471263.676182,1.0000000014462627,0.0,0.8009451199762962,8.174616311369073e-08,0.0,8.174616311369073e-08,False,True,1.3045120539345572e-15,9,3,0,0.18281072255114372,0.18281072255114394,0.6821756377211953,0.6821756455149582,-7.79376296833334e-09,0.06540166501088024,0.0,0.0
UGC07089,core_plummer,plummer,1.0,20.0,2.26,2.26,45.199999999999996,0.9340704390790845,389.49320066516475,389.3830479566271,1.0158646909007518,1.000141435175379,8970471250.702524,207854894.78133127,8586906914.671342,0.9572414508322354,0.915176373870299,0.8009451199762962,7.635667436220375e-08,4.332470701352698e-09,8.068914506355647e-08,False,True,5.767136990809661e-08,9,3,0,0.15175509527588155,0.18281072255114394,0.9091542304713566,0.6821756455149582,0.22697858495639833,0.07686436524452273,0.027563148088852657,0.035575332487706945
UGC07089,fixed_core_envelope,envelope,1.0,20.0,2.26,2.26,45.199999999999996,1.0,30.523033462290766,30.51440123250366,1.0158646909007518,1.000141435175379,8970471250.702524,486140212.2958882,9456611462.998413,1.0541933861342923,0.08946309389005737,0.8009451199762962,8.17461629954643e-08,1.017106535161956e-09,8.276326953062626e-08,False,True,4.789613150512448e-12,9,3,0,0.1823080460089186,0.18281072255114394,0.650608308648016,0.6821756455149582,-0.03156733686694224,0.06362616970118197,0.006016812527469946,0.005633115889840486
UGC07089,envelope_a0.5_q10,envelope,0.5,10.0,2.26,1.13,11.299999999999999,0.8828296651757329,401.25048288799775,401.13700509835553,1.0158646909007518,1.000141435175379,8970471250.702524,1513590294.966044,9432988425.692291,1.0515599640268114,0.37940937460346064,0.8009451199762962,7.216793770668664e-08,1.027701547696142e-08,8.244495318364807e-08,False,True,1.1307072265632211e-07,9,3,0,0.14913953793405044,0.18281072255114394,0.899952382067886,0.6821756455149582,0.21777673655292773,0.07650851698954327,0.0830197528206599,0.08780486857662066
UGC07089,envelope_a0.5_q20,envelope,0.5,20.0,2.26,1.13,22.599999999999998,0.8705430414525919,416.29552433566363,416.1777916525786,1.0158646909007518,1.000141435175379,8970471250.702524,3315168442.0290756,11124349767.878687,1.240107621660064,0.20953008684395058,0.8009451199762962,7.116355336115081e-08,1.3872045151854931e-08,8.503559851300575e-08,False,True,4.809143530713647e-08,9,3,0,0.14783024036833858,0.18281072255114394,0.8769890475377019,0.6821756455149582,0.19481340202274366,0.07550405783476583,0.09995570969251152,0.10114001636310842
UGC07089,envelope_a0.5_q50,envelope,0.5,50.0,2.26,1.13,56.49999999999999,0.8660266258267373,422.6258883214954,422.50636534595367,1.0158646909007518,1.000141435175379,8970471250.702524,8679654408.741478,16448321358.063137,1.833607276404234,0.0855957190416033,0.8009451199762962,7.079435371324444e-08,1.8390487868968435e-08,8.918484158221288e-08,False,True,1.8097742659945845e-07,9,3,0,0.14727421295999987,0.18281072255114394,0.8658366148551367,0.6821756455149582,0.1836609693401785,0.07501249184879845,0.10666447937085774,0.10610997225476733
UGC07089,envelope_a1_q10,envelope,1.0,10.0,2.26,2.26,22.599999999999998,0.7935980250236316,1019.838364196508,1019.5499433514328,1.0158646909007518,1.000141435175379,8970471250.702524,7694034107.431865,14812982375.520655,1.6513048157152919,0.1783844595355755,0.8009451199762962,6.487359350646034e-08,2.6120578291670476e-08,9.099417179813084e-08,False,True,1.1403810416690779e-07,9,3,0,0.16621958431132472,0.18281072255114394,0.7851031302967787,0.6821756455149582,0.10292748478182046,0.07121237328219752,0.19400930338769734,0.186618312874111
UGC07089,envelope_a1_q20,envelope,1.0,20.0,2.26,2.26,45.199999999999996,0.7765473861240259,1075.5837903075242,1075.2796040789603,1.0158646909007518,1.000141435175379,8970471250.702524,17130818036.421772,24096814038.455536,2.686237251645881,0.08946309389005737,0.8009451199762962,6.347976919979638e-08,3.5841237850346536e-08,9.932100705014293e-08,False,True,1.6405578790865453e-07,9,3,0,0.16524288258199804,0.18281072255114394,0.7608737583773534,0.6821756455149582,0.07869811286239514,0.07008851029687807,0.21549287955020557,0.20449906311681676
UGC07089,envelope_a1_q50,envelope,1.0,50.0,2.26,2.26,112.99999999999999,0.7711257823515126,1093.4946078492005,1093.1853562560527,1.0158646909007518,1.000141435175379,8970471250.702524,44915162824.73135,51832524485.99109,5.778127261924151,0.03527850567140665,0.8009451199762962,6.303657389411168e-08,4.758321692100257e-08,1.1061979081511424e-07,False,True,1.3868081375169757e-07,9,3,0,0.16492735765756594,0.18281072255114394,0.7525841455431954,0.6821756455149582,0.07040850002823718,0.06969975345581657,0.2223925879841068,0.2101998271826836
UGC07089,envelope_a2_q10,envelope,2.0,10.0,2.26,4.52,45.199999999999996,0.09808380965265819,8727.86572675398,8725.39739599002,1.0158646909007518,1.000141435175379,8970471250.702524,131692430769.92426,132572288764.5728,14.778742951123151,0.06274718833045383,0.8009451199762962,8.017975091082291e-09,2.2354218868249687e-07,2.3156016377357915e-07,False,True,1.7644117633157975e-08,9,3,0,0.17156247640817443,0.18281072255114394,0.041193926157705625,0.6821756455149582,-0.6409817193572526,0.00999847859631744,0.9214190212956377,0.9074062703073168
UGC07089,envelope_a2_q20,envelope,2.0,20.0,2.26,4.52,90.39999999999999,0.1985758454109615,7652.7076204429395,7650.543355519703,1.0158646909007518,1.000141435175379,8970471250.702524,243769277508.8471,245550596421.1901,27.373210342986134,0.030398687443697413,0.8009451199762962,1.623281342592658e-08,2.5500803981532087e-07,2.7124085324124743e-07,False,True,1.0065488342439101e-08,9,3,0,0.17278435698010344,0.18281072255114394,0.05733917956004155,0.6821756455149582,-0.6248364659549167,0.013902633799014415,0.838549516736702,0.8118829735796798
UGC07089,envelope_a2_q50,envelope,2.0,50.0,2.26,4.52,225.99999999999997,0.22422420234105034,7380.1839005436295,7378.096708149095,1.0158646909007518,1.000141435175379,8970471250.702524,606280377040.673,608291773801.4851,67.81045909420273,0.011862401835355132,0.8009451199762962,1.832946819209947e-08,3.211473462564044e-07,3.394768144485039e-07,False,True,1.0176432534075105e-08,9,3,0,0.17309555831779233,0.18281072255114394,0.0622785021948013,0.6821756455149582,-0.619897143320157,0.014921901851393598,0.8169912799363096,0.7873883788494689
UGC07125,core_refit,none,1.0,20.0,3.38,3.38,67.6,0.999999999999,0.0,0.0,1.1190718112022773,1.0,8171164531.29795,0.0,8171164531.289779,0.999999999999,0.0,0.9903108022684844,5.599560477034356e-08,0.0,5.5995604770343564e-08,False,True,2.920092438919789e-07,10,3,0,0.1775233612376663,0.17752336123766668,1.4754578326465095,1.4754578326372165,9.29301080532241e-12,0.05503979042294669,0.0,0.0
UGC07125,core_plummer,plummer,1.0,20.0,3.38,3.38,67.6,0.9718533453923534,175.88998273730544,175.88998273730544,1.1190718112022773,1.0,8171164531.29795,154687305.3089689,8095860890.802222,0.9907842217339655,0.9528256848872066,0.9903108022684844,5.4419515823380824e-08,1.9570399915193292e-09,5.637655581490015e-08,False,True,4.0741819383718274e-07,10,3,0,0.16830086352150264,0.17752336123766668,1.5696272531717694,1.4754578326372165,0.0941694205345529,0.057245952760253634,0.018397032962014448,0.018755153689948855
UGC07125,fixed_core_envelope,envelope,1.0,20.0,3.38,3.38,67.6,1.0,4.075976001793035,4.075976001793035,1.1190718112022773,1.0,8171164531.29795,106983958.72525641,8278148490.023206,1.0130928655659148,0.13403459607308305,0.9903108022684844,5.5995604770399554e-08,1.3586050065341058e-10,5.6131465271052966e-08,False,True,7.949196856315488e-14,10,3,0,0.17746813602577233,0.17752336123766668,1.4599861126302265,1.4754578326372165,-0.015471720006990042,0.05467933197320598,0.0017689321876094893,0.0013334487943150296
UGC07125,envelope_a0.5_q10,envelope,0.5,10.0,3.38,1.69,16.9,0.9171922492375587,254.10948621311528,254.10948621311528,1.1190718112022773,1.0,8171164531.29795,1579671695.7765317,9074200471.127861,1.1105149622640713,0.48618475751852663,0.9903108022684844,5.135873468678014e-08,6.5102124447845054e-09,5.7868947131564645e-08,False,True,1.9725560468718216e-07,10,3,0,0.16494373605049825,0.17752336123766668,1.3927441610929723,1.4754578326372165,-0.08271367154424425,0.05337547898527195,0.09377525320064777,0.08166135688814395
UGC07125,envelope_a0.5_q20,envelope,0.5,20.0,3.38,1.69,33.8,0.8956177646522854,292.3316692622522,292.3316692622522,1.1190718112022773,1.0,8171164531.29795,3836479805.6563888,11154719917.783497,1.3651322128024295,0.28872829975243636,0.9903108022684844,5.0150658374818095e-08,9.7440041171355e-09,5.98946624919536e-08,False,True,8.33997790780489e-09,10,3,0,0.16299046217990937,0.17752336123766668,1.2419251087785,1.4754578326372165,-0.2335327238587166,0.049869201317056265,0.13257881254386378,0.1098923455874489
UGC07125,envelope_a0.5_q50,envelope,0.5,50.0,3.38,1.69,84.5,0.889082647941548,301.59625718773106,301.59625718773106,1.1190718112022773,1.0,8171164531.29795,10207643094.865574,17472483693.11801,2.1383101057619496,0.12209755209904698,0.9903108022684844,4.9784720562355215e-08,1.3127618336816543e-08,6.291233889917175e-08,False,True,6.733252557076351e-08,10,3,0,0.16252229007668237,0.17752336123766668,1.1686904858549443,1.4754578326372165,-0.30676734678227224,0.04809412058999141,0.1476556049749401,0.1195661681855352
UGC07125,envelope_a1_q10,envelope,1.0,10.0,3.38,3.38,33.8,0.8630666361945788,537.0246064428986,537.0246064428986,1.1190718112022773,1.0,8171164531.29795,6676827247.77863,13729086733.598404,1.6801872830992433,0.2586841745033804,0.9903108022684844,4.832793825086985e-08,1.3758417004109528e-08,6.208635525497938e-08,False,True,1.995295521478774e-07,10,3,0,0.1702698234853222,0.17752336123766668,0.9424429944569136,1.4754578326372165,-0.5330148381803029,0.04181250901504329,0.198274146508022,0.1608428350802035
UGC07125,envelope_a1_q20,envelope,1.0,20.0,3.38,3.38,67.6,0.8928369311092109,405.1787903534862,405.1787903534862,1.1190718112022773,1.0,8171164531.29795,10634908292.997293,17930425756.70979,2.194353777607955,0.13403459607308305,0.9903108022684844,4.999494391880783e-08,1.3505426255540322e-08,6.350037017434815e-08,False,True,4.298713867058855e-07,10,3,0,0.17203956717326074,0.17752336123766668,0.9891099026566863,1.4754578326372165,-0.4863479299805302,0.04315088730639918,0.164786156867381,0.1294215743600722
UGC07125,envelope_a1_q50,envelope,1.0,50.0,3.38,3.38,169.0,0.9006366381111072,371.7202268254884,371.7202268254884,1.1190718112022773,1.0,8171164531.29795,25162032459.94007,32521282612.860977,3.9800058471830977,0.05343049412731832,0.9903108022684844,5.043169322941093e-08,1.617991321027043e-08,6.661160643968136e-08,False,True,3.363960173446414e-07,10,3,0,0.1724926885111679,0.17752336123766668,1.0032438790218283,1.4754578326372165,-0.4722139536153882,0.0435508290821097,0.1557417771864096,0.12102816136831052
UGC07125,envelope_a2_q10,envelope,2.0,10.0,3.38,6.76,67.6,0.9957711987697532,28.478991720775504,28.478991720775504,1.1190718112022773,1.0,8171164531.29795,708158641.6310865,8844768942.306534,1.0824367699889632,0.10415537130255609,0.9903108022684844,5.575881048805807e-08,7.296236322323428e-10,5.648843412029041e-08,False,True,7.286727893848956e-07,10,3,0,0.177477965264238,0.17752336123766668,1.4364073552472083,1.4754578326372165,-0.03905047739000822,0.05417070225498281,0.00907068063934292,0.0063039599044948215
UGC07125,envelope_a2_q20,envelope,2.0,20.0,3.38,6.76,135.2,0.9959981027090152,26.50158754926802,26.50158754926802,1.1190718112022773,1.0,8171164531.29795,1391197959.594181,9529662329.69014,1.1662551027076675,0.05100849141369175,0.9903108022684844,5.577151611136184e-08,8.833513619731485e-10,5.665486747333499e-08,False,True,6.584348634151499e-07,10,3,0,0.17748114221326955,0.17752336123766668,1.43740991435641,1.4754578326372165,-0.03804791828080645,0.054194095293973475,0.008727910951654653,0.0060086924833742394
UGC07125,envelope_a2_q50,envelope,2.0,50.0,3.38,6.76,338.0,0.9960616092418225,25.957942283045796,25.957942283045796,1.1190718112022773,1.0,8171164531.29795,3514226771.554651,11653210063.978989,1.4261382229355175,0.019968187100850375,0.9903108022684844,5.577507219807325e-08,1.1298746286789128e-09,5.690494682675217e-08,False,True,4.665444874272495e-07,10,3,0,0.17748203324080122,0.17752336123766668,1.4376987029978023,1.4754578326372165,-0.03775912963941419,0.054200832157880637,0.008631019007769072,0.005925516913278814
UGC07151,core_refit,none,1.0,20.0,1.25,1.25,25.0,0.999999999999,0.0,0.0,1.0011498487992136,1.0,2848982250.241855,0.0,2848982250.239006,0.9999999999989999,0.0,0.9946497055495556,7.923180988035137e-08,0.0,7.923180988035137e-08,False,True,5.794923618466006e-09,8,3,0,0.7907645790161977,0.7907645790161988,7.78217818080054,7.782178180770379,3.016076277617685e-11,0.11757944620456162,0.0,0.0
UGC07151,core_plummer,plummer,1.0,20.0,1.25,1.25,25.0,0.9921609690447325,61.49628393928085,61.49628393928085,1.0011498487992136,1.0,2848982250.241855,17893565.343888994,2844542555.5350904,0.9984416558908404,0.9272383147407985,0.9946497055495556,7.861070927013603e-08,6.842384377213008e-10,7.929494770785734e-08,False,True,2.1978507928910796e-09,8,3,0,0.7900677266160955,0.7907645790161988,7.843239135706025,7.782178180770379,0.06106095493564556,0.11808667846240972,0.005866659083730472,0.005804010269116143
UGC07151,fixed_core_envelope,envelope,1.0,20.0,1.25,1.25,25.0,1.0,28.364775214487455,28.364775214487455,1.0011498487992136,1.0,2848982250.241855,246320657.1398145,3095302907.3816695,1.086459175770191,0.0999723021130419,0.9946497055495556,7.92318098804306e-08,9.454551645707638e-10,8.017726504500136e-08,False,True,3.0162539132925275e-12,8,3,0,0.7892957737056117,0.7907645790161988,7.546729835861608,7.782178180770379,-0.23544834490877076,0.11567289686890458,0.008615151180090857,0.005819327249314772
UGC07151,envelope_a0.5_q10,envelope,0.5,10.0,1.25,0.625,6.25,0.9411959814167629,270.73056816533057,270.73056816533057,1.0011498487992136,1.0,2848982250.241855,556823679.5058137,3238274324.561134,1.1366425060339462,0.40735906899979496,0.9946497055495556,7.457266105983825e-08,6.936039816220552e-09,8.150870087605881e-08,False,True,5.232740993529014e-07,8,3,0,0.782530212454238,0.7907645790161988,7.296168839616461,7.782178180770379,-0.4860093411539186,0.11384440446528699,0.07838029120244597,0.062470385471999575
UGC07151,envelope_a0.5_q20,envelope,0.5,20.0,1.25,0.625,12.5,0.9105581820758163,387.5050974691873,387.5050974691873,1.0011498487992136,1.0,2848982250.241855,1682553616.7987373,4276717715.345229,1.5011387715673452,0.2289315576317149,0.9946497055495556,7.214517276730158e-08,1.291632642703319e-08,8.506149919433478e-08,False,True,4.812498588481405e-07,8,3,0,0.7745589964219863,0.7907645790161988,6.7302540901843555,7.782178180770379,-1.0519240905860237,0.10929031046543652,0.1298914093646255,0.09920310792501905
UGC07151,envelope_a0.5_q50,envelope,0.5,50.0,1.25,0.625,31.25,0.899354855419039,428.04858988968306,428.04858988968306,1.0011498487992136,1.0,2848982250.241855,4793216464.373286,7355462484.130959,2.5817859986690124,0.09423458913368606,0.9946497055495556,7.125751291960345e-08,1.8631724975905502e-08,8.988923789550895e-08,False,True,4.532580938881047e-07,8,3,0,0.7709602090695475,0.7907645790161988,6.467929560983404,7.782178180770379,-1.3142486197869747,0.10712326221906528,0.1505510185718592,0.11314666643129109
UGC07151,envelope_a1_q10,envelope,1.0,10.0,1.25,1.25,12.5,0.7919935744495954,1396.4075285761678,1396.4075285761678,1.0011498487992136,1.0,2848982250.241855,5744107755.697267,8000483391.609765,2.8081899741321976,0.19790026048636344,0.9946497055495556,6.2751084317313e-08,3.5775561967423075e-08,9.852664628473609e-08,False,True,5.348776442972966e-07,8,3,0,0.7242858043110771,0.7907645790161988,3.8256109367918776,7.782178180770379,-3.9565672439785016,0.08149269025963671,0.3362138350762017,0.2588849653219128
UGC07151,envelope_a1_q20,envelope,1.0,20.0,1.25,1.25,25.0,0.8053082516159558,1274.2233045512994,1274.2233045512994,1.0011498487992136,1.0,2848982250.241855,11065397816.360365,13359706731.187525,4.689290966994756,0.0999723021130419,0.9946497055495556,6.380603028717737e-08,4.2472432620905574e-08,1.0627846290808295e-07,False,True,4.656401840831409e-07,8,3,0,0.725045196681843,0.7907645790161988,3.798339920983775,7.782178180770379,-3.983838259786604,0.08125575123311408,0.3264894118453088,0.24614855233302702
UGC07151,envelope_a1_q50,envelope,1.0,50.0,1.25,1.25,62.5,0.8088204317314657,1242.2053395694916,1242.2053395694916,1.0011498487992136,1.0,2848982250.241855,27820014953.402397,30124330007.038296,10.573716282184977,0.03951427327767781,0.9946497055495556,6.408430667435528e-08,5.406962853545405e-08,1.1815393520980932e-07,False,True,3.1565541612625077e-09,8,3,0,0.7251837594444734,0.7907645790161988,3.7858487910272323,7.782178180770379,-3.996329389743147,0.081138824962211,0.32415183362806327,0.2428162602798295
UGC07151,envelope_a2_q10,envelope,2.0,10.0,1.25,2.5,25.0,0.930384904953846,927.5897034903564,927.5897034903564,1.0011498487992136,1.0,2848982250.241855,7631261076.566526,10281911156.672989,3.608976909491149,0.07224461735114072,0.9946497055495556,7.371607990492562e-08,2.3764583216906325e-08,9.748066312183193e-08,False,True,1.6467824567716438e-07,8,3,0,0.7549671328548964,0.7907645790161988,5.045122223635257,7.782178180770379,-2.737055957135122,0.09407527827992206,0.1729468543147225,0.11035902758379049
UGC07151,envelope_a2_q20,envelope,2.0,20.0,1.25,2.5,50.0,0.9305850101705733,912.8685954291342,912.8685954291342,1.0011498487992136,1.0,2848982250.241855,15854762860.490162,18505983036.807262,6.495647010519724,0.03508182723530271,0.9946497055495556,7.373193460341343e-08,3.042775137812879e-08,1.0415968598154224e-07,False,True,7.712665099473239e-08,8,3,0,0.7545436459197933,0.7907645790161988,5.012137425843362,7.782178180770379,-2.7700407549270167,0.09377194105957988,0.17418434281252543,0.11046991696743418
UGC07151,envelope_a2_q50,envelope,2.0,50.0,1.25,2.5,125.0,0.9306401174612903,908.7981468351235,908.7981468351235,1.0011498487992136,1.0,2848982250.241855,40706278147.76536,43357655323.775566,15.218647051976143,0.013699188059122428,0.9946497055495556,7.373630085379454e-08,3.955737159374467e-08,1.1329367244753922e-07,False,True,2.1412464232709986e-08,8,3,0,0.7544221562416974,0.7907645790161988,5.002613141826818,7.782178180770379,-2.779565038943561,0.09368425490670891,0.17454517966753913,0.11050376557377015
UGC07323,core_refit,none,1.0,20.0,2.26,2.26,45.199999999999996,0.9999999970118671,0.0,0.0,1.1368957671870312,1.0080649699446953,13279981515.693005,0.0,13279981476.010656,0.9999999970118673,0.0,0.4751492732688993,1.148439605436626e-07,0.0,1.148439605436626e-07,False,True,2.7533531010703125e-14,8,2,0,0.2306355273312948,0.23063552733129472,0.07500752309272704,0.07500753262316334,-9.53043630125272e-09,-0.0122823816894597,0.0,0.0
UGC07323,core_plummer,plummer,1.0,20.0,2.26,2.26,45.199999999999996,0.9490618449116069,287.6148579833923,283.03117277365664,1.1368957671870312,1.0080649699446953,13279981515.693005,169083905.58669695,12772607663.262339,0.9617940844397185,0.8100395090590494,0.4751492732688993,1.0899402139621283e-07,3.1491465025153054e-09,1.1214316789872815e-07,False,True,1.7372923012919001e-07,8,2,0,0.2204385585708917,0.23063552733129472,0.016424503215208625,0.07500753262316334,-0.05858302940795472,-0.0046255312759562765,0.022359676956213635,0.030862517815191132
UGC07323,fixed_core_envelope,envelope,1.0,20.0,2.26,2.26,45.199999999999996,1.0,15.08760797408551,14.847158485467299,1.1368957671870312,1.0080649699446953,13279981515.693005,264718822.4642726,13544700338.157278,1.0199336740153933,0.04559292022408184,0.4751492732688993,1.148439608868316e-07,4.948857363803843e-10,1.1533884662321199e-07,False,True,1.776356839400219e-14,8,2,0,0.23056402581426458,0.23063552733129472,0.08132444760215356,0.07500753262316334,0.006316914978990215,-0.012818921748092283,0.0019090829344120665,0.002026688322338711
UGC07323,envelope_a0.5_q10,envelope,0.5,10.0,2.26,1.13,11.299999999999999,0.9072627324928654,362.6200023954326,356.8409687481854,1.1368957671870312,1.0080649699446953,13279981515.693005,1506867618.9319787,13555299936.314358,1.020731837638178,0.2388795574942867,0.4751492732688993,1.041936457644906e-07,9.14216367981265e-09,1.1333580944430326e-07,False,True,3.3928024719190604e-09,8,2,0,0.21396830383346538,0.23063552733129472,0.010953970543359084,0.07500753262316334,-0.06405356207980425,-0.002911807549995899,0.05915757554547495,0.06909421557126245
UGC07323,envelope_a0.5_q20,envelope,0.5,20.0,2.26,1.13,22.599999999999998,0.902073383864368,368.4708976802008,362.5986189816772,1.1368957671870312,1.0080649699446953,13279981515.693005,3232493259.163184,15212011122.68063,1.1454843596509934,0.12269637892723761,0.4751492732688993,1.035976804135713e-07,1.2086143267137748e-08,1.1568382368070907e-07,False,True,6.797074856720036e-09,8,2,0,0.21369877833730874,0.23063552733129472,0.0111054117674901,0.07500753262316334,-0.06390212085567325,-0.0030367861819568286,0.06513983013981417,0.07442837121532075
UGC07323,envelope_a0.5_q50,envelope,0.5,50.0,2.26,1.13,56.49999999999999,0.9003755786545705,370.6883570668057,364.7807389707807,1.1368957671870312,1.0080649699446953,13279981515.693005,8386598654.29019,20343569696.00428,1.531897440667685,0.04876398986109355,0.4751492732688993,1.0340269773846387e-07,1.5877857246913855e-08,1.1928055498537774e-07,False,True,6.585132982698296e-08,8,2,0,0.21359654703192615,0.23063552733129472,0.011174548033336142,0.07500753262316334,-0.0638329845898272,-0.0030891401078509775,0.0671499487182243,0.07617722333525706
UGC07323,envelope_a1_q10,envelope,1.0,10.0,2.26,2.26,22.599999999999998,0.8994390452146673,663.6962201435827,653.118969130336,1.1368957671870312,1.0080649699446953,13279981515.693005,5515980013.983428,17460513908.926773,1.3147995641630688,0.09337473380941395,0.4751492732688993,1.0329514252872241e-07,1.6732721411239028e-08,1.2002786393996146e-07,False,True,1.5590119618693224e-08,8,2,0,0.22749717005329678,0.23063552733129472,0.03044819002425385,0.07500753262316334,-0.04455934259890949,-0.007304669992340335,0.08320071351984457,0.08848325664254104
UGC07323,envelope_a1_q20,envelope,1.0,20.0,2.26,2.26,45.199999999999996,0.8950950534127978,680.3979346305778,669.5545102971903,1.1368957671870312,1.0080649699446953,13279981515.693005,11937885738.540787,23824731502.650986,1.7940334837437244,0.04559292022408184,0.4751492732688993,1.0279626130413579e-07,2.2317602199745335e-08,1.2511386350388113e-07,False,True,2.2019642068917446e-08,8,2,0,0.2274165890623207,0.23063552733129472,0.030688384174912684,0.07500753262316334,-0.04431914844825066,-0.007354448482136972,0.08789662380914529,0.09281871631270897
UGC07323,envelope_a1_q50,envelope,1.0,50.0,2.26,2.26,112.99999999999999,0.89378469021197,685.5229486858027,674.5978475875592,1.1368957671870312,1.0080649699446953,13279981515.693005,31019079662.6357,42888523827.660065,3.2295620123400424,0.017832435983054538,0.4751492732688993,1.026457740039524e-07,2.9363305621047585e-08,1.3200907962499996e-07,False,True,9.459003129768034e-08,8,2,0,0.22739184661020398,0.23063552733129472,0.030769710832343655,0.07500753262316334,-0.044237821790819684,-0.007370921719058719,0.08931929109196277,0.09412727236332916
UGC07323,envelope_a2_q10,envelope,2.0,10.0,2.26,4.52,45.199999999999996,0.0,15558.20543746856,15310.256090714465,1.1368957671870312,1.0080649699446953,13279981515.693005,258608524930.15262,258608524930.15262,19.47356060884226,0.02617903324130562,0.4751492732688993,0.0,3.9224438733079734e-07,3.9224438733079734e-07,False,True,5.83770069937504e-08,8,2,0,0.22771763960402974,0.23063552733129472,0.3657168784263749,0.07500753262316334,0.29070934580321156,-0.027676524780132106,1.0,1.0
UGC07323,envelope_a2_q20,envelope,2.0,20.0,2.26,4.52,90.39999999999999,2.4970504888690304e-16,15395.841451259716,15150.479680847808,1.1368957671870312,1.0080649699446953,13279981515.693005,540253833056.1493,540253833056.1493,40.681821162004574,0.012577220101665856,0.4751492732688993,2.8677116867611865e-23,5.049960435669474e-07,5.049960435669474e-07,False,True,1.4728670188915527e-07,8,2,0,0.22795388086348464,0.23063552733129472,0.3899750714368355,0.07500753262316334,0.3149675388136722,-0.028566114600493332,0.9999999999999998,0.9999999999999998
UGC07323,envelope_a2_q50,envelope,2.0,50.0,2.26,4.52,225.99999999999997,0.0,15350.789899552567,15106.146110585301,1.1368957671870312,1.0080649699446953,13279981515.693005,1389209145197.6975,1389209145197.6975,104.60926798400011,0.004896240350008328,0.4751492732688993,0.0,6.5752712758803e-07,6.5752712758803e-07,False,True,2.2587544574760258e-07,8,2,0,0.22802703692005744,0.23063552733129472,0.39697507282744726,0.07500753262316334,0.3219675402042839,-0.028817498560348216,1.0,1.0
UGC07399,core_refit,none,1.0,20.0,1.64,1.64,32.8,1.000000015235073,0.0,0.0,1.5155753398398382,1.021319979958913,11198176872.231005,0.0,11198177042.836046,1.000000015235073,0.0,0.9876306140778623,1.6766119901469776e-07,0.0,1.6766119901469776e-07,False,True,1.6775913991014533e-11,8,2,0,1.3899366357199732,1.3899366357199963,10.840816002983425,10.840816635515026,-6.325316004307524e-07,0.1519572157746617,0.0,0.0
UGC07399,core_plummer,plummer,1.0,20.0,1.64,1.64,32.8,0.855578021299687,2419.1734184850716,2319.2274670141633,1.5155753398398382,1.021319979958913,11198176872.231005,1340304992.343375,10921219002.850695,0.9752675928822749,0.9014997291500797,0.9876306140778623,1.4344723471629905e-07,2.580488571174401e-08,1.6925212042804307e-07,False,True,2.3156679592749852e-08,8,2,0,1.1578238895396658,1.3899366357199963,12.379952631944343,10.840816635515026,1.5391359964293176,0.16278803023975916,0.11323398476684887,0.11235767143805211
UGC07399,fixed_core_envelope,envelope,1.0,20.0,1.64,1.64,32.8,1.0,136.3923324738576,130.7574071980282,1.5155753398398382,1.021319979958913,11198176872.231005,2255277918.569343,13453454790.800348,1.2013968831088864,0.07993916931588728,0.9876306140778623,1.676611964603672e-07,4.358408096183886e-09,1.720196045565511e-07,False,True,9.237055564880449e-14,8,2,0,1.381111832920649,1.3899366357199963,10.212520525259754,10.840816635515026,-0.6282961102552722,0.14737060657283294,0.016039669748003714,0.012181823648762712
UGC07399,envelope_a0.5_q10,envelope,0.5,10.0,1.64,0.82,8.2,0.3687723062021433,6582.268566283585,6310.328121804729,1.5155753398398382,1.021319979958913,11198176872.231005,25777727141.103657,29907304651.53579,2.6707297976065436,0.35237368778361317,0.9876306140778623,6.182880607930023e-08,1.6166880379582794e-07,2.2349760987512817e-07,False,True,3.0338106217224456e-08,8,2,0,0.5282022535059909,1.3899366357199963,5.326839689126859,10.840816635515026,-5.5139769463881665,0.10648880749927511,0.6901283031043162,0.6513418133650435
UGC07399,envelope_a0.5_q20,envelope,0.5,20.0,1.64,0.82,16.4,0.28165536235007893,7106.106128343476,6812.523811001673,1.5155753398398382,1.021319979958913,11198176872.231005,58750532187.48601,61904558752.094505,5.52809260457424,0.1915288749226367,0.9876306140778623,4.72226750410925e-08,2.270751582611905e-07,2.7429783330228297e-07,False,True,3.293561315831071e-07,8,2,0,0.3809295325381592,1.3899366357199963,3.0730655969786733,10.840816635515026,-7.767751038536352,0.08065664043407335,0.7831893540881406,0.7449230410717402
UGC07399,envelope_a0.5_q50,envelope,0.5,50.0,1.64,0.82,41.0,0.2646716031993794,7160.0362980642285,6864.225904767,1.5155753398398382,1.021319979958913,11198176872.231005,152664415306.91605,155628254732.59964,13.897642134812425,0.07773029637740395,0.9876306140778623,4.43751576614915e-08,2.987800269662502e-07,3.431551846277417e-07,False,True,8.976093389852204e-07,8,2,0,0.34326564331687015,1.3899366357199963,2.4414097648698214,10.840816635515026,-8.399406870645205,0.07180060284166853,0.802135161115617,0.7636921660995292
UGC07399,envelope_a1_q10,envelope,1.0,10.0,1.64,1.64,16.4,0.6571093770877954,5454.990516815692,5229.622540587951,1.5155753398398382,1.021319979958913,11198176872.231005,42726077091.43562,50084504120.46629,4.4725587648704455,0.16040193761305319,0.9876306140778623,1.1017174436786637e-07,1.3398143553250804e-07,2.4415317990037444e-07,False,True,3.2234367897004613e-07,8,2,0,1.0605781687269202,1.3899366357199963,3.300780571727751,10.840816635515026,-7.540036063787275,0.0829585305169522,0.4853385211547241,0.4196876106770265
UGC07399,envelope_a1_q20,envelope,1.0,20.0,1.64,1.64,32.8,0.6794845380169505,4984.924726320086,4778.977091075766,1.5155753398398382,1.021319979958913,11198176872.231005,82426852427.02225,90035840465.68224,8.040223108901875,0.07993916931588728,0.9876306140778623,1.1392319062024179e-07,1.5929294478650403e-07,2.732161354067458e-07,False,True,2.5620177323079122e-08,8,2,0,1.0707469357560067,1.3899366357199963,3.339436236673098,10.840816635515026,-7.501380398841928,0.08350028660554157,0.4671818215477697,0.39879347846210866
UGC07399,envelope_a1_q50,envelope,1.0,50.0,1.64,1.64,82.0,0.6854084029689597,4861.443140554653,4660.597034817958,1.5155753398398382,1.021319979958913,11198176872.231005,207308830208.3734,214984154734.5332,19.19813887452039,0.03146049438783262,0.9876306140778623,1.1491639290576527e-07,2.0286239512815133e-07,3.177787880339166e-07,False,True,5.296376567691882e-08,8,2,0,1.0732878868746214,1.3899366357199963,3.3454920575987614,10.840816635515026,-7.495324577916264,0.08359197315700717,0.4624764081910578,0.39327114726504
UGC07399,envelope_a2_q10,envelope,2.0,10.0,1.64,3.28,32.8,0.8968742908987789,3435.303508238328,3293.377065471262,1.5155753398398382,1.021319979958913,11198176872.231005,53813857997.74039,63857214939.381676,5.7024652912683855,0.05433218198862226,0.9876306140778623,1.503710166866327e-07,8.43753795913672e-08,2.3474639627799988e-07,False,True,2.3823155013181344e-07,8,2,0,1.252080321480715,1.3899366357199963,5.842163747538421,10.840816635515026,-4.998652887976605,0.1110747591467805,0.22765985023370877,0.1684581097245378
UGC07399,envelope_a2_q20,envelope,2.0,20.0,1.64,3.28,65.6,0.8972077502439052,3382.510007455618,3242.7646801996975,1.5155753398398382,1.021319979958913,11198176872.231005,111861128712.88625,121908219791.25395,10.886434567180244,0.02626913542056011,0.9876306140778623,1.5042692487940746e-07,1.0808788686668478e-07,2.5851481174609223e-07,False,True,5.783149918455176e-07,8,2,0,1.250868993788305,1.3899366357199963,5.802991292050933,10.840816635515026,-5.0378253434640925,0.11070362767299421,0.22847557272041094,0.16851004739374129
UGC07399,envelope_a2_q50,envelope,2.0,50.0,1.64,3.28,164.0,0.8973005518720825,3367.891332132393,3228.749962163395,1.5155753398398382,1.021319979958913,11198176872.231005,287237181284.2506,297285311571.6647,26.547652797739453,0.010244999344101105,0.9876306140778623,1.5044248411142112e-07,1.4053820695098524e-07,2.9098069106240636e-07,False,True,3.485098425398806e-07,8,2,0,1.2505233790654993,1.3899366357199963,5.79177505320206,10.840816635515026,-5.049041582312966,0.11059716820014051,0.22871216770616765,0.1685269416808859
UGC07524,core_refit,none,1.0,20.0,3.46,3.46,69.2,1.0000000045742563,0.0,0.0,1.0133805193578644,1.0252874986823564,8478764592.002512,0.0,8478764630.786554,1.0000000045742563,0.0,0.9718201262562188,9.752170789726941e-08,0.0,9.752170789726943e-08,False,True,1.509903313489985e-13,24,7,0,0.3365123902930742,0.33651239029307534,1.4496853395388294,1.4496854112301043,-7.169127491657434e-08,0.04955313511648717,0.0,0.0
UGC07524,core_plummer,plummer,1.0,20.0,3.46,3.46,69.2,0.9259904886957732,672.0776818261417,639.3345131991593,1.0133805193578644,1.0252874986823564,8478764592.002512,521213566.13793534,8372468934.222759,0.9874633082890384,0.8611878686634814,0.9718201262562188,9.030417354116451e-08,7.113555819480574e-09,9.74177293606451e-08,False,True,2.676409665890729e-07,24,7,0,0.3110581474180604,0.33651239029307534,1.7800699113168383,1.4496854112301043,0.33038450008673403,0.055479481749790074,0.05556009152578131,0.055862489603951224
UGC07524,fixed_core_envelope,envelope,1.0,20.0,3.46,3.46,69.2,1.0,24.919173835903337,23.705128595274232,1.0133805193578644,1.0252874986823564,8478764592.002512,576770919.0408373,9055535511.04335,1.0680253488326437,0.06056579751884489,0.9718201262562188,9.752170745118013e-08,7.901397450796298e-10,9.831184719625976e-08,False,True,2.340470655084741e-06,24,7,0,0.3362414766307044,0.33651239029307534,1.3908311270843658,1.4496854112301043,-0.058854284145738456,0.04843822640604567,0.004221580148806226,0.0031065974455674415
UGC07524,envelope_a0.5_q10,envelope,0.5,10.0,3.46,1.73,17.3,0.6779159036413768,1977.5814138032733,1881.2349891908616,1.0133805193578644,1.0252874986823564,8478764592.002512,10840841625.404888,16588730985.55478,1.9565033095979443,0.29175280921191493,0.9718201262562188,6.611151643141677e-08,4.8196703006683275e-08,1.1430821943810005e-07,False,True,9.871797160018252e-08,24,7,0,0.22936705004488991,0.33651239029307534,0.9561620629783015,1.4496854112301043,-0.4935233482518028,0.0403366646894643,0.3615193233344772,0.3191231884088429
UGC07524,envelope_a0.5_q20,envelope,0.5,20.0,3.46,1.73,34.6,0.6166413369782426,2256.0068161471904,2146.0956948553544,1.0133805193578644,1.0252874986823564,8478764592.002512,26108392141.734074,31336748875.670288,3.695909767942877,0.1535516556164179,0.9718201262562188,6.013591606709676e-08,7.153369780021156e-08,1.3166961386730833e-07,False,True,2.3125397612808393e-07,24,7,0,0.21174362542752037,0.33651239029307534,0.645385343031272,1.4496854112301043,-0.8043000681988323,0.03240265914265857,0.44103221207405263,0.3872882486930516
UGC07524,envelope_a0.5_q50,envelope,0.5,50.0,3.46,1.73,86.5,0.597014030648813,2341.9896368730415,2227.8894908982247,1.0133805193578644,1.0252874986823564,8478764592.002512,69898389217.52759,74960330641.52145,8.84094962516436,0.06155286747553627,0.9718201262562188,5.822182764118343e-08,9.697362694694006e-08,1.5519545458812347e-07,False,True,3.1916016426099284e-09,24,7,0,0.20605096201282258,0.33651239029307534,0.5479240831475486,1.4496854112301043,-0.9017613280825557,0.02937812433474855,0.46655457237995573,0.40923880516158373
UGC07524,envelope_a1_q10,envelope,1.0,10.0,3.46,3.46,34.6,0.8685802673505799,1342.8492868959092,1277.4265808152898,1.0133805193578644,1.0252874986823564,8478764592.002512,14722646910.42916,22087134526.55333,2.6049944289509748,0.12299429865031003,0.9718201262562188,8.470543073043108e-08,3.272730407532889e-08,1.1743273480575996e-07,False,True,8.460490903785587e-09,24,7,0,0.3224342261336544,0.33651239029307534,0.6260771801169821,1.4496854112301043,-0.8236082311131222,0.03106825097255985,0.20192354054099532,0.15830879601940293
UGC07524,envelope_a1_q20,envelope,1.0,20.0,3.46,3.46,69.2,0.8775232621926977,1227.5399874758593,1167.735072221013,1.0133805193578644,1.0252874986823564,8478764592.002512,28412232740.8678,35852545905.00578,4.228510594435331,0.06056579751884489,0.9718201262562188,8.55775668571615e-08,3.8922965069643e-08,1.2450053192680453e-07,False,True,1.9269747015180874e-07,24,7,0,0.3231760731392674,0.33651239029307534,0.6413629801656034,1.4496854112301043,-0.8083224310645009,0.03153103804193471,0.19223795653846473,0.14888993956145863
UGC07524,envelope_a1_q50,envelope,1.0,50.0,3.46,3.46,173.0,0.8798792371766069,1197.3772842238404,1139.0418754048321,1.0133805193578644,1.0252874986823564,8478764592.002512,71473197092.92226,78933486014.33345,9.309550366427967,0.023748535649420505,0.9718201262562188,8.580732556030459e-08,4.9579219415374975e-08,1.3538654497567958e-07,False,True,1.0952852741647265e-08,24,7,0,0.3233692411760774,0.33651239029307534,0.6452653774924494,1.4496854112301043,-0.8044200337376549,0.03164842817889846,0.1897060230307483,0.14640675470001044
UGC07524,envelope_a2_q10,envelope,2.0,10.0,3.46,6.92,69.2,0.9732723064133032,617.4631730045946,587.3807861892694,1.0133805193578644,1.0252874986823564,8478764592.002512,13539408130.235756,21791554900.229492,2.570133262195309,0.03794146022617494,0.9718201262562188,9.49151771363735e-08,1.504852794385495e-08,1.0996370508022845e-07,False,True,1.2678524976712294e-07,24,7,0,0.33336628206914604,0.33651239029307534,1.0621882075831075,1.4496854112301043,-0.3874972036469968,0.04196538155497181,0.06019997887753665,0.039897530847951196
UGC07524,envelope_a2_q20,envelope,2.0,20.0,3.46,6.92,138.4,0.973328045920688,609.3197245267122,579.634080995574,1.0133805193578644,1.0252874986823564,8478764592.002512,28206223835.44937,36458843207.6047,4.3000183354534975,0.018275643673482795,0.9718201262562188,9.492061294830615e-08,1.932037293771998e-08,1.1424098588602614e-07,False,True,1.996862280067983e-08,24,7,0,0.3333467557684269,0.33651239029307534,1.0598938088376537,1.4496854112301043,-0.3897916023924506,0.04191765646809402,0.06039294327828735,0.03989612644050459
UGC07524,envelope_a2_q50,envelope,2.0,50.0,3.46,6.92,346.0,0.973343535788929,607.0642872998193,577.4885271399709,1.0133805193578644,1.0252874986823564,8478764592.002512,72473106055.92407,80725856763.02577,9.52094563860983,0.007119862636381265,0.9718201262562188,9.49221235467052e-08,2.513641597834875e-08,1.2005853952505396e-07,False,True,1.5130136363861653e-07,24,7,0,0.3333412201052954,0.33651239029307534,1.0592410602965365,1.4496854112301043,-0.3904443509335678,0.041904071788717766,0.06044836083708435,0.03989603291275258
UGC07577,core_refit,none,1.0,20.0,0.9,0.9,18.0,0.9999998006833558,0.0,0.0,1.0027991000953222,1.0015691380649498,1870652.7507226283,0.0,1870652.3778703995,0.9999998006833558,0.0,0.9999999982110764,4.0138574878833316e-10,0.0,4.013857487883331e-10,False,True,6.106226635438323e-15,7,2,0,0.05188815593527794,0.05188815593528094,1.7167175024022414,1.7167174715207567,3.088148470276053e-08,0.23530597112477036,0.0,0.0
UGC07577,core_plummer,plummer,1.0,20.0,0.9,0.9,18.0,0.6330886422955828,32.649818863378954,32.54759538319947,1.0027991000953222,1.0015691380649498,1870652.7507226283,6829898.735644639,8014187.745806124,4.2841664454882205,0.6876281592954773,0.9999999982110764,2.5411280938611413e-10,3.6214083827527385e-10,6.162536476613879e-10,False,True,5.023179180688441e-09,7,2,0,0.04050773780147808,0.05188815593528094,1.416786571255594,1.7167174715207567,-0.29993090026516267,0.211798557898489,0.798614954003697,0.7648600510606849
UGC07577,fixed_core_envelope,envelope,1.0,20.0,0.9,0.9,18.0,1.0,42.224776606777795,42.092574843803014,1.0027991000953222,1.0015691380649498,1870652.7507226283,263617554.53933638,265488207.290059,141.92276315713946,0.026497982039518655,0.9999999982110764,4.0138582879120957e-10,1.4030304127292579e-09,1.8044162415204674e-09,False,True,2.3314683517128236e-15,7,2,0,0.03727984894500058,0.05188815593528094,1.235716277780107,1.7167174715207567,-0.48100119374064976,0.1970643398115942,0.7887696804050186,0.6989368821173139
UGC07577,envelope_a0.5_q10,envelope,0.5,10.0,0.9,0.45,4.5,0.5987697659910458,29.19632915105386,29.10491821898177,1.0027991000953222,1.0015691380649498,1870652.7507226283,43171200.96524099,44291291.275041685,23.67691772721157,0.16141948293197603,0.9999999982110764,2.403376987774345e-10,7.45659690306638e-10,9.859973890840727e-10,False,True,1.906207077436869e-09,7,2,0,0.036642625865209354,0.05188815593528094,1.2787273733469495,1.7167174715207567,-0.4379900981738072,0.20055446202662128,0.861525146199902,0.8145490949650764
UGC07577,envelope_a0.5_q20,envelope,0.5,20.0,0.9,0.45,9.0,0.5994570108228698,28.679197226551462,28.589405385392425,1.0027991000953222,1.0015691380649498,1870652.7507226283,89524924.06793754,90646299.9741733,48.45704256931538,0.08047421237883395,0.9999999982110764,2.4061354911383867e-10,9.529425412058531e-10,1.193556090319692e-09,False,True,1.597299697112907e-08,7,2,0,0.03628939862688826,0.05188815593528094,1.2647783264310546,1.7167174715207567,-0.4519391450897021,0.19939980808941704,0.865313517263345,0.8171202678203463
UGC07577,envelope_a0.5_q50,envelope,0.5,50.0,0.9,0.45,22.5,0.5996538051383918,28.534486584189263,28.445147818299745,1.0027991000953222,1.0015691380649498,1870652.7507226283,229715083.43942913,230836827.47949255,123.39907948726501,0.03167449138008606,0.9999999982110764,2.406925395632759e-10,1.238135537804544e-09,1.47882807736782e-09,False,True,1.4862510445730266e-08,7,2,0,0.03618592117698839,0.05188815593528094,1.2605786697136516,1.7167174715207567,-0.4561388018071051,0.1990518463644706,0.8664248934728956,0.8178633921932241
UGC07577,envelope_a1_q10,envelope,1.0,10.0,0.9,0.9,9.0,0.6684712493351573,61.20044962663735,61.00883683467785,1.0027991000953222,1.0015691380649498,1870652.7507226283,180988294.54382285,182238772.12517065,97.41988300863017,0.054799477609303586,0.9999999982110764,2.683148864374874e-10,1.563028971180721e-09,1.8313438576182083e-09,False,True,1.6435498247582818e-08,7,2,0,0.030975403254949553,0.05188815593528094,1.1013018982581237,1.7167174715207567,-0.615415573262633,0.1851220995571107,0.888035732250251,0.8320514219199374
UGC07577,envelope_a1_q20,envelope,1.0,20.0,0.9,0.9,18.0,0.6687969509150096,60.49697182970465,60.307561559876504,1.0027991000953222,1.0015691380649498,1870652.7507226283,377694449.85582054,378945536.7117246,202.57396064840944,0.026497982039518655,0.9999999982110764,2.68445618436055e-10,2.01017265634216e-09,2.278618274778215e-09,False,True,2.0351957371511462e-08,7,2,0,0.03087279381274281,0.05188815593528094,1.0965725412866463,1.7167174715207567,-0.6201449302341104,0.18470688983897213,0.8888834209726366,0.8325908347466701
UGC07577,envelope_a1_q50,envelope,1.0,50.0,0.9,0.9,45.0,0.6688889477896496,60.301577237307384,60.112778729379876,1.0027991000953222,1.0015691380649498,1870652.7507226283,970908083.8533561,972159342.8034668,519.6899009866605,0.010334577027236164,0.9999999982110764,2.684825446778286e-10,2.6165365037457934e-09,2.8850190484236218e-09,False,True,1.6932477855120155e-08,7,2,0,0.030843756579624237,0.05188815593528094,1.0952229640602862,1.7167174715207567,-0.6214945074604705,0.1845883340888548,0.8891237375915331,0.8327430510764608
UGC07577,envelope_a2_q10,envelope,2.0,10.0,0.9,1.8,18.0,0.697503264282453,177.32790583538758,176.77270901352207,1.0027991000953222,1.0015691380649498,1870652.7507226283,1048824819.0322269,1050129605.432195,561.370679313161,0.012891876648369561,0.9999999982110764,2.799679258185865e-10,4.528866305891986e-09,4.808834231710572e-09,False,True,1.259098380954702e-10,7,2,0,0.02633428983071006,0.05188815593528094,0.9184040434259634,1.7167174715207567,-0.7983134280947933,0.16817871314488914,0.9119939958826787,0.8495031708421096
UGC07577,envelope_a2_q20,envelope,2.0,20.0,0.9,1.8,36.0,0.6976186460880134,175.76485306211,175.21455000994217,1.0027991000953222,1.0015691380649498,1870652.7507226283,2194668839.56287,2195973841.8021297,1173.9077928567078,0.006175551143227484,0.9999999982110764,2.800142384402388e-10,5.840254328200415e-09,6.120268566640654e-09,False,True,2.330697856392095e-10,7,2,0,0.0263078132552114,0.05188815593528094,0.9169447766686845,1.7167174715207567,-0.7997726948520723,0.16804074498427377,0.9121701036784163,0.8496084725239071
UGC07577,envelope_a2_q50,envelope,2.0,50.0,0.9,1.8,90.0,0.697651029770265,175.33132545036216,174.782379731949,1.0027991000953222,1.0015691380649498,1870652.7507226283,5645975081.63226,5647280144.450145,3018.8821213710644,0.002402116984949985,0.9999999982110764,2.800272367913787e-10,7.607774693614154e-09,7.887801930405532e-09,False,True,1.223011654757815e-08,7,2,0,0.02630038165901715,0.05188815593528094,0.9165342271895188,1.7167174715207567,-0.8001832443312379,0.16800191781712048,0.912219572644612,0.8496380117910671
UGC07603,core_refit,none,1.0,20.0,0.53,0.53,10.600000000000001,1.0000000000059988,0.0,0.0,1.001992977552334,1.000005495860504,2597249968.729795,0.0,2597249968.745375,1.0000000000059988,0.0,0.9674865972621384,7.693580326402421e-08,0.0,7.693580326402423e-08,False,True,1.0658141036401389e-14,9,3,0,0.05744038602820061,0.05744038602820049,3.8900468021764354,3.890046802356268,-1.798325932611533e-10,0.08264906198541846,0.0,0.0
UGC07603,core_plummer,plummer,1.0,20.0,0.53,0.53,10.600000000000001,0.9993964263725414,5.278906222262363,5.278848198476277,1.001992977552334,1.000005495860504,2597249968.729795,651806.4173208685,2596334143.5620728,0.999647386590144,0.9755649996727018,0.9674865972621384,7.688936684170548e-08,5.873510743933174e-11,7.694810194914481e-08,False,True,1.1430321302661805e-06,9,3,0,0.057414215748006994,0.05744038602820049,3.9004427801978796,3.890046802356268,0.010395977841611614,0.08278172511377652,0.0002531444383729656,0.0002825161662372974
UGC07603,fixed_core_envelope,envelope,1.0,20.0,0.53,0.53,10.600000000000001,1.0,2.2356816030716957,2.235657029285833,1.001992977552334,1.000005495860504,2597249968.729795,8238689.132226667,2605488657.8620214,1.0031720817138967,0.19953795719670148,0.9674865972621384,7.69358032635627e-08,7.451895770595186e-11,7.701032222126866e-08,False,True,1.991828923979827e-11,9,3,0,0.057424409247982804,0.05744038602820049,3.8713765108705034,3.890046802356268,-0.0186702914857646,0.08241478846119826,0.0006537939519771866,0.0005314577885002712
UGC07603,envelope_a0.5_q10,envelope,0.5,10.0,0.53,0.265,2.6500000000000004,0.9980651407338053,7.152167848001494,7.152089234015984,1.001992977552334,1.000005495860504,2597249968.729795,6242301.970413443,2598466957.531587,1.0004685682227141,0.5994599038884285,0.9674865972621384,7.678694331171606e-08,1.8323448302299932e-10,7.697017779473907e-08,False,True,3.432092204900832e-07,9,3,0,0.05738078008920354,0.05744038602820049,3.9040772567171387,3.890046802356268,0.014030454360870692,0.08283367442567346,0.0014898406065037516,0.0014235095955285537
UGC07603,envelope_a0.5_q20,envelope,0.5,20.0,0.53,0.265,5.300000000000001,0.9971758133904866,9.099609721953955,9.09950970240715,1.001992977552334,1.000005495860504,2597249968.729795,16766442.8648434,2606681293.0113926,1.0036312732294344,0.3915441244425058,0.9674865972621384,7.671852219819359e-08,3.033050104627128e-10,7.70218272086563e-08,False,True,5.142518857210334e-08,9,3,0,0.05735022921136,0.05744038602820049,3.898839363656126,3.890046802356268,0.008792561299857837,0.08277885687643068,0.002613092985987046,0.0023010886420048843
UGC07603,envelope_a0.5_q50,envelope,0.5,50.0,0.53,0.265,13.25,0.9965235599878507,10.655878568092792,10.655761442614034,1.001992977552334,1.000005495860504,2597249968.729795,50634894.46044523,2638855679.4773946,1.016019139955153,0.17581724850880057,0.9674865972621384,7.66683405587304e-08,4.6381467267258e-10,7.7132155231403e-08,False,True,1.9375963920481473e-07,9,3,0,0.05732146347295001,0.05744038602820049,3.8925435228079377,3.890046802356268,0.0024967204516697095,0.08271197574463994,0.003542614052009681,0.002960164205312281
UGC07603,envelope_a1_q10,envelope,1.0,10.0,0.53,0.53,5.300000000000001,0.9909172703304164,38.54313452550022,38.54271087361124,1.001992977552334,1.000005495860504,2597249968.729795,67279708.67229293,2640939558.0517807,1.0168214803534497,0.3645353197385355,0.9674865972621384,7.62370161606075e-08,9.874532420040139e-10,7.722446940261151e-08,False,True,1.6785454650901255e-07,9,3,0,0.05720676520735663,0.05744038602820049,3.8804788411949658,3.890046802356268,-0.009567961161302208,0.08260026764215232,0.009753732150658792,0.008330554672841028
UGC07603,envelope_a1_q20,envelope,1.0,20.0,0.53,0.53,10.600000000000001,0.987561692656019,49.818466084105566,49.81791849793951,1.001992977552334,1.000005495860504,2597249968.729795,183585558.22412473,2748530133.5937138,1.0582462861431483,0.19953795719670148,0.9674865972621384,7.597885209681445e-08,1.6605316973562834e-09,7.763938379417074e-08,False,True,4.7039883818615e-10,9,3,0,0.05708482475307139,0.05744038602820049,3.846399960531183,3.890046802356268,-0.04364684182508505,0.08222676447208001,0.014547117866181928,0.011855942185814265
UGC07603,envelope_a1_q50,envelope,1.0,50.0,0.53,0.53,26.5,0.9861689678225084,54.435052679953415,54.43445434997381,1.001992977552334,1.000005495860504,2597249968.729795,517331936.50526893,3078659257.344573,1.1853534678644024,0.08121281721219595,0.9674865972621384,7.58717016930232e-08,2.3693753620904988e-09,7.82410770551137e-08,False,True,1.2409404905103189e-08,9,3,0,0.05702842030327572,0.05744038602820049,3.829007216798557,3.890046802356268,-0.06103958555771083,0.08203517743800623,0.01667179353239324,0.013348358950568136
UGC07603,envelope_a2_q10,envelope,2.0,10.0,0.53,1.06,10.600000000000001,0.8870773275151299,712.4559256487975,712.4480945965898,1.001992977552334,1.000005495860504,2597249968.729795,2487282246.740299,4791243807.889881,1.8447372665608601,0.16838621831208175,0.9674865972621384,6.824800674927101e-08,1.8252716657007425e-08,8.650072340627843e-08,False,True,9.076128268974987e-08,9,3,0,0.054094179321908915,0.05744038602820049,2.694363773179756,3.890046802356268,-1.1956830291765121,0.06781320233100994,0.1581735905244936,0.12481617402404821
UGC07603,envelope_a2_q20,envelope,2.0,20.0,0.53,1.06,21.200000000000003,0.8968137312960245,635.298232524802,635.2912495614393,1.001992977552334,1.000005495860504,2597249968.729795,4682263017.089421,7011512452.654471,2.6995909277394294,0.0841497278611012,0.9674865972621384,6.899708479505253e-08,2.1175538616561892e-08,9.017262341161441e-08,False,True,1.0522968165643363e-08,9,3,0,0.05421395436806581,0.05744038602820049,2.6975981771308475,3.890046802356268,-1.1924486252254205,0.0678570726912474,0.14882223877534223,0.1153251304721372
UGC07603,envelope_a2_q50,envelope,2.0,50.0,0.53,1.06,53.0,0.8995444837351801,614.1959627393295,614.1892117243168,1.001992977552334,1.000005495860504,2597249968.729795,11674212521.325228,14010554403.577484,5.394380430170706,0.03314612733119259,0.9674865972621384,6.92071774274729e-08,2.6733891306510014e-08,9.594106873398291e-08,False,True,1.5327952028975652e-08,9,3,0,0.05424863607963291,0.05744038602820049,2.6994456152661663,3.890046802356268,-1.1906011870901017,0.06788391819679998,0.14616775872007032,0.11263967717333653
UGC08286,core_refit,none,1.0,20.0,1.05,1.05,21.0,0.9999999973522677,0.0,0.0,1.0054282043868652,1.0,6915596569.439566,0.0,6915596551.128918,0.9999999973522677,0.0,0.9972241025792482,1.4008352473213178e-07,0.0,1.4008352473213176e-07,False,True,1.0800249583541858e-12,13,4,0,4.496551568546488,4.496551568546486,37.53690353992017,37.5369030967744,4.4314576541637507e-07,0.1442138216395765,0.0,0.0
UGC08286,core_plummer,plummer,1.0,20.0,1.05,1.05,21.0,0.9069046621607765,1689.974231831105,1689.974231831105,1.0054282043868652,1.0,6915596569.439566,414819684.55499285,6686606455.002807,0.9668878726314545,0.9749514050368427,0.9972241025792482,1.2704240200785902e-07,1.88034992377605e-08,1.458459012456195e-07,False,True,4.03341511238677e-06,13,4,0,3.6363071523263693,4.496551568546486,43.580057905527,37.5369030967744,6.043154808752597,0.15584099024353495,0.06073596921670969,0.061139407317248554
UGC08286,fixed_core_envelope,envelope,1.0,20.0,1.05,1.05,21.0,1.0,136.76224755029062,136.76224755029062,1.0054282043868652,1.0,6915596569.439566,1001887553.966311,7917484123.405876,1.1448736264335764,0.1967453666195969,0.9972241025792482,1.4008352510303544e-07,4.558561535812404e-09,1.4464208663884784e-07,False,True,2.6318502931861447e-11,13,4,0,4.439121653348992,4.496551568546486,33.31137667749435,37.5369030967744,-4.225526419280051,0.13562077664752087,0.027788296426097148,0.02098701295236444
UGC08286,envelope_a0.5_q10,envelope,0.5,10.0,1.05,0.525,5.25,0.6608633473097479,2541.9381667711955,2541.9381667711955,1.0054282043868652,1.0,6915596569.439566,4410386468.934284,8980650766.457924,1.2986082511151613,0.5954279675239471,0.9972241025792482,9.257606730254111e-08,6.512372967181434e-08,1.5769979697435544e-07,False,True,3.1826203884924528e-09,13,4,0,2.9813026723655165,4.496551568546486,33.414815481280634,37.5369030967744,-4.1220876154937685,0.13653706501655294,0.3655619662857433,0.3342827153711171
UGC08286,envelope_a0.5_q20,envelope,0.5,20.0,1.05,0.525,10.5,0.47749670736332617,3414.3286908830187,3414.3286908830187,1.0054282043868652,1.0,6915596569.439566,12506278164.54935,15808452755.909857,2.2859130947239397,0.3874689806049121,0.9972241025792482,6.688942199254727e-08,1.1380646135664486e-07,1.806958833491921e-07,False,True,1.160031364216194e-06,13,4,0,2.245521925851065,4.496551568546486,18.793479609382125,37.5369030967744,-18.743423487392278,0.10248350518857846,0.5953940504913058,0.5430703009642012
UGC08286,envelope_a0.5_q50,envelope,0.5,50.0,1.05,0.525,26.25,0.4042912642951659,3705.398007555583,3705.398007555583,1.0054282043868652,1.0,6915596569.439566,35002583416.25854,37798498696.67257,5.465688797363685,0.17351245612479774,0.9972241025792482,5.66345454708298e-08,1.6128532655798809e-07,2.1791987202881788e-07,False,True,1.545034702476618e-05,13,4,0,1.8859494681968045,4.496551568546486,10.951684812333498,37.5369030967744,-26.585218284440906,0.07837250148580537,0.6853645491412182,0.6262387225514493
UGC08286,envelope_a1_q10,envelope,1.0,10.0,1.05,1.05,10.5,0.0,8552.444777829121,8552.444777829121,1.0054282043868652,1.0,6915596569.439566,29677816099.16748,29677816099.16748,4.291432532417452,0.36031915244033513,0.9972241025792482,0.0,2.1911119201295573e-07,2.1911119201295573e-07,False,True,5.941597930644825e-08,13,4,0,0.9909721822436679,4.496551568546486,0.36912124598039164,37.5369030967744,-37.16778185079401,0.013379913690080292,1.0,1.0
UGC08286,envelope_a1_q20,envelope,1.0,20.0,1.05,1.05,21.0,0.060447098982125934,7587.480737412852,7587.480737412852,1.0054282043868652,1.0,6915596569.439566,55584071283.836624,56002099034.18999,8.097941872674674,0.1967453666195969,0.9972241025792482,8.467642707668305e-09,2.5290603556781237e-07,2.6137367827548065e-07,False,True,1.1429701204552215e-06,13,4,0,1.3733911786246151,4.496551568546486,0.09269901520252787,37.5369030967744,-37.444204081571876,-0.006304779032971492,0.9632805796221543,0.951632760905207
UGC08286,envelope_a1_q50,envelope,1.0,50.0,1.05,1.05,52.5,0.11946420359325118,6990.240051827639,6990.240051827639,1.0054282043868652,1.0,6915596569.439566,132064874010.75662,132891040247.29694,19.216135428511024,0.07999551953351655,0.9972241025792482,1.6734966762969337e-08,3.0426506064364703e-07,3.210000274066164e-07,False,True,5.065687079657907e-08,13,4,0,1.5089452723969776,4.496551568546486,0.10169950884352484,37.5369030967744,-37.43520358793088,-0.006741777065436383,0.9276572880478633,0.9043530629884784
UGC08286,envelope_a2_q10,envelope,2.0,10.0,1.05,2.1,21.0,0.7698014022017892,2928.285789885566,2928.285789885566,1.0054282043868652,1.0,6915596569.439566,20322873614.64577,25646509550.862232,3.708502844743097,0.16559912745965688,0.9972241025792482,1.0783649404968622e-07,7.502184540726017e-08,1.8285833945694637e-07,False,True,9.064963844017978e-10,13,4,0,3.8256788249610896,4.496551568546486,11.492146642776445,37.5369030967744,-26.044756453997955,0.07943545517860276,0.38797908233631423,0.3084905594179374
UGC08286,envelope_a2_q20,envelope,2.0,20.0,1.05,2.1,42.0,0.7769398390605768,2770.362714089851,2770.362714089851,1.0054282043868652,1.0,6915596569.439566,40590030844.56188,45963033330.23013,6.64628609675462,0.08267671948719629,0.9972241025792482,1.0883647144859063e-07,9.234177658607818e-08,2.011782480346688e-07,False,True,3.0021727008278954e-06,13,4,0,3.823973217196942,4.496551568546486,11.187214133755385,37.5369030967744,-26.34968896301902,0.07842397985254942,0.38511296801945966,0.30241926799498275
UGC08286,envelope_a2_q50,envelope,2.0,50.0,1.05,2.1,105.0,0.7788843338039984,2727.5816338512723,2727.5816338512723,1.0054282043868652,1.0,6915596569.439566,103063048524.18936,108449498351.03452,15.681871731829952,0.0325560197163812,0.9972241025792482,1.0910886312679344e-07,1.187237898957806e-07,2.2783265302257402e-07,False,True,5.9653899665141524e-09,13,4,0,3.8232022921446736,4.496551568546486,11.08881933693418,37.5369030967744,-26.448083759840223,0.07809413647636389,0.38448398725337385,0.3007933610598096
UGC08490,core_refit,none,1.0,20.0,0.67,0.67,13.4,0.9999999868910457,0.0,0.0,1.1906349965509078,1.055955529559229,9282853961.606504,0.0,9282853839.917997,0.9999999868910459,0.0,0.9800500249294156,1.0045953179580723e-07,0.0,1.0045953179580723e-07,False,True,4.412470389050752e-12,24,6,0,0.3952071028280076,0.39520710282801347,1.6008955901875839,1.6008953636802261,2.2650735775897601e-07,0.05767683373926106,0.0,0.0
UGC08490,core_plummer,plummer,1.0,20.0,0.67,0.67,13.4,0.9827359291144343,454.9617300428767,408.0220271838794,1.1906349965509078,1.055955529559229,9282853961.606504,75679101.4262587,9198273214.219233,0.9908884974667173,0.9934994679091371,0.9800500249294156,9.872519261193771e-08,4.539857314172545e-09,1.0326504992611023e-07,False,True,2.6462118442579185e-06,24,6,0,0.3682344856372288,0.39520710282801347,1.7584954829486008,1.6008953636802261,0.1576001192683747,0.060696977173687154,0.008339500206816307,0.00884917145285268
UGC08490,fixed_core_envelope,envelope,1.0,20.0,0.67,0.67,13.4,1.0,70.18576807816552,62.94450165734128,1.1906349965509078,1.055955529559229,9282853961.606504,348436493.93707967,9631290455.543585,1.0375354923580828,0.38399299038051166,0.9800500249294156,1.0045953311272665e-07,2.0980671880266002e-09,1.0255760030075325e-07,False,True,1.7922721780773481e-07,24,6,0,0.38836506390574493,0.39520710282801347,1.3689026960006423,1.6008953636802261,-0.23199266767958382,0.05295257054785275,0.014493611417060221,0.012700374982557749
UGC08490,envelope_a0.5_q10,envelope,0.5,10.0,0.67,0.335,3.35,0.945240555609571,386.19244676046344,346.3478675348286,1.1906349965509078,1.055955529559229,9282853961.606504,454085115.59262764,9228615151.904068,0.9941570975987809,0.776834574067398,0.9800500249294156,9.495842489575183e-08,8.873333424312911e-09,1.0383175832006475e-07,False,True,9.122318860548626e-07,24,6,0,0.3469923936972785,0.39520710282801347,1.894907559422873,1.6008953636802261,0.2940121957426469,0.06322241004009055,0.03940349163080454,0.039252433012946904
UGC08490,envelope_a0.5_q20,envelope,0.5,20.0,0.67,0.335,6.7,0.92116885138703,411.0063043140584,368.6016084380814,1.1906349965509078,1.055955529559229,9282853961.606504,1020218197.9524335,9571294119.359037,1.0310723575901883,0.6101260204268661,0.9800500249294156,9.254019272832771e-08,1.2286235012674388e-08,1.048264277410021e-07,False,True,1.2710214514526501e-06,24,6,0,0.34138757553060883,0.39520710282801347,1.8160319155072315,1.6008953636802261,0.21513655182700542,0.06188077497116501,0.0691397925182146,0.06535758390287147
UGC08490,envelope_a0.5_q50,envelope,0.5,50.0,0.67,0.335,16.75,0.8939672276044349,473.85483885706986,424.96587992825465,1.1906349965509078,1.055955529559229,9282853961.606504,3033418851.430802,11331986071.745014,1.2207437624908928,0.3339276558129441,0.9800500249294156,8.980753030322017e-08,1.8497543470491317e-08,1.0830507377371149e-07,False,True,3.2832588082102614e-07,24,6,0,0.33018249920756076,0.39520710282801347,1.6007475690182342,1.6008953636802261,-0.00014779466199188462,0.05804452279879304,0.11075307248016777,0.09799353823509335
UGC08490,envelope_a1_q10,envelope,1.0,10.0,0.67,0.67,6.7,0.8723000043847422,770.8754739817988,691.3420466612542,1.1906349965509078,1.055955529559229,9282853961.606504,1812790911.095481,9910224462.507755,1.0675837951879916,0.5919619458143994,0.9800500249294156,8.763085117472061e-08,1.771198573831358e-08,1.0534283691303418e-07,False,True,1.6185260869378384e-08,24,6,0,0.32467435905600667,0.39520710282801347,1.8318744366244915,1.6008953636802261,0.23097907294426534,0.06226879635421912,0.11911466826231998,0.11193462163169371
UGC08490,envelope_a1_q20,envelope,1.0,20.0,0.67,0.67,13.4,0.8187923452475229,938.3247154381555,841.5150709791164,1.1906349965509078,1.055955529559229,9282853961.606504,4658303000.369822,12259032766.18387,1.3206103227398294,0.38399299038051166,0.9800500249294156,8.225549671984063e-08,2.8049394500929235e-08,1.1030489122076988e-07,False,True,9.536044751726306e-09,24,6,0,0.30467472502911347,0.39520710282801347,1.4939814284598525,1.6008953636802261,-0.10691393522037362,0.05616693943480424,0.1936333115444281,0.1735796801204237
UGC08490,envelope_a1_q50,envelope,1.0,50.0,0.67,0.67,33.5,0.7872551406720626,1041.5299115461978,934.0722918423847,1.1906349965509078,1.055955529559229,9282853961.606504,13334870550.794437,20642845052.177177,2.22376061689165,0.1715596080433202,0.9800500249294156,7.908728387250935e-08,4.065748249213078e-08,1.1974476636464013e-07,False,True,1.6063667691485745e-06,24,6,0,0.29109618635000406,0.39520710282801347,1.218609919358595,1.6008953636802261,-0.38228544432163103,0.05067361003249469,0.2420897333545986,0.2114206886139851
UGC08490,envelope_a2_q10,envelope,2.0,10.0,0.67,1.34,13.4,0.4803172803923278,3429.699028952309,3075.8471713474046,1.1906349965509078,1.055955529559229,9282853961.606504,16130561776.374636,20589276945.49262,2.2179899663022824,0.35672392991448315,0.9800500249294156,4.8252449734187865e-08,7.880232584613988e-08,1.2705477558032776e-07,False,True,1.3625851655529542e-07,24,6,0,0.22631521420975345,0.39520710282801347,0.5383499072745654,1.6008953636802261,-1.0625454564056607,0.03342372388038459,0.5683723941917329,0.5292455731402409
UGC08490,envelope_a2_q20,envelope,2.0,20.0,0.67,1.34,26.8,0.3688630343916701,3912.472182772002,3508.811238177601,1.1906349965509078,1.055955529559229,9282853961.606504,38846852497.879265,42270954177.972176,4.5536592897834085,0.19437756053234687,0.9800500249294156,3.7055808217530815e-08,1.1695575521235079e-07,1.540115634298816e-07,False,True,5.461720290446719e-07,24,6,0,0.1903244923789603,0.39520710282801347,0.1000554315682179,1.6008953636802261,-1.5008399321120083,0.013293643446604544,0.6923197332603189,0.6491434383403273
UGC08490,envelope_a2_q50,envelope,2.0,50.0,0.67,1.34,67.0,0.33941393501514033,4018.0752340449394,3603.5189206306422,1.1906349965509078,1.055955529559229,9282853961.606504,102888092824.52513,106038822815.80489,11.423084242666858,0.07896593150330555,0.9800500249294156,3.4097365443574344e-08,1.568508226880628e-07,1.9094818813163714e-07,False,True,3.0555442876547495e-07,24,6,0,0.17997451332326564,0.39520710282801347,0.03186173348533852,1.6008953636802261,-1.5690336301948875,0.005644156373842391,0.7246050796765163,0.6807674549210765
UGC08550,core_refit,none,1.0,20.0,0.45,0.45,9.0,1.000000043571262,0.0,0.0,1.5959726377324697,1.0,3933619601.2207265,0.0,3933619772.6134963,1.000000043571262,0.0,0.9343021938605882,4.994844751867568e-08,0.0,4.994844751867568e-08,False,True,7.460698725480495e-14,8,3,0,0.7801262477541944,0.7801262477542783,1.830644019968439,1.8306450085759287,-9.886074896492403e-07,0.04850188346934742,0.0,0.0
UGC08550,core_plummer,plummer,1.0,20.0,0.45,0.45,9.0,0.9564730406932039,376.8740216190755,376.8740216190755,1.5959726377324697,1.0,3933619601.2207265,62932222.3324951,3825333323.2424717,0.9724715938611221,0.9895196725888694,0.9343021938605882,4.77743413945043e-08,4.19328901279617e-09,5.196763040730047e-08,False,True,7.593494178342818e-07,8,3,0,0.49628114779294646,0.7801262477542783,2.4646208115931816,1.8306450085759287,0.6339758030172529,0.056414973360363885,0.017406794272168506,0.021493325561426215
UGC08550,fixed_core_envelope,envelope,1.0,20.0,0.45,0.45,9.0,1.0,58.52268908074999,58.52268908074999,1.5959726377324697,1.0,3933619601.2207265,291658486.4574134,4225278087.6781397,1.0741450663828558,0.3101298189937059,0.9343021938605882,4.994844534235888e-08,1.9506792568447267e-09,5.189912459920361e-08,False,True,1.403321903126001e-13,8,3,0,0.7460734785486405,0.7801262477542783,1.3365066487878074,1.8306450085759287,-0.49413835978812126,0.04129179376501129,0.024020341716116642,0.02182424770865983
UGC08550,envelope_a0.5_q10,envelope,0.5,10.0,0.45,0.225,2.25,0.8978741451776375,271.236240410715,271.236240410715,1.5959726377324697,1.0,3933619601.2207265,320152555.7364356,3852047892.6364946,0.9792629392636447,0.7218379256057798,0.9343021938605882,4.4847417664722435e-08,6.94899499469084e-09,5.179641265941327e-08,False,True,9.618366729062567e-07,8,3,0,0.5013387811863277,0.7801262477542783,2.8109640188014633,1.8306450085759287,0.9803190102255346,0.06030415776065656,0.06544920655813981,0.07139731923134598
UGC08550,envelope_a0.5_q20,envelope,0.5,20.0,0.45,0.225,4.5,0.8682248590074841,275.0186575196855,275.0186575196855,1.5959726377324697,1.0,3933619601.2207265,685302800.1589676,4100569123.817909,1.0424417049745667,0.533391485498801,0.9343021938605882,4.3366481915012566e-08,9.166926518511571e-09,5.253340843352414e-08,False,True,2.032868297830791e-06,8,3,0,0.4946558132229624,0.7801262477542783,2.6740123978489465,1.8306450085759287,0.8433673892730178,0.05883451418589003,0.1027814806917489,0.10296090671216494
UGC08550,envelope_a0.5_q50,envelope,0.5,50.0,0.45,0.225,11.25,0.8461548138384369,288.76359434599937,288.76359434599937,1.5959726377324697,1.0,3933619601.2207265,1855689313.1171088,5184140474.499259,1.317905898397104,0.2689714293777535,0.9343021938605882,4.226411747018302e-08,1.2569049402300757e-08,5.483316687248378e-08,False,True,1.3887306634581143e-06,8,3,0,0.47895716271220234,0.7801262477542783,2.400497746451974,1.8306450085759287,0.5698527378760454,0.0557630183874319,0.1383043282367952,0.12803938288821703
UGC08550,envelope_a1_q10,envelope,1.0,10.0,0.45,0.45,4.5,0.8055241494146581,484.88445340982423,484.88445340982423,1.5959726377324697,1.0,3933619601.2207265,1144662650.9861279,4313288234.38028,1.096518899041923,0.5119097303048299,0.9343021938605882,4.023467894898818e-08,1.2422601178390184e-08,5.265728012737836e-08,False,True,4.785592030631763e-07,8,3,0,0.5068171714953016,0.7801262477542783,2.794175231594258,1.8306450085759287,0.9635302230183294,0.06018457156142454,0.16522699377322822,0.1626089785405383
UGC08550,envelope_a1_q20,envelope,1.0,20.0,0.45,0.45,9.0,0.7639153858607572,527.2091025547743,527.2091025547743,1.5959726377324697,1.0,3933619601.2207265,2627442643.408452,5632395178.904421,1.4318606652144277,0.3101298189937059,0.9343021938605882,3.815638589685303e-08,1.7572942674495144e-08,5.572932857134817e-08,False,True,1.5744518357191162e-08,8,3,0,0.48062418990086375,0.7801262477542783,2.4020797037142354,1.8306450085759287,0.5714346951383067,0.05582069851405702,0.22494819663405988,0.20830270881536175
UGC08550,envelope_a1_q50,envelope,1.0,50.0,0.45,0.45,22.5,0.7448621871701797,549.3024659390288,549.3024659390288,1.5959726377324697,1.0,3933619601.2207265,7059994650.783807,9989999150.444567,2.5396454571622415,0.13260049209867936,0.9343021938605882,3.720470824345961e-08,2.3909557736425007e-08,6.111426597988463e-08,False,True,3.381314315410182e-07,8,3,0,0.4665864748941425,0.7801262477542783,2.1625948820017107,1.8306450085759287,0.33194987342578197,0.05295036728844927,0.25482941402170145,0.2295476538535409
UGC08550,envelope_a2_q10,envelope,2.0,10.0,0.45,0.9,9.0,0.4872487494138303,1542.6769217140488,1542.6769217140488,1.5959726377324697,1.0,3933619601.2207265,7283568868.444748,9200220099.809277,2.3388687856228287,0.2806087998574725,0.9343021938605882,2.4337317528229423e-08,3.9522942034528025e-08,6.386025956275744e-08,False,True,1.5607460264111607e-07,8,3,0,0.49277092369232695,0.7801262477542783,1.557310395802754,1.8306450085759287,-0.2733346127731746,0.0446312416791847,0.5330027096369655,0.49631127284374554
UGC08550,envelope_a2_q20,envelope,2.0,20.0,0.45,0.9,18.0,0.40068937320202913,1726.369889849048,1726.369889849048,1.5959726377324697,1.0,3933619601.2207265,17207357934.092117,18783517506.520466,4.775123019188573,0.14688823648014443,0.9343021938605882,2.0013811256645592e-08,5.7543390207569334e-08,7.755720146421494e-08,False,True,1.37713611756199e-07,8,3,0,0.4540514308529825,0.7801262477542783,1.0429740228709161,1.8306450085759287,-0.7876709857050126,0.03559398770026621,0.6318631074634,0.5880786457433531
UGC08550,envelope_a2_q50,envelope,2.0,50.0,0.45,0.9,45.0,0.37079214755244483,1789.571069441762,1789.571069441762,1.5959726377324697,1.0,3933619601.2207265,46001476275.39935,47460031534.99038,12.065231605074887,0.05876637698589116,0.9343021938605882,1.852049131539916e-08,7.789488571675736e-08,9.641537703215653e-08,False,True,1.4084829105523836e-08,8,3,0,0.44047093584086194,0.7801262477542783,0.881674183766282,1.8306450085759287,-0.9489708248096467,0.032042016396485844,0.6648530683543367,0.6196693857217621
UGC08699,core_refit,none,1.0,20.0,3.09,3.09,61.8,0.9999999997964927,0.0,0.0,1.1953640542711703,1.0132752931457176,43066763248.993195,0.0,43066763240.22879,0.9999999997964926,0.0,0.9997007098596532,2.776205372235219e-07,0.0,2.776205372235219e-07,False,True,6.9495520448953335e-12,32,9,0,0.5916683673066216,0.591668367306625,35.393076824892546,35.39307681357389,1.1318654458136734e-08,0.14877814344223178,0.0,0.0
UGC08699,core_plummer,plummer,1.0,20.0,3.09,3.09,61.8,0.9899052887010332,283.0282367351415,275.66070283229425,1.1953640542711703,1.0132752931457176,43066763248.993195,236740435.28003764,42868757142.693695,0.995402345303855,0.9787012034044775,0.9997007098596532,2.7481803810551383e-07,3.067138964581322e-09,2.7788517707009514e-07,False,True,4.252497568692096e-06,32,9,0,0.5910140779923264,0.591668367306625,35.65444375109387,35.39307681357389,0.2613669375199805,0.14951439274892842,0.005407070767117122,0.0066107411399879586
UGC08699,fixed_core_envelope,envelope,1.0,20.0,3.09,3.09,61.8,1.0,0.0,0.0,1.1953640542711703,1.0132752931457176,43066763248.993195,0.0,43066763248.993195,1.0,0.21547547538451678,0.9997007098596532,2.776205372800197e-07,0.0,2.776205372800197e-07,False,True,0.0,32,9,0,0.5916683673066228,0.591668367306625,35.39307681357389,35.39307681357389,0.0,0.1487781434090215,0.0,0.0
UGC08699,envelope_a0.5_q10,envelope,0.5,10.0,3.09,1.545,15.45,0.9782237746437358,324.050486640776,315.61509880067774,1.1953640542711703,1.0132752931457176,43066763248.993195,1915965765.6088555,44044897472.7271,1.0227120440437736,0.6213718535266232,0.9997007098596532,2.7157500989668284e-07,8.085968668839149e-09,2.7966097856552203e-07,False,True,4.6078696380847056e-06,32,9,0,0.5908893750373725,0.591668367306625,35.2936318217271,35.39307681357389,-0.099444991846795,0.1487157229459505,0.02749050543811896,0.01875298291053737
UGC08699,envelope_a0.5_q20,envelope,0.5,20.0,3.09,1.545,30.9,0.9761230299275867,331.1182115540285,322.49884312063307,1.1953640542711703,1.0132752931457176,43066763248.993195,4133036360.883827,46171495792.6651,1.0720911512602351,0.4143020725925618,0.9997007098596532,2.7099180001989737e-07,1.0749536863622512e-08,2.817413368835199e-07,False,True,2.3632323931695278e-07,32,9,0,0.5908934609948104,0.591668367306625,34.98136321894887,35.39307681357389,-0.4117135946250201,0.14801521308801707,0.039149425503597984,0.021428444549590305
UGC08699,envelope_a0.5_q50,envelope,0.5,50.0,3.09,1.545,77.25,0.9754740904867857,332.90478315555947,324.23890831348916,1.1953640542711703,1.0132752931457176,43066763248.993195,10716394000.799757,52726905711.32112,1.224306210487127,0.18900648586561683,0.9997007098596532,2.7081164110367995e-07,1.4113187869026026e-08,2.84924828972706e-07,False,True,4.681966363022448e-07,32,9,0,0.5908990353719268,0.591668367306625,34.8030335095931,35.39307681357389,-0.5900433039807922,0.14761965744738492,0.046008887979903296,0.022324415665422804
UGC08699,envelope_a1_q10,envelope,1.0,10.0,3.09,3.09,30.9,0.9999999997964927,0.0,0.0,1.1953640542711703,1.0132752931457176,43066763248.993195,0.0,43066763240.22879,0.9999999997964926,0.3881038079024614,0.9997007098596532,2.776205372235219e-07,0.0,2.776205372235219e-07,False,True,5.840235221301081e-12,32,9,0,0.5916683673066216,0.591668367306625,35.393076824892546,35.39307681357389,1.1318654458136734e-08,0.14877814344223178,0.0,0.0
UGC08699,envelope_a1_q20,envelope,1.0,20.0,3.09,3.09,61.8,1.0000000001075986,4.5487760375398044e-14,4.4303664326903935e-14,1.1953640542711703,1.0132752931457176,43066763248.993195,1.1355616275187226e-06,43066763253.62712,1.0000000001075986,0.21547547538451678,0.9997007098596532,2.7762053730989125e-07,1.4767304845725257e-24,2.7762053730989125e-07,False,True,3.580860145603931e-07,32,9,0,0.5916683673066236,0.591668367306625,35.39307680758947,35.39307681357389,-5.984418294247007e-09,0.14877814339146256,5.6832442691996776e-18,2.3489310529962435e-18
UGC08699,envelope_a1_q50,envelope,1.0,50.0,3.09,3.09,154.5,0.9999999998723361,0.0,0.0,1.1953640542711703,1.0132752931457176,43066763248.993195,0.0,43066763243.495125,0.9999999998723361,0.08822448156864438,0.9997007098596532,2.7762053724457754e-07,0.0,2.7762053724457754e-07,False,True,8.54728830584788e-08,32,9,0,0.5916683673066221,0.591668367306625,35.39307682067429,35.39307681357389,7.10039671503182e-09,0.14877814342985493,0.0,0.0
UGC08699,envelope_a2_q10,envelope,2.0,10.0,3.09,6.18,61.8,0.9999999999085117,0.0,0.0,1.1953640542711703,1.0132752931457176,43066763248.993195,0.0,43066763245.05309,0.9999999999085117,0.1843513309886231,0.9997007098596532,2.7762053725462065e-07,0.0,2.776205372546207e-07,False,True,7.472962625868918e-08,32,9,0,0.5916683673066224,0.591668367306625,35.39307681866226,35.39307681357389,5.08836706103466e-09,0.1487781434239514,0.0,0.0
UGC08699,envelope_a2_q20,envelope,2.0,20.0,3.09,6.18,123.6,0.9999999998511385,1.5820625224268707e-13,1.5408797082848614e-13,1.1953640542711703,1.0132752931457176,43066763248.993195,7.898957776672962e-06,43066763242.58222,0.9999999998511387,0.09265642919403941,0.9997007098596532,2.776205372386927e-07,5.1360628355557306e-24,2.776205372386927e-07,False,True,3.606681468510966e-08,32,9,0,0.591668367306623,0.591668367306625,35.39307682185325,35.39307681357389,8.279357643914409e-09,0.14877814343331408,1.6999381416790327e-17,5.0357110780820365e-18
UGC08699,envelope_a2_q50,envelope,2.0,50.0,3.09,6.18,309.0,0.9999999997964927,0.0,0.0,1.1953640542711703,1.0132752931457176,43066763248.993195,0.0,43066763240.22879,0.9999999997964926,0.03656298042906215,0.9997007098596532,2.776205372235219e-07,0.0,2.776205372235219e-07,False,True,3.108132173625886e-12,32,9,0,0.5916683673066216,0.591668367306625,35.393076824892546,35.39307681357389,1.1318654458136734e-08,0.14877814344223178,0.0,0.0
UGC08837,core_refit,none,1.0,20.0,1.72,1.72,34.4,0.999999999999,0.0,0.0,0.9972417060371908,0.99946376515915,1.4883494042162226e+16,0.0,1.4883494042147342e+16,0.9999999999989999,0.0,1.1325136810154145e-07,0.000999999999999,0.0,0.000999999999999,True,True,0.0,6,2,0,0.2000925669296533,0.20009256692965324,0.4500131839647816,0.45001318396808804,-3.30641070078741e-12,-0.015125365481407586,0.0,0.0
UGC08837,core_plummer,plummer,1.0,20.0,1.72,1.72,34.4,0.999999999999,0.0,0.0,0.9972417060371908,0.99946376515915,1.4883494042162226e+16,0.0,1.4883494042147342e+16,0.9999999999989999,0.7924970239972483,1.1325136810154145e-07,0.000999999999999,0.0,0.000999999999999,True,True,0.0,6,2,0,0.2000925669296533,0.20009256692965324,0.4500131839647816,0.45001318396808804,-3.30641070078741e-12,-0.015125365481407586,0.0,0.0
UGC08837,fixed_core_envelope,envelope,1.0,20.0,1.72,1.72,34.4,1.0,0.0,0.0,0.9972417060371908,0.99946376515915,1.4883494042162226e+16,0.0,1.4883494042162226e+16,1.0,0.04180674178071727,1.1325136810154145e-07,0.001,0.0,0.001,True,True,0.0,6,2,0,0.20009256692965346,0.20009256692965324,0.45001318396808804,0.45001318396808804,0.0,-0.015125365481742113,0.0,0.0
UGC08837,envelope_a0.5_q10,envelope,0.5,10.0,1.72,0.86,8.6,0.999999999999,0.0,0.0,0.9972417060371908,0.99946376515915,1.4883494042162226e+16,0.0,1.4883494042147342e+16,0.9999999999989999,0.22452834055842338,1.1325136810154145e-07,0.000999999999999,0.0,0.000999999999999,True,True,0.0,6,2,0,0.2000925669296533,0.20009256692965324,0.4500131839647816,0.45001318396808804,-3.30641070078741e-12,-0.015125365481407586,0.0,0.0
UGC08837,envelope_a0.5_q20,envelope,0.5,20.0,1.72,0.86,17.2,0.999999999999,0.0,0.0,0.9972417060371908,0.99946376515915,1.4883494042162226e+16,0.0,1.4883494042147342e+16,0.9999999999989999,0.11463039567243234,1.1325136810154145e-07,0.000999999999999,0.0,0.000999999999999,True,True,0.0,6,2,0,0.2000925669296533,0.20009256692965324,0.4500131839647816,0.45001318396808804,-3.30641070078741e-12,-0.015125365481407586,0.0,0.0
UGC08837,envelope_a0.5_q50,envelope,0.5,50.0,1.72,0.86,43.0,0.999999999999,0.0,0.0,0.9972417060371908,0.99946376515915,1.4883494042162226e+16,0.0,1.4883494042147342e+16,0.9999999999989999,0.045465724876838455,1.1325136810154145e-07,0.000999999999999,0.0,0.000999999999999,True,True,0.0,6,2,0,0.2000925669296533,0.20009256692965324,0.4500131839647816,0.45001318396808804,-3.30641070078741e-12,-0.015125365481407586,0.0,0.0
UGC08837,envelope_a1_q10,envelope,1.0,10.0,1.72,1.72,17.2,0.999999999999,0.0,0.0,0.9972417060371908,0.99946376515915,1.4883494042162226e+16,0.0,1.4883494042147342e+16,0.9999999999989999,0.08579412253258122,1.1325136810154145e-07,0.000999999999999,0.0,0.000999999999999,True,True,0.0,6,2,0,0.2000925669296533,0.20009256692965324,0.4500131839647816,0.45001318396808804,-3.30641070078741e-12,-0.015125365481407586,0.0,0.0
UGC08837,envelope_a1_q20,envelope,1.0,20.0,1.72,1.72,34.4,0.999999999999,0.0,0.0,0.9972417060371908,0.99946376515915,1.4883494042162226e+16,0.0,1.4883494042147342e+16,0.9999999999989999,0.04180674178071727,1.1325136810154145e-07,0.000999999999999,0.0,0.000999999999999,True,True,0.0,6,2,0,0.2000925669296533,0.20009256692965324,0.4500131839647816,0.45001318396808804,-3.30641070078741e-12,-0.015125365481407586,0.0,0.0
UGC08837,envelope_a1_q50,envelope,1.0,50.0,1.72,1.72,86.0,0.999999999999,0.0,0.0,0.9972417060371908,0.99946376515915,1.4883494042162226e+16,0.0,1.4883494042147342e+16,0.9999999999989999,0.016341835631190155,1.1325136810154145e-07,0.000999999999999,0.0,0.000999999999999,True,True,0.0,6,2,0,0.2000925669296533,0.20009256692965324,0.4500131839647816,0.45001318396808804,-3.30641070078741e-12,-0.015125365481407586,0.0,0.0
UGC08837,envelope_a2_q10,envelope,2.0,10.0,1.72,3.44,34.4,0.999999999999,0.0,0.0,0.9972417060371908,0.99946376515915,1.4883494042162226e+16,0.0,1.4883494042147342e+16,0.9999999999989999,0.023368814129036613,1.1325136810154145e-07,0.000999999999999,0.0,0.000999999999999,True,True,0.0,6,2,0,0.2000925669296533,0.20009256692965324,0.4500131839647816,0.45001318396808804,-3.30641070078741e-12,-0.015125365481407586,0.0,0.0
UGC08837,envelope_a2_q20,envelope,2.0,20.0,1.72,3.44,68.8,0.999999999999,0.0,0.0,0.9972417060371908,0.99946376515915,1.4883494042162226e+16,0.0,1.4883494042147342e+16,0.9999999999989999,0.0112202067532036,1.1325136810154145e-07,0.000999999999999,0.0,0.000999999999999,True,True,0.0,6,2,0,0.2000925669296533,0.20009256692965324,0.4500131839647816,0.45001318396808804,-3.30641070078741e-12,-0.015125365481407586,0.0,0.0
UGC08837,envelope_a2_q50,envelope,2.0,50.0,1.72,3.44,172.0,0.999999999999,0.0,0.0,0.9972417060371908,0.99946376515915,1.4883494042162226e+16,0.0,1.4883494042147342e+16,0.9999999999989999,0.004367201756653968,1.1325136810154145e-07,0.000999999999999,0.0,0.000999999999999,True,True,0.0,6,2,0,0.2000925669296533,0.20009256692965324,0.4500131839647816,0.45001318396808804,-3.30641070078741e-12,-0.015125365481407586,0.0,0.0
UGC09037,core_refit,none,1.0,20.0,4.28,4.28,85.60000000000001,0.999999999999,0.0,0.0,0.9177658457078316,0.96921419761917,95224545743.81088,0.0,95224545743.71567,0.9999999999990001,0.0,0.9529385539729484,4.270572870726219e-07,0.0,4.270572870726219e-07,False,True,7.467767800002441e-06,17,5,0,1.4248224264354175,1.4248224264354135,0.16065319898609692,0.16065319898308922,3.0077051960120116e-12,0.0143913829743695,0.0,0.0
UGC09037,core_plummer,plummer,1.0,20.0,4.28,4.28,85.60000000000001,0.993820330530504,253.52837548685505,269.8901526870513,0.9177658457078316,0.96921419761917,95224545743.81088,246491308.79476857,94882580834.526,0.9964088575417845,0.9658537710955454,0.9529385539729484,4.244182141943979e-07,3.002932935155673e-09,4.2742114712955356e-07,False,True,2.1678737523994193e-06,17,5,0,1.4228661026982725,1.4248224264354135,0.1711710929860099,0.16065319898308922,0.010517894002920691,0.015566714938218162,0.002632972437036413,0.002914700483043689
UGC09037,fixed_core_envelope,envelope,1.0,20.0,4.28,4.28,85.60000000000001,1.0,104.41386996023155,111.15235228442468,0.9177658457078316,0.96921419761917,95224545743.81088,3029749397.2386293,98254295141.04951,1.0318168952508293,0.16402372626900724,0.9529385539729484,4.27057287073049e-07,3.704932076028693e-09,4.307622191490777e-07,False,True,2.0516921495068682e-13,17,5,0,1.4234988785819331,1.4248224264354135,0.14646665529219566,0.16065319898308922,-0.01418654369089356,0.012669963157418671,0.005446627425341396,0.004580158788413107
UGC09037,envelope_a0.5_q10,envelope,0.5,10.0,4.28,2.14,21.400000000000002,0.9865819437835102,254.20824039779862,270.6138935474925,0.9177658457078316,0.96921419761917,95224545743.81088,1747016683.8303137,95693834119.66103,1.0049282290840504,0.5433084936409176,0.9529385539729484,4.2132700838744116e-07,6.9330506458422275e-09,4.282600590332834e-07,False,True,1.046420541011365e-06,17,5,0,1.4225875110051174,1.4248224264354135,0.17081101800857917,0.16065319898308922,0.010157819025489956,0.015472390008937048,0.010490986570747166,0.010048626242147663
UGC09037,envelope_a0.5_q20,envelope,0.5,20.0,4.28,2.14,42.800000000000004,0.9823352630920088,299.79546453257853,319.1431473585812,0.9177658457078316,0.96921419761917,95224545743.81088,4349542490.420112,97891971686.4836,1.0280119576505944,0.3377106457939587,0.9529385539729484,4.195134324522631e-07,1.0637684756035927e-08,4.3015111720829906e-07,False,True,1.8302594087782962e-07,17,5,0,1.4219338588105934,1.4248224264354135,0.16867061761757335,0.16065319898308922,0.00801741863448413,0.01514825954790348,0.016211254990637625,0.014567498078947076
UGC09037,envelope_a0.5_q50,envelope,0.5,50.0,4.28,2.14,107.0,0.97994600836803,327.91808971029064,349.08070203504764,0.9177658457078316,0.96921419761917,95224545743.81088,12269486126.414164,105584399626.72052,1.1087939438512153,0.14662073371670903,0.9529385539729484,4.1849308381171426e-07,1.5194479758452734e-08,4.33687563570167e-07,False,True,3.6346858423390036e-08,17,5,0,1.4214901923640253,1.4248224264354135,0.16688387687175077,0.16065319898308922,0.006230677888661551,0.01487623452721051,0.019829306235719327,0.017199383029158095
UGC09037,envelope_a1_q10,envelope,1.0,10.0,4.28,4.28,42.800000000000004,0.8811886042836179,2751.065839384928,2928.609383537132,0.9177658457078316,0.96921419761917,95224545743.81088,37812762577.64251,121723547135.17276,1.278279105291339,0.3089595804025151,0.9529385539729484,3.7631801474504835e-07,7.503013578417159e-08,4.5134815052922e-07,False,True,1.9546112460587854e-07,17,5,0,1.3913627216925355,1.4248224264354135,0.1649855798371402,0.16065319898308922,0.004332380854050993,0.013537545579301355,0.12747762600250073,0.11265821156854326
UGC09037,envelope_a1_q20,envelope,1.0,20.0,4.28,4.28,85.60000000000001,0.8594801432910922,3111.1815598081216,3311.9656314655317,0.9177658457078316,0.96921419761917,95224545743.81088,90276324966.39328,172119931187.11304,1.8075164322671498,0.16402372626900724,0.9529385539729484,3.6704725828704925e-07,1.1039449413830086e-07,4.774417524253501e-07,False,True,7.38332427403383e-07,17,5,0,1.3855784253148375,1.4248224264354135,0.14651302583699394,0.16065319898308922,-0.01414017314609528,0.010602721907349214,0.1595641921454523,0.13757155048539044
UGC09037,envelope_a1_q50,envelope,1.0,50.0,4.28,4.28,214.0,0.8517731003187343,3238.7814277804723,3447.800319727836,0.9177658457078316,0.96921419761917,95224545743.81088,242366524089.8926,323476230644.5415,3.3969837095869355,0.06596179300955843,0.9529385539729484,3.6375590942391866e-07,1.5007283950068302e-07,5.138287489246016e-07,False,True,5.914915783332802e-07,17,5,0,1.3834457117570564,1.4248224264354135,0.13961116897038045,0.16065319898308922,-0.021042030012708768,0.009395140670280933,0.1713874003768822,0.14654379147879423
UGC09037,envelope_a2_q10,envelope,2.0,10.0,4.28,8.56,85.60000000000001,0.32030022789361584,25305.646102651437,26938.778262487584,0.9177658457078316,0.96921419761917,95224545743.81088,695640485410.802,726140929113.6107,7.625564642410555,0.13322323521445908,0.9529385539729484,1.3678654637312692e-07,6.901638034270495e-07,8.269503498001765e-07,False,True,9.360162838623954e-07,17,5,0,1.3224637758024076,1.4248224264354135,0.50009083224917,0.16065319898308922,0.33943763326608073,-0.06607923072790974,0.7612541199236297,0.714756283402216
UGC09037,envelope_a2_q20,envelope,2.0,20.0,4.28,8.56,171.20000000000002,0.3964475184364634,22032.615922656623,23454.51890362174,0.9177658457078316,0.96921419761917,95224545743.81088,1278629071725.5027,1316380606579.876,13.823963100033314,0.06580855784634637,0.9529385539729484,1.6930580169031863e-07,7.817864186219847e-07,9.510922203123033e-07,False,True,1.0146531828839029e-07,17,5,0,1.3324764904795907,1.4248224264354135,0.4379504921896172,0.16065319898308922,0.27729729320652796,-0.06195887402178233,0.7005077891599504,0.6449540707898896
UGC09037,envelope_a2_q50,envelope,2.0,50.0,4.28,8.56,428.0,0.41641862876411473,21185.444102415633,22552.673769017223,0.9177658457078316,0.96921419761917,95224545743.81088,3170724893233.655,3210378167996.978,33.713767211177654,0.02582876915110049,0.9529385539729484,1.7783460988668197e-07,9.816530764508304e-07,1.1594876863375122e-06,False,True,2.273127569054626e-07,17,5,0,1.335099959144339,1.4248224264354135,0.4218338462859511,0.16065319898308922,0.2611806473028619,-0.06083578987543518,0.6842733157438387,0.6264827537442702
UGC09133,core_refit,none,1.0,20.0,6.97,6.97,139.4,0.9999999906177882,0.0,0.0,1.6292395716880073,1.1511504354106197,1395643993803.6545,0.0,1395643980709.427,0.9999999906177882,0.0,0.8730859375950625,7.515572158926845e-07,0.0,7.515572158926844e-07,False,True,5.001952429472862e-06,54,14,0,8.715747869539726,8.715747869539763,99.67826569223003,99.67827328561,-7.593379976356118e-06,-0.0705497748471831,0.0,0.0
UGC09133,core_plummer,plummer,1.0,20.0,6.97,6.97,139.4,0.9982500799602919,292.8708432270975,221.01002485819376,1.6292395716880073,1.1511504354106197,1395643993803.6545,583537287.9246,1393785265698.524,0.9986681932402655,0.9938201690492363,0.8730859375950625,7.502420578985365e-07,2.4590681654688094e-09,7.527011260640053e-07,False,True,6.942273149594514e-05,54,14,0,8.714778337902594,8.715747869539763,98.74647495407399,99.67827328561,-0.9317983315360152,-0.07016258369558614,0.0004765389608425158,0.0009784070249393923
UGC09133,fixed_core_envelope,envelope,1.0,20.0,6.97,6.97,139.4,1.0,335.4864608353409,253.16917939595663,1.6292395716880073,1.1511504354106197,1395643993803.6545,19949910472.563477,1415593904276.218,1.0142944121574962,0.3921676587811909,0.8730859375950625,7.515572229439535e-07,8.438639346163227e-09,7.599958622901167e-07,False,True,9.596590188254968e-11,54,14,0,8.686142118647544,8.715747869539763,105.0138289763943,99.67827328561,5.33555569078429,-0.07286755998560286,0.006379718700405304,0.007682818334081816
UGC09133,envelope_a0.5_q10,envelope,0.5,10.0,6.97,3.485,34.85,0.9439327255882409,2424.237255027146,1829.4096130977935,1.6292395716880073,1.1511504354106197,1395643993803.6545,34142867042.32148,1351536906064.2632,0.968396605484481,0.7820754337244465,0.8730859375950625,7.094194578890153e-07,4.6868951676243896e-08,7.562884095652591e-07,False,True,3.654066012176976e-06,54,14,0,8.517017580764849,8.715747869539763,76.45194732091633,99.67827328561,-23.22632596469367,-0.06033120416630656,0.02268866177324786,0.037834738212408986
UGC09133,envelope_a0.5_q20,envelope,0.5,20.0,6.97,3.485,69.7,0.9284186270995728,2349.438702614631,1772.9641515219948,1.6292395716880073,1.1511504354106197,1395643993803.6545,69855414822.45126,1365597295469.4048,0.9784710868476127,0.6178938514838747,0.8730859375950625,6.977597251123928e-07,5.909647092141011e-08,7.568561960338029e-07,False,True,2.1482000815224795e-05,54,14,0,8.511309368534162,8.715747869539763,74.87939465175677,99.67827328561,-24.798878633853235,-0.05959655411210459,0.03675164119983263,0.052431811920371586
UGC09133,envelope_a0.5_q50,envelope,0.5,50.0,6.97,3.485,174.25,0.917391658074088,2404.6100940766223,1814.5983082858377,1.6292395716880073,1.1511504354106197,1395643993803.6545,184383944794.78284,1464736102351.4595,1.0495055392740258,0.3412816475943433,0.8730859375950625,6.894723268941105e-07,7.898424949942811e-08,7.684565763935386e-07,False,True,4.7123833210862145e-05,54,14,0,8.505490775845384,8.715747869539763,76.52493944020081,99.67827328561,-23.153333845409193,-0.06034190059679058,0.05329242214877838,0.06387582689743007
UGC09133,envelope_a1_q10,envelope,1.0,10.0,6.97,6.97,69.7,0.8640055133394607,5167.290188345437,3899.4080817057634,1.6292395716880073,1.1511504354106197,1395643993803.6545,145551844402.94806,1351395949708.4097,0.9682956081266453,0.6000738532807289,0.8730859375950625,6.4934958421367e-07,9.990172110113024e-08,7.492513053148003e-07,False,True,3.321575122968738e-05,54,14,0,8.262839527090874,8.715747869539763,57.9376017406046,99.67827328561,-41.740671545005405,-0.051012871026477905,0.0766057591224165,0.10435988111968605
UGC09133,envelope_a1_q20,envelope,1.0,20.0,6.97,6.97,139.4,0.8423773169840594,5306.081692120706,4004.1447409152734,1.6292395716880073,1.1511504354106197,1395643993803.6545,315529438816.52203,1491188281781.7617,1.0684589253436423,0.3921676587811909,0.8730859375950625,6.330947570235181e-07,1.3346621985756552e-07,7.665609768810836e-07,False,True,2.123900326611126e-06,54,14,0,8.248898911305563,8.715747869539763,60.1532009626046,99.67827328561,-39.5250723230054,-0.05215521347964997,0.10758245540122033,0.12691650429294324
UGC09133,envelope_a1_q50,envelope,1.0,50.0,6.97,6.97,348.5,0.8318182461914336,5440.518268086727,4105.595027562831,1.6292395716880073,1.1511504354106197,1395643993803.6545,834350835063.8622,1995272974297.226,1.4296432207323568,0.1761713800134093,0.8730859375950625,6.251590111017437e-07,1.787047527377908e-07,8.038637638395346e-07,False,True,0.0003593516626755563,54,14,0,8.235842321463801,8.715747869539763,62.41479420994234,99.67827328561,-37.26347907566766,-0.053302358444684186,0.12665180957558217,0.13801949611849793
UGC09133,envelope_a2_q10,envelope,2.0,10.0,6.97,13.94,139.4,0.7402972382616596,11345.2496536707,8561.500627209518,1.6292395716880073,1.1511504354106197,1395643993803.6545,639144291152.1215,1672335685361.4397,1.1982537758814096,0.3651805477598837,0.8730859375950625,5.563757365410112e-07,2.1934320028707772e-07,7.757189368280889e-07,False,True,3.873444430459583e-06,54,14,0,8.142757387193841,8.715747869539763,50.50523743140047,99.67827328561,-49.17303585420954,-0.04680362683457001,0.20555671739150996,0.22436473450973407
UGC09133,envelope_a2_q20,envelope,2.0,20.0,6.97,13.94,278.8,0.7154391039868028,11875.99455311662,8962.018282457791,1.6292395716880073,1.1511504354106197,1395643993803.6545,1412426763914.1033,2410925052325.5527,1.7274642122414583,0.19996684899024866,0.8730859375950625,5.376934261778318e-07,2.987221441402293e-07,8.364155703180611e-07,False,True,2.7421808980678755e-05,54,14,0,8.113685585147127,8.715747869539763,54.03683648242862,99.67827328561,-45.641436803181385,-0.048734764667232325,0.24470218694200588,0.2503267011583403
UGC09133,envelope_a2_q50,envelope,2.0,50.0,6.97,13.94,697.0,0.7067056127549108,12078.354303210263,9114.725642827614,1.6292395716880073,1.1511504354106197,1395643993803.6545,3704641544241.9487,4690950988070.672,3.3611372304810105,0.08140006283191117,0.8730859375950625,5.311297077609858e-07,3.967378129939979e-07,9.278675207549836e-07,False,True,3.715200315124209e-05,54,14,0,8.102463800972055,8.715747869539763,55.626223522096815,99.67827328561,-44.05204976351319,-0.049583273471194664,0.25936217348097573,0.25946279283247975
UGC11455,core_refit,none,1.0,20.0,5.93,5.93,118.6,0.999999999999,0.0,0.0,0.83594222609912,1.0,235870426596.1524,0.0,235870426595.91653,0.999999999999,0.0,0.9996726806617372,1.3236411013099423e-06,0.0,1.3236411013099425e-06,False,True,8.954809544154165e-07,28,8,0,1.766992478203187,1.7669924782031867,41.05953954522867,41.059539545090615,1.3805134813082987e-10,0.13699278939542286,0.0,0.0
UGC11455,core_plummer,plummer,1.0,20.0,5.93,5.93,118.6,0.9235720763649085,8252.93093185238,8252.93093185238,0.83594222609912,1.0,235870426596.1524,9512136602.487759,227355476246.97296,0.9638998815067291,0.9707309349175394,0.9996726806617372,1.2224779602999801e-06,9.182624063932193e-08,1.3143042009393022e-06,False,True,9.367809314734565e-06,28,8,0,1.6261699534392748,1.7669924782031867,46.50131779501645,41.059539545090615,5.441778249925832,0.1477221335356226,0.04067617153969498,0.04031037297269633
UGC11455,fixed_core_envelope,envelope,1.0,20.0,5.93,5.93,118.6,1.0,471.563981386698,471.563981386698,0.83594222609912,1.0,235870426596.1524,16221237078.75578,252091663674.90817,1.0687718138846167,0.17980225216345214,0.9996726806617372,1.323641101311266e-06,1.5718178559718984e-08,1.339359279870985e-06,False,True,6.714628852928438e-13,28,8,0,1.7648250796452147,1.7669924782031867,39.64811992937665,41.059539545090615,-1.4114196157139673,0.13423475626944736,0.012218243710157431,0.006698058938491437
UGC11455,envelope_a0.5_q10,envelope,0.5,10.0,5.93,2.965,29.65,0.8312304828752348,11032.318407056213,11032.318407056213,0.83594222609912,1.0,235870426596.1524,89881238158.44794,285943926753.9553,1.2122924051158677,0.5696193914525484,0.9996726806617372,1.1002508317964713e-06,2.82644845962998e-07,1.382895677759469e-06,False,True,1.1491815224879336e-06,28,8,0,1.5824493848732037,1.7669924782031867,37.278485114338324,41.059539545090615,-3.7810544307522918,0.13084837558291246,0.20711488014097718,0.15784825554598872
UGC11455,envelope_a0.5_q20,envelope,0.5,20.0,5.93,2.965,59.3,0.7977985763734322,12425.964172071162,12425.964172071162,0.83594222609912,1.0,235870426596.1524,213719154476.7305,401896245023.735,1.7038856919178136,0.36217203084770344,0.9996726806617372,1.05599898625549e-06,4.14182446799561e-07,1.470181433055051e-06,False,True,2.9740398672504407e-06,28,8,0,1.5550384205711862,1.7669924782031867,30.502469783774213,41.059539545090615,-10.557069761316402,0.1172416353688703,0.2915166815210434,0.20528661397456627
UGC11455,envelope_a0.5_q50,envelope,0.5,50.0,5.93,2.965,148.25,0.7859415475627417,12901.426114291624,12901.426114291624,0.83594222609912,1.0,235870426596.1524,572260208683.3763,757640576786.6404,3.2121050006995633,0.15956409451268844,0.9996726806617372,1.0403045355822283e-06,5.615620021558686e-07,1.6018665377380968e-06,False,True,6.815922377103033e-07,28,8,0,1.545090965468581,1.7669924782031867,27.03398284020697,41.059539545090615,-14.025556704883645,0.10976863938278633,0.33008554478272734,0.22342974909024985
UGC11455,envelope_a1_q10,envelope,1.0,10.0,5.93,5.93,59.3,0.5345895803695032,45105.51888999445,45105.51888999445,0.83594222609912,1.0,235870426596.1524,734957011940.293,861050884315.9058,3.6505249799296013,0.33417828421658613,0.9996726806617372,7.076047409098168e-07,1.1555905085724762e-06,1.8631952494822932e-06,False,True,9.779487297480537e-06,28,8,0,1.5678208815229222,1.7669924782031867,5.557897749527506,41.059539545090615,-35.50164179556311,0.03591723055741535,0.6608382766323839,0.5318743881754322
UGC11455,envelope_a1_q20,envelope,1.0,20.0,5.93,5.93,118.6,0.608429053681084,36936.369456726476,36936.369456726476,0.83594222609912,1.0,235870426596.1524,1270566941996.2512,1414077362441.502,5.995144804069171,0.17980225216345214,0.9996726806617372,8.053417026842015e-07,1.2311636880351315e-06,2.0365053907193327e-06,False,True,1.021206410630893e-07,28,8,0,1.5988624071094928,1.7669924782031867,5.72357301815726,41.059539545090615,-35.335966526933355,0.037797500590435136,0.6142566495698241,0.4646976441854797
UGC11455,envelope_a1_q50,envelope,1.0,50.0,5.93,5.93,296.5,0.6289159993351965,34731.896277811065,34731.896277811065,0.83594222609912,1.0,235870426596.1524,3081160491225.4077,3229503176281.746,13.691852865519119,0.0726778959576776,0.9996726806617372,8.324590659923149e-07,1.5117796311550208e-06,2.344238697147336e-06,False,True,3.558163057132222e-07,28,8,0,1.6074156758313929,1.7669924782031867,5.770941175990873,41.059539545090615,-35.288598369099745,0.03840574867161972,0.601602322892783,0.44563469769551617
UGC11455,envelope_a2_q10,envelope,2.0,10.0,5.93,11.86,118.6,0.9694461246693045,5885.9694103695465,5885.9694103695465,0.83594222609912,1.0,235870426596.1524,191813977387.88776,420477648375.62335,1.782663704151211,0.14876510864490758,0.9996726806617372,1.283198736119217e-06,1.5079685483631112e-07,1.433995590955528e-06,False,True,1.4999985204072687e-06,28,8,0,1.7597308312427669,1.7669924782031867,32.45070305618256,41.059539545090615,-8.608836488908054,0.12008674596525643,0.11097844386441755,0.055214655986266764
UGC11455,envelope_a2_q20,envelope,2.0,20.0,5.93,11.86,237.2,0.9700013677476184,5697.634550313851,5697.634550313851,0.83594222609912,1.0,235870426596.1524,391983630967.61365,620778267377.0957,2.631861383962164,0.07385188879298579,0.9996726806617372,1.283933678678892e-06,1.8991365067048676e-07,1.4738473293493787e-06,False,True,1.3359514317284448e-06,28,8,0,1.7597461092454874,1.7669924782031867,32.30818128825467,41.059539545090615,-8.751358256835942,0.11981941961569516,0.1123487499620148,0.05471410241769544
UGC11455,envelope_a2_q50,envelope,2.0,50.0,5.93,11.86,593.0,0.9701555791060191,5645.8133608466715,5645.8133608466715,0.83594222609912,1.0,235870426596.1524,1001710757692.591,1230541768000.9648,5.217024388173289,0.029029786652096396,0.9996726806617372,1.2841377991711603e-06,2.457460304487812e-07,1.5298838296199411e-06,False,True,1.7555992977818799e-06,28,8,0,1.759750067348987,1.7669924782031867,32.264893037972406,41.059539545090615,-8.794646507118209,0.11973813880423606,0.11278292911609435,0.054576532035131
UGC11557,core_refit,none,1.0,20.0,2.75,2.75,55.0,0.9999999999979,0.0,0.0,0.928017010867688,0.6647837598725306,7418729852783343.0,0.0,7418729852767764.0,0.9999999999979,0.0,1.1708746181670437e-05,0.0009999999999990002,0.0,0.000999999999999,True,True,0.0,9,3,0,0.1600710822085241,0.160071082208524,31.74861686301701,31.748616863194655,-1.7764634208106145e-10,-0.42925967708721996,0.0,0.0
UGC11557,core_plummer,plummer,1.0,20.0,2.75,2.75,55.0,0.9999999999979,0.0,0.0,0.928017010867688,0.6647837598725306,7418729852783343.0,0.0,7418729852767764.0,0.9999999999979,0.9062642562115125,1.1708746181670437e-05,0.0009999999999990002,0.0,0.000999999999999,True,True,0.0,9,3,0,0.1600710822085241,0.160071082208524,31.74861686301701,31.748616863194655,-1.7764634208106145e-10,-0.42925967708721996,0.0,0.0
UGC11557,fixed_core_envelope,envelope,1.0,20.0,2.75,2.75,55.0,1.0,0.0,0.0,0.928017010867688,0.6647837598725306,7418729852783343.0,0.0,7418729852783343.0,1.0,0.08302168557243761,1.1708746181670437e-05,0.0010000000000011,0.0,0.0010000000000011,True,True,0.0,9,3,0,0.16007108220852412,0.160071082208524,31.748616863194655,31.748616863194655,0.0,-0.42925967708850726,0.0,0.0
UGC11557,envelope_a0.5_q10,envelope,0.5,10.0,2.75,1.375,13.75,0.9999999999979,0.0,0.0,0.928017010867688,0.6647837598725306,7418729852783343.0,0.0,7418729852767764.0,0.9999999999979,0.3613102175365819,1.1708746181670437e-05,0.0009999999999990002,0.0,0.000999999999999,True,True,0.0,9,3,0,0.1600710822085241,0.160071082208524,31.74861686301701,31.748616863194655,-1.7764634208106145e-10,-0.42925967708721996,0.0,0.0
UGC11557,envelope_a0.5_q20,envelope,0.5,20.0,2.75,1.375,27.5,0.9999999999979,0.0,0.0,0.928017010867688,0.6647837598725306,7418729852783343.0,0.0,7418729852767764.0,0.9999999999979,0.19740025653540968,1.1708746181670437e-05,0.0009999999999990002,0.0,0.000999999999999,True,True,0.0,9,3,0,0.1600710822085241,0.160071082208524,31.74861686301701,31.748616863194655,-1.7764634208106145e-10,-0.42925967708721996,0.0,0.0
UGC11557,envelope_a0.5_q50,envelope,0.5,50.0,2.75,1.375,68.75,0.99999999999891,0.0,0.0,0.928017010867688,0.6647837598725306,7418729852783343.0,0.0,7418729852775256.0,0.9999999999989099,0.08028069469473584,1.1708746181670437e-05,0.00100000000000001,0.0,0.00100000000000001,True,True,0.0,9,3,0,0.16007108220852412,0.160071082208524,31.748616863102438,31.748616863194655,-9.22177889606246e-11,-0.429259677087839,0.0,0.0
UGC11557,envelope_a1_q10,envelope,1.0,10.0,2.75,2.75,27.5,0.9999999999979,0.0,0.0,0.928017010867688,0.6647837598725306,7418729852783343.0,0.0,7418729852767764.0,0.9999999999979,0.1662524318928552,1.1708746181670437e-05,0.0009999999999990002,0.0,0.000999999999999,True,True,0.0,9,3,0,0.1600710822085241,0.160071082208524,31.74861686301701,31.748616863194655,-1.7764634208106145e-10,-0.42925967708721996,0.0,0.0
UGC11557,envelope_a1_q20,envelope,1.0,20.0,2.75,2.75,55.0,0.9999999999979,0.0,0.0,0.928017010867688,0.6647837598725306,7418729852783343.0,0.0,7418729852767764.0,0.9999999999979,0.08302168557243761,1.1708746181670437e-05,0.0009999999999990002,0.0,0.000999999999999,True,True,0.0,9,3,0,0.1600710822085241,0.160071082208524,31.74861686301701,31.748616863194655,-1.7764634208106145e-10,-0.42925967708721996,0.0,0.0
UGC11557,envelope_a1_q50,envelope,1.0,50.0,2.75,2.75,137.5,0.9999999999979,0.0,0.0,0.928017010867688,0.6647837598725306,7418729852783343.0,0.0,7418729852767764.0,0.9999999999979,0.03269417791859402,1.1708746181670437e-05,0.0009999999999990002,0.0,0.000999999999999,True,True,0.0,9,3,0,0.1600710822085241,0.160071082208524,31.74861686301701,31.748616863194655,-1.7764634208106145e-10,-0.42925967708721996,0.0,0.0
UGC11557,envelope_a2_q10,envelope,2.0,10.0,2.75,5.5,55.0,0.9999999999979,0.0,0.0,0.928017010867688,0.6647837598725306,7418729852783343.0,0.0,7418729852767764.0,0.9999999999979,0.057033649414245075,1.1708746181670437e-05,0.0009999999999990002,0.0,0.000999999999999,True,True,0.0,9,3,0,0.1600710822085241,0.160071082208524,31.74861686301701,31.748616863194655,-1.7764634208106145e-10,-0.42925967708721996,0.0,0.0
UGC11557,envelope_a2_q20,envelope,2.0,20.0,2.75,5.5,110.0,0.9999999999979,0.0,0.0,0.928017010867688,0.6647837598725306,7418729852783343.0,0.0,7418729852767764.0,0.9999999999979,0.027592872229906563,1.1708746181670437e-05,0.0009999999999990002,0.0,0.000999999999999,True,True,0.0,9,3,0,0.1600710822085241,0.160071082208524,31.74861686301701,31.748616863194655,-1.7764634208106145e-10,-0.42925967708721996,0.0,0.0
UGC11557,envelope_a2_q50,envelope,2.0,50.0,2.75,5.5,275.0,0.9999999999979,0.0,0.0,0.928017010867688,0.6647837598725306,7418729852783343.0,0.0,7418729852767764.0,0.9999999999979,0.010763237187279876,1.1708746181670437e-05,0.0009999999999990002,0.0,0.000999999999999,True,True,0.0,9,3,0,0.1600710822085241,0.160071082208524,31.74861686301701,31.748616863194655,-1.7764634208106145e-10,-0.42925967708721996,0.0,0.0
UGC11820,core_refit,none,1.0,20.0,2.08,2.08,41.6,0.999999999999,0.0,0.0,1.577037064594582,1.25997404189962,5028240098.970205,0.0,5028240098.965178,0.9999999999990001,0.0,0.9906881192984516,2.9006809395102156e-08,0.0,2.9006809395102156e-08,False,True,1.7737880014116668e-06,8,2,0,0.7436977632683183,0.7436977632683194,105.41688155081732,105.41688155058952,2.2780000108468812e-10,0.12552972439430554,0.0,0.0
UGC11820,core_plummer,plummer,1.0,20.0,2.08,2.08,41.6,0.9247582102592201,572.4655386868427,360.60035708272414,1.577037064594582,1.25997404189962,5028240098.970205,275023813.12743425,4924930127.804766,0.9794540497008889,0.974619079284349,0.9906881192984516,2.6824285141571827e-08,4.0122200752104795e-09,3.0836505216782305e-08,False,True,8.130593964368164e-07,8,2,0,0.6500854653641297,0.7436977632683194,110.22482666057398,105.41688155058952,4.807945109984459,0.12811605394685066,0.05498721624799394,0.059859346714604286
UGC11820,fixed_core_envelope,envelope,1.0,20.0,2.08,2.08,41.6,1.0,7.021973484379071,4.423194017409088,1.577037064594582,1.25997404189962,5028240098.970205,100682412.7017566,5128922511.671962,1.020023390037078,0.19527185527057578,0.9906881192984516,2.9006809395131164e-08,1.4743397739044953e-10,2.915424337252161e-08,False,True,1.6697754290359567e-13,8,2,0,0.7430395760448429,0.7436977632683194,104.62172935220394,105.41688155058952,-0.7951521983855798,0.12508744522841722,0.003931240596282302,0.0027298627846100046
UGC11820,envelope_a0.5_q10,envelope,0.5,10.0,2.08,1.04,10.4,0.7319209316816481,714.1552197931582,449.851755025517,1.577037064594582,1.25997404189962,5028240098.970205,2425191049.0260844,6105465226.983379,1.214235021958039,0.5932761903884771,0.9906881192984516,2.1230690957596383e-08,1.1525073453649437e-08,3.2755764411245815e-08,False,True,2.0071521845721756e-08,8,2,0,0.600541862083624,0.7436977632683194,104.1264034433531,105.41688155058952,-1.2904781072364244,0.12445949040118592,0.28296190765547236,0.2549729309906134
UGC11820,envelope_a0.5_q20,envelope,0.5,20.0,2.08,1.04,20.8,0.4589951719955092,1221.6669372134772,769.5372105819002,1.577037064594582,1.25997404189962,5028240098.970205,8758248306.56526,11066186235.626806,2.200807045370245,0.3853080752143411,0.9906881192984516,1.3313985467359181e-08,2.565022724743577e-08,3.896421271479494e-08,False,True,7.468463496855417e-12,8,2,0,0.484956871005018,0.7436977632683194,88.23142304741997,105.41688155058952,-17.185458503169556,0.11443234643965322,0.5961105425197326,0.5336500554157043
UGC11820,envelope_a0.5_q50,envelope,0.5,50.0,2.08,1.04,52.0,0.2589650745263314,1576.119725649876,992.8096932754866,1.577037064594582,1.25997404189962,5028240098.970205,29140440792.468994,30442579364.4351,6.054320948331367,0.17229703325957424,0.9906881192984516,7.51175055678123e-09,4.321415277478013e-08,5.072590333156136e-08,False,True,1.583621800493132e-07,8,2,0,0.39927281398734205,0.7436977632683194,72.26652596878579,105.41688155058952,-33.15035558180374,0.10337232763752538,0.7955872215850519,0.7382720124120437
UGC11820,envelope_a1_q10,envelope,1.0,10.0,2.08,2.08,20.8,0.0,2810.134917530235,1770.1251625320313,1.577037064594582,1.25997404189962,5028240098.970205,19085806165.566784,19085806165.566784,3.7957229149569844,0.3580840082899765,0.9906881192984516,0.0,4.53501009886637e-08,4.53501009886637e-08,False,True,3.6090845239536374e-08,8,2,0,0.37859042083427663,0.7436977632683194,58.442701148992555,105.41688155058952,-46.97418040159697,0.09329005789722379,1.0,1.0
UGC11820,envelope_a1_q20,envelope,1.0,20.0,2.08,2.08,41.6,0.0,2631.3445737455418,1657.5037775669327,1.577037064594582,1.25997404189962,5028240098.970205,37728726963.11574,37728726963.11574,7.50336623162499,0.19527185527057578,0.9906881192984516,0.0,5.524794379459086e-08,5.524794379459086e-08,False,True,2.42512832685562e-06,8,2,0,0.42035462021661335,0.7436977632683194,47.63404400772801,105.41688155058952,-57.782837542861515,0.08419250582730153,1.0,1.0
UGC11820,envelope_a1_q50,envelope,1.0,50.0,2.08,2.08,104.0,5.324279964615542e-17,2579.302105936898,1624.7218348873596,1.577037064594582,1.25997404189962,5028240098.970205,95376003587.48569,95376003587.48569,18.96806869008083,0.07935452330512138,0.9906881192984516,1.5444037409991872e-24,7.071947228647896e-08,7.071947228647896e-08,False,True,2.6864479999629134e-08,8,2,0,0.4478465044834046,0.7436977632683194,44.01772008392217,105.41688155058952,-61.39916146666735,0.08088482827437898,1.0,1.0
UGC11820,envelope_a2_q10,envelope,2.0,10.0,2.08,4.16,41.6,0.8948621627355036,410.91282712408827,258.837086561947,1.577037064594582,1.25997404189962,5028240098.970205,5581655542.950294,10081237352.668154,2.004923622229737,0.164129856891161,0.9906881192984516,2.5957096189383596e-08,6.631332215177964e-09,3.258842840456156e-08,False,True,5.301274202508603e-06,8,2,0,0.7267545051345501,0.7436977632683194,93.61482030426957,105.41688155058952,-11.802061246319951,0.11834173172864,0.17047835236064093,0.1137381175022423
UGC11820,envelope_a2_q20,envelope,2.0,20.0,2.08,4.16,83.2,0.9004901258683256,378.922332058343,238.68603263052194,1.577037064594582,1.25997404189962,5028240098.970205,10866123235.321129,15394003794.93897,3.0615092938962274,0.081901591376582,0.9906881192984516,2.612034544326019e-08,7.955886854557982e-09,3.4076232297818175e-08,False,True,1.5578220872754595e-07,8,2,0,0.7271803078650796,0.7436977632683194,93.62557630819863,105.41688155058952,-11.79130524239089,0.11833768544789601,0.16555196688861185,0.10805159610368868
UGC11820,envelope_a2_q50,envelope,2.0,50.0,2.08,4.16,208.0,0.9019760169650323,370.5115577794927,233.3880225262758,1.577037064594582,1.25997404189962,5028240098.970205,27401142024.149025,31936494000.96203,6.351425821432571,0.032245671236987336,0.9906881192984516,2.6163446403084283e-08,1.0158709901370513e-08,3.632215630445479e-08,False,True,4.36810242649071e-06,8,2,0,0.7272851580227346,0.7436977632683194,93.61689217705539,105.41688155058952,-11.799989373534132,0.11832877454980242,0.16433319047595427,0.10655182741528066
UGC11914,core_refit,none,1.0,20.0,2.44,2.44,48.8,0.999999999999,0.0,0.0,1.1054690857788552,1.0500095372545843,8010944478.204511,0.0,8010944478.1965,0.999999999999,0.0,0.9999999999999052,4.7577695894653123e-07,0.0,4.757769589465313e-07,False,True,3.563140868183032e-06,52,13,0,0.09058305528165622,0.09058305528165642,60.40114457492021,60.40114457488324,3.696953854159801e-11,0.04956626461072856,0.0,0.0
UGC11914,core_plummer,plummer,1.0,20.0,2.44,2.44,48.8,0.999999999999,0.0,0.0,1.1054690857788552,1.0500095372545843,8010944478.204511,0.0,8010944478.1965,0.999999999999,0.9142198257680879,0.9999999999999052,4.7577695894653123e-07,0.0,4.757769589465313e-07,False,True,2.1086454442280612e-07,52,13,0,0.09058305528165622,0.09058305528165642,60.40114457492021,60.40114457488324,3.696953854159801e-11,0.04956626461072856,0.0,0.0
UGC11914,fixed_core_envelope,envelope,1.0,20.0,2.44,2.44,48.8,1.0,317.3227035117632,287.81581772594734,1.1054690857788552,1.0500095372545843,8010944478.204511,5387204673.268781,13398149151.473291,1.6724805905128695,0.08872451774098349,0.9999999999999052,4.75776958947007e-07,9.593481677766634e-09,4.853704406247737e-07,False,True,7.138183372624176e-10,52,13,0,0.08958532852816123,0.09058305528165642,58.86300293651891,60.40114457488324,-1.5381416383643298,0.04844154183041589,0.0563059901240894,0.02618527121633668
UGC11914,envelope_a0.5_q10,envelope,0.5,10.0,2.44,1.22,12.2,0.9960641431847527,179.30895336441378,162.63555196972973,1.1054690857788552,1.0500095372545843,8010944478.204511,720980001.505417,8700394549.288818,1.08606351884726,0.3773726231138632,0.9999999999999052,4.7390436896059777e-07,4.166676381021641e-09,4.780710453416194e-07,False,True,8.453891365781338e-06,52,13,0,0.09018529248714964,0.09058305528165642,59.565362763702716,60.40114457488324,-0.8357818111805244,0.048937085554941445,0.0329731995797961,0.01927048992799943
UGC11914,envelope_a0.5_q20,envelope,0.5,20.0,2.44,1.22,24.4,0.9955917355439866,194.22745524984012,176.16682714128675,1.1054690857788552,1.0500095372545843,8010944478.204511,1648704998.1285906,9624335114.530735,1.2013983046213588,0.20814865347520575,0.9999999999999052,4.736796082898908e-07,5.871995645560563e-09,4.795516039354513e-07,False,True,1.234111898158929e-05,52,13,0,0.09005747934688729,0.09058305528165642,59.37669572134999,60.40114457488324,-1.0244488535332508,0.04880927765584783,0.04125300335973943,0.022372681156487936
UGC11914,envelope_a0.5_q50,envelope,0.5,50.0,2.44,1.22,61.0,0.9954496353061316,198.53283766663085,180.07186496933363,1.1054690857788552,1.0500095372545843,8010944478.204511,4346174542.001628,12320666301.287977,1.5379792401269272,0.08498718141425925,0.9999999999999052,4.7361200027085844e-07,7.838010784877677e-09,4.814500110557361e-07,False,True,1.0758714185997877e-05,52,13,0,0.09001428832341896,0.09058305528165642,59.31160714366323,60.40114457488324,-1.089537431220009,0.04876655376449709,0.04426837041202062,0.02334952472442171
UGC11914,envelope_a1_q10,envelope,1.0,10.0,2.44,2.44,24.4,0.994701949329166,453.5869445055463,411.4092559338043,1.1054690857788552,1.0500095372545843,8010944478.204511,3647638445.223886,11616140533.66163,1.4500338337465486,0.17699988045656104,0.9999999999999052,4.7325626851049046e-07,1.054018760886995e-08,4.837964561193605e-07,False,True,5.7692419278862505e-06,52,13,0,0.08922092899054165,0.09058305528165642,58.49048047562462,60.40114457488324,-1.910664099258618,0.04818819315411339,0.07495026133178971,0.036235478865308
UGC11914,envelope_a1_q20,envelope,1.0,20.0,2.44,2.44,48.8,0.9946124031429547,453.5151311998209,411.3441203318376,1.1054690857788552,1.0500095372545843,8010944478.204511,7699350872.658914,15667135611.570686,1.9557164144872659,0.08872451774098349,0.9999999999999052,4.7321366449832954e-07,1.371092913808522e-08,4.869245936364148e-07,False,True,6.880756705239026e-06,52,13,0,0.08915707316039166,0.09058305528165642,58.405425910767846,60.40114457488324,-1.995718664115394,0.04813578290639114,0.07896527814132114,0.03720087785546635
UGC11914,envelope_a1_q50,envelope,1.0,50.0,2.44,2.44,122.0,0.9945868418039422,453.49776122638934,411.32836554010106,1.1054690857788552,1.0500095372545843,8010944478.204511,19855460163.285076,27823040131.72923,3.4731285689755764,0.03498173889063728,0.9999999999999052,4.7320150300218754e-07,1.790394166117215e-08,4.911054446633597e-07,False,True,3.212107804929982e-07,52,13,0,0.08913845776199075,0.09058305528165642,58.38006723475622,60.40114457488324,-2.0210773401270217,0.04812031285790565,0.08018538608740153,0.03747977665623758
UGC11914,envelope_a2_q10,envelope,2.0,10.0,2.44,4.88,48.8,0.9934000685163918,1381.0648436211118,1252.643768946815,1.1054690857788552,1.0500095372545843,8010944478.204511,22212390722.27258,30170463515.801952,3.766155613471939,0.0620876271655167,0.9999999999999052,4.726368636164773e-07,3.209237551501697e-08,5.047292391314942e-07,False,True,2.3190529820231348e-05,52,13,0,0.08742404135684806,0.09058305528165642,56.65302121173186,60.40114457488324,-3.748123363151379,0.04700290706434677,0.1477012906059343,0.057963613081983535
UGC11914,envelope_a2_q20,envelope,2.0,20.0,2.44,4.88,97.6,0.993384022938464,1369.885371308725,1242.5038422106404,1.1054690857788552,1.0500095372545843,8010944478.204511,46513235847.830414,54471180101.125885,6.799595259875585,0.030074356412668753,0.9999999999999052,4.7262922950020623e-07,4.141515896861637e-08,5.140443884688226e-07,False,True,2.757050923243235e-06,52,13,0,0.08739931754486557,0.09058305528165642,56.61553333005618,60.40114457488324,-3.7856112448270594,0.04698186804406189,0.14950150156293332,0.058244209815992945
UGC11914,envelope_a2_q50,envelope,2.0,50.0,2.44,4.88,244.0,0.993379508811112,1366.7831234729758,1239.6900630900375,1.1054690857788552,1.0500095372545843,8010944478.204511,119683536194.66043,127641444285.53232,15.933382715709513,0.011735297446750855,0.9999999999999052,4.726270817824224e-07,5.3960145778798704e-08,5.265872275612212e-07,False,True,1.1388586352396675e-05,52,13,0,0.08739233326817548,0.09058305528165642,56.60484948817907,60.40114457488324,-3.79629508670417,0.046975887013607824,0.15001681172348993,0.05832340096481376
UGC12506,core_refit,none,1.0,20.0,7.38,7.38,147.6,1.0000000454547318,0.0,0.0,1.1907707454553966,1.0008008518011322,1272378226887.6604,0.0,1272378284723.2715,1.0000000454547318,0.0,0.3515842434757384,1.0436067372133505e-06,0.0,1.0436067372133503e-06,False,True,1.318944953254512e-13,24,7,0,1.193732069385139,1.1937320693851443,2.977798038325514,2.977797365387559,6.729379546932535e-07,-0.09107043184480591,0.0,0.0
UGC12506,core_plummer,plummer,1.0,20.0,7.38,7.38,147.6,0.8376577056305782,8942.47110203804,8928.165101632967,1.1907707454553966,1.0008008518011322,1272378226887.6604,18242554073.70766,1084059980302.7285,0.851995073001545,0.9681768046230292,0.3515842434757384,8.741851853388957e-07,9.933923400787882e-08,9.735244193467745e-07,False,True,9.868248417944786e-07,24,7,0,1.0882214897188507,1.1937320693851443,1.4849765072580647,2.977797365387559,-1.4928208581294944,-0.06253065607907174,0.04501177233649758,0.07609556466630568
UGC12506,fixed_core_envelope,envelope,1.0,20.0,7.38,7.38,147.6,1.0,362.52182927393903,361.94187353494215,1.1907707454553966,1.0008008518011322,1272378226887.6604,22071697614.0419,1294449924501.7024,1.0173468054919732,0.1711157510046037,0.3515842434757384,1.0436066897764883e-06,1.2064252616860119e-08,1.0556709423933483e-06,False,True,3.907985046680398e-14,24,7,0,1.1928616436693542,1.1937320693851443,3.1123338599429347,2.977797365387559,0.13453649455537553,-0.09338435851516687,0.00837199339387931,0.010875150417387701
UGC12506,envelope_a0.5_q10,envelope,0.5,10.0,7.38,3.69,36.9,0.7792459943495293,4734.722684135793,4727.148162075362,1.1907707454553966,1.0008008518011322,1272378226887.6604,68273950798.24792,1059769587398.0139,0.832904528703148,0.5554242043950385,0.3515842434757384,8.132263326847005e-07,1.2110818549793622e-07,9.343345181826366e-07,False,True,2.3449749483343966e-07,24,7,0,1.1379601383964741,1.1937320693851443,1.3782255291562326,2.977797365387559,-1.5995718362313265,-0.06037930378436007,0.0981099839884695,0.14024918926804325
UGC12506,envelope_a0.5_q20,envelope,0.5,20.0,7.38,3.69,73.8,0.7526347285576337,4626.087325608819,4618.686596392151,1.1907707454553966,1.0008008518011322,1272378226887.6604,140826830747.66473,1098462872163.9023,0.863314735313281,0.3488148012178118,0.3515842434757384,7.854546376808579e-07,1.5395013932147698e-07,9.394047770023349e-07,False,True,1.63858281577029e-07,24,7,0,1.1392801725895965,1.1937320693851443,1.365220429307568,2.977797365387559,-1.612576936079991,-0.06010149560509344,0.12732225587409624,0.1693468798338873
UGC12506,envelope_a0.5_q50,envelope,0.5,50.0,7.38,3.69,184.5,0.7395989562953883,4645.209402354596,4637.778081992085,1.1907707454553966,1.0008008518011322,1272378226887.6604,364686221060.25854,1305735829679.349,1.0262167349981177,0.1524336550125871,0.3515842434757384,7.718504185415758e-07,2.0186915168959825e-07,9.73719570231174e-07,False,True,4.737995527036315e-07,24,7,0,1.139061317980318,1.1937320693851443,1.3763858384352567,2.977797365387559,-1.6014115269523024,-0.06033563413199105,0.14384951525230666,0.18398029935781174
UGC12506,envelope_a1_q10,envelope,1.0,10.0,7.38,7.38,73.8,0.8719959341456041,3067.5147863511897,3062.607432748883,1.1907707454553966,1.0008008518011322,1272378226887.6604,88466154226.08035,1197974794767.5132,0.9415241234501914,0.3203996742025607,0.3515842434757384,9.100207903322506e-07,7.846312752546992e-08,9.884839178577205e-07,False,True,1.58351862083091e-07,24,7,0,1.186371271550297,1.1937320693851443,2.153581464830022,2.977797365387559,-0.8242159005575371,-0.07680473445324429,0.0677401424875989,0.08944867186298158
UGC12506,envelope_a1_q20,envelope,1.0,20.0,7.38,7.38,147.6,0.8640979922805818,3087.4855936352856,3082.546291103669,1.1907707454553966,1.0008008518011322,1272378226887.6604,187977779288.24866,1287437250563.4026,1.0118353358753849,0.1711157510046037,0.3515842434757384,9.017784453664476e-07,1.0274748482631612e-07,1.0045259301927636e-06,False,True,1.5544177691606068e-06,24,7,0,1.186325679214587,1.1937320693851443,2.159601873281304,2.977797365387559,-0.8181954921062551,-0.07690297330605567,0.07681999319624702,0.09777072904936582
UGC12506,envelope_a1_q50,envelope,1.0,50.0,7.38,7.38,369.0,0.8613720797504189,3099.9330256998956,3094.9738099959436,1.1907707454553966,1.0008008518011322,1272378226887.6604,486739245860.1978,1582730325383.5723,1.2439149711442785,0.06896927809339595,0.3515842434757384,8.989336648142239e-07,1.3471531549802843e-07,1.0336489803122523e-06,False,True,1.6857634968936076e-06,24,7,0,1.18629730615919,1.1937320693851443,2.1634546687682037,2.977797365387559,-0.8143426966193554,-0.07696572445999476,0.08013796620169188,0.10066477222082618
UGC12506,envelope_a2_q10,envelope,2.0,10.0,7.38,14.76,147.6,1.0000000465008378,2.51791783568332e-14,2.5138897171502874e-14,1.1907707454553966,1.0008008518011322,1272378226887.6604,1.4523190471405738e-06,1272378286054.314,1.0000000465008378,0.14019103038366723,0.3515842434757384,1.0436067383050737e-06,6.4405136405186715e-25,1.0436067383050737e-06,False,True,1.467004087152123e-07,24,7,0,1.1937320693851394,1.1937320693851443,2.97779805381267,2.977797365387559,6.884251106953343e-07,-0.09107043210498746,4.551312002187313e-19,5.527991586077375e-19
UGC12506,envelope_a2_q20,envelope,2.0,20.0,7.38,14.76,295.2,1.0000000454547318,0.0,0.0,1.1907707454553966,1.0008008518011322,1272378226887.6604,0.0,1272378284723.2715,1.0000000454547318,0.0694027002638584,0.3515842434757384,1.0436067372133505e-06,0.0,1.0436067372133503e-06,False,True,1.2762218062432676e-13,24,7,0,1.193732069385139,1.1937320693851443,2.977798038325514,2.977797365387559,6.729379546932535e-07,-0.09107043184480591,0.0,0.0
UGC12506,envelope_a2_q50,envelope,2.0,50.0,7.38,14.76,738.0,1.0000000454547318,0.0,0.0,1.1907707454553966,1.0008008518011322,1272378226887.6604,0.0,1272378284723.2715,1.0000000454547318,0.027257666901668618,0.3515842434757384,1.0436067372133505e-06,0.0,1.0436067372133503e-06,False,True,1.2756597050732222e-13,24,7,0,1.193732069385139,1.1937320693851443,2.977798038325514,2.977797365387559,6.729379546932535e-07,-0.09107043184480591,0.0,0.0
UGC12632,core_refit,none,1.0,20.0,2.42,2.42,48.4,0.999999999999,0.0,0.0,1.221087771149862,1.014762758122946,7933297246.082947,0.0,7933297246.075014,0.9999999999990001,0.0,0.9910184851371469,8.808741794797178e-08,0.0,8.808741794797178e-08,False,True,3.853855249009402e-06,12,3,0,0.33953431012311236,0.3395343101231118,4.477864465248,4.477864465216979,3.1021407664866274e-11,0.08200685914156627,0.0,0.0
UGC12632,core_plummer,plummer,1.0,20.0,2.42,2.42,48.4,0.91460097697039,780.2781927995164,757.7403758224758,1.221087771149862,1.014762758122946,7933297246.082947,520620887.46674454,7776422299.330712,0.9802257570987031,0.9273920503167588,0.9910184851371469,8.056483851409462e-08,8.430998716329678e-09,8.899583723042429e-08,False,True,9.114419938030515e-09,12,3,0,0.27935594165820415,0.3395343101231118,5.262776563954444,4.477864465216979,0.7849120987374647,0.08905634438373487,0.06292078318887923,0.0627477024044788
UGC12632,fixed_core_envelope,envelope,1.0,20.0,2.42,2.42,48.4,1.0,43.549210457444204,42.29132045892583,1.221087771149862,1.014762758122946,7933297246.082947,867213205.3662369,8800510451.449184,1.1093130861565061,0.10012261883060744,0.9910184851371469,8.808741794805987e-08,1.4096550049156152e-09,8.94970729529755e-08,False,True,4.5348334584910506e-08,12,3,0,0.33750687264551105,0.3395343101231118,4.16659764169136,4.477864465216979,-0.3112668235256191,0.07907403873863235,0.010923267925118604,0.008341314788548266
UGC12632,envelope_a0.5_q10,envelope,0.5,10.0,2.42,1.21,12.1,0.5384686813439957,2340.0196480056975,2272.429735797319,1.221087771149862,1.014762758122946,7933297246.082947,11036313115.221321,15308145222.029558,1.9296069146517776,0.40774529147998173,0.9910184851371469,4.7432315785489216e-08,5.8219000661308314e-08,1.0565131644679754e-07,False,True,3.4513367975628e-07,12,3,0,0.11646751194963605,0.3395343101231118,2.273458914609363,4.477864465216979,-2.204405550607616,0.05886339276609809,0.5152596932496849,0.47404809724303504
UGC12632,envelope_a0.5_q20,envelope,0.5,20.0,2.42,1.21,24.2,0.439852282633427,2641.216309150789,2564.9265315794837,1.221087771149862,1.014762758122946,7933297246.082947,26297809276.73173,29787288179.230797,3.754717270166352,0.22920567154508475,0.9910184851371469,3.874545185573884e-08,8.549417429501808e-08,1.2423962615075693e-07,False,True,1.6801058030064036e-07,12,3,0,0.06530927352998557,0.3395343101231118,0.9347384744553643,4.477864465216979,-3.543125990761615,0.03790317292388364,0.6354384344084846,0.5856785239750927
UGC12632,envelope_a0.5_q50,envelope,0.5,50.0,2.42,1.21,60.5,0.4235908062877912,2656.7932619501976,2580.0535544507043,1.221087771149862,1.014762758122946,7933297246.082947,68220648155.089516,71581119932.0785,9.022871286894182,0.09435792145114766,0.9910184851371469,3.731302039242833e-08,1.1230231657116733e-07,1.4961533696359567e-07,False,True,1.534415177065346e-07,12,3,0,0.05404289186382202,0.3395343101231118,0.5972718045480608,4.477864465216979,-3.8805926606689183,0.030296856015620776,0.6590419955893778,0.6061013501646585
UGC12632,envelope_a1_q10,envelope,1.0,10.0,2.42,2.42,24.2,0.7414096337225893,1819.369056572179,1766.8177906402213,1.221087771149862,1.014762758122946,7933297246.082947,17161502551.987541,23043325557.418327,2.904634081219626,0.1981768604160642,0.9910184851371469,6.53088602764397e-08,4.526536706561949e-08,1.1057422734205919e-07,False,True,3.9458761422569844e-08,12,3,0,0.2604972269223466,0.3395343101231118,1.1737009581772988,4.477864465216979,-3.3041635070396804,0.04221848729398287,0.36847342800087085,0.3114752304459075
UGC12632,envelope_a1_q20,envelope,1.0,20.0,2.42,2.42,48.4,0.767371548675151,1588.2444754267683,1542.3690894012593,1.221087771149862,1.014762758122946,7933297246.082947,31627360587.535633,37715147181.36262,4.754031774113142,0.10012261883060744,0.9910184851371469,6.7595778329598e-08,5.141027243198185e-08,1.1900605076157984e-07,False,True,1.9075916093815854e-07,12,3,0,0.26577463261764006,0.3395343101231118,1.2312421827490694,4.477864465216979,-3.24662228246791,0.043249021416175225,0.34420754778245466,0.28559384963541967
UGC12632,envelope_a1_q50,envelope,1.0,50.0,2.42,2.42,121.0,0.7740838472406802,1529.149197109533,1484.9807389197777,1.221087771149862,1.014762758122946,7933297246.082947,78530423007.82722,84671460261.379,10.672921691316356,0.039575041114851606,0.9910184851371469,6.818704737873193e-08,6.463694397218031e-08,1.3282399135091224e-07,False,True,3.0795861803192883e-07,12,3,0,0.26709903852247074,0.3395343101231118,1.2440293379399712,4.477864465216979,-3.2338351272770076,0.0434767109397172,0.3380397313059608,0.27889457010617313
UGC12632,envelope_a2_q10,envelope,2.0,10.0,2.42,4.84,48.4,0.9368769418507342,827.7809817223201,803.8710782605862,1.221087771149862,1.014762758122946,7933297246.082947,15616364782.062853,23048888044.765896,2.9053352382763986,0.07238188725123207,0.9910184851371469,8.25270707427058e-08,2.0594947381481494e-08,1.031220181241873e-07,False,True,8.268896882921743e-08,12,3,0,0.316717384933684,0.3395343101231118,2.6527854961795243,4.477864465216979,-1.8250789690374547,0.0632319249882135,0.1330422944503781,0.09684322907834225
UGC12632,envelope_a2_q20,envelope,2.0,20.0,2.42,4.84,96.8,0.9371765202951409,811.7867248641833,788.3388048810074,1.221087771149862,1.014762758122946,7933297246.082947,32330880874.690536,39765780782.24158,5.012516176911923,0.03514969480123165,0.9910184851371469,8.255345983434648e-08,2.6276922304873623e-08,1.0883038213922011e-07,False,True,3.1169252873257485e-08,12,3,0,0.31648652086617624,0.3395343101231118,2.6344418462033374,4.477864465216979,-1.8434226190136416,0.0630187882254153,0.1336251087564045,0.09678613819947868
UGC12632,envelope_a2_q50,envelope,2.0,50.0,2.42,4.84,242.0,0.9372595338376493,807.3640146060216,784.0438416690412,1.221087771149862,1.014762758122946,7933297246.082947,82925377992.09521,90360936470.75443,11.390085820289917,0.013725827278164396,0.9910184851371469,8.256077228296077e-08,3.4127175213437286e-08,1.1668794749639806e-07,False,True,3.789571024192312e-07,12,3,0,0.31642009006317945,0.3395343101231118,2.6291355389122053,4.477864465216979,-1.8487289263047737,0.06295701312638441,0.13379805361990005,0.09677275155278396
UGC12732,core_refit,none,1.0,20.0,1.98,1.98,39.6,1.000000029252111,0.0,0.0,1.5488772105505766,1.2007643857828465,10986034248.890276,0.0,10986034570.254969,1.000000029252111,0.0,0.9865128144950815,6.338133858019029e-08,0.0,6.338133858019029e-08,False,True,2.84217094304032e-14,12,4,0,0.42922136788226517,0.4292213678822873,3.758306727046202,3.758307270230242,-5.431840399694465e-07,0.06069006083781125,0.0,0.0
UGC12732,core_plummer,plummer,1.0,20.0,1.98,1.98,39.6,0.90254469683985,1188.6359151971901,824.3910186523434,1.5488772105505766,1.2007643857828465,10986034248.890276,587833514.2956414,10503220464.932524,0.9560520408894118,0.9757067454339265,0.9865128144950815,5.7204489340809656e-08,9.172587131136297e-09,6.637707647194595e-08,False,True,1.4325700833245822e-06,12,4,0,0.21791148356559734,0.4292213678822873,4.6356649059501525,3.758307270230242,0.8773576357199104,0.06905101367808486,0.055387882778508334,0.05856992074985875
UGC12732,fixed_core_envelope,envelope,1.0,20.0,1.98,1.98,39.6,1.0,76.79122509746895,53.25936686942663,1.5488772105505766,1.2007643857828465,10986034248.890276,1133419208.792911,12119453457.683187,1.10316909479027,0.2001967934519499,0.9865128144950815,6.338133672615239e-08,1.7752421123630022e-09,6.515657883851539e-08,False,True,1.8118839761879273e-13,12,4,0,0.42325250411561105,0.4292213678822873,3.405860840419848,3.758307270230242,-0.352446429810394,0.05711073198603014,0.02050714852995594,0.01586096836702578
UGC12732,envelope_a0.5_q10,envelope,0.5,10.0,1.98,0.99,9.9,0.766100884511202,1135.6128676787603,787.6163228881502,1.5488772105505766,1.2007643857828465,10986034248.890276,3969796003.1487885,12386206558.493988,1.1274502043123655,0.6004024395073055,0.9865128144950815,4.855649812740767e-08,2.0178505192370112e-08,6.873500331977779e-08,False,True,1.2167801589905057e-06,12,4,0,0.20850344674245816,0.4292213678822873,4.147471624338878,3.758307270230242,0.3891643541086358,0.06511830459261667,0.22303876274637718,0.20652776828293554
UGC12732,envelope_a0.5_q20,envelope,0.5,20.0,1.98,0.99,19.8,0.6909956612095879,1301.9077845884947,902.9519224566519,1.5488772105505766,1.2007643857828465,10986034248.890276,9607916068.904202,17199218068.787315,1.5655529264825154,0.39250170277424407,0.9865128144950815,4.379622867943521e-08,3.00972086678025e-08,7.389343734723771e-08,False,True,3.741605304504657e-07,12,4,0,0.17061000578681193,0.4292213678822873,3.354019059474566,3.758307270230242,-0.4042882107556762,0.05805296800481543,0.3349120764569401,0.295906792977287
UGC12732,envelope_a0.5_q50,envelope,0.5,50.0,1.98,0.99,49.5,0.651936630409708,1394.0049186775195,966.8268644939008,1.5488772105505766,1.2007643857828465,10986034248.890276,26531130878.011536,33693329027.79871,3.0669237201041994,0.17636126016163847,0.9865128144950815,4.132061509611086e-08,4.20831949083395e-08,8.340381000445036e-08,False,True,8.133774464258321e-07,12,4,0,0.14811866967146842,0.4292213678822873,2.7694213959388536,3.758307270230242,-0.9888858742913884,0.05235201017479271,0.3983991115536571,0.34379564167642973
UGC12732,envelope_a1_q10,envelope,1.0,10.0,1.98,1.98,19.8,0.2430183427490382,4121.958276672116,2858.827786626699,1.5488772105505766,1.2007643857828465,10986034248.890276,28818506654.167038,31488314490.716526,2.866213028044877,0.36552622613722413,0.9865128144950815,1.5402827412408305e-08,7.324235120598297e-08,8.864517861839129e-08,False,True,2.679940208775439e-07,12,4,0,0.13145245428079627,0.4292213678822873,1.3785419542882895,3.758307270230242,-2.3797653159419525,0.035354119715829475,0.7999805799058565,0.7637450561612019
UGC12732,envelope_a1_q20,envelope,1.0,20.0,1.98,1.98,39.6,0.11561669163788806,4546.85244770812,3153.5176357229248,1.5488772105505766,1.2007643857828465,10986034248.890276,67110400924.56225,68380569858.63947,6.2243179212322906,0.2001967934519499,0.9865128144950815,7.3279404638647105e-09,1.0511310287896808e-07,1.1244104334283279e-07,False,True,3.211926088517178e-08,12,4,0,0.08660808017153702,0.4292213678822873,0.467492937500649,3.758307270230242,-3.290814332729593,0.017679458021959842,0.9146915710378888,0.8919358479804174
UGC12732,envelope_a1_q50,envelope,1.0,50.0,1.98,1.98,99.0,0.08345815764297536,4631.514599566821,3212.23596714783,1.5488772105505766,1.2007643857828465,10986034248.890276,176296824147.6552,177213698325.8702,16.13081611717813,0.08150048405209823,0.9865128144950815,5.2896895921137296e-09,1.3981940020649209e-07,1.451090897986058e-07,False,True,1.9017676969155696e-07,12,4,0,0.07460387216020882,0.4292213678822873,0.2654580944092119,3.758307270230242,-3.4928491758210303,0.011112347857891614,0.9407764760687723,0.9230883195522998
UGC12732,envelope_a2_q10,envelope,2.0,10.0,1.98,3.96,39.6,0.5510465602336612,3595.0523816114815,2493.386626714498,1.5488772105505766,1.2007643857828465,10986034248.890276,50269330268.52217,56323146651.98235,5.1267951087692705,0.16904423234425106,0.9865128144950815,3.4926067585957695e-08,6.387985308538311e-08,9.88059206713408e-08,False,True,6.810574214905705e-08,12,4,0,0.35169991001519146,0.4292213678822873,0.5204269643744643,3.758307270230242,-3.2378803058557777,0.01604281498167607,0.5872698342109901,0.5054671551325608
UGC12732,envelope_a2_q20,envelope,2.0,20.0,1.98,3.96,79.2,0.5911403119949284,3196.666243997432,2217.081704740023,1.5488772105505766,1.2007643857828465,10986034248.890276,94363982875.5902,100858270589.06616,9.180589492450752,0.08449800594298308,0.9865128144950815,3.746726316695334e-08,7.389980467573694e-08,1.1136706784269029e-07,False,True,2.641968190106649e-07,12,4,0,0.3569273543113822,0.4292213678822873,0.560762242955424,3.758307270230242,-3.197545027274818,0.017333501744015628,0.554479878464568,0.46750207722320475
UGC12732,envelope_a2_q50,envelope,2.0,50.0,1.98,3.96,198.0,0.6016032703322963,3093.7788379118697,2145.7230553631,1.5488772105505766,1.2007643857828465,10986034248.890276,235527006128.87997,242136240260.99496,22.040368232554318,0.03328571783039353,0.9865128144950815,3.813041945248576e-08,9.339715814106112e-08,1.315275775935469e-07,False,True,2.994076963359151e-08,12,4,0,0.35827145876414773,0.4292213678822873,0.5706123370560512,3.758307270230242,-3.187694933174191,0.01764857906400189,0.5459474774634377,0.4575487595566894
UGCA442,core_refit,none,1.0,20.0,1.18,1.18,23.599999999999998,1.0000000016891883,0.0,0.0,1.0012609575532527,1.0034177986658217,3673922895.371359,0.0,3673922901.5773067,1.0000000016891883,0.0,0.92380466121781,6.125372984679397e-08,0.0,6.125372984679399e-08,False,True,4.4408920985006064e-15,6,2,0,0.9627396118524373,0.9627396118524381,29.695804912301128,29.69580537422848,-4.619273532568968e-07,0.07806913021098305,0.0,0.0
UGCA442,core_plummer,plummer,1.0,20.0,1.18,1.18,23.599999999999998,0.91706767958291,388.7160473181946,386.0725013112774,1.0012609575532527,1.0034177986658217,3673922895.371359,106056446.04052863,3475292390.665267,0.9459350371897192,0.9500506456567336,0.92380466121781,5.617381580150963e-08,4.2956359022475355e-09,6.046945170375717e-08,False,True,8.562657581887504e-07,6,2,0,0.606822008144475,0.9627396118524381,46.229822163574205,29.69580537422848,16.534016789345724,0.09906257313512729,0.031357104280456245,0.03757190779477183
UGCA442,fixed_core_envelope,envelope,1.0,20.0,1.18,1.18,23.599999999999998,1.0,41.57821235497114,41.29545089450649,1.0012609575532527,1.0034177986658217,3673922895.371359,338566427.4296498,4012489322.8010087,1.0921539283952304,0.12915169928866893,0.92380466121781,6.125372974332489e-08,1.3764606638429524e-09,6.263019040716785e-08,False,True,2.2515322939393106e-13,6,2,0,0.9534747436332683,0.9627396118524381,26.299889250237158,29.69580537422848,-3.3959161239913236,0.07321290723842347,0.01271962573526596,0.010685832155223732
UGCA442,envelope_a0.5_q10,envelope,0.5,10.0,1.18,0.59,5.8999999999999995,0.8496333993295787,388.70565387046497,386.06217854639567,1.0012609575532527,1.0034177986658217,3673922895.371359,749648796.865635,3871136395.3347707,1.0536792702459472,0.475878472685359,0.92380466121781,5.2043214623436446e-08,9.89080272715786e-09,6.193401735059432e-08,False,True,2.570674105552249e-07,6,2,0,0.5700715912682472,0.9627396118524381,43.55855517936522,29.69580537422848,13.86274980513674,0.09682914607699578,0.1100923369887941,0.10793910972078129
UGCA442,envelope_a0.5_q20,envelope,0.5,20.0,1.18,0.59,11.799999999999999,0.8299285446024631,408.1273514166323,405.3517947150383,1.0012609575532527,1.0034177986658217,3673922895.371359,1661666188.6009827,4710759670.138202,1.282215170076954,0.2804347105802649,0.92380466121781,5.0836218777350236e-08,1.3511192839829671e-08,6.434741161717991e-08,False,True,8.626921417783334e-07,6,2,0,0.5500202003363645,0.9627396118524381,39.530176130550416,29.69580537422848,9.834370756321935,0.09289639010051431,0.14195052167479377,0.13102184135212264
UGCA442,envelope_a0.5_q50,envelope,0.5,50.0,1.18,0.59,29.5,0.8220570072981153,417.0696788373524,414.2333079396153,1.0012609575532527,1.0034177986658217,3673922895.371359,4379244355.088323,7399418415.501328,2.014037481522431,0.11810853222803581,0.92380466121781,5.035405775864521e-08,1.803038545549127e-08,6.838444321413648e-08,False,True,4.312775137746497e-07,6,2,0,0.540658282418389,0.9627396118524381,37.30074946775926,29.69580537422848,7.604944093530779,0.09066726383734422,0.1563903245479255,0.1405198152107876
UGCA442,envelope_a1_q10,envelope,1.0,10.0,1.18,1.18,11.799999999999999,0.7074824603746694,1049.1193339178433,1041.9845751521782,1.0012609575532527,1.0034177986658217,3673922895.371359,4046614905.6945624,6645850914.938721,1.8089249840576636,0.25020829078974344,0.92380466121781,4.3335939425932564e-08,2.6695347149456757e-08,7.003128657538933e-08,False,True,1.620183937635638e-07,6,2,0,0.736168270006953,0.9627396118524381,28.424873717776116,29.69580537422848,-1.2709316564523654,0.08067013647111791,0.29659948414633897,0.26722635966791125
UGCA442,envelope_a1_q20,envelope,1.0,20.0,1.18,1.18,23.599999999999998,0.6754049688982172,1128.4460635750243,1120.7718265427072,1.0012609575532527,1.0034177986658217,3673922895.371359,9188801794.312075,11670187573.194817,3.17649224154858,0.12915169928866893,0.92380466121781,4.137107343219015e-08,3.7357585374728944e-08,7.872865880691909e-08,False,True,1.733205463665064e-08,6,2,0,0.7173636128107024,0.9627396118524381,23.63996561524343,29.69580537422848,-6.0558397589850514,0.07490044422200628,0.3411115707649431,0.3026670034161663
UGCA442,envelope_a1_q50,envelope,1.0,50.0,1.18,1.18,59.0,0.6648661045010672,1154.6567255978955,1146.8042373937853,1.0012609575532527,1.0034177986658217,3673922895.371359,24247861708.552917,26690528512.235756,7.264858101911223,0.051416364776372035,0.92380466121781,4.0725528680605576e-08,4.991709272498889e-08,9.064262140559448e-08,False,True,2.5344535605337483e-08,6,2,0,0.7110849861205771,0.9627396118524381,21.98992908704125,29.69580537422848,-7.70587628718723,0.07278184594183051,0.3558766416753052,0.31435587339850685
UGCA442,envelope_a2_q10,envelope,2.0,10.0,1.18,2.36,23.599999999999998,0.2101192996696506,5231.090714661656,5195.515571659532,1.0012609575532527,1.0034177986658217,3673922895.371359,40354245650.853615,41126207756.66934,11.194085702909755,0.09949604032849138,0.92380466121781,1.2870590795821472e-08,1.3310762473197206e-07,1.4597821552779353e-07,False,True,2.071027839634827e-08,6,2,0,0.8304415580954011,0.9627396118524381,12.669211105967285,29.69580537422848,-17.026594268261196,-0.03803517371115771,0.8491735353157859,0.8095839311396112
UGCA442,envelope_a2_q20,envelope,2.0,20.0,1.18,2.36,47.199999999999996,0.2917131088420049,4619.920474397496,4588.501724369995,1.0012609575532527,1.0034177986658217,3673922895.371359,75238923533.8946,76310655003.34921,20.77089181688876,0.048663316683337524,0.92380466121781,1.7868515931593286e-08,1.5294401665949737e-07,1.7081253259109064e-07,False,True,2.4440767922835364e-08,6,2,0,0.8431564077808146,0.9627396118524381,9.464519246737991,29.69580537422848,-20.231286127490492,-0.03170990487178015,0.7871478013674227,0.7343375466674515
UGCA442,envelope_a2_q50,envelope,2.0,50.0,1.18,2.36,118.0,0.31282384090327997,4463.111669288257,4432.759330831505,1.0012609575532527,1.0034177986658217,3673922895.371359,187451234895.27557,188600525566.58813,51.33491663752635,0.01904277292690756,0.92380466121781,1.9161627007958374e-08,1.9294527464210696e-07,2.1210690165006535e-07,False,True,1.484139411589368e-08,6,2,0,0.8464385664221462,0.9627396118524381,8.698257016439866,29.69580537422848,-20.997548357788617,-0.03003868320359796,0.7707517391759681,0.7147336417781546
UGCA444,core_refit,none,1.0,20.0,0.83,0.83,16.599999999999998,0.9999999959736457,0.0,0.0,0.9967837812310764,0.9994473744923292,373418040.55008185,0.0,373418039.0465685,0.9999999959736456,0.0,0.9583860774874504,1.6787467911576762e-08,0.0,1.6787467911576762e-08,False,True,8.881784197001173e-15,28,8,0,0.3072170510687005,0.30721705106870056,1.4317258793964882,1.431725860310923,1.908556512830728e-08,0.176535196645811,0.0,0.0
UGCA444,core_plummer,plummer,1.0,20.0,0.83,0.83,16.599999999999998,0.7745460100744995,308.688114064171,309.0295749395714,0.9967837812310764,0.9994473744923292,373418040.55008185,59445366.784051985,348674820.1819556,0.9337385512181547,0.8663607580158079,0.9583860774874504,1.3002666342518812e-08,3.4384177387873996e-09,1.644108408130621e-08,False,True,3.9680676408909996e-07,28,8,0,0.25897180737135334,0.30721705106870056,1.8485577964858628,1.431725860310923,0.41683193617493974,0.20078464781809413,0.1566838359286828,0.16110497393046555
UGCA444,fixed_core_envelope,envelope,1.0,20.0,0.83,0.83,16.599999999999998,1.0,16.297636144996563,16.31566406655065,0.9967837812310764,0.9994473744923292,373418040.55008185,93669068.04536839,467087108.5954502,1.2508423746945503,0.06254942605738649,0.9583860774874504,1.6787467979169055e-08,5.438339891106618e-10,1.7331301968279716e-08,False,True,5.6843418860804784e-14,28,8,0,0.30653550760592585,0.30721705106870056,1.3635376748557588,1.431725860310923,-0.06818818545516425,0.17223124336674184,0.01610761847102062,0.012309515410046176
UGCA444,envelope_a0.5_q10,envelope,0.5,10.0,0.83,0.415,4.1499999999999995,0.40175266765984546,573.1286091494495,573.7625856055579,0.9967837812310764,0.9994473744923292,373418040.55008185,780158028.8343261,930179722.7776339,2.4909876378960876,0.2983373357274297,0.9583860774874504,6.744410043885403e-09,1.4699633535240486e-08,2.144404357912589e-08,False,True,1.5000930853918442e-08,28,8,0,0.19372259986937107,0.30721705106870056,1.3934241031591514,1.431725860310923,-0.03830175715177164,0.17465337349565832,0.6181470377151936,0.580433343010232
UGCA444,envelope_a0.5_q20,envelope,0.5,20.0,0.83,0.415,8.299999999999999,0.31194988548152763,634.7198062010664,635.4219128607816,0.9967837812310764,0.9994473744923292,373418040.55008185,1823994970.4314394,1940482685.417774,5.196542412785548,0.15753211201226247,0.9583860774874504,5.2368487136265985e-09,2.1179893887853448e-08,2.6416742601480046e-08,False,True,1.304454312073922e-07,28,8,0,0.17982433634885037,0.30721705106870056,1.2052998639371806,1.431725860310923,-0.2264259963737425,0.16256798960685398,0.720184549892303,0.6803241738165022
UGCA444,envelope_a0.5_q50,envelope,0.5,50.0,0.83,0.415,20.75,0.28136677021290163,655.6435610937395,656.3688129389569,0.9967837812310764,0.9994473744923292,373418040.55008185,4859055565.787994,4964122993.796802,13.29374174446461,0.06322433874968174,0.9583860774874504,4.723435645351303e-09,2.856984813007315e-08,3.329328377542445e-08,False,True,1.2455642076187602e-07,28,8,0,0.17498072896042674,0.30721705106870056,1.1358078592709302,1.431725860310923,-0.2959180010399929,0.1578612371724546,0.7531411022500221,0.7137659760652552
UGCA444,envelope_a1_q10,envelope,1.0,10.0,0.83,0.83,8.299999999999999,0.0,1653.5677616974865,1655.3968852358346,0.9967837812310764,0.9994473744923292,373418040.55008185,4501761541.530398,4501761541.530398,12.055554506415536,0.12687344441741005,0.9583860774874504,0.0,4.24107952990053e-08,4.24107952990053e-08,False,True,1.6094902940049488e-09,28,8,0,0.219350658396063,0.30721705106870056,0.17780439754855026,1.431725860310923,-1.253921462762373,0.05982002796891053,1.0,1.0
UGCA444,envelope_a1_q20,envelope,1.0,20.0,0.83,0.83,16.599999999999998,2.0194192641001338e-18,1624.239652037792,1626.0363337633785,0.9967837812310764,0.9994473744923292,373418040.55008185,9335158371.137234,9335158371.137234,24.999216313667166,0.06254942605738649,0.9583860774874504,3.390093623259813e-26,5.419907042841961e-08,5.419907042841961e-08,False,True,5.57014889375312e-08,28,8,0,0.22279583255092866,0.30721705106870056,0.14696088617455152,1.431725860310923,-1.2847649741363716,0.053526321656689836,1.0,1.0
UGCA444,envelope_a1_q50,envelope,1.0,50.0,0.83,0.83,41.5,0.0,1616.055226404577,1617.8428547814467,0.9967837812310764,0.9994473744923292,373418040.55008185,23953570532.691437,23953570532.691437,64.14679509700562,0.02453504436018267,0.9583860774874504,0.0,7.0420050051538e-08,7.0420050051538e-08,False,True,6.152069677860667e-08,28,8,0,0.22384075839760853,0.30721705106870056,0.13861550794935207,1.431725860310923,-1.293110352361571,0.051681050034747,1.0,1.0
UGCA444,envelope_a2_q10,envelope,2.0,10.0,0.83,1.66,16.599999999999998,0.8493510296289994,588.6561381894787,589.3072906994008,0.9967837812310764,0.9994473744923292,373418040.55008185,3205178070.6789136,3522341067.902169,9.432701919578955,0.0395662532010407,0.9583860774874504,1.4258453212971095e-08,1.509788443905589e-08,2.9356337652026984e-08,False,True,1.2454699481489288e-09,28,8,0,0.2971841229779069,0.30721705106870056,0.8192858440122608,1.431725860310923,-0.6124400162986623,0.13341813012664033,0.2943879684982272,0.21972128595553336
UGCA444,envelope_a2_q20,envelope,2.0,20.0,0.83,1.66,33.199999999999996,0.849833575340436,580.5664314298092,581.2086353659896,0.9967837812310764,0.9994473744923292,373418040.55008185,6673497443.020374,6990840631.517671,18.721218238999562,0.019065210321562942,0.9583860774874504,1.4266553933650322e-08,1.9372856010480115e-08,3.3639409944130434e-08,False,True,9.789527759240045e-09,28,8,0,0.2971119410030313,0.30721705106870056,0.815804681674986,1.431725860310923,-0.6159211786359371,0.13313483806584564,0.2949485340063529,0.21958324504615584
UGCA444,envelope_a2_q50,envelope,2.0,50.0,0.83,1.66,83.0,0.8499673183370959,578.3292603323328,578.9689895817125,0.9967837812310764,0.9994473744923292,373418040.55008185,17144278861.447412,17461671991.99246,46.761725722382565,0.007428235338079785,0.9583860774874504,1.4268799139924189e-08,2.5200856253829618e-08,3.946965539375381e-08,False,True,1.6432114566729327e-07,28,8,0,0.2970914006579925,0.30721705106870056,0.8148127851390404,1.431725860310923,-0.6169130751718827,0.13305401248565718,0.29511205047758465,0.21954721080435904
