tau,E_s_over_E0,E_a_over_E0,E_over_E0,z,virial_over_E0,virial_over_E,numerical_logZ_derivative,BKM_speed_squared,D_to_uniform,entropy_lower_bound,D_to_reference,cone_direct_over_E0,cone_closed_over_E0,cone_partition_part_over_E0,cone_radial_part_over_E0
-2.5000000000000000e+00,5.3903575992683729e-03,1.1061687402956673e-04,5.5009744732979395e-03,2.0108596134468117e-02,1.1112565820625447e-02,2.0201085961344685e+00,2.0201085961347363e+00,1.9704240495968969e-02,4.2051750826436018e-01,4.2051750826436018e-01,1.5255853513826406e-01,9.6671761097513842e-01,9.6671761097513842e-01,8.3922060747931740e-04,9.6587839036765910e-01
-2.4900000000000002e+00,5.4992500459969985e-03,1.1398565937553197e-04,5.6132357053725306e-03,2.0306587030798334e-02,1.1340457070120592e-02,2.0203065870307979e+00,2.0203065870309325e+00,1.9894229553958948e-02,4.1982932729830558e-01,4.1982932729830574e-01,1.5206454943516040e-01,9.6614902619002718e-01,9.6614902619002718e-01,8.5357415841082868e-04,9.6529545203161637e-01
-2.4800000000000000e+00,5.6103422660683400e-03,1.1745703950919826e-04,5.7277993055775377e-03,2.0506486565411354e-02,1.1573055650664275e-02,2.0205064865654117e+00,2.0205064865656355e+00,2.0085970574153959e-02,4.1913651124142037e-01,4.1913651124142037e-01,1.5156780068948694e-01,9.6557102268077510e-01,9.6557102268077510e-01,8.6814994353715794e-04,9.6470287273723787e-01
-2.4700000000000002e+00,5.7236786978516630e-03,1.2103413890701064e-04,5.8447128367586729e-03,2.0708312330727452e-02,1.1810459812424359e-02,2.0207083123307279e+00,2.0207083123307732e+00,2.0279478131140494e-02,4.1843903747019073e-01,4.1843903747019040e-01,1.5106828353289076e-01,9.6498345142655317e-01,9.6498345142655317e-01,8.8295073599178550e-04,9.6410050069056141e-01
-2.4600000000000000e+00,5.8393046774308658e-03,1.2472017719988889e-04,5.9640248546307542e-03,2.0912082065360639e-02,1.2052769886461397e-02,2.0209120820653608e+00,2.0209120820655624e+00,2.0474766889052261e-02,4.1773688338511727e-01,4.1773688338511716e-01,1.5056599276442387e-01,9.6438616122467424e-01,9.6438616122467424e-01,8.9797932310917822e-04,9.6348818190156504e-01
-2.4500000000000002e+00,5.9572664567394702e-03,1.2851847207111147e-04,6.0857849288105809e-03,2.1117813655013504e-02,1.2300088329692274e-02,2.0211178136550139e+00,2.0211178136545125e+00,2.0671851601445627e-02,4.1703002641348996e-01,4.1703002641348980e-01,1.5006092335419682e-01,9.6377899866344330e-01,9.6377899866344330e-01,9.1323850575237078e-04,9.6286576015769099e-01
-2.4399999999999999e+00,6.0776112220620529e-03,1.3243244224245528e-04,6.2100436643045074e-03,2.1325525133370705e-02,1.2552519770851471e-02,2.0213255251333710e+00,2.0213255251333440e+00,2.0870747111156680e-02,4.1631844401220797e-01,4.1631844401220791e-01,1.4955307044707389e-01,9.6316180809481788e-01,9.6316180809481788e-01,9.2873109760713691e-04,9.6223307699721072e-01
-2.4300000000000002e+00,6.2003871129093537e-03,1.3646561055127520e-04,6.3368527234606287e-03,2.1535234682990984e-02,1.2810171057472532e-02,2.0215352346829909e+00,2.0215352346830695e+00,2.1071468350139486e-02,4.1560211367065392e-01,4.1560211367065392e-01,1.4904242936642326e-01,9.6253443160688112e-01,9.6253443160688112e-01,9.4445992444180764e-04,9.6158997168243932e-01
-2.4199999999999999e+00,6.3256432412747534e-03,1.4062160712129658e-04,6.4662648483960498e-03,2.1746960636197514e-02,1.3073151303913398e-02,2.0217469606361980e+00,2.0217469606360616e+00,2.1274030339285190e-02,4.1488101291361590e-01,4.1488101291361579e-01,1.4852899561791191e-01,9.6189670899613355e-01,9.6189670899613355e-01,9.6042782333167467e-04,9.6093628117280183e-01
-2.4100000000000001e+00,6.4534297112796915e-03,1.4490417262997014e-04,6.5983338839096621e-03,2.1960721475966165e-02,1.3341571940449295e-02,2.0219607214759661e+00,2.0219607214759794e+00,2.1478448188221203e-02,4.1415511930426074e-01,4.1415511930426108e-01,1.4801276489335052e-01,9.6124847773960753e-01,9.6124847773960753e-01,9.7663764184694932e-04,9.6027184009776057e-01
-2.3999999999999999e+00,6.5837976392160245e-03,1.4931716167533598e-04,6.7331148008913603e-03,2.2176535836811916e-02,1.3615546763458056e-02,2.0221765358368118e+00,2.0221765358368060e+00,2.1684737095090514e-02,4.1342441044716172e-01,4.1342441044716161e-01,1.4749373307458871e-01,9.6058957296680936e-01,9.6058957296680936e-01,9.9309223720323286e-04,9.5959648072960602e-01
-2.3900000000000001e+00,6.7167991739931765e-03,1.5386454624542018e-04,6.8706637202385970e-03,2.2394422505672702e-02,1.3895191986722615e-02,2.0223944225056729e+00,2.0223944225051436e+00,2.1892912346310123e-02,4.1268886399137139e-01,4.1268886399137167e-01,1.4697189623745849e-01,9.5991982743149440e-01,9.5991982743149440e-01,1.0097944753733777e-03,9.5891003295612098e-01
-2.3799999999999999e+00,6.8524875179984488e-03,1.5855041929329383e-04,7.0110379372917420e-03,2.2614400422790958e-02,1.4180626293876779e-02,2.0226144004227913e+00,2.0226144004229507e+00,2.2102989316308632e-02,4.1194845763355792e-01,4.1194845763355781e-01,1.4644725065577108e-01,9.5923907148328147e-01,9.5923907148328147e-01,1.0267472301596840e-03,9.5821232425312186e-01
-2.3700000000000001e+00,6.9909169483786324e-03,1.6337899842100567e-04,7.1542959467996384e-03,2.2836488682592266e-02,1.4471970892020281e-02,2.0228364886825920e+00,2.0228364886816230e+00,2.2314983467242103e-02,4.1120316912118171e-01,4.1120316912118188e-01,1.4591979280535861e-01,9.5854713303911232e-01,9.5854713303911232e-01,1.0439533822252200e-03,9.5750317965688703e-01
-2.3599999999999999e+00,7.1321428387516430e-03,1.6835462967570980e-04,7.3004974684273529e-03,2.3060706534561153e-02,1.4769349566530416e-02,2.0230607065345612e+00,2.0230607065341299e+00,2.2528910348688001e-02,4.1045297625573862e-01,4.1045297625573873e-01,1.4538951936817415e-01,9.5784383755456082e-01,9.5784383755456082e-01,1.0614158180832251e-03,9.5678242173647765e-01
-2.3500000000000001e+00,7.2762216813566528e-03,1.7348179146140037e-04,7.4497034728180523e-03,2.3287073384113659e-02,1.5072888737097508e-02,2.0232870733841142e+00,2.0232870733844313e+00,2.2744785597316564e-02,4.0969785689604743e-01,4.0969785689604771e-01,1.4485642723643621e-01,9.5712900799500278e-01,9.5712900799500278e-01,1.0791374290432944e-03,9.5604987056595947e-01
-2.3399999999999999e+00,7.4232111096517945e-03,1.7876509856977872e-04,7.6019762082215727e-03,2.3515608793466550e-02,1.5382717515012924e-02,2.0235156087934665e+00,2.0235156087928066e+00,2.2962624936539187e-02,4.0893778896159838e-01,4.0893778896159827e-01,1.4432051351682915e-01,9.5640246480664814e-01,9.5640246480664814e-01,1.0971211101132550e-03,9.5530534369653497e-01
-2.3300000000000001e+00,7.5731699213682589e-03,1.8420930633387570e-04,7.7573792277021349e-03,2.3746332482502800e-02,1.5698967761738146e-02,2.0237463324825029e+00,2.0237463324825158e+00,2.3182444176133233e-02,4.0817275043595380e-01,4.0817275043595397e-01,1.4378177553475419e-01,9.5566402588744803e-01,9.5566402588744803e-01,1.1153697588554331e-03,9.5454865612859252e-01
-2.3199999999999998e+00,7.7261581020302214e-03,1.8981931490817474e-04,7.9159774169383947e-03,2.3979264329633446e-02,1.6021774148784966e-02,2.0239792643296335e+00,2.0239792643295118e+00,2.3404259211843012e-02,4.0740271937020794e-01,4.0740271937020772e-01,1.4324021083863214e-01,9.5491350655788043e-01,9.5491350655788043e-01,1.1338862741961063e-03,9.5377962028368435e-01
-2.3100000000000001e+00,7.8822368489498071e-03,1.9560017367907892e-04,8.0778370226288858e-03,2.4214424372654891e-02,1.6351274218936854e-02,2.0242144243726554e+00,2.0242144243722096e+00,2.3628086024955870e-02,4.0662767388649923e-01,4.0662767388649956e-01,1.4269581720425845e-01,9.5415071953162700e-01,9.5415071953162700e-01,1.1526735551868428e-03,9.5299804597644011e-01
-2.2999999999999998e+00,8.0414685957068688e-03,2.0155708580970227e-04,8.2430256815165699e-03,2.4451832809602426e-02,1.6687608448842844e-02,2.0244518328096026e+00,2.0244518328092673e+00,2.3853940681853678e-02,4.0584759218158550e-01,4.0584759218158545e-01,1.4214859263921459e-01,9.5337547488614494e-01,9.5337547488614494e-01,1.1717344997164831e-03,9.5220374038642841e-01
-2.2900000000000000e+00,8.2039170371232175e-03,2.0769541292306565e-04,8.4116124500462821e-03,2.4691509999598574e-02,1.7030920313015629e-02,2.0246915099995983e+00,2.0246915099993621e+00,2.4081839333538298e-02,4.0506245253046957e-01,4.0506245253046952e-01,1.4159853538732653e-01,9.5258758003314792e-01,9.5258758003314792e-01,1.1910720031723548e-03,9.5139650802997555e-01
-2.2799999999999998e+00,8.3696471547414428e-03,2.1402067992792089e-04,8.5836678346693646e-03,2.4933476463696917e-02,1.7381356349266651e-02,2.0249334764636968e+00,2.0249334764639304e+00,2.4311798215131190e-02,4.0427223329009099e-01,4.0427223329009110e-01,1.4104564393318336e-01,9.5178683968900268e-01,9.5178683968900268e-01,1.2106889570494943e-03,9.5057615073195323e-01
-2.2700000000000000e+00,8.5387252428183406e-03,2.2053857999154039e-04,8.7592638228098808e-03,2.5177752885720699e-02,1.7739066225611302e-02,2.0251777528857207e+00,2.0251777528855395e+00,2.4543833645346284e-02,4.0347691290307131e-01,4.0347691290307136e-01,1.4048991700670577e-01,9.5097305584505243e-01,9.5097305584505243e-01,1.2305882475064005e-03,9.4974246759754610e-01
-2.2599999999999998e+00,8.7112189348435599e-03,2.2725497966395340e-04,8.9384739145075137e-03,2.5424360113095942e-02,1.8104202808678978e-02,2.0254243601130955e+00,2.0254243601130670e+00,2.4777962025935560e-02,4.0267646990152017e-01,4.0267646990152028e-01,1.3993135358776829e-01,9.5014602773787804e-01,9.5014602773787804e-01,1.2507727538659942e-03,9.4889525498401195e-01
-2.2500000000000000e+00,8.8871972305938456e-03,2.3417592415823490e-04,9.1213731547520813e-03,2.5673319157678929e-02,1.8476922233662395e-02,2.0256733191576788e+00,2.0256733191578538e+00,2.5014199841106886e-02,4.0187088291090256e-01,4.0187088291090295e-01,1.3936995291087964e-01,9.4930555181950749e-01,9.4930555181950749e-01,1.2712453470603592e-03,9.4803430647244713e-01
-2.2400000000000002e+00,9.0667305237339089e-03,2.4130764279160790e-04,9.3080381665255167e-03,2.5924651196577837e-02,1.8857383975842641e-02,2.0259246511965778e+00,2.0259246511959241e+00,2.5252563656913612e-02,4.0106013065396651e-01,4.0106013065396651e-01,1.3880571446991469e-01,9.4845142172758701e-01,9.4845142172758701e-01,1.2920088880178091e-03,9.4715941283956917e-01
-2.2300000000000000e+00,9.2498906299748277e-03,2.4865655459224830e-04,9.4985471845670747e-03,2.6178377572967922e-02,1.9245750923726403e-02,2.0261783775729687e+00,2.0261783775724997e+00,2.5493070120615052e-02,4.0024419195472893e-01,4.0024419195472871e-01,1.3823863802290109e-01,9.4758342825552311e-01,9.4758342825552300e-01,1.3130662259908141e-03,9.4627036202953230e-01
-2.2199999999999998e+00,9.4367508158012571e-03,2.5622927407684251e-04,9.6929800898780984e-03,2.6434519796900244e-02,1.9642189453833045e-02,2.0264345197969007e+00,2.0264345197965237e+00,2.5735735960007531e-02,3.9942304574252818e-01,3.9942304574252802e-01,1.3766872359686477e-01,9.4670135932261257e-01,9.4670135932261257e-01,1.3344201968233415e-03,9.4536693912578917e-01
-2.2100000000000000e+00,9.6273858277790194e-03,2.6403261720410053e-04,9.8914184449831206e-03,2.6693099546103681e-02,2.0046869507170339e-02,2.0266930995461032e+00,2.0266930995461361e+00,2.5980577982725482e-02,3.9859667105613483e-01,3.9859667105613511e-01,1.3709597149272651e-01,9.4580499994417044e-01,9.4580499994417044e-01,1.3560736211560350e-03,9.4444892632301436e-01
-2.2000000000000002e+00,9.8218719224547474e-03,2.7207360750957857e-04,1.0093945529964326e-02,2.6954138666779603e-02,2.0459964667438234e-02,2.0269541386667798e+00,2.0269541386663072e+00,2.6227613075511618e-02,3.9776504704792881e-01,3.9776504704792864e-01,1.3652038229025987e-01,9.4489413220167151e-01,9.4489413220167151e-01,1.3780293025677894e-03,9.4351610289910381e-01
-2.1899999999999999e+00,1.0020286896859508e-02,2.8035948242733489e-04,1.0300646379286843e-02,2.7217659174389147e-02,2.0881652241001022e-02,2.0272176591743891e+00,2.0272176591736488e+00,2.6476858203455939e-02,3.9692815298813422e-01,3.9692815298813433e-01,1.3594195685309718e-01,9.4396853521292090e-01,9.4396853521292090e-01,1.4002900256520237e-03,9.4256824518726889e-01
-2.1800000000000002e+00,1.0222710119628609e-02,2.8889769980410842e-04,1.0511607819432715e-02,2.7483683254432859e-02,2.1312113338669544e-02,2.0274836832544332e+00,2.0274836832537466e+00,2.6728330409202864e-02,3.9608596826912584e-01,3.9608596826912573e-01,1.3536069633380110e-01,9.4302798510226771e-01,9.4302798510226771e-01,1.4228585540262408e-03,9.4160512654824147e-01
-2.1699999999999999e+00,1.0429222562750189e-02,2.9769594461188589e-04,1.0726918507362074e-02,2.7752233263222043e-02,2.1751532959336038e-02,2.0277522332632225e+00,2.0277522332630880e+00,2.6982046812125755e-02,3.9523847240979310e-01,3.9523847240979321e-01,1.3477660217898552e-01,9.4207225497087876e-01,9.4207225497087876e-01,1.4457376282731354e-03,9.4062651734260561e-01
-2.1600000000000001e+00,1.0639906833955014e-02,3.0676213586489261e-04,1.0946668969819905e-02,2.8023331728641784e-02,2.2200100075504707e-02,2.0280233317286425e+00,2.0280233317277276e+00,2.7238024607468284e-02,3.9438564505997498e-01,3.9438564505997514e-01,1.3418967613449773e-01,9.4110111486708992e-01,9.4110111486708992e-01,1.4689299638116888e-03,9.3963218490327827e-01
-2.1499999999999999e+00,1.0854847209760748e-02,3.1610443374724374e-04,1.1170951643507992e-02,2.8297001350905328e-02,2.2658007720763228e-02,2.0282970013509054e+00,2.0282970013500248e+00,2.7496281065452190e-02,3.9352746600495497e-01,3.9352746600495514e-01,1.3359992025065437e-01,9.4011433175685111e-01,9.4011433175685111e-01,1.4924382486965842e-03,9.3862189350815450e-01
-2.1400000000000001e+00,1.1074129669183599e-02,3.2573124695765615e-04,1.1399860916141254e-02,2.8573265003299101e-02,2.3125453079240167e-02,2.0285732650032995e+00,2.0285732650025721e+00,2.7756833530350342e-02,3.9266391517002702e-01,3.9266391517002686e-01,1.3300733688753816e-01,9.3911166949428482e-01,9.3911166949428482e-01,1.5162651413442793e-03,9.3759540435294053e-01
-2.1299999999999999e+00,1.1297841928131169e-02,3.3565124027784955e-04,1.1633493168409018e-02,2.8852145732918569e-02,2.3602637577095888e-02,2.0288521457329187e+00,2.0288521457328588e+00,2.8019699419524997e-02,3.9179497262512408e-01,3.9179497262512392e-01,1.3241192872034721e-01,9.3809288879237673e-01,9.3809288879237673e-01,1.5404132681840210e-03,9.3655247552419274e-01
-2.1200000000000001e+00,1.1526073474489879e-02,3.4587334237143113e-04,1.1871946816861309e-02,2.9133666761394127e-02,2.4089766976094051e-02,2.0291336667613944e+00,2.0291336667610516e+00,2.8284896222430165e-02,3.9092061858951777e-01,3.9092061858951749e-01,1.3181369874480769e-01,9.3705774719381929e-01,9.3705774719381929e-01,1.5648852212321353e-03,9.3549286197258719e-01
-2.1099999999999999e+00,1.1758915603921427e-02,3.5640675382029837e-04,1.2115322357741725e-02,2.9417851485606859e-02,2.4587051469303751e-02,2.0294178514856069e+00,2.0294178514856189e+00,2.8552441499577638e-02,3.9004083343658202e-01,3.9004083343658219e-01,1.3121265028263884e-01,9.3600599904202741e-01,9.3600599904202730e-01,1.5896835555878003e-03,9.3441631548643955e-01
-2.1000000000000001e+00,1.1996461456382161e-02,3.6726095540578113e-04,1.2363722411787941e-02,2.9704723478393820e-02,2.5094705778981666e-02,2.0297047234783938e+00,2.0297047234785204e+00,2.8822352881465979e-02,3.8915559769862962e-01,3.8915559769862951e-01,1.3060878698708156e-01,9.3493739545235055e-01,9.3493739545235055e-01,1.6148107868486175e-03,9.3332258466550200e-01
-2.0899999999999999e+00,1.2238806053380414e-02,3.7844571664198798e-04,1.2617251770022401e-02,2.9994306489242391e-02,2.5612949256686789e-02,2.0299943064892423e+00,2.0299943064886841e+00,2.9094648067471782e-02,3.8826489207181047e-01,3.8826489207181036e-01,1.3000211284847790e-01,9.3385168428350218e-01,9.3385168428350218e-01,1.6402693884441097e-03,9.3221141489505810e-01
-2.0800000000000001e+00,1.2486046335986264e-02,3.8997110456902415e-04,1.2876017440555287e-02,3.0286624444973289e-02,2.6142005985679596e-02,2.0302866244449733e+00,2.0302866244446736e+00,2.9369344824702433e-02,3.8736869742108732e-01,3.8736869742108704e-01,1.2939263219991620e-01,9.3274861010923116e-01,9.3274861010923116e-01,1.6660617888854766e-03,9.3108254832034565e-01
-2.0699999999999998e+00,1.2738281203609359e-02,4.0184749281401241e-04,1.3140128696423371e-02,3.0581701450412110e-02,2.6682104885660758e-02,2.0305817014504122e+00,2.0305817014502439e+00,2.9646460986809973e-02,3.8646699478527485e-01,3.8646699478527496e-01,1.2878034972292929e-01,9.3162791419025892e-01,9.3162791419025881e-01,1.6921903689297007e-03,9.2993572382132916e-01
-2.0600000000000001e+00,1.2995611553559897e-02,4.1408557092805214e-04,1.3409697124487949e-02,3.0879561789048538e-02,2.7233479819903948e-02,2.0308795617890483e+00,2.0308795617890083e+00,2.9926014452764872e-02,3.8555976538215386e-01,3.8555976538215392e-01,1.2816527045325485e-01,9.3048933444650994e-01,9.3048933444650994e-01,1.7186574586562319e-03,9.2877067698785365e-01
-2.0499999999999998e+00,1.3258140321409002e-02,4.2669635400754199e-04,1.3684836675416544e-02,3.1180229923683325e-02,2.7796369704840632e-02,2.0311802299236832e+00,2.0311802299235460e+00,3.0208023185589569e-02,3.8464699061365148e-01,3.8464699061365137e-01,1.2754739978665069e-01,9.2933260542966012e-01,9.2933260542966012e-01,1.7454653344543738e-03,9.2758714009520582e-01
-2.0400000000000000e+00,1.3525972522164222e-02,4.3969119260850627e-04,1.3965663714772727e-02,3.1483730497062289e-02,2.8371018622153965e-02,2.0314837304970625e+00,2.0314837304964417e+00,3.0492505211050638e-02,3.8372865207109674e-01,3.8372865207109652e-01,1.2692674348477201e-01,9.2815745829603324e-01,9.2815745829603324e-01,1.7726162159195460e-03,9.2638484208011362e-01
-2.0299999999999998e+00,1.3799215292277022e-02,4.5308178296286439e-04,1.4252297075239888e-02,3.1790088332496982e-02,2.8957675933442638e-02,2.0317900883324969e+00,2.0317900883321340e+00,3.0779478616309024e-02,3.8280473154054551e-01,3.8280473154054584e-01,1.2630330768110451e-01,9.2696362077987149e-01,9.2696362077987160e-01,1.8001122626565295e-03,9.2516350851721496e-01
-2.0200000000000000e+00,1.4077977932498714e-02,4.6688017750582664e-04,1.4544858110004539e-02,3.2099328434471809e-02,2.9556596397514911e-02,2.0320993284344722e+00,2.0320993284344002e+00,3.1068961548527719e-02,3.8187521100818078e-01,3.8187521100818073e-01,1.2567709888696099e-01,9.2575081716701535e-01,9.2575081716701535e-01,1.8279555709878571e-03,9.2392286159602754e-01
-2.0099999999999998e+00,1.4362371951602292e-02,4.8109879572390236e-04,1.4843470747326195e-02,3.2411475989236840e-02,3.0168040290376293e-02,2.0324114759892367e+00,2.0324114759886491e+00,3.1360972213435964e-02,3.8094007266577912e-01,3.8094007266577917e-01,1.2504812399752882e-01,9.2451876826901747e-01,9.2451876826901747e-01,1.8561481705653379e-03,9.2266262009845212e-01
-2.0000000000000000e+00,1.4652511110987341e-02,4.9575043533327170e-04,1.5148261546320613e-02,3.2726556365386059e-02,3.0792273527974499e-02,2.0327265563653860e+00,2.0327265563651795e+00,3.1655528873849266e-02,3.7999929891625922e-01,3.7999929891625928e-01,1.2441639029798610e-01,9.2326719139773039e-01,9.2326719139773039e-01,1.8846920208829999e-03,9.2138249937684735e-01
-1.9900000000000000e+00,1.4948511470186219e-02,5.1084828379859969e-04,1.5459359753984820e-02,3.3044595114420761e-02,3.1429567791768240e-02,2.0330445951144207e+00,2.0330445951139233e+00,3.1952649848144762e-02,3.7905287237929597e-01,3.7905287237929630e-01,1.2378190546966734e-01,9.2199580034039641e-01,9.2199580034039641e-01,1.9135890076893288e-03,9.2008221133270707e-01
-1.9800000000000000e+00,1.5250491433289309e-02,5.2640593020264015e-04,1.5776897363491950e-02,3.3365617971297307e-02,3.2080200657186538e-02,2.0333656179712971e+00,2.0333656179708872e+00,3.2252353508690747e-02,3.7810077589701391e-01,3.7810077589701424e-01,1.2314467759629520e-01,9.2070430533527869e-01,9.2070430533527869e-01,1.9428409392970559e-03,9.1876146439598161e-01
-1.9700000000000000e+00,1.5558571796308311e-02,5.4243737747732869e-04,1.6101009173785638e-02,3.3689650854958918e-02,3.2744455725048610e-02,2.0336896508549591e+00,2.0336896508539315e+00,3.2554658280229881e-02,3.7714299253975359e-01,3.7714299253975331e-01,1.2250471517026776e-01,9.1939241304786856e-01,9.1939241304786856e-01,1.9724495427884776e-03,9.1741996350508015e-01
-1.9600000000000000e+00,1.5872875795496233e-02,5.5895705500736879e-04,1.6431832850503598e-02,3.4016719868851270e-02,3.3422622756014569e-02,2.0340167198688515e+00,2.0340167198685442e+00,3.2859582638215368e-02,3.7617950561190927e-01,3.7617950561190927e-01,1.2186202709900293e-01,9.1805982654770779e-01,9.1805982654770779e-01,2.0024164601143563e-03,9.1605741008759356e-01
-1.9500000000000000e+00,1.6193529156643516e-02,5.7597983161764867e-04,1.6769508988261163e-02,3.4346851301420976e-02,3.4114997808139980e-02,2.0343468513014211e+00,2.0343468513012533e+00,3.3167145107099054e-02,3.7521029865785055e-01,3.7521029865785038e-01,1.2121662271134720e-01,9.1670624528586586e-01,9.1670624528586586e-01,2.0327432440845989e-03,9.1467350204178133e-01
-1.9399999999999999e+00,1.6520660145370052e-02,5.9352102895618886e-04,1.7114181174326244e-02,3.4680071626596809e-02,3.4821883377608671e-02,2.0346800716265965e+00,2.0346800716262159e+00,3.3477364258570924e-02,3.7423535546790976e-01,3.7423535546790987e-01,1.2056851176403693e-01,9.1533136507311297e-01,9.1533136507311297e-01,2.0634313542486132e-03,9.1326793371886428e-01
-1.9299999999999999e+00,1.6854399618433144e-02,6.1159643528466145e-04,1.7465996053717806e-02,3.5016407504253229e-02,3.5543588542720272e-02,2.0350164075042532e+00,2.0350164075035870e+00,3.3790258709749305e-02,3.7325466008445329e-01,3.7325466008445313e-01,1.1991770444822317e-01,9.1393487805883211e-01,9.1393487805883211e-01,2.0944821526635640e-03,9.1184039590616850e-01
-1.9199999999999999e+00,1.7194881076071939e-02,6.3022231968888837e-04,1.7825103395760825e-02,3.5355885780655169e-02,3.6280429111210537e-02,2.0353558857806551e+00,2.0353558857807799e+00,3.4105847121320435e-02,3.7226819680802337e-01,3.7226819680802320e-01,1.1926421139605026e-01,9.1251647271071490e-01,9.1251647271071490e-01,2.1258968995484726e-03,9.1039057581116645e-01
-1.9100000000000001e+00,1.7542240715409288e-02,6.4941544672211728e-04,1.8191656162131406e-02,3.5698533488884347e-02,3.7032727770984930e-02,2.0356985334888842e+00,2.0356985334884690e+00,3.4424148195627349e-02,3.7127595020356197e-01,3.7127595020356213e-01,1.1860804368729762e-01,9.1107583379528734e-01,9.1107583379528734e-01,2.1576767488223785e-03,9.0891815704646495e-01
-1.8999999999999999e+00,1.7896617484932480e-02,6.6919309149425510e-04,1.8565810576426735e-02,3.6044377849246120e-02,3.7800814244347725e-02,2.0360443778492461e+00,2.0360443778489890e+00,3.4745180674706895e-02,3.7027790510670916e-01,3.7027790510670905e-01,1.1794921285607669e-01,9.0961264235931261e-01,9.0961264235931261e-01,2.1898227435245567e-03,9.0742281961578808e-01
-1.8900000000000001e+00,1.8258153140074375e-02,6.8957305522062535e-04,1.8947726195295000e-02,3.6393446269656168e-02,3.8585025445810620e-02,2.0363934462696558e+00,2.0363934462696021e+00,3.5068963338273820e-02,3.6927404663017738e-01,3.6927404663017749e-01,1.1728773089758586e-01,9.0812657571212285e-01,9.0812657571212296e-01,2.2223358111148985e-03,9.0590423990100799e-01
-1.8799999999999999e+00,1.8626992299917607e-02,7.1057368124427241e-04,1.9337565981161882e-02,3.6745766346007222e-02,3.9385705643568025e-02,2.0367457663460065e+00,2.0367457663453457e+00,3.5395515001651862e-02,3.6826436017020825e-01,3.6826436017020842e-01,1.1662361027492518e-01,9.0661730740893021e-01,9.0661730740893021e-01,2.2552167586526745e-03,9.0436209065027751e-01
-1.8700000000000001e+00,1.9003282505043996e-02,7.3221387154620110e-04,1.9735496376590195e-02,3.7101365862514453e-02,4.0203206624726595e-02,2.0371013658625148e+00,2.0371013658627333e+00,3.5724854513650303e-02,3.6724883141310366e-01,3.6724883141310366e-01,1.1595686392596760e-01,9.0508450723517109e-01,9.0508450723517109e-01,2.2884662678516960e-03,9.0279604096731936e-01
-1.8599999999999999e+00,1.9387174276552899e-02,7.5451310375844113e-04,2.0141687380311343e-02,3.7460272792039437e-02,4.1037887864381117e-02,2.0374602727920390e+00,2.0374602727917246e+00,3.6057000754385428e-02,3.6622744634183513e-01,3.6622744634183546e-01,1.1528750527028597e-01,9.0352784119193985e-01,9.0352784119193974e-01,2.3220848900100963e-03,9.0120575630192967e-01
-1.8500000000000001e+00,1.9778821176271510e-02,7.7749144869522545e-04,2.0556312624966735e-02,3.7822515296392252e-02,4.1890116698628695e-02,2.0378225152963920e+00,2.0378225152962726e+00,3.6391972633046429e-02,3.6520019124273728e-01,3.6520019124273734e-01,1.1461554821614151e-01,9.0194697148257019e-01,9.0194697148257019e-01,2.3560730408129530e-03,8.9959089844175721e-01
-1.8399999999999999e+00,2.0178379868181780e-02,8.0116958841808413e-04,2.0979549456599862e-02,3.8188121726610666e-02,4.2760268501617807e-02,2.0381881217266105e+00,2.0381881217263662e+00,3.6729789085604231e-02,3.6416705271227123e-01,3.6416705271227146e-01,1.1394100716752292e-01,9.0034155650042336e-01,9.0034155650042336e-01,2.3904309950058466e-03,8.9795112550541756e-01
-1.8300000000000001e+00,2.0586010181087952e-02,8.2556883485108718e-04,2.1411579015939042e-02,3.8557120623216236e-02,4.3648726866729159e-02,2.0385571206232158e+00,2.0385571206227304e+00,3.7070469072462989e-02,3.6312801766387737e-01,3.6312801766387764e-01,1.1326389703124862e-01,8.9871125081794656e-01,8.9871125081794656e-01,2.4251588809377630e-03,8.9628609193700881e-01
-1.8199999999999998e+00,2.1001875172550376e-02,8.5071114896302603e-04,2.1852586321513403e-02,3.8929540716446873e-02,4.4555883791989832e-02,2.0389295407164467e+00,2.0389295407162353e+00,3.7414031576053379e-02,3.6208307333490009e-01,3.6208307333489997e-01,1.1258423322412126e-01,8.9705570517706512e-01,8.9705570517706512e-01,2.4602566749715071e-03,8.9459544850209360e-01
-1.8100000000000001e+00,2.1426141194110539e-02,8.7661916053375527e-04,2.2302760354644294e-02,3.9305410926464508e-02,4.5482139869822351e-02,2.0393054109264650e+00,2.0393054109261919e+00,3.7760495598366271e-02,3.6103220729359431e-01,3.6103220729359448e-01,1.1190203168013652e-01,8.9537456648097724e-01,8.9537456648097724e-01,2.4957241957598987e-03,8.9287884228521741e-01
-1.7999999999999998e+00,2.1858977957834057e-02,9.0331618852253410e-04,2.2762294146356589e-02,3.9684760363538400e-02,4.6427904481235710e-02,2.0396847603635382e+00,2.0396847603630919e+00,3.8109880158426930e-02,3.5997540744621587e-01,3.5997540744621587e-01,1.1121730885775363e-01,8.9366747778741917e-01,8.9366747778741917e-01,2.5315610983863784e-03,8.9113591668903269e-01
-1.7900000000000000e+00,2.2300558604197614e-02,9.3082626205665442e-04,2.3231384866254270e-02,4.0067618328202444e-02,4.7393595994565191e-02,2.0400676183282020e+00,2.0400676183277566e+00,3.8462204289707938e-02,3.5891266204418426e-01,3.5891266204418459e-01,1.1053008174721324e-01,8.9193407830347404e-01,8.9193407830347404e-01,2.5677668683680571e-03,8.8936631143510603e-01
-1.7800000000000000e+00,2.2751059771347601e-02,9.5917414205928429e-04,2.3710233913406882e-02,4.0454014311386531e-02,4.8379641968873052e-02,2.0404540143113867e+00,2.0404540143110772e+00,3.8817487037480669e-02,3.5784395969133492e-01,3.5784395969133492e-01,1.0984036787791693e-01,8.9017400338199903e-01,8.9017400338199915e-01,2.6043408155200739e-03,8.8756966256647907e-01
-1.7700000000000000e+00,2.3210661665757644e-02,9.8838534353596361e-04,2.4199047009293609e-02,4.0843977994520844e-02,4.9386479362123176e-02,2.0408439779945207e+00,2.0408439779943111e+00,3.9175747456103936e-02,3.5676928935124186e-01,3.5676928935124191e-01,1.0914818532585424e-01,8.8838688451974834e-01,8.8838688451974834e-01,2.6412820676794376e-03,8.8574560245206890e-01
-1.7600000000000000e+00,2.3679548134313597e-02,1.0184861585398380e-03,2.4698034292853437e-02,4.1237539249613264e-02,5.0414554744246706e-02,2.0412375392496132e+00,2.0412375392492299e+00,3.9537004606249870e-02,3.5568864035463066e-01,3.5568864035463071e-01,1.0845355272108978e-01,8.8657234935727236e-01,8.8657234935727236e-01,2.6785895642872635e-03,8.8389375979298512e-01
-1.7500000000000000e+00,2.4157906737854798e-02,1.0495036798362769e-03,2.5207410417691076e-02,4.1634728139298027e-02,5.1464324515218429e-02,2.0416347281392979e+00,2.0416347281391931e+00,3.9901277552064775e-02,3.5460200240686546e-01,3.5460200240686512e-01,1.0775648925529846e-01,8.8473002168067671e-01,8.8473002168067671e-01,2.7162620498278269e-03,8.8201375963084883e-01
-1.7400000000000000e+00,2.4645928826200859e-02,1.0814658252881919e-03,2.5727394651489047e-02,4.2035574916856146e-02,5.2536255128266297e-02,2.0420355749168566e+00,2.0420355749168526e+00,4.0268585358265517e-02,3.5350936559551782e-01,3.5350936559551754e-01,1.0705701468935533e-01,8.8285952142532764e-01,8.8285952142532764e-01,2.7542980671233048e-03,8.8010522335820429e-01
-1.7300000000000000e+00,2.5143809614694170e-02,1.1144013629839995e-03,2.6258210977678168e-02,4.2440110026206297e-02,5.3630823318340341e-02,2.0424401100262064e+00,2.0424401100259302e+00,4.0638947087169801e-02,3.5241072039801913e-01,3.5241072039801924e-01,1.0635514936097763e-01,8.8096046468159306e-01,8.8096046468159306e-01,2.7926959504830243e-03,8.7816776873111002e-01
-1.7200000000000000e+00,2.5651748262288616e-02,1.1483399371308406e-03,2.6800088199419460e-02,4.2848364101865745e-02,5.4748516335969749e-02,2.0428483641018653e+00,2.0428483641014759e+00,4.1012381795659685e-02,3.5130605768939149e-01,3.5130605768939188e-01,1.0565091419241820e-01,8.7903246370271260e-01,8.7903246370271260e-01,2.8314538187061049e-03,8.7620100988400651e-01
-1.7100000000000000e+00,2.6169947951215855e-02,1.1833120947363715e-03,2.7353260045952225e-02,4.3260367968880539e-02,5.5889832186640828e-02,2.0432603679688808e+00,2.0432603679685357e+00,4.1388908532077592e-02,3.5019536875005969e-01,3.5019536875005952e-01,1.0494433069820834e-01,8.7707512691489198e-01,8.7707512691489198e-01,2.8705695679364998e-03,8.7420455734695546e-01
-1.7000000000000000e+00,2.6698615968260862e-02,1.2193493131031276e-03,2.7917965281363991e-02,4.3676152642724175e-02,5.7055279875831102e-02,2.0436761526427238e+00,2.0436761526423743e+00,4.1768546333053630e-02,3.4907864527374211e-01,3.4907864527374211e-01,1.0423542099295041e-01,8.7508805892972319e-01,8.7508805892972319e-01,2.9100408643695490e-03,8.7217801806535356e-01
-1.6899999999999999e+00,2.7237963787679478e-02,1.2564840281602237e-03,2.8494447815839704e-02,4.4095749329164401e-02,5.8245379659839620e-02,2.0440957493291640e+00,2.0440957493289558e+00,4.2151314220263900e-02,3.4795587937542805e-01,3.4795587937542832e-01,1.0352420779916388e-01,8.7307086055903138e-01,8.7307086055903138e-01,2.9498651368094209e-03,8.7012099542222188e-01
-1.6799999999999999e+00,2.7788207155790851e-02,1.2947496636578810e-03,2.9082956819448735e-02,4.4519189424097314e-02,5.9460663302555346e-02,2.0445191894240970e+00,2.0445191894242023e+00,4.2537231197118656e-02,3.4682706359943005e-01,3.4682706359943033e-01,1.0281071445517409e-01,8.7102312883225830e-01,8.7102312883225830e-01,2.9900395690765020e-03,8.6803308926318179e-01
-1.6699999999999999e+00,2.8349566177278910e-02,1.3341806612510549e-03,2.9683746838529968e-02,4.4946504513347606e-02,6.0701674338310981e-02,2.0449465045133470e+00,2.0449465045130344e+00,4.2926316245379230e-02,3.4569219092751868e-01,3.4569219092751874e-01,1.0209496492305276e-01,8.6894445701649070e-01,8.6894445701649070e-01,3.0305610922644953e-03,8.6591389592422618e-01
-1.6600000000000001e+00,2.8922265403237127e-02,1.3748125114992499e-03,3.0297077914736376e-02,4.5377726372434965e-02,6.1968968340972000e-02,2.0453777263724349e+00,2.0453777263722550e+00,4.3318588321703384e-02,3.4455125478713877e-01,3.4455125478713861e-01,1.0137698379660381e-01,8.6683443463925003e-01,8.6683443463925003e-01,3.0714263768466727e-03,8.6376300826240349e-01
-1.6499999999999999e+00,2.9506533920992013e-02,1.4166817858104251e-03,3.0923215706802440e-02,4.5812886966305567e-02,6.3263113199415300e-02,2.0458128869663055e+00,2.0458128869658512e+00,4.3714066354118078e-02,3.4340424905970390e-01,3.4340424905970424e-01,1.0065679630939528e-01,8.6469264751416230e-01,8.6469264751416230e-01,3.1126318246311058e-03,8.6158001568953124e-01
-1.6400000000000001e+00,3.0102605445740956e-02,1.4598261693577167e-03,3.1562431615098675e-02,4.6252018449027626e-02,6.4584689399555056e-02,2.0462520184490272e+00,2.0462520184485467e+00,4.4112769238418434e-02,3.4225116808897538e-01,3.4225116808897571e-01,9.9934428342838999e-02,8.6251867776963098e-01,8.6251867776963098e-01,3.1541735605648347e-03,8.5936450420906618e-01
-1.6299999999999999e+00,3.0710718414041660e-02,1.5042844949986541e-03,3.2215002909040308e-02,4.6695153163450916e-02,6.5934290313079291e-02,2.0466951531634514e+00,2.0466951531633581e+00,4.4514715834492770e-02,3.4109200668951489e-01,3.4109200668951445e-01,9.9209906434309603e-02,8.6031210388064050e-01,8.6031210388064050e-01,3.1960474243869007e-03,8.5711605645625366e-01
-1.6200000000000001e+00,3.1331116079189654e-02,1.5500967782273384e-03,3.2881212857416998e-02,4.7142323640828959e-02,6.7312522493061314e-02,2.0471423236408284e+00,2.0471423236405237e+00,4.4919924962572300e-02,3.3992676015521928e-01,3.3992676015521983e-01,9.8483257785309836e-02,8.5807250070382368e-01,8.5807250070382368e-01,3.2382489621306425e-03,8.5483425174169292e-01
-1.6099999999999999e+00,3.1964046608523131e-02,1.5973042531911006e-03,3.3561350861714231e-02,4.7593562600403448e-02,6.8720005976619564e-02,2.0475935626004036e+00,2.0475935625998329e+00,4.5328415399404923e-02,3.3875542426794214e-01,3.3875542426794203e-01,9.7754510269681710e-02,8.5579943951592830e-01,8.5579943951592830e-01,3.2807734174758350e-03,8.5251866609845250e-01
-1.6000000000000001e+00,3.2609763182692972e-02,1.6459494098040048e-03,3.4255712592496976e-02,4.8048902948949805e-02,7.0157374594797955e-02,2.0480489029489499e+00,2.0480489029485183e+00,4.5740205874352208e-02,3.3757799530617882e-01,3.3757799530617910e-01,9.7023692441849316e-02,8.5349248805582634e-01,8.5349248805582634e-01,3.3236157229508114e-03,8.5016887233287552e-01
-1.5899999999999999e+00,3.3268524096938548e-02,1.6960760319906538e-03,3.4964600128929199e-02,4.8508377780283697e-02,7.1625276289849049e-02,2.0485083777802835e+00,2.0485083777804038e+00,4.6155315065408972e-02,3.3639447005384726e-01,3.3639447005384726e-01,9.6290833545112614e-02,8.5115121057021081e-01,8.5115121057021081e-01,3.3667704909861444e-03,8.4778444007922471e-01
-1.5800000000000001e+00,3.3940592864409105e-02,1.7477292370946581e-03,3.5688322101503758e-02,4.8972020374726893e-02,7.3124373440102197e-02,2.0489720203747277e+00,2.0489720203742401e+00,4.6573761595144224e-02,3.3520484580913479e-01,3.3520484580913440e-01,9.5555963519972309e-02,8.4877516786313478e-01,8.4877516786313478e-01,3.4102320048203147e-03,8.4536493585831451e-01
-1.5699999999999998e+00,3.4626238321572730e-02,1.8009555164873133e-03,3.6427193838060049e-02,4.9439864198532628e-02,7.4655343192607387e-02,2.0494398641985319e+00,2.0494398641983289e+00,4.6995564026563276e-02,3.3400912039342845e-01,3.3400912039342867e-01,9.4819113012495682e-02,8.4636391734954630e-01,8.4636391734954630e-01,3.4539942092591020e-03,8.4290992314028723e-01
-1.5600000000000001e+00,3.5325734735754288e-02,1.8558027774129488e-03,3.7181537513167232e-02,4.9911942903268773e-02,7.6218877803747420e-02,2.0499119429032691e+00,2.0499119429027157e+00,4.7420740858889615e-02,3.3280729216032517e-01,3.3280729216032534e-01,9.4080313382721381e-02,8.4391701311298672e-01,8.4391701311298672e-01,3.4980507012901843e-03,8.4041896241169667e-01
-1.5499999999999998e+00,3.6039361914846260e-02,1.9123203861087026e-03,3.7951682300954956e-02,5.0388290325158631e-02,7.7815684988018635e-02,2.0503882903251593e+00,2.0503882903248152e+00,4.7849310523266152e-02,3.3159936000471152e-01,3.3159936000471146e-01,9.3339596713093886e-02,8.4143400596761619e-01,8.4143400596761619e-01,3.5423947205545986e-03,8.3789161124706157e-01
-1.5400000000000000e+00,3.6767405319235363e-02,1.9705592122374513e-03,3.8737964531472810e-02,5.0868940484378386e-02,7.9446488275183080e-02,2.0508689404843787e+00,2.0508689404842295e+00,4.8281291378375155e-02,3.3038532337192739e-01,3.3038532337192739e-01,9.2596995816937283e-02,8.3891444352474531e-01,8.3891444352474531e-01,3.5870191396774526e-03,8.3532742438506780e-01
-1.5300000000000000e+00,3.7510156175990787e-02,2.0305716746739527e-03,3.9540727850664738e-02,5.1353927584310156e-02,8.1112027376003440e-02,2.0513539275843105e+00,2.0513539275839321e+00,4.8716701705975585e-02,3.2916518226700242e-01,3.2916518226700264e-01,9.1852544246958934e-02,8.3635787026404995e-01,8.3635787026404995e-01,3.6319164544601442e-03,8.3272595380958991e-01
-1.5200000000000000e+00,3.8267911595358695e-02,2.0924117886853590e-03,4.0360323384044050e-02,5.1843286010750049e-02,8.2813058556773456e-02,2.0518432860107501e+00,2.0518432860105276e+00,4.9155559706357620e-02,3.2793893726396928e-01,3.2793893726396922e-01,9.1106276303785719e-02,8.3376382760966028e-01,8.3376382760966028e-01,3.6770787739368611e-03,8.3008674883572342e-01
-1.5100000000000000e+00,3.9040974689610368e-02,2.1561352145486167e-03,4.1197109904158986e-02,5.2337050331070618e-02,8.4550355022866577e-02,2.0523370503310705e+00,2.0523370503310692e+00,4.9597883493713600e-02,3.2670658951524845e-01,3.2670658951524878e-01,9.0358227044528824e-02,8.3113185401131251e-01,8.3113185401131251e-01,3.7224978102984047e-03,8.2740935620101408e-01
-1.5000000000000000e+00,3.9829654694291151e-02,2.2217993076484614e-03,4.2051454001939610e-02,5.2835255293336152e-02,8.6324707311527679e-02,2.0528352552933362e+00,2.0528352552932430e+00,5.0043691091424147e-02,3.2546814076111441e-01,3.2546814076111447e-01,8.9608432291380158e-02,8.2846148503076888e-01,8.2846148503076888e-01,3.7681648686868929e-03,8.2469332016208197e-01
-1.4900000000000000e+00,4.0634267091918801e-02,2.2894631701011422e-03,4.2923730262019948e-02,5.3337935825370698e-02,8.8136923694141028e-02,2.0533379358253705e+00,2.0533379358252946e+00,5.0493000427259335e-02,3.2422359333922524e-01,3.2422359333922562e-01,8.8856928640230204e-02,8.2575225343370995e-01,8.2575225343370995e-01,3.8140708368647963e-03,8.2193818259684504e-01
-1.4800000000000000e+00,4.1455133738180668e-02,2.3591877039503147e-03,4.3814321442130981e-02,5.3845127033777744e-02,8.9987830588212289e-02,2.0538451270337781e+00,2.0538451270334379e+00,5.0945829328494084e-02,3.2297295019423689e-01,3.2297295019423700e-01,8.8103753469317730e-02,8.2300368928731482e-01,8.2300368928731482e-01,3.8602061747629495e-03,8.1914348311255192e-01
-1.4700000000000000e+00,4.2292582990680297e-02,2.4310356659829873e-03,4.4723618656663286e-02,5.4356864202910200e-02,9.1878272979309561e-02,2.0543568642029104e+00,2.0543568642025591e+00,5.1402195516936582e-02,3.2171621488747693e-01,3.2171621488747720e-01,8.7348944947896384e-02,8.2021532006375164e-01,8.2021532006375164e-01,3.9065609039115930e-03,8.1630875915984014e-01
-1.4600000000000000e+00,4.3146949840284811e-02,2.5050717242148771e-03,4.5652021564499691e-02,5.4873182793790935e-02,9.3809114853214262e-02,2.0548731827937909e+00,2.0548731827933673e+00,5.1862116603870141e-02,3.2045339160670033e-01,3.2045339160670061e-01,8.6592542044929360e-02,8.1738667074980753e-01,8.1738667074980753e-01,3.9531245967599615e-03,8.1343354615304753e-01
-1.4500000000000000e+00,4.4018576045125782e-02,2.5813625160959748e-03,4.6599938561221757e-02,5.5394118442981415e-02,9.5781239638539489e-02,2.0553941184429814e+00,2.0553941184428361e+00,5.2325610084906361e-02,3.1918448517590903e-01,3.1918448517590908e-01,8.5834584537800657e-02,8.1451726396289592e-01,8.1451726396289592e-01,3.9998863658895056e-03,8.1051737759700648e-01
-1.4399999999999999e+00,4.4907810267306975e-02,2.6599767084887534e-03,4.7567786975795723e-02,5.5919706961399099e-02,9.7795550660080222e-02,2.0559197069613995e+00,2.0559197069611734e+00,5.2792693334750347e-02,3.1790950106524241e-01,3.1790950106524229e-01,8.5075113021045146e-02,8.1160662007368878e-01,8.1160662007368878e-01,4.0468348531268201e-03,8.0755978522056193e-01
-1.4299999999999999e+00,4.5815008212373887e-02,2.7409850594729891e-03,4.8555993271846870e-02,5.6449984333081966e-02,9.9852971603166751e-02,2.0564499843330823e+00,2.0564499843327790e+00,5.3263383601876761e-02,3.1662844540093749e-01,3.1662844540093710e-01,8.4314168915097021e-02,8.0865425733562468e-01,8.0865425733562468e-01,4.0939582185628111e-03,8.0456029911706195e-01
-1.4199999999999999e+00,4.6740532771600660e-02,2.8244604820327926e-03,4.9564993253633449e-02,5.6984986713898934e-02,1.0195444698929970e-01,2.0569849867138990e+00,2.0569849867134726e+00,5.3737698003115696e-02,3.1534132497535450e-01,3.1534132497535444e-01,8.3551794475050095e-02,8.0565969202156096e-01,8.0565969202156096e-01,4.1412441294848262e-03,8.0151844789207616e-01
-1.4099999999999999e+00,4.7684754167151497e-02,2.9104781096832271e-03,5.0595232276834726e-02,5.7524750430206120e-02,1.0410094266335268e-01,2.0575247504302063e+00,2.0575247504297511e+00,5.4215653518148624e-02,3.1404814725707142e-01,3.1404814725707175e-01,8.2788032799435612e-02,8.0262243856783799e-01,8.0262243856783799e-01,4.1886797492296565e-03,7.9843375881860834e-01
-1.3999999999999999e+00,4.8648050100174381e-02,2.9991153640955438e-03,5.1647165464269923e-02,5.8069311977447531e-02,1.0629344629263540e-01,2.0580693119774476e+00,2.0580693119769400e+00,5.4697266983913397e-02,3.1274892040104096e-01,3.1274892040104096e-01,8.2022927839004833e-02,7.9954200972604050e-01,7.9954200972604050e-01,4.2362517259649547e-03,7.9530575800007552e-01
-1.3899999999999999e+00,4.9630805901886649e-02,3.0904520247819031e-03,5.2721257926668555e-02,5.8618708018698978e-02,1.0853296787811900e-01,2.0586187080186988e+00,2.0586187080184524e+00,5.5182555088917500e-02,3.1144365325881218e-01,3.1144365325881229e-01,8.1256524405524222e-02,7.9641791672274609e-01,7.9641791672274609e-01,4.2839461814082810e-03,7.9213397054133772e-01
-1.3799999999999999e+00,5.0633414687712583e-02,3.1845703009023398e-03,5.3817984988614925e-02,5.9172975383155434e-02,1.1082054027813218e-01,2.0591729753831554e+00,2.0591729753826802e+00,5.5671534367459911e-02,3.1013235538881628e-01,3.1013235538881639e-01,8.0488868180577128e-02,7.9324966942756270e-01,7.9324966942756270e-01,4.3317486994929053e-03,7.8891792072806977e-01
-1.3699999999999999e+00,5.1656277514534804e-02,3.2815549052585321e-03,5.4937832419793331e-02,5.9732151064559182e-02,1.1315721974484522e-01,2.0597321510645594e+00,2.0597321510641788e+00,5.6164221193759863e-02,3.0881503706671393e-01,3.0881503706671415e-01,7.9720005724368381e-02,7.9003677652976878e-01,7.9003677652976867e-01,4.3796443149903153e-03,7.8565713221477851e-01
-1.3599999999999999e+00,5.2699803541122379e-02,3.3814931305410560e-03,5.6081296671663429e-02,6.0296272219569513e-02,1.1554408647386792e-01,2.0602962722195697e+00,2.0602962722191163e+00,5.6660631775993085e-02,3.0749170929580072e-01,3.0749170929580089e-01,7.8949984484532026e-02,7.8677874572387618e-01,7.8677874572387618e-01,4.4276175021002650e-03,7.8235112822177599e-01
-1.3499999999999999e+00,5.3764410191799832e-02,3.4844749278987032e-03,5.7248885119698535e-02,6.0865376166072176e-02,1.1798224516729576e-01,2.0608653761660718e+00,2.0608653761653071e+00,5.7160782150234714e-02,3.0616238381747285e-01,3.0616238381747302e-01,7.8178852804938193e-02,7.8347508390445220e-01,7.8347508390445220e-01,4.4756521630197280e-03,7.7899943174143249e-01
-1.3400000000000001e+00,5.4850523323422329e-02,3.5905929879005700e-03,5.8441116311322899e-02,6.1439500381427460e-02,1.2047282561054637e-01,2.0614395003814274e+00,2.0614395003814381e+00,5.7664688174308039e-02,3.0482707312175183e-01,3.0482707312175200e-01,7.7406659934500244e-02,7.8012529737054492e-01,7.8012529737054492e-01,4.5237316165031467e-03,7.7560156575404182e-01
-1.3300000000000001e+00,5.5958577395724289e-02,3.6999428239638484e-03,5.9658520219688142e-02,6.2018682500656723e-02,1.2301698326334012e-01,2.0620186825006566e+00,2.0620186825001849e+00,5.8172365521539461e-02,3.0348579045786162e-01,3.0348579045786184e-01,7.6633456035971520e-02,7.7672889204006945e-01,7.7672889204006945e-01,4.5718385864265895e-03,7.7215705345364283e-01
-1.3200000000000001e+00,5.7089015645108848e-02,3.8126228583223276e-03,6.0901638503431180e-02,6.2602960314565678e-02,1.2561589986518468e-01,2.0626029603145657e+00,2.0626029603143525e+00,5.8683829674418590e-02,3.0213854984486377e-01,3.0213854984486405e-01,7.5859292194740996e-02,7.7328537367452510e-01,7.7328537367452510e-01,4.6199551903702745e-03,7.6866541848415482e-01
-1.3100000000000001e+00,5.8242290261948465e-02,3.9287345106130585e-03,6.2171024772561520e-02,6.3192371767803984e-02,1.2827078405573611e-01,2.0631923717678040e+00,2.0631923717674416e+00,5.9199095918163636e-02,3.0078536608234274e-01,3.0078536608234258e-01,7.5084220427616311e-02,7.6979424811442421e-01,7.6979424811442421e-01,4.6680629282338038e-03,7.6512618518619036e-01
-1.3000000000000000e+00,5.9418862571467099e-02,4.0483822891608763e-03,6.3467244860627978e-02,6.3786954956859918e-02,1.3098287201041683e-01,2.0637869549568602e+00,2.0637869549561629e+00,5.9718179334191442e-02,2.9942625476114249e-01,2.9942625476114265e-01,7.4308293691591226e-02,7.6625502152583014e-01,7.6625502152583014e-01,4.7161426708996774e-03,7.6153887885493043e-01
-1.2900000000000000e+00,6.0619203218276380e-02,4.1716738850429442e-03,6.4790877103319322e-02,6.4386748127989515e-02,1.3375342809168161e-01,2.0643867481279901e+00,2.0643867481274412e+00,6.0241094793492357e-02,2.9806123227415615e-01,2.9806123227415598e-01,7.3531565892605261e-02,7.6266720065841143e-01,7.6266720065841143e-01,4.7641746489624145e-03,7.5790302600944903e-01
-1.2800000000000000e+00,6.1843792354639791e-02,4.2987202690179848e-03,6.6142512623657779e-02,6.4991789675078404e-02,1.3658374551633354e-01,2.0649917896750782e+00,2.0649917896746008e+00,6.0767856949908772e-02,2.9669031582715710e-01,2.9669031582715705e-01,7.2754091894278589e-02,7.5903029311543535e-01,7.5903029311543535e-01,4.8121384415400793e-03,7.5421815467389519e-01
-1.2700000000000000e+00,6.3093119832539957e-02,4.4296357914074633e-03,6.7522755623947411e-02,6.5602118137436660e-02,1.3947514703930231e-01,2.0656021181374369e+00,2.0656021181372961e+00,6.1298480233318464e-02,2.9531352344968237e-01,2.9531352344968254e-01,7.1975927526630679e-02,7.5534380763613862e-01,7.5534380763613862e-01,4.8600129651876333e-03,7.5048379467095105e-01
-1.2600000000000000e+00,6.4367685399625951e-02,4.5645382850185946e-03,6.8932223684644550e-02,6.6217772197524477e-02,1.4242898565430767e-01,2.0662177721975241e+00,2.0662177721969543e+00,6.1832978842721230e-02,2.9393087400595486e-01,2.9393087400595497e-01,7.1197129594772507e-02,7.5160725439092779e-01,7.5160725439092779e-01,4.9077764629314848e-03,7.4669947792799629e-01
-1.2500000000000000e+00,6.5667998899119034e-02,4.7035491712018214e-03,7.0371548070320866e-02,6.6838790678608623e-02,1.4544664531184354e-01,2.0668387906786085e+00,2.0668387906780015e+00,6.2371366739229765e-02,2.9254238720584980e-01,2.9254238720584996e-01,7.0417755887575761e-02,7.4782014528987473e-01,7.4782014528987473e-01,4.9554064934466575e-03,7.4286473879642800e-01
-1.2400000000000000e+00,6.6994580473756782e-02,4.8467935691382247e-03,7.1841374042895007e-02,6.7465212542347872e-02,1.4852954165492827e-01,2.0674652125423481e+00,2.0674652125423445e+00,6.2913657638963699e-02,2.9114808361590183e-01,2.9114808361590211e-01,6.9637865186309378e-02,7.4398199430499401e-01,7.4398199430499390e-01,5.0028799203983487e-03,7.3897911438459563e-01
-1.2300000000000000e+00,6.8347960773856992e-02,4.9944004084552310e-03,7.3342361182312216e-02,6.8097076886307242e-02,1.5167912277307966e-01,2.0680970768863070e+00,2.0680970768858220e+00,6.3459865005847604e-02,2.8974798467034812e-01,2.8974798467034796e-01,6.8857517273246016e-02,7.4009231780679974e-01,7.4009231780679985e-01,5.0501729019717112e-03,7.3504214490482811e-01
-1.2200000000000000e+00,6.9728681169585027e-02,5.1465025452719880e-03,7.4875183714857019e-02,6.8734422941399739e-02,1.5489686997498603e-01,2.0687344229413998e+00,2.0687344229410134e+00,6.4010002044312522e-02,2.8834211268220689e-01,2.8834211268220689e-01,6.8076772940231178e-02,7.3615063491566002e-01,7.3615063491566002e-01,5.0972608806144166e-03,7.3105337403504556e-01
-1.2100000000000000e+00,7.1137293967509063e-02,5.3032368817788368e-03,7.6440530849287897e-02,6.9377290069254416e-02,1.5818429858035465e-01,2.0693772900692546e+00,2.0693772900687302e+00,6.4564081691900949e-02,2.8693049085439259e-01,2.8693049085439259e-01,6.7295693997216383e-02,7.3215646786848299e-01,7.3215646786848299e-01,5.1441185730184569e-03,7.2701234929546454e-01
-1.2000000000000000e+00,7.2574362631530012e-02,5.4647444894585142e-03,7.8039107120988535e-02,7.0025717759510053e-02,1.6154295873143557e-01,2.0700257177595098e+00,2.0700257177593828e+00,6.5122116611775485e-02,2.8551314329085808e-01,2.8551314329085831e-01,6.6514343280747373e-02,7.2810934240128877e-01,7.2810934240128877e-01,5.1907199603684478e-03,7.2291862244092031e-01
-1.1899999999999999e+00,7.4040462008274632e-02,5.6311707360600215e-03,7.9671632744334642e-02,7.0679745627033705e-02,1.6497443622472935e-01,2.0706797456270341e+00,2.0706797456266912e+00,6.5684119185131520e-02,2.8409009500776861e-01,2.8409009500776844e-01,6.5732784662410060e-02,7.2400878814823755e-01,7.2400878814823744e-01,5.2370382788859676e-03,7.1877174986935155e-01
-1.1799999999999999e+00,7.5536178557041880e-02,5.8026654164394110e-03,8.1338843973481303e-02,7.1339413409062455e-02,1.6848035336340197e-01,2.0713394134090621e+00,2.0713394134088312e+00,6.6250101503513334e-02,2.8266137194469865e-01,2.8266137194469904e-01,6.4951083057223330e-02,7.1985433905770435e-01,7.1985433905770435e-01,5.2830460107001131e-03,7.1457129304700429e-01
-1.1699999999999999e+00,7.7062110584394425e-02,5.9793828873852643e-03,8.3041493471779679e-02,7.2004760962268363e-02,1.7206236983094467e-01,2.0720047609622689e+00,2.0720047609619949e+00,6.6820075361034958e-02,2.8122700097585862e-01,2.8122700097585851e-01,6.4169304431987262e-02,7.1564553382601503e-01,7.1564553382601503e-01,5.3287148750775131e-03,7.1031681895093768e-01
-1.1599999999999999e+00,7.8618868483489229e-02,6.1614822065502181e-03,8.4780350690039447e-02,7.2675828259744502e-02,1.7572218358662911e-01,2.0726758282597446e+00,2.0726758282592814e+00,6.7394052246504618e-02,2.7978700992133365e-01,2.7978700992133387e-01,6.3387515813566608e-02,7.1138191634947079e-01,7.1138191634947079e-01,5.3740158200445984e-03,7.0600790052942619e-01
-1.1499999999999999e+00,8.0207074978242990e-02,6.3491272756135905e-03,8.6556202253856587e-02,7.3352655387912413e-02,1.7946153178332677e-01,2.0733526553879127e+00,2.0733526553876613e+00,6.7972043335454577e-02,2.7834142755835162e-01,2.7834142755835167e-01,6.2605785297123406e-02,7.0706303619531763e-01,7.0706303619531763e-01,5.4189190144393346e-03,7.0164411718087827e-01
-1.1399999999999999e+00,8.1827365372429975e-02,6.5424869878039638e-03,8.8369852360233939e-02,7.4035282543349082e-02,1.8328219170827184e-01,2.0740352825433490e+00,2.0740352825431296e+00,6.8554059482075547e-02,2.7689028363255752e-01,2.7689028363255730e-01,6.1824182054281702e-02,7.0268844909233619e-01,7.0268844909233619e-01,5.4633938404290983e-03,6.9722505525190703e-01
-1.1299999999999999e+00,8.3480387803812034e-02,6.7417353799144840e-03,9.0222123183726521e-02,7.4723750029532660e-02,1.8718598174736750e-01,2.0747237500295324e+00,2.0747237500289653e+00,6.9140111211056579e-02,2.7543360886930562e-01,2.7543360886930568e-01,6.1042776341226207e-02,6.9825771744174825e-01,6.9825771744174825e-01,5.5074088865347780e-03,6.9275030855521347e-01
-1.1199999999999999e+00,8.5166803503402277e-02,6.9470517889477154e-03,9.2113855292350000e-02,7.5418098253506316e-02,1.9117476237364772e-01,2.0754180982535062e+00,2.0754180982533268e+00,6.9730208709330790e-02,2.7397143498496301e-01,2.7397143498496307e-01,6.0261639506733501e-02,6.9377041084916458e-01,6.9377041084916458e-01,5.5509319412030116e-03,6.8821947890796165e-01
-1.1099999999999999e+00,8.6887287059966414e-02,7.1586210135310639e-03,9.4045908073497483e-02,7.6118367722459071e-02,1.9525043716052601e-01,2.0761183677224588e+00,2.0761183677220720e+00,7.0324361817727568e-02,2.7250379469821528e-01,2.7250379469821556e-01,5.9480844000125821e-02,6.8922610667831874e-01,6.8922610667831874e-01,5.5939299869698774e-03,6.8363217669134868e-01
-1.0999999999999999e+00,8.8642526689867135e-02,7.3766334802480033e-03,9.6019160170115136e-02,7.6824599040222555e-02,1.9941495382047830e-01,2.0768245990402230e+00,2.0768245990402390e+00,7.0922580022531587e-02,2.7103072174138176e-01,2.7103072174138182e-01,5.8700463379147833e-02,6.8462439062735880e-01,6.8462439062735880e-01,5.6363691952623736e-03,6.7898802143209647e-01
-1.0900000000000001e+00,9.0433224512359883e-02,7.6012854150348599e-03,9.8034509927394736e-02,7.7536832903683017e-02,2.0367030526982433e-01,2.0775368329036827e+00,2.0775368329034594e+00,7.1524872446949356e-02,2.6955225087172718e-01,2.6955225087172752e-01,5.7920572317760849e-02,6.7996485732849676e-01,6.7996485732849676e-01,5.6782149218859105e-03,6.7428664240661074e-01
-1.0800000000000001e+00,9.2260096830450014e-02,7.8327790197974135e-03,1.0009287585024744e-01,7.8255110099107517e-02,2.0801853072029228e-01,2.0782551100991076e+00,2.0782551100986257e+00,7.2131247842484078e-02,2.6806841788277519e-01,2.6806841788277536e-01,5.7141246613852226e-02,6.7524711097183687e-01,6.7524711097183687e-01,5.7194317032486829e-03,6.6952767926858825e-01
-1.0700000000000001e+00,9.4123874417423356e-02,8.0713226544062294e-03,1.0219519707182959e-01,7.8979471498383302e-02,2.1246171679806539e-01,2.0789794714983834e+00,2.0789794714980068e+00,7.2741714580219358e-02,2.6657925961561335e-01,2.6657925961561335e-01,5.6362563196852698e-02,6.7047076595424038e-01,6.7047076595424038e-01,5.7599832533758106e-03,6.6471078270086459e-01
-1.0600000000000001e+00,9.6025302809165380e-02,8.3171310242346318e-03,1.0434243383340000e-01,7.9709958055169686e-02,2.1700199869103465e-01,2.0797099580551697e+00,2.0797099580548428e+00,7.3356280642012772e-02,2.6508481397019090e-01,2.6508481397019085e-01,5.5584600135258122e-02,6.6563544755410320e-01,6.6563544755410331e-01,5.7998324617691676e-03,6.5983561509233413e-01
-1.0500000000000000e+00,9.7965142602385508e-02,8.5704253734080332e-03,1.0653556797579353e-01,8.0446610800961438e-02,2.2164156132499513e-01,2.0804466108009620e+00,2.0804466108008679e+00,7.3974953611600072e-02,2.6358511991660372e-01,2.6358511991660372e-01,5.4807436644054831e-02,6.6074079263296159e-01,6.6074079263296159e-01,5.8389413921717008e-03,6.5490185124078992e-01
-1.0400000000000000e+00,9.9944169758865914e-02,8.8314336839385721e-03,1.0877560344280449e-01,8.1189470841062678e-02,2.2638264056954754e-01,2.0811894708410628e+00,2.0811894708404242e+00,7.4597740665610909e-02,2.6208021750636434e-01,2.6208021750636423e-01,5.4031153092040290e-02,6.5578645036486605e-01,6.5578645036486605e-01,5.8772712822972341e-03,6.4990917908256884e-01
-1.0300000000000000e+00,1.0196317591585659e-01,9.1003908809243143e-03,1.1106356679678091e-01,8.1938579350470511e-02,2.3122752447448611e-01,2.0819385793504703e+00,2.0819385793502398e+00,7.5224648564497149e-02,2.6057014788365129e-01,2.6057014788365140e-01,5.3255831009034499e-02,6.5077208299449829e-01,6.5077208299449840e-01,5.9147825445899794e-03,6.4485730044990841e-01
-1.0200000000000000e+00,1.0402296870274072e-01,9.3775390439976986e-03,1.1340050774673840e-01,8.2693977569667565e-02,2.3617855453747455e-01,2.0826939775696678e+00,2.0826939775693645e+00,7.5855683643374888e-02,2.5905495329653783e-01,2.5905495329653805e-01,5.2481553092982601e-02,6.4569736662503763e-01,6.4569736662503752e-01,5.9514347680816367e-03,6.3974593185695594e-01
-1.0100000000000000e+00,1.0612437206409736e-01,9.6631276252135551e-03,1.1578749968931090e-01,8.3455706800322424e-02,2.4123812700383540e-01,2.0834557068003230e+00,2.0834557067997972e+00,7.6490851802781035e-02,2.5753467710819022e-01,2.5753467710819000e-01,5.1708403216935164e-02,6.4056199203681541e-01,6.4056199203681530e-01,5.9871867214156436e-03,6.3457480531539967e-01
-1.0000000000000000e+00,1.0826822658929017e-01,9.9574136735727896e-03,1.1822564026286295e-01,8.4223808400897396e-02,2.4640869419929873e-01,2.0842238084008979e+00,2.0842238084005649e+00,7.7130158499346319e-02,2.5600936380803829e-01,2.5600936380803829e-01,5.0936466435912243e-02,6.3536566553783835e-01,6.3536566553783835e-01,6.0219963571135540e-03,6.2934366918072482e-01
-9.8999999999999999e-01,1.1045538984871425e-01,1.0260662066383828e-02,1.2071605191509807e-01,8.4998323782162363e-02,2.5169276589658002e-01,2.0849983237821625e+00,2.0849983237823575e+00,7.7773608736385058e-02,2.5447905902291212e-01,2.5447905902291212e-01,5.0165828993638334e-02,6.3010810984728771e-01,6.3010810984728771e-01,6.0558208171599768e-03,6.2405228903012777e-01
-9.7999999999999998e-01,1.1268673673683599e-01,1.0573145747670074e-02,1.2325988248450606e-01,8.5779294402614198e-02,2.5709291071668222e-01,2.0857792944026143e+00,2.0857792944027898e+00,7.8421207054403835e-02,2.5294380952813744e-01,2.5294380952813716e-01,4.9396578329145471e-02,6.2478906501314535e-01,6.2478906501314535e-01,6.0886164399871698e-03,6.1870044857315820e-01
-9.6999999999999997e-01,1.1496315982216235e-01,1.0895145973837972e-02,1.2585830579600032e-01,8.6566761763800987e-02,2.6261175756583860e-01,2.0865667617638008e+00,2.0865667617639603e+00,7.9072957521530318e-02,2.5140366325858943e-01,2.5140366325858965e-01,4.8628803083241572e-02,6.1940828936513626e-01,6.1940828936513626e-01,6.1203387689441014e-03,6.1328795059619212e-01
-9.5999999999999996e-01,1.1728556970428011e-01,1.1226952566826745e-02,1.2851252227110685e-01,8.7360767405550127e-02,2.6825199710904046e-01,2.0873607674055501e+00,2.0873607674052699e+00,7.9728863723863494e-02,2.4985866931970255e-01,2.4985866931970235e-01,4.7862593104838508e-02,6.1396556050421436e-01,6.1396556050421436e-01,6.1509425623384835e-03,6.0781461794187586e-01
-9.4999999999999996e-01,1.1965489537810806e-01,1.1568864174967698e-02,1.3122375955307577e-01,8.8161352901099180e-02,2.7401638328111916e-01,2.0881613529010985e+00,2.0881613529009448e+00,8.0388928755747033e-02,2.4830887799842283e-01,2.4830887799842319e-01,4.7098039457130390e-02,6.0846067632986101e-01,6.0846067632986101e-01,6.1803818051437542e-03,6.0228029452471721e-01
-9.3999999999999995e-01,1.2207208460550711e-01,1.1921188541787874e-02,1.3399327314729498e-01,8.8968559852129689e-02,2.7990773483637787e-01,2.0889685598521299e+00,2.0889685598521148e+00,8.1053155209967712e-02,2.4675434077411440e-01,2.4675434077411437e-01,4.6335234423626893e-02,6.0289345610650980e-01,6.0289345610650980e-01,6.2086097224689834e-03,5.9668484638404085e-01
-9.2999999999999994e-01,1.2453810429439785e-01,1.2284242783000027e-02,1.3682234707739788e-01,8.9782429883702095e-02,2.8592893693779581e-01,2.0897824298837024e+00,2.0897824298835208e+00,8.1721545167880216e-02,2.4519511032939442e-01,2.4519511032939451e-01,4.5574271514022748e-02,5.9726374157045203e-01,5.9726374157045203e-01,6.2355787948911879e-03,5.9102816277556092e-01
-9.1999999999999993e-01,1.2705394088553656e-01,1.2658353671928147e-02,1.3971229455746470e-01,9.0603004639091891e-02,2.9208294278685754e-01,2.0906030046390920e+00,2.0906030046390542e+00,8.2394100189460584e-02,2.4363124056091479e-01,2.4363124056091465e-01,4.4815245469912404e-02,5.9157139807862635e-01,5.9157139807862635e-01,6.2612407757574873e-03,5.8531015730286895e-01
-9.0999999999999992e-01,1.2962060074710463e-01,1.3043857933625511e-02,1.4266445868073013e-01,9.1430325774525659e-02,2.9837277529508577e-01,2.0914303257745255e+00,2.0914303257744682e+00,8.3070821303289757e-02,2.4206278659006719e-01,2.4206278659006697e-01,4.4058252270333081e-02,5.8581631580074189e-01,5.8581631580074189e-01,6.2855467105661185e-03,5.7953076909017576e-01
-8.9999999999999991e-01,1.3223911057726925e-01,1.3441102547949958e-02,1.4568021312521920e-01,9.2264434953816823e-02,3.0480152879838834e-01,2.0922644349538166e+00,2.0922644349538979e+00,8.3751708996469720e-02,2.4048980477361820e-01,2.4048980477361825e-01,4.3303389137138583e-02,5.7999841095623128e-01,5.7999841095623128e-01,6.3084469585426503e-03,5.7368996399768868e-01
-8.8999999999999990e-01,1.3491051781487645e-01,1.3850445061869200e-02,1.4876096287674567e-01,9.3105373842900171e-02,3.1137237081536051e-01,2.0931053738428997e+00,2.0931053738430703e+00,8.4436763204473977e-02,2.3891235271426542e-01,2.3891235271426572e-01,4.2550754540193830e-02,5.7411762709758352e-01,5.7411762709758352e-01,6.3298912165312918e-03,5.6778773588105214e-01
-8.7999999999999989e-01,1.3763589105844046e-01,1.4272253911277217e-02,1.5190814496971769e-01,9.3953184104264703e-02,3.1808854385071256e-01,2.0939531841042642e+00,2.0939531841042505e+00,8.5125983300934849e-02,2.3733048927110903e-01,2.3733048927110928e-01,4.1800448202387319e-02,5.6817393644165526e-01,5.6817393644165526e-01,6.3498285453274282e-03,5.6182410789632786e-01
-8.6999999999999988e-01,1.4041632049359754e-01,1.4706908752611426e-02,1.5512322924620897e-01,9.4807907391283530e-02,3.2495336724502932e-01,2.0948079073912833e+00,2.0948079073910089e+00,8.5819368087369341e-02,2.3574427457003577e-01,2.3574427457003611e-01,4.1052571104452575e-02,5.6216734125061552e-01,5.6216734125061563e-01,6.3682073985822912e-03,5.5579913385203317e-01
-8.5999999999999988e-01,1.4325291832919462e-01,1.5154800804569102e-02,1.5840771913376372e-01,9.5669585342441438e-02,3.3197023907209655e-01,2.0956695853424416e+00,2.0956695853423337e+00,8.6516915782846759e-02,2.3415377001401128e-01,2.3415377001401153e-01,4.0307225489598808e-02,5.5609787526423327e-01,5.5609787526423327e-01,6.3849756544176496e-03,5.4971289960981562e-01
-8.4999999999999987e-01,1.4614681924218775e-01,1.5616333200230634e-02,1.6176315244241840e-01,9.6538259575458391e-02,3.3914263808506739e-01,2.0965382595754583e+00,2.0965382595755275e+00,8.7218624013599810e-02,2.3255903829327018e-01,2.3255903829327049e-01,3.9564514867938279e-02,5.4996560518527438e-01,5.4996560518527438e-01,6.4000806498926291e-03,5.4356552453538165e-01
-8.3999999999999986e-01,1.4909918083152801e-01,1.6091921349906495e-02,1.6519110218143451e-01,9.7413971681309067e-02,3.4647412571277547e-01,2.0974139716813087e+00,2.0974139716812279e+00,8.7924489802582190e-02,2.3096014339540705e-01,2.3096014339540719e-01,3.8824544020710089e-02,5.4377063221983413e-01,5.4377063221983413e-01,6.4134692184727223e-03,5.3735716300136138e-01
-8.3000000000000007e-01,1.5211118408121641e-01,1.6581993315034533e-02,1.6869317739625092e-01,9.8296763218137448e-02,3.5396834810753641e-01,2.0982967632181375e+00,2.0982967632180993e+00,8.8634509558974867e-02,2.2935715061535500e-01,2.2935715061535497e-01,3.8087419004290413e-02,5.3751309367449385e-01,5.3751309367449385e-01,6.4250877306561011e-03,5.3108800594383776e-01
-8.2000000000000006e-01,1.5518403383271351e-01,1.7086990193464248e-02,1.7227102402617778e-01,9.9186675705066688e-02,3.6162903824581971e-01,2.0991866757050661e+00,2.0991866757049671e+00,8.9348679067644626e-02,2.2775012656525073e-01,2.2775012656525084e-01,3.7353247153986774e-02,5.3119316461224997e-01,5.3119316461225008e-01,6.4348821379202120e-03,5.2475828247432976e-01
-8.1000000000000005e-01,1.5831895926689171e-01,1.7607366516474512e-02,1.7592632578336620e-01,1.0008375061590290e-01,3.6946001808320694e-01,2.1000837506159029e+00,2.1000837506156924e+00,9.0066993478556651e-02,2.2613913918418271e-01,2.2613913918418246e-01,3.6622137087609759e-02,5.2481105956923613e-01,5.2481105956923613e-01,6.4427980201579322e-03,5.1836826154907834e-01
-8.0000000000000004e-01,1.6151721439572431e-01,1.8143590657882496e-02,1.7966080505360682e-01,1.0098802937273296e-01,3.7746520076509604e-01,2.1009880293727323e+00,2.1009880293725489e+00,9.0789447296144979e-02,2.2452425774780754e-01,2.2452425774780757e-01,3.5894198708810651e-02,5.1836703433431630e-01,5.1836703433431630e-01,6.4487806367790560e-03,5.1191825369753718e-01
-7.9000000000000004e-01,1.6478007856390675e-01,1.8696145255611692e-02,1.8347622381951845e-01,1.0189955333941624e-01,3.8564859289464859e-01,2.1018995533394165e+00,2.1018995533393925e+00,9.1516034368643695e-02,2.2290555287784325e-01,2.2290555287784344e-01,3.5169543210190578e-02,5.1186138779370915e-01,5.1186138779370915e-01,6.4527749816631515e-03,5.0540861281204597e-01
-7.8000000000000003e-01,1.6810885696061179e-01,1.9265527646098610e-02,1.8737438460671041e-01,1.0281836381496863e-01,3.9401429685951939e-01,2.1028183638149684e+00,2.1028183638150213e+00,9.2246747877381380e-02,2.2128309655141948e-01,2.2128309655141964e-01,3.4448283076162288e-02,5.0529446384286447e-01,5.0529446384286447e-01,6.4547258421536659e-03,4.9883973800071080e-01
-7.7000000000000002e-01,1.7150488114158235e-01,1.9852250311929134e-02,1.9135713145351146e-01,1.0374450202684013e-01,4.0256651321895209e-01,2.1037445020268404e+00,2.1037445020267351e+00,9.2981580326043090e-02,2.1965696211028857e-01,2.1965696211028851e-01,3.3730532085566874e-02,4.9866665336789540e-01,4.9866665336789540e-01,6.4545778622947065e-03,4.9221207550560075e-01
-7.6000000000000001e-01,1.7496950956177179e-01,2.0456841343107490e-02,1.9542635090487928e-01,1.0467800912408448e-01,4.1130954315286605e-01,2.1046780091240844e+00,2.1046780091242092e+00,9.3720523529902566e-02,2.1802722426988663e-01,2.1802722426988669e-01,3.3016405314036178e-02,4.9197839629894247e-01,4.9197839629894247e-01,6.4522756105185554e-03,4.8552612068842393e-01
-7.5000000000000000e-01,1.7850412811874386e-01,2.1079844912372869e-02,1.9958397303111672e-01,1.0561892617042128e-01,4.2024779097460635e-01,2.1056189261704215e+00,2.1056189261705973e+00,9.4463568605028386e-02,2.1639395912824141e-01,2.1639395912824155e-01,3.2306019136095536e-02,4.8523018373792859e-01,4.8523018373792848e-01,6.4477636520012321e-03,4.7878242008592731e-01
-7.3999999999999999e-01,1.8211015070705019e-01,2.1721821764991604e-02,2.0383197247204179e-01,1.0656729413718956e-01,4.2938576670907519e-01,2.1065672941371894e+00,2.1065672941371627e+00,9.5210705957467279e-02,2.1475724417471931e-01,2.1475724417471947e-01,3.1599491226999121e-02,4.7842256016324258e-01,4.7842256016324258e-01,6.4409866259122111e-03,4.7198157353733039e-01
-7.2999999999999998e-01,1.8578901978380705e-01,2.2383349723465777e-02,2.0817236950727283e-01,1.0752315389619360e-01,4.3872808873801145e-01,2.1075231538961936e+00,2.1075231538963402e+00,9.5961925272409071e-02,2.1311715829860611e-01,2.1311715829860622e-01,3.0896940564293741e-02,4.7155612571397887e-01,4.7155612571397887e-01,6.4318893277944033e-03,4.6512423638618439e-01
-7.1999999999999997e-01,1.8954220694569740e-01,2.3065024207612504e-02,2.1260723115330993e-01,1.0848654621244015e-01,4.4827948651423233e-01,2.1084865462124398e+00,2.1084865462125957e+00,9.6717215503336243e-02,2.1147378179751275e-01,2.1147378179751297e-01,3.0198487429101778e-02,4.6463153855644279e-01,4.6463153855644279e-01,6.4204167973193659e-03,4.5821112175912337e-01
-7.0999999999999996e-01,1.9337121351762915e-01,2.3767458770481933e-02,2.1713867228811107e-01,1.0945751173676706e-01,4.5804480334670405e-01,2.1094575117367671e+00,2.1094575117367640e+00,9.7476564861162560e-02,2.0982719638560662e-01,2.0982719638560648e-01,2.9504253407121345e-02,4.5764951733572901e-01,4.5764951733572912e-01,6.4065144116743061e-03,4.5124300292405484e-01
-6.9999999999999996e-01,1.9727757115328520e-01,2.4491285650596391e-02,2.2176885680388159e-01,1.1043609099836296e-01,4.6802899925835961e-01,2.1104360909983630e+00,2.1104360909984985e+00,9.8239960803364265e-02,2.0817748520165225e-01,2.0817748520165236e-01,2.8814361389330689e-02,4.5061084371526672e-01,4.5061084371526672e-01,6.3901279848457724e-03,4.4422071573042099e-01
-6.8999999999999995e-01,2.0126284244780523e-01,2.5237156341007757e-02,2.2649999878881300e-01,1.1142232439717893e-01,4.7823715391863375e-01,2.1114223243971790e+00,2.1114223243971866e+00,9.9007390023108752e-02,2.0652473281686454e-01,2.0652473281686468e-01,2.8128935572399025e-02,4.4351636500732983e-01,4.4351636500732972e-01,6.3712038730789778e-03,4.3714516113425073e-01
-6.7999999999999994e-01,2.0532862156284473e-01,2.6005742175685184e-02,2.3133436373852992e-01,1.1241625219623086e-01,4.8867446965274502e-01,2.1124162521962311e+00,2.1124162521962511e+00,9.9778838438384282e-02,2.0486902524256134e-01,2.0486902524256140e-01,2.7448101458787399e-02,4.3636699689760350e-01,4.3636699689760350e-01,6.3496890867991975e-03,4.3001730781080427e-01
-6.6999999999999993e-01,2.0947653486426085e-01,2.6797734933760999e-02,2.3627426979802182e-01,1.1341791451379341e-01,4.9934627452980468e-01,2.1134179145137937e+00,2.1134179145138043e+00,1.0055429118113525e-01,2.0321044993761023e-01,2.0321044993760998e-01,2.6771985856541058e-02,4.2916372626700905e-01,4.2916372626700905e-01,6.3255314092972061e-03,4.2283819485771190e-01
-6.5999999999999992e-01,2.1370824157268031e-01,2.7613847462178570e-02,2.4132208903485886e-01,1.1442735131548511e-01,5.1025802553189636e-01,2.1144273513154856e+00,2.1144273513155620e+00,1.0133373258640765e-01,2.0154909581566660e-01,2.0154909581566666e-01,2.6100716878763405e-02,4.2190761411408961e-01,4.2190761411408961e-01,6.2986795224905861e-03,4.1560893459159898e-01
-6.4999999999999991e-01,2.1802543442721012e-01,2.8454814317302724e-02,2.4648024874451285e-01,1.1544460240624528e-01,5.2141531180632839e-01,2.1154446024062450e+00,2.1154446024062024e+00,1.0211714618150922e-01,1.9988505325219219e-01,1.9988505325219200e-01,2.5434423942764559e-02,4.1459979858137364e-01,4.1459979858137375e-01,6.2690831400860018e-03,4.0833071544128774e-01
-6.3999999999999990e-01,2.2242984036255534e-01,2.9321392426070039e-02,2.5175123278862538e-01,1.1646970742220270e-01,5.3282385800332077e-01,2.1164697074222025e+00,2.1164697074223158e+00,1.0290451467518918e-01,1.9821841409124596e-01,1.9821841409124613e-01,2.4773237768878617e-02,4.0724149808924937e-01,4.0724149808924937e-01,6.2366931484809270e-03,4.0100480494076840e-01
-6.2999999999999989e-01,2.2692322119981634e-01,3.0214361767274180e-02,2.5713758296709049e-01,1.1750270582243567e-01,5.4448952770145520e-01,2.1175027058224356e+00,2.1175027058225049e+00,1.0369581994684181e-01,1.9654927165204861e-01,1.9654927165204858e-01,2.4117290378944001e-02,3.9983401458099277e-01,3.9983401458099277e-01,6.2014617557571263e-03,3.9363255282523568e-01
-6.1999999999999988e-01,2.3150737435124058e-01,3.1134526073599473e-02,2.6264190042484004e-01,1.1854363688062487e-01,5.5641832692327964e-01,2.1185436368806254e+00,2.1185436368807617e+00,1.0449104303573943e-01,1.9487772073530191e-01,1.9487772073530168e-01,2.3466715094437578e-02,3.9237873688272662e-01,3.9237873688272673e-01,6.1633426491313655e-03,3.8621539423359530e-01
-6.0999999999999988e-01,2.3618413353921142e-01,3.2082713555034566e-02,2.6826684709424597e-01,1.1959253967659839e-01,5.6861640774352651e-01,2.1195925396765984e+00,2.1195925396765660e+00,1.0529016413029962e-01,1.9320385762926670e-01,1.9320385762926667e-01,2.2821646534259152e-02,3.8487714418220298e-01,3.8487714418220298e-01,6.1222911612450288e-03,3.7875485302095790e-01
-5.9999999999999987e-01,2.4095536952976176e-01,3.3059777644317327e-02,2.7401514717407910e-01,1.2064945308776956e-01,5.8109007199247553e-01,2.1206494530877698e+00,2.1206494530878195e+00,1.0609316255739165e-01,1.9152778011558749e-01,1.9152778011558769e-01,2.2182220612157091e-02,3.7733080963043575e-01,3.7733080963043564e-01,6.0782644456881165e-03,3.7125254518474760e-01
-5.8999999999999986e-01,2.4582299088090506e-01,3.4066597765081905e-02,2.7988958864598695e-01,1.2171441578046834e-01,5.9384577505705582e-01,2.1217144157804686e+00,2.1217144157806844e+00,1.0690001677168762e-01,1.8984958747485495e-01,1.8984958747485503e-01,2.1548574533789583e-02,3.6974140407035017e-01,3.6974140407035017e-01,6.0312216621697563e-03,3.6371018240818054e-01
-5.8000000000000007e-01,2.5078894470608420e-01,3.5104080123399370e-02,2.8589302482948359e-01,1.2278746620116615e-01,6.0689012978236645e-01,2.1227874662011659e+00,2.1227874662010184e+00,1.0771070434506363e-01,1.8816938049190265e-01,1.8816938049190302e-01,2.0920846793414275e-02,3.6211069989674372e-01,3.6211069989674383e-01,5.9811241717634099e-03,3.5612957572498039e-01
-5.7000000000000006e-01,2.5585521745304307e-01,3.6173158523424412e-02,2.9202837597646747e-01,1.2386864256759540e-01,6.2022991047635934e-01,2.1238686425675954e+00,2.1238686425676758e+00,1.0852520195605669e-01,1.8648726146083061e-01,1.8648726146083075e-01,2.0299177170200858e-02,3.5444057505200766e-01,3.5444057505200766e-01,5.9279357426723417e-03,3.4851263930933518e-01
-5.6000000000000005e-01,2.6102383569843157e-01,3.7274795207881989e-02,2.9829863090631359e-01,1.2495798285976328e-01,6.3387205702050919e-01,2.1249579828597636e+00,2.1249579828597578e+00,1.0934348537938238e-01,1.8480333418974526e-01,1.8480333418974523e-01,1.9683706724157975e-02,3.4673301716220128e-01,3.4673301716220117e-01,5.8716227669777226e-03,3.4086139439522356e-01
-5.5000000000000004e-01,2.6629686695846366e-01,3.8409981724150818e-02,3.0470684868261444e-01,1.2605552481086180e-01,6.4782367908937988e-01,2.1260555248108624e+00,2.1260555248110435e+00,1.1016552947552000e-01,1.8311770400521160e-01,1.8311770400521180e-01,1.9074577791669465e-02,3.3899012781822657e-01,3.3899012781822657e-01,5.8121544888509857e-03,3.3317797332937582e-01
-5.4000000000000004e-01,2.7167642051595131e-01,3.9579739816722935e-02,3.1125616033267423e-01,1.2716130589807328e-01,6.6209206048207148e-01,2.1271613058980736e+00,2.1271613058980363e+00,1.1099130818036991e-01,1.8143047775641019e-01,1.8143047775641033e-01,1.8471933980632127e-02,3.3121412700700725e-01,3.3121412700700714e-01,5.7495032447302061e-03,3.2546462376227692e-01
-5.3000000000000003e-01,2.7716464826404597e-01,4.0785122346842687e-02,3.1794977061088869e-01,1.2827536333327341e-01,6.7668466356861989e-01,2.1282753633332727e+00,2.1282753633333207e+00,1.1182079449499011e-01,1.7974176381898799e-01,1.7974176381898857e-01,1.7875920165189643e-02,3.2340735769774265e-01,3.2340735769774276e-01,5.6836447159806062e-03,3.1772371298176205e-01
-5.2000000000000002e-01,2.8276374556702411e-01,4.2027214240152946e-02,3.2479095980717709e-01,1.2939773405363189e-01,6.9160913385450695e-01,2.1293977340536312e+00,2.1293977340535730e+00,1.1265396047541745e-01,1.7805167209860251e-01,1.7805167209860281e-01,1.7286682480055385e-02,3.1557229058847924e-01,3.1557229058847924e-01,5.6145581945791015e-03,3.0995773239390001e-01
-5.1000000000000001e-01,2.8847595213846267e-01,4.3307133463201419e-02,3.3178308560166403e-01,1.3052845471211150e-01,7.0687330466652964e-01,2.1305284547121119e+00,2.1305284547119738e+00,1.1349077722257976e-01,1.7636031403414137e-01,1.7636031403414135e-01,1.6704368314415848e-02,3.0771152901840593e-01,3.0771152901840582e-01,5.5422268623835577e-03,3.0216930215602245e-01
-5.0000000000000000e-01,2.9430355293715388e-01,4.4626032029685965e-02,3.3892958496683984e-01,1.3166756166786703e-01,7.2248520196336574e-01,2.1316675616678675e+00,2.1316675616678640e+00,1.1433121487230545e-01,1.7466780260062198e-01,1.7466780260062192e-01,1.6129126305410593e-02,2.9982781405147729e-01,2.9982781405147729e-01,5.4666380845705513e-03,2.9436117596690692e-01
-4.8999999999999977e-01,3.0024887908111975e-01,4.5985097037344803e-02,3.4623397611846451e-01,1.3281509097654509e-01,7.3845304927427380e-01,2.1328150909765449e+00,2.1328150909764587e+00,1.1517524258543714e-01,1.7297425231175534e-01,1.7297425231175528e-01,1.5561106331183669e-02,2.9192402973714149e-01,2.9192402973714149e-01,5.3877837178479332e-03,2.8653624601929351e-01
-4.7999999999999998e-01,3.0631430878008964e-01,4.7385551736424357e-02,3.5369986051651398e-01,1.3397107838048458e-01,7.5478527276945229e-01,2.1339710783804846e+00,2.1339710783803700e+00,1.1602282853805464e-01,1.7127977922216858e-01,1.7127977922216850e-01,1.5000459503493744e-02,2.8400320855414884e-01,2.8400320855414896e-01,5.3056604340693536e-03,2.7869754812007952e-01
-4.6999999999999975e-01,3.1250226828681704e-01,4.8828656630687452e-02,3.6133092491750451e-01,1.3513555929882151e-01,7.7149050646569650e-01,2.1351355592988215e+00,2.1351355592989507e+00,1.1687393991181622e-01,1.6958450092927924e-01,1.6958450092927915e-01,1.4447338159883166e-02,2.7606853704361833e-01,2.7606853704361833e-01,5.2202700599065423e-03,2.7084826698371178e-01
-4.5999999999999996e-01,3.1881523286761138e-01,5.0315710611951309e-02,3.6913094347956266e-01,1.3630856881749631e-01,7.8857759757107670e-01,2.1363085688174968e+00,2.1363085688175056e+00,1.1772854288442218e-01,1.6788853657481412e-01,1.6788853657481426e-01,1.3901895855395734e-02,2.6812336163774209e-01,2.6812336163774209e-01,5.1316199332568490e-03,2.6299174170448536e-01
-4.5000000000000018e-01,3.2525572779247913e-01,5.1848052129178285e-02,3.7710377992165744e-01,1.3749014167916751e-01,8.0605561197249309e-01,2.1374901416791672e+00,2.1374901416791139e+00,1.1858660262020995e-01,1.6619200684596447e-01,1.6619200684596463e-01,1.3364287353837892e-02,2.6017119469072059e-01,2.6017119469072059e-01,5.0397232770914742e-03,2.5513147141362902e-01
-4.3999999999999995e-01,3.3182632934526513e-01,5.3427060393170078e-02,3.8525338973843526e-01,1.3868031227303140e-01,8.2393383987004043e-01,2.1386803122730309e+00,2.1386803122731002e+00,1.1944808326088591e-01,1.6449503397616938e-01,1.6449503397616977e-01,1.2834668618578907e-02,2.5221572071874698e-01,2.5221572071874698e-01,4.9445995914770445e-03,2.4727112112726990e-01
-4.3000000000000016e-01,3.3852966585419891e-01,5.5054156617950448e-02,3.9358382247214935e-01,1.3987911462455033e-01,8.4222180156224924e-01,2.1398791146245504e+00,2.1398791146243861e+00,1.2031294791640224e-01,1.6279774174552053e-01,1.6279774174552056e-01,1.2313196802878977e-02,2.4426080285608331e-01,2.4426080285608331e-01,4.8462750645289565e-03,2.3941452779155437e-01
-4.1999999999999993e-01,3.4536841874326374e-01,5.6730805299954092e-02,4.0209922404321785e-01,1.4108658238508970e-01,8.6092925338638970e-01,2.1410865823850895e+00,2.1410865823851082e+00,1.2118115865598499e-01,1.6110025548078061e-01,1.6110025548078077e-01,1.1800030239744793e-02,2.3631048953449851e-01,2.3631048953449851e-01,4.7447830030878874e-03,2.3156570653141051e-01
-4.1000000000000014e-01,3.5234532360479931e-01,5.8458515536171853e-02,4.1080383914097118e-01,1.4230274882146673e-01,8.8006619381811424e-01,2.1423027488214670e+00,2.1423027488216193e+00,1.2205267649932128e-01,1.5940270205500873e-01,1.5940270205500892e-01,1.1295328431302404e-02,2.2836902139360193e-01,2.2836902139360182e-01,4.6401642839371910e-03,2.2372885710966472e-01
-3.9999999999999991e-01,3.5946317129377731e-01,6.0238842382440441e-02,4.1970201367621779e-01,1.4352764680541213e-01,8.9964286973487595e-01,2.1435276468054121e+00,2.1435276468054023e+00,1.2292746140791301e-01,1.5770520988678194e-01,1.5770520988678230e-01,1.0799252037684514e-02,2.2044083842983198e-01,2.2044083842983198e-01,4.5324678264131888e-03,2.1590837060341861e-01
-3.9000000000000012e-01,3.6672480904417870e-01,6.2073388253096974e-02,4.2879819729727564e-01,1.4476130880294480e-01,9.1966978284764833e-01,2.1447613088029449e+00,2.1447613088028579e+00,1.2380547227660325e-01,1.5600790893901118e-01,1.5600790893901095e-01,1.0311962865422339e-02,2.1253058739214137e-01,2.1253058739214137e-01,4.4217510872895478e-03,2.0810883630485177e-01
-3.7999999999999989e-01,3.7413314160792749e-01,6.3963804363260809e-02,4.3809694597118826e-01,1.4600376686366454e-01,9.4015769630563739e-01,2.1460037668636649e+00,2.1460037668636818e+00,1.2468666692528522e-01,1.5431093071733470e-01,1.5431093071733445e-01,9.8336238553399825e-03,2.0464312943266960e-01,2.0464312943266960e-01,4.3080805788538682e-03,2.0033504885381581e-01
-3.7000000000000011e-01,3.8169113241682739e-01,6.5911792215037790e-02,4.4760292463186524e-01,1.4725505260996113e-01,9.6111764147876810e-01,2.1472550526099607e+00,2.1472550526099217e+00,1.2557100209079872e-01,1.5261440826809469e-01,1.5261440826809483e-01,9.3643990699444797e-03,1.9678354802099041e-01,1.9678354802099052e-01,4.1915324111270677e-03,1.9259201560986328e-01
-3.5999999999999988e-01,3.8940180476797737e-01,6.7919105128987856e-02,4.5732090989696517e-01,1.4851519722614498e-01,9.8256092492291836e-01,2.1485151972261454e+00,2.1485151972262435e+00,1.2645843341902424e-01,1.5091847617587678e-01,1.5091847617587692e-01,8.9044536803049787e-03,1.8895715713078431e-01,1.8895715713078443e-01,4.0721928592124534e-03,1.8488496427157197e-01
-3.5000000000000009e-01,3.9726824303312752e-01,6.9987549822231057e-02,4.6725579285535862e-01,1.4978423144749767e-01,1.0044991355329482e+00,2.1497842314474975e+00,2.1497842314476174e+00,1.2734891545718013e-01,1.4922327056061080e-01,1.4922327056061113e-01,8.4539539524146126e-03,1.8116950970810941e-01,1.8116950970810941e-01,3.9501589567981828e-03,1.7721935075131112e-01
-3.3999999999999986e-01,4.0529359389247177e-01,7.2118988034615694e-02,4.7741258192708746e-01,1.5106218554924894e-01,1.0269441518887907e+00,2.1510621855492493e+00,2.1510621855493164e+00,1.2824240164633324e-01,1.4752892907422782e-01,1.4752892907422782e-01,8.0130672330355618e-03,1.7342640643072382e-01,1.7342640643072382e-01,3.8255391168788501e-03,1.6960086731384505e-01
-3.3000000000000007e-01,4.1348106759335934e-01,7.4315338204409123e-02,4.8779640579776851e-01,1.5234908933547761e-01,1.0499081497999461e+00,2.1523490893354773e+00,2.1523490893353978e+00,1.2913884431412828e-01,1.4583559089685871e-01,1.4583559089685885e-01,7.5819619350111847e-03,1.6573390476824923e-01,1.6573390476824923e-01,3.6984537807939499e-03,1.6203545098745531e-01
-3.1999999999999984e-01,4.2183393923443901e-01,7.6578577195022451e-02,4.9841251642946149e-01,1.5364497212794281e-01,1.0734036100539455e+00,2.1536449721279429e+00,2.1536449721278328e+00,1.3003819466774649e-01,1.4414339673257637e-01,1.4414339673257645e-01,7.1608075220531558e-03,1.5809832835327620e-01,1.5809832835327620e-01,3.5690360967335299e-03,1.5452929225654266e-01
-3.1000000000000005e-01,4.3035555007573956e-01,7.8910742074320223e-02,5.0926629215005981e-01,1.5494986275484432e-01,1.0974433263744399e+00,2.1549498627548442e+00,2.1549498627549122e+00,1.3094040278709923e-01,1.4245248880466455e-01,1.4245248880466468e-01,6.7497744929872691e-03,1.5052627667386387e-01,1.5052627667386376e-01,3.4374326288926765e-03,1.4708884404497113e-01
-2.9999999999999982e-01,4.3904930887522131e-01,8.1313931948119866e-02,5.2036324082334118e-01,1.5626378953951753e-01,1.1220404135948023e+00,2.1562637895395178e+00,2.1562637895394716e+00,1.3184541761826690e-01,1.4076301085041371e-01,1.4076301085041371e-01,6.3490343654594508e-03,1.4302463509821839e-01,1.4302463509821828e-01,3.3038040985092455e-03,1.3972083099970911e-01
-2.9000000000000004e-01,4.4791869325232159e-01,8.3790309849527789e-02,5.3170900310184943e-01,1.5758678028906287e-01,1.1472083160532267e+00,2.1575867802890629e+00,2.1575867802890540e+00,1.3275318696718949e-01,1.3907510811543189e-01,1.3907510811543189e-01,5.9587596590955152e-03,1.3560058524271490e-01,1.3560058524271479e-01,3.1683261580611926e-03,1.3243225908465361e-01
-2.7999999999999980e-01,4.5696725107905206e-01,8.6342104685815990e-02,5.4330935576486805e-01,1.5891886228291435e-01,1.1729608162155520e+00,2.1589188622829143e+00,2.1589188622828472e+00,1.3366365749361847e-01,1.3738892734746655e-01,1.3738892734746655e-01,5.5791238781099164e-03,1.2826161569477756e-01,1.2826161569477756e-01,3.0311901999482910e-03,1.2523042549482932e-01
-2.7000000000000002e-01,4.6619860189919171e-01,8.8971613244588230e-02,5.5517021514377984e-01,1.6026006226134820e-01,1.1993120435321480e+00,2.1602600622613486e+00,2.1602600622613508e+00,1.3457677470533702e-01,1.3570461678972856e-01,1.3570461678972850e-01,5.2103014933586184e-03,1.2101553310254010e-01,1.2101553310254021e-01,2.8926042010318617e-03,1.1812292890150844e-01
-2.5999999999999979e-01,4.7561643837615569e-01,9.1681202261044772e-02,5.6729764063720045e-01,1.6161040641393565e-01,1.2262764835354458e+00,2.1616104064139359e+00,2.1616104064139106e+00,1.3549248295265820e-01,1.3402232617371157e-01,1.3402232617371160e-01,4.8524679238326207e-03,1.1387047364358394e-01,1.1387047364358382e-01,2.7527936044579402e-03,1.1111768003912603e-01
-2.5000000000000000e-01,4.8522452777010672e-01,9.4473310548202946e-02,5.7969783831830968e-01,1.6296992036794183e-01,1.2538689871848223e+00,2.1629699203679418e+00,2.1629699203678334e+00,1.3641072542320853e-01,1.3234220671150182e-01,1.3234220671150182e-01,4.5057995175898646e-03,1.0683491488548480e-01,1.0683491488548480e-01,2.6120022402425272e-03,1.0422291264524230e-01
-2.3999999999999977e-01,4.9502671344491289e-01,9.7350451191994411e-02,5.9237716463690737e-01,1.6433862917667422e-01,1.2821047804658092e+00,2.1643386291766742e+00,2.1643386291765134e+00,1.3733144413700579e-01,1.3066441108756660e-01,1.3066441108756693e-01,4.1704735321142911e-03,9.9917688051298859e-02,9.9917688051298637e-02,2.4704932861471319e-03,9.7447194765151623e-02
-2.2999999999999998e-01,5.0502691640554076e-01,1.0031521381321112e-01,6.0534213021875183e-01,1.6571655730778284e-01,1.3109994742507149e+00,2.1657165573077832e+00,2.1657165573077166e+00,1.3825457994183918e-01,1.2898909345002413e-01,1.2898909345002410e-01,3.8466681141107305e-03,9.3127990703583685e-02,9.3127990703583796e-02,2.3285502704403385e-03,9.0799440433143364e-02
-2.1999999999999975e-01,5.1522913686651328e-01,1.0337026689833993e-01,6.1859940376485312e-01,1.6710372863151651e-01,1.3405690744280465e+00,2.1671037286315169e+00,2.1671037286315569e+00,1.3918007250896100e-01,1.2731640940137373e-01,1.2731640940137365e-01,3.5345622787173580e-03,8.6475399860976965e-02,8.6475399860976965e-02,2.1864781181842982e-03,8.4288921742792677e-02
-2.0999999999999996e-01,5.2563745585204558e-01,1.0651836020137946e-01,6.3215581605342508e-01,1.6850016640893695e-01,1.3708299923082294e+00,2.1685001664089367e+00,2.1685001664090384e+00,1.4010786032909750e-01,1.2564651598869708e-01,1.2564651598869742e-01,3.2343358881454648e-03,7.9969885561846921e-02,7.9969885561846810e-02,2.0446042427614756e-03,7.7925281319085382e-02
-1.9999999999999973e-01,5.3625603682851175e-01,1.0976232721880537e-01,6.4601836404731705e-01,1.6990589328009556e-01,1.4017990553134396e+00,2.1699058932800956e+00,2.1699058932800468e+00,1.4103788070878834e-01,1.2397957169331175e-01,1.2397957169331159e-01,2.9461696297370665e-03,7.3621824889995358e-02,7.3621824889995358e-02,1.9032796844086295e-03,7.1718545205586848e-02
-1.8999999999999995e-01,5.4708912736988469e-01,1.1310508773990745e-01,6.6019421510979204e-01,1.7132093125217368e-01,1.4334935179594919e+00,2.1713209312521742e+00,2.1713209312521955e+00,1.4197006976706164e-01,1.2231573641987116e-01,1.2231573641987095e-01,2.6702449934329561e-03,6.7442016477904598e-02,6.7442016477904598e-02,1.7628802975903223e-03,6.5679136180314290e-02
-1.8000000000000016e-01,5.5814106085682469e-01,1.1654965047479789e-01,6.7469071133162251e-01,1.7274530168759306e-01,1.4659310731380431e+00,2.1727453016875935e+00,2.1727453016878218e+00,1.4290436243245552e-01,1.2065517148491543e-01,1.2065517148491542e-01,2.4067442486616700e-03,6.1441695503529514e-02,6.1441695503529514e-02,1.6238079891228335e-03,5.9817887514406642e-02
-1.6999999999999993e-01,5.6941625821008779e-01,1.2009911576245323e-01,6.8951537397254092e-01,1.7417902529209744e-01,1.4991298637075354e+00,2.1741790252920978e+00,2.1741790252919797e+00,1.4384069244039233e-01,1.1899803960485529e-01,1.1899803960485542e-01,2.1558504206329702e-03,5.5632549197178194e-02,5.5632549197178083e-02,1.4864920090116021e-03,5.4146057188166563e-02
-1.6000000000000014e-01,5.8091922965895260e-01,1.2375667836122813e-01,7.0467590802018065e-01,1.7562212210280922e-01,1.5331084944015896e+00,2.1756221221028094e+00,2.1756221221026864e+00,1.4477899233091518e-01,1.1734450488338911e-01,1.1734450488338896e-01,1.9177472660407112e-03,5.0026732875564806e-02,5.0026732875564806e-02,1.3513902960504572e-03,4.8675342579514336e-02
-1.4999999999999991e-01,5.9265457654537435e-01,1.2752563032435468e-01,7.2018020686972894e-01,1.7707461147626677e-01,1.5678860440638127e+00,2.1770746114762671e+00,2.1770746114761024e+00,1.4571919344679593e-01,1.1569473279834645e-01,1.1569473279834622e-01,1.6926192481739287e-03,4.4636886520699304e-02,4.4636886520699304e-02,1.2189908803015850e-03,4.3417895640397663e-02
-1.4000000000000012e-01,6.0462699316458013e-01,1.3140936396301131e-01,7.3603635712759152e-01,1.7853651207644294e-01,1.6034820782181942e+00,2.1785365120764428e+00,2.1785365120762603e+00,1.4666122593202108e-01,1.1404889018795294e-01,1.1404889018795311e-01,1.4806515114287322e-03,3.9476151921861047e-02,3.9476151921861047e-02,1.0898133446474664e-03,3.8386338577213519e-02
-1.2999999999999989e-01,6.1684126864285316e-01,1.3541137489963298e-01,7.5225264354248622e-01,1.8000784186275195e-01,1.6399166619846053e+00,2.1800078418627518e+00,2.1800078418628224e+00,1.4760501873066645e-01,1.1240714523651189e-01,1.1240714523651205e-01,1.2820298552271049e-03,3.4558190399515243e-02,3.4558190399515243e-02,9.6441034769498052e-04,3.3593780051820343e-02
-1.2000000000000011e-01,6.2930228885324258e-01,1.3953526521420617e-01,7.6883755406744869e-01,1.8148861807804592e-01,1.6772103733491035e+00,2.1814886180780459e+00,2.1814886180781858e+00,1.4855049958616709e-01,1.1076966745949350e-01,1.1076966745949332e-01,1.0969407073329190e-03,2.9897201130658635e-02,2.9897201130658746e-02,8.4336921038285855e-04,2.9053831920275996e-02
-1.0999999999999988e-01,6.4201503836998297e-01,1.4378474668638527e-01,7.8579978505636827e-01,1.8297885723660648e-01,1.7153843167991218e+00,2.1829788572366065e+00,2.1829788572365776e+00,1.4949759504099208e-01,1.0913662768803156e-01,1.0913662768803167e-01,9.2557109657074102e-04,2.5507940095728543e-02,2.5507940095728543e-02,7.2731356873967541e-04,2.4780626526988980e-02
-1.0000000000000009e-01,6.5498460246238532e-01,1.4816364413634353e-01,8.0314824659872897e-01,1.8447857511213547e-01,1.7544601373338011e+00,2.1844785751121352e+00,2.1844785751121143e+00,1.5044623043673166e-01,1.0750819805282291e-01,1.0750819805282302e-01,7.6810862494560653e-04,2.1405739667890833e-02,2.1405739667890833e-02,6.1690509532242460e-04,2.0788834572568304e-02
-8.9999999999999858e-02,6.6821616912901782e-01,1.5267589886737071e-01,8.2089206799638847e-01,1.8598778672574823e-01,1.7944600348601476e+00,2.1859877867257480e+00,2.1859877867258075e+00,1.5139632991460583e-01,1.0588455196741992e-01,1.0588455196741989e-01,6.2474143915895036e-04,1.7606528866198401e-02,1.7606528866198512e-02,5.1284529195423070e-04,1.7093683574244345e-02
-8.0000000000000071e-02,6.8171503117296894e-01,1.5732557221331067e-01,8.3904060338627962e-01,1.8750650633397384e-01,1.8354067789858699e+00,2.1875065063339738e+00,2.1875065063341217e+00,1.5234781641640127e-01,1.0426586411091560e-01,1.0426586411091560e-01,4.9565820152471657e-04,1.4126854294850721e-02,1.4126854294850721e-02,4.1587735648065634e-04,1.3710976938369979e-02
-6.9999999999999840e-02,6.9548658831904486e-01,1.6211684919403752e-01,8.5760343751308232e-01,1.8903474741676801e-01,1.8773237242202021e+00,2.1890347474167680e+00,2.1890347474167946e+00,1.5330061168584674e-01,1.0265231041001882e-01,1.0265231041001882e-01,3.8104806028678960e-04,1.0983901791503881e-02,1.0983901791503881e-02,3.2678812635964297e-04,1.0657113665144213e-02
-6.0000000000000053e-02,7.0953634937372589e-01,1.6705404228225440e-01,8.7659039165598029e-01,1.9057252266554059e-01,1.9202348255942150e+00,2.1905725226655406e+00,2.1905725226655628e+00,1.5425463627043262e-01,1.0104406802051100e-01,1.0104406802051116e-01,2.8110061933259677e-04,8.1955188083666641e-03,8.1955188083666641e-03,2.4641010199549963e-04,7.9491087063712218e-03
-4.9999999999999822e-02,7.2386993442876790e-01,1.7214159528501166e-01,8.9601152971377951e-01,1.9211984397120457e-01,1.9641646547125708e+00,2.1921198439712049e+00,2.1921198439711933e+00,1.5520980952368457e-01,9.9441315308084588e-02,9.9441315308084421e-02,1.9600590730962410e-04,5.7802375505922043e-03,5.7802375505923154e-03,1.7562355284143357e-04,5.6046139977509180e-03
-4.0000000000000036e-02,7.3849307710930856e-01,1.7738408734343147e-01,9.1587716445274014e-01,1.9367672241224942e-01,2.0091384162489114e+00,2.1936767224122491e+00,2.1936767224123206e+00,1.5616604960789790e-01,9.7844231828556116e-02,9.7844231828556311e-02,1.2595434614141431e-04,3.7572988973033628e-03,3.7572988973033628e-03,1.1535870939449748e-04,3.6419401879088653e-03
-2.9999999999999805e-02,7.5341162686739915e-01,1.8278623705424576e-01,9.3619786392164484e-01,1.9524316824284496e-01,2.0551819648975354e+00,2.1952431682428450e+00,2.1952431682426448e+00,1.5712327349734109e-01,9.6252998307456650e-02,9.6252998307456622e-02,7.1136718948124414e-05,2.1466771314293531e-03,2.1466771314294641e-03,6.6598044325628469e-05,2.0800790871038366e-03
-2.0000000000000018e-02,7.6863155132185845e-01,1.8835290671684973e-01,9.5698445803870813e-01,1.9681919088097796e-01,2.1023218227942664e+00,2.1968191908809782e+00,2.1968191908809125e+00,1.5808139698193513e-01,9.4667796618987943e-02,9.4667796618987887e-02,3.1744137369031731e-05,9.6910550540640905e-04,9.6910550540652007e-04,3.0378646096009135e-05,9.3872685931040145e-04
-9.9999999999997868e-03,7.8415893864540465e-01,1.9408910670970178e-01,9.7824804535510634e-01,1.9840479889663054e-01,2.1505851974199146e+00,2.1984047988966307e+00,2.1984047988965152e+00,1.5904033467141812e-01,9.3088809764350786e-02,9.3088809764350605e-02,7.9680082936566844e-06,2.4610267069491432e-04,2.4610267069502534e-04,7.7946885386429275e-06,2.3830798215640492e-04
0.0000000000000000e+00,8.0000000000000004e-01,2.0000000000000001e-01,1.0000000000000000e+00,2.0000000000000001e-01,2.2000000000000002e+00,2.2000000000000002e+00,2.2000000000000872e+00,1.6000000000000003e-01,9.1516221849435656e-02,9.1516221849435780e-02,0.0000000000000000e+00,0.0000000000000000e+00,0.0000000000000000e+00,0.0000000000000000e+00,0.0000000000000000e+00
1.0000000000000231e-02,8.1616107202140498e-01,2.0609090679070352e-01,1.0222519788121085e+00,2.0160480102976974e-01,2.2505948644149205e+00,2.2016048010297697e+00,2.2016048010295965e+00,1.6096030523151669e-01,8.9950218061879014e-02,8.9950218061879000e-02,8.0320077047923641e-06,2.5396983204117873e-04,2.5396983204117873e-04,8.2107357700580963e-06,2.4575909627111425e-04
2.0000000000000018e-02,8.3264861935391066e-01,2.1236730930907194e-01,1.0450159286629825e+00,2.0321920794143258e-01,2.3023991666350372e+00,2.2032192079414328e+00,2.2032192079415398e+00,1.6192116146508936e-01,8.8390984647478521e-02,8.8390984647478493e-02,3.2256118527567140e-05,1.0320546697182298e-03,1.0320546697182298e-03,3.3708157658148814e-05,9.9834651206009983e-04
3.0000000000000249e-02,8.4946923723628798e-01,2.1883485674104222e-01,1.0683040939773303e+00,2.0484322579567496e-01,2.3554430446957024e+00,2.2048432257956745e+00,2.2048432257958015e+00,1.6288247864129710e-01,8.6838708885969312e-02,8.6838708885969479e-02,7.2864575872631440e-05,2.3591973635412877e-03,2.3591973635413988e-03,7.7841524710653971e-05,2.2813558388306010e-03
4.0000000000000036e-02,8.6662965413996695e-01,2.2549937031587516e-01,1.0921290244558421e+00,2.0647685874682359e-01,2.4097574192275597e+00,2.2064768587468238e+00,2.2064768587467229e+00,1.6384416554886785e-01,8.5293579066159517e-02,8.5293579066159669e-02,1.3004974323331270e-04,4.2612723132602337e-03,4.2612723132603447e-03,1.4203109920813057e-04,4.1192412140522716e-03
5.0000000000000266e-02,8.8413673446051844e-01,2.3236684854565681e-01,1.1165035830061751e+00,2.0812011003136355e-01,2.4653740145580070e+00,2.2081201100313637e+00,2.2081201100313601e+00,1.6480612983189669e-01,8.3755784460420105e-02,8.3755784460419924e-02,2.0400406741975449e-04,6.7651177217258329e-03,6.7651177217258329e-03,2.2777127222198921e-04,6.5373464495037670e-03
6.0000000000000053e-02,9.0199748126350054e-01,2.3944347262436208e-01,1.1414409538878625e+00,2.0977298195652921e-01,2.5223253804000874e+00,2.2097729819565295e+00,2.2097729819565286e+00,1.6576827799759486e-01,8.2225515298534349e-02,8.2225515298534224e-02,2.9492004121830021e-04,9.8985689361428264e-03,9.8985689361428264e-03,3.3663381316886430e-04,9.5619351229738747e-03
6.9999999999999840e-02,9.2021903908578151e-01,2.4673561199134855e-01,1.1669546510771300e+00,2.1143547588897740e-01,2.5806449141456085e+00,2.2114354758889774e+00,2.2114354758888952e+00,1.6673051542457906e-01,8.0702962740902329e-02,8.0702962740902329e-02,4.0299016548591207e-04,1.3690492913062124e-02,1.3690492913062124e-02,4.7027124795212739e-04,1.3220221665110055e-02
8.0000000000000071e-02,9.3880869679344836e-01,2.5424983006428098e-01,1.1930585268577294e+00,2.1310759224354459e-01,2.6403668837797398e+00,2.2131075922435448e+00,2.2131075922436048e+00,1.6769274637170373e-01,7.9188318851100725e-02,7.9188318851100697e-02,5.2840691068317160e-04,1.8170823844650075e-02,1.8170823844649964e-02,6.3042037044110848e-04,1.7540403474209043e-02
8.9999999999999858e-02,9.5777389049744799e-01,2.6199289014664939e-01,1.2197667806440975e+00,2.1478933047209575e-01,2.7015264514348440e+00,2.2147893304720956e+00,2.2147893304720587e+00,1.6865487398744458e-01,7.7681776567799954e-02,7.7681776567800065e-02,6.7136267785358403e-04,2.3370599985038210e-02,2.3370599985038099e-02,8.1890589221006655e-04,2.2551694092828090e-02
1.0000000000000009e-01,9.7712220652813597e-01,2.6997176151520069e-01,1.2470939680433366e+00,2.1648068905247014e-01,2.7641596976018743e+00,2.2164806890524704e+00,2.2164806890524167e+00,1.6961680031983786e-01,7.6183529676038517e-02,7.6183529676038614e-02,8.3204975905576406e-04,2.9322001716851065e-02,2.9322001716851065e-02,1.0376442356303550e-03,2.8284357481220490e-02
1.0999999999999988e-01,9.9686138446990435e-01,2.7819362569275596e-01,1.2750550101626605e+00,2.1818166547752824e-01,2.8283036460180764e+00,2.2181816654775277e+00,2.2181816654774273e+00,1.7057842632698020e-01,7.4693772777853162e-02,7.4693772777853468e-02,1.0106602972506963e-03,3.6058390899327608e-02,3.6058390899327497e-02,1.2886474755819841e-03,3.4769743423745503e-02
1.2000000000000011e-01,1.0169993202571239e+00,2.8666588291206818e-01,1.3036652031691920e+00,2.1989225624430828e-01,2.8939962892504520e+00,2.2198922562443082e+00,2.2198922562444756e+00,1.7153965188809575e-01,7.3212701262270655e-02,7.3212701262270613e-02,1.2073862456578113e-03,4.3614351540862684e-02,4.3614351540862573e-02,1.5740274352491785e-03,4.2040324105613536e-02
1.2999999999999989e-01,1.0375440693326172e+00,2.9539615877652842e-01,1.3329402281091458e+00,2.2161245684329392e-01,2.9612766149948198e+00,2.2216124568432938e+00,2.2216124568432045e+00,1.7250037581517311e-01,7.1740511274657234e-02,7.1740511274657387e-02,1.4224193265777278e-03,5.2025731840180445e-02,5.2025731840180445e-02,1.8959999416353740e-03,5.0129731898545193e-02
1.4000000000000012e-01,1.0585038498699499e+00,3.0439231112372689e-01,1.3628961609936767e+00,2.2334226174780394e-01,3.0301846331110802e+00,2.2233422617478040e+00,2.2233422617477379e+00,1.7346049586517939e-01,7.0277399685434283e-02,7.0277399685434394e-02,1.6559509897013866e-03,6.1329687641874964e-02,6.1329687641874964e-02,2.2568892466576992e-03,5.9072798395217285e-02
1.4999999999999991e-01,1.0798870460608023e+00,3.1366243709803371e-01,1.3935494831588360e+00,2.2508166440350411e-01,3.1007614034157061e+00,2.2250816644035045e+00,2.2250816644036653e+00,1.7441990875285246e-01,6.8823564058155609e-02,6.8823564058155789e-02,1.9081723698997043e-03,7.1564727353519708e-02,7.1564727353519597e-02,2.6591326198517041e-03,6.8905594733667752e-02
1.6000000000000014e-01,1.1017022114687658e+00,3.2321488043857882e-01,1.4249170919073446e+00,2.2683065721805232e-01,3.1730490642532678e+00,2.2268306572180521e+00,2.2268306572182741e+00,1.7537851016407877e-01,6.7379202616954195e-02,6.7379202616954348e-02,2.1792742445145355e-03,8.2770758373178710e-02,8.2770758373178710e-02,3.1052851189622274e-03,7.9665473254216357e-02
1.6999999999999993e-01,1.1239580724508749e+00,3.3305823898917719e-01,1.4570163114400521e+00,2.2858923155087865e-01,3.2470908618692813e+00,2.2285892315508788e+00,2.2285892315510498e+00,1.7633619476985743e-01,6.5944514213358771e-02,6.5944514213358757e-02,2.4694469901506942e-03,9.4989135077725440e-02,9.4989135077725551e-02,3.5980245448861033e-03,9.1391110532839548e-02
1.8000000000000016e-01,1.1466635316482727e+00,3.4320137243697185e-01,1.4898649040852447e+00,2.3035737770310957e-01,3.3229311806074611e+00,2.2303573777031094e+00,2.2303573777030423e+00,1.7729285624085647e-01,6.4519698292484398e-02,6.4519698292484745e-02,2.7788805389847154e-03,1.0826270842409880e-01,1.0826270842409880e-01,4.1401565876788161e-03,1.0412255183642005e-01
1.8999999999999995e-01,1.1698276715473797e+00,3.5365341028674702e-01,1.5234810818341269e+00,2.3213508490763918e-01,3.4006155739550001e+00,2.2321350849076387e+00,2.2321350849077759e+00,1.7824838726256234e-01,6.3104954858603540e-02,6.3104954858604040e-02,3.1077643345961276e-03,1.2263587721732305e-01,1.2263587721732294e-01,4.7346201705560243e-03,1.1790125704676702e-01
2.0000000000000018e-01,1.1934597581130166e+00,3.6442376007810201e-01,1.5578835181911188e+00,2.3392234131935596e-01,3.4801907964603398e+00,2.2339223413193561e+00,2.2339223413194396e+00,1.7920267955102670e-01,6.1700484440094766e-02,6.1700484440095099e-02,3.4562872873318898e-03,1.3815464110094955e-01,1.3815464110094977e-01,5.3844929990678426e-03,1.3277014810188170e-01
2.0999999999999996e-01,1.2175692444949069e+00,3.7552211585286860e-01,1.5930913603477757e+00,2.3571913400552949e-01,3.5617048365484196e+00,2.2357191340055294e+00,2.2357191340054428e+00,1.8015562386921272e-01,6.0306488053781943e-02,6.0306488053782137e-02,3.8246377292155964e-03,1.5486665532739230e-01,1.5486665532739230e-01,6.0929973228735024e-03,1.4877365800451892e-01
2.2000000000000020e-01,1.2421657748090693e+00,3.8695846688040653e-01,1.6291242416894760e+00,2.3752544893636410e-01,3.6452069502593583e+00,2.2375254489363638e+00,2.2375254489363181e+00,1.8110711004394281e-01,5.8923167168663713e-02,5.8923167168664040e-02,4.2130033684117524e-03,1.7282128736758362e-01,1.7282128736758351e-01,6.8635059177990041e-03,1.6595778144978435e-01
2.2999999999999998e-01,1.2672591879955855e+00,3.9874310664861645e-01,1.6660022946442021e+00,2.3934127097572430e-01,3.7307476959370200e+00,2.2393412709757241e+00,2.2393412709758125e+00,1.8205702698344919e-01,5.7550723669041903e-02,5.7550723669042209e-02,4.6215712432578909e-03,1.9206967542131248e-01,1.9206967542131237e-01,7.6995482961293047e-03,1.8437012712518341e-01
2.4000000000000021e-01,1.2928595217543153e+00,4.1088664212877779e-01,1.7037461638830931e+00,2.4116658387203965e-01,3.8183789698949635e+00,2.2411665838720394e+00,2.2411665838721526e+00,1.8300526269553014e-01,5.6189359817050609e-02,5.6189359817050602e-02,5.0505276758721906e-03,2.1266478889169904e-01,2.1266478889169893e-01,8.6048171533526386e-03,2.0405997173834656e-01
2.5000000000000000e-01,1.3189770165601025e+00,4.2340000332253497e-01,1.7423770198826376e+00,2.4300137024939308e-01,3.9081540430878094e+00,2.2430013702493925e+00,2.2430013702493627e+00,1.8395170430631047e-01,5.4839278214595499e-02,5.4839278214595805e-02,5.5000582253527941e-03,2.3466149088931476e-01,2.3466149088931476e-01,9.5831750598711889e-03,2.2507831582944360e-01
2.6000000000000023e-01,1.3456221197591096e+00,4.3629445309964060e-01,1.7819165728587503e+00,2.4484561159880125e-01,4.0001275988171408e+00,2.2448456115988011e+00,2.2448456115987945e+00,1.8489623807961023e-01,5.3500681764711955e-02,5.3500681764712121e-02,5.9703476405826086e-03,2.5811660283370741e-01,2.5811660283370719e-01,1.0638661406482288e-02,2.4747794142722501e-01
2.7000000000000002e-01,1.3728054897478867e+00,4.4958159733529435e-01,1.8223870870831811e+00,2.4669928826969001e-01,4.0943557715016565e+00,2.2466992882696899e+00,2.2466992882696859e+00,1.8583874943691839e-01,5.2173773632341817e-02,5.2173773632341949e-02,6.4615798126455570e-03,2.8308897122226639e-01,2.8308897122226617e-01,1.1775499612722624e-02,2.7131347160954356e-01
2.8000000000000025e-01,1.4005380002368815e+00,4.6327339535621870e-01,1.8638113955931002e+00,2.4856237946157439e-01,4.1908961865424192e+00,2.2485623794615743e+00,2.2485623794615366e+00,1.8677912297797469e-01,5.0858757204543803e-02,5.0858757204543803e-02,6.9739377268761144e-03,3.0963953663877808e-01,3.0963953663877830e-01,1.2998104607508344e-02,2.9664143203126980e-01
2.9000000000000004e-01,1.4288307446000585e+00,4.7738217070485539e-01,1.9062129153049141e+00,2.5043486321594577e-01,4.2898080013146833e+00,2.2504348632159457e+00,2.2504348632158555e+00,1.8771724250195629e-01,4.9555836050141792e-02,4.9555836050141924e-02,7.5076034145508605e-03,3.3783140507634402e-01,3.3783140507634424e-01,1.4311090591804123e-02,3.2352031448454022e-01
3.0000000000000027e-01,1.4576950403124080e+00,4.9192062223139033e-01,1.9496156625437984e+00,2.5231671640837533e-01,4.3911519473189866e+00,2.2523167164083753e+00,2.2523167164084184e+00,1.8865299102927086e-01,4.8265213878820844e-02,4.8265213878820976e-02,8.0627579042382852e-03,3.6772992165189877e-01,3.6772992165189877e-01,1.5719279093401772e-02,3.5201064255849701e-01
3.1000000000000005e-01,1.4871424334770738e+00,5.0690183552357104e-01,1.9940442690006450e+00,2.5420791474083720e-01,4.4949903735248604e+00,2.2542079147408369e+00,2.2542079147408280e+00,1.8958625082395247e-01,4.6987094499677452e-02,4.6987094499677737e-02,8.6395811728205360e-03,3.9940274679206222e-01,3.9940274679206200e-01,1.7227707324228660e-02,3.8217503946783338e-01
3.1999999999999984e-01,1.5171847034439607e+00,5.2233929468462337e-01,2.0395239981285842e+00,2.5610843273425993e-01,4.6013872909417914e+00,2.2561084327342598e+00,2.2561084327344751e+00,1.9051690341666097e-01,4.5721681779236245e-02,4.5721681779236356e-02,9.2382520962034642e-03,4.3291993497278858e-01,4.3291993497278836e-01,1.8841636850968662e-02,4.1407829812181984e-01
3.3000000000000007e-01,1.5478338675216252e+00,5.3824689446985263e-01,2.0860807619914778e+00,2.5801824372130971e-01,4.7104084184528086e+00,2.2580182437213097e+00,2.2580182437213585e+00,1.9144482962828055e-01,4.4469179598941061e-02,4.4469179598941200e-02,9.8589483997299013e-03,4.6835401609794891e-01,4.6835401609794935e-01,2.0566562590143212e-02,4.4778745350780591e-01
3.3999999999999986e-01,1.5791021857843575e+00,5.5463895279285935e-01,2.1337411385772169e+00,2.5993731983941304e-01,4.8221212299472924e+00,2.2599373198394126e+00,2.2599373198394499e+00,1.9236990959411573e-01,4.3229791812130193e-02,4.3229791812130200e-02,1.0501846608310925e-02,5.0578007960486193e-01,5.0578007960486171e-01,2.2408222139180638e-02,4.8337185746568134e-01
3.5000000000000009e-01,1.6110021659763816e+00,5.7153022361263295e-01,2.1825323895890145e+00,2.6186563202402502e-01,4.9365950027906615e+00,2.2618656320240249e+00,2.2618656320241848e+00,1.9329202278868293e-01,4.2003722200508374e-02,4.2003722200508367e-02,1.1167121996295507e-02,5.4527586138771778e-01,5.4527586138771755e-01,2.4372605455406877e-02,5.2090325593231079e-01
3.5999999999999988e-01,1.6435465685151096e+00,5.8893591021310454e-01,2.2324824787282140e+00,2.6380315000214727e-01,5.0539008676695332e+00,2.2638031500021474e+00,2.2638031500023064e+00,1.9421104805109185e-01,4.0791174430124200e-02,4.0791174430124172e-02,1.1854948537089724e-02,5.8692183363281725e-01,5.8692183363281725e-01,2.6465964895277482e-02,5.6045586873753961e-01
3.7000000000000011e-01,1.6767484115954923e+00,6.0687167888713534e-01,2.2836200904826276e+00,2.6574984228610332e-01,5.1741118598523910e+00,2.2657498422861035e+00,2.2657498422862150e+00,1.9512686361101453e-01,3.9592352006865138e-02,3.9592352006865103e-02,1.2565498852547013e-02,6.3080129766275772e-01,6.3080129766275772e-01,2.8694825626612765e-02,6.0210647203614509e-01
3.7999999999999989e-01,1.7106209763974545e+00,6.2535367303723099e-01,2.3359746494346854e+00,2.6770567616757696e-01,5.2973029719066025e+00,2.2677056761675773e+00,2.2677056761674272e+00,1.9603934711523738e-01,3.8407458231483171e-02,3.8407458231483338e-02,1.3298944162145901e-02,6.7700047988982259e-01,6.7700047988982304e-01,3.1065996427020227e-02,6.4593448346280269e-01
3.9000000000000012e-01,1.7451778123985613e+00,6.4439852770570027e-01,2.3895763401042616e+00,2.6967061771191791e-01,5.4235512079142234e+00,2.2696706177119181e+00,2.2696706177121051e+00,1.9694837565479054e-01,3.7236696154161635e-02,3.7236696154161794e-02,1.4055454231972048e-02,7.2560863098228578e-01,7.2560863098228623e-01,3.3586580882138721e-02,6.9202205010014728e-01
3.9999999999999991e-01,1.7804327427939737e+00,6.6402338454730936e-01,2.4444561273412830e+00,2.7164463175272269e-01,5.5529356392298750e+00,2.2716446317527224e+00,2.2716446317528245e+00,1.9785382579265037e-01,3.6080268528637299e-02,3.6080268528637438e-02,1.4835197323524951e-02,7.7671812835066634e-01,7.7671812835066634e-01,3.6263988997807570e-02,7.4045413935285920e-01
4.1000000000000014e-01,1.8163998700259252e+00,6.8424590725793510e-01,2.5006457772838604e+00,2.7362768188669490e-01,5.6855374618256560e+00,2.2736276818866950e+00,2.2736276818867882e+00,1.9875557359200857e-01,3.4938377765889650e-02,3.4938377765889650e-02,1.5638340142365939e-02,8.3042458206465941e-01,8.3042458206465941e-01,3.9105949240736071e-02,7.9131863282392345e-01
4.1999999999999993e-01,1.8530935814248730e+00,7.0508429747307633e-01,2.5581778788979497e+00,2.7561973046879101e-01,5.8214400552689742e+00,2.2756197304687906e+00,2.2756197304689048e+00,1.9965349464510199e-01,3.3811225887411811e-02,3.3811225887411950e-02,1.6465047786628523e-02,8.8682694431501918e-01,8.8682694431501918e-01,4.2120521022750733e-02,8.4470642329226875e-01
4.3000000000000016e-01,1.8905285549646365e+00,7.2655731115056221e-01,2.6170858661151986e+00,2.7762073860765740e-01,5.9607290433809599e+00,2.2776207386076575e+00,2.2776207386077014e+00,2.0054746410259616e-01,3.2699014478078298e-02,3.2699014478078298e-02,1.7315483695409792e-02,9.4602762253861483e-01,9.4602762253861528e-01,4.5316107644205135e-02,9.0071151489440959e-01
4.3999999999999995e-01,1.9287197651337677e+00,7.4868427545217242e-01,2.6774040405859401e+00,2.7963066616136339e-01,6.1034923566240522e+00,2.2796306661613635e+00,2.2796306661614918e+00,2.0143735670351551e-01,3.1601944638620455e-02,3.1601944638620427e-02,1.8189809597060999e-02,1.0081325963286432e+00,1.0081325963286427e+00,4.8701469712660032e-02,9.5943112661598251e-01
4.5000000000000018e-01,1.9676824889255606e+00,7.7148510613939525e-01,2.7391675950649561e+00,2.8164947173343746e-01,6.2498202962693075e+00,2.2816494717334375e+00,2.2816494717334637e+00,2.0232304680571309e-01,3.0520216937728384e-02,3.0520216937728523e-02,1.9088185457402249e-02,1.0732515382562338e+00,1.0732515382562333e+00,5.2285739053506385e-02,1.0209657992027275e+00
4.5999999999999996e-01,2.0074323119490378e+00,7.9498032549894959e-01,2.8024126374479872e+00,2.8367711266920964e-01,6.3998056003949255e+00,2.2836771126692104e+00,2.2836771126690989e+00,2.0320440841687015e-01,2.9454031363793098e-02,2.9454031363792932e-02,2.0010769427876357e-02,1.1414979387336781e+00,1.1414979387336781e+00,5.6078433129738529e-02,1.0854195056039386e+00
4.7000000000000020e-01,2.0479851346634179e+00,8.1919108081423575e-01,2.8671762154776532e+00,2.8571354505246682e-01,6.5535435117695435e+00,2.2857135450524675e+00,2.2857135450525625e+00,2.0408131522601883e-01,2.8403587276303155e-02,2.8403587276302975e-02,2.0957717793665426e-02,1.2129892350540330e+00,1.2129892350540334e+00,6.0089469988690310e-02,1.1528997650653423e+00
4.7999999999999998e-01,2.0893571787384944e+00,8.4413916339931050e-01,2.9334963421378046e+00,2.8775872370242622e-01,6.7111318476749204e+00,2.2877587237024266e+00,2.2877587237024413e+00,2.0495364063557697e-01,2.7369083356914473e-02,2.7369083356914611e-02,2.1929184921792091e-02,1.2878469447461574e+00,1.2878469447461569e+00,6.4329183754140595e-02,1.2235177609920167e+00
4.9000000000000021e-01,2.1315649935435346e+00,8.6984702821254878e-01,3.0014120217560833e+00,2.8981260217103205e-01,6.8726710717247155e+00,2.2898126021710321e+00,2.2898126021710006e+00,2.0582125779388713e-01,2.6350717560209340e-02,2.6350717560209347e-02,2.2925323209226342e-02,1.3661968033890282e+00,1.3661968033890286e+00,6.8808340682815702e-02,1.2973884627062122e+00
5.0000000000000000e-01,2.1746254627672359e+00,8.9633781406761293e-01,3.0709632768348492e+00,2.9187513274057830e-01,7.0382643677373107e+00,2.2918751327405782e+00,2.2918751327407803e+00,2.0668403962824811e-01,2.5348687064159048e-02,2.5348687064159187e-02,2.3946283031018048e-02,1.4481689070338062e+00,1.4481689070338062e+00,7.3538155804949934e-02,1.3746307512288567e+00
5.1000000000000023e-01,2.2185558111714392e+00,9.2363536445995686e-01,3.1421911756313960e+00,2.9394626642166682e-01,7.2080177157227494e+00,2.2939462664216670e+00,2.2939462664218202e+00,2.0754185887842930e-01,2.4363188220310833e-02,2.4363188220310972e-02,2.4992212688479287e-02,1.5338978593872077e+00,1.5338978593872077e+00,7.8530310169242626e-02,1.4553675492179647e+00
5.2000000000000002e-01,2.2633736114812475e+00,9.5176424902757084e-01,3.2151378605088183e+00,2.9602595295150030e-01,7.3820399700452075e+00,2.2960259529515001e+00,2.2960259529516600e+00,2.0839458813065642e-01,2.3394416503714814e-02,2.3394416503714793e-02,2.6063258357438376e-02,1.6235229239146900e+00,1.6235229239146896e+00,8.3796968713222994e-02,1.5397259552014666e+00
5.3000000000000025e-01,2.3090967914143681e+00,9.8074978566532511e-01,3.2898465770796932e+00,2.9811414079251985e-01,7.5604429398247124e+00,2.2981141407925203e+00,2.2981141407926176e+00,2.0924209985205749e-01,2.2442566462610045e-02,2.2442566462610170e-02,2.7159564036589021e-02,1.7171881810274057e+00,1.7171881810274066e+00,8.9350798780749127e-02,1.6278373822466565e+00
5.4000000000000004e-01,2.3557436408524191e+00,1.0106180633127735e+00,3.3663617041651928e+00,3.0021077713138722e-01,7.7433414716431583e+00,2.3002107771313871e+00,2.3002107771315137e+00,2.1008426642555578e-01,2.1507831667888076e-02,2.1507831667888083e-02,2.8281271495955551e-02,1.8150426905221129e+00,1.8150426905221129e+00,9.5204989309083415e-02,1.7198377012130304e+00
5.5000000000000027e-01,2.4033328191571477e+00,1.0413959654359706e+00,3.4447287845931185e+00,3.0231580787831958e-01,7.9308535346222069e+00,2.3023158078783195e+00,2.3023158078783932e+00,2.1092096018519854e-01,2.0590404662351507e-02,2.0590404662351652e-02,2.9428520225499341e-02,1.9172406594490972e+00,1.9172406594490972e+00,1.0137327070875835e-01,1.8158673887403389e+00
5.6000000000000005e-01,2.4518833626344021e+00,1.0731111942243952e+00,3.5249945568587977e+00,3.0442917766677879e-01,8.1231003079419892e+00,2.3044291776667785e+00,2.3044291776667114e+00,2.1175205345190762e-01,1.9690476909789076e-02,1.9690476909789381e-02,3.0601447383889049e-02,2.0239416155887167e+00,2.0239416155887167e+00,1.0786993546020979e-01,1.9160716801285078e+00
5.7000000000000028e-01,2.5014146921489262e+00,1.1057922955248018e+00,3.6072069876737283e+00,3.0655082985352122e-01,8.3202062708722568e+00,2.3065508298535207e+00,2.3065508298535375e+00,2.1257741856963872e-01,1.8808238743885847e-02,1.8808238743885999e-02,3.1800187747459019e-02,2.1353105867234614e+00,2.1353105867234605e+00,1.1470985945197065e-01,2.0206007272714910e+00
5.8000000000000007e-01,2.5519466208929478e+00,1.1394686845343986e+00,3.6914153054273466e+00,3.0868070651900953e-01,8.5222992953890913e+00,2.3086807065190094e+00,2.3086807065190542e+00,2.1339692794193463e-01,1.7943879316986100e-02,1.7943879316986239e-02,3.3024873659377327e-02,2.2515182858983271e+00,2.2515182858983271e+00,1.2190852408602990e-01,2.1296097618122971e+00
5.8999999999999986e-01,2.6034993623117360e+00,1.1741706722765197e+00,3.7776700345882559e+00,3.1081874846819368e-01,8.7295107414530300e+00,2.3108187484681935e+00,2.3108187484683538e+00,2.1421045406885944e-01,1.7097586548734792e-02,1.7097586548735069e-02,3.4275634979052061e-02,2.3727413028690312e+00,2.3727413028690303e+00,1.2948203917685003e-01,2.2432592636921815e+00
6.0000000000000009e-01,2.6560935381892383e+00,1.2099294928825897e+00,3.8660230310718280e+00,3.1296489523166271e-01,8.9419755550262447e+00,2.3129648952316626e+00,2.3129648952317505e+00,2.1501786958429708e-01,1.6269547074612561e-02,1.6269547074612561e-02,3.5552599031796528e-02,2.4991623019439198e+00,2.4991623019439198e+00,1.3744716667138734e-01,2.3617151352725330e+00
6.0999999999999988e-01,2.7097501868970673e+00,1.2467773317049431e+00,3.9565275186020106e+00,3.1511908506716929e-01,9.1598323689089636e+00,2.3151190850671690e+00,2.3151190850672263e+00,2.1581904729359944e-01,1.5459946194387023e-02,1.5459946194387314e-02,3.6855890558776458e-02,2.6309702264324564e+00,2.6309702264324564e+00,1.4582134521838308e-01,2.4851488812140738e+00
6.2000000000000011e-01,2.7644907718101410e+00,1.2847473542858274e+00,4.0492381260959682e+00,3.1728125496153609e-01,9.3832236064777632e+00,2.3172812549615358e+00,2.3172812549615931e+00,2.1661386021156884e-01,1.4668967820505155e-02,1.4668967820505280e-02,3.8185631667270792e-02,2.7683605099202460e+00,2.7683605099202460e+00,1.5462271561617044e-01,2.6137377943040763e+00
6.2999999999999989e-01,2.8203371898923053e+00,1.3238737362086150e+00,4.1442109261009206e+00,3.1945134063293956e-01,9.6122955884104559e+00,2.3194513406329396e+00,2.3194513406327166e+00,2.1740218160075717e-01,1.3896794426440623e-02,1.3896794426440748e-02,3.9541941781260331e-02,2.9115352945976660e+00,2.9115352945976660e+00,1.6387014716914555e-01,2.7476651474285205e+00
6.4000000000000012e-01,2.8773117804554262e+00,1.3641916938581504e+00,4.2415034743135767e+00,3.2162927653358209e-01,9.8471986424853046e+00,2.3216292765335824e+00,2.3216292765337876e+00,2.1818388501006666e-01,1.3143606995026508e-02,1.3143606995026633e-02,4.0924937592380944e-02,3.0607036568770178e+00,3.0607036568770196e+00,1.7358326498415008e-01,2.8871203918928696e+00
6.4999999999999991e-01,2.9354373340953948e+00,1.4057375161178585e+00,4.3411748502132532e+00,3.2381499585274798e-01,1.0088087216544366e+01,2.3238149958527483e+00,2.3238149958527501e+00,2.1895884431363280e-01,1.2409584966789372e-02,1.2409584966789511e-02,4.2334733011254608e-02,3.2160818405405829e+00,3.2160818405405838e+00,1.8378247823895127e-01,3.0322993623016323e+00
6.6000000000000014e-01,2.9947371018086910e+00,1.4485485970322032e+00,4.4432856988408940e+00,3.2600843052025252e-01,1.0335119994713992e+01,2.3260084305202526e+00,2.3260084305202580e+00,2.1972693374997421e-01,1.1694906188309248e-02,1.1694906188309234e-02,4.3771439119232855e-02,3.3778934976703425e+00,3.3778934976703416e+00,1.9448900945617220e-01,3.1834044882141699e+00
6.6999999999999993e-01,3.0552348042930682e+00,1.4926634694638388e+00,4.5478982737569069e+00,3.2820951121028180e-01,1.0588460016977653e+01,2.3282095112102819e+00,2.3282095112103032e+00,2.2048802796138969e-01,1.0999746860627782e-02,1.0999746860627782e-02,4.5235164120571311e-02,3.5463699376181204e+00,3.5463699376181195e+00,2.0572492481705665e-01,3.3406450128010627e+00
6.8000000000000016e-01,3.1169546414361728e+00,1.5381218397758003e+00,4.6550764812119727e+00,3.3041816734562918e-01,1.0848274802199747e+01,2.3304181673456292e+00,2.3304181673457678e+00,2.2124200203358496e-01,1.0324281487729334e-02,1.0324281487729320e-02,4.6726013295065483e-02,3.7217503842838564e+00,3.7217503842838564e+00,2.1751316555065728e-01,3.5042372187331994e+00
6.8999999999999995e-01,3.1799213019957984e+00,1.5849646235698973e+00,4.7648859255656957e+00,3.3263432710232776e-01,1.1114736474701289e+01,2.3326343271023275e+00,2.3326343271021974e+00,2.2198873153550938e-01,9.6686828251135448e-03,9.6686828251136836e-03,4.8244088951166969e-02,3.9042822419781933e+00,3.9042822419781933e+00,2.2987758043515497e-01,3.6744046615430381e+00
7.0000000000000018e-01,3.2441599734757407e+00,1.6332339825135311e+00,4.8773939559892714e+00,3.3485791741468335e-01,1.1388021894492073e+01,2.3348579174146833e+00,2.3348579174149084e+00,2.2272809255938447e-01,9.0331218284879916e-03,9.0331218284879777e-03,4.9789490379613166e-02,4.0942213701551822e+00,4.0942213701551822e+00,2.4284295944931122e-01,3.8513784107058706e+00
7.0999999999999996e-01,3.3096963522011134e+00,1.6829733622880259e+00,4.9926697144891392e+00,3.3708886398070725e-01,1.1668312791266306e+01,2.3370888639807075e+00,2.3370888639809482e+00,2.2345996176090349e-01,8.4177676025994526e-03,8.4177676025995810e-03,5.1362313807587087e-02,4.2918323673099366e+00,4.2918323673099383e+00,2.5643506861322740e-01,4.0353972986967079e+00
7.2000000000000020e-01,3.3765566535972433e+00,1.7342275316926921e+00,5.1107841852899352e+00,3.3932709126795368e-01,1.1955795902272563e+01,2.3393270912679536e+00,2.3393270912680322e+00,2.2418421639958352e-01,7.8227873502326045e-03,7.8227873502326045e-03,5.2962652353440526e-02,4.4973888643463127e+00,4.4973888643463127e+00,2.7068068605897261e-01,4.2267081782873390e+00
7.2999999999999998e-01,3.4447676226761650e+00,1.7870426229397496e+00,5.2318102456159146e+00,3.4157252251975934e-01,1.2250663114171578e+01,2.3415725225197592e+00,2.3415725225199489e+00,2.2490073437924785e-01,7.2483463213938622e-03,7.2483463213940044e-03,5.4590595981999668e-02,4.7111738277293380e+00,4.7111738277293380e+00,2.8560763937290484e-01,4.4255661883564326e+00
7.4000000000000021e-01,3.5143565447350067e+00,1.8414661731764514e+00,5.3558227179114581e+00,3.4382507976189036e-01,1.2553111608999370e+01,2.3438250797618907e+00,2.3438250797619222e+00,2.2560939428862009e-01,6.6946077627107366e-03,6.6946077627107331e-03,5.6246231460481966e-02,4.9334798727480766e+00,4.9334798727480784e+00,3.0124484425295550e-01,4.6322350284951224e+00
7.5000000000000000e-01,3.5853512562704513e+00,1.8975471672717052e+00,5.4828984235421565e+00,3.4608468380959340e-01,1.2863344014356020e+01,2.3460846838095937e+00,2.3460846838097016e+00,2.2631007544200715e-01,6.1617328670648744e-03,6.1617328670648674e-03,5.7929642315047020e-02,5.1646095872248559e+00,5.1646095872248594e+00,3.1762234452553229e-01,4.8469872426993241e+00
7.6000000000000023e-01,3.6577801561137293e+00,1.9553360819057823e+00,5.6131162380195114e+00,3.4835125427505631e-01,1.3181568557944805e+01,2.3483512542750562e+00,2.3483512542751459e+00,2.2700265792005137e-01,5.6498807234881473e-03,5.6498807234882792e-03,5.9640908788008651e-02,5.4048758660185445e+00,5.4048758660185445e+00,3.3477135356821192e-01,5.0701045124503317e+00
7.7000000000000002e-01,3.7316722167905003e+00,2.0148849310027175e+00,5.7465571477932178e+00,3.5062470957527497e-01,1.3507999226589154e+01,2.3506247095752753e+00,2.3506247095756070e+00,2.2768702261052903e-01,5.1592082673418624e-03,5.1592082673420012e-03,6.1380107795731442e-02,5.6546022566804295e+00,5.6546022566804313e+00,3.5272429718587872e-01,5.3018779594945515e+00
7.8000000000000025e-01,3.8070569961102851e+00,2.0762473125463705e+00,5.8833043086566565e+00,3.5290496694032863e-01,1.3842855929859681e+01,2.3529049669403284e+00,2.3529049669404611e+00,2.2836305124917422e-01,4.6898702308066781e-03,4.6898702308069556e-03,6.3147312887236212e-02,5.9141233166338996e+00,5.9141233166338978e+00,3.7151485798956685e-01,5.5426084586443327e+00
7.9000000000000004e-01,3.8839646489899473e+00,2.1394784568222107e+00,6.0234431058121576e+00,3.5519194242206409e-01,1.4186364668446526e+01,2.3551919424220640e+00,2.3551919424220267e+00,2.2903062646050520e-01,4.2420190937053695e-03,4.2420190937053626e-03,6.4942594203541620e-02,6.1837849822605993e+00,6.1837849822605993e+00,3.9117802132887936e-01,5.7926069609317192e+00
8.0000000000000027e-01,3.9624259395160943e+00,2.2046352761283221e+00,6.1670612156444164e+00,3.5748555090318695e-01,1.4538757707417155e+01,2.3574855509031867e+00,2.3574855509033341e+00,2.2968963179863192e-01,3.8158050346840874e-03,3.8158050346842262e-03,6.6766018437761532e-02,6.4639449502893118e+00,6.4639449502893118e+00,4.1175012283051915e-01,6.0521948274587931e+00
8.1000000000000005e-01,4.0424722532510939e+00,2.2717764160002916e+00,6.3142486692513851e+00,3.5978570610676197e-01,1.4900273754503063e+01,2.3597857061067620e+00,2.3597857061068614e+00,2.3033995178802066e-01,3.4113758827776924e-03,3.4113758827776855e-03,6.8617648795988556e-02,6.7549730718960950e+00,6.7549730718960967e+00,4.3326889759722964e-01,6.3217041742988664e+00
8.2000000000000028e-01,4.1241356097877473e+00,2.3409623079961732e+00,6.4650979177839210e+00,3.6209232060611984e-01,1.5271158143564014e+01,2.3620923206061195e+00,2.3620923206062647e+00,2.3098147196419477e-01,3.0288770693802369e-03,3.0288770693803757e-03,7.0497544958982278e-02,7.0572517599385760e+00,7.0572517599385742e+00,4.5577353112319469e-01,6.6014782288153802e+00
8.3000000000000007e-01,4.2074486755575196e+00,2.4122552240889443e+00,6.6197038996464643e+00,3.6440530583517106e-01,1.5651663023381872e+01,2.3644053058351711e+00,2.3644053058350010e+00,2.3161407891434652e-01,2.6684515806502176e-03,2.6684515806503564e-03,7.2405763044689792e-02,7.3711764097604915e+00,7.3711764097604897e+00,4.7930471198381086e-01,6.8918716977766818e+00
8.3999999999999986e-01,4.2924447768975789e+00,2.4857193327155080e+00,6.7781641096130869e+00,3.6672457209912529e-01,1.6042047551941682e+01,2.3667245720991255e+00,2.3667245720992067e+00,2.3223766031783877e-01,2.3302399103696247e-03,2.3302399103697566e-03,7.4342355571618751e-02,7.6971558340179236e+00,7.6971558340179236e+00,5.0390468635964070e-01,7.1932511476582821e+00
8.5000000000000009e-01,4.3791579133817606e+00,2.5614207565326073e+00,6.9405786699143679e+00,3.6905002858561503e-01,1.6442578096361345e+01,2.3690500285856153e+00,2.3690500285856544e+00,2.3285210498657175e-01,2.0143800132859675e-03,2.0143800132859692e-03,7.6307371423090159e-02,8.0356127119927763e+00,8.0356127119927763e+00,5.2961731445633276e-01,7.5059953975364433e+00
8.5999999999999988e-01,4.4676227714208423e+00,2.6394276319316710e+00,7.1070504033525133e+00,3.7138158337622162e-01,1.6853528438636697e+01,2.3713815833762215e+00,2.3713815833765008e+00,2.3345730290519218e-01,1.7210072589591285e-03,1.7210072589592604e-03,7.8300855812389880e-02,8.3869840538750431e+00,8.3869840538750449e+00,5.5648812888429244e-01,7.8304959249907515e+00
8.7000000000000011e-01,4.5578747381375937e+00,2.7198101703661859e+00,7.2776849085037796e+00,3.7371914345840401e-01,1.7275179987373743e+01,2.3737191434584037e+00,2.3737191434583713e+00,2.3405314527112087e-01,1.4502543861379495e-03,1.4502543861380779e-03,8.0322850248845584e-02,8.7517216805113804e+00,8.7517216805113787e+00,5.8456439506403257e-01,8.1671572854473471e+00
8.7999999999999989e-01,4.6499499155220700e+00,2.8026407215467217e+00,7.4525906370687913e+00,3.7606261473782487e-01,1.7707821995684306e+01,2.3760626147378252e+00,2.3760626147378097e+00,2.3463952453437517e-01,1.2022514576910150e-03,1.2022514576910184e-03,8.2373392504847487e-02,9.1302927191333971e+00,9.1302927191333954e+00,6.1389517372521896e-01,8.5163975454081751e+00
8.9000000000000012e-01,4.7438851348729179e+00,2.8879938385605772e+00,7.6318789734334951e+00,3.7841190205107533e-01,1.8151751785427567e+01,2.3784119020510754e+00,2.3784119020512362e+00,2.3521633443716269e-01,9.7712581611593408e-04,9.7712581611606938e-04,8.4452516583837872e-02,9.5231801155970430e+00,9.5231801155970430e+00,6.4453138556973577e-01,8.8786487300273045e+00
8.9999999999999991e-01,4.8397179715303560e+00,2.9759463449745662e+00,7.8156643165049227e+00,3.8076690917879341e-01,1.8607274977984410e+01,2.3807669091787931e+00,2.3807669091788033e+00,2.3578347005322189e-01,7.7500203965119932e-04,7.7500203965133463e-04,8.6560252689290046e-02,9.9308831636810453e+00,9.9308831636810453e+00,6.7652587817133347e-01,9.2543572855097125e+00
9.1000000000000014e-01,4.9374867599068439e+00,3.0665774039814409e+00,8.0040641638882839e+00,3.8312753885917528e-01,1.9074705731758009e+01,2.3831275388591755e+00,2.3831275388593864e+00,2.3634082782688642e-01,5.9600189901302600e-04,5.9600189901301906e-04,8.8696627194698147e-02,1.0353918052011508e+01,1.0353918052011508e+01,7.0993349518684246e-01,9.6439845568246660e+00
9.1999999999999993e-01,5.0372306088213250e+00,3.1599685896520793e+00,8.1971991984734043e+00,3.8549369280187462e-01,1.9554366986598886e+01,2.3854936928018744e+00,2.3854936928020174e+00,2.3688830561184854e-01,4.4024431478314162e-04,4.4024431478313988e-04,9.0861662614596772e-02,1.0792818429197569e+01,1.0792818429197569e+01,7.4481114795633352e-01,1.0048007281241238e+01
9.3000000000000016e-01,5.1389894171433088e+00,3.2562039603576873e+00,8.3951933775009966e+00,3.8786527170228974e-01,2.0046590715359681e+01,2.3878652717022897e+00,2.3878652717023905e+00,2.3742580270959873e-01,3.0784531547081023e-04,3.0784531547094554e-04,9.3055377576636955e-02,1.1248135987783508e+01,1.1248135987783511e+01,7.8121788957223726e-01,1.0466918098211272e+01
9.3999999999999995e-01,5.2428038897529188e+00,3.3553701344279747e+00,8.5981740241808939e+00,3.9024217525623117e-01,2.0551718182789759e+01,2.3902421752562306e+00,2.3902421752564815e+00,2.3795321990751614e-01,1.9891799626955281e-04,1.9891799626968638e-04,9.5277786794729147e-02,1.1720441067641479e+01,1.1720441067641479e+01,8.1921499149988553e-01,1.0901226076141596e+01
9.5000000000000018e-01,5.3487155538234177e+00,3.4575563681135302e+00,8.8062719219369470e+00,3.9262430217497052e-01,2.1070100211987427e+01,2.3926243021749709e+00,2.3926243021751650e+00,2.3847045951658799e-01,1.1357247853564876e-04,1.1357247853564789e-04,9.7528901043281269e-02,1.2210323279451110e+01,1.2210323279451114e+01,8.5886602283481484e-01,1.1351457256616296e+01
9.5999999999999996e-01,5.4567667754325990e+00,3.5628546359224398e+00,9.0196214113550397e+00,3.9501155020066231e-01,2.1602097458632517e+01,2.3950115502006621e+00,2.3950115502006839e+00,2.3897742540873193e-01,5.1915870007074663e-05,5.1915870007074663e-05,9.9808727132545794e-02,1.2718392148932178e+01,1.2718392148932175e+01,9.0023693228480273e-01,1.1818155216647376e+01
9.7000000000000020e-01,5.5670007765098193e+00,3.6713597134035867e+00,9.2383604899134060e+00,3.9740381612213960e-01,2.2148080693230401e+01,2.3974038161221398e+00,2.3974038161220790e+00,2.3947402305370025e-01,1.4052225791292856e-05,1.4052225791425996e-05,1.0211726788509803e-01,1.3245277782520086e+01,1.3245277782520089e+01,9.4339613296759284e-01,1.2301881649552490e+01
9.7999999999999998e-01,5.6794616521253065e+00,3.7831692624510076e+00,9.4626309145763141e+00,3.9980099579107359e-01,2.2708431091603636e+01,2.3998009957910735e+00,2.3998009957909203e+00,2.3996015955553957e-01,8.2510136696276309e-08,8.2510136829497651e-08,1.0445452211345879e-01,1.3791631555195247e+01,1.3791631555195247e+01,9.8841459011811039e-01,1.2803216965077139e+01
9.8082925301172619e-01,5.6888888888888882e+00,3.7925925925925927e+00,9.4814814814814810e+00,4.0000000000000002e-01,2.2755555555555556e+01,2.4000000000000004e+00,2.3999999999999209e+00,2.3999999999999999e-01,-6.6613381477509390e-17,0.0000000000000000e+00,1.0464962875290959e-01,1.3837833075940907e+01,1.3837833075940910e+01,9.9223351706462426e-01,1.2845599558876284e+01
9.9000000000000021e-01,5.7941943881288118e+00,3.8983839192062266e+00,9.6925783073350384e+00,4.0220298413849825e-01,2.3283540533876305e+01,2.4022029841384986e+00,2.4022029841385497e+00,2.4043574368858520e-01,1.0104559016173992e-05,1.0104559016173992e-05,1.0682048459888563e-01,1.4358126821202505e+01,1.4358126821202509e+01,1.0353659118021754e+00,1.3322760909400335e+01
1.0000000000000000e+00,5.9112448791445207e+00,4.0171073846375336e+00,9.9283522637820543e+00,4.0460967519168967e-01,2.3873811912201642e+01,2.4046096751916894e+00,2.4046096751918120e+00,2.4090068593296504e-01,4.4213043540699236e-05,4.4213043540765155e-05,1.0921514607134192e-01,1.4945459648419588e+01,1.4945459648419588e+01,1.0843264427366952e+00,1.3861133205682895e+01
1.0100000000000002e+00,6.0306599469295410e+00,4.1394465178779036e+00,1.0170106464807445e+01,4.0702096209140104e-01,2.4479659447492793e+01,2.4070209620914009e+00,2.4070209620907410e+00,2.4135489850959133e-01,1.0249943422657899e-04,1.0249943422657899e-04,1.1163849319066865e-01,1.5554349577160282e+01,1.5554349577160282e+01,1.1353753613197812e+00,1.4418974215840501e+01
1.0200000000000000e+00,6.1524873591031985e+00,4.2655114324053809e+00,1.0417998791508580e+01,4.0943673710944178e-01,2.5101509015422540e+01,2.4094367371094418e+00,2.4094367371091385e+00,2.4179829541461562e-01,1.8505196613443492e-04,1.8505196613449910e-04,1.1409050852896585e-01,1.6185540404222408e+01,1.6185540404222412e+01,1.1885947799773655e+00,1.4996945624245047e+01
1.0300000000000002e+00,6.2767758482547613e+00,4.3954155951526870e+00,1.0672191443407449e+01,4.1185689166660089e-01,2.5739798481967583e+01,2.4118568916666008e+00,2.4118568916663050e+00,2.4223079245332665e-01,2.9195560490463332e-04,2.9195560490476516e-04,1.1657117055420740e-01,1.6839800993019168e+01,1.6839800993019168e+01,1.2440698489366027e+00,1.5595731144082567e+01
1.0400000000000000e+00,6.4035751314370826e+00,4.5292759286350792e+00,1.0932851060072162e+01,4.1428131635090470e-01,2.6394978048779400e+01,2.4142813163509045e+00,2.4142813163502050e+00,2.4265230727346632e-01,4.2329201370496644e-04,4.2329201370496818e-04,1.1908045361509662e-01,1.7517926110658415e+01,1.7517926110658415e+01,1.3018888635396830e+00,1.6216037247118734e+01
1.0500000000000003e+00,6.5329359300541245e+00,4.6672129161885465e+00,1.1200148846242671e+01,4.1670990093620608e-01,2.7067510608673889e+01,2.4167099009362061e+00,2.4167099009357504e+00,2.4306275939794339e-01,5.7913952111324565e-04,5.7913952111331504e-04,1.2161832792718180e-01,1.8220737292864918e+01,1.8220737292864918e+01,1.3621433752155880e+00,1.6858593917649330e+01
1.0600000000000001e+00,6.6649099901501545e+00,4.8093507104129003e+00,1.1474260700563054e+01,4.1914253440109656e-01,2.7757872111539008e+01,2.4191425344010966e+00,2.4191425344007498e+00,2.4346207025692213e-01,7.5957308995400555e-04,7.5957308995394310e-04,1.2418475956024236e-01,1.8949083737668300e+01,1.8949083737668296e+01,1.4249283062309608e+00,1.7524155431437336e+01
1.0700000000000003e+00,6.7995501031089027e+00,4.9558172449175437e+00,1.1755367348026446e+01,4.2157910494813694e-01,2.8466551940970440e+01,2.4215791049481372e+00,2.4215791049475577e+00,2.4385016321926464e-01,9.6466428710639124e-04,9.6466428710639124e-04,1.2677971042695879e-01,1.9703843228811927e+01,1.9703843228811934e+01,1.4903420683453195e+00,1.8213501160466610e+01
1.0800000000000001e+00,6.9369101267707647e+00,5.1067443494703060e+00,1.2043654476241070e+01,4.2401950002339867e-01,2.9194053301952447e+01,2.4240195000233991e+00,2.4240195000229483e+00,2.4422696362330570e-01,1.1944812543037732e-03,1.1944812543038356e-03,1.2940313827287855e-01,2.0485923089867573e+01,2.0485923089867576e+01,1.5584866854997959e+00,1.8927436404367779e+01
1.0899999999999999e+00,7.0770450069767037e+00,5.2622678686531765e+00,1.2339312875629879e+01,4.2646360633630953e-01,2.9940893619912941e+01,2.4264636063363101e+00,2.4264636063358047e+00,2.4459239880693875e-01,1.4490886799414793e-03,1.4490886799414168e-03,1.3205499666768986e-01,2.1296261170075219e+01,2.1296261170075219e+01,1.6294679206728861e+00,1.9666793249402328e+01
1.1000000000000001e+00,7.2200107995472980e+00,5.4225277841315789e+00,1.2642538583678876e+01,4.2891130987979686e-01,3.0707604951489333e+01,2.4289113098797972e+00,2.4289113098793225e+00,2.4494639813699373e-01,1.7285477719112124e-03,1.7285477719112159e-03,1.3473523499781243e-01,2.2135826862959391e+01,2.2135826862959391e+01,1.7033954070408841e+00,2.0432431455918504e+01
1.1099999999999999e+00,7.3658646927057987e+00,5.5876683406472996e+00,1.2953533033353096e+01,4.3136249595072051e-01,3.1494734407353498e+01,2.4313624959507210e+00,2.4313624959502547e+00,2.4528889303788515e-01,2.0329162314785924e-03,2.0329162314784745e-03,1.3744379846031665e-01,2.3005622158809281e+01,2.3005622158809281e+01,1.7803827835852373e+00,2.1225239375224042e+01
1.1200000000000001e+00,7.5146650299542266e+00,5.7578381758485371e+00,1.3272503205802764e+01,4.3381704917058894e-01,3.2302844587454068e+01,2.4338170491705893e+00,2.4338170491699320e+00,2.4561981701951177e-01,2.3622482282194129e-03,2.3622482282194754e-03,1.4018062805817860e-01,2.3906682732145789e+01,2.3906682732145796e+01,1.8605478352936204e+00,2.2046134896852166e+01
1.1299999999999999e+00,7.6664713334115007e+00,5.9331904540737685e+00,1.3599661787485267e+01,4.3627485350655054e-01,3.3132514029044309e+01,2.4362748535065508e+00,2.4362748535062817e+00,2.4593910570438837e-01,2.7165943760338457e-03,2.7165943760337208e-03,1.4294566059688316e-01,2.4840079065334798e+01,2.4840079065334798e+01,1.9440126381062703e+00,2.2896066427228519e+01
1.1400000000000001e+00,7.8213443276231249e+00,6.1138830042100452e+00,1.3935227331833170e+01,4.3873579229265203e-01,3.3984337667876389e+01,2.4387357922926522e+00,2.4387357922923312e+00,2.4624669685399092e-01,3.0960017102472995e-03,3.0960017102473689e-03,1.4573882868237625e-01,2.5806917609545913e+01,2.5806917609545920e+01,2.0309037087640016e+00,2.3776013900781919e+01
1.1499999999999999e+00,7.9793459638517739e+00,6.3000784617495853e+00,1.4279424425601359e+01,4.4119974825135611e-01,3.4858927312952304e+01,2.4411997482513561e+00,2.4411997482510031e+00,2.4654253039429611e-01,3.5005136658214850e-03,3.5005136658216238e-03,1.4856006072037981e-01,2.6808341984293786e+01,2.6808341984293786e+01,2.1213521597194123e+00,2.4686989824574372e+01
1.1600000000000001e+00,8.1405394448586712e+00,6.4919444151727621e+00,1.4632483860031432e+01,4.4366660351531167e-01,3.5756912135235631e+01,2.4436666035153118e+00,2.4436666035146195e+00,2.4682654844049892e-01,3.9301700566815520e-03,3.9301700566814965e-03,1.5140928091707351e-01,2.7845534216841902e+01,2.7845534216841902e+01,2.2154938592780433e+00,2.5630040357563860e+01
1.1699999999999999e+00,8.3049892501854750e+00,6.6896535567889819e+00,1.4994642806974458e+01,4.4613623964936489e-01,3.6678939170737898e+01,2.4461362396493649e+00,2.4461362396491402e+00,2.4709869532088935e-01,4.3850070561772189e-03,4.3850070561774063e-03,1.5428640928114340e-01,2.8919716022788872e+01,2.8919716022788879e+01,2.3134695971414141e+00,2.6606246425647466e+01
1.1800000000000002e+00,8.4727611619470267e+00,6.8933838381714807e+00,1.5366145000118507e+01,4.4860853767280717e-01,3.7625673838408495e+01,2.4486085376728073e+00,2.4486085376723699e+00,2.4735891759987272e-01,4.8650571786928790e-03,4.8650571786928165e-03,1.5719136162721423e-01,3.0032150129203522e+01,3.0032150129203522e+01,2.4154252555298381e+00,2.7616724873673682e+01
1.1899999999999999e+00,8.6439222911450067e+00,7.1033186303256945e+00,1.5747240921470702e+01,4.5108337808184656e-01,3.8597800473267093e+01,2.4510833780818460e+00,2.4510833780814942e+00,2.4760716410011641e-01,5.3703492624106799e-03,5.3703492624107979e-03,1.6012404958065352e-01,3.1184141641717137e+01,3.1184141641717137e+01,2.5215119860680706e+00,2.8662629655649074e+01
1.2000000000000002e+00,8.8185411045132831e+00,7.3196468887356021e+00,1.6138187993248884e+01,4.5356064087229880e-01,3.9596022875233373e+01,2.4535606408722992e+00,2.4535606408720247e+00,2.4784338592380842e-01,5.9009084532498715e-03,5.9009084532499409e-03,1.6308438058376562e-01,3.2377039457031167e+01,3.2377039457031174e+01,2.6318863926233580e+00,2.9745153064407802e+01
1.2100000000000000e+00,8.9966874519054745e+00,7.5425633234363492e+00,1.6539250775341824e+01,4.5604020556248348e-01,4.0621064874119995e+01,2.4560402055624833e+00,2.4560402055619677e+00,2.4806753647301130e-01,6.4567561899817466e-03,6.4567561899817535e-03,1.6607225790336558e-01,3.3612237722343380e+01,3.3612237722343366e+01,2.7467107202910066e+00,3.0865527002052357e+01
1.2200000000000002e+00,9.1784325942358702e+00,7.7722685742664979e+00,1.6950701168502370e+01,4.5852195121632211e-01,4.1673670911271230e+01,2.4585219512163219e+00,2.4585219512158010e+00,2.4827957146909885e-01,7.0379101905400504e-03,7.0379101905401822e-03,1.6908758063974366e-01,3.4891177343248543e+01,3.4891177343248536e+01,2.8661530507293418e+00,3.2025024292519205e+01
1.2300000000000000e+00,9.3638492319846840e+00,8.0089693914573434e+00,1.7372818623442026e+01,4.6100575646662395e-01,4.2754606638341400e+01,2.4610057564666241e+00,2.4610057564661649e+00,2.4847944897125979e-01,7.6443844395311447e-03,7.6443844395312141e-03,1.7213024373701485e-01,3.6215347541717890e+01,3.6215347541717890e+01,2.9903875040520269e+00,3.3224960037665852e+01
1.2400000000000002e+00,9.5530115342792872e+00,8.2528788217221649e+00,1.7805890356001452e+01,4.6349149953855256e-01,4.3864659533725074e+01,2.4634914995385531e+00,2.4634914995381729e+00,2.4866712939405647e-01,8.2761891769527335e-03,8.2761891769527890e-03,1.7520013799485523e-01,3.7586287465817648e+01,3.7586287465817648e+01,3.1195944474927164e+00,3.4466693018324918e+01
1.2500000000000000e+00,9.7459951685627786e+00,8.5042164000125577e+00,1.8250211568575338e+01,4.6597905827326364e-01,4.5004639537163229e+01,2.4659790582732635e+00,2.4659790582726528e+00,2.4884257552402597e-01,8.9333308881344581e-03,8.9333308881345760e-03,1.7829715008162639e-01,3.9005587852878698e+01,3.9005587852878698e+01,3.2539607110637112e+00,3.5751627141814993e+01
1.2600000000000002e+00,9.9428773308620393e+00,8.7632083471147997e+00,1.8706085677976837e+01,4.6846831015170393e-01,4.6175379703068486e+01,2.4684683101517044e+00,2.4684683101513505e+00,2.4900575253531085e-01,9.6158122949014657e-03,9.6158122949014102e-03,1.8142116254888202e-01,4.0474892747889456e+01,4.0474892747889470e+01,3.3936798104375496e+00,3.7081212937451895e+01
1.2700000000000000e+00,1.0143736776667101e+01,9.0300877732637446e+00,1.9173824549930846e+01,4.7095913231856051e-01,4.7377736873125436e+01,2.4709591323185607e+00,2.4709591323183178e+00,2.4915662800430916e-01,1.0323632347971762e-02,1.0323632347971887e-02,1.8457205384725528e-01,4.1995901278938462e+01,4.1995901278938462e+01,3.5389521772876611e+00,3.8456949101650792e+01
1.2800000000000002e+00,1.0348653852434467e+01,9.3050948879578481e+00,1.9653748740392317e+01,4.7345140160635357e-01,4.8612592368742469e+01,2.4734514016063529e+00,2.4734514016059674e+00,2.4929517192333286e-01,1.1056786220594222e-02,1.1056786220594278e-02,1.8774969834372787e-01,4.3570369491598072e+01,4.3570369491598058e+01,3.6899853973320789e+00,3.9880384094265999e+01
1.2900000000000000e+00,1.0557710527726686e+01,9.5884772161638505e+00,2.0146187743890536e+01,4.7594499455965900e-01,4.9880852703944925e+01,2.4759449945596592e+00,2.4759449945590908e+00,2.4942135671326515e-01,1.1815265303429245e-02,1.1815265303429301e-02,1.9095396634026879e-01,4.5200112244198422e+01,4.5200112244198422e+01,3.8469944563316090e+00,4.1353117787866800e+01
1.3000000000000003e+00,1.0770990428001358e+01,9.8804898211060443e+00,2.0651480249107404e+01,4.7843978745945331e-01,5.1183450319320848e+01,2.4784397874594530e+00,2.4784397874591337e+00,2.4953515723520647e-01,1.2599057200679456e-02,1.2599057200679609e-02,1.9418472409384324e-01,4.6887005166009715e+01,4.6887005166009715e+01,4.0102019943023741e+00,4.2876803171707351e+01
1.3100000000000001e+00,1.0988578868062341e+01,1.0181395533840288e+01,2.1169974401902628e+01,4.8093565634756957e-01,5.2521344337645544e+01,2.4809356563475697e+00,2.4809356563474751e+00,2.4963655080110206e-01,1.3408145727474161e-02,1.3408145727474285e-02,1.9744183383778419e-01,4.8632986680413048e+01,4.8632986680413033e+01,4.1798385682106032e+00,4.4453148112202435e+01
1.3200000000000003e+00,1.1210562886186896e+01,1.0491465189819820e+01,2.1702028076006716e+01,4.8343247705125553e-01,5.3895521341833252e+01,2.4834324770512555e+00,2.4834324770507767e+00,2.4972551718334285e-01,1.4242510908509670e-02,1.4242510908509726e-02,2.0072515380452019e-01,5.0440060095213184e+01,5.0440060095213198e+01,4.3561429234264635e+00,4.6083917171786737e+01
1.3300000000000001e+00,1.1437031278942083e+01,1.0810977872665321e+01,2.2248009151607402e+01,4.8593012520782047e-01,5.5306996175880130e+01,2.4859301252078208e+00,2.4859301252075547e+00,2.4980203862333236e-01,1.5102128977949381e-02,1.5102128977949353e-02,2.0403453824964962e-01,5.2310295762313174e+01,5.2310295762313174e+01,4.5393622742221948e+00,4.7770933488090961e+01
1.3399999999999999e+00,1.1668074636704628e+01,1.1140221165359119e+01,2.2808295802063746e+01,4.8842847628936514e-01,5.6756812769486608e+01,2.4884284762893651e+00,2.4884284762896058e+00,2.4986609983901423e-01,1.5986972380584233e-02,1.5986972380584247e-02,2.0736983747735704e-01,5.4245833309048301e+01,5.4245833309048301e+01,4.7297525936094438e+00,4.9516080715438854e+01
1.3500000000000001e+00,1.1903785379898270e+01,1.1479491409089249e+01,2.3383276788987519e+01,4.9092740562757986e-01,5.8246044987064288e+01,2.4909274056275801e+00,2.4909274056273967e+00,2.4991768803135353e-01,1.6897009774255706e-02,1.6897009774255831e-02,2.1073089786715876e-01,5.6248883943549274e+01,5.6248883943549274e+01,4.9275789128196328e+00,5.1321305030729647e+01
1.3599999999999999e+00,1.2144257795963114e+01,1.1829093969976455e+01,2.3973351765939569e+01,4.9342678843860222e-01,5.9775797501855592e+01,2.4934267884386023e+00,2.4934267884386685e+00,2.4995679288976910e-01,1.7832206033540438e-02,1.7832206033540562e-02,2.1411756190196890e-01,5.8321732836584033e+01,5.8321732836584033e+01,5.1331156307412407e+00,5.3188617205842803e+01
1.3700000000000001e+00,1.2389588077071949e+01,1.2189343513924447e+01,2.4578931590996397e+01,4.9592649984792553e-01,6.1347206695917237e+01,2.4959264998479251e+00,2.4959264998470898e+00,2.4998340659651103e-01,1.8792522254697006e-02,1.8792522254697006e-02,2.1752966819747685e-01,6.0466741582410229e+01,6.0466741582410229e+01,5.3466468336379283e+00,5.5120094748772296e+01
1.3799999999999999e+00,1.2639874358608317e+01,1.2560564289840331e+01,2.5200438648448646e+01,4.9842641491534379e-01,6.2961441586737621e+01,2.4984264149153437e+00,2.4984264149146376e+00,2.4999752382998136e-01,1.9777915761872544e-02,1.9777915761872628e-02,2.2096705153282098e-01,6.2686350741249278e+01,6.2686350741249264e+01,5.5684666254814452e+00,5.7117884115767815e+01
1.3900000000000001e+00,1.2895216758422039e+01,1.2943090421480608e+01,2.5838307179902650e+01,5.0092640865992577e-01,6.4619704781285918e+01,2.5009264086599261e+00,2.5009264086597685e+00,2.4999914176699481e-01,2.0788340114569107e-02,2.0788340114569176e-02,2.2442954288254996e-01,6.4983082466084767e+01,6.4983082466084795e+01,5.7988794692444605e+00,5.9184202996840305e+01
1.3999999999999999e+00,1.3155717416877637e+01,1.3337266208185021e+01,2.6492983625062660e+01,5.0342635608500574e-01,6.6323233458310341e+01,2.5034263560850056e+00,2.5034263560847667e+00,2.4998826008397873e-01,2.1823745116364895e-02,2.1823745116364951e-02,2.2791696944985551e-01,6.7359543216571794e+01,6.7359543216571808e+01,6.0382005395089289e+00,6.1321342677062887e+01
1.4100000000000001e+00,1.3421480537711904e+01,1.3743446434769300e+01,2.7164926972481204e+01,5.0592613220318161e-01,6.8073300379731705e+01,2.5059261322031814e+00,2.5059261322029811e+00,2.4996488095711042e-01,2.2884076824888230e-02,2.2884076824888355e-02,2.3142915470106584e-01,6.9818426562940516e+01,6.9818426562940516e+01,6.2867560867575092e+00,6.3531670476183017e+01
1.4199999999999999e+00,1.3692612429716700e+01,1.4161996690855311e+01,2.7854609120572011e+01,5.0842561206130776e-01,6.9871214931999333e+01,2.5084256120613078e+00,2.5084256120611790e+00,2.4992900906139234e-01,2.3969277563039598e-02,2.3969277563039723e-02,2.3496591840138087e-01,7.2362516082867046e+01,7.2362516082867046e+01,6.5448838137266820e+00,6.5817632269140361e+01
1.4300000000000002e+00,1.3969221549263995e+01,1.4593293699926575e+01,2.8562515249190572e+01,5.1092467076547576e-01,7.1718324198307712e+01,2.5109246707654758e+00,2.5109246707650801e+00,2.4988065156866596e-01,2.5079285931456946e-02,2.5079285931457071e-02,2.3852707665183986e-01,7.4994688354389481e+01,7.4994688354389467e+01,6.8129332642130249e+00,6.8181755090176466e+01
1.4399999999999999e+00,1.4251418543689759e+01,1.5037725658404623e+01,2.9289144202094384e+01,5.1342318350596661e-01,7.3616014062593379e+01,2.5134231835059664e+00,2.5134231835057808e+00,2.4981981814456514e-01,2.6214036822218456e-02,2.6214036822218581e-02,2.4211244192749731e-01,7.7717916048040081e+01,7.7717916048040081e+01,7.0912662247356710e+00,7.0626649823304433e+01
1.4500000000000002e+00,1.4539316295554453e+01,1.5495692585052181e+01,3.0035008880606636e+01,5.1592102558217068e-01,7.5565710346265448e+01,2.5159210255821707e+00,2.5159210255815876e+00,2.4974652094441185e-01,2.7373461433776849e-02,2.7373461433776961e-02,2.4572182311680019e-01,8.0535271121478274e+01,8.0535271121478274e+01,7.3802571394719463e+00,7.3155013982006324e+01
1.4600000000000000e+00,1.4833029967797495e+01,1.5967606681016902e+01,3.0800636648814397e+01,5.1841807242745874e-01,7.7568879978645697e+01,2.5184180724274587e+00,2.5184180724268459e+00,2.4966077460805688e-01,2.8557487287116712e-02,2.8557487287116795e-02,2.4935502556213912e-01,8.3449928120008309e+01,8.3449928120008309e+01,7.6802935388952731e+00,7.5769634581113053e+01
1.4700000000000002e+00,1.5132677049804037e+01,1.6453892700840338e+01,3.1586569750644379e+01,5.2091419963399699e-01,7.9627032202129087e+01,2.5209141996339968e+00,2.5209141996336282e+00,2.4956259625366933e-01,2.9766038243128318e-02,2.9766038243128415e-02,2.5301185110156188e-01,8.6465167586485393e+01,8.6465167586485393e+01,7.9917764825591346e+00,7.8473391103926275e+01
1.4800000000000000e+00,1.5438377404402207e+01,1.6954988334765591e+01,3.2393365739167798e+01,5.2340928297749567e-01,8.1741719813101184e+01,2.5234092829774957e+00,2.5234092829770813e+00,2.4945200547047952e-01,3.0999034521190239e-02,3.0999034521190322e-02,2.5669209811162963e-01,8.9584379584221949e+01,8.9584379584221949e+01,8.3151210164843619e+00,8.1269258567737580e+01
1.4900000000000002e+00,1.5750253315809925e+01,1.7471344602688216e+01,3.3221597918498141e+01,5.2590319844187816e-01,8.3914540439684487e+01,2.5259031984418781e+00,2.5259031984416294e+00,2.4932902431048068e-01,3.2256392718947147e-02,3.2256392718947202e-02,2.6039556155139137e-01,9.2811067336631766e+01,9.2811067336631766e+01,8.6507566456218576e+00,8.4160310691009926e+01
1.5000000000000000e+00,1.6068429538550134e+01,1.8003426260104362e+01,3.4071855798654497e+01,5.2839582224386261e-01,8.6147137857413355e+01,2.5283958222438625e+00,2.5283958222436973e+00,2.4919367727909494e-01,3.3538025833278473e-02,3.3538025833278584e-02,2.6412203300746234e-01,9.6148850987465522e+01,9.6148850987465551e+01,8.9991278218777193e+00,8.7149723165587815e+01
1.5099999999999998e+00,1.6393033347354343e+01,1.8551712216422338e+01,3.4944745563776678e+01,5.3088703085744682e-01,8.8441203343975701e+01,2.5308870308574472e+00,2.5308870308575759e+00,2.4904599132481112e-01,3.4843843282444359e-02,3.4843843282444303e-02,2.6787130074018628e-01,9.9601471485626632e+01,9.9601471485626604e+01,9.3606944482037129e+00,9.0240777037422887e+01
1.5200000000000005e+00,1.6724194588074219e+01,1.9116695966013282e+01,3.5840890554087501e+01,5.3337670103828105e-01,9.0798477074188284e+01,2.5333767010382813e+00,2.5333767010377040e+00,2.4888599582780122e-01,3.6173750929394677e-02,3.6173750929394718e-02,2.7164314973084974e-01,1.0317279459867873e+02,1.0317279459867873e+02,9.7359323992709896e+00,9.3436862199407727e+01
1.5300000000000002e+00,1.7062045729621531e+01,1.9698886032389282e+01,3.6760931762010813e+01,5.3586470984792467e-01,9.3220749556410908e+01,2.5358647098479246e+00,2.5358647098472722e+00,2.4871372258752417e-01,3.7527651106236765e-02,3.7527651106236862e-02,2.7543736172994127e-01,1.0686681505929789e+02,1.0686681505929789e+02,1.0125334059262659e+01,9.6741481000035265e+01
1.5400000000000000e+00,1.7406721916957665e+01,2.0298806425909127e+01,3.7705528342866792e+01,5.3835093467797268e-01,9.5709863111642704e+01,2.5383509346779727e+00,2.5383509346770992e+00,2.4852920580932586e-01,3.8905442639840387e-02,3.8905442639840471e-02,2.7925371530642001e-01,1.1068766084906298e+02,1.1068766084906298e+02,1.0529408877337074e+01,1.0015825197172592e+02
1.5499999999999998e+00,1.7758361025153299e+01,2.0916997115422831e+01,3.8675358140576130e+01,5.4083525327404347e-01,9.8267713396575090e+01,2.5408352532740435e+00,2.5408352532733471e+00,2.4833248209004471e-01,4.0307020878572825e-02,4.0307020878572838e-02,2.8309198589797974e-01,1.1463959762411525e+02,1.1463959762411525e+02,1.0948683941331293e+01,1.0369091368278396e+02
1.5600000000000005e+00,1.8117103714540335e+01,2.1554014514280130e+01,3.9671118228820461e+01,5.4331754375961772e-01,1.0089625097192106e+02,2.5433175437596178e+00,2.5433175437594344e+00,2.4812359040263360e-01,4.1732277720146968e-02,4.1732277720146968e-02,2.8695194586227779e-01,1.1872703328737646e+02,1.1872703328737646e+02,1.1383704570292510e+01,1.0734332871708389e+02
1.5700000000000003e+00,1.8483093486977754e+01,2.2210431981139855e+01,4.0693525468117613e+01,5.4579768465971790e-01,1.0359748291737506e+02,2.5457976846597172e+00,2.5457976846594566e+00,2.4790257207980904e-01,4.3181101640569153e-02,4.3181101640569264e-02,2.9083336452910907e-01,1.2295452271216128e+02,1.2295452271216125e+02,1.1835034926443633e+01,1.1111948778571765e+02
1.5800000000000001e+00,1.8856476743254504e+01,2.2886840336031742e+01,4.1743317079286243e+01,5.4827555492442137e-01,1.0637347449460424e+02,2.5482755549244218e+00,2.5482755549243916e+00,2.4766947079673918e-01,4.4653377724171162e-02,4.4653377724171162e-02,2.9473600825349999e-01,1.2732677262218846e+02,1.2732677262218846e+02,1.2303258647208978e+01,1.1502351397497947e+02
1.5899999999999999e+00,1.9237402841651591e+01,2.3583848392134126e+01,4.2821251233785716e+01,5.5075103395219349e-01,1.0922635085970555e+02,2.5507510339521935e+00,2.5507510339519333e+00,2.4742433255278332e-01,4.6148987694708543e-02,4.6148987694708654e-02,2.9865964046969340e-01,1.3184864663314610e+02,1.3184864663314610e+02,1.2788979497944856e+01,1.1905966713520124e+02
1.5999999999999996e+00,1.9626024157687464e+01,2.4302083503746953e+01,4.3928107661434417e+01,5.5322400161303464e-01,1.1215829882661578e+02,2.5532240016130343e+00,2.5532240016129526e+00,2.4716720565229569e-01,4.7667809947513989e-02,4.7667809947513989e-02,3.0260402174600398e-01,1.3652517046115079e+02,1.3652517046115079e+02,1.3292822046041504e+01,1.2323234841510930e+02
1.6100000000000003e+00,2.0022496145070260e+01,2.5042192130953065e+01,4.5064688276023325e+01,5.5569433827143033e-01,1.1517156868299972e+02,2.5556943382714303e+00,2.5556943382706310e+00,2.4689814068450749e-01,4.9209719582682054e-02,4.9209719582681999e-02,3.0656890984051360e-01,1.4136153730360624e+02,1.4136153730360624e+02,1.3815432357083045e+01,1.2754610494652320e+02
1.6200000000000001e+00,2.0426977397881220e+01,2.5804840421475649e+01,4.6231817819356870e+01,5.5816192480909499e-01,1.1826847606018940e+02,2.5581619248090952e+00,2.5581619248082146e+00,2.4661719050250119e-01,5.0774588439271739e-02,5.0774588439271851e-02,3.1055405975758288e-01,1.4636311339814995e+02,1.4636311339814998e+02,1.4357478713774238e+01,1.3200563468437571e+02
1.6299999999999999e+00,2.0839629714014670e+01,2.6590714810256550e+01,4.7430344524271220e+01,5.6062664264750295e-01,1.2145140385879900e+02,2.5606266426475033e+00,2.5606266426470015e+00,2.4632441020129198e-01,5.2362285130510583e-02,5.2362285130510583e-02,3.1455922380515206e-01,1.5153544376557110e+02,1.5153544376557113e+02,1.4919652358365699e+01,1.3661579140720542e+02
1.6399999999999997e+00,2.1260618159899153e+01,2.7400522637293776e+01,4.8661140797192928e+01,5.6308837377019338e-01,1.2472280423167965e+02,2.5630883737701935e+00,2.5630883737691734e+00,2.4601985709503238e-01,5.3972675079974386e-02,5.3972675079974441e-02,3.1858415165280002e-01,1.5688425814276164e+02,1.5688425814276164e+02,1.5502668259331166e+01,1.4138158988343048e+02
1.6500000000000004e+00,2.1690111136526326e+01,2.8234992784295400e+01,4.9925103920821726e+01,5.6554700074484443e-01,1.2808520062593885e+02,2.5655470007448442e+00,2.5655470007449979e+00,2.4570359069335537e-01,5.5605620558732000e-02,5.5605620558732083e-02,3.2262859039053915e-01,1.6241547711197742e+02,1.6241547711197742e+02,1.6107265903075891e+01,1.4630821120890153e+02
1.6600000000000001e+00,2.2128280446813406e+01,2.9094876330722009e+01,5.1223156777535408e+01,5.6800240674510616e-01,1.3154118988579285e+02,2.5680024067451064e+00,2.5680024067449292e+00,2.4537567267687313e-01,5.7260980723429000e-02,5.7260980723428945e-02,3.2669228458831323e-01,1.6813521843288072e+02,1.6813521843288072e+02,1.6734210111478383e+01,1.5140100832140229e+02
1.6699999999999999e+00,2.2575301364326886e+01,2.9980947229809335e+01,5.2556248594136221e+01,5.7045447557218443e-01,1.3509344441808179e+02,2.5704544755721845e+00,2.5704544755719891e+00,2.4503616687184845e-01,5.8938611655293488e-02,5.8938611655293571e-02,3.3077497635617431e-01,1.7404980358406033e+02,1.7404980358406033e+02,1.7384291886094626e+01,1.5666551169796571e+02
1.6799999999999997e+00,2.3031352703394127e+01,3.0894003005178146e+01,5.3925355708572276e+01,5.7290309167616793e-01,1.3874471442232269e+02,2.5729030916761677e+00,2.5729030916764226e+00,2.4468513922405624e-01,6.0638366400043386e-02,6.0638366400043497e-02,3.3487640540510688e-01,1.8016576452092983e+02,1.8016576452092980e+02,1.8058329279878443e+01,1.6210743524105138e+02
1.6900000000000004e+00,2.3496616890631564e+01,3.1834865468659459e+01,5.5331482359291023e+01,5.7534814017708824e-01,1.4249783018724150e+02,2.5753481401770881e+00,2.5753481401768288e+00,2.4432265777185386e-01,6.2360095008670596e-02,6.2360095008670652e-02,3.3899630910846906e-01,1.8648985065714717e+02,1.8648985065714717e+02,1.8757168297300023e+01,1.6773268235984716e+02
1.7000000000000002e+00,2.3971280037917619e+01,3.2804381459980370e+01,5.6775661497897985e+01,5.7778950688570829e-01,1.4635570445577636e+02,2.5777895068857086e+00,2.5777895068850309e+00,2.4394879261847835e-01,6.4103644579085128e-02,6.4103644579085156e-02,3.4313442256402715e-01,1.9302903607692184e+02,1.9302903607692184e+02,1.9481683823771895e+01,1.7354735225314994e+02
1.7100000000000000e+00,2.4455532016840166e+01,3.3803423608977440e+01,5.8258955625817606e+01,5.8022707832402964e-01,1.5032133486061267e+02,2.5802270783240298e+00,2.5802270783237269e+00,2.4356361590359002e-01,6.5868859298595289e-02,6.5868859298595289e-02,3.4729047865654872e-01,1.9979052698583004e+02,1.9979052698583004e+02,2.0232780585320828e+01,1.7955774640050919e+02
1.7199999999999998e+00,2.4949566534647555e+01,3.4832891121022129e+01,5.9782457655669688e+01,5.8266074174551141e-01,1.5439780643236151e+02,2.5826607417455114e+00,2.5826607417454017e+00,2.4316720177408185e-01,6.7655580487200884e-02,6.7655580487200995e-02,3.5146420812092827e-01,2.0678176940799204e+02,2.0678176940799204e+02,2.1011394139472873e+01,1.8577037526851922e+02
1.7300000000000004e+00,2.5453581211734175e+01,3.5893710586366531e+01,6.1347291798100699e+01,5.8509038515499379e-01,1.5858829418256795e+02,2.5850903851549942e+00,2.5850903851545315e+00,2.4275962635417481e-01,6.9463646641678006e-02,6.9463646641677979e-02,3.5565533960581286e-01,2.1401045713774192e+02,2.1401045713774192e+02,2.1818491898350402e+01,1.9219196523939149e+02
1.7400000000000002e+00,2.5967777660691048e+01,3.6986836814136716e+01,6.2954614474827764e+01,5.8751589732831744e-01,1.6289606576379225e+02,2.5875158973283177e+00,2.5875158973279375e+00,2.4234096771481939e-01,7.1292893480429415e-02,7.1292893480429498e-02,3.5986359973769610e-01,2.2148453995417080e+02,2.2148453995417080e+02,2.2655074185010388e+01,1.9882946576916041e+02
1.7500000000000000e+00,2.6492361566953846e+01,3.8113253691726001e+01,6.4605615258679848e+01,5.8993716783163730e-01,1.6732448420908568e+02,2.5899371678316370e+00,2.5899371678316609e+00,2.4191130584242390e-01,7.3143153989085080e-02,7.3143153989085080e-02,3.6408871318546232e-01,2.2921223210722013e+02,2.2921223210722007e+02,2.3522175324087815e+01,2.0569005678313226e+02
1.7599999999999998e+00,2.7027542771079631e+01,3.9273975070359647e+01,6.6301517841439278e+01,5.9235408704041648e-01,1.7187701075323821e+02,2.5923540870404165e+00,2.5923540870403570e+00,2.4147072260693117e-01,7.5014258466817391e-02,7.5014258466817474e-02,3.6833040272533130e-01,2.3720202108425994e+02,2.3720202108425994e+02,2.4420864767838069e+01,2.1278115631642189e+02
1.7700000000000005e+00,2.7573535352685933e+01,4.0470045677629571e+01,6.8043581030315508e+01,5.9476654615810010e-01,1.7655720773826059e+02,2.5947665461581000e+00,2.5947665461572753e+00,2.4101930172926470e-01,7.6906034573357429e-02,7.6906034573357540e-02,3.7258838930619037e-01,2.4546267666640580e+02,2.4546267666640580e+02,2.5352248258710503e+01,2.2011042840769528e+02
1.7800000000000002e+00,2.8130557716085306e+01,4.1702542057819294e+01,6.9833099773904607e+01,5.9717443723445873e-01,1.8136874160562849e+02,2.5971744372344583e+00,2.5971744372340990e+00,2.4055712874816623e-01,7.8818307376681912e-02,7.8818307376682051e-02,3.7686239211527328e-01,2.5400326028411416e+02,2.5400326028411411e+02,2.6317469029618241e+01,2.2768579125449594e+02
1.7900000000000000e+00,2.8698832677650209e+01,4.2972573540867089e+01,7.1671406218517291e+01,5.9957765318360023e-01,1.8631538597790171e+02,2.5995776531836010e+00,2.5995776531827866e+00,2.4008429098644662e-01,8.0750899401350273e-02,8.0750899401350246e-02,3.8115212864416381e-01,2.6283313468192677e+02,2.6283313468192677e+02,2.7317709043108426e+01,2.3551542563881827e+02
1.7999999999999998e+00,2.9278587554942376e+01,4.4281283240837396e+01,7.3559870795779773e+01,6.0197608780163703e-01,1.9140102483239693e+02,2.6019760878016367e+00,2.6019760878007356e+00,2.3960087751667281e-01,8.2703630677461504e-02,8.2703630677461532e-02,3.8545731475508160e-01,2.7196197390253468e+02,2.7196197390253468e+02,2.8354190270672017e+01,2.4360778363186267e+02
1.8100000000000005e+00,2.9870054257642956e+01,4.5629849084800867e+01,7.5499903342443815e+01,6.0436963578401182e-01,1.9662965576968850e+02,2.6043696357840118e+00,2.6043696357838839e+00,2.3910697912631271e-01,8.4676318790214922e-02,8.4676318790215005e-02,3.8977766474743536e-01,2.8139977360069253e+02,2.8139977360069247e+02,2.9428176013474840e+01,2.5197159758721762e+02
1.8200000000000003e+00,3.0473469380319230e+01,4.7019484873047759e+01,7.7492954253366989e+01,6.0675819274246867e-01,2.0200539337978174e+02,2.6067581927424688e+00,2.6067581927428454e+00,2.3860268828236192e-01,8.6668778930038048e-02,8.6668778930038132e-02,3.9411289142459771e-01,2.9115686169783578e+02,2.9115686169783584e+02,3.0540972265828543e+01,2.6061588943200729e+02
1.8300000000000001e+00,3.1089074297065977e+01,4.8451441371590832e+01,7.9540515668656809e+01,6.0914165522167052e-01,2.0753247270890446e+02,2.6091416552216709e+00,2.6091416552217104e+00,2.3808809909547399e-01,8.8680823943267900e-02,8.8680823943268011e-02,3.9846270616088469e-01,3.0124390938863837e+02,3.0124390938863837e+02,3.1693929122765244e+01,2.6954998026587316e+02
1.8399999999999999e+00,3.1717115258058065e+01,4.9927007437938741e+01,8.1644122695996799e+01,6.1151992071545380e-01,2.1321525282993233e+02,2.6115199207154536e+00,2.6115199207152142e+00,2.3756330728361891e-01,9.0712264383350727e-02,9.0712264383350699e-02,4.0282681896869843e-01,3.1167194251107867e+02,3.1167194251107867e+02,3.2888442233118504e+01,2.7878350027796012e+02
1.8500000000000005e+00,3.2357843488053945e+01,5.1447511181155043e+01,8.3805354669208995e+01,6.1389288768271777e-01,2.1905822051957301e+02,2.6138928876827174e+00,2.6138928876819159e+00,2.3702841013529183e-01,9.2762908562539548e-02,9.2762908562539659e-02,4.0720493856581030e-01,3.2245235329200113e+02,3.2245235329200119e+02,3.4125954299561194e+01,2.8832639899244003e+02
1.8600000000000003e+00,3.3011515286888660e+01,5.3014321157245433e+01,8.6025836444134086e+01,6.1626045556294462e-01,2.2506599404551363e+02,2.6162604555629447e+00,2.6162604555621805e+00,2.3648350647229657e-01,9.4832562604065251e-02,9.4832562604065279e-02,4.1159677244275339e-01,3.3359691248052133e+02,3.3359691248052133e+02,3.5407956627093782e+01,2.9818895585342750e+02
1.8700000000000001e+00,3.3678392131997526e+01,5.4628847600951374e+01,8.8307239732948901e+01,6.1862252479134439e-01,2.3124332706684919e+02,2.6186225247913444e+00,2.6186225247903927e+00,2.3592869661212690e-01,9.6921030494747873e-02,9.6921030494747928e-02,4.1600202693028937e-01,3.4511778188205909e+02,3.4511778188205909e+02,3.6735990721525731e+01,3.0838179116053328e+02
1.8799999999999999e+00,3.4358740783010404e+01,5.6292543695056011e+01,9.0651284478066415e+01,6.2097899681362267e-01,2.3759511265118886e+02,2.6209789968136228e+00,2.6209789968128692e+00,2.3536408232996947e-01,9.9028114138032031e-02,9.9028114138032031e-02,4.2042040726692775e-01,3.5702752730616862e+02,3.5702752730616862e+02,3.8111649939538808e+01,3.1891587736662979e+02
1.8899999999999997e+00,3.5052833388459149e+01,5.8006906878346889e+01,9.3059740266806031e+01,6.2332977410036550e-01,2.4412638741195897e+02,2.6233297741003656e+00,2.6233297740993291e+00,2.3478976682035282e-01,1.0115361340741233e-01,1.0115361340741230e-01,4.2485161766646090e-01,3.6933913194179632e+02,3.6933913194179632e+02,3.9536581191973234e+01,3.2980255074982307e+02
1.9000000000000004e+00,3.5760947594640683e+01,5.9773480193412119e+01,9.5534427788052810e+01,6.2567476016103984e-01,2.5084233576951772e+02,2.6256747601610395e+00,2.6256747601611043e+00,2.3420585465846511e-01,1.0329732620022658e-01,1.0329732620022661e-01,4.2929536138548940e-01,3.8206601017403096e+02,3.8206601017403091e+02,4.1012486702028070e+01,3.4105352347200289e+02
1.9100000000000001e+00,3.6483366656678996e+01,6.1593853675482208e+01,9.8077220332161204e+01,6.2801385955760536e-01,2.5774829433980460e+02,2.6280138595576052e+00,2.6280138595575022e+00,2.3361245176116568e-01,1.0545904849179133e-01,1.0545904849179141e-01,4.3375134079090771e-01,3.9522202185686569e+02,3.9522202185686558e+02,4.2541125820120200e+01,3.5268089603674537e+02
1.9199999999999999e+00,3.7220379551831357e+01,6.3469665783570093e+01,1.0069004533540145e+02,6.3034697791773564e-01,2.6484975645437299e+02,2.6303469779177355e+00,2.6303469779174935e+00,2.3300966534771334e-01,1.0763857438985119e-01,1.0763857438985117e-01,4.3821925742732198e-01,4.0882148705699467e+02,4.0882148705699467e+02,4.4124316897203009e+01,3.6469717015979165e+02
1.9299999999999997e+00,3.7972281095082792e+01,6.5402604875194157e+01,1.0337488597027695e+02,6.3267402194764366e-01,2.7215237681574808e+02,2.6326740219476439e+00,2.6326740219478526e+00,2.3239760390023617e-01,1.0983569618931674e-01,1.0983569618931677e-01,4.4269881208436773e-01,4.2287920128411679e+02,4.2287920128411679e+02,4.5763939218398576e+01,3.7711526206571807e+02
1.9400000000000004e+00,3.8739372057076174e+01,6.7394410726014343e+01,1.0613378278309052e+02,6.3499489944451293e-01,2.7966197629219539e+02,2.6349948994445129e+00,2.6349948994437433e+00,2.3177637712396584e-01,1.1205020442726749e-01,1.1205020442726757e-01,4.4718970486390452e-01,4.3741045122376863e+02,4.3741045122376863e+02,4.7461934998860002e+01,3.8994851622490870e+02
1.9500000000000002e+00,3.9521959284424149e+01,6.9446876095746958e+01,1.0896883538017110e+02,6.3730951930852797e-01,2.8738454685608917e+02,2.6373095193085283e+00,2.6373095193078142e+00,2.3114609590726098e-01,1.1428188793818983e-01,1.1428188793818980e-01,4.5169163524705463e-01,4.5243103098920290e+02,4.5243103098920290e+02,4.9220311443836586e+01,4.0321071954536615e+02
1.9600000000000000e+00,4.0320355822452385e+01,7.1561848341770514e+01,1.1188220416422290e+02,6.3961779155450516e-01,2.9532625667021631e+02,2.6396177915545054e+00,2.6396177915539720e+00,2.3050687228144276e-01,1.1653053390942636e-01,1.1653053390942644e-01,4.5620430216106078e-01,4.6795725890940105e+02,4.6795725890940105e+02,5.1041142874980636e+01,4.1691611603442038e+02
1.9699999999999998e+00,4.1134881040421519e+01,7.3741231081871348e+01,1.1487611212229287e+02,6.4191962732312147e-01,3.0349345532645708e+02,2.6419196273231216e+00,2.6419196273216685e+00,2.2985881938046632e-01,1.1879592793681315e-01,1.1879592793681315e-01,4.6072740404593521e-01,4.8400599487082752e+02,4.8400599487082752e+02,5.2926572924993778e+01,4.3107942194583381e+02
1.9800000000000004e+00,4.1965860759279273e+01,7.5986985907628465e+01,1.1795284666690773e+02,6.4421493889173764e-01,3.1189267924144394e+02,2.6442149388917380e+00,2.6442149388920346e+00,2.2920205140045238e-01,1.2107785408047259e-01,1.2107785408047267e-01,4.6526063892086966e-01,5.0059465823115136e+02,5.0059465823115147e+02,5.4878816802780861e+01,4.4571584142837060e+02
1.9900000000000002e+00,4.2813627381992951e+01,7.8301134149977713e+01,1.2111476153197066e+02,6.4650363968481717e-01,3.2053065721391908e+02,2.6465036396848176e+00,2.6465036396845498e+00,2.2853668355910126e-01,1.2337609492074381e-01,1.2337609492074381e-01,4.6980370445038427e-01,5.1774124632372832e+02,5.1774124632372843e+02,5.6900163631344711e+01,4.6084108269238357e+02
2.0000000000000000e+00,4.3678520026515386e+01,8.0685758698547033e+01,1.2436427872506242e+02,6.4878564428393937e-01,3.2941431614867190e+02,2.6487856442839397e+00,2.6487856442835391e+00,2.2786283205501306e-01,1.2569043161422075e-01,1.2569043161422078e-01,4.7435629801018753e-01,5.3546435357228142e+02,5.3546435357228142e+02,5.8992978860727732e+01,4.7647137471155355e+02
2.0099999999999998e+00,4.4560884661436468e+01,8.3143005876397140e+01,1.2770389053783362e+02,6.5106086843740407e-01,3.3855078695206436e+02,2.6510608684374040e+00,2.6510608684370642e+00,2.2718061402693729e-01,1.2802064394987384e-01,1.2802064394987392e-01,4.7891811675271778e-01,5.5378319123581559e+02,5.5378319123581559e+02,6.1159706758374490e+01,4.9262348447744120e+02
2.0200000000000005e+00,4.5461074244375261e+01,8.5675087371857501e+01,1.3113616161623276e+02,6.5332922906942981e-01,3.4794741060432307e+02,2.6533292290694304e+00,2.6533292290690604e+00,2.2649014751297433e-01,1.3036651040523051e-01,1.3036651040523059e-01,4.8348885767234534e-01,5.7271760780449972e+02,5.7271760780449995e+02,6.3402872979368432e+01,5.0931473482513144e+02
2.0300000000000002e+00,4.6379448863167454e+01,8.8284282229194218e+01,1.3466373109236167e+02,6.5559064428894198e-01,3.5761174441391756e+02,2.6555906442889419e+00,2.6555906442878494e+00,2.2579155140975193e-01,1.3272780820258839e-01,1.3272780820258848e-01,4.8806821767020675e-01,5.9228811006789113e+02,5.9228811006789113e+02,6.5725087219068968e+01,5.2656302284882213e+02
2.0400000000000000e+00,4.7316375879905813e+01,9.0972938899905003e+01,1.3828931477981081e+02,6.5784503339795530e-01,3.6755156845952661e+02,2.6578450333979551e+00,2.6578450333971659e+00,2.2508494543159838e-01,1.3510431336523937e-01,1.3510431336523937e-01,4.9265589361864887e-01,6.1251588487762365e+02,6.1251588487762342e+02,6.8129045950758325e+01,5.4438683892686504e+02
2.0499999999999998e+00,4.8272230077889560e+01,9.3743477356483311e+01,1.4201570743437287e+02,6.6009231689954628e-01,3.7777489222522905e+02,2.6600923168995463e+00,2.6600923168986768e+00,2.2437045006973524e-01,1.3749580077367701e-01,1.3749580077367698e-01,4.9725158242525769e-01,6.3342282162734659e+02,6.3342282162734659e+02,7.0617535250984346e+01,5.6280528637636223e+02
2.0600000000000005e+00,4.9247393811542864e+01,9.6598391270557272e+01,1.4584578508210012e+02,6.6233241650541841e-01,3.8828996143475752e+02,2.6623324165054183e+00,2.6623324165052273e+00,2.2364818655151136e-01,1.3990204422176525e-01,1.3990204422176528e-01,5.0185498109644533e-01,6.5503153547350053e+02,6.5503153547350053e+02,7.3193433715373587e+01,5.8183810175812687e+02
2.0700000000000003e+00,5.0242257159361372e+01,9.9540250257361507e+01,1.4978250741672286e+02,6.6456525514305864e-01,3.9910526509080728e+02,2.6645652551430588e+00,2.6645652551429144e+00,2.2291827679970000e-01,1.4232281647284153e-01,1.4232281647284159e-01,5.0646578680057419e-01,6.7736539132124824e+02,6.7736539132124835e+02,7.5859715467773384e+01,6.0150567585347483e+02
2.0800000000000001e+00,5.1257218079949311e+01,1.0257170218856582e+02,1.5382892026851513e+02,6.6679075696249057e-01,4.1022954272559605e+02,2.6667907569624902e+00,2.6667907569623375e+00,2.2218084339187941e-01,1.4475788931573758e-01,1.4475788931573763e-01,5.1108369693059974e-01,7.0044852860072467e+02,7.0044852860072467e+02,7.8619453265675176e+01,6.2182907533504954e+02
2.0899999999999999e+00,5.2292682571207919e+01,1.0569547557553744e+02,1.5798815814674538e+02,6.6900884734261845e-01,4.2167179186902814e+02,2.6690088473426181e+00,2.6690088473425209e+00,2.2143600951991949e-01,1.4720703362068482e-01,1.4720703362068491e-01,5.1570840916620042e-01,7.2430588685952341e+02,7.2430588685952341e+02,8.1475821704956147e+01,6.4283006515456736e+02
2.1000000000000005e+00,5.3349064832740169e+01,1.0891438202518599e+02,1.6226344685792617e+02,6.7121945289716856e-01,4.3344127574103823e+02,2.6712194528971680e+00,2.6712194528966857e+00,2.2068389894959428e-01,1.4967001939508900e-01,1.4967001939508909e-01,5.2033962153537761e-01,7.4896323219825433e+02,7.4896323219825433e+02,8.4432100527079157e+01,6.6453113167117544e+02
2.1100000000000003e+00,5.4426787431535772e+01,1.1223131877059825e+02,1.6665810620213404e+02,6.7342250148022587e-01,4.4554753117486626e+02,2.6734225014802258e+00,2.6734225014797275e+00,2.1992463598034107e-01,1.5214661583914724e-01,1.5214661583914732e-01,5.2497703247550431e-01,7.7444718457683405e+02,7.7444718457683393e+02,8.7491678031983767e+01,6.8695550654485021e+02
2.1200000000000001e+00,5.5526281471004168e+01,1.1564927127874533e+02,1.7117555274974950e+02,6.7561792219137184e-01,4.5800037677824434e+02,2.6756179221913721e+00,2.6756179221906575e+00,2.1915834540518525e-01,1.5463659140128894e-01,1.5463659140128905e-01,5.2962034089380594e-01,8.0078524602012851e+02,8.0078524602012851e+02,9.0658054600007986e+01,7.1012719142012043e+02
2.1299999999999999e+00,5.6647986763421244e+01,1.1917131593760328e+02,1.7581930270102453e+02,6.7780564538041965e-01,4.7080992133965236e+02,2.6778056453804200e+00,2.6778056453796348e+00,2.1838515247085244e-01,1.5713971383341352e-01,1.5713971383341355e-01,5.3426924622724070e-01,8.2800582975243492e+02,8.2800582975243492e+02,9.3934846326275434e+01,7.3407098342615939e+02
2.1399999999999997e+00,5.7792352005860252e+01,1.2280062282511024e+02,1.8059297483097049e+02,6.7998560265175245e-01,4.8398657248705126e+02,2.6799856026517528e+00,2.6799856026509992e+00,2.1760518283808547e-01,1.5965575024590584e-01,1.5965575024590592e-01,5.3892344850177176e-01,8.5613829029131898e+02,8.5613829029131921e+02,9.7325788771100292e+01,7.5881250152021858e+02
2.1500000000000004e+00,5.8959834959676670e+01,1.2654045856245082e+02,1.8550029352212749e+02,6.8215772686826714e-01,4.9754104560670584e+02,2.6821577268682670e+00,2.6821577268688244e+00,2.1681856254218579e-01,1.6218446716241031e-01,1.6218446716241033e-01,5.4358264839100900e-01,8.8521295453229004e+02,8.8521295453229027e+02,1.0083474083006759e+02,7.8437821370222264e+02
2.1600000000000001e+00,6.0150902633618486e+01,1.3039418925423450e+02,1.9054509188785300e+02,6.8432195215492175e-01,5.1148437302994046e+02,2.6843219521549213e+00,2.6843219521549186e+00,2.1602541795379873e-01,1.6472563057433673e-01,1.6472563057433678e-01,5.4824654727419397e-01,9.1526115385681851e+02,9.1526115385681851e+02,1.0446568872755944e+02,8.1079546512925913e+02
2.1699999999999999e+00,6.1366031470636472e+01,1.3436528351821877e+02,1.9573131498885527e+02,6.8647821390189601e-01,5.2582791349592924e+02,2.6864782139018955e+00,2.6864782139014811e+00,2.1522587573995872e-01,1.6727900599508400e-01,1.6727900599508405e-01,5.5291484729352369e-01,9.4631525729731106e+02,9.4631525729731106e+02,1.0822275013762349e+02,8.3809250715968778e+02
2.1799999999999997e+00,6.2605707538467364e+01,1.3845731560729823e+02,2.0106302314576561e+02,6.8862644876736068e-01,5.4058336189882937e+02,2.6886264487673603e+00,2.6886264487671063e+00,2.1442006282541426e-01,1.6984435851395685e-01,1.6984435851395696e-01,5.5758725141078402e-01,9.7840870579368243e+02,9.7840870579368220e+02,1.1211017843619030e+02,8.6629852735749228e+02
2.1900000000000004e+00,6.3870426724067663e+01,1.4267396862657378e+02,2.0654439535064142e+02,6.9076659467986246e-01,5.5576275932785666e+02,2.6907665946798627e+00,2.6907665946792982e+00,2.1360810635424907e-01,1.7242145284975646e-01,1.7242145284975649e-01,5.6226346346327893e-01,1.0115760475773648e+03,1.0115760475773648e+03,1.1613236708878041e+02,8.9544368048858428e+02
2.2000000000000002e+00,6.5160694931974518e+01,1.4701903784839465e+02,2.1217973278036916e+02,6.9289859084032568e-01,5.7137850340913292e+02,2.6928985908403256e+00,2.6928985908394321e+00,2.1279013365181662e-01,1.7501005340402537e-01,1.7501005340402545e-01,5.6694318821903877e-01,1.0458529747197233e+03,1.0458529747197233e+03,1.2029385417796618e+02,9.2555912054175735e+02
2.2100000000000000e+00,6.6477028286675022e+01,1.5149643412836187e+02,2.1797346241503692e+02,6.9502237772367870e-01,5.8744335895843562e+02,2.6950223777236784e+00,2.6950223777228257e+00,2.1196627218700279e-01,1.7760992431393341e-01,1.7760992431393349e-01,5.7162613143130225e-01,1.0812763608831058e+03,1.0812763608831058e+03,1.2459932707499392e+02,9.5667703380811213e+02
2.2199999999999998e+00,6.7819953339062366e+01,1.5611018742536072e+02,2.2393014076442310e+02,6.9713789708010010e-01,6.0397046895420692e+02,2.6971378970801001e+00,2.6971378970788162e+00,2.1113664953483585e-01,1.8022082950477644e-01,1.8022082950477650e-01,5.7631199989223592e-01,1.1178843003139159e+03,1.1178843003139161e+03,1.2905362726009457e+02,9.8883067305382167e+02
2.2300000000000004e+00,6.9190007277063572e+01,1.6086445042879654e+02,2.3005445770586010e+02,6.9924509193589468e-01,6.2097336584051675e+02,2.6992450919358948e+00,2.6992450919358646e+00,2.1030139333945688e-01,1.8284253274207424e-01,1.8284253274207427e-01,5.8100050148589277e-01,1.1557161481184924e+03,1.1557161481184924e+03,1.3366175529616982e+02,1.0220543928223226e+03
2.2400000000000002e+00,7.0587738140521211e+01,1.6576350229629406e+02,2.3635124043681526e+02,7.0134390659400114e-01,6.3846598316992458e+02,2.7013439065940013e+00,2.7013439065941558e+00,2.0946063127746614e-01,1.8547479768325334e-01,1.8547479768325331e-01,5.8569134524039246e-01,1.1948125618638160e+03,1.1948125618638160e+03,1.3842887596067376e+02,1.0563836859031424e+03
2.2500000000000000e+00,7.2013705040417449e+01,1.7081175250523032e+02,2.4282545754564774e+02,7.0343428663413565e-01,6.5646266759652588e+02,2.7034342866341361e+00,2.7034342866342578e+00,2.0861449102166033e-01,1.8811738792889310e-01,1.8811738792889310e-01,5.9038424137930812e-01,1.2352155445465355e+03,1.2352155445465355e+03,1.4336032354067063e+02,1.0918552210058647e+03
2.2599999999999998e+00,7.3468478382525390e+01,1.7601374482156046e+02,2.4948222320408584e+02,7.0551617891257368e-01,6.7497819122973215e+02,2.7055161789125735e+00,2.7055161789127555e+00,2.0776310020517499e-01,1.9077006707351832e-01,1.9077006707351835e-01,5.9507890137224440e-01,1.2769684889751088e+03,1.2769684889751086e+03,1.4846160729619245e+02,1.1285068816789162e+03
2.2700000000000005e+00,7.4952640095579241e+01,1.8137416138951471e+02,2.5632680148509394e+02,7.0758953156157600e-01,6.9402776435970259e+02,2.7075895315615761e+00,2.7075895315612128e+00,2.0690658638604545e-01,1.9343259875592486e-01,1.9343259875592486e-01,5.9977503798460186e-01,1.3201162236114312e+03,1.3201162236114312e+03,1.5373841709719372e+02,1.1663778065142376e+03
2.2800000000000002e+00,7.6466783864053056e+01,1.8689782694584221e+02,2.6336461080989528e+02,7.0965429398846169e-01,7.1362704856563278e+02,2.7096542939884616e+00,2.7096542939879509e+00,2.0604507701219968e-01,1.9610474670901845e-01,1.9610474670901848e-01,6.0447236532650439e-01,1.3647050599197476e+03,1.3647050599197476e+03,1.5919662923955167e+02,1.2055084306801959e+03
2.2900000000000000e+00,7.8011515365643206e+01,1.9258971316240275e+02,2.7060122852804597e+02,7.1171041687433489e-01,7.3379217021849468e+02,2.7117104168743347e+00,2.7117104168736064e+00,2.0517869938689534e-01,1.9878627480915612e-01,1.9878627480915614e-01,6.0917059890089331e-01,1.4107828412723068e+03,1.4107828412723068e+03,1.6484231244574727e+02,1.2459405288265596e+03
2.2999999999999998e+00,7.9587452513547021e+01,1.9845494312100507e+02,2.7804239563455207e+02,7.1375785217246657e-01,7.5453973439010929e+02,2.7137578521724670e+00,2.7137578521715757e+00,2.0430758063461393e-01,2.0147694712497149e-01,2.0147694712497149e-01,6.1386945565076501e-01,1.4583989934626989e+03,1.4583989934626991e+03,1.7068173405601712e+02,1.2877172594066819e+03
2.3100000000000005e+00,8.1195225703636567e+01,2.0449879592452740e+02,2.8569402162816397e+02,7.1579655310633816e-01,7.7588683918085530e+02,2.7157965531063382e+00,2.7157965531060904e+00,2.0343184766742337e-01,2.0417652796566960e-01,2.0417652796566962e-01,6.1856865400554673e-01,1.5076045768796123e+03,1.5076045768796123e+03,1.7672136641596495e+02,1.3308832104636472e+03
2.3200000000000003e+00,8.2835478066624887e+01,2.1072671144846410e+02,2.9356218951508902e+02,7.1782647416735124e-01,7.9785109047864205e+02,2.7178264741673508e+00,2.7178264741674063e+00,2.0255162715182026e-01,2.0688478192878010e-01,2.0688478192878013e-01,6.2326791392660363e-01,1.5584523403953608e+03,1.5584523403953608e+03,1.8296789346679580e+02,1.3754844469285654e+03
2.3300000000000001e+00,8.4508865725327610e+01,2.1714429523718414e+02,3.0165316096251172e+02,7.1984757111220854e-01,8.2045061716220766e+02,2.7198475711122088e+00,2.7198475711128398e+00,2.0166704547606240e-01,2.0960147394735318e-01,2.0960147394735318e-01,6.2796695695186522e-01,1.6109967770254320e+03,1.6109967770254323e+03,1.8942821754453968e+02,1.4215685594808922e+03
2.3399999999999999e+00,8.6216058057120364e+01,2.2375732354929733e+02,3.0997338160641766e+02,7.2185980095996949e-01,8.4370408676213265e+02,2.7218598009599697e+00,2.7218598009599582e+00,2.0077822871800272e-01,2.1232636933658400e-01,2.1232636933658400e-01,6.3266550623956319e-01,1.6652941814169731e+03,1.6652941814169726e+03,1.9610946639481352e+02,1.4691847150221588e+03
2.3500000000000005e+00,8.7957737961698882e+01,2.3057174855667790e+02,3.1852948651837676e+02,7.2386312198878844e-01,8.6763072159343142e+02,2.7238631219887885e+00,2.7238631219881348e+00,1.9988530261343282e-01,2.1505923383985687e-01,2.1505923383985684e-01,6.3736328661107544e-01,1.7214027092261877e+03,1.7214027092261877e+03,2.0301900040989085e+02,1.5183837088162963e+03
2.3600000000000003e+00,8.9734602134247410e+01,2.3759370370181887e+02,3.2732830583606631e+02,7.2585749373233666e-01,8.9225031537395148e+02,2.7258574937323368e+00,2.7258574937315907e+00,1.9898839252494752e-01,2.1779983367419276e-01,2.1779983367419278e-01,6.4206002459286338e-01,1.7793824384464592e+03,1.7793824384464597e+03,2.1016442009504505e+02,1.5692180183514142e+03
2.3700000000000001e+00,9.1547361344126969e+01,2.4482950921834760e+02,3.3637687056247455e+02,7.2784287697591843e-01,9.1758325034329675e+02,2.7278428769759184e+00,2.7278428769750285e+00,1.9808762341133651e-01,2.2054793557509289e-01,2.2054793557509286e-01,6.4675544845750776e-01,1.8392954327511386e+03,1.8392954327511391e+03,2.1755357377136627e+02,1.6217418589797726e+03
2.3799999999999999e+00,9.3396740719191911e+01,2.5228567781966046e+02,3.4568241853885240e+02,7.2981923375228075e-01,9.4365051489736516e+02,2.7298192337522802e+00,2.7298192337518548e+00,1.9718311979751454e-01,2.2330330684076183e-01,2.2330330684076186e-01,6.5144928826382098e-01,1.9012058069168770e+03,1.9012058069168766e+03,2.2519456552245168e+02,1.6760112413944253e+03
2.3899999999999997e+00,9.5283480035851014e+01,2.5996892056080515e+02,3.5525240059665617e+02,7.3178652733712757e-01,9.7047372175411749e+02,2.7317865273371278e+00,2.7317865273358923e+00,1.9627500574499501e-01,2.2606571537570722e-01,2.2606571537570724e-01,6.5614127589604632e-01,1.9651797943956844e+03,1.9651797943956844e+03,2.3309576339262335e+02,1.7320840310030608e+03
2.4000000000000004e+00,9.7208334014987983e+01,2.6788615287888382e+02,3.6509448689387182e+02,7.3374472224434006e-01,9.9807512666662740e+02,2.7337447222443401e+00,2.7337447222448574e+00,1.9536340482291631e-01,2.2883492973369707e-01,2.2883492973369710e-01,6.6083114510212881e-01,2.0312858171060343e+03,2.0312858171060343e+03,2.4126580784455146e+02,1.7900200092614832e+03
2.4100000000000001e+00,9.9172072623859151e+01,2.7604450081741066e+02,3.7521657344126982e+02,7.3569378422090970e-01,1.0264776476999505e+03,2.7356937842209099e+00,2.7356937842206719e+00,1.9444844007962725e-01,2.3161071916007142e-01,2.3161071916007145e-01,6.6551863153105539e-01,2.0995945575156106e+03,2.0995945575156111e+03,2.4971362048440562e+02,1.8498809370312051e+03
2.4199999999999999e+00,1.0117548138409180e+02,2.8445130744023589e+02,3.8562678882432772e+02,7.3763368024159148e-01,1.0557048850888912e+03,2.7376336802415913e+00,2.7376336802418244e+00,1.9353023401483704e-01,2.3439285363339810e-01,2.3439285363339812e-01,6.7020347276926784e-01,2.1701790330907893e+03,2.1701790330907888e+03,2.5844841306292551e+02,1.9117306200278636e+03
2.4299999999999997e+00,1.0321936168590250e+02,2.9311413944079663e+02,3.9633350112669916e+02,7.3956437850328083e-01,1.0857811416941950e+03,2.7395643785032808e+00,2.7395643785036081e+00,1.9260890855233681e-01,2.3718110390646191e-01,2.3718110390646197e-01,6.7488540837613553e-01,2.2431146731901945e+03,2.2431146731901945e+03,2.6747969676103594e+02,1.9756349764291581e+03
2.4400000000000004e+00,1.0530453110866426e+02,3.0204079395265290e+02,4.0734532506131711e+02,7.4148584841911991e-01,1.1167314440752873e+03,2.7414858484191202e+00,2.7414858484184901e+00,1.9168458501329785e-01,2.3997524154658026e-01,2.3997524154658026e-01,6.7956417991849083e-01,2.3184793984823841e+03,2.3184793984823846e+03,2.7681729176892503e+02,2.0416621067134588e+03
2.4500000000000002e+00,1.0743182374794841e+02,3.1123930556743096e+02,4.1867112931537935e+02,7.4339806061233937e-01,1.1485815641981897e+03,2.7433980606123396e+00,2.7433980606113759e+00,1.9075738409015197e-01,2.4277503897523539e-01,2.4277503897523542e-01,6.8423953100422130e-01,2.3963537029701856e+03,2.3963537029701856e+03,2.8647133716776284e+02,2.1098823658024226e+03
2.4600000000000000e+00,1.0960209054917517e+02,3.2071795356650307e+02,4.3032004411567823e+02,7.4530098690984514e-01,1.1813580417978596e+03,2.7453009869098453e+00,2.7453009869094678e+00,1.8982742582105600e-01,2.4558026950702427e-01,2.4558026950702425e-01,6.8891120731492905e-01,2.4768207387070561e+03,2.4768207387070565e+03,2.9645230112354540e+02,2.1803684375835105e+03
2.4699999999999998e+00,1.1181619964800231e+02,3.3048526937289637e+02,4.4230146902089865e+02,7.4719460033554852e-01,1.2150882074146937e+03,2.7471946003355487e+00,2.7471946003349381e+00,1.8889482956494844e-01,2.4839070738790558e-01,2.4839070738790561e-01,6.9357895663763602e-01,2.5599664032933943e+03,2.5599664032933943e+03,3.0677099140280859e+02,2.2531954118905855e+03
2.4800000000000004e+00,1.1407503671759137e+02,3.4055004423015112e+02,4.5462508094774250e+02,7.4907887510345272e-01,1.2498002061256361e+03,2.7490788751034527e+00,2.7490788751038200e+00,1.8795971397719860e-01,2.5120612783274987e-01,2.5120612783274993e-01,6.9824252889555261e-01,2.6458794302438355e+03,2.6458794302438359e+03,3.1743856622029705e+02,2.3284408640235388e+03
2.4900000000000002e+00,1.1637950532288802e+02,3.5092133711502970e+02,4.6730084243791771e+02,7.5095378661049739e-01,1.2855230219908651e+03,2.7509537866104972e+00,2.7509537866100922e+00,1.8702219698585293e-01,2.5402630706218021e-01,2.5402630706218027e-01,7.0290167617790078e-01,2.7346514823193365e+03,2.7346514823193365e+03,3.2846654542895749e+02,2.4061849368903795e+03
2.5000000000000000e+00,1.1873052728206127e+02,3.6160848289121265e+02,4.8033901017327389e+02,7.5281931142916902e-01,1.3222865032377604e+03,2.7528193114291688e+00,2.7528193114291590e+00,1.8608239576848085e-01,2.5685102233870044e-01,2.5685102233870044e-01,7.0755615276879347e-01,2.8263772479211275e+03,2.8263772479211270e+03,3.3986682206297201e+02,2.4865104258581550e+03
2.5099999999999998e+00,1.2112904303524215e+02,3.7262110071130257e+02,4.9375014374654472e+02,7.5467542729988357e-01,1.3601213882043921e+03,2.7546754272998837e+00,2.7546754272993468e+00,1.8514042672962172e-01,2.5968005200210614e-01,2.5968005200210620e-01,7.1220571517517528e-01,2.9211545406464788e+03,2.9211545406464793e+03,3.5165167424485350e+02,2.5695028664016254e+03
2.5200000000000005e+00,1.2357601202071277e+02,3.8396910267471253e+02,5.0754511469542530e+02,7.5652211312314577e-01,1.3990593320655630e+03,2.7565221131231454e+00,2.7565221131230131e+00,1.8419640547883601e-01,2.6251317550417336e-01,2.6251317550417341e-01,7.1685012215382016e-01,3.0190844021097946e+03,3.0190844021097942e+03,3.6383377746799027e+02,2.6552506246418043e+03
2.5300000000000002e+00,1.2607241305869360e+02,3.9566270274922073e+02,5.2173511580791433e+02,7.5835934895149115e-01,1.4391329343650496e+03,2.7583593489514913e+00,2.7583593489501159e+00,1.8325044680936162e-01,2.6535017344261835e-01,2.6535017344261835e-01,7.2148913473738752e-01,3.1202712081356613e+03,3.1202712081356613e+03,3.7642621726636276e+02,2.7438449908692983e+03
2.5400000000000000e+00,1.2861924474288585e+02,4.0771242596423684e+02,5.3633167070712273e+02,7.6018711598121969e-01,1.4803757673784821e+03,2.7601871159812195e+00,2.7601871159800653e+00,1.8230266467737533e-01,2.6819082759433188e-01,2.6819082759433188e-01,7.2612251625954927e-01,3.2248227784342225e+03,3.2248227784342221e+03,3.8944250228354394e+02,2.8353802761506786e+03
2.5499999999999998e+00,1.3121752583992136e+02,4.2012911788403517e+02,5.5134664372395650e+02,7.6200539654392418e-01,1.5228224053319482e+03,2.7620053965439242e+00,2.7620053965429956e+00,1.8135317218186103e-01,2.7103492094787868e-01,2.7103492094787873e-01,7.3075003237917924e-01,3.3328504898725114e+03,3.3328504898725114e+03,4.0289657775343301e+02,2.9299539121190783e+03
2.5600000000000005e+00,1.3386829569688339e+02,4.3292395436949647e+02,5.6679225006637989e+02,7.6381417409781904e-01,1.5665084545022562e+03,2.7638141740978188e+00,2.7638141740978415e+00,1.8040208154508564e-01,2.7388223773525816e-01,2.7388223773525822e-01,7.3537145110360969e-01,3.4444693934593970e+03,3.4444693934593965e+03,4.1680283940559377e+02,3.0276665540538029e+03
2.5700000000000003e+00,1.3657261465705838e+02,4.4610845163713276e+02,5.8268106629419117e+02,7.6561343321887865e-01,1.6114705842255150e+03,2.7656134332188786e+00,2.7656134332198303e+00,1.7944950409368030e-01,2.7673256346293185e-01,2.7673256346293196e-01,7.3998654281096676e-01,3.5597983351653825e+03,3.5597983351653834e+03,4.3117614780844627e+02,3.1286221873569370e+03
2.5800000000000001e+00,1.3933156448408866e+02,4.5969447662446640e+02,5.9902604110855509e+02,7.6740315959178962e-01,1.6577465588415766e+03,2.7674031595917898e+00,2.7674031595923410e+00,1.7849555024032790e-01,2.7958568494210928e-01,2.7958568494210934e-01,7.4459508027158194e-01,3.6789600807027123e+03,3.6789600807027132e+03,4.4603184316399251e+02,3.2329282375387206e+03
2.5899999999999999e+00,1.4214624879469150e+02,4.7369425767107009e+02,6.1584050646576156e+02,7.6918334000072097e-01,1.7053752706025934e+03,2.7691833400007213e+00,2.7691833400007582e+00,1.7754032946605625e-01,2.8244139031829041e-01,2.8244139031829041e-01,7.4919683866848141e-01,3.8020814443949548e+03,3.8020814443949548e+03,4.6138576056814503e+02,3.3406956838268097e+03
2.6000000000000005e+00,1.4501779350012109e+02,4.8812039552490063e+02,6.3313818902502169e+02,7.7095396231992264e-01,1.7543967735749438e+03,2.7709539623199224e+00,2.7709539623193744e+00,1.7658395030313395e-01,2.8529946910006898e-01,2.8529946910006898e-01,7.5379159561696829e-01,3.9292934222698336e+03,3.9292934222698327e+03,4.7725424575120877e+02,3.4520391765186246e+03
2.6100000000000003e+00,1.4794734725654683e+02,5.0298587468381749e+02,6.5093322194036432e+02,7.7271501550415389e-01,1.8048523185645463e+03,2.7727150155041542e+00,2.7727150155040605e+00,1.7562652031856910e-01,2.8815971218718994e-01,2.8815971218718994e-01,7.5837913118329270e-01,4.0607313295131025e+03,4.0607313295131025e+03,4.9365417131347493e+02,3.5670771581996269e+03
2.6200000000000001e+00,1.5093608192453280e+02,5.1830407508251483e+02,6.6924015700704763e+02,7.7446648957895192e-01,1.8567843890966101e+03,2.7744664895789519e+00,2.7744664895778350e+00,1.7466814609820708e-01,2.9102191189786675e-01,2.9102191189786675e-01,7.6295922790242310e-01,4.1965349424260703e+03,4.1965349424260712e+03,5.1060295347139345e+02,3.6859319889546778e+03
2.6299999999999999e+00,1.5398519303779648e+02,5.3408878413536104e+02,6.8807397717315757e+02,7.7620837563074219e-01,1.9102367384816760e+03,2.7762083756307421e+00,2.7762083756296776e+00,1.7370893323142683e-01,2.9388586199535216e-01,2.9388586199535216e-01,7.6753167079491735e-01,4.3368486450336504e+03,4.3368486450336495e+03,5.2811856933021750e+02,3.8087300757034327e+03
2.6399999999999997e+00,1.5709590028143856e+02,5.5035420914600365e+02,7.0745010942744216e+02,7.7794066579680043e-01,1.9652544280008883e+03,2.7779406657968009e+00,2.7779406657961747e+00,1.7274898629643129e-01,2.9675135771376893e-01,2.9675135771376898e-01,7.7209624738290872e-01,4.4818215804949023e+03,4.4818215804949023e+03,5.4621957469955623e+02,3.9356020057953456e+03
2.6500000000000004e+00,1.6026944797983344e+02,5.6711499009490262e+02,7.2738443807473607e+02,7.7966335325506875e-01,2.0218838662443748e+03,2.7796633532550685e+00,2.7796633532552275e+00,1.7178840884613064e-01,2.9961819578319637e-01,2.9961819578319637e-01,7.7665274770520210e-01,4.6316078074728584e+03,4.6316078074728575e+03,5.6492512246874821e+02,4.0666826850041098e+03
2.6600000000000001e+00,1.6350710559437445e+02,5.8438621281629582e+02,7.4789331841067019e+02,7.8137643221383590e-01,2.0801728496376363e+03,2.7813764322138361e+00,2.7813764322138410e+00,1.7082730339461261e-01,3.0248617445401921e-01,3.0248617445401926e-01,7.8120096433150266e-01,4.7863664616254428e+03,4.7863664616254428e+03,5.8425498155950311e+02,4.2021114800659388e+03
2.6699999999999999e+00,1.6681016823127700e+02,6.0218342257647646e+02,7.6899359080775344e+02,7.8307989790128285e-01,2.1401706041919833e+03,2.7830798979012830e+00,2.7830798979015339e+00,1.6986577140419928e-01,3.0535509352053508e-01,3.0535509352053514e-01,7.8574069237576827e-01,4.9462619223848424e+03,4.9462619223848424e+03,6.0422955647381241e+02,4.3420323659110300e+03
2.6799999999999997e+00,1.7017995715963730e+02,6.2052263806557642e+02,7.9070259522521371e+02,7.8477374655490362e-01,2.2019278285160040e+03,2.7847737465549036e+00,2.7847737465553912e+00,1.6890391327308352e-01,3.0822475434382668e-01,3.0822475434382668e-01,7.9027172950870572e-01,5.1114639851976763e+03,5.1114639851976763e+03,6.2486990745565174e+02,4.4865940777420246e+03
2.6900000000000004e+00,1.7361782033995812e+02,6.3942036581547109e+02,8.1303818615542923e+02,7.8645797541080376e-01,2.2654967381263295e+03,2.7864579754108036e+00,2.7864579754100691e+00,1.6794182832354335e-01,3.1109495987389701e-01,3.1109495987389701e-01,7.9479387596940931e-01,5.2821480394043974e+03,5.2821480394043974e+03,6.4619777128561179e+02,4.6359502681187860e+03
2.7000000000000002e+00,1.7712513296334973e+02,6.5889361505676925e+02,8.3601874802011901e+02,7.8813258269288577e-01,2.3309311110970075e+03,2.7881325826928860e+00,2.7881325826912087e+00,1.6697961479072734e-01,3.1396551467107592e-01,3.1396551467107586e-01,7.9930693457616075e-01,5.4584952519418011e+03,5.4584952519418011e+03,6.6823558272816103e+02,4.7902596692136403e+03
2.7100000000000000e+00,1.8070329800162662e+02,6.7895991302826951e+02,8.5966321102989616e+02,7.8979756760192177e-01,2.3982863350880616e+03,2.7897975676019215e+00,2.7897975676006346e+00,1.6601736981200960e-01,3.1683622492669128e-01,3.1683622492669128e-01,8.0381071073638144e-01,5.6406927570587504e+03,5.6406927570587504e+03,6.9100649665186074e+02,4.9496862604068901e+03
2.7199999999999998e+00,1.8435374676851359e+02,6.9963732075266648e+02,8.8399106752118007e+02,7.9145293030452868e-01,2.4676194557950266e+03,2.7914529303045286e+00,2.7914529303039171e+00,1.6505518941690356e-01,3.1970689848302442e-01,3.1970689848302447e-01,8.0830501245577624e-01,5.8289338522412918e+03,5.8289338522412918e+03,7.1453441084350243e+02,5.1143994413977898e+03
2.7300000000000004e+00,1.8807793949219101e+02,7.2094444929267695e+02,9.0902238878486787e+02,7.9309867192203776e-01,2.5389892268624130e+03,2.7930986719220381e+00,2.7930986719219377e+00,1.6409316851753766e-01,3.2257734485253109e-01,3.2257734485253114e-01,8.1278965034663475e-01,6.0234182005495204e+03,6.0234182005495204e+03,7.3884398953771540e+02,5.2845742110118044e+03
2.7400000000000002e+00,1.9187736589940425e+02,7.4290047650225983e+02,9.3477784240166409e+02,7.9473479451927720e-01,2.6124561613055876e+03,2.7947347945192766e+00,2.7947347945195635e+00,1.6313140089967945e-01,3.2544737523635203e-01,3.2544737523635203e-01,8.1726443763534129e-01,6.2243520395756486e+03,6.2243520395756459e+03,7.6396068768437374e+02,5.4603913518912732e+03
2.7500000000000000e+00,1.9575354581137631e+02,7.6552516428798128e+02,9.6127871009935757e+02,7.9636130109326642e-01,2.6880825844866968e+03,2.7963613010932669e+00,2.7963613010932122e+00,1.6216997921430629e-01,3.2831680254210777e-01,3.2831680254210782e-01,8.2172919016908197e-01,6.4319483972390572e+03,6.4319483972390590e+03,7.8991077597672484e+02,5.6420376212623332e+03
2.7599999999999998e+00,1.9970802975175494e+02,7.8883887639606064e+02,9.8854690614781555e+02,7.9797819556182703e-01,2.7659326886916915e+03,2.7979781955618268e+00,2.7979781955621932e+00,1.6120899496971758e-01,3.3118544140098061e-01,3.3118544140098061e-01,8.2618372642175153e-01,6.6464273146412534e+03,6.6464273146412525e+03,8.1672136666389576e+02,5.8297059479773579e+03
2.7700000000000005e+00,2.0374239956684386e+02,8.1286259674112091e+02,1.0166049963079647e+03,7.9958548275211982e-01,2.8460725893570507e+03,2.7995854827521200e+00,2.7995854827510178e+00,1.6024853852417931e-01,3.3405310818409384e-01,3.3405310818409384e-01,8.3062786749909490e-01,6.8680160762110663e+03,6.8680160762110663e+03,8.4442044017220996e+02,6.0235956360388564e+03
2.7800000000000002e+00,2.0785826905836080e+02,8.3761794829311532e+02,1.0454762173514762e+03,8.0118316838910786e-01,2.9285703829960676e+03,2.8011831683891080e+00,2.8011831683882140e+00,1.5928869907909829e-01,3.3691962101818684e-01,3.3691962101818684e-01,8.3506143714306280e-01,7.0969494473775912e+03,7.0969494473775922e+03,8.7303687256041678e+02,6.2239125748171755e+03
2.7900000000000000e+00,2.1205728462898151e+02,8.6312721253948405e+02,1.0751844971684654e+03,8.0277125908396063e-01,3.0134962068764153e+03,2.8027712590839609e+00,2.8027712590830887e+00,1.5832956467271320e-01,3.3978479980060566e-01,3.3978479980060572e-01,8.3948426173542878e-01,7.3334699200167342e+03,7.3334699200167324e+03,9.0260046383484746e+02,6.4308694561818847e+03
2.7999999999999998e+00,2.1634112594092201e+02,8.8941334953997000e+02,1.1057544754808921e+03,8.0434976232238586e-01,3.1009223005017539e+03,2.8043497623223854e+00,2.8043497623220226e+00,1.5737122217430724e-01,3.4264846621358369e-01,3.4264846621358375e-01,8.4389617030062802e-01,7.5778279659240170e+03,7.5778279659240170e+03,9.3314196715110450e+02,6.6446859987729140e+03
2.8100000000000005e+00,2.2071150658782608e+02,9.1650001859224892e+02,1.1372115251800751e+03,8.0591868645292086e-01,3.1909230689523988e+03,2.8059186864529204e+00,2.8059186864536714e+00,1.5641375727891949e-01,3.4551044373786366e-01,3.4551044373786366e-01,8.4829699450789287e-01,7.8302822985761686e+03,7.8302822985761668e+03,9.6469311892999463e+02,6.8655891796461738e+03
2.8200000000000003e+00,2.2517017478022422e+02,9.4441159952686473e+02,1.1695817743070891e+03,8.0747804067515938e-01,3.2835751481410425e+03,2.8074780406751589e+00,2.8074780406757891e+00,1.5545725450256503e-01,3.4837055766561820e-01,3.4837055766561820e-01,8.5268656867262616e-01,8.0911001434506525e+03,8.0911001434506506e+03,9.9728666991595367e+02,7.0938134735346994e+03
2.8300000000000001e+00,2.2971891404484342e+02,9.7317321465075008e+02,1.2028921286955936e+03,8.0902783502794318e-01,3.3789574720419369e+03,2.8090278350279427e+00,2.8090278350278997e+00,1.5450179717794232e-01,3.5122863511271396e-01,3.5122863511271402e-01,8.5706472975708492e-01,8.3605575171830878e+03,8.3605575171830878e+03,1.0309564172074136e+03,7.3296010999756745e+03
2.8399999999999999e+00,2.3435954393804036e+02,1.0028107513589839e+03,1.2371702952970243e+03,8.1056808037750816e-01,3.4771513419530324e+03,2.8105680803775082e+00,2.8105680803775326e+00,1.5354746745062964e-01,3.5408450503030309e-01,3.5408450503030314e-01,8.6143131737034229e-01,8.6389395158495881e+03,8.6389395158495863e+03,1.0657372372891709e+03,7.5732022785604167e+03
2.8500000000000005e+00,2.3909392077364845e+02,1.0333508854351992e+03,1.2724448062088477e+03,8.1209878840559646e-01,3.5782404978528944e+03,2.8120987884055961e+00,2.8120987884050486e+00,1.5259434627575874e-01,3.5693799821575783e-01,3.5693799821575789e-01,8.6578617376756617e-01,8.9265406126719026e+03,8.9265406126719026e+03,1.1016651200979704e+03,7.8248754925739331e+03
2.8600000000000003e+00,2.4392393836552702e+02,1.0648211050615832e+03,1.3087450434271102e+03,8.1361997159753741e-01,3.6823111919158036e+03,2.8136199715975372e+00,2.8136199715971255e+00,1.5164251341515983e-01,3.5978894732295230e-01,3.5978894732295230e-01,8.7012914384860596e-01,9.2236649654520897e+03,9.2236649654520897e+03,1.1387772041533381e+03,8.0848877612987508e+03
2.8700000000000001e+00,2.4885152878511434e+02,1.0972497355600999e+03,1.3461012643452143e+03,8.1513164323030074e-01,3.7894522642505285e+03,2.8151316432303006e+00,2.8151316432295146e+00,1.5069204743497044e-01,3.6263718687189656e-01,3.6263718687189656e-01,8.7446007515591229e-01,9.5306267340538016e+03,9.5306267340538034e+03,1.1771118127867846e+03,8.3535149212670167e+03
2.8799999999999999e+00,2.5387866313428034e+02,1.1306659648872035e+03,1.3845446280214837e+03,8.1663381736053298e-01,3.8997552209301707e+03,2.8166338173605330e+00,2.8166338173595631e+00,1.4974302570369666e-01,3.6548255325773993e-01,3.6548255325773993e-01,8.7877881787180490e-01,9.8477504082574105e+03,9.8477504082574069e+03,1.2167084915034773e+03,8.6310419167539312e+03
2.8899999999999997e+00,2.5900735233379407e+02,1.1650998699049439e+03,1.4241072222387379e+03,8.1812650881256899e-01,4.0133143143824200e+03,2.8181265088125693e+00,2.8181265088120799e+00,1.4879552439072646e-01,3.6832488475913178e-01,3.6832488475913183e-01,8.8308522481507445e-01,1.0175371146326455e+04,1.0175371146326455e+04,1.2576080465114671e+03,8.9177630998149871e+03
2.9000000000000004e+00,2.6423964792771915e+02,1.2005824434522058e+03,1.4648220913799250e+03,8.1960973316643915e-01,4.1302266262120556e+03,2.8196097331664389e+00,2.8196097331662320e+00,1.4784961846527755e-01,3.7116402154597083e-01,3.7116402154597083e-01,8.8737915143696877e-01,1.0513835124635038e+04,1.0513835124635038e+04,1.2998525844548437e+03,9.2139825401801954e+03
2.9100000000000001e+00,2.6957764290405703e+02,1.2371456222403165e+03,1.5067232651443735e+03,8.2108350674586139e-01,4.2505921525290632e+03,2.8210835067458611e+00,2.8210835067459250e+00,1.4690538169578038e-01,3.7399980568652963e-01,3.7399980568652968e-01,8.9166045581654063e-01,1.0863499898715201e+04,1.0863499898715201e+04,1.3434855533880184e+03,9.5200143453271830e+03
2.9199999999999999e+00,2.7502347253197314e+02,1.2748223155982780e+03,1.5498457881302511e+03,8.2254784660623292e-01,4.3745138918587800e+03,2.8225478466062328e+00,2.8225478466068488e+00,1.4596288664968204e-01,3.7683208115397387e-01,3.7683208115397387e-01,8.9592899865538822e-01,1.1224734776097388e+04,1.1224734776097386e+04,1.3885517850298068e+03,9.8361829910675788e+03
2.9299999999999997e+00,2.8057931521593059e+02,1.3136464350933659e+03,1.5942257503092965e+03,8.2400277052262183e-01,4.5020979357119595e+03,2.8240027705226223e+00,2.8240027705224158e+00,1.4502220469366525e-01,3.7966069383228473e-01,3.7966069383228479e-01,9.0018464327179992e-01,1.1597921201326741e+04,1.1597921201326742e+04,1.4350975383368916e+03,1.0162823662989849e+04
2.9400000000000004e+00,2.8624739336708228e+02,1.3536529250538347e+03,1.6399003184209168e+03,8.2544829697776156e-01,4.6334535618956688e+03,2.8254482969777617e+00,2.8254482969765813e+00,1.4408340599427472e-01,3.8248549152158440e-01,3.8248549152158440e-01,9.0442725559430270e-01,1.1983453153552349e+04,1.1983453153552353e+04,1.4831705444376530e+03,1.0500282609114696e+04
2.9500000000000002e+00,2.9202997429226309e+02,1.3948777940211658e+03,1.6869077683134287e+03,8.2688444515005421e-01,4.7686933306480232e+03,2.8268844451500543e+00,2.8268844451497057e+00,1.4314655951894120e-01,3.8530632394287878e-01,3.8530632394287878e-01,9.0865670415464139e-01,1.2381737557098242e+04,1.2381737557098240e+04,1.5328200529685416e+03,1.0848917504129700e+04
2.9600000000000000e+00,2.9792937110094573e+02,1.4373581471601865e+03,1.7352875182611322e+03,8.2831123490158576e-01,4.9079331836824513e+03,2.8283112349015860e+00,2.8283112349005712e+00,1.4221173303739579e-01,3.8812304274222509e-01,3.8812304274222514e-01,9.1287286008018698e-01,1.2793194705438922e+04,1.2793194705438924e+04,1.5840968798564893e+03,1.1209097825582432e+04
2.9699999999999998e+00,3.0394794363051335e+02,1.4811322196562423e+03,1.7850801632867556e+03,8.2972868676616007e-01,5.0512925462297535e+03,2.8297286867661602e+00,2.8297286867648985e+00,1.4127899312346351e-01,3.9093550149433592e-01,3.9093550149433598e-01,9.1707559708580844e-01,1.3218258699015612e+04,1.3218258699015612e+04,1.6370534565922337e+03,1.1581205242423379e+04
2.9800000000000004e+00,3.1008809939022700e+02,1.5262394111294127e+03,1.8363275105196399e+03,8.3113682193734650e-01,5.1988944321686922e+03,2.8311368219373465e+00,2.8311368219370672e+00,1.4034840515723407e-01,3.9374355570561248e-01,3.9374355570561248e-01,9.2126479146517926e-01,1.3657377897343064e+04,1.3657377897343064e+04,1.6917438810406477e+03,1.1965634016302418e+04
2.9900000000000002e+00,3.1635229452425926e+02,1.5727203210968480e+03,1.8890726156211072e+03,8.3253566225655873e-01,5.3508655523390626e+03,2.8325356622565590e+00,2.8325356622570150e+00,1.3942003332759190e-01,3.9654706281664465e-01,3.9654706281664465e-01,9.2544032208158677e-01,1.4111015385872690e+04,1.4111015385872690e+04,1.7482239698359031e+03,1.2362791416036785e+04
3.0000000000000000e+00,3.2274303479418808e+02,1.6206167855150770e+03,1.9433598203092652e+03,8.3392523020115394e-01,5.5073364261336073e+03,2.8339252302011539e+00,2.8339252302017983e+00,1.3849394063510634e-01,3.9934588220415335e-01,3.9934588220415335e-01,9.2960207035820219e-01,1.4579649458091557e+04,1.4579649458091557e+04,1.8065513124104366e+03,1.2773098145681121e+04
