r,vc2_field_isolated,vc2_baryon,vc2_field_deformed,vc_total_unchanged_field,vc_total_deformed,vc_total_spherical
0.1,0.00332671460136901,0.00319176186497947,0.00775894035492284,0.0807370823497386,0.104645602964971,0.104540845757608
0.11,0.00402364536264066,0.00385906951219402,0.00937859231196317,0.0887846545008465,0.115055038238911,0.114939848768912
0.12,0.00478628285839379,0.00458875562877923,0.0111497688350528,0.0968247824018883,0.125453276018731,0.125327523175595
0.13,0.00561444568474985,0.00538050278084507,0.0130721765784494,0.104856799806188,0.135840639571869,0.135704187600047
0.14,0.0065079369564533,0.00623396719206351,0.0151445529871234,0.112880043180878,0.146213953435323,0.146066666589929
0.15,0.00746654437965607,0.00714877905294026,0.0173664683433885,0.120893851922239,0.156573456870342,0.156415191837903
0.16,0.00849004033035198,0.00812454285251923,0.0197368996130785,0.1288975685685,0.16691747202015,0.166748080703884
0.17,0.00957818193842151,0.00916083773200493,0.0222548212856319,0.13689053900992,0.177244630433863,0.177063958887794
0.18,0.0107307111772446,0.0102572178597558,0.0249195300734392,0.144872112695993,0.18755465318993,0.187362539117992
0.19,0.0119473549588361,0.0114132128270714,0.0277296237378951,0.152841642839599,0.197845486592357,0.197641762623826
0.2,0.0132278252344556,0.0126283280641673,0.0306842768286634,0.160798486617949,0.208116805887537,0.207901296026336
0.21,0.0145718191006423,0.013902045275703,0.0337822283628145,0.168742005370166,0.21836729067907,0.218139812205678
0.22,0.0159790189106204,0.0152338228952039,0.037022193921255,0.176671564791351,0.228595749777766,0.22835611300624
0.23,0.0174490923910189,0.0166230965576921,0.0404031278791826,0.18458653512299,0.238801642450119,0.238549649378121
0.24,0.0189816927638476,0.0180692795898172,0.0439234385159894,0.192486291339578,0.248983369134982,0.248718815719961
0.25,0.0205764588736687,0.0195717635167602,0.0475819687265155,0.200370213331295,0.259140371697032,0.258863045735585
0.26,0.0222330153198987,0.0211299185851591,0.051377217063566,0.208237686082653,0.269271490597733,0.268981173088285
0.27,0.0239509725941757,0.0227430943012906,0.0553076513794174,0.216088099846952,0.279375635445735,0.279072100576972
0.28,0.0257299272227219,0.0244106199837241,0.0593719261330034,0.223920850316459,0.28945214823305,0.289135162535409
0.29,0.0275694619136314,0.0261318053296487,0.0635682495425867,0.231735338788196,0.299499674243955,0.299168998294548
0.3,0.0294691457090092,0.0279059409940643,0.0678951749030439,0.239530972325237,0.309517553455548,0.309172940461404
0.31,0.0314285341418845,0.0297322991810121,0.0723509719638463,0.247307163913415,0.319504727891245,0.319145924745412
0.32,0.0334471693978211,0.0316101342460143,0.076933878250918,0.255063332613364,0.329460183477355,0.329086930845237
0.33,0.0355245804811442,0.033538683308883,0.0816422831959345,0.262798903707811,0.339383214824802,0.338995246577893
0.34,0.0376602833857007,0.0355171668760532,0.0864742014448879,0.270513308844045,0.349272627500268,0.348869672074677
0.35,0.0398537812700672,0.0375447894715892,0.0914279320860953,0.278205986171499,0.359127723181718,0.358709502575622
0.36,0.0421045646371198,0.0396207402760144,0.0965015351144613,0.285876380474383,0.368947523898014,0.368513754541809
0.37,0.0444121115178762,0.0417441937721095,0.101693039760377,0.293523943299325,0.378731083398876,0.37828147629559
0.38,0.0467758876595197,0.0439143103968276,0.107000603338335,0.301148133077971,0.388477687564115,0.388011947906641
0.39,0.0491953467175103,0.0461302371984779,0.112422062802316,0.308748415244497,0.398186262948377,0.397704091251174
0.4,0.0516699304516886,0.0483911084983307,0.117955496668917,0.316324262348021,0.407856108409875,0.407357199779877
0.41,0.0541990689262773,0.0506960465558047,0.123598779008021,0.323875154159874,0.417486317816315,0.416970362701392
0.42,0.056782180713681,0.0530441622364042,0.129349756359688,0.331400577775726,0.427076010326139,0.426542694690563
0.43,0.0594186731019815,0.0554345556815821,0.135206386824705,0.338900027712545,0.436624486837702,0.436073491909887
0.44,0.0621079423060299,0.0578663169797141,0.141166351477247,0.346373006000387,0.446130775061484,0.445561778305948
0.45,0.0648493736820309,0.0603385268373832,0.147227541871683,0.353819022269033,0.455594193015085,0.455006867598762
0.46,0.0676423419455151,0.062850257250183,0.153387673373578,0.36123759382946,0.465013903688654,0.464407919143458
0.47,0.0704862113925897,0.0654005721722658,0.159644438196231,0.368628245750181,0.474389091746951,0.473764114169749
0.48,0.073380336124363,0.0679885281838749,0.165995628757225,0.375990510928451,0.483719088874007,0.48307478077262
0.49,0.0763240602744323,0.0706131751561159,0.172438796063476,0.383323930156399,0.493003013398085,0.492339034542963
0.5,0.0793167182393252,0.0732735569122424,0.178971678818968,0.390628052182082,0.502240217158294,0.501556224196356
0.51,0.0823576349117812,0.0759687118847479,0.185591863336828,0.397902433765526,0.511429931878821,0.510725578930666
0.52,0.0854461259167605,0.0786976737675736,0.192296917910073,0.405146639729782,0.520571408816933,0.519846347694115
0.53,0.088581497850069,0.0814594721627669,0.199084503476888,0.412360243007053,0.529664021469889,0.528917901597404
0.54,0.0917630485194828,0.0842531332209415,0.205952069497877,0.419542824679942,0.53870697296287,0.53793944213467
0.55,0.0949900671882542,0.0870776802749149,0.21289723643416,0.426693974017877,0.547699659219426,0.546910363327711
0.56,0.0982618348208849,0.089932134465921,0.219917492842127,0.433813288508785,0.556641381239347,0.555829964818399
0.57,0.101577624331049,0.0928155153618186,0.227010314872831,0.440900373886061,0.565531458218418,0.564697564673396
0.58,0.10493670083155,0.0957268415667395,0.234173266621295,0.447954844150936,0.574369313410835,0.573512585000671
0.59,0.108338321886181,0.0986651313216466,0.241403726239126,0.454976321590286,0.583154231366602,0.582274309878565
0.6,0.111781737763387,0.101629403095294,0.248699230779472,0.461964436789977,0.59188565946031,0.590982186031491
0.61,0.115266191691596,0.104618676165106,0.256057203273549,0.46891882864383,0.600562968754032,0.599635584368748
0.62,0.118790920116097,0.107631971187528,0.263475060233623,0.475839144358286,0.609185547613493,0.608233893338482
0.63,0.122355152957364,0.110668310757399,0.270950303591218,0.482725039452857,0.617752874820196,0.61677659183508
0.64,0.125958113870669,0.113726719955961,0.278480271308231,0.489576177756465,0.626264314218998,0.625263044419802
0.65,0.129599020506902,0.116806226887119,0.286062451690389,0.496392231399748,0.634719369940376,0.633692755835081
0.66,0.133277084774454,0.119905863201586,0.293694234748862,0.503172880803447,0.643117483785387,0.642065168948819
0.67,0.136991513102037,0.123024664608604,0.301373009958445,0.509917814662953,0.651458114207698,0.650379743518338
0.68,0.140741506702343,0.126161671374926,0.309096251346778,0.516626729929132,0.659740799649153,0.658636019356296
0.69,0.144526261836389,0.129315928810782,0.316861287948819,0.523299331785519,0.667964981686616,0.666833439949495
0.7,0.148344970078463,0.132486487742585,0.324665593342969,0.529935333621989,0.676130224946019,0.674971571788413
0.71,0.152196818581516,0.135672404972145,0.332506556672932,0.53653445700501,0.684236042345824,0.683049930070541
0.72,0.156080990342894,0.138872743722184,0.340381572473095,0.543096431644582,0.69228196292788,0.69106804635062
0.73,0.1599966644703,0.142086574067987,0.34828812021308,0.549620995357971,0.700267587627092,0.699025524170627
0.74,0.163943016447846,0.145312973355023,0.356223550739018,0.556107894030349,0.708192434366565,0.706921884540214
0.75,0.16791921840209,0.148551026602417,0.364185355793051,0.562556881572438,0.716056130757546,0.714756758157762
0.76,0.171924439367924,0.151799826892149,0.372170954862863,0.568967719875278,0.723858260818382,0.722529732503879
0.77,0.175957845554217,0.155058475743927,0.380177778564798,0.575340178762221,0.731598424211483,0.730240410929795
0.78,0.18001860060908,0.158326083475627,0.388203343748731,0.581674035938263,0.739276286123367,0.737888462423219
0.79,0.184105865884629,0.16160176954931,0.396245052678868,0.587969076936823,0.746891439386059,0.745473484040794
0.8,0.18821880070115,0.164884662902754,0.404300446540841,0.59422509506407,0.75444357605032,0.752995172092714
0.81,0.192356562610535,0.168173902266525,0.412367004891493,0.600441891340919,0.761932350775328,0.760453185833856
0.82,0.196518307658888,0.171468636466605,0.420442223847665,0.606619274442787,0.769357433391184,0.767847199905127
0.83,0.200703190648172,0.174768024712612,0.428523687698149,0.612757060637235,0.776718554182119,0.775176949523945
0.84,0.204910365396794,0.17807123687167,0.436608878055711,0.618855073719577,0.784015379267129,0.782442106112902
0.85,0.209138984999019,0.181377453728011,0.444695414762924,0.624913144946584,0.791247665709628,0.789642432097224
0.86,0.213388202083108,0.184685867228398,0.452780865191039,0.63093111296837,0.798415137894715,0.796777657521524
0.87,0.217657169068047,0.18799568071348,0.460862818293801,0.636908823758571,0.805517534885046,0.803847527307761
0.88,0.221945038418792,0.191306109135196,0.468938953544941,0.642846130542907,0.812554652118944,0.810851842878324
0.89,0.226250962899906,0.19461637926039,0.477006857679529,0.64874289372624,0.819526227121451,0.817790348062505
0.9,0.230574095827482,0.197925729860762,0.485064255932935,0.654598980818214,0.826432081779076,0.82466287112266
0.91,0.234913591319266,0.201233411889348,0.493108828822098,0.660414266357575,0.833272008837118,0.831469211439357
0.92,0.239268604542852,0.204538688643691,0.501138282973438,0.666188631835266,0.840045815189344,0.838209182722604
0.93,0.243638291961881,0.207840835915912,0.509150418098581,0.67192196561639,0.846753360793149,0.844882651866098
0.94,0.248021811580124,0.211139142129866,0.517142949261387,0.67761416286113,0.853394452402436,0.851489432832824
0.95,0.252418323183353,0.214432908465619,0.525113730993417,0.683265125444708,0.859968975870081,0.858029418760372
0.96,0.256826988578926,0.217721448971449,0.533060579507758,0.688874761876478,0.866476790502323,0.864502476461356
0.97,0.261246971832963,0.221004090663619,0.540981341087768,0.694442987218232,0.872917769180687,0.870908486482718
0.98,0.265677439505057,0.224280173614159,0.548873957725668,0.6999697230018,0.879291835137702,0.877247379831279
0.99,0.270117560880399,0.227549051026903,0.556736293117475,0.70545489714602,0.885598861869401,0.883519038005718
1,0.274566508199248,0.230810089302044,0.564566351873244,0.710898443873168,0.89183879775175,0.889723417455696
1.01,0.279023456883663,0.234062668089465,0.572362105378396,0.716300303624903,0.898011566444364,0.895860450099232
1.02,0.283487585761406,0.237306180331119,0.580121558428927,0.721660422977819,0.904117104561155,0.90193008094314
1.03,0.287958077286936,0.240540032292723,0.587842814084045,0.726978754558659,0.910155396828898,0.907932303198934
1.04,0.292434117759421,0.243763643585059,0.595523901814885,0.732255256959265,0.916126380692066,0.913867062982987
1.05,0.296914897537687,0.246976447175148,0.603162993755808,0.737489894651334,0.922030065090589,0.919734377965746
1.06,0.301399611252035,0.250177889387597,0.610758232650857,0.74268263790103,0.927866435452029,0.925534242454243
1.07,0.305887458012845,0.253367429896396,0.61830779733683,0.747833462683531,0.933635489488925,0.931266663148355
1.08,0.310377641615908,0.256544541707457,0.625809967300333,0.752942350597551,0.939337271169302,0.936931693073092
1.09,0.314869370744409,0.259708711132203,0.633262951593796,0.758009288779901,0.94497177879871,0.94252933974052
1.1,0.319361859167504,0.262859437752469,0.640665103847347,0.763034269820152,0.950539079470074,0.948059679489214
1.11,0.323854325935424,0.265996234377042,0.648014750924653,0.768017291675433,0.956039217449627,0.953522765945894
1.12,0.328345995571043,0.269118626990112,0.655310257785057,0.772958357585423,0.961472248572557,0.958918664385962
1.13,0.332836098257855,0.272226154691933,0.66255009218641,0.777857475987593,0.966838273383064,0.964247484836911
1.14,0.337323870024313,0.275318369631997,0.669732653136753,0.782714660432722,0.972137347687429,0.969509292704074
1.15,0.341808552924456,0.278394836934994,0.676856486200422,0.787529929500746,0.977369593928221,0.974704220042593
1.16,0.346289395214788,0.281455134619867,0.683920111641404,0.792303306716976,0.982535111973751,0.979832376416138
1.17,0.350765651527366,0.284498853512237,0.690922089137978,0.797034820468719,0.987634012501703,0.984893882248432
1.18,0.355236583039033,0.287525597150494,0.697861083035032,0.801724503922343,0.992666449612117,0.989888901398527
1.19,0.359701457636769,0.290534981685828,0.70473568922318,0.806372394940822,0.997632533004517,0.994817553411075
1.2,0.364159550079102,0.293526635776489,0.71154465212609,0.81097853600178,1.00253243733187,0.999680022766928
1.21,0.368610142153564,0.296500200476548,0.718286691231697,0.815542974116086,1.00736631455903,1.00447647131204
1.22,0.373052522830136,0.299455329119432,0.724960566086633,0.820065760747007,1.01213432666127,1.00920707092415
1.23,0.377485988410649,0.302391687196514,0.731565142475928,0.824546951729957,1.01683667797363,1.01387203582092
1.24,0.381909842674127,0.305308952231006,0.738099216712551,0.828986607192863,1.02147352826373,1.01847153571348
1.25,0.386323397018023,0.308206813647431,0.744561735586097,0.833384791477175,1.02604510097438,1.02300580393597
1.26,0.390725970595335,0.311084972636928,0.750951620272168,0.837741573059534,1.03055159643227,1.02747505073296
1.27,0.395116890447574,0.31394314201864,0.757267831999175,0.842057024474124,1.03499322414102,1.0318794955183
1.28,0.399495491633561,0.316781046097434,0.763509439520302,0.846331222235713,1.03937023510284,1.03621939915006
1.29,0.403861117354036,0.319598420518198,0.769675439853285,0.850564246763426,1.04368283514269,1.0404949773491
1.3,0.408213119072067,0.322395012116951,0.775764982406272,0.854756182305233,1.04793129284473,1.04470650850548
1.31,0.412550856629232,0.325170578768998,0.781777189310969,0.858907116863186,1.05211585297436,1.04885424719349
1.32,0.416873698357584,0.327924889234365,0.787711222131753,0.863017142119407,1.05623676861115,1.05293845626581
1.33,0.421181021187361,0.330657723000717,0.793566350996295,0.867086353362846,1.0602943336626,1.05695943931335
1.34,0.425472210750466,0.333368870124001,0.799341770843536,0.871114849416807,1.06428879584798,1.06091745376256
1.35,0.429746661479691,0.336058131067002,0.805036830925954,0.875102732567264,1.06822046506934,1.06481281909286
1.36,0.434003776703682,0.338725316536035,0.81065085062846,0.879050108491954,1.07208962646063,1.06864582999845
1.37,0.438242968737664,0.341370247315956,0.81618318758025,0.882957086190274,1.07589657258317,1.07241678853849
1.38,0.442463658969914,0.343992754103699,0.821633308829355,0.886823777913974,1.07964163634655,1.07612603699544
1.39,0.446665277943985,0.346592677340523,0.827000601629564,0.890650299098647,1.08332510308314,1.0797738700864
1.4,0.450847265436699,0.349169867043149,0.83228460955781,0.894436768296031,1.08694732006706,1.08336064429997
1.41,0.455009070531905,0.351724182633959,0.837484842851496,0.898183307107109,1.0905086086251,1.08688669014372
1.42,0.459150151690038,0.354255492770444,0.842600848289129,0.901890040116023,1.09400929660564,1.0903523445596
1.43,0.463269976813461,0.356763675174051,0.847632282834583,0.905557094824789,1.09744975192882,1.09375798440229
1.44,0.467368023307635,0.359248616458588,0.85257871791089,0.909184601588821,1.10083029317396,1.09710393718949
1.45,0.471443778138056,0.361710211958352,0.857439883479855,0.912772693553224,1.10415130097202,1.10039059228062
1.46,0.475496737883211,0.36414836555612,0.862215471845111,0.91632150658998,1.10741312860252,1.10361831163675
1.47,0.479526408783188,0.366562989511145,0.866905209691416,0.919831179235806,1.11061613494608,1.10678746271031
1.48,0.48353230678434,0.3689540042873,0.871508934693177,0.923301852630893,1.11376071890711,1.10989845278674
1.49,0.487513957579867,0.371321338381489,0.876026392068857,0.926733670458431,1.11684722789213,1.11295163765254
1.5,0.491470896646221,0.373664928152469,0.880457488167067,0.930126778884841,1.11987607185775,1.11594743539699
1.51,0.495402669275672,0.375984717650191,0.884802086525303,0.933481326500891,1.12284763177178,1.11888623506356
1.52,0.49930883060477,0.378280658445771,0.889060082504475,0.93679746426351,1.12576229327076,1.12176843023468
1.53,0.503188945638845,0.380552709462223,0.893231483463697,0.940075345438368,1.12862048223746,1.12459445452001
1.54,0.507042589272723,0.382800836806029,0.897316196139,0.94331512554329,1.13142257045943,1.12736468743
1.55,0.510869346307387,0.385025013599679,0.901314291597057,0.946516962292312,1.13416899322664,1.13007957169704
1.56,0.51466881146291,0.387225219815242,0.905225792085294,0.949681015540562,1.13686015494455,1.1327395191042
1.57,0.518440589387603,0.389401442109094,0.90905074877502,0.952807447229868,1.13949646374358,1.13534494501248
1.58,0.522184294663275,0.391553673657855,0.912789326267558,0.955896421335037,1.14207836855682,1.1378963053434
1.59,0.525899551806944,0.393681913995642,0.916441578955376,0.958948103810934,1.14460626110074,1.14039399879488
1.6,0.529585995268765,0.395786168852703,0.920007729691355,0.961962662540219,1.14708059810288,1.14283848876885
1.61,0.533243269426337,0.397866449995504,0.923487945574781,0.964940267281785,1.14950180320445,1.14523020550968
1.62,0.536871028575541,0.399922775068343,0.926882419434514,0.967881089619941,1.15187030281315,1.14756958186642
1.63,0.540468936917697,0.401955167436546,0.930191459678622,0.970785302914214,1.15418656512505,1.1498570922186
1.64,0.544036668543354,0.403963656031315,0.933415253208976,0.973653082249869,1.15645099733637,1.1520931499325
1.65,0.54757390741265,0.405948275196278,0.936554160894287,0.976484604389095,1.15866407387584,1.15427823528364
1.66,0.551080347332209,0.407909064535791,0.939608479841191,0.979280047722816,1.16082623349793,1.1564127927949
1.67,0.554555691928848,0.409846068765046,0.942578529426459,0.982039592223193,1.16293791673997,1.15849726859756
1.68,0.55799965461993,0.411759337562028,0.945464747883374,0.984763419396739,1.16499960748723,1.16053215190824
1.69,0.561411958580511,0.413648925421355,0.948267438436904,0.987451712238055,1.16701172395921,1.16251786624863
1.7,0.564792336707429,0.415514891510051,0.950987085808971,0.990104655184229,1.16897475478259,1.16445490522465
1.71,0.568140531580174,0.417357299525279,0.953624101607292,0.992722434069792,1.17088914980564,1.16634372357402
1.72,0.571456295418811,0.419176217554063,0.956178915982596,0.995305236082316,1.1727553596282,1.16818477660001
1.73,0.57473939003893,0.420971717935032,0.958652082953203,0.997853249718596,1.17457388055764,1.16997856506357
1.74,0.57798958680361,0.422743877122213,0.961044004993933,1.00036666474139,1.17634513732839,1.17172551808774
1.75,0.58120666657263,0.424492775550884,0.963355276613267,1.0028456721368,1.17806962959078,1.17342613941628
1.76,0.584390419648825,0.426218497505525,0.965586408037947,1.00529046407213,1.17974781438385,1.17508089006989
1.77,0.587540645721717,0.427921130989862,0.967737923978753,1.00770123385435,1.18138014837249,1.17669023049632
1.78,0.59065715380854,0.429600767599039,0.969810480716432,1.01007817588916,1.18296713746218,1.17825467017661
1.79,0.59373976219259,0.431257502393915,0.971804561991451,1.01242148564049,1.18450920823156,1.17977463912325
1.8,0.596788298359089,0.432891433777499,0.973720858712632,1.0147313595906,1.18600686865217,1.18125064852321
1.81,0.599802598928579,0.434502663373539,0.975559963693209,1.01700799520069,1.18746057916326,1.18268316187429
1.82,0.602782509587869,0.436091295907258,0.977322479646966,1.01925159087201,1.18887079851186,1.18407264076394
1.83,0.605727885018701,0.437657439088242,0.979009152902202,1.02146234590754,1.19023804005352,1.18541960128041
1.84,0.608638588824095,0.439201203495493,0.980620529186136,1.02364046047408,1.19156272712838,1.18672446919108
1.85,0.6115144934525,0.440722702464625,0.982157383923458,1.02578613556488,1.19284537404816,1.18798776118986
1.86,0.614355480119825,0.442222051977225,0.983620376457866,1.02789957296277,1.1940864409393,1.18920993953351
1.87,0.617161438729354,0.443699370552349,0.985010170427549,1.02998097520377,1.19528638450369,1.19039146279543
1.88,0.619932267789691,0.445154779140168,0.986327592651483,1.0320305455411,1.19644572454903,1.19153285277126
1.89,0.622667874330736,0.446588401017744,0.987573229042615,1.03404848790977,1.19756487509461,1.19263452479818
1.9,0.6253681738178,0.44800036168693,0.988747930608917,1.03603500689153,1.19864435605222,1.19369700044993
1.91,0.628033090063904,0.44939078877439,0.989852407098515,1.03799030768032,1.1996846235044,1.19472073700929
1.92,0.630662555140338,0.450759811933708,0.990887364558701,1.03991459604818,1.20068612738401,1.19570618524071
1.93,0.63325650928554,0.452107562749601,0.991853706428869,1.04180807831152,1.2016493952807,1.19665387423197
1.94,0.635814900812373,0.453434174644194,0.992752030851378,1.04367096129794,1.20257482324202,1.19756419995112
1.95,0.638337686013846,0.454739782785361,0.993583261804963,1.04550345231339,1.20346293860273,1.19843769096458
1.96,0.640824829067369,0.456024523997105,0.994348142892421,1.04730575910976,1.20431418944125,1.19927479561304
1.97,0.643276301937586,0.457288536671967,0.995047399044317,1.04907808985297,1.20512901206314,1.20007594969992
1.98,0.645692084277865,0.458531960685432,0.995682021559095,1.05082065309133,1.20590794932471,1.20084169793582
1.99,0.648072163330504,0.459754937312333,0.996252573931932,1.05253365772446,1.20665136275739,1.20157239927441
2,0.650416533825723,0.460957609145214,0.996760067670713,1.05421731297249,1.20735979592495,1.20226859906219
2.01,0.652725197879493,0.462140120014644,0.997205263139905,1.05587182834572,1.20803368461088,1.20293073250064
2.02,0.654998164890285,0.463302614911452,0.997588856534833,1.05749741361468,1.20867343457457,1.203559201562
2.03,0.657235451434785,0.464445239910865,0.997912001958577,1.05909427878053,1.20927963758158,1.20415460543244
2.04,0.659437081162649,0.465568142098523,0.998175092020057,1.06066263404589,1.20985256710005,1.20471720497932
2.05,0.661603084690352,0.466671469498361,0.99837931375756,1.06220268978605,1.21039282187888,1.20524760696546
2.06,0.663733499494199,0.467755371002305,0.998525486797876,1.06371465652049,1.21090084556919,1.20574627291882
2.07,0.665828369802557,0.468819996301792,0.998613890080637,1.06519874488489,1.2113768556409,1.2062132512509
2.08,0.667887746487365,0.469865495821068,0.998645902592267,1.06665516560341,1.21182152085748,1.20664932958405
2.09,0.669911686954986,0.470892020652239,0.998623379572508,1.06808412946136,1.21223570324617,1.2070556996243
2.1,0.671900255036459,0.471899722492063,0.998544711780836,1.06948584727827,1.21261883305221,1.2074314220174
2.11,0.673853520877205,0.472888753580448,0.998412541871076,1.0708605298813,1.21297209178593,1.20777764421814
2.12,0.675771560826257,0.473859266640624,0.998227397527357,1.07220838807896,1.21329578593514,1.20809476022854
2.13,0.677654457325048,0.474811414820979,0.997989734663698,1.07352963263527,1.21359019009082,1.20838305865235
2.14,0.67950229879584,0.475745351638524,0.997700881764547,1.07482447424422,1.21385593601674,1.20864314716352
2.15,0.681315179529833,0.476661230923952,0.997361324940097,1.07609312350455,1.21409330607826,1.20887532116857
2.16,0.683093199575002,0.477559206768286,0.996972044229798,1.07733579089497,1.21430278390444,1.20908005579157
2.17,0.684836464623741,0.478439433471065,0.99653392351064,1.07855268674961,1.21448481134253,1.20925778951668
2.18,0.686545085900338,0.479302065490061,0.996047625874642,1.07974402123392,1.21463973727386,1.20940887324098
2.19,0.688219180048351,0.48014725739249,0.995514200049275,1.08091000432082,1.21476806734527,1.20953380391317
2.2,0.689858869017928,0.480975163807692,0.994934315487423,1.08205084576725,1.21487014914974,1.20963293047571
2.21,0.691464279953131,0.481785939381254,0.994308864341972,1.08316675509101,1.21494642010388,1.20970668555513
2.22,0.693035545079291,0.482579738730556,0.993638704816472,1.08425794154797,1.21499730186821,1.20975548701002
2.23,0.694572801590472,0.483356716401696,0.992924553565059,1.08532461410961,1.21502315614426,1.20977969553606
2.24,0.696076191537065,0.484117026827789,0.992167360081652,1.08636698144083,1.2150244388116,1.2097797608274
2.25,0.697545861713578,0.484860824288595,0.99136783827895,1.08738525187818,1.21500150722851,1.20975603889447
2.26,0.698981963546647,0.485588262871472,0.990526837042582,1.08837963340836,1.21495477278541,1.209708936731
2.27,0.700384652983336,0.486299496433595,0.989645185737978,1.08935033364705,1.2148846373922,1.20963885217114
2.28,0.701754090379747,0.48699467856545,0.988723612276523,1.09029755981805,1.21479145981603,1.20954614161192
2.29,0.703090440389999,0.487673962555557,0.987763003689568,1.09122151873282,1.2146756629838,1.20943122245573
2.3,0.704393871855607,0.4883375013564,0.986764080528127,1.09212241677021,1.21453760002913,1.20929444523475
2.31,0.705664557695304,0.48898544755154,0.985727655048439,1.09300045985665,1.21437766061468,1.20913619512748
2.32,0.706902674795348,0.489617953323889,0.984654525101923,1.09385585344653,1.21419622731493,1.20895685035183
2.33,0.708108403900352,0.490235170425115,0.983545410592228,1.09468880250301,1.2139936494963,1.20875675707993
2.34,0.709281929504667,0.490837250146155,0.982401147355606,1.09549951147904,1.21377032320854,1.20853630600381
2.35,0.710423439744362,0.491424343288813,0.981222444949354,1.09628818429881,1.21352659148375,1.20829583679001
2.36,0.711533126289841,0.49199660013842,0.980010078977201,1.09705502433937,1.21326282359414,1.20803571404417
2.37,0.712611184239109,0.492554170437524,0.978764812827395,1.09780023441272,1.21297938286886,1.20775629648518
2.38,0.71365781201175,0.493097203360606,0.977487347182711,1.09852401674809,1.21267660591904,1.2074579169667
2.39,0.714673211243622,0.493625847489768,0.976178470482009,1.09922657297456,1.21235486470413,1.20714094209901
2.4,0.715657586682326,0.494140250791401,0.974838870954375,1.09990810410403,1.21201448908244,1.20680569785456
2.41,0.716611146083451,0.494640560593792,0.973469286015579,1.10056881051447,1.21165582844691,1.20645252877995
2.42,0.717534100107643,0.495126923565655,0.972070441920874,1.10120889193345,1.21127922688641,1.20608177414586
2.43,0.71842666221853,0.495599485695553,0.970643012821798,1.101828547422,1.21088500631453,1.20569375170742
2.44,0.71928904858151,0.496058392272211,0.969187740964747,1.10242797535881,1.21047351612373,1.20528880547369
2.45,0.720121477963443,0.496503787865677,0.967705286537686,1.10300737342464,1.21004507122808,1.20486724610693
2.46,0.72092417163327,0.496935816309316,0.966196347109757,1.10356693858714,1.20960000141331,1.2044293984019
2.47,0.721697353263579,0.497354620682625,0.964661609664116,1.10410686708588,1.2091386315666,1.20397558227285
2.48,0.722441248833149,0.497760343294841,0.96310171685072,1.10462735441776,1.20866126774443,1.20350609933472
2.49,0.723156086530479,0.498153125669315,0.961517365064527,1.10512859532264,1.20816823776072,1.2030212719882
2.5,0.723842096658337,0.498533108528649,0.959909181941593,1.10561078376931,1.2076598405471,1.20252139466045
2.51,0.724499511539347,0.498900431780563,0.95827782388016,1.10607411294176,1.20713638652007,1.20200677267894
2.52,0.725128565422633,0.499255234504479,0.956623937064677,1.10651877522576,1.20659818148759,1.20147770677893
2.53,0.725729494391522,0.499597654938799,0.954948129282586,1.10694496219565,1.20604551498747,1.20093448186764
2.54,0.726302536272352,0.49992783046886,0.953251051259594,1.10735286460153,1.2054786940168,1.200377399524
2.55,0.726847930544383,0.500245897615556,0.951533295093648,1.10774267235669,1.2048980009566,1.19980673746251
2.56,0.727365918250822,0.50055199202459,0.949795475172005,1.10811457452531,1.20430372713722,1.19922278187606
2.57,0.727856741910998,0.500846248456363,0.948038195966943,1.1084687593105,1.20369615951174,1.19862581459901
2.58,0.728320645433672,0.501128800776456,0.946262028245794,1.10880541404258,1.20307557078608,1.19801610359621
2.59,0.728757874031522,0.501399781946716,0.944467577390801,1.10912472516766,1.20244224781796,1.19739393033596
2.6,0.729168674136795,0.501659324016906,0.942655398117212,1.10942687823655,1.20179645619968,1.19675955565768
2.61,0.729553293318155,0.501907558116912,0.940826062473751,1.10971205789388,1.20113846853336,1.19611324702637
2.62,0.729911980198707,0.502144614449502,0.938980132881442,1.10998044786753,1.20046855324533,1.19545526775437
2.63,0.730244984375251,0.502370622283592,0.937118141872993,1.11023223095839,1.19978696615549,1.19478586887723
2.64,0.730552556338731,0.502585709948044,0.935240650079396,1.1104675890303,1.19909397464396,1.19410531245085
2.65,0.730834947395919,0.50279000482594,0.933348173881662,1.11068670300038,1.19838982752175,1.19341384251151
2.66,0.731092409592311,0.502983633349348,0.931441243150144,1.11088975282953,1.19767477910303,1.19271170828252
2.67,0.731325195636278,0.503166720994552,0.929520378432117,1.11107691751329,1.19694907971336,1.1919991550268
2.68,0.73153355882444,0.50333939227773,0.927586073567732,1.1112483750729,1.19621296843224,1.19127641705425
2.69,0.731717752968298,0.503501770751075,0.925638845331213,1.11140430254673,1.19546669384065,1.19054373772263
2.7,0.731878032322105,0.503653978999339,0.92367917153132,1.11154487598182,1.19471048816467,1.18980134451692
2.71,0.73201465151199,0.503796138636788,0.921707540458991,1.11167027042589,1.19394458795029,1.18904946898036
2.72,0.732127865466349,0.503928370304554,0.919724431415771,1.11178065991944,1.19316922593584,1.18828833888194
2.73,0.732217929347475,0.504050793668379,0.917730299703067,1.11187621748819,1.1923846247631,1.18751817215857
2.74,0.732285098484455,0.504163527416724,0.915725619426972,1.11195711513582,1.19159101492236,1.18673919421175
2.75,0.732329628307327,0.504266689259249,0.913710830159665,1.11202352383687,1.19078861239891,1.18595161636675
2.76,0.732351774282494,0.504360395925631,0.91168637959129,1.11207561353,1.18997763656168,1.18515565311514
2.77,0.732351791849387,0.504444763164732,0.909652706787846,1.11211355311143,1.18915830315084,1.18435151535802
2.78,0.732329936358402,0.504519905744089,0.907610229159131,1.11213751042867,1.1883308187972,1.18353940512862
2.79,0.732286463010062,0.504585937449714,0.905559379595526,1.11214765227454,1.18749539664171,1.18271953064366
2.8,0.732221626795457,0.504642971086211,0.903500560227557,1.11214414438132,1.18665223688904,1.1818920875691
2.81,0.732135682437971,0.504691118477176,0.901434179440837,1.11212715141532,1.18580154238305,1.18105727402917
2.82,0.732028884336102,0.504730490465891,0.899360637391166,1.11209683697149,1.18494351251739,1.18021528474053
2.83,0.731901486507739,0.504761196916284,0.897280314637254,1.1120533635685,1.18407833843608,1.17936630639282
2.84,0.731753742535522,0.50478334671416,0.895193604529163,1.1119968926439,1.18320621670245,1.17851053081581
2.85,0.731585905513428,0.504797047768684,0.893100872913624,1.11192758454951,1.18232733229098,1.1776481386002
2.86,0.731398227994742,0.504802407014108,0.891002490424667,1.11184559854723,1.18144187222173,1.1767793122315
2.87,0.73119096194103,0.504799530411741,0.888898819884944,1.11175109280485,1.1805500202434,1.17590423097022
2.88,0.730964358672481,0.504788522952141,0.886790206350326,1.11164422439224,1.17965195261249,1.17502306679143
2.89,0.730718668819442,0.504769488657526,0.884677005484313,1.11152514927777,1.17874785011123,1.17413599595624
2.9,0.730454142275019,0.504742530584401,0.882559548288298,1.11139402232486,1.17783788310306,1.1732431846268
2.91,0.730171028149067,0.504707750826386,0.880438169396874,1.11125099728885,1.1769222235234,1.17234480041156
2.92,0.729869574723223,0.504665250517233,0.878313196069646,1.11109622681407,1.17600104021505,1.17144100787563
2.93,0.729550029407109,0.504615129834038,0.876184939441724,1.11092986243108,1.17507449520265,1.17053196495909
2.94,0.729212638695845,0.504557488000628,0.874053719477671,1.11075205455424,1.17414275430132,1.16961783318605
2.95,0.728857648128517,0.50449242329112,0.871919833981871,1.11056295247934,1.17320597393339,1.16869876498188
2.96,0.728485302247938,0.504420033033648,0.869783583488036,1.11036270438158,1.17226431171544,1.16777491386153
2.97,0.728095844561537,0.504340413614246,0.867645261602801,1.11015145731372,1.17131792234946,1.16684643047682
2.98,0.727689517503238,0.50425366048088,0.865505147292701,1.10992935720438,1.17036695432398,1.16591345944727
2.99,0.727266562396656,0.504159868147627,0.863363526902715,1.10969654885662,1.16941155931107,1.16497614839738
3,0.726827219419254,0.504059130198994,0.861220666837724,1.10945317594671,1.16845188049689,1.16403463673753
3.01,0.726371727567598,0.503951539294365,0.859076835528131,1.10919938102307,1.16748806196145,1.16308906468464
3.02,0.725900324623831,0.503837187172576,0.856932294930477,1.10893530550542,1.16652024504637,1.16213956977038
3.03,0.72541324712302,0.503716164656609,0.854787293710331,1.10866108968414,1.16554856542614,1.16118628402944
3.04,0.724910730321711,0.503588561658403,0.852642086725692,1.1083768727198,1.1645731614562,1.16022934202271
3.05,0.72439300816752,0.503454467183768,0.850496910876764,1.1080827926429,1.16359416381337,1.15926887088436
3.06,0.723860313269626,0.503313969337408,0.84835200454553,1.10777898635379,1.16261170383019,1.15830499833167
3.07,0.723312876870485,0.503167155328038,0.846207600092885,1.10746558962278,1.16162591027444,1.15733784957107
3.08,0.722750928818411,0.503014111473599,0.844063917819888,1.10714273709039,1.1606369067428,1.15636754479815
3.09,0.722174697541164,0.502854923206551,0.841921183249265,1.10681056226787,1.15964481909584,1.15539420633766
3.1,0.721584410020644,0.502689675079263,0.839779605724791,1.10646919753778,1.15864976623829,1.15441794979272
3.11,0.720980291768385,0.502518450769466,0.837639395656172,1.10611877415486,1.15765186754293,1.15343889117397
3.12,0.720362566802125,0.502341333085795,0.835500757879274,1.10575942224696,1.15665123998769,1.15245714415147
3.13,0.719731457623334,0.502158403973388,0.833363886296728,1.10539127081623,1.15564799583183,1.1514728178275
3.14,0.719087185195534,0.501969744519558,0.831228979237206,1.10501444774043,1.15464224925159,1.15048602310369
3.15,0.718429968923725,0.501775434959521,0.829096220452961,1.1046290797744,1.15363410811768,1.14949686479417
3.16,0.717760026634592,0.501575554682189,0.826965794448235,1.10423529255172,1.15262368062192,1.14850544798385
3.17,0.717077574557597,0.501370182236004,0.824837880590797,1.10383321058646,1.15161107272673,1.14751187558214
3.18,0.716382827307072,0.501159395334832,0.822712648347914,1.10342295727518,1.15059638608973,1.14651624633579
3.19,0.715675997865027,0.500943270863898,0.820590270959943,1.10300465489903,1.14957972399649,1.14551866051638
3.2,0.714957297564886,0.500721884885765,0.818470908538821,1.10257842462595,1.14856118401441,1.14451921288054
3.21,0.714226936076079,0.500495312646349,0.816354721715375,1.10214438651314,1.14754086391802,1.14351799835009
3.22,0.713485121389382,0.500263628580974,0.814241866407826,1.10170265950952,1.14651885941261,1.14251510983072
3.23,0.712732059803156,0.500026906320454,0.812132489581435,1.10125336145848,1.14549526227824,1.14151063643662
3.24,0.711967955910291,0.499785218697212,0.810026741437887,1.10079660910066,1.14447016568153,1.14050466857787
3.25,0.711193012586014,0.499538637751412,0.807924760361655,1.10033251807689,1.14344365760324,1.13949729166808
3.26,0.710407430976389,0.49928723473713,0.805826685086768,1.09986120293132,1.14241582614383,1.13848859120567
3.27,0.709611410487643,0.499031080128534,0.80373265004211,1.09938277711459,1.14138675748873,1.1374786508258
3.28,0.708805148776156,0.498770243626089,0.801642781573185,1.09889735298719,1.14035653424676,1.13646755071275
3.29,0.707988841739253,0.498504794162768,0.799557208820023,1.09840504182292,1.13932524021141,1.13545537215541
3.3,0.707162683506633,0.498234799910288,0.797476050294551,1.09790595381249,1.13829295447386,1.13444219191686
3.31,0.70632686643257,0.497960328285346,0.795399424738847,1.09740019806719,1.13725975617894,1.13342808678465
3.32,0.705481581088721,0.497681445955868,0.793327446978639,1.09688788262274,1.13622572270412,1.1324131318292
3.33,0.704627016257684,0.497398218847262,0.791260224554068,1.09636911444319,1.13519092817082,1.13139739898279
3.34,0.703763358927131,0.497110712148672,0.78919786743512,1.09584399942501,1.13415544771596,1.13038096112223
3.35,0.702890794284686,0.496818990319239,0.787140476043046,1.09531264240121,1.13311935221418,1.12936388702645
3.36,0.702009505713235,0.496523117094358,0.785088150948542,1.09477514714556,1.13208271254485,1.12834624545464
3.37,0.701119674787243,0.496223155491929,0.78304098917447,1.09423161637707,1.13104559796075,1.12732810358771
3.38,0.700221481269124,0.495919167818609,0.780999081189482,1.09368215176427,1.13000807475349,1.12630952575578
3.39,0.699315103106657,0.495611215676054,0.778962519590282,1.09312685392991,1.12897021008809,1.12529057709926
3.4,0.698400716430852,0.495299359967155,0.776931388405014,1.09256582245557,1.12793206726831,1.12427131905023
3.41,0.697478495554304,0.494983660902262,0.774905771760218,1.09199915588638,1.12689370956736,1.12325181298958
3.42,0.696548612970027,0.494664178005396,0.772885750581716,1.09142695173586,1.12585519876542,1.12223211885134
3.43,0.695611239351047,0.494340970120452,0.770871399910915,1.09084930649082,1.12481659395271,1.12121229398268
3.44,0.694666543550445,0.494014095417383,0.768862796666652,1.09026631561643,1.12377795497333,1.12019239642829
3.45,0.693714692601833,0.49368361139837,0.766860010089331,1.08967807356127,1.12273933817592,1.11917248087941
3.46,0.692755851720264,0.493349574903972,0.764863109489068,1.08908467376244,1.12170079985397,1.11815260195469
3.47,0.691790184303845,0.493012042119265,0.762872161300374,1.08848620865085,1.12066239493419,1.11713281294976
3.48,0.690817851935742,0.492671068579949,0.760887226685894,1.08788276965659,1.11962417590272,1.11611316481582
3.49,0.689839014386588,0.492326709178445,0.758908368476741,1.08727444721424,1.11858619589873,1.11509370910647
3.5,0.688853829617262,0.491979018169961,0.756935642633662,1.08666133076834,1.11754850489973,1.11407449434544
3.51,0.687862453782322,0.491628049178542,0.754969105174994,1.08604350877894,1.11651115281198,1.11305556897023
3.52,0.686865041233789,0.491273855203088,0.753008809546347,1.08542106872719,1.11547418829368,1.1120369802116
3.53,0.68586174452527,0.490916488623353,0.751054804480818,1.08479409712103,1.11443765779166,1.11101877317827
3.54,0.684852714416438,0.490556001205913,0.749107140204851,1.0841626795008,1.11340160832054,1.11000099350117
3.55,0.683838099878083,0.490192444110109,0.747165860807683,1.08352690044511,1.11236608403789,1.10898368407615
3.56,0.682818048097483,0.489825867893959,0.745231010435947,1.08288684357667,1.11133112902047,1.10796688770535
3.57,0.681792704484072,0.489456322520045,0.743302630944314,1.08224259156814,1.11029678620825,1.10695064609285
3.58,0.680762212675419,0.489083857361364,0.741380759984832,1.08159422614804,1.10926309654031,1.1059349990246
3.59,0.679726714543727,0.488708521207156,0.739465436555318,1.08094182810681,1.10823010145117,1.10491998674086
3.6,0.678686350202609,0.48833036226869,0.737556694181,1.08028547730278,1.10719783979634,1.10390564701547
3.61,0.677641258014125,0.48794942818503,0.735654566452599,1.07962525266833,1.10616635034593,1.10289201752565
3.62,0.676591574596085,0.487565766028758,0.733759084927923,1.0789612322159,1.10513567083715,1.10187913495183
3.63,0.675537434829823,0.48717942231167,0.731870277426112,1.07829349304421,1.1041058371994,1.10086703424306
3.64,0.674478971868209,0.486790442990433,0.729988172986891,1.07762211134453,1.10307688579596,1.09985575074503
3.65,0.673416317143886,0.486398873472212,0.72811279577926,1.07694716240682,1.10204885066474,1.09884531758179
3.66,0.672349600377734,0.486004758620259,0.726244170051257,1.07626872062603,1.10102176575739,1.0978357677812
3.67,0.671278949587755,0.485608142759465,0.724382318255973,1.07558685950844,1.09999566408938,1.09682713346843
3.68,0.670204491098163,0.485209069681883,0.722527259529158,1.07490165167798,1.09897057704519,1.09581944520807
3.69,0.66912634954866,0.484807582652203,0.7206790141202,1.07421316888263,1.09794653639073,1.09481273391227
3.7,0.668044647903904,0.484403724413205,0.718837597952144,1.07352148200076,1.09692357179767,1.09380702849427
3.71,0.666959507463359,0.483997537191156,0.71700302704388,1.07282666104759,1.09590171285341,1.09280235777418
3.72,0.665871047871302,0.483589062701189,0.715175315837014,1.07212877518164,1.09488098829882,1.09179874975643
3.73,0.664779387127,0.48317834215263,0.713354475837678,1.07142789271123,1.09386142540557,1.09079623104092
3.74,0.663684641595034,0.482765416254292,0.71154051957355,1.07072408110088,1.09284305178184,1.08979482853314
3.75,0.662586926015961,0.482350325219732,0.709733455737701,1.07001740697789,1.09182589315212,1.08879456734236
3.76,0.661486353517113,0.481933108772466,0.70793329313745,1.06930793613887,1.09080997516062,1.08779547248942
3.77,0.660383035623522,0.481513806151144,0.70614003920113,1.06859573355627,1.08979532268783,1.08679756825983
3.78,0.659277082268971,0.481092456114693,0.704353698766979,1.06788086338489,1.08878195929289,1.08580087767688
3.79,0.658168601807337,0.480669096947412,0.702574277614826,1.06716338896851,1.08776990883285,1.08480542403353
3.8,0.657057701024046,0.480243766464032,0.700801778133432,1.06644337284643,1.08675919347271,1.08381122901062
3.81,0.655944485147618,0.479816502014736,0.699036202844571,1.06572087676012,1.08574983530245,1.08281831420652
3.82,0.654829057861319,0.479387340490138,0.697277553070981,1.06499596165969,1.08474185572472,1.08182670055814
3.83,0.653711521315064,0.478956318326225,0.695525827857019,1.06426868771062,1.08373527495567,1.08083640786982
3.84,0.652591976137399,0.478523471509251,0.693781027118635,1.06353911430029,1.08273011347606,1.07984745618466
3.85,0.651470521447558,0.478088835580604,0.692043147780148,1.06280730004463,1.08172639024882,1.07885986410076
3.86,0.650347254867592,0.477652445641619,0.690312186917122,1.06207330279468,1.08072412416802,1.07787365014045
3.87,0.649222272534715,0.47721433635836,0.688588140568775,1.06133717964324,1.07972333351055,1.07688883223233
3.88,0.64809566911371,0.476774541966361,0.686871002776664,1.06059898693148,1.07872403548963,1.07590542729036
3.89,0.646967537809379,0.47633309627532,0.685160768392126,1.05985878025551,1.07772624755429,1.07492345244058
3.9,0.645837970379046,0.47589003267376,0.683457429634017,1.05911661447303,1.07672998579392,1.07394292351557
3.91,0.644707057145244,0.475445384133647,0.681760978889501,1.05837254370987,1.07573526623568,1.07296385627917
3.92,0.643574887008435,0.474999183214969,0.680071407655934,1.05762662136664,1.07474210435383,1.07198626596351
3.93,0.642441547459759,0.474551462070272,0.678388705685273,1.05687890012528,1.07375051467068,1.07101016689313
3.94,0.641307124593807,0.474102252449156,0.676712863484215,1.05612943195565,1.07276051191931,1.07003557358154
3.95,0.640171703121559,0.473651585702738,0.675043869249341,1.05537826812205,1.07177210961663,1.06906249938604
3.96,0.639035366383319,0.473199492788063,0.673381711361029,1.05462545918984,1.07078532122414,1.06809095760234
3.97,0.637898196361663,0.472746004272487,0.671726377441363,1.05387105503195,1.06980015970921,1.067120961051
3.98,0.636760273694425,0.472291150338011,0.670077853593201,1.05311510483538,1.06881663718863,1.06615252174206
3.99,0.635621677687773,0.47183496078558,0.668436126624744,1.05235765710777,1.06783476596818,1.06518565185444
4,0.634482486329255,0.471377465039344,0.666801181322923,1.05159875968384,1.06685455726742,1.06422036253501
4.01,0.6333427763009,0.470918692150871,0.665173002672119,1.05083845973193,1.06587602225727,1.06325666487606
4.02,0.632202622992314,0.470458670803333,0.663551575016023,1.0500768037604,1.06489917166808,1.06229456954626
4.03,0.631062100513812,0.469997429315642,0.661936881381431,1.04931383762412,1.06392401547153,1.06133408649161
4.04,0.629921281709533,0.469534995646553,0.660328905455821,1.04854960653089,1.06295056380924,1.06037522580947
4.05,0.62878023817059,0.469071397398724,0.658727629163722,1.04778415504784,1.0619788258541,1.05941799667727
4.06,0.627639040248186,0.468606661822744,0.657133034638827,1.0470175271078,1.06100881073701,1.05846240822471
4.07,0.62649775706676,0.46814081582111,0.655545103478921,1.04624976601568,1.06004052719697,1.05750846920459
4.08,0.625356456537097,0.467673885952183,0.653963816145471,1.04548091445482,1.05907398329751,1.05655618772647
4.09,0.624215205369447,0.467205898434089,0.652389153719975,1.04471101449326,1.0581091872553,1.05560557203595
4.1,0.62307406908661,0.466736879148589,0.650821095751586,1.04394010759009,1.0571461464245,1.0546566295598
4.11,0.621933112037026,0.466266853644917,0.649259622008334,1.04316823460166,1.05618486812359,1.05370936768361
4.12,0.620792397407812,0.465795847143567,0.647704711815375,1.04239543578787,1.05522535932328,1.0527637934584
4.13,0.619651987237802,0.465323884540057,0.646156343522335,1.04162175081834,1.05426762639398,1.05181991336359
4.14,0.618511942430536,0.46485099040864,0.644614496061638,1.04084721877861,1.05331167584447,1.05087773400119
4.15,0.617372322767234,0.464377189005995,0.643079147038821,1.04007187817633,1.05235751341681,1.04993726124552
4.16,0.616233186919714,0.463902504274869,0.641550274286064,1.0392957669473,1.05140514482331,1.04899850093579
4.17,0.615094592463295,0.463426959847683,0.640027855274962,1.03851892246168,1.05045457546847,1.04806145861494
4.18,0.613956595889635,0.462950579050109,0.638511866644401,1.03774138152998,1.04950581022427,1.04712613931884
4.19,0.612819252619546,0.462473384904605,0.637002285581792,1.0369631804091,1.04855885408803,1.04619254819412
4.2,0.611682617015742,0.461995400133915,0.635499088130346,1.03618435480838,1.0476137113766,1.04526068974168
4.21,0.610546742395555,0.461516647164532,0.634002250565811,1.03540493989554,1.04667038638262,1.04433056843299
4.22,0.609411681043583,0.461037148130128,0.632511748875875,1.03462497030263,1.04572888312698,1.04340218847777
4.23,0.608277484224299,0.46055692487495,0.631027558342057,1.03384448013192,1.04478920515911,1.04247555363672
4.24,0.607144202194584,0.460075998957175,0.62954965476271,1.03306350296183,1.04385135614219,1.04155066777085
4.25,0.606011884216222,0.459594391652238,0.628078012954094,1.03228207185268,1.04291533913656,1.04062753416906
4.26,0.604880578568314,0.459112123956117,0.626612607969154,1.03150021935258,1.04198115718341,1.03970615609606
4.27,0.603750332559642,0.458629216588589,0.625153414636431,1.03071797750317,1.04104881308468,1.03878653658591
4.28,0.602621192540959,0.458145689996455,0.623700407190143,1.02993537784534,1.04011830922573,1.03786867827571
4.29,0.601493203917217,0.457661564356723,0.62225356035192,1.02915245142493,1.0391896480954,1.03695258389367
4.3,0.600366411159719,0.457176859579762,0.620812848004836,1.02836922879843,1.03826283164938,1.03603825566196
4.31,0.599240857818209,0.456691595312424,0.619378244271195,1.02758574003858,1.03733786182883,1.03512569578327
4.32,0.59811658653288,0.456205790941129,0.617949723104543,1.02680201473994,1.03641474036491,1.0342149062576
4.33,0.59699363904631,0.455719465594923,0.616527257962693,1.0260180820245,1.03549346862142,1.03330588873472
4.34,0.595872056215326,0.455232638148495,0.615110822763475,1.02523397054712,1.03457404805648,1.0323986449473
4.35,0.594751878022787,0.454745327225173,0.613700390712982,1.02444970850109,1.03365647965761,1.03149317618115
4.36,0.593633143589283,0.454257551199876,0.612295935257619,1.02366532362348,1.03274076440194,1.03058948370692
4.37,0.592515891184764,0.453769328202042,0.610897429723473,1.02288084320062,1.03182690308284,1.0296875686176
4.38,0.591400158240081,0.453280676118522,0.60950484702757,1.02209629407341,1.03091489617043,1.02878743169776
4.39,0.590285981358442,0.452791612596444,0.608118160521371,1.02131170264268,1.03000474422102,1.02788907380765
4.4,0.589173396326788,0.452302155046047,0.606737342956391,1.02052709487443,1.02909644737626,1.02699249541351
4.41,0.588062438127086,0.451812320643478,0.605362367324244,1.0197424963051,1.02819000577117,1.02609769697036
4.42,0.586953140947524,0.451322126333564,0.603993206538195,1.0189579320468,1.02728541938049,1.02520467877796
4.43,0.585845538193638,0.450831588832557,0.602629833178411,1.01817342679241,1.0263826878952,1.02431344086503
4.44,0.58473966249933,0.450340724630842,0.601272220235573,1.01738900482076,1.02548181108512,1.02342398332948
4.45,0.583635545737814,0.449849549995616,0.599920340198725,1.01660469000169,1.0245827883555,1.02253630592249
4.46,0.582533219032459,0.449358080973544,0.598574165795644,1.0158205058011,1.02368561910832,1.02165040838754
4.47,0.581432712767555,0.448866333393381,0.597233669711939,1.01503647528596,1.02279030260622,1.02076629033282
4.48,0.580334056598972,0.448374322868561,0.595898824366514,1.01425262112924,1.02189683786333,1.01988395112884
4.49,0.579237279464745,0.44788206479977,0.594569602566361,1.01346896561489,1.02100522396613,1.01900339020955
4.5,0.578142409595548,0.447389574377476,0.593245976703083,1.01268553064267,1.02011545968119,1.01812460670436
4.51,0.57704947452509,0.446896866584444,0.591927919404648,1.01190233773301,1.01922754377474,1.01724759973803
4.52,0.575958501100409,0.446403956198209,0.590615403287875,1.01111940803182,1.01834147489243,1.0163723683179
4.53,0.574869515492076,0.445910857793537,0.58930840076071,1.01033676231523,1.01745725146281,1.01549891124337
4.54,0.573782543204303,0.445417585744846,0.588006884598159,1.00955442099431,1.01657487198091,1.0146272273721
4.55,0.572697609084953,0.444924154228609,0.586710827235285,1.00877240411976,1.01569433466171,1.0137573152948
4.56,0.571614737335465,0.444430577225721,0.585420201340306,1.00799073138655,1.01481563772245,1.01288917360027
4.57,0.570533951520675,0.443936868523849,0.584134979596711,1.00720942213848,1.01393877927642,1.01202280077575
4.58,0.569455274578539,0.443443041719748,0.582855134529326,1.00642849537276,1.01306375724782,1.01115819512702
4.59,0.568378728829768,0.442949110221559,0.581580639010285,1.00564796974455,1.01219056962207,1.01029535501349
4.6,0.567304335987367,0.442455087251069,0.580311465637615,1.00486786357134,1.01131921413997,1.00943427856106
4.61,0.566232117166072,0.441960985845959,0.579047587238552,1.0040881948375,1.01044968854689,1.00857496389612
4.62,0.565162092891691,0.441466818862019,0.577788976677963,1.00330898119857,1.00958199049903,1.00771740905761
4.63,0.564094283110357,0.440972598975336,0.576535606705479,1.00253023998565,1.00871611748837,1.00686161192652
4.64,0.563028707197675,0.440478338684467,0.575287450399472,1.00175198820973,1.00785206706339,1.00600757043335
4.65,0.561965383967782,0.439984050312574,0.574044480621484,1.00097424256589,1.00698983655946,1.00515528230475
4.66,0.560904331682299,0.439489746009546,0.57280667045772,1.00019701943759,1.00612942331852,1.00430474526999
4.67,0.559845568059202,0.438995437754094,0.571573993050779,0.999420334900834,1.00527082460642,1.00345595698344
4.68,0.558789110281581,0.438501137355818,0.57034642146543,0.99864420472829,1.00441403754689,1.00260891496232
4.69,0.55773497500632,0.43800685645725,0.569123929077736,0.997868644393424,1.00355905931589,1.00176361676966
4.7,0.556683178372664,0.437512606535885,0.567906489096589,0.99709366907455,1.00270588690427,1.00092005979103
4.71,0.555633736010705,0.437018398906176,0.566694074950507,0.996319293658856,1.00185451731111,1.00007824141644
4.72,0.554586663049765,0.436524244721509,0.565486660140008,0.99554553274638,1.00100494747105,0.999238158972038
4.73,0.553541974126683,0.436030154976161,0.564284218119856,0.994772400653961,1.00015717419614,0.998399809665337
4.74,0.552499683394018,0.435536140507229,0.563086722639689,0.993999911419134,0.999311194346845,0.997563190746348
4.75,0.55145980452814,0.435042211996543,0.5618941473249,0.993228078803999,0.998467004623309,0.996728299310921
4.76,0.550422350737242,0.434548379972549,0.560706466015081,0.992456916299036,0.997624601735357,0.995895132460968
4.77,0.549387334769253,0.434054654812179,0.559523652634638,0.991686437126893,0.996783982338609,0.995063687244325
4.78,0.548354768919655,0.433561046742692,0.558345681089608,0.990916654246131,0.995945142983437,0.994233960606531
4.79,0.547324665039211,0.4330675658435,0.557172525565449,0.990147580354924,0.995108080265128,0.993405949532643
4.8,0.546297034541597,0.432574222047969,0.556004160160329,0.989379227894727,0.994272790640626,0.992579650874205
4.81,0.545271888410944,0.432081025145199,0.554840559180885,0.988611609053901,0.993439270577766,0.991755061490198
4.82,0.544249237209289,0.431587984781786,0.55368169702896,0.987844735771302,0.992607516499218,0.99093217819416
4.83,0.54322909108393,0.431095110463561,0.552527548111259,0.987078619739832,0.99177752473769,0.990110997711767
4.84,0.542211459774696,0.430602411557313,0.551378087099366,0.986313272409942,0.990949291667681,0.989291516805536
4.85,0.54119635262112,0.430109897292484,0.550233288609267,0.985548704993114,0.990122813544739,0.988473732122716
4.86,0.540183778569532,0.429617576762854,0.549093127459459,0.98478492846529,0.989298086636334,0.987657640319167
4.87,0.539173746180052,0.429125458928198,0.547957578571917,0.98402195357027,0.988475107172717,0.986843238012905
4.88,0.538166263633498,0.428633552615933,0.546826616893069,0.983259790823071,0.987653871307657,0.986030521746824
4.89,0.537161338738204,0.428141866522732,0.545700217620533,0.982498450513249,0.986834375233892,0.985219488098244
4.9,0.536158978936763,0.427650409216133,0.544578355923375,0.981737942708184,0.986016615042317,0.984410133545317
4.91,0.535159191312664,0.427159189136126,0.543461007167066,0.980978277256326,0.985200586836606,0.983602454575804
4.92,0.534161982596846,0.426668214596711,0.542348146826984,0.980219463790409,0.984386286690187,0.982796447646304
4.93,0.533167359174178,0.426177493787454,0.541239750419357,0.97946151173062,0.983573710611875,0.98199210914951
4.94,0.532175327089846,0.425687034775011,0.540135793698711,0.978704430287744,0.982762854646899,0.981189435510367
4.95,0.531185892055655,0.425196845504644,0.539036252413993,0.977948228466261,0.981953714753723,0.980388423068845
4.96,0.530199059456238,0.42470693380171,0.53794110250435,0.977192915067413,0.981146286904282,0.979589068175354
4.97,0.5292148343552,0.424217307373145,0.536850320023674,0.976438498692235,0.980340567046381,0.978791367155012
4.98,0.528233221501168,0.423727973808917,0.535763881080309,0.975684987744551,0.979536551073632,0.977995316278888
4.99,0.52725422533376,0.423238940583468,0.534681762008761,0.974932390433936,0.978734234913763,0.977200911848353
5,0.526277849989465,0.422750215057145,0.533603939157351,0.974180714778634,0.977933614420987,0.976408150092281
5.01,0.525304099307455,0.422261804477602,0.532530389058346,0.973429968608455,0.977134685463548,0.975617027250688
5.02,0.524332976835314,0.421773715981196,0.531461088362229,0.97268015956763,0.976337443890905,0.974827539543431
5.03,0.523364485834681,0.421285956594361,0.530396013785104,0.971931295117634,0.975541885507468,0.97403968314498
5.04,0.522398629286813,0.420798533234966,0.529335142257805,0.971183382539971,0.974748006149677,0.97325345425834
5.05,0.521435409898075,0.420311452713661,0.528278450741235,0.970436428938926,0.973955801592093,0.97246884902499
5.06,0.520474830105361,0.4198247217352,0.527225916374007,0.969690441244298,0.973165267623751,0.971685863598129
5.07,0.519516892081418,0.41933834689976,0.526177516415233,0.968945426214076,0.972376400019557,0.970904494115277
5.08,0.518561597740102,0.418852334704227,0.5251332281987,0.968201390437098,0.971589194517378,0.970124736676169
5.09,0.517608948741564,0.418366691543488,0.524093029262155,0.967458340335672,0.97080364688522,0.969346587407475
5.1,0.516658946497365,0.417881423711688,0.523056897186937,0.966716282168172,0.970019752839408,0.968570042383966
5.11,0.515711592175498,0.417396537403485,0.522024809725895,0.965975222031592,0.969237508111082,0.967795097692599
5.12,0.514766886705351,0.416912038715284,0.52099674475366,0.965235165864068,0.968456908421301,0.967021749408569
5.13,0.51382483078259,0.416427933646461,0.519972680226749,0.964496119447378,0.967677949461085,0.966249993575927
5.14,0.512885424873986,0.415944228100566,0.518952594295499,0.963758088409406,0.966900626949877,0.965479826264225
5.15,0.511948669222151,0.415460927886519,0.517936465164982,0.963021078226573,0.966124936564367,0.964711243499542
5.16,0.511014563850205,0.414978038719788,0.516924271205642,0.962285094226234,0.965350873996305,0.96394424132052
5.17,0.510083108566382,0.414495566223548,0.515915990910142,0.961550141589054,0.964578434930872,0.96317881575744
5.18,0.509154302968576,0.414013515929842,0.514911602858658,0.960816225351351,0.963807615029317,0.962414962815256
5.19,0.508228146448793,0.413531893280706,0.513911085815627,0.9600833504074,0.963038409979754,0.961652678523106
5.2,0.507304638197548,0.413050703629302,0.512914418609293,0.959351521511719,0.962270815435341,0.96089195887404
5.21,0.506383777208197,0.412569952241022,0.511921580227239,0.958620743281314,0.961504827064462,0.960132799873962
5.22,0.505465562281211,0.412089644294589,0.510932549778981,0.957891020197914,0.960740440531973,0.959375197523368
5.23,0.504549992028367,0.411609784883136,0.509947306465811,0.957162356610154,0.95997765148411,0.958619147802492
5.24,0.503637064876873,0.41113037901528,0.508965829664265,0.95643475673574,0.959216455592556,0.957864646714575
5.25,0.502726779073445,0.410651431616182,0.507988098821978,0.955708224663588,0.958456848500839,0.957111690233207
5.26,0.501819132688321,0.410172947528588,0.50701409354,0.954982764355938,0.957698825867813,0.956360274345054
5.27,0.500914123619193,0.409694931513863,0.506043793540431,0.954258379650426,0.956942383351419,0.955610395033933
5.28,0.500011749595088,0.409217388253016,0.505077178640236,0.953535074262139,0.956187516595595,0.954862048267812
5.29,0.499112008180183,0.408740322347702,0.504114228823128,0.95281285178564,0.95543422126844,0.954115230036588
5.3,0.498214896777585,0.408263738321223,0.503154924149657,0.952091715696974,0.954682493015809,0.953369936306129
5.31,0.49732041263301,0.407787640619512,0.502199244828005,0.951371669355632,0.953932327498925,0.952626163055536
5.32,0.496428552838422,0.407312033612102,0.501247171186018,0.950652716006494,0.953183720380347,0.951883906263266
5.33,0.495539314335621,0.406836921593095,0.500298683648494,0.949934858781756,0.95243666731263,0.951143161895768
5.34,0.494652693919769,0.406362308782102,0.499353762798974,0.949218100702821,0.951691163971315,0.950403925940435
5.35,0.493768688242854,0.40588819932519,0.498412389302232,0.948502444682165,0.950947206014835,0.949666194365529
5.36,0.492887293817087,0.405414597295802,0.497474543965049,0.947787893525175,0.950204789116984,0.948929963152643
5.37,0.492008507018265,0.40494150669568,0.496540207712072,0.947074449931971,0.949463908954812,0.948195228284631
5.38,0.491132324089077,0.404468931455763,0.495609361566134,0.946362116499197,0.948724561198822,0.947461985735662
5.39,0.49025874114234,0.403996875437086,0.494681986701259,0.945650895721791,0.947986741541434,0.946730231499957
5.4,0.48938775416418,0.403525342431662,0.493758064375962,0.944940789994718,0.947250445662405,0.945999961556863
5.41,0.488519359017178,0.403054336163356,0.492837575985293,0.944231801614696,0.9465156692568,0.945271171899105
5.42,0.487653551443462,0.402583860288743,0.49192050304004,0.943523932781891,0.945782408024585,0.944543858522303
5.43,0.486790327067729,0.402113918397969,0.491006827149698,0.942817185601587,0.945050657662152,0.943818017416275
5.44,0.485929681400225,0.401644514015581,0.490096530067815,0.942111562085832,0.944320413886831,0.943093644590072
5.45,0.485071609839674,0.40117565060137,0.48918959363472,0.941407064155057,0.943591672407133,0.942370736041556
5.46,0.484216107676176,0.400707331551187,0.48828599982197,0.940703693639693,0.94286442894679,0.941649287781988
5.47,0.483363170094025,0.400239560197754,0.487385730714469,0.940001452281739,0.942138679235824,0.940929295826913
5.48,0.48251279217449,0.39977233981147,0.486488768495734,0.939300341736316,0.941414419003238,0.940210756188562
5.49,0.481664968898549,0.399305673601201,0.485595095486607,0.938600363573204,0.940691643998079,0.939493664897648
5.5,0.480819695149597,0.398839564715065,0.484704694096167,0.937901519278363,0.939970349963887,0.938778017976893
5.51,0.479976965716067,0.398374016241203,0.483817546859585,0.937203810255416,0.939250532659305,0.938063811462396
5.52,0.479136775294027,0.397909031208544,0.48293363642278,0.936507237827114,0.938532187850435,0.937351041395722
5.53,0.478299118489734,0.397444612587563,0.482052945529689,0.935811803236792,0.937815311304551,0.936639703817266
5.54,0.477463989822145,0.396980763291024,0.481175457055212,0.935117507649797,0.937099898808145,0.935929794785219
5.55,0.476631383725373,0.396517486174717,0.480301153963249,0.934424352154892,0.936385946145053,0.935221310352538
5.56,0.475801294551095,0.39605478403819,0.479430019338824,0.933732337765639,0.935673449114067,0.934514246585504
5.57,0.474973716570936,0.395592659625462,0.478562036374953,0.933041465421767,0.934962403522417,0.933808599556872
5.58,0.474148643978804,0.395131115625742,0.477697188361654,0.932351735990525,0.934252805180373,0.933104365340063
5.59,0.473326070893176,0.394670154674122,0.476835458713908,0.931663150268002,0.933544649916666,0.932401540025661
5.6,0.47250599135934,0.39420977935228,0.475976830935853,0.930975708980433,0.932837933559808,0.931700119701394
5.61,0.471688399351605,0.393749992189159,0.475121288647969,0.930289412785485,0.932132651953104,0.931000100468239
5.62,0.470873288775482,0.393290795661645,0.474268815575851,0.929604262273537,0.93142880094911,0.930301478434489
5.63,0.470060653469805,0.392832192195241,0.473419395540745,0.928920257968921,0.930726376405002,0.929604249710676
5.64,0.469250487208807,0.392374184164721,0.472573012483176,0.928237400331148,0.930025374195725,0.928908410423913
5.65,0.468442783704185,0.391916773894788,0.4717296504325,0.927555689756131,0.929325790198081,0.928213956700501
5.66,0.467637536607117,0.391459963660716,0.4708892935298,0.926875126577379,0.928627620303487,0.927520884679891
5.67,0.466834739510231,0.391003755688991,0.470051926018328,0.926195711067171,0.927930860413274,0.926829190509552
5.68,0.466034385949538,0.390548152157937,0.469217532235344,0.92551744343771,0.927235506434736,0.92613887034054
5.69,0.465236469406339,0.39009315519834,0.468386096632027,0.924840323842272,0.926541554292287,0.925449920339946
5.7,0.464440983309105,0.389638766894061,0.467557603747635,0.924164352376332,0.925848999913969,0.924762336675801
5.71,0.463647921035294,0.389184989282646,0.466732038228728,0.923489529078668,0.925157839242242,0.924076115529173
5.72,0.462857275913149,0.388731824355924,0.465909384821026,0.922815853932448,0.924468068230023,0.92339125308973
5.73,0.46206904122346,0.388279274060599,0.465089628362402,0.922143326866306,0.92377968283731,0.922707745551864
5.74,0.461283210201309,0.387827340298835,0.464272753799571,0.921471947755407,0.92309267904063,0.922025589125503
5.75,0.460499776037752,0.38737602492884,0.463458746166247,0.920801716422483,0.922407052821631,0.92134478002301
5.76,0.45971873188148,0.386925329765427,0.462647590599177,0.920132632638853,0.921722800176172,0.920665314469655
5.77,0.458940070840455,0.386475256580589,0.461839272331252,0.919464696125438,0.921039917111002,0.919987188699782
5.78,0.45816378598352,0.386025807104051,0.461033776685479,0.91879790655376,0.920358399640885,0.919310398953427
5.79,0.457389870341956,0.385576983023821,0.460231089088903,0.918132263546912,0.919678243796559,0.918634941485691
5.8,0.456618316911018,0.385128785986735,0.45943119505421,0.917467766680527,0.918999445615146,0.917960812555384
5.81,0.455849118651442,0.384681217598998,0.45863408019303,0.916804415483717,0.918322001147761,0.917288008434079
5.82,0.455082268490941,0.38423427942671,0.457839730210105,0.916142209440025,0.917645906456742,0.91661652540281
5.83,0.454317759325637,0.383787972996392,0.457048130898133,0.91548114798833,0.916971157613218,0.91594635974911
5.84,0.453555584021479,0.383342299795508,0.4562592681493,0.914821230523749,0.916297750703781,0.915277507775142
5.85,0.452795735415635,0.382897261272974,0.455473127939855,0.914162456398538,0.915625681822451,0.914609965787858
5.86,0.452038206317873,0.382452858839663,0.454689696341056,0.913504824922964,0.914954947077024,0.913943730106816
5.87,0.451282989511878,0.382009093868907,0.453908959514276,0.912848335366169,0.914285542586769,0.913278797061342
5.88,0.450530077756564,0.381565967696993,0.453130903706575,0.912192986957013,0.913617464480385,0.912615162987935
5.89,0.449779463787355,0.381123481623644,0.452355515260191,0.911538778884913,0.912950708901546,0.911952824237321
5.9,0.449031140317451,0.380681636912508,0.451582780599674,0.910885710300672,0.91228527200223,0.911291777165916
5.91,0.448285100039054,0.38024043479163,0.450812686240815,0.910233780317279,0.911621149947963,0.910632018142584
5.92,0.44754133562456,0.379799876453924,0.450045218786544,0.909582988010706,0.910958338915929,0.909973543546196
5.93,0.446799839727748,0.379359963057636,0.44928036492315,0.908933332420692,0.910296835093249,0.90931634976335
5.94,0.446060604984945,0.378920695726805,0.448518111428012,0.90828481255152,0.909636634681573,0.908660433194489
5.95,0.445323624016143,0.378482075551716,0.447758445158937,0.907637427372769,0.908977733891569,0.908005790246509
5.96,0.444588889426107,0.378044103589346,0.447001353061354,0.906991175820059,0.908320128947223,0.907352417338584
5.97,0.443856393805458,0.377606780863809,0.446246822164911,0.906346056795784,0.907663816084303,0.906700310900072
5.98,0.443126129731746,0.377170108366793,0.445494839580234,0.905702069169845,0.907008791548917,0.906049467368517
5.99,0.442398089770478,0.376734087057991,0.444745392505171,0.90505921178035,0.906355051601282,0.905399883194944
6,0.441672266476129,0.376298717865525,0.443998468216006,0.904417483434312,0.905702592511212,0.904751554837466
6.01,0.440948652393138,0.375864001686374,0.443254054073184,0.903776882908338,0.905051410561609,0.904104478766302
6.02,0.440227240056894,0.375429939386785,0.442512137518496,0.903137408949313,0.904401502047228,0.903458651461975
6.03,0.439508021994672,0.374996531802685,0.441772706072317,0.902499060275055,0.903752863273474,0.902814069413569
6.04,0.438790990726564,0.37456377974009,0.441035747338568,0.90186183557497,0.903105490559469,0.902170729123309
6.05,0.43807613876639,0.374131683975504,0.440301248997544,0.901225733510697,0.902459380234395,0.901528627101024
6.06,0.437363458622597,0.373700245256314,0.43956919881039,0.900590752716744,0.901814528640287,0.900887759868473
6.07,0.43665294279912,0.373269464301189,0.43883958461678,0.899956891801106,0.901170932131063,0.900248123957806
6.08,0.435944583796227,0.372839341800456,0.438112394332579,0.899324149345876,0.900528587071523,0.899609715910021
6.09,0.435238374111357,0.372409878416491,0.437387615953706,0.898692523907842,0.899887489839812,0.898972532278937
6.1,0.434534306239936,0.371981074784096,0.436665237550348,0.898062014019094,0.899247636824498,0.898336569626403
6.11,0.433832372676169,0.371552931510865,0.435945247270367,0.897432618187591,0.89860902442677,0.897701824526017
6.12,0.433132565913806,0.371125449177561,0.435227633337414,0.896804334897734,0.897971649059688,0.897068293561809
6.13,0.432434878446904,0.370698628338475,0.434512384048938,0.896177162610931,0.897335507147362,0.896435973326887
6.14,0.431739302770579,0.370272469521787,0.433799487779135,0.895551099766153,0.896700595126892,0.895804860426874
6.15,0.431045831381719,0.369846973229922,0.433088932974331,0.894926144780474,0.896066909446082,0.895174951475766
6.16,0.430354456779686,0.369422139939899,0.43238070815549,0.894302296049599,0.895434446565123,0.894546243099122
6.17,0.429665171467007,0.36899797010368,0.431674801916694,0.893679551948397,0.894803202956032,0.893918731932946
6.18,0.42897796795006,0.368574464148511,0.43097120292346,0.893057910831415,0.894173175101989,0.893292414622492
6.19,0.428292838739721,0.368151622477261,0.430269899914908,0.892437371033386,0.893544359498827,0.892667287825236
6.2,0.427609776351997,0.367729445468755,0.429570881700138,0.891817930869722,0.892916752653288,0.892043348207295
6.21,0.426928773308662,0.367307933478106,0.428874137159981,0.891199588637006,0.892290351084269,0.89142059244617
6.22,0.426249822137874,0.366887086837039,0.428179655245797,0.890582342613479,0.891665151322421,0.890799017229786
6.23,0.425572915374757,0.366466905854215,0.427487424978047,0.88996619105951,0.891041149909622,0.890178619255443
6.24,0.424898045561988,0.366047390815549,0.426797435447803,0.889351132218055,0.890418343400085,0.889559395232382
6.25,0.424225205250356,0.365628541984523,0.426109675813978,0.888737164315119,0.889796728359068,0.888941341878698
6.26,0.423554386999331,0.365210359602497,0.425424135304436,0.888124285560207,0.889176301363758,0.888324455923677
6.27,0.422885583377593,0.364792843889018,0.424740803215051,0.887512494146765,0.888557059003005,0.887708734106995
6.28,0.422218786963547,0.364375995042119,0.42405966890851,0.886901788252604,0.887938997876898,0.887094173177783
6.29,0.421553990345845,0.363959813238622,0.423380721815271,0.886292166040334,0.887322114597564,0.886480769896846
6.3,0.420891186123889,0.363544298634432,0.422703951431502,0.885683625657786,0.88670640578826,0.885868521033994
6.31,0.420230366908309,0.363129451364828,0.422029347319663,0.885076165238414,0.886091868083943,0.885257423370049
6.32,0.419571525321431,0.362715271544755,0.421356899107793,0.884469782901703,0.885478498131122,0.884647473696159
6.33,0.418914653997742,0.362301759269105,0.420686596488494,0.883864476753561,0.884866292587529,0.884038668812971
6.34,0.418259745584345,0.361888914613001,0.42001842921944,0.883260244886719,0.884255248122645,0.883431005532554
6.35,0.417606792741388,0.361476737632076,0.419352387121916,0.882657085381103,0.883645361417119,0.882824480676086
6.36,0.416955788142484,0.361065228362743,0.418688460080949,0.882054996304214,0.883036629163078,0.882219091075578
6.37,0.416306724475126,0.360654386822472,0.418026638044792,0.881453975711493,0.882429048064072,0.881614833573285
6.38,0.415659594441097,0.360244213010056,0.417366911024073,0.880854021646694,0.881822614834826,0.881011705020976
6.39,0.415014390756856,0.359834706905874,0.416709269091917,0.880255132142228,0.88121732620154,0.880409702281598
6.4,0.414371106153907,0.359425868472155,0.416053702382994,0.879657305219517,0.880613178901582,0.879808822227277
6.41,0.413729733379175,0.359017697653235,0.415400201093277,0.879060538889336,0.880010169683574,0.879209061740783
6.42,0.413090265195372,0.358610194375813,0.414748755479699,0.878464831152155,0.879408295307425,0.878610417715044
6.43,0.412452694381296,0.358203358549202,0.414099355859426,0.877870179998443,0.878807552544144,0.878012887052488
6.44,0.411817013732321,0.35779719006558,0.413451992609677,0.877276583409076,0.878207938175952,0.877416466666483
6.45,0.411183216060519,0.357391688800234,0.412806656167182,0.876684039355544,0.877609448996201,0.876821153479615
6.46,0.410551294195093,0.356986854611803,0.412163337027655,0.876092545800326,0.877012081809286,0.876226944424929
6.47,0.409921240982662,0.356582687342521,0.411522025745563,0.875502100697185,0.876415833430732,0.875633836445522
6.48,0.409293049287559,0.35617918681845,0.410882712933545,0.874912701991467,0.875820700687073,0.875041826493963
6.49,0.408666711992127,0.355776352849716,0.410245389261947,0.874324347620403,0.875226680415801,0.874450911533528
6.5,0.40804222199702,0.355374185230742,0.409610045458652,0.87373703551341,0.87463376946548,0.873861088536719
6.51,0.407419572221455,0.354972683740474,0.408976672308292,0.873150763592364,0.874041964695498,0.873272354486316
6.52,0.406798755603471,0.354571848142606,0.408345260652143,0.872565529771877,0.873451262976217,0.872684706375037
6.53,0.406179765100182,0.354171678185808,0.407715801387637,0.871981331959573,0.872861661188899,0.87209814120502
6.54,0.40556259368803,0.353772173603939,0.407088285467684,0.871398168056354,0.872273156225516,0.87151265598889
6.55,0.404947234363016,0.353373334116271,0.406462703900806,0.870816035956669,0.871685744989028,0.870928247748479
6.56,0.404333680140935,0.3529751594277,0.405839047750135,0.870234933548772,0.871099424393011,0.870344913515716
6.57,0.403721924057608,0.352577649228958,0.405217308133413,0.869654858714977,0.870514191361847,0.86976265033235
6.58,0.403111959169108,0.352180803196828,0.404597476222583,0.869075809331922,0.869930042830693,0.869181455249479
6.59,0.402503778551954,0.351784620994342,0.403979543242951,0.868497783270801,0.869346975745181,0.868601325328475
6.6,0.401897375303306,0.351389102270994,0.403363500473546,0.867920778397603,0.868764987061829,0.868022257639878
6.61,0.401292742541159,0.350994246662937,0.402749339245973,0.867344792573344,0.86818407374756,0.867444249264149
6.62,0.400689873404527,0.350600053793185,0.402137050944479,0.866769823654303,0.867604232779938,0.866867297291439
6.63,0.400088761053623,0.350206523271808,0.40152662700563,0.866195869492248,0.867025461147156,0.866291398821167
6.64,0.399489398670036,0.349813654696129,0.400918058917328,0.865622927934655,0.866447755847666,0.865716550962819
6.65,0.398891779456897,0.349421447650915,0.400311338219369,0.865050996824934,0.865871113890678,0.865142750834992
6.66,0.398295896639057,0.349029901708565,0.399706456502173,0.864480074002647,0.865295532295607,0.864569995566029
6.67,0.397701743463227,0.348639016429302,0.39910340540692,0.863910157303715,0.864721008092334,0.863998282293831
6.68,0.397109313198113,0.348248791361356,0.398502176625272,0.863341244560613,0.864147538321222,0.863427608165472
6.69,0.396518599134562,0.347859226041145,0.397902761898307,0.862773333602579,0.863575120032677,0.862857970337892
6.7,0.395929594585695,0.347470319993459,0.397305153017218,0.862206422255804,0.863003750287724,0.862289365977074
6.71,0.395342292887038,0.347082072731636,0.396709341821954,0.861640508343633,0.862433426157399,0.861721792258571
6.72,0.394756687396645,0.346694483757741,0.396115320201407,0.861075589686751,0.861864144723023,0.861155246367355
6.73,0.394172771495218,0.346307552562738,0.395523080093196,0.860511664103373,0.86129590307625,0.860589725497474
6.74,0.393590538586241,0.345921278626662,0.394932613482498,0.859948729409435,0.860728698318558,0.860025226852642
6.75,0.393009982096065,0.345535661418791,0.3943439124029,0.859386783418767,0.860162527561908,0.859461747645535
6.76,0.392431095474009,0.345150700397811,0.393756968934951,0.85882582394326,0.859597387928071,0.858899285098227
6.77,0.391853872192456,0.344766395011984,0.393171775206398,0.858265848793041,0.859033276548925,0.858337836442072
6.78,0.391278305746942,0.344382744699312,0.392588323392012,0.857706855776642,0.858470190566524,0.857777398917387
6.79,0.390704389656246,0.343999748887694,0.392006605712364,0.857148842701161,0.857908127132538,0.857217969773971
6.8,0.390132117462472,0.343617406995093,0.391426614434771,0.85659180737243,0.857347083408968,0.856659546270483
6.81,0.38956148273113,0.343235718429689,0.390848341871802,0.856035747595169,0.856787056567436,0.85610212567482
6.82,0.388992479051225,0.342854682590033,0.390271780381543,0.855480661173155,0.85622804378949,0.855545705264009
6.83,0.388425100035307,0.342474298865208,0.389696922367465,0.854926545909363,0.855670042266686,0.85499028232393
6.84,0.387859339319535,0.342094566634973,0.389123760277156,0.854373399606113,0.855113049200005,0.854435854149755
6.85,0.387295190563732,0.341715485269918,0.388552286603344,0.853821220065214,0.854557061800593,0.85388241804542
6.86,0.386732647451444,0.341337054131611,0.387982493882368,0.853270005088105,0.854002077289031,0.853329971323925
6.87,0.386171703689988,0.340959272572744,0.387414374694474,0.852719752476001,0.853448092895648,0.852778511307263
6.88,0.385612353010504,0.340582139937277,0.386847921663712,0.852170460030023,0.852895105860615,0.852228035326155
6.89,0.385054589167999,0.340205655560582,0.386283127456639,0.85162212555134,0.852343113433329,0.851678540720435
6.9,0.384498405941404,0.339829818769585,0.385719984783398,0.851074746841303,0.851792112873195,0.851130024838592
6.91,0.383943797133591,0.339454628882901,0.385158486396181,0.850528321701571,0.851242101448866,0.850582485038015
6.92,0.383390756571407,0.339080085210976,0.384598625089528,0.849982847934229,0.850693076438562,0.85003591868494
6.93,0.382839278105697,0.338706187056222,0.384040393700267,0.849438323341912,0.850145035130177,0.84949032315421
6.94,0.382289355611333,0.338332933713149,0.383483785106195,0.848894745727927,0.849597974820646,0.8489456958296
6.95,0.381740982987233,0.337960324468499,0.382928792227193,0.848352112896368,0.849051892816742,0.84840203410343
6.96,0.381194154156383,0.337588358601377,0.382375408023691,0.847810422652234,0.848506786434303,0.847859335376756
6.97,0.380648863065854,0.337217035383379,0.381823625496979,0.847269672801543,0.847962652998561,0.847317597059337
6.98,0.380105103686829,0.336846354078722,0.381273437689168,0.846729861151449,0.847419489844251,0.846776816569409
6.99,0.379562870014599,0.336476313944367,0.380724837681863,0.846190985510343,0.846877294314962,0.846236991333972
7,0.379022156068561,0.336106914230146,0.380177818597317,0.845653043687958,0.846336063763954,0.84569811878845
7.01,0.378482955892227,0.335738154178884,0.379632373596884,0.845116033495467,0.845795795553376,0.845160196376844
7.02,0.377945263553219,0.335370033026518,0.379088495881355,0.844579952745587,0.845256487054594,0.844623221551713
7.03,0.37740907314327,0.335002550002221,0.378546178690923,0.844044799252677,0.844718135648302,0.844087191773963
7.04,0.376874378778217,0.33463570432852,0.378005415303875,0.843510570832836,0.84418073872388,0.843552104513099
7.05,0.376341174597999,0.334269495221407,0.377466199037749,0.842977265303997,0.843644293680195,0.843017957246922
7.06,0.375809454766656,0.333903921890462,0.376928523247808,0.842444880486028,0.843108797924841,0.842484747461659
7.07,0.375279213472309,0.333538983538963,0.376392381327373,0.841913414200814,0.842574248874445,0.841952472651949
7.08,0.374750444927134,0.333174679363999,0.375857766707814,0.841382864272344,0.842040643954799,0.841421130320645
7.09,0.374223143367349,0.332811008556582,0.375324672857248,0.840853228526793,0.841507980600202,0.840890717979035
7.1,0.37369730305319,0.332447970301755,0.374793093281699,0.84032450479261,0.840976256254274,0.840361233146581
7.11,0.373172918268891,0.332085563778703,0.374263021523592,0.839796690900597,0.840445468369182,0.839832673351017
7.12,0.372649983322658,0.331723788160857,0.373734451162096,0.839269784683992,0.839915614405967,0.839305036128341
7.13,0.372128492546649,0.331362642616004,0.373207375813122,0.838743783978548,0.839386691834655,0.838778319022636
7.14,0.371608440296955,0.331002126306385,0.372681789128032,0.838218686622614,0.838858698133611,0.838252519586259
7.15,0.371089820953557,0.330642238388805,0.372157684794809,0.837694490457209,0.838331630790354,0.837727635379616
7.16,0.370572628920289,0.33028297801473,0.371635056536567,0.837171193326084,0.83780548730078,0.83720366397123
7.17,0.370056858624803,0.329924344330389,0.371113898111901,0.836648793075799,0.837280265169489,0.836680602937748
7.18,0.369542504518532,0.329566336476873,0.370594203314883,0.836127287555791,0.836755961909897,0.836158449863769
7.19,0.369029561076654,0.329208953590234,0.370075965973809,0.83560667461844,0.836232575043596,0.83563720234201
7.2,0.368518022798047,0.32885219480158,0.369559179952348,0.835086952119135,0.835710102101158,0.835116857973105
7.21,0.368007884205257,0.328496059237172,0.369043839148085,0.834568117916344,0.835188540621372,0.834597414365662
7.22,0.36749913984446,0.328140546018518,0.368529937492869,0.834050169871679,0.834667888151561,0.834078869136268
7.23,0.366991784285408,0.327785654262464,0.368017468952818,0.833533105849955,0.834148142247696,0.833561219909329
7.24,0.366485812121377,0.327431383081291,0.367506427527091,0.833016923719241,0.833629300473767,0.833044464317217
7.25,0.36598121796912,0.327077731582799,0.366996807249021,0.832501621350925,0.83311136040257,0.832528600000093
7.26,0.365477996468815,0.326724698870404,0.366488602184693,0.831987196619767,0.832594319614959,0.832013624605945
7.27,0.364976142284014,0.326372284043219,0.365981806433283,0.831473647403953,0.832078175700158,0.831499535790597
7.28,0.364475650101591,0.326020486196148,0.365476414127084,0.830960971585151,0.831562926255874,0.830986331217565
7.29,0.363976514631691,0.325669304419967,0.364972419430282,0.830449167048567,0.831048568887673,0.830474008558176
7.3,0.363478730607687,0.325318737801414,0.364469816540094,0.829938231682998,0.830535101209761,0.829962565491422
7.31,0.362982292786108,0.324968785423269,0.363968599685367,0.829428163380879,0.830022520844246,0.829451999703972
7.32,0.362487195946582,0.32461944636444,0.363468763126918,0.828918960038327,0.82951082542144,0.8289423088902
7.33,0.361993434891772,0.324270719700042,0.362970301157561,0.82841061955519,0.829000012579977,0.828433490752033
7.34,0.36150100444732,0.32392260450148,0.36247320810092,0.82790313983509,0.8284900799662,0.827925542999068
7.35,0.361009899461781,0.323575099836531,0.361977478312535,0.827396518785468,0.827981025234918,0.827418463348433
7.36,0.360520114806565,0.323228204769416,0.361483106178508,0.826890754317631,0.827472846048693,0.826912249524798
7.37,0.360031645375872,0.322881918360887,0.360990086115831,0.826385844346791,0.826965540078133,0.826406899260395
7.38,0.359544486086643,0.322536239668296,0.360498412572414,0.825881786792116,0.826459105002002,0.825902410294881
7.39,0.359058631878477,0.322191167745675,0.360008080025942,0.825378579576761,0.825953538506626,0.825398780375439
7.4,0.358574077713567,0.32184670164381,0.359519082984943,0.824876220627906,0.825448838286634,0.824896007256655
7.41,0.35809081857663,0.321502840410315,0.359031415987478,0.824374707876791,0.824945002044253,0.824394088700519
7.42,0.357608849474835,0.321159583089706,0.358545073601464,0.823874039258757,0.824442027489604,0.823893022476443
7.43,0.357128165437738,0.32081692872347,0.358060050424702,0.823374212713277,0.823939912340804,0.823392806361143
7.44,0.356648761517212,0.32047487635014,0.357576341083763,0.82287522618399,0.823438654323383,0.822893438138712
7.45,0.356170632787376,0.320133425005363,0.357093940235043,0.82237707761874,0.822938251171013,0.822394915600523
7.46,0.355693774344535,0.31979257372197,0.356612842563475,0.821879764969612,0.822438700624821,0.821897236545214
7.47,0.355218181307099,0.319452321530044,0.356133042782852,0.821383286192958,0.821940000433667,0.821400398778716
7.48,0.354743848815501,0.319112667456987,0.355654535635866,0.820887639249422,0.821442148354255,0.820904400114129
7.49,0.35427077203213,0.318773610527591,0.355177315893009,0.820392822103973,0.820945142150558,0.820409238371798
7.5,0.353798946141251,0.318435149764097,0.354701378353613,0.819898832725933,0.820448979594533,0.819914911379218
7.51,0.353328366348931,0.318097284186264,0.354226717844601,0.819405669089002,0.819953658465443,0.819421416971018
7.52,0.352859027882965,0.317760012811434,0.353753329220796,0.818913329171286,0.819459176550138,0.818928752988986
7.53,0.352390925992801,0.317423334654592,0.353281207364965,0.818421810955325,0.818965531643156,0.818436917281953
7.54,0.351924055949472,0.317087248728433,0.352810347186753,0.817931112428122,0.818472721546165,0.81794590770586
7.55,0.351458413045511,0.316751754043419,0.352340743623698,0.817441231581164,0.817980744068659,0.817455722123673
7.56,0.350993992594869,0.316416849607842,0.351872391640012,0.81695216641044,0.817489597027298,0.816966358405358
7.57,0.350530789932834,0.316082534427885,0.351405286226891,0.816463914916464,0.816999278246178,0.816477814427914
7.58,0.350068800415955,0.31574880750768,0.350939422402552,0.815976475104298,0.816509785556935,0.815990088075257
7.59,0.349608019421961,0.315415667849368,0.350474795211213,0.815489844983571,0.816021116798199,0.815503177238277
7.6,0.34914844234968,0.315083114453152,0.35001139972406,0.815004022568498,0.815533269816267,0.815017079814771
7.61,0.348690064618966,0.314751146317363,0.349549231038085,0.814519005877904,0.815046242464468,0.814531793709401
7.62,0.348232881670623,0.314419762438507,0.349088284276377,0.814034792935247,0.814560032603419,0.814047316833739
7.63,0.347776888966318,0.314088961811325,0.348628554588164,0.813551381768628,0.814074638101132,0.813563647106146
7.64,0.347322081988492,0.31375874342885,0.348170037147821,0.813068770410807,0.813590056832476,0.813080782451833
7.65,0.346868456240284,0.313429106282456,0.347712727155815,0.812586956899223,0.813106286679836,0.812598720802788
7.66,0.346416007245444,0.313100049361914,0.347256619837574,0.812105939276003,0.812623325532493,0.812117460097746
7.67,0.345964730548256,0.312771571655445,0.346801710443777,0.81162571558798,0.812141171286878,0.811636998282218
7.68,0.345514621713449,0.312443672149772,0.34634799425039,0.811146283886711,0.811659821846666,0.811157333308388
7.69,0.345065676326122,0.312116349830169,0.345895466557707,0.810667642228485,0.811179275122261,0.810678463135159
7.7,0.34461788999167,0.311789603680515,0.345444122691271,0.810189788674348,0.810699529031432,0.810200385728093
7.71,0.344171258335688,0.311463432683342,0.344993958000776,0.809712721290106,0.810220581498716,0.809723099059372
7.72,0.343725777003887,0.311137835819883,0.344544967860347,0.809236438146337,0.809742430455654,0.809246601107834
7.73,0.343281441662011,0.310812812070126,0.34409714766858,0.8087609373184,0.809265073840893,0.808770889858866
7.74,0.342838247995752,0.310488360412854,0.343650492847616,0.808286216886448,0.808788509599679,0.808295963304451
7.75,0.342396191710665,0.310164479825699,0.343204998844029,0.807812274935436,0.80831273568448,0.807821819443113
7.76,0.341955268532088,0.309841169285186,0.342760661127763,0.807339109555132,0.807837750054396,0.807348456279872
7.77,0.341515474205056,0.309518427766779,0.342317475192411,0.806866718840128,0.8073635506754,0.806875871826281
7.78,0.341076804494227,0.309196254244927,0.34187543655525,0.806395100889851,0.806890135520429,0.806404064100328
7.79,0.340639255183791,0.308874647693108,0.341434540756345,0.805924253808569,0.806417502568894,0.805933031126473
7.8,0.340202822077378,0.308553607083875,0.34099478335941,0.805454175705393,0.805945649807284,0.805462770935597
7.81,0.339767500997979,0.3082331313889,0.340556159950783,0.804984864694286,0.805474575228593,0.804993281564961
7.82,0.339333287787856,0.307913219579012,0.340118666139695,0.804516318894072,0.805004276832556,0.804524561058237
7.83,0.338900178308461,0.307593870624246,0.339682297558302,0.804048536428434,0.804534752625732,0.804056607465416
7.84,0.338468168440351,0.307275083493883,0.339247049860823,0.80358151542593,0.804066000621035,0.803589418842843
7.85,0.338037254083103,0.306956857156488,0.338812918724369,0.803115254019989,0.80359801883831,0.803122993253164
7.86,0.337607431155243,0.306639190579955,0.338379899847962,0.802649750348929,0.803130805303792,0.802657328765292
7.87,0.337178695594146,0.306322082731546,0.337947988952782,0.802185002555951,0.802664358050317,0.802192423454432
7.88,0.336751043355955,0.306005532577929,0.337517181782211,0.801721008789144,0.802198675117417,0.801728275401993
7.89,0.336324470415491,0.305689539085219,0.337087474100992,0.801257767201485,0.801733754550855,0.80126488269562
7.9,0.335898972766173,0.305374101219016,0.336658861696038,0.800795275950845,0.801269594403191,0.800802243429147
7.91,0.335474546419931,0.305059217944445,0.336231340375474,0.800333533199988,0.800806192733248,0.800340355702556
7.92,0.335051187407119,0.30474488822619,0.335804905968891,0.799872537116577,0.800343547606327,0.799879217622011
7.93,0.33462889177644,0.304431111028534,0.335379554327372,0.799412285873174,0.799881657094289,0.799418827299762
7.94,0.334207655594862,0.304117885315393,0.334955281322698,0.798952777647249,0.799420519275113,0.798959182854184
7.95,0.33378747494753,0.303805210050355,0.334532082848114,0.798494010621172,0.798960132233435,0.798500282409726
7.96,0.333368345937679,0.303493084196714,0.334109954817415,0.798035982982217,0.79850049406004,0.798042124096874
7.97,0.332950264686547,0.303181506717504,0.333688893165184,0.797578692922555,0.798041602852062,0.79758470605218
7.98,0.332533227333294,0.302870476575538,0.333268893846827,0.797122138639262,0.797583456713067,0.797128026418176
7.99,0.332117230034916,0.302559992733435,0.332849952837793,0.796666318334314,0.797126053752622,0.7966720833434
8,0.331702268966165,0.302250054153659,0.33243206613433,0.796211230214586,0.796669392086824,0.796216874982358
8.01,0.33128834031946,0.301940659798553,0.33201522975259,0.795756872491852,0.796213469837796,0.79576239949548
8.02,0.330875440304822,0.301631808630366,0.331599439728866,0.795303243382792,0.795758285133892,0.795308655049153
8.03,0.330463565149772,0.30132349961129,0.331184692119623,0.79485034110898,0.795303836109768,0.794855639815631
8.04,0.330052711099252,0.301015731703492,0.330770983000747,0.794398163896887,0.794850120905973,0.794403351973068
8.05,0.329642874415541,0.300708503869143,0.330358308468274,0.79394670997787,0.794397137669451,0.793951789705475
8.06,0.329234051378169,0.300401815070448,0.329946664637529,0.793495977588177,0.793944884553063,0.79350095120268
8.07,0.328826238283839,0.300095664269681,0.329536047643348,0.793045964968941,0.793493359715775,0.793050834660354
8.08,0.32841943144634,0.29979005042921,0.329126453640119,0.792596670366177,0.793042561322738,0.792601438279935
8.09,0.328013627196469,0.299484972511532,0.328717878801049,0.792148092030778,0.79259248754488,0.792152760268646
8.1,0.327608821881959,0.299180429479296,0.328310319318871,0.791700228218518,0.792143136559401,0.791704798839465
8.11,0.327205011867382,0.298876420295336,0.32790377140501,0.791253077190047,0.791694506549304,0.791257552211079
8.12,0.326802193534073,0.2985729439227,0.327498231289804,0.790806637210876,0.79124659570358,0.790811018607908
8.13,0.326400363280043,0.298269999324675,0.327093695222539,0.790360906551379,0.790799402217284,0.790365196260038
8.14,0.3259995175199,0.297967585464815,0.32669015947074,0.789915883486789,0.790352924291139,0.789920083403233
8.15,0.325599652684767,0.297665701306971,0.32628762032086,0.78947156629719,0.789907160132019,0.789475678278904
8.16,0.325200765222204,0.297364345815316,0.325886074077468,0.789027953267512,0.789462107952487,0.789031979134068
8.17,0.324802851596122,0.297063517954369,0.325485517063472,0.788585042687528,0.789017765970983,0.788588984221372
8.18,0.32440590828672,0.296763216689025,0.325085945620137,0.788142832851854,0.788574132411888,0.788146691799025
8.19,0.324009931790389,0.29646344098458,0.324687356106423,0.787701322059935,0.788131205505151,0.787705100130804
8.2,0.323614918619632,0.296164189806754,0.324289744899629,0.78726050861604,0.787688983486746,0.787264207486039
8.21,0.323220865302987,0.295865462121717,0.323893108394624,0.786820390829257,0.78724746459823,0.786824012139557
8.22,0.322827768384946,0.295567256896115,0.323497443004053,0.786380967013484,0.786806647086925,0.786384512371716
8.23,0.322435624425875,0.295269573097092,0.323102745158364,0.785942235487422,0.786366529205978,0.78594570646833
8.24,0.322044430001933,0.294972409692315,0.322709011305156,0.785504194574573,0.785927109213998,0.785507592720683
8.25,0.321654181705002,0.294675765649998,0.322316237909816,0.785066842603227,0.785488385375503,0.785070169425507
8.26,0.321264876142607,0.294379639938924,0.321924421454767,0.784630177906465,0.785050355960489,0.784633434884936
8.27,0.320876509937838,0.294084031528467,0.321533558439666,0.784194198822144,0.784613019244603,0.784197387406526
8.28,0.320489079729265,0.293788939388618,0.321143645381438,0.783758903692891,0.78417637350921,0.783762025303195
8.29,0.320102582170863,0.293494362490004,0.320754678813642,0.783324290866092,0.783740417041029,0.783327346893232
8.3,0.319717013931932,0.29320029980391,0.320366655287084,0.782890358693886,0.783305148132574,0.78289335050027
8.31,0.319332371697025,0.292906750302302,0.319979571369095,0.782457105533157,0.782870565081736,0.782460034453246
8.32,0.318948652165864,0.292613712957847,0.319593423643724,0.782024529745526,0.782436666191949,0.782027397086423
8.33,0.318565852053274,0.292321186743934,0.319208208711763,0.781592629697343,0.782003449772248,0.781595436739327
8.34,0.318183968089103,0.292029170634695,0.318823923190145,0.781161403759682,0.781570914136932,0.781164151756754
8.35,0.317802997018149,0.291737663605024,0.318440563712524,0.780730850308333,0.781139057605973,0.78073354048875
8.36,0.317422935599946,0.291446664630599,0.318058126928593,0.780300967723702,0.780707878504625,0.780303601290566
8.37,0.317043780609165,0.2911561726879,0.317676609504258,0.779871754391108,0.780277375163575,0.779874332522682
8.38,0.316665528834903,0.290866186754228,0.317296008121667,0.779443208700372,0.779847545919006,0.779445732550746
8.39,0.316288177080985,0.290576705807726,0.316916319478628,0.779015329046041,0.779418389112263,0.779017799745579
8.4,0.315911722165801,0.290287728827395,0.316537540289176,0.778588113827328,0.778989903090259,0.778590532483157
8.41,0.315536160922237,0.289999254793115,0.316159667282898,0.778161561448105,0.778562086205085,0.778163929144563
8.42,0.315161490197599,0.289711282685661,0.31578269720512,0.777735670316889,0.778134936814163,0.77773798811602
8.43,0.314787706853539,0.289423811486723,0.315406626816925,0.777310438846837,0.777708453280307,0.777312707788817
8.44,0.314414807765982,0.289136840178921,0.315031452894589,0.776885865455732,0.777282633971395,0.776888086559326
8.45,0.314042789825052,0.288850367745824,0.314657172230135,0.776461948565979,0.776857477260765,0.77646412282898
8.46,0.313671649935003,0.28856439317197,0.314283781630681,0.776038686604587,0.776432981526835,0.776040815004226
8.47,0.313301385014142,0.288278915442874,0.313911277918613,0.775616078003167,0.776009145153256,0.775618161496555
8.48,0.312931991994759,0.287993933545054,0.313539657931612,0.775194121197918,0.775585966528963,0.775196160722434
8.49,0.312563467823059,0.287709446466042,0.313168918522105,0.774772814629619,0.775163444047865,0.77477481110332
8.5,0.312195809459103,0.287425453194402,0.312799056557798,0.774352156743626,0.774741576109221,0.774354111065636
8.51,0.311829013876722,0.287141952719745,0.312430068921051,0.773932145989858,0.774320361117281,0.773934059040733
8.52,0.311463078063445,0.286858944032742,0.312061952509043,0.773512780822778,0.773899797481421,0.773514653464909
8.53,0.311097999020427,0.286576426125146,0.311694704233796,0.773094059701388,0.773479883616207,0.773095892779351
8.54,0.310733773762381,0.286294397989799,0.311328321021648,0.772675981089214,0.773060617941082,0.772677775430144
8.55,0.310370399317504,0.286012858620653,0.310962799813769,0.7722585434543,0.772641998880738,0.772260299868247
8.56,0.310007872727411,0.285731807012779,0.310598137565551,0.771841745269191,0.772224024864761,0.771843464549459
8.57,0.309646191047067,0.285451242162388,0.310234331246777,0.771425585010929,0.771806694327773,0.771427267934436
8.58,0.309285351344713,0.285171163066837,0.309871377841634,0.77101006116104,0.77139000570948,0.771011708488634
8.59,0.3089253507018,0.284891568724651,0.309509274348213,0.770595172205517,0.770973957454377,0.770596784682316
8.6,0.308566186212922,0.284612458135531,0.309148017778999,0.770180916634821,0.770558548012109,0.770182494990535
8.61,0.308207854985747,0.284333830300367,0.308787605160292,0.769767292943857,0.770143775837122,0.769768837893091
8.62,0.307850354140949,0.284055684221256,0.308428033532358,0.769354299631974,0.769729639388801,0.769355811874556
8.63,0.307493680812139,0.28377801890151,0.308069299949456,0.768941935202944,0.769316137131521,0.768943415424212
8.64,0.307137832145803,0.283500833345671,0.307711401479339,0.768530198164961,0.768903267534356,0.768531647036063
8.65,0.306782805301232,0.283224126559525,0.307354335203744,0.768119087030622,0.768491029071432,0.768120505208817
8.66,0.306428597450472,0.282947897550108,0.306998098217817,0.76770860031693,0.768079420221584,0.767709988445839
8.67,0.306075205778241,0.282672145325727,0.306642687630273,0.76729873654527,0.767668439468498,0.767300095255182
8.68,0.305722627481868,0.282396868895964,0.306288100563409,0.766889494241401,0.76725808530075,0.766890824149524
8.69,0.305370859771219,0.282122067271692,0.305934334152634,0.76648087193544,0.76684835621153,0.766482173646178
8.7,0.305019899868638,0.281847739465086,0.305581385546935,0.76607286816185,0.766439250698985,0.766074142267075
8.71,0.304669745008877,0.281573884489632,0.305229251908322,0.765665481459436,0.766030767265881,0.765666728538722
8.72,0.304320392439038,0.28130050136014,0.304877930411985,0.765258710371321,0.765622904419744,0.765259930992224
8.73,0.303971839418503,0.281027589092754,0.304527418246307,0.764852553444948,0.765215660672899,0.764853748163232
8.74,0.303624083218872,0.280755146704964,0.304177712612408,0.764447009232057,0.7648090345422,0.764448178591945
8.75,0.303277121123902,0.280483173215615,0.303828810724594,0.76404207628868,0.76440302454936,0.764043220823096
8.76,0.302930950429439,0.280211667644917,0.303480709809825,0.763637753175127,0.763997629220629,0.763638873405913
8.77,0.3025855684434,0.279940629014455,0.303133407107864,0.763234038456,0.763592847086927,0.763235134894139
8.78,0.302240972485481,0.279670056347202,0.302786899871289,0.762830930700036,0.763188676683879,0.762832003845978
8.79,0.3018971598876,0.279399948667525,0.302441185365055,0.762428428480422,0.762785116551562,0.762429478824103
8.8,0.301554127993302,0.279130305001196,0.302096260866922,0.762026530374434,0.762382165234811,0.762027558395638
8.81,0.301211874157886,0.278861124375401,0.301752123666954,0.761625234963552,0.761979821282922,0.761626241132119
8.82,0.300870395748526,0.278592405818748,0.301408771067645,0.761224540833567,0.76157808324977,0.761225525609516
8.83,0.300529690144027,0.278324148361281,0.301066200383945,0.760824446574443,0.761176949693845,0.760825410408182
8.84,0.300189754734692,0.278056351034483,0.30072440894283,0.760424950780269,0.760776419178009,0.760425894112854
8.85,0.299850586922335,0.277789012871286,0.300383394083721,0.760026052049284,0.760376490269792,0.760026975312641
8.86,0.299512184120404,0.277522132906081,0.300043153157988,0.759627748983991,0.759977161541102,0.759628652600987
8.87,0.29917454375373,0.277255710174728,0.299703683529089,0.75923004019102,0.759578431568338,0.759230924575688
8.88,0.298837663258411,0.27698974371456,0.299364982572578,0.758832924281077,0.759180298932432,0.758833789838842
8.89,0.298501540081815,0.276724232564392,0.299027047675705,0.758436399868972,0.758782762218605,0.758437246996855
8.9,0.298166171682702,0.276459175764531,0.298689876237807,0.758040465573727,0.758385820016657,0.758041294660426
8.91,0.297831555530983,0.276194572356782,0.298353465669841,0.757645120018446,0.757989470920687,0.757645931444507
8.92,0.297497689107601,0.275930421384458,0.298017813394507,0.75725036183026,0.757593713529201,0.757251155968328
8.93,0.297164569904536,0.275666721892383,0.297682916846267,0.756856189640357,0.757198546445152,0.756856966855342
8.94,0.296832195424926,0.275403472926903,0.297348773470945,0.756462602084088,0.756803968275701,0.75646336273323
8.95,0.296500563182826,0.275140673535891,0.297015380726121,0.756069597800835,0.756409977632508,0.756070342233893
8.96,0.296169670703098,0.274878322768755,0.296682736080664,0.755677175433964,0.756016573131449,0.755677903993405
8.97,0.295839515521414,0.274616419676444,0.296350837014863,0.755285333630846,0.755623753392723,0.755286046652041
8.98,0.295510095184368,0.274354963311458,0.296019681020437,0.754894071042968,0.755231517040897,0.754894768854225
8.99,0.295181407249253,0.274093952727847,0.295689265600155,0.754503386325801,0.754839862704668,0.754504069248534
9,0.29485344928394,0.273833386981227,0.29535958826821,0.754113278138747,0.754448789017145,0.754113946487684
9.01,0.294526218866886,0.273573265128778,0.295030646549774,0.753723745145172,0.754058294615576,0.753724399228494
9.02,0.294199713587251,0.273313586229254,0.294702437981121,0.753334786012504,0.753668378141458,0.753335426131906
9.03,0.293873931044664,0.27305434934299,0.294374960109637,0.752946399412106,0.753279038240563,0.752947025862937
9.04,0.293548868849121,0.272795553531905,0.294048210493452,0.752558584019229,0.752890273562727,0.752559197090682
9.05,0.293224524620983,0.27253719785951,0.293722186701808,0.752171338513037,0.752502082762113,0.7521719384883
9.06,0.292900895991091,0.27227928139091,0.293396886314615,0.751784661576705,0.752114464496944,0.751785248732984
9.07,0.292577980600543,0.272021803192815,0.293072306922587,0.7513985518973,0.751727417429617,0.751399126505969
9.08,0.292255776100587,0.271764762333542,0.292748446127236,0.751013008165723,0.751340940226724,0.751013570492497
9.09,0.291934280152622,0.271508157883019,0.292425301540529,0.750628029076746,0.750955031558846,0.750628579381812
9.1,0.291613490428313,0.271251988912792,0.292102870785231,0.750243613329101,0.750569690100808,0.750244151867152
9.11,0.291293404609369,0.270996254496031,0.291781151494491,0.749859759625358,0.750184914531425,0.749860286645712
9.12,0.290974020387441,0.270740953707531,0.29146014131196,0.749476466671884,0.749800703533606,0.749476982418664
9.13,0.290655335464121,0.270486085623723,0.29113983789179,0.749093733178862,0.749417055794377,0.749094237891106
9.14,0.290337347551056,0.270231649322671,0.290820238898307,0.748711557860387,0.749033970004684,0.748712051772074
9.15,0.290020054369729,0.269977643884082,0.290501342006333,0.748329939434346,0.748651444859632,0.748330422774523
9.16,0.289703453651362,0.269724068389308,0.290183144900795,0.747948876622373,0.748269479058249,0.747949349615296
9.17,0.289387543136913,0.269470921921352,0.289865645276832,0.747568368149874,0.747888071303577,0.747568831015138
9.18,0.289072320577186,0.26921820356487,0.289548840839803,0.747188412746113,0.747507220302702,0.747188865698655
9.19,0.288757783732623,0.268965912406176,0.289232729304955,0.746809009144104,0.747126924766556,0.746809452394317
9.2,0.2884439303732,0.268714047533247,0.288917308397755,0.746430156080558,0.746747183410156,0.746430589834443
9.21,0.288130758278433,0.268462608035725,0.288602575853494,0.746051852295909,0.746367994952369,0.746052276755173
9.22,0.287818265237479,0.268211593004922,0.288288529417398,0.745674096534405,0.745989358115999,0.745674511896477
9.23,0.287506449048937,0.267961001533823,0.28797516684464,0.74529688754399,0.745611271627825,0.745297294002119
9.24,0.287195307520742,0.26771083271709,0.287662485900011,0.744920224076264,0.7452337342184,0.744920621819657
9.25,0.286884838470175,0.267461085651064,0.287350484358242,0.7445441048865,0.744856744622284,0.744544494100429
9.26,0.286575039723961,0.267211759433772,0.287039160003627,0.744168528733736,0.744480301577818,0.744168909599525
9.27,0.28626590911807,0.266962853164926,0.286728510630127,0.743793494380662,0.744104403827213,0.743793867075801
9.28,0.285957444497621,0.266714365945926,0.286418534041375,0.743419000593573,0.743729050116574,0.743419365291833
9.29,0.285649643716885,0.266466296879868,0.286109228050372,0.743045046142394,0.743354239195715,0.743045403013927
9.3,0.285342504639383,0.266218645071543,0.285800590479786,0.742671629800766,0.742979969818385,0.742671979012104
9.31,0.285036025137694,0.265971409627438,0.285492619161592,0.742298750345932,0.742606240742044,0.742299092060067
9.32,0.284730203093358,0.265724589655745,0.285185311937172,0.741926406558699,0.742233050727948,0.741926740935215
9.33,0.284425036396879,0.265478184266357,0.284878666657322,0.741554597223452,0.741860398541181,0.741554924418609
9.34,0.284120522947823,0.265232192570876,0.284572681181952,0.741183321128248,0.741488282950465,0.741183641294968
9.35,0.283816660654628,0.264986613682611,0.284267353380384,0.740812577064698,0.741116702728386,0.74081289035266
9.36,0.28351344743451,0.264741446716583,0.283962681130995,0.74044236382793,0.740745656651173,0.740442670383669
9.37,0.283210881213466,0.264496690789526,0.28365866232132,0.740072680216607,0.740375143498785,0.740072980183615
9.38,0.282908959926373,0.264252345019892,0.283355294848053,0.739703525033013,0.740005162054932,0.739703818551709
9.39,0.282607681516795,0.264008408527849,0.283052576616767,0.739334897082942,0.739635711106904,0.739335184290756
9.4,0.282307043936897,0.263764880435286,0.282750505542186,0.738966795175658,0.739266789445781,0.738967076207147
9.41,0.282007045147447,0.263521759865813,0.282449079547856,0.738599218123916,0.738898395866218,0.738599493110826
9.42,0.281707683117911,0.263279045944765,0.282148296566235,0.738232164744043,0.738530529166533,0.738232433815304
9.43,0.281408955826265,0.263036737799202,0.281848154538696,0.737865633855831,0.738163188148731,0.737865897137623
9.44,0.281110861258912,0.262794834557912,0.281548651415257,0.737499624282497,0.737796371618328,0.737499881898355
9.45,0.280813397410683,0.262553335351412,0.281249785154845,0.737134134850703,0.737430078384559,0.737134386921593
9.46,0.280516562284928,0.262312239311947,0.280951553724975,0.736769164390636,0.737064307260175,0.73676941103492
9.47,0.280220353893339,0.262071545573499,0.280653955101835,0.736404711735903,0.736699057061521,0.736404953069427
9.48,0.279924770255861,0.26183125327178,0.280356987270302,0.736040775723493,0.73633432660856,0.736041011859667
9.49,0.279629809400695,0.261591361544237,0.280060648223659,0.735677355193792,0.735970114724705,0.735677586243666
9.5,0.279335469364392,0.261351869530055,0.279764935963869,0.735314448990666,0.73560642023702,0.735314675062906
9.51,0.279041748191671,0.261112776370154,0.279469848501258,0.734952055961356,0.735243241976022,0.734952277162298
9.52,0.278748643935341,0.260874081207194,0.279175383854596,0.734590174956441,0.734880578775756,0.734590391390198
9.53,0.278456154656299,0.260635783185575,0.278881540051109,0.734228804829852,0.734518429473818,0.734229016598366
9.54,0.278164278423622,0.260397881451435,0.278588315126217,0.733867944438954,0.734156792911195,0.733868151641969
9.55,0.277873013314391,0.260160375152656,0.278295707123787,0.733507592644443,0.733795667932458,0.733507795379574
9.56,0.277582357413614,0.25992326343886,0.278003714095831,0.733147748310307,0.733435053385568,0.733147946673114
9.57,0.277292308814222,0.259686545461415,0.277712334102583,0.732788410303845,0.733074948121949,0.732788604387905
9.58,0.277002865617163,0.259450220373429,0.277421565212517,0.732429577495743,0.732715350996515,0.732429767392608
9.59,0.276714025931227,0.259214287329758,0.277131405502081,0.732071248759972,0.732356260867509,0.732071434559235
9.6,0.276425787872969,0.258978745487001,0.276841853055954,0.731713422973755,0.731997676596692,0.73171360476313
9.61,0.276138149566712,0.258743594003502,0.276552905966746,0.731356099017581,0.731639597049153,0.731356276882951
9.62,0.275851109144631,0.258508832039352,0.276264562335077,0.730999275775279,0.731282021093387,0.730999449800676
9.63,0.275564664746587,0.258274458756388,0.27597682026959,0.730642952133924,0.73092494760131,0.73064312240157
9.64,0.27527881452005,0.258040473318195,0.275689677886697,0.730287126983794,0.73056837544811,0.73028729357419
9.65,0.2749935566201,0.257806874890102,0.275403133310828,0.729931799218394,0.730212303512431,0.729931962210366
9.66,0.274708889209514,0.257573662639189,0.275117184674136,0.729576967734524,0.729856730676182,0.729577127205185
9.67,0.274424810458599,0.257340835734281,0.274831830116581,0.729222631432184,0.72950165582462,0.729222787456995
9.68,0.274141318545119,0.25710839334595,0.274547067785935,0.72886878921454,0.72914707784636,0.728868941867372
9.69,0.273858411654298,0.256876334646518,0.27426289583754,0.728515439987936,0.72879299563323,0.728515589341129
9.7,0.273576087978898,0.256644658810052,0.273979312434548,0.72816258266197,0.728439408080452,0.728162728786293
9.71,0.273294345719064,0.256413365012368,0.273696315747636,0.727810216149397,0.728086314086458,0.727810359114089
9.72,0.27301318308225,0.256182452431029,0.273413903955087,0.727458339366097,0.727733712552961,0.727458479238949
9.73,0.272732598283217,0.255951920245346,0.273132075242794,0.727106951231084,0.727381602384979,0.727107088078477
9.74,0.272452589544116,0.255721767636374,0.272850827804027,0.726756050666584,0.727029982490682,0.726756184553452
9.75,0.272173155094334,0.25549199378692,0.272570159839666,0.726405636597937,0.726678851781573,0.726405767587817
9.76,0.27189429317042,0.255262597881532,0.272290069557922,0.726055707953564,0.726328209172309,0.726055836108654
9.77,0.271616002016084,0.255033579106507,0.272010555174415,0.725706263664984,0.72597805358077,0.725706389046196
9.78,0.271338279882283,0.254804936649888,0.271731614912186,0.725357302666879,0.725628383928078,0.725357425333792
9.79,0.27106112502706,0.254576669701461,0.27145324700146,0.725008823897007,0.725279199138457,0.725008943907913
9.8,0.270784535715482,0.254348777452759,0.271175449679877,0.724660826296165,0.724930498139398,0.724660943708135
9.81,0.270508510219634,0.254121259097057,0.270898221192224,0.724313308808205,0.724582279861494,0.724313423677122
9.82,0.270233046818701,0.253894113829375,0.27062155979051,0.723966270380103,0.724234543238504,0.723966382760631
9.83,0.269958143798819,0.253667340846475,0.270345463733968,0.723619709961865,0.723887287207368,0.723619819907484
9.84,0.269683799453004,0.253440939346861,0.270069931288842,0.723273626506501,0.723540510708076,0.723273734069565
9.85,0.269410012081154,0.253214908530779,0.269794960728598,0.722928018970031,0.723194212683825,0.722928124201816
9.86,0.269136779990124,0.252989247600216,0.269520550333666,0.722582886311557,0.722848392080858,0.722582989262207
9.87,0.268864101493585,0.252763955758896,0.269246698391518,0.722238227493174,0.722503047848529,0.722238328211751
9.88,0.26859197491195,0.252539032212286,0.268973403196667,0.721894041479936,0.722158178939319,0.721894140014469
9.89,0.268320398572378,0.252314476167588,0.268700663050458,0.721550327239872,0.7218137843087,0.721550423637396
9.9,0.26804937080885,0.252090286833742,0.268428476261276,0.721207083744047,0.721469862915297,0.721207178050567
9.91,0.267778889961548,0.251866463421423,0.268156841144295,0.720864309966148,0.721126413720728,0.720864402226995
9.92,0.267508954379178,0.251643005143043,0.267885756021552,0.720522004884112,0.720783435689663,0.720522095142682
9.93,0.267239562413713,0.251419911212745,0.26761521922195,0.720180167476485,0.720440927789846,0.720180255776586
9.94,0.266970712427349,0.251197180846407,0.267345229081048,0.719838796727264,0.72009888899196,0.719838883110626
9.95,0.266702402786529,0.250974813261638,0.267075783941272,0.719497891621767,0.719757318269783,0.719497976129671
9.96,0.266434631864199,0.250752807677777,0.266806882151667,0.7191574511482,0.719416214600035,0.719157533821513
9.97,0.266167398042035,0.250531163315892,0.266538522067965,0.718817474299232,0.719075576962434,0.718817555176885
9.98,0.265900699705085,0.25030987939878,0.266270702052593,0.718477960068272,0.718735404339715,0.718478039189422
9.99,0.265634535247068,0.250088955150962,0.266003420474472,0.718138907453168,0.718395695717502,0.718138984855669
10,0.265368903068037,0.249868389798688,0.26573667570921,0.717800315454601,0.718056450084461,0.717800391175071
10.01,0.2651038015722,0.249648182569928,0.265470466138874,0.717462183074571,0.717717666432144,0.717462257149945
10.02,0.264839229173316,0.249428332694377,0.265204790152053,0.717124509320169,0.717379343755053,0.717124581785498
10.03,0.264575184289225,0.24920883940345,0.264939646143858,0.716787293199785,0.717041481050648,0.716787364089787
10.04,0.26431166534402,0.24898970193028,0.264675032515736,0.716450533724625,0.716704077319235,0.716450603073733
10.05,0.264048670770185,0.248770919509722,0.264410947675655,0.71611422991022,0.7163671315641,0.716114297751102
10.06,0.263786199003446,0.248552491378342,0.26414739003788,0.71577838077284,0.71603064279137,0.715778447138487
10.07,0.263524248487864,0.248334416774426,0.263884358023035,0.715442985333066,0.715694610010066,0.715443050255316
10.08,0.263262817673592,0.248116694937969,0.263621850058107,0.715108042614234,0.715359032232121,0.715108106123823
10.09,0.263001905014775,0.247899325110681,0.263359864576259,0.714773551640977,0.715023908472255,0.714773613769053
10.1,0.262741508974741,0.247682306535978,0.263098400017018,0.714439511442865,0.714689237748125,0.714439572218848
10.11,0.262481628020745,0.247465638458988,0.262837454826047,0.714105921050745,0.714355019080173,0.714105980503828
10.12,0.262222260626049,0.247249320126543,0.262577027455212,0.713772779498204,0.714021251491687,0.7137728376574
10.13,0.261963405271987,0.247033350787181,0.262317116362589,0.713440085823027,0.713687934008814,0.713440142715729
10.14,0.261705060443011,0.246817729691142,0.262057720012272,0.713107839063737,0.713355065660442,0.713107894717741
10.15,0.261447224631585,0.246602456090366,0.261798836874566,0.712776038263038,0.713022645478341,0.712776092705112
10.16,0.261189896336032,0.246387529238495,0.261540465425759,0.712444682466315,0.71269067249702,0.712444735722247
10.17,0.260933074058517,0.246172948390867,0.261282604148193,0.71211377072023,0.712359145753783,0.71211382281629
10.18,0.260676756310032,0.245958712804514,0.26102525153026,0.711783302076233,0.712028064288742,0.7117833530371
10.19,0.260420941605347,0.245744821738162,0.260768406066231,0.711453275587027,0.711697427144705,0.711453325437243
10.2,0.260165628465012,0.245531274452231,0.260512066256429,0.711123690307982,0.711367233367309,0.711123739071992
10.21,0.259910815417336,0.245318070208827,0.260256230607018,0.710794545298544,0.711037482004883,0.710794592999301
10.22,0.25965650099363,0.245105208271746,0.260000897630064,0.710465839618891,0.710708172108503,0.710465886279817
10.23,0.259402683732911,0.244892687906468,0.25974606584354,0.710137572333262,0.710379302732004,0.710137617976853
10.24,0.25914936217983,0.244680508380156,0.259491733771151,0.709809742508502,0.710050872931868,0.709809787156384
10.25,0.258896534882734,0.244468668961657,0.259237899942505,0.709482349212714,0.709722881767357,0.709482392887048
10.26,0.258644200398463,0.244257168921495,0.258984562892912,0.709155391518641,0.709395328300382,0.709155434240114
10.27,0.258392357287489,0.24404600753187,0.258731721163438,0.708828868500261,0.709068211595548,0.708828910289501
10.28,0.258141004115846,0.24383518406666,0.258479373300914,0.708502779234144,0.708741530720174,0.708502820111744
10.29,0.257890139457031,0.243624697801414,0.258227517857761,0.708177122800818,0.708415284744178,0.708177162786002
10.3,0.257639761887429,0.243414548013351,0.257976153392164,0.70785189828154,0.708089472740214,0.707851937394044
10.31,0.25738986999084,0.243204733981359,0.257725278467868,0.707527104761506,0.707764093783534,0.707527143020229
10.32,0.257140462356484,0.242995254985992,0.257474891654236,0.707202741328451,0.707439146952039,0.707202778751521
10.33,0.256891537577139,0.242786110309468,0.257224991526255,0.706878807071345,0.707114631326296,0.706878843677454
10.34,0.256643094253749,0.242577299235667,0.25697557666437,0.706555301083656,0.706790545989431,0.706555336890139
10.35,0.25639513099076,0.242368821050127,0.256726645654648,0.706232222460068,0.70646689002725,0.706232257484258
10.36,0.256147646397964,0.242160675040044,0.256478197088581,0.705909570297788,0.706143662528118,0.705909604557035
10.37,0.255900639092339,0.241952860494266,0.256230229563148,0.705587343697862,0.705820862583003,0.705587377208254
10.38,0.255654107693639,0.241745376703298,0.255982741680811,0.705265541762063,0.705498489285491,0.705265574540229
10.39,0.255408050828755,0.24153822295929,0.255735732049364,0.704944163595987,0.705176541731681,0.704944195657803
10.4,0.255162467129795,0.241331398556042,0.255489199282082,0.7046232083077,0.704855019020312,0.704623239668349
10.41,0.254917355232288,0.241124902788999,0.255243141997539,0.704302675006482,0.704533920252629,0.704302705681737
10.42,0.254672713779626,0.240918734955246,0.254997558819665,0.703982562805977,0.704213244532443,0.703982592810354
10.43,0.254428541418568,0.240712894353512,0.254752448377736,0.70366287082102,0.703892990966133,0.703662900169076
10.44,0.254184836801022,0.24050738028416,0.254507809306239,0.703343598168904,0.703573158662551,0.703343626875263
10.45,0.253941598585809,0.24030219204919,0.254263640245007,0.70302474397065,0.703253746733138,0.703024772048761
10.46,0.253698825434425,0.240097328952235,0.254019939839047,0.702706307347998,0.702934754291806,0.702706334811874
10.47,0.253456516015235,0.239892790298556,0.253776706738591,0.7023882874264,0.702616180454981,0.702388314289378
10.48,0.253214669001624,0.239688575395043,0.253533939599094,0.702070683333713,0.702298024341617,0.702070709608494
10.49,0.252973283070273,0.239484683550213,0.253291637081094,0.701753494198985,0.701980285073097,0.70175351989889
10.5,0.252732356905431,0.2392811140742,0.25304979785035,0.7014367191555,0.70166296177335,0.701436744292673
10.51,0.25249188919459,0.239077866278763,0.252808420577671,0.701120357337706,0.701346053568731,0.701120381924369
10.52,0.252251878630196,0.238874939477276,0.252567503938966,0.700804407882451,0.701029559588069,0.700804431930934
10.53,0.252012323911354,0.238672332984728,0.252327046615247,0.700488869930195,0.700713478962675,0.700488893451726
10.54,0.251773223739743,0.238470046117719,0.252087047292482,0.700173742622116,0.700397810826248,0.700173765628512
10.55,0.251534576823654,0.238268078194459,0.251847504661741,0.699859025102994,0.700082554314989,0.699859047605452
10.56,0.251296381876214,0.238066428534766,0.251608417419024,0.699544716519952,0.699767708567486,0.699544738529089
10.57,0.251058637613724,0.23786509646006,0.251369784265309,0.699230816021279,0.699453272724754,0.699230837548351
10.58,0.25082134275977,0.237664081293364,0.251131603906554,0.698917322759376,0.69913924593025,0.698917343814532
10.59,0.250584496041061,0.237463382359297,0.250893875053564,0.698604235887787,0.698825627329781,0.698604256481288
10.6,0.250348096189081,0.237262998984078,0.250656596422117,0.698291554562389,0.698512416071608,0.698291574704634
10.61,0.25011214194172,0.237062930495515,0.250419766732808,0.697979277942572,0.698199611306339,0.697979297642924
10.62,0.249876632039351,0.236863176223008,0.250183384711096,0.697667405188432,0.697887212186972,0.697667424456859
10.63,0.249641565228715,0.236663735497547,0.249947449087299,0.697355935463564,0.697575217868902,0.697355954309462
10.64,0.24940694026121,0.236464607651703,0.249711958596467,0.697044867933846,0.697263627509832,0.697044886366085
10.65,0.249172755891289,0.236265792019632,0.249476911978511,0.696734201766299,0.696952440269882,0.696734219794394
10.66,0.248939010880425,0.236067287937069,0.249242307978044,0.696423936131932,0.696641655311475,0.696423953764358
10.67,0.248705703993097,0.235869094741324,0.249008145344426,0.69611407020288,0.696331271799385,0.696114087448249
10.68,0.248472833998382,0.235671211771282,0.248774422831766,0.695804603153546,0.69602128890074,0.695804620020629
10.69,0.248240399671532,0.235473638367399,0.248541139198795,0.695495534161745,0.695711705784942,0.695495550658342
10.7,0.248008399790188,0.235276373871699,0.248308293208986,0.695186862405991,0.69540252162376,0.695186878540514
10.71,0.247776833138124,0.235079417627771,0.24807588363041,0.694878587068198,0.695093735591238,0.69487860284853
10.72,0.247545698503603,0.234882768980768,0.247843909235773,0.694570707332501,0.694785346863721,0.694570722766045
10.73,0.247314994677831,0.2346864272774,0.247612368802417,0.694263222384155,0.694477354619873,0.694263237478959
10.74,0.247084720458774,0.234490391865937,0.247381261112198,0.69395613141229,0.694169758040593,0.693956146175422
10.75,0.2468548746473,0.234294662096199,0.247150584951611,0.693649433607134,0.693862556309108,0.693649448045824
10.76,0.246625456048701,0.23409923731956,0.246920339111632,0.69334312816113,0.693555748610876,0.693343142282776
10.77,0.246396463474221,0.233904116888942,0.246690522387772,0.693037214270029,0.693249334133624,0.693037228081124
10.78,0.246167895737407,0.23370930015881,0.246461133580066,0.69273169113028,0.692943312067355,0.692731704637921
10.79,0.245939751657715,0.233514786485174,0.246232171492962,0.692426557941627,0.692637681604269,0.692426571152429
10.8,0.245712030058926,0.233320575225582,0.246003634935436,0.692121813905983,0.692332441938855,0.692121826826115
10.81,0.245484729767656,0.233126665739119,0.245775522720844,0.691817458226355,0.692027592267796,0.691817470862631
10.82,0.245257849617039,0.232933057386402,0.24554783366697,0.691513490109514,0.691723131790005,0.691513502467826
10.83,0.245031388443,0.232739749529581,0.245320566596022,0.691209908763309,0.691419059706632,0.691209920849717
10.84,0.244805345085734,0.232546741532333,0.245093720334514,0.690906713397739,0.691115375220988,0.690906725218495
10.85,0.244579718391166,0.232354032759858,0.244867293713387,0.690603903226027,0.690812077538635,0.69060391478652
10.86,0.244354507207446,0.232161622578879,0.244641285567859,0.690301477462076,0.690509165867288,0.690301488768302
10.87,0.244129710388415,0.23196951035764,0.244415694737476,0.689999435322997,0.690206639416861,0.689999446380504
10.88,0.243905326792084,0.231777695465897,0.244190520066106,0.689697776028009,0.689904497399461,0.68969778684193
10.89,0.243681355279199,0.231586177274921,0.243965760401824,0.689396498797405,0.689602739029323,0.689396509373518
10.9,0.243457794716785,0.231394955157492,0.243741414597028,0.689095602855132,0.689301363522894,0.689095613198338
10.91,0.243234643974559,0.231204028487899,0.243517481508301,0.688795087426194,0.68900037009874,0.688795097541574
10.92,0.243011901926355,0.231013396641932,0.243293959996449,0.688494951737692,0.688699757977583,0.688494961630532
10.93,0.242789567451529,0.230823058996884,0.243070848926502,0.688195195019853,0.688399526382308,0.688195204694616
10.94,0.242567639431583,0.230633014931544,0.242848147167606,0.68789581650358,0.68809967453789,0.687895825965337
10.95,0.242346116753506,0.230443263826198,0.242625853593125,0.687596815422893,0.687800201671476,0.687596824676295
10.96,0.242124998308305,0.230253805062623,0.242403967080516,0.687298191013862,0.6875011070123,0.687298200063175
10.97,0.241904282989626,0.230064638024084,0.242182486511362,0.686999942513615,0.687202389791716,0.686999951363743
10.98,0.241683969697168,0.229875762095333,0.241961410771375,0.686702069162822,0.686904049243202,0.686702077817836
10.99,0.241464057333227,0.229687176662604,0.241740738750285,0.686404570203194,0.686606084602291,0.686404578667353
11,0.241244544804065,0.229498881113612,0.24152046934195,0.686107444878481,0.686308495106655,0.686107453156258
11.01,0.241025431021275,0.229310874837547,0.241300601444225,0.685810692435472,0.686011279996016,0.685810700530556
11.02,0.240806714898511,0.229123157225075,0.241081133958997,0.685514312121626,0.685714438512178,0.685514320038307
11.03,0.240588395354724,0.228935727668329,0.240862065792191,0.685218303187425,0.685417969899039,0.685218310929602
11.04,0.240370471312739,0.228748585560914,0.240643395853657,0.684922664885353,0.685121873402514,0.684922672456565
11.05,0.240152941697925,0.228561730297896,0.240425123057278,0.684627396468927,0.68482614827062,0.684627403873343
11.06,0.239935805441487,0.228375161275804,0.240207246320848,0.684332497195107,0.684530793753395,0.6843325044361
11.07,0.239719061477137,0.228188877892626,0.239989764566099,0.684037966321872,0.684235809102918,0.684037973403015
11.08,0.239502708742412,0.228002879547804,0.239772676718711,0.683743803109188,0.683941193573332,0.683743810034265
11.09,0.239286746179987,0.227817165642233,0.239555981708198,0.683450006819972,0.683646946420761,0.683450013592026
11.1,0.23907117273453,0.227631735578257,0.239339678468022,0.683156576717803,0.683353066903398,0.683156583340471
11.11,0.238855987355816,0.227446588759667,0.239123765935461,0.682863512069201,0.683059554281417,0.682863518545746
11.12,0.238641188997356,0.227261724591696,0.238908243051648,0.682570812142632,0.68276640781701,0.682570818475985
11.13,0.238426776615114,0.227077142481018,0.23869310876157,0.682278476207576,0.682473626774389,0.682278482401287
11.14,0.238212749170686,0.226892841835742,0.23847836201397,0.681986503536858,0.682181210419718,0.681986509593717
11.15,0.237999105628087,0.226708822065413,0.238264001761442,0.6816948934043,0.681889158021196,0.681694899327302
11.16,0.237785844955018,0.226525082581006,0.238050026960316,0.68140364508566,0.68159746884897,0.681403650878011
11.17,0.237572966124141,0.226341622794924,0.237836436570688,0.681112757859566,0.681306142175169,0.68111276352377
11.18,0.237360468110038,0.226158442120993,0.237623229556424,0.680822231005298,0.681015177273912,0.680822236544437
11.19,0.237148349892219,0.225975539974463,0.23741040488506,0.680532063804992,0.680724573421235,0.680532069221801
11.2,0.236936610453798,0.225792915772,0.237197961527898,0.680242255542684,0.680434329895177,0.680242260839583
11.21,0.236725248780258,0.225610568931688,0.236985898459894,0.679952805503401,0.680144445975693,0.679952810683417
11.22,0.236514263862514,0.22542849887302,0.236774214659683,0.67966371297542,0.679854920944685,0.679663718040858
11.23,0.236303654693813,0.225246705016901,0.23656290910959,0.679374977247995,0.679565754086012,0.679374982201362
11.24,0.236093420270965,0.22506518678564,0.236351980795524,0.679086597612267,0.679276944685424,0.679086602456285
11.25,0.235883559595561,0.224883943602951,0.236141428707082,0.678798573362166,0.678988492030633,0.678798578098886
11.26,0.235674071671048,0.224702974893946,0.235931251837427,0.678510903792263,0.67870039541124,0.678510908424302
11.27,0.235464955505627,0.224522280085133,0.235721449183327,0.678223588199909,0.67841265411876,0.678223592729559
11.28,0.235256210110979,0.224341858604418,0.23551201974515,0.677936625884305,0.678125267446633,0.677936630313557
11.29,0.235047834501069,0.224161709881092,0.235302962526776,0.677650016145621,0.677838234690157,0.677650020477065
11.3,0.234839827695106,0.223981833345837,0.235094276535688,0.677363758287188,0.677551555146562,0.677363762522719
11.31,0.23463218871455,0.223802228430719,0.234885960782855,0.677077851613291,0.677265228114934,0.677077855755005
11.32,0.234424916584298,0.223622894569183,0.234678014282776,0.676792295430054,0.676979252896246,0.676792299480273
11.33,0.234218010333863,0.223443831196056,0.234470436053466,0.676507089046315,0.676693628793357,0.676507093006706
11.34,0.234011468994549,0.223265037747536,0.234263225116376,0.676222231771542,0.676408355110958,0.676222235644332
11.35,0.233805291602249,0.223086513661196,0.23405638049648,0.675937722917907,0.67612343115564,0.675937726705016
11.36,0.233599477196216,0.222908258375976,0.233849901222166,0.675653561799383,0.675838856235821,0.675653565502443
11.37,0.233394024817906,0.222730271332183,0.233643786325266,0.675369747730892,0.675554629661768,0.675369751352126
11.38,0.233188933513838,0.222552551971485,0.233438034841059,0.675086280030429,0.675270750745613,0.675086283571389
11.39,0.232984202332705,0.222375099736912,0.23323264580818,0.674803158016926,0.674987218801283,0.674803161479366
11.4,0.232779830326515,0.222197914072848,0.233027618268711,0.674520381011103,0.674704033144577,0.674520384397001
11.41,0.232575816551738,0.222020994425032,0.232822951268073,0.67423794833632,0.674421193093088,0.674237951647027
11.42,0.232372160066568,0.221844340240552,0.232618643855056,0.673955859316558,0.674138697966233,0.673955862553975
11.43,0.232168859933632,0.221667950967844,0.23241469508182,0.673674113278428,0.673856547085257,0.67367411644416
11.44,0.231965915218799,0.221491826056689,0.232211104003811,0.673392709550296,0.673574739773175,0.673392712645677
11.45,0.231763324990069,0.221315964958207,0.232007869679846,0.673111647461456,0.673293275354844,0.673111650488397
11.46,0.231561088320326,0.221140367124858,0.231804991172004,0.672830926344192,0.673012153156881,0.672830929303958
11.47,0.231359204284557,0.220965032010434,0.231602467545664,0.672550545531702,0.672731372507703,0.672550548425764
11.48,0.231157671960948,0.22078995907006,0.231400297869501,0.672270504358929,0.672450932737521,0.672270507188974
11.49,0.230956490431995,0.220615147760192,0.231198481215404,0.671990802163382,0.672170833178289,0.671990804930498
11.5,0.230755658781857,0.220440597538607,0.230997016658557,0.671711438283184,0.671891073163771,0.671711440988995
11.51,0.230555176098976,0.220266307864409,0.230795903277342,0.671432412059014,0.671611652029468,0.67143241470486
11.52,0.230355041474924,0.220092278198018,0.230595140153362,0.671153722833259,0.671332569112642,0.671153725420229
11.53,0.230155254003331,0.219918508001173,0.23039472637145,0.67087536994922,0.67105382375233,0.670875372478959
11.54,0.229955812782545,0.219744996736922,0.23019466101958,0.670597352753101,0.670775415289277,0.670597355226637
11.55,0.229756716912942,0.219571743869628,0.229994943188952,0.670319670592002,0.670497343066011,0.670319673010568
11.56,0.229557965497994,0.219398748864959,0.229795571973892,0.670042322814725,0.670219606426767,0.670042325179761
11.57,0.229359557645327,0.219226011189885,0.229596546471883,0.669765308772567,0.669942204717518,0.669765311084943
11.58,0.229161492464183,0.21905353031268,0.229397865783562,0.669488627817429,0.669665137285974,0.669488630078535
11.59,0.228963769067935,0.218881305702915,0.229199529012641,0.669212279303697,0.669388403481533,0.669212281514656
11.6,0.228766386572979,0.218709336831454,0.229001535265991,0.668936262587426,0.669112002655344,0.668936264749116
11.61,0.228569344097703,0.218537623170454,0.22880388365354,0.668660577025562,0.668835934160235,0.668660579139407
11.62,0.228372640765051,0.218366164193362,0.228606573288305,0.668385221977875,0.668560197350745,0.668385224044706
11.63,0.228176275699926,0.218194959374908,0.228409603286389,0.668110196805013,0.668284791583122,0.668110198825858
11.64,0.22798024803022,0.218024008191106,0.228212972766906,0.667835500869282,0.668009716215275,0.66783550284538
11.65,0.227784556887842,0.217853310119249,0.228016680852059,0.667561133535416,0.667734970606833,0.667561135467452
11.66,0.227589201406259,0.217682864637906,0.227820726667044,0.667287094168743,0.66746055411908,0.66728709605791
11.67,0.22739418072293,0.21751267122692,0.227625109340077,0.667013382137008,0.667186466114982,0.667013383984247
11.68,0.227199493978239,0.217342729367405,0.227429828002398,0.666739996809584,0.666912705959185,0.666739998615599
11.69,0.227005140314488,0.21717303854174,0.227234881788192,0.666466937556717,0.666639273017974,0.666466939322744
11.7,0.226811118878386,0.217003598233571,0.227040269834666,0.666194203751396,0.66636616665932,0.666194205478101
11.71,0.226617428818532,0.216834407927802,0.226845991281957,0.665921794767474,0.666093386252828,0.665921796455714
11.72,0.226424069286415,0.216665467110598,0.226652045273159,0.665649709980417,0.665820931169753,0.665649711631262
11.73,0.226231039437406,0.216496775269378,0.226458430954321,0.665377948768055,0.665548800783007,0.665377950382035
11.74,0.226038338428381,0.216328331892812,0.226265147474382,0.665106510508801,0.665276994467112,0.665106512086946
11.75,0.225845965420075,0.21616013647082,0.22607219398523,0.664835394583422,0.66500551159825,0.664835396126519
11.76,0.225653919576046,0.215992188494569,0.225879569641626,0.664564600374271,0.66473435155421,0.664564601882877
11.77,0.22546220006171,0.215824487456467,0.225687273601227,0.664294127264555,0.664463513714406,0.66429412873975
11.78,0.225270806046739,0.215657032850164,0.225495305024578,0.66402397464015,0.664192997459882,0.66402397608246
11.79,0.225079736702635,0.215489824170544,0.225303663075052,0.663754141887777,0.663922802173262,0.663754143297919
11.8,0.224888991203691,0.215322860913729,0.225112346918916,0.66348462839573,0.663652927238813,0.663484629774629
11.81,0.224698568727953,0.215156142577068,0.22492135572524,0.663215433554604,0.663383372042372,0.663215434902663
11.82,0.224508468454921,0.21498966865914,0.224730688665933,0.662946556755567,0.663114135971383,0.662946558073677
11.83,0.224318689567825,0.21482343865975,0.224540344915733,0.662677997392078,0.66284521841489,0.662677998680895
11.84,0.224129231252625,0.214657452079921,0.224350323652144,0.66240975485914,0.662576618763495,0.662409756119103
11.85,0.223940092697076,0.2144917084219,0.224160624055501,0.662141828552596,0.66230833640941,0.662141829784651
11.86,0.223751273093049,0.214326207189145,0.223971245308889,0.661874217870884,0.662040370746402,0.661874219075441
11.87,0.223562771634181,0.214160947886331,0.223782186598165,0.661606922213267,0.66177272116981,0.661606923390927
11.88,0.22337458751681,0.21399593001934,0.223593447111961,0.661339940980545,0.661505387076553,0.661339942132107
11.89,0.223186719940901,0.213831153095264,0.223405026041613,0.661073273575755,0.661238367865081,0.66107327470152
11.9,0.222999168107825,0.213666616622395,0.223216922581233,0.660806919402498,0.660971662935431,0.660806920503241
11.91,0.222811931222559,0.213502320110231,0.22302913592762,0.660540877866608,0.660705271689163,0.660540878942873
11.92,0.22262500849272,0.213338263069463,0.222841665280293,0.66027514837542,0.660439193529394,0.660275149427548
11.93,0.222438399127662,0.213174445011981,0.222654509841483,0.660009730337093,0.660173427860788,0.660009731365915
11.94,0.222252102340714,0.213010865450865,0.22246766881607,0.65974462316231,0.65990797408952,0.659744624168143
11.95,0.222066117346918,0.212847523900385,0.222281141411651,0.659479826262566,0.659642831623323,0.659479827245911
11.96,0.221880443363926,0.212684419875998,0.222094926838456,0.659215339050847,0.659377999871435,0.6592153400124
11.97,0.221695079612896,0.212521552894342,0.221909024309377,0.658951160942325,0.659113478244618,0.658951161882299
11.98,0.221510025316346,0.212358922473237,0.22172343303996,0.65868729135272,0.658849266155163,0.658687292271791
11.99,0.221325279700282,0.212196528131682,0.221538152248348,0.658423729699928,0.658585363016845,0.658423730598551
12,0.221140841993264,0.212034369389847,0.221353181155343,0.65816047540331,0.658321768244974,0.658160476281742
