r,vc2_field_isolated,vc2_baryon,vc2_field_deformed,vc_total_unchanged_field,vc_total_deformed,vc_total_spherical
0.1,0.00332671460136901,0.000319176186497947,0.00387266625915598,0.0603812122093202,0.064744439496021,0.0647878202376225
0.11,0.00402364536264066,0.000385906951219402,0.00468220108318791,0.0664044600449402,0.0711906456945525,0.0712383442868881
0.12,0.00478628285839379,0.000458875562877923,0.00556790581792549,0.0724234659573243,0.0776323475157322,0.077684340242497
0.13,0.00561444568474985,0.000538050278084507,0.00652975148743015,0.0784378477702847,0.0840702192545889,0.0841264825550228
0.14,0.0065079369564533,0.000623396719206351,0.00756723403787409,0.084447224203402,0.0905021036058303,0.0905626115943606
0.15,0.00746654437965607,0.000714877905294026,0.00868027574644766,0.0904512149445771,0.096928600793273,0.0969933272015045
0.16,0.00849004033035198,0.000812454285251924,0.00986851154725419,0.0964494407220897,0.103348758253334,0.103417675102331
0.17,0.00957818193842151,0.000916083773200493,0.0111315843262573,0.102441523376129,0.109761869970668,0.109834947680279
0.18,0.0107307111772446,0.00102572178597558,0.0124693079732538,0.108427085929763,0.116168109906417,0.116245317897943
0.19,0.0119473549588361,0.00114132128270714,0.0138811548285353,0.11440575265931,0.122566211131953,0.122647516700098
0.2,0.0132278252344556,0.00126283280641673,0.0153668957023848,0.120377149164085,0.128956304649294,0.129041673986952
0.21,0.0145718191006423,0.0013902045275703,0.0169260916414373,0.126340902435484,0.135337711555234,0.135427109125155
0.22,0.0159790189106204,0.00152338228952039,0.018558300393726,0.132296640925387,0.141709853867846,0.141803242471973
0.23,0.0174490923910189,0.00166230965576921,0.0202632085367467,0.138243994613828,0.148072678751064,0.148170019907633
0.24,0.0189816927638476,0.00180692795898172,0.0220402359521532,0.144182595075929,0.154425269665087,0.154526522976312
0.25,0.0205764588736687,0.00195717635167602,0.0238890296255843,0.150112075548054,0.16076755262571,0.160872676393808
0.26,0.0222330153198987,0.00211299185851591,0.0258090709963088,0.15603207099316,0.167098961261956,0.167207912134512
0.27,0.0239509725941757,0.00227430943012906,0.0277998335862085,0.161942218165322,0.173418981130491,0.173531714148463
0.28,0.0257299272227219,0.00244106199837241,0.0298608928983854,0.167842155673401,0.17972744614209,0.179843914992565
0.29,0.0275694619136314,0.00261318053296487,0.0319916060683448,0.173731524043843,0.186023618396454,0.186143775020863
0.3,0.0294691457090092,0.00279059409940643,0.0341915119335789,0.179609965782569,0.192307321839251,0.192431116838747
0.31,0.0314285341418845,0.00297322991810121,0.0364600127221536,0.185477125435957,0.198578051758634,0.19870543417597
0.32,0.0334471693978211,0.00316101342460143,0.0387965008147737,0.19133264965087,0.204835334450322,0.204966251807931
0.33,0.0355245804811442,0.00335386833088831,0.041200452208307,0.197176187233734,0.211078943855599,0.211213342336224
0.34,0.0376602833857007,0.00355171668760532,0.0436711586408923,0.203007389208635,0.217308249563834,0.217446073753983
0.35,0.0398537812700672,0.00375447894715892,0.0462080622937926,0.208825908874417,0.223523021724724,0.223664214899582
0.36,0.0421045646371198,0.00396207402760144,0.0488104894363086,0.214631401860774,0.229722797005238,0.229867300988673
0.37,0.0444121115178762,0.00417441937721095,0.0514777559004501,0.220423526183316,0.235907132740112,0.236054887938247
0.38,0.0467758876595197,0.00439143103968276,0.0542092479784754,0.226201942297591,0.24207577123322,0.242226716770815
0.39,0.0491953467175103,0.00461302371984779,0.0570041933045686,0.231966313152057,0.248228155180706,0.248382228727904
0.4,0.0516699304516886,0.00483911084983307,0.059861947297811,0.237716304239995,0.254364026834857,0.254521164818102
0.41,0.0541990689262773,0.00506960465558047,0.0627817652218106,0.243451583650339,0.260482955061154,0.260643092571969
0.42,0.056782180713681,0.00530441622364042,0.0657628920819296,0.249171822117433,0.266584523754794,0.266747594581488
0.43,0.0594186731019815,0.00554345556815821,0.0688046336370063,0.254876693069688,0.27266846023177,0.272834396967494
0.44,0.0621079423060299,0.00578663169797141,0.071906157083507,0.260565872677143,0.278734261944022,0.278902995867955
0.45,0.0648493736820309,0.00603385268373832,0.0750667403976745,0.266239039897926,0.284781658611317,0.28495311985187
0.46,0.0676423419455151,0.0062850257250183,0.0782855739584526,0.271895876523594,0.290810246868075,0.290984364343932
0.47,0.0704862113925897,0.00654005721722658,0.0815618385522085,0.277536067223372,0.296819635080692,0.296996336531935
0.48,0.073380336124363,0.00679885281838749,0.0848947684283856,0.283159299587265,0.302809546161895,0.302988758239392
0.49,0.0763240602744323,0.00706131751561159,0.0882834755884457,0.28876526416805,0.308779521834038,0.30896117001765
0.5,0.0793167182393252,0.00732735569122424,0.091727169745635,0.294353654522157,0.314729289130928,0.314913297860897
0.51,0.0823576349117812,0.00759687118847479,0.0952249833769569,0.299924167249417,0.320658470284868,0.320844762925028
0.52,0.0854461259167605,0.00786976737675736,0.0987760403606577,0.305476502031691,0.326566697226485,0.32675519609542
0.53,0.088581497850069,0.00814594721627669,0.102379512514714,0.311010361670388,0.33245369561939,0.332644322067278
0.54,0.0917630485194828,0.00842531332209415,0.10603446299713,0.316525452122854,0.338319045161847,0.338511719514457
0.55,0.0949900671882542,0.00870776802749149,0.109740042476247,0.322021482537649,0.344162476896797,0.344357118565211
0.56,0.0982618348208849,0.00899321344659211,0.113495333159454,0.327498165288719,0.34998363762617,0.350180165085558
0.57,0.101577624331049,0.00928155153618186,0.117299409877961,0.332955216008446,0.35578218254171,0.355980513362785
0.58,0.10493670083155,0.00957268415667395,0.121151391214381,0.338392353619617,0.361557845124476,0.361757896041806
0.59,0.108338321886181,0.00986651313216466,0.125050298631024,0.343809300366272,0.367310239121085,0.367511925995256
0.6,0.111781737763387,0.0101629403095294,0.128995233059551,0.349205781843481,0.373039104343071,0.373242342255477
0.61,0.115266191691596,0.0104618676165106,0.132985234550855,0.354581527026023,0.378744111726328,0.378948814968965
0.62,0.118790920116097,0.0107631971187528,0.137019337162214,0.359936268296,0.384424939722916,0.384631021830174
0.63,0.122355152957364,0.0110668310757399,0.141096615547395,0.365269741469375,0.390081333343618,0.390288707154759
0.64,0.125958113870669,0.0113726719955961,0.145216057183978,0.370581685821446,0.395712937847089,0.395921515481182
0.65,0.129599020506902,0.0116806226887119,0.149376722650646,0.375871844111279,0.40131950530638,0.401529198246758
0.66,0.133277084774454,0.0119905863201586,0.153577618288771,0.381139962605094,0.406900730656667,0.407111449748457
0.67,0.136991513102037,0.0123024664608604,0.15781774593696,0.386385791098609,0.412456315744857,0.412667971227029
0.68,0.140741506702343,0.0126161671374926,0.162096145689248,0.391609082938375,0.417986019893896,0.418198521457749
0.69,0.144526261836389,0.0129315928810782,0.166411779123948,0.39680959504209,0.423489518176101,0.42370277494901
0.7,0.148344970078463,0.0132486487742585,0.17076367587439,0.401987087917911,0.428966577542643,0.429180498165368
0.71,0.152196818581516,0.0135672404972145,0.175150817218844,0.407141325682778,0.434416916931256,0.434631409560796
0.72,0.156080990342894,0.0138872743722184,0.179572181490437,0.412272076079756,0.439840261757215,0.440055234098926
0.73,0.1599966644703,0.0142086574067987,0.184026783584794,0.417379110494402,0.44523638776676,0.445451747130097
0.74,0.163943016447846,0.0145312973355023,0.188513567479044,0.422462203970188,0.450604998656857,0.450820651944972
0.75,0.16791921840209,0.0148551026602417,0.193031541220575,0.427521135222963,0.45594587823646,0.456161732018606
0.76,0.171924439367924,0.0151799826892149,0.19757966974456,0.432555686654491,0.461258769492543,0.461474730010363
0.77,0.175957845554217,0.0155058475743927,0.202156916630487,0.43756564436506,0.466543421564252,0.46675939476377
0.78,0.18001860060908,0.0158326083475627,0.206762280846405,0.442550798165186,0.471799628225762,0.472015519811209
0.79,0.184105865884629,0.016160176954931,0.211394697135211,0.447510941586415,0.47702712091677,0.477242836343752
0.8,0.18821880070115,0.0164884662902754,0.216053161186585,0.452445871891241,0.482225701800371,0.482441146344938
0.81,0.192356562610535,0.0168173902266525,0.220736630267474,0.457355390082141,0.487395137946745,0.487610216713649
0.82,0.196518307658888,0.0171468636466605,0.225444061880144,0.462239300909766,0.492535202322437,0.492749820276759
0.83,0.200703190648172,0.0174768024712612,0.230174448157112,0.467097412880262,0.497645707937257,0.497859769956849
0.84,0.204910365396794,0.017807123687167,0.234926722912885,0.471929538261763,0.50272641327073,0.502939824141175
0.85,0.209138984999019,0.0181377453728011,0.239699878488995,0.476735493090058,0.507777139955902,0.507989804437349
0.86,0.213388202083108,0.0184685867228398,0.244492873002231,0.48151509717344,0.512797679133858,0.513009501970074
0.87,0.217657169068047,0.018799568071348,0.249304666370557,0.486268174096758,0.517787827630106,0.517998713579471
0.88,0.221945038418792,0.0191306109135196,0.254134252714894,0.490994551224667,0.522747418576518,0.522957272463425
0.89,0.226250962899906,0.019461637926039,0.258980573047848,0.495694059704113,0.527676236885732,0.527884963595929
0.9,0.230574095827482,0.0197925729860762,0.263842625066127,0.500366534466044,0.532574124467386,0.532781629013325
0.91,0.234913591319266,0.0201233411889348,0.268719375993503,0.505011814226361,0.537440896455078,0.53764708398481
0.92,0.239268604542852,0.0204538688643691,0.27360979637195,0.509629741486131,0.542276373481566,0.542481149308844
0.93,0.243638291961881,0.0207840835915912,0.278512890779697,0.514220162531063,0.547080409420122,0.547283679074935
0.94,0.248021811580124,0.0211139142129866,0.283427615267385,0.51878292743026,0.551852815051596,0.552054484274779
0.95,0.252418323183353,0.0214432908465619,0.288352981199528,0.523317890034265,0.556593453111057,0.556793427918637
0.96,0.256826988578926,0.0217721448971449,0.293287972807302,0.527824907972399,0.561302162568831,0.561500349260002
0.97,0.261246971832963,0.0221004090663619,0.298231579087378,0.532303842649407,0.565978787724187,0.566175092910255
0.98,0.265677439505057,0.0224280173614159,0.3031828231072,0.536754559241441,0.57062320358413,0.570817534238247
0.99,0.270117560880399,0.0227549051026903,0.30814068341253,0.541176926691345,0.575235246238633,0.575427509688799
1,0.274566508199248,0.0230810089302044,0.3131041928788,0.545570817703304,0.579814799577421,0.580004903570111
1.01,0.279023456883663,0.0234062668089465,0.318072360201704,0.549936108736833,0.584361726168519,0.584549578875114
1.02,0.283487585761406,0.0237306180331119,0.323044200201745,0.554272680000122,0.58887589374575,0.589061403790088
1.03,0.287958077286936,0.0240540032292723,0.328018761955503,0.558580415442762,0.593357198645786,0.59354027515306
1.04,0.292434117759421,0.0243763643585059,0.332995053493016,0.562859202747834,0.597805501690577,0.597986054278049
1.05,0.296914897537687,0.0246976447175148,0.337972136502856,0.567108933323398,0.60222070806339,0.602398646903446
1.06,0.301399611252035,0.0250177889387597,0.342949051082558,0.571329502293374,0.606602703605348,0.606777939429879
1.07,0.305887458012845,0.0253367429896396,0.347924844710088,0.575520808487829,0.610951379161818,0.611123823288139
1.08,0.310377641615908,0.0256544541707457,0.35289859941271,0.579682754432676,0.615266652422717,0.61543621680157
1.09,0.314869370744409,0.0259708711132203,0.357869359152371,0.583815246338796,0.619548408331093,0.619715005534525
1.1,0.319361859167504,0.0262859437752469,0.362836221129757,0.587918194090599,0.623796573335413,0.623960116619304
1.11,0.323854325935424,0.0265996234377042,0.367798263196038,0.591991511234011,0.628011056139733,0.628171459445728
1.12,0.328345995571043,0.0269118626990112,0.372754571721651,0.596035114963921,0.632191770288622,0.632348948268212
1.13,0.332836098257855,0.0272226154691933,0.37770426799104,0.60004892611107,0.636338654695936,0.636492522757441
1.14,0.337323870024313,0.0275318369631997,0.382646437742476,0.604032869128422,0.640451617771144,0.640602092064363
1.15,0.341808552924456,0.0278394836934994,0.38758021973221,0.607986872076984,0.644530607051139,0.644677604529319
1.16,0.346289395214788,0.0281455134619867,0.392504735276936,0.611910866611122,0.64857555360877,0.648718992027769
1.17,0.350765651527366,0.0284498853512237,0.397419115224152,0.615804787963353,0.65258639318896,0.652726191129306
1.18,0.355236583039033,0.0287525597150494,0.402322525740904,0.619668574928633,0.656563085663482,0.656699162576213
1.19,0.359701457636769,0.0290534981685828,0.407214099533433,0.62350216984815,0.660505562203692,0.660637838391472
1.2,0.364159550079102,0.0293526635776489,0.412093022259983,0.627305518592616,0.664413791125404,0.664542187803861
1.21,0.368610142153564,0.0296500200476548,0.416958463732161,0.631078570545078,0.668287725294888,0.668412164588767
1.22,0.373052522830136,0.0299455329119432,0.421809604168623,0.634821278583255,0.672127322075636,0.672247727038683
1.23,0.377485988410649,0.0302391687196514,0.426645659528536,0.638533599061397,0.6759325619085,0.676048856568009
1.24,0.381909842674127,0.0305308952231006,0.431465813987636,0.642215491791679,0.679703397969097,0.679815507303309
1.25,0.386323397018023,0.0308206813647431,0.436269304725422,0.645866920025144,0.683439818923484,0.683547668922168
1.26,0.390725970595335,0.0311084972636928,0.441055354364571,0.64948785043219,0.68714179877829,0.687245316435727
1.27,0.395116890447574,0.0313943142018641,0.445823196670317,0.653078253082614,0.690809315855093,0.690908429187647
1.28,0.399495491633561,0.0316781046097434,0.450572101564183,0.65663810142521,0.694442370664353,0.694537008753609
1.29,0.403861117354036,0.0319598420518198,0.455301308477645,0.660167372266955,0.698040937574198,0.698131030540498
1.3,0.408213119072067,0.032239501211695,0.460010109984841,0.663666045751748,0.701605025065055,0.701690504127217
1.31,0.412550856629232,0.0325170578768998,0.464697785103617,0.667134105338748,0.705134627557403,0.705215425022419
1.32,0.416873698357584,0.0327924889234365,0.469363624586117,0.670571537780288,0.708629743596438,0.708705792874637
1.33,0.421181021187361,0.0330657723000717,0.474006955735272,0.67397833309939,0.712090393163216,0.712161628809869
1.34,0.425472210750466,0.0333368870124001,0.478627076296013,0.677354484566882,0.715516570953051,0.715582928637991
1.35,0.429746661479691,0.0336058131067002,0.483223337357306,0.680699988678119,0.718908304628627,0.718969721194983
1.36,0.434003776703682,0.0338725316536035,0.48779507717697,0.684014845129318,0.722265608229115,0.72232202167967
1.37,0.438242968737664,0.0341370247315956,0.492341646194392,0.687299056793518,0.725588499720046,0.725639849229914
1.38,0.442463658969914,0.0343992754103699,0.496862431761147,0.690552629696161,0.728877017864822,0.728923243821438
1.39,0.446665277943985,0.0346592677340523,0.501356792262973,0.693775572990314,0.732131176768908,0.732172220737709
1.4,0.450847265436699,0.0349169867043149,0.505824139674429,0.696967898931517,0.73535102255912,0.735386827341206
1.41,0.455009070531905,0.0351724182633959,0.51026387360271,0.700129622852298,0.738536588034815,0.738567097649937
1.42,0.459150151690038,0.0354255492770444,0.514675406140887,0.703260763136322,0.741687909715354,0.741713069412078
1.43,0.463269976813461,0.0356763675174051,0.51905818661469,0.706361341192216,0.744805044378793,0.744824800672805
1.44,0.467368023307635,0.0359248616458588,0.523411635656705,0.709431381427051,0.747888024574912,0.747902325210791
1.45,0.471443778138056,0.0361710211958352,0.527735227762668,0.712470911219462,0.750936914100315,0.750945708108038
1.46,0.475496737883211,0.036414836555612,0.532028425277551,0.715479960892563,0.753951763598417,0.753955001273014
1.47,0.479526408783188,0.0366562989511145,0.536290703197049,0.718458563686384,0.756932627218673,0.75693026012785
1.48,0.48353230678434,0.03689540042873,0.540521574025071,0.721406755730129,0.75987957891616,0.759871559936908
1.49,0.487513957579867,0.0371321338381489,0.544720521544812,0.724324576014107,0.762792668674103,0.762778951950594
1.5,0.491470896646221,0.0373664928152469,0.548887083697647,0.727212066361297,0.765671977097826,0.765652518096755
1.51,0.495402669275672,0.0375984717650191,0.553020786257751,0.730069271398743,0.768517571707225,0.768492327194151
1.52,0.49930883060477,0.0378280658445771,0.557121167680732,0.732896238528584,0.771329523307198,0.771298451351662
1.53,0.503188945638845,0.0380552709462223,0.561187804160723,0.735693017898816,0.774107922131627,0.774070982142083
1.54,0.507042589272723,0.0382800836806029,0.5652202428611,0.738459662373867,0.776852834545709,0.776809987223586
1.55,0.510869346307387,0.0385025013599679,0.56921808541517,0.741196227504805,0.779564357045099,0.779515564439013
1.56,0.51466881146291,0.0387225219815242,0.573180921053458,0.743902771499364,0.782242573013629,0.782187798492472
1.57,0.518440589387603,0.0389401442109094,0.577108351591415,0.746579355191739,0.78488756889272,0.784826777148306
1.58,0.522184294663275,0.0391553673657855,0.581000016771275,0.749226042012062,0.787499450245561,0.787432607325961
1.59,0.525899551806944,0.0393681913995642,0.584855526728054,0.751842897955755,0.790078298732232,0.790005371992035
1.6,0.529585995268765,0.0395786168852703,0.588674546395907,0.754429991552586,0.792624225772325,0.792545183925829
1.61,0.533243269426337,0.0397866449995505,0.592456727864876,0.756987393835517,0.795137329562904,0.795052142653996
1.62,0.536871028575541,0.0399922775068343,0.596201735594437,0.759515178309411,0.797617711125619,0.797526350528031
1.63,0.540468936917697,0.0401955167436546,0.599909272123674,0.762013420919443,0.800065490361463,0.799967928810633
1.64,0.544036668543354,0.0403963656031315,0.603579009555415,0.764482200019389,0.802480763108093,0.802376974647648
1.65,0.54757390741265,0.0405948275196278,0.607210675143803,0.766921596339729,0.80486365470397,0.804753614738061
1.66,0.551080347332209,0.0407909064535791,0.61080398266423,0.769331692955508,0.807214277077536,0.807097962337571
1.67,0.554555691928848,0.0409846068765046,0.614358657936376,0.771712575254125,0.809532744744078,0.809410133286665
1.68,0.55799965461993,0.0411759337562028,0.617874464986914,0.774064330902886,0.811819190918222,0.811690262155777
1.69,0.561411958580511,0.0413648925421355,0.621351136335705,0.776387049816421,0.814073724473306,0.813938459116697
1.7,0.564792336707429,0.0415514891510051,0.624788460039412,0.778680824124002,0.816296483632275,0.816154863742587
1.71,0.568140531580174,0.0417357299525279,0.628186209859106,0.780945748136644,0.818487592949114,0.818339601901262
1.72,0.571456295418811,0.0419176217554063,0.631544171175415,0.783181918314141,0.820647179323015,0.820492801801488
1.73,0.57473939003893,0.0420971717935032,0.634862167691397,0.785389433231969,0.822775388234785,0.822614610263262
1.74,0.57798958680361,0.0422743877122213,0.638139990298689,0.787568393548034,0.824872340432694,0.824705149312752
1.75,0.58120666657263,0.0424492775550884,0.641377485860007,0.789718901969377,0.826938185969843,0.826764570332541
1.76,0.584390419648825,0.0426218497505525,0.644574485952585,0.791841063218735,0.82897306090315,0.828793010669506
1.77,0.587540645721717,0.0427921130989862,0.647730833259505,0.793934984001022,0.830977103390034,0.830790609764693
1.78,0.59065715380854,0.0429600767599039,0.650846408906829,0.796000772969753,0.832950470116161,0.832757525616393
1.79,0.59373976219259,0.0431257502393915,0.653921059673525,0.798038540693356,0.834893292530798,0.83469389092105
1.8,0.596788298359089,0.0432891433777499,0.656954688813761,0.800048399621447,0.836805731452355,0.836599867796181
1.81,0.599802598928579,0.043450266337354,0.659947183139857,0.802030464051044,0.838687933308457,0.838475603925802
1.82,0.602782509587869,0.0436091295907258,0.662898439978042,0.803984850092709,0.840540046380164,0.840321248839073
1.83,0.605727885018701,0.0437657439088242,0.665808395244285,0.805911675636683,0.842362237492344,0.842136970637832
1.84,0.608638588824095,0.0439201203495493,0.668676948737918,0.807811060318961,0.844154647613497,0.843922911497577
1.85,0.6115144934525,0.0440722702464625,0.671504057334883,0.80968312548735,0.84591744726146,0.845679243196129
1.86,0.614355480119825,0.0442222051977225,0.674289660149553,0.811527994167513,0.847650792099716,0.847406122610895
1.87,0.617161438729354,0.0443699370552349,0.677033706150651,0.813345791029,0.849354839396283,0.8491037082137
1.88,0.619932267789691,0.0445154779140168,0.679736183095333,0.815136642351273,0.851029765054871,0.850772177141417
1.89,0.622667874330736,0.0446588401017744,0.682397040610438,0.81690067598975,0.852675718378454,0.852411679855128
1.9,0.6253681738178,0.044800036168693,0.685016286133218,0.818638021341846,0.854292878526979,0.854022396727861
1.91,0.628033090063904,0.044939078877439,0.687593907854849,0.820348809313052,0.855881409268999,0.855604492691582
1.92,0.630662555140338,0.0450759811933708,0.690129903103749,0.822033172283034,0.857441475727131,0.857158134020498
1.93,0.63325650928554,0.0452107562749601,0.692624308278865,0.82369124407177,0.858973261838705,0.858683505834169
1.94,0.635814900812373,0.0453434174644194,0.695077119370911,0.825323159905738,0.860476924057426,0.860180765687562
1.95,0.638337686013846,0.0454739782785361,0.69748839109193,0.826929056384151,0.861952649146382,0.861650101503202
1.96,0.640824829067369,0.0456024523997106,0.69985815725113,0.828509071445256,0.863400607858739,0.863091685139997
1.97,0.643276301937586,0.0457288536671967,0.702186460029468,0.830063344332698,0.864820972049513,0.864505689545277
1.98,0.645692084277865,0.0458531960685432,0.704473381082738,0.831592015561963,0.8662139326698,0.865892306795413
1.99,0.648072163330504,0.0459754937312333,0.706718959083187,0.833095226886901,0.867579652144067,0.867251700352054
2,0.650416533825723,0.0460957609145214,0.708923292569719,0.834573121266342,0.868918323828103,0.868584064671167
2.01,0.652725197879493,0.0462140120014644,0.711086457333841,0.836025842830805,0.870230124355222,0.869889577427858
2.02,0.654998164890285,0.0463302614911452,0.713208536732637,0.837453536849317,0.871515231205848,0.8711684171294
2.03,0.657235451434785,0.0464445239910865,0.715289654173414,0.838856349696342,0.872773841361266,0.872420781820564
2.04,0.659437081162649,0.0465568142098523,0.717329887156085,0.840234428818827,0.874006122041452,0.873646839687839
2.05,0.661603084690352,0.0466671469498361,0.719329374501473,0.841587922703378,0.875212272223893,0.874846790745218
2.06,0.663733499494199,0.0467755371002305,0.721288230224048,0.842916980843564,0.876392473338446,0.876020817395013
2.07,0.665828369802557,0.0468819996301792,0.72320657506254,0.844221753707363,0.877546907403085,0.877169102611207
2.08,0.667887746487365,0.0469865495821067,0.725084570615513,0.845502392704758,0.878675776494163,0.878291849468319
2.09,0.669911686954986,0.0470892020652239,0.726922329225213,0.846759050155479,0.879779251454839,0.879389229699278
2.1,0.671900255036459,0.0471899722492064,0.728720026417062,0.84799187925691,0.880857535964964,0.880461447953676
2.11,0.673853520877205,0.0472888753580448,0.730477810594601,0.849201034052156,0.881910815192016,0.881508690297548
2.12,0.675771560826257,0.0473859266640624,0.732195836011484,0.850386669398291,0.882939274625128,0.882531143100577
2.13,0.677654457325048,0.0474811414820979,0.733874298909345,0.85154894093478,0.883943120563446,0.883529013592705
2.14,0.67950229879584,0.0475745351638524,0.735513342385803,0.852688005052078,0.884922526298012,0.884502475872179
2.15,0.681315179529833,0.0476661230923952,0.737113175127404,0.853804018860434,0.885877699357987,0.885451738369534
2.16,0.683093199575002,0.0477559206768286,0.738673976061871,0.854897140158879,0.886808827616584,0.886376989778859
2.17,0.684836464623741,0.0478439433471065,0.740195929057407,0.855967527404427,0.88771609898915,0.88727841881658
2.18,0.686545085900338,0.0479302065490061,0.741679261533903,0.857015339681469,0.888599723206635,0.888156236076758
2.19,0.688219180048351,0.048014725739249,0.743124143170474,0.8580407366714,0.88945987481714,0.889010616826175
2.2,0.689858869017928,0.0480975163807692,0.744530812376029,0.859043878622447,0.890296764431276,0.889841772508628
2.21,0.691464279953131,0.0481785939381254,0.745899474743197,0.860024926319729,0.891110581623472,0.890649893438592
2.22,0.693035545079291,0.0482579738730556,0.747230339849159,0.860984041055551,0.891901515707993,0.891435169648308
2.23,0.694572801590472,0.0483356716401696,0.748523662991967,0.861921384599919,0.892669779163682,0.892197814413974
2.24,0.696076191537065,0.0484117026827788,0.749779636162447,0.862837119171309,0.893415546565665,0.892938002934029
2.25,0.697545861713578,0.0484860824288595,0.750998524239718,0.863731407407672,0.894139030950208,0.893655949012226
2.26,0.698981963546647,0.0485588262871472,0.752180555655027,0.864604412337685,0.894840422612978,0.894351843600748
2.27,0.700384652983336,0.0486299496433595,0.75332596179692,0.865456297352267,0.895519911247248,0.895025877024033
2.28,0.701754090379747,0.048699467856545,0.75443502280954,0.866287226176337,0.896177711542797,0.895678264708601
2.29,0.703090440389999,0.0487673962555557,0.755507948580565,0.867097362840849,0.896813996788699,0.896309180462346
2.3,0.704393871855607,0.04883375013564,0.756545027499602,0.867886871655083,0.897428981945224,0.896918839953188
2.31,0.705664557695304,0.048898544755154,0.757546507057711,0.868655917179212,0.898022857065935,0.897507433805065
2.32,0.706902674795348,0.0489617953323889,0.758512636552344,0.869404664197137,0.898595811188063,0.898075151594906
2.33,0.708108403900352,0.0490235170425115,0.759443718360677,0.87013327768961,0.899148060890524,0.898622210588125
2.34,0.709281929504667,0.0490837250146155,0.760339975583025,0.870841922807626,0.899679776697042,0.899148781708557
2.35,0.710423439744362,0.0491424343288813,0.761201717610393,0.871530764846109,0.900191175217395,0.899655082225223
2.36,0.711533126289841,0.049199660013842,0.762029207256631,0.872199969217887,0.900682445299381,0.90014130146701
2.37,0.712611184239109,0.0492554170437524,0.762822707757299,0.87284970142795,0.901153774225605,0.90060762715718
2.38,0.71365781201175,0.0493097203360606,0.763582541788131,0.873480127048011,0.901605380487601,0.90105427844378
2.39,0.714673211243622,0.0493625847489768,0.764308940426552,0.874091411691363,0.902037430030223,0.901481421527323
2.4,0.715657586682326,0.0494140250791401,0.765002232284816,0.87468372098803,0.90245014120668,0.901889275394031
2.41,0.716611146083451,0.0494640560593792,0.765662691763366,0.875257220560236,0.902843700660721,0.902278027074514
2.42,0.717534100107643,0.0495126923565655,0.766290591816115,0.875812075998161,0.903218292647287,0.902647861149778
2.43,0.71842666221853,0.0495599485695553,0.766886274692599,0.87634845283602,0.903574138221183,0.902998999343534
2.44,0.71928904858151,0.0496058392272211,0.767449972997911,0.876866516528446,0.903911396224836,0.903331600555271
2.45,0.720121477963443,0.0496503787865677,0.767982034096821,0.877366432427187,0.904230287528232,0.903645886308475
2.46,0.72092417163327,0.0496935816309316,0.768482740131566,0.87784836575812,0.904530995468092,0.903942040223169
2.47,0.721697353263579,0.0497354620682625,0.768952368794971,0.878312481598572,0.904813699533353,0.904220241960196
2.48,0.722441248833149,0.0497760343294841,0.769391283719527,0.878758944854977,0.905078625340921,0.904480717921313
2.49,0.723156086530479,0.0498153125669315,0.769799709606274,0.879187920240838,0.905325920413861,0.904723615350994
2.5,0.723842096658337,0.0498533108528649,0.770178014902649,0.879599572255013,0.905555810403486,0.904949160690773
2.51,0.724499511539347,0.0498900431780563,0.770526485300419,0.87999406516033,0.905768473992375,0.905157532785125
2.52,0.725128565422633,0.0499255234504479,0.770845395757885,0.880371562962526,0.90596408273636,0.905348903074833
2.53,0.725729494391522,0.0499597654938799,0.771135139946088,0.880732229389501,0.906142872531682,0.905523508692094
2.54,0.726302536272352,0.049992783046886,0.771395916244228,0.881076227870914,0.906304970355517,0.905681475535544
2.55,0.726847930544383,0.0500245897615556,0.771628124294263,0.88140372151809,0.906450613136655,0.905823041848086
2.56,0.727365918250822,0.050055199202459,0.771832048684104,0.881714873104271,0.906579973243709,0.905948380048184
2.57,0.727856741910998,0.0500846248456363,0.772007942723495,0.882009845045187,0.906693204766161,0.906057643065794
2.58,0.728320645433672,0.0501128800776456,0.772156268207854,0.882288799379953,0.906790575759089,0.906151102601539
2.59,0.728757874031522,0.0501399781946716,0.772277136918735,0.882551897752304,0.906872160292401,0.906228827988487
2.6,0.729168674136795,0.0501659324016906,0.772371023743723,0.88279930139216,0.906938231714494,0.906291096574914
2.61,0.729553293318155,0.0501907558116913,0.772438235287503,0.883031171097513,0.906988969667875,0.906338093986684
2.62,0.729911980198707,0.0502144614449502,0.77247882489417,0.883247667216652,0.907024413309322,0.906369851752851
2.63,0.730244984375251,0.0502370622283593,0.772493329995104,0.883448949630713,0.907044867811655,0.906386331780118
2.64,0.730552556338731,0.0502585709948044,0.772482606153179,0.883635177736568,0.907050812880945,0.906388979965915
2.65,0.730834947395919,0.050279000482594,0.772445767577169,0.883806510430034,0.907041767538719,0.906376448247043
2.66,0.731092409592311,0.0502983633349348,0.772383973274654,0.883963106089415,0.907018377217126,0.906349587960464
2.67,0.731325195636278,0.0503166720994552,0.772297395185568,0.884105122559378,0.906980742510569,0.90630853767585
2.68,0.73153355882444,0.050333939227773,0.772186164869074,0.884232717135152,0.906928941040502,0.906253380213133
2.69,0.731717752968298,0.0503501770751075,0.772050821827204,0.884346046547055,0.906863274646356,0.906184410357123
2.7,0.731878032322105,0.0503653978999339,0.771891511438595,0.884445266945354,0.906783827236971,0.906101717044387
2.71,0.73201465151199,0.0503796138636788,0.771708610264253,0.884530533885444,0.906690809553031,0.906005509101897
2.72,0.732127865466349,0.0503928370304554,0.771502450515841,0.884602002313359,0.906584407292722,0.90589597207258
2.73,0.732217929347475,0.0504050793668379,0.771273259737384,0.884659826551603,0.906464747855217,0.905773234724989
2.74,0.732285098484455,0.0504163527416724,0.771021448680866,0.884704160285305,0.906332059138668,0.905637523260472
2.75,0.732329628307327,0.0504266689259249,0.770747248470545,0.8847351565487,0.906186469440186,0.905488967182114
2.76,0.732351774282494,0.0504360395925631,0.770450996395534,0.884752967711924,0.906028165118556,0.905327752316937
2.77,0.732351791849387,0.0504444763164732,0.770133014491997,0.884757745468136,0.905857323648967,0.905154055936032
2.78,0.732329936358402,0.0504519905744089,0.769793557275392,0.884749640820956,0.905674084784257,0.904968018328983
2.79,0.732286463010062,0.0504585937449714,0.769432991937766,0.884728804072205,0.905478650042472,0.904769840206313
2.8,0.732221626795457,0.0504642971086211,0.769051573053635,0.88469538480998,0.905271158362099,0.904559660977649
2.81,0.732135682437971,0.0504691118477176,0.7686496209822,0.884649531897061,0.905051784612305,0.904337655200873
2.82,0.732028884336102,0.0504730490465891,0.768227447813752,0.88459139345954,0.904820698735579,0.904103992615897
2.83,0.731901486507739,0.0504761196916284,0.767785317095486,0.884521116875888,0.904578043502668,0.903858816214404
2.84,0.731753742535522,0.050478334671416,0.767323571017587,0.884438848766232,0.904324004817412,0.90360231136321
2.85,0.731585905513428,0.0504797047768684,0.766842471610446,0.88434473498195,0.904058723970581,0.903334619535375
2.86,0.731398227994742,0.0504802407014108,0.766342326804075,0.884238920595646,0.903782367334905,0.903055906838269
2.87,0.73119096194103,0.0504799530411741,0.765823438876866,0.884121549891306,0.903495097893752,0.902766336035702
2.88,0.730964358672481,0.0504788522952141,0.765286072804079,0.883992766354847,0.903197057733966,0.902466049267429
2.89,0.730718668819442,0.0504769488657526,0.7647305522367,0.883852712664952,0.902888421180852,0.902155220422225
2.9,0.730454142275019,0.0504742530584401,0.764157139691787,0.883701530684121,0.902569328500712,0.901833989791553
2.91,0.730171028149067,0.0504707750826386,0.763566131789612,0.883539361450131,0.902239938637306,0.901502516052505
2.92,0.729869574723223,0.0504665250517233,0.762957820704483,0.883366345167704,0.901900407892249,0.901160955261614
2.93,0.729550029407109,0.0504615129834038,0.762332468663836,0.883182621200459,0.901550875795282,0.900809446893163
2.94,0.729212638695845,0.0504557488000628,0.761690383496239,0.882988328063235,0.901191507004089,0.900448155205616
2.95,0.728857648128517,0.050449242329112,0.761031824323318,0.882783603414579,0.900822439025821,0.900077217628747
2.96,0.728485302247938,0.0504420033033648,0.760357076592418,0.882568584049592,0.900443823842322,0.899696785860638
2.97,0.728095844561537,0.0504340413614246,0.759666421931888,0.882343405893058,0.900055811210234,0.899307009384775
2.98,0.727689517503238,0.050425366048088,0.758960117176144,0.882108203992756,0.899658537015145,0.898908023953079
2.99,0.727266562396656,0.0504159868147627,0.75823845557949,0.881863112513171,0.899252157291965,0.898499985211263
3,0.726827219419254,0.0504059130198994,0.757501690396231,0.881608264729383,0.898836805775181,0.898083026742064
3.01,0.726371727567598,0.0503951539294365,0.756750095720902,0.881343793021222,0.898412627721994,0.897657293496714
3.02,0.725900324623831,0.0503837187172576,0.755983942184911,0.881069828867774,0.897979766421365,0.897222928463353
3.03,0.72541324712302,0.0503716164656609,0.755203479417051,0.880786502842023,0.897538353432717,0.896780063007517
3.04,0.724910730321711,0.0503588561658403,0.754408986701996,0.88049394460584,0.897088536805502,0.896328844786997
3.05,0.72439300816752,0.0503454467183768,0.753600709734252,0.880192282905217,0.896630445865312,0.895869402918306
3.06,0.723860313269626,0.0503313969337408,0.752778910996903,0.879881645565679,0.896164219287204,0.895401875747605
3.07,0.723312876870485,0.0503167155328038,0.751943849728807,0.879562159488054,0.895689993949699,0.894926399826823
3.08,0.722750928818411,0.0503014111473599,0.751095767062142,0.879233950644407,0.895207896641614,0.894443101702847
3.09,0.722174697541164,0.0502854923206551,0.750234928626492,0.878897144074219,0.894718067855538,0.893952121468603
3.1,0.721584410020644,0.0502689675079263,0.749361571357622,0.878551863880881,0.894220632095653,0.893453583373546
3.11,0.720980291768385,0.0502518450769466,0.748475945886819,0.878198233228313,0.893715721560142,0.892947619265321
3.12,0.720362566802125,0.0502341333085795,0.74757829974837,0.877836374337897,0.89320346677392,0.89243435931913
3.13,0.719731457623334,0.0502158403973388,0.746668864648698,0.877466408485632,0.892683989464377,0.891913924981457
3.14,0.719087185195534,0.0501969744519558,0.745747892754776,0.877088455999445,0.892157422883838,0.891386449095009
3.15,0.718429968923725,0.0501775434959521,0.744815611389319,0.876702636256831,0.891623886448356,0.890852050784221
3.16,0.717760026634592,0.0501575554682189,0.743872259151106,0.876309067682636,0.89108350597423,0.890310855495474
3.17,0.717077574557597,0.0501370182236004,0.742918071651703,0.875907867747058,0.890536405699005,0.889762987096511
3.18,0.716382827307072,0.0501159395334832,0.741953270512357,0.875499152963928,0.889982702104844,0.889208561756838
3.19,0.715675997865027,0.0500943270863898,0.740978094592728,0.87508303888912,0.889422521459356,0.888647705324489
3.2,0.714957297564886,0.0500721884885765,0.739992761005882,0.874659640119208,0.888855977925816,0.888080531641247
3.21,0.714226936076079,0.0500495312646349,0.738997496213433,0.874229070290341,0.888283191036546,0.887507159852871
3.22,0.713485121389382,0.0500263628580974,0.73799252378092,0.873791442077272,0.887704278822073,0.886927707603174
3.23,0.712732059803156,0.0500026906320455,0.736978054796069,0.873346867192642,0.887119352414383,0.886342285685785
3.24,0.711967955910291,0.0499785218697212,0.735954314973167,0.872895456386394,0.886528531319149,0.88575101317793
3.25,0.711193012586014,0.0499538637751412,0.734921510820926,0.872437319445446,0.88593192435766,0.88515399855541
3.26,0.710407430976389,0.049928723473713,0.73387985663937,0.871972565193483,0.885329644885499,0.88455135477354
3.27,0.709611410487643,0.0499031080128534,0.732829563915559,0.871501301490994,0.884721804822517,0.883943193351742
3.28,0.708805148776156,0.0498770243626089,0.731770832925809,0.871023635235442,0.884108509906119,0.883329619668584
3.29,0.707988841739253,0.0498504794162768,0.730703876429755,0.87053967236165,0.883489873086292,0.882710746238429
3.3,0.707162683506633,0.0498234799910288,0.729628890099964,0.870049517842325,0.882865997811102,0.882086676144943
3.31,0.70632686643257,0.0497960328285346,0.728546076128636,0.86955327568879,0.88223699137883,0.881457516275409
3.32,0.705481581088721,0.0497681445955868,0.727455633976044,0.869051048951848,0.881602959711247,0.880823372140589
3.33,0.704627016257684,0.0497398218847262,0.726357752969519,0.86854293972285,0.880964003154638,0.880184343712045
3.34,0.703763358927131,0.0497110712148672,0.725252633143602,0.868029049134877,0.880320228302445,0.879540537142435
3.35,0.702890794284686,0.0496818990319239,0.724140459236753,0.867509477364144,0.879671733244099,0.87889205014235
3.36,0.702009505713235,0.0496523117094358,0.723021421459939,0.866984323631443,0.879018619353068,0.878238983666454
3.37,0.701119674787243,0.0496223155491929,0.72189570737443,0.866453686203963,0.87836098668123,0.877581437348049
3.38,0.700221481269124,0.0495919167818609,0.720763495337647,0.865917662396942,0.877698930225797,0.876919505797845
3.39,0.699315103106657,0.0495611215676054,0.719624972930525,0.86537634857573,0.877032550421095,0.87625328900637
3.4,0.698400716430852,0.0495299359967155,0.718480313970433,0.864829840157917,0.8763619400494,0.875582879366605
3.41,0.697478495554304,0.0494983660902262,0.717329696879469,0.864278231615566,0.875687194704648,0.874908372048683
3.42,0.696548612970027,0.0494664178005396,0.716173297515079,0.863721616477535,0.875008408711378,0.874229860953868
3.43,0.695611239351047,0.0494340970120452,0.715011283341192,0.863160087332062,0.87432567179126,0.87354743540921
3.44,0.694666543550445,0.0494014095417383,0.71384382979763,0.862593735829436,0.873639078418181,0.872861189443975
3.45,0.693714692601833,0.049368361139837,0.712671099885904,0.86202265268476,0.872948716148744,0.872171210218579
3.46,0.692755851720264,0.0493349574903972,0.711493260489589,0.861446927680784,0.872254674954503,0.871477587278432
3.47,0.691790184303845,0.0493012042119265,0.71031047601609,0.860866649670999,0.871557043588093,0.870780408950867
3.48,0.690817851935742,0.0492671068579949,0.709122903193318,0.8602819065828,0.87085590659495,0.870079759381901
3.49,0.689839014386588,0.0492326709178445,0.707930705670205,0.859692785420718,0.870151352689892,0.869375726843028
3.5,0.688853829617262,0.0491979018169961,0.706734035814101,0.859099372269738,0.869443464309841,0.868668393371286
3.51,0.687862453782322,0.0491628049178542,0.705533049270365,0.858501752298839,0.868732325971711,0.867957843057592
3.52,0.686865041233789,0.0491273855203088,0.70432789930012,0.857900009764598,0.868018021022852,0.867244158824452
3.53,0.68586174452527,0.0490916488623353,0.703118732119814,0.857294228014866,0.867300628952931,0.866527419760272
3.54,0.684852714416438,0.0490556001205913,0.701905699970898,0.856684489492502,0.866580232922197,0.865807708585318
3.55,0.683838099878083,0.0490192444110109,0.700688944831184,0.856070875739325,0.865856910373876,0.865085102342096
3.56,0.682818048097483,0.0489825867893959,0.699468611450198,0.855453467400114,0.865130740547112,0.864359679846183
3.57,0.681792704484072,0.0489456322520045,0.698244842288256,0.854832344226677,0.864401801560051,0.863631518793626
3.58,0.680762212675419,0.0489083857361364,0.697017773329824,0.854207585081961,0.86367016798426,0.862900693355548
3.59,0.679726714543727,0.0488708521207156,0.695787545820296,0.853579267944368,0.862935917632944,0.862167280910406
3.6,0.678686350202609,0.048833036226869,0.694554291643737,0.852947469912115,0.862199123097795,0.861431353650898
3.61,0.677641258014125,0.048794942818503,0.693318145030747,0.85231226720764,0.861459858524615,0.86069298530378
3.62,0.676591574596085,0.0487565766028758,0.692079238020271,0.85167373518206,0.860718196986184,0.859952248524546
3.63,0.675537434829823,0.048717942231167,0.690837696688545,0.851031948319797,0.8599742082875,0.859209212720936
3.64,0.674478971868209,0.0486790442990433,0.689593651718964,0.850386980243261,0.859227965104726,0.858463950141352
3.65,0.673416317143886,0.0486398873472212,0.688347225238529,0.849738903717552,0.858479535333109,0.857716528286045
3.66,0.672349600377734,0.0486004758620259,0.687098541363264,0.849087790655218,0.857728988215561,0.856967015985287
3.67,0.671278949587755,0.0485608142759465,0.685847722116938,0.848433712121166,0.856976391969396,0.856215481045782
3.68,0.670204491098163,0.0485209069681883,0.684594884026212,0.847776738337607,0.856221811795518,0.855461988276463
3.69,0.66912634954866,0.0484807582652203,0.68334014766387,0.847116938689034,0.855465315444811,0.854706605009022
3.7,0.668044647903904,0.0484403724413205,0.682083625768414,0.846454381727229,0.854706966281271,0.853949394218464
3.71,0.666959507463359,0.0483997537191156,0.680825432766525,0.845789135176419,0.853946828839853,0.853190420035192
3.72,0.665871047871302,0.0483589062701189,0.679565681093166,0.845121265938457,0.853184966676796,0.852429745613171
3.73,0.664779387127,0.048317834215263,0.678304478110763,0.844450840098027,0.852421440559789,0.851667431335247
3.74,0.663684641595034,0.0482765416254292,0.677041934745114,0.843777922927866,0.851656313527084,0.850903539830468
3.75,0.662586926015961,0.0482350325219733,0.675778154738766,0.843102578894131,0.850889644584266,0.850138129723185
3.76,0.661486353517113,0.0481933108772466,0.674513243269212,0.842424871661776,0.850121493756309,0.849371260643395
3.77,0.660383035623522,0.0481513806151144,0.673247303623186,0.841744864099946,0.849351920135759,0.848602991291156
3.78,0.659277082268971,0.0481092456114693,0.671980434403665,0.84106261828739,0.84858098023414,0.847833377801885
3.79,0.658168601807337,0.0480669096947412,0.670712737360609,0.840378195517993,0.847808732589698,0.847062478315857
3.8,0.657057701024046,0.0480243766464032,0.669444307650215,0.839691656306319,0.847035232027935,0.846290347286618
3.81,0.655944485147618,0.0479816502014736,0.668175241650481,0.839003060393162,0.846260534263506,0.845517040044708
3.82,0.654829057861319,0.0479387340490138,0.666905633949353,0.838312466751111,0.845484694124244,0.844742611036523
3.83,0.653711521315064,0.0478956318326225,0.66563557480827,0.837619933590221,0.844707764046769,0.843967112332692
3.84,0.652591976137399,0.0478523471509251,0.664365157275707,0.836925518363686,0.843929798281013,0.843190597797481
3.85,0.651470521447558,0.0478088835580604,0.663094468342138,0.836229277773518,0.84315084765432,0.842413117896857
3.86,0.650347254867592,0.0477652445641619,0.661823596040518,0.83553126777623,0.842370963771117,0.841634723863099
3.87,0.649222272534715,0.047721433635836,0.66055262671356,0.834831543588616,0.841590197393836,0.840855466089327
3.88,0.64809566911371,0.0476774541966361,0.659281642706719,0.834130159693525,0.840808597067939,0.840075392766297
3.89,0.646967537809379,0.047633309627532,0.658010728840649,0.833427169845639,0.840026212964918,0.839294553693049
3.9,0.645837970379046,0.047589003267376,0.656739964366527,0.832722627077241,0.839243092097816,0.83851299553293
3.91,0.644707057145244,0.0475445384133647,0.655469429427248,0.83201658370408,0.838459282160209,0.837730765620255
3.92,0.643574887008435,0.0474999183214969,0.654199202573824,0.831309091331216,0.837674830047627,0.836947910494261
3.93,0.642441547459759,0.0474551462070272,0.652929358664145,0.830600200858864,0.836889780599078,0.836164474651519
3.94,0.641307124593807,0.0474102252449156,0.651659974760598,0.829889962488234,0.836104180114843,0.835380504033819
3.95,0.640171703121559,0.0473651585702738,0.650391122802796,0.829178425727438,0.835318071978016,0.83459604168714
3.96,0.639035366383319,0.0473199492788063,0.649122875495413,0.828465639397389,0.834531500168939,0.83381113124621
3.97,0.637898196361663,0.0472746004272487,0.647855304047645,0.827751651637683,0.833744507912882,0.833025815593761
3.98,0.636760273694425,0.0472291150338011,0.646588476257055,0.827036509912486,0.832957136526758,0.832240135717324
3.99,0.635621677687773,0.047183496078558,0.64532246189021,0.826320261016472,0.832169428643451,0.831454133905854
4,0.634482486329255,0.0471377465039344,0.644057326000341,0.825602951080717,0.831381424199672,0.830667849772259
4.01,0.6333427763009,0.0470918692150871,0.642793134299448,0.824884625578624,0.830593163657476,0.829881323447227
4.02,0.632202622992314,0.0470458670803333,0.641529951098075,0.824165329331832,0.829804686765753,0.829094594351431
4.03,0.631062100513812,0.0469997429315642,0.640267837556035,0.823445106516139,0.829016031502165,0.828307700146841
4.04,0.629921281709533,0.0469534995646553,0.639006856596864,0.82272400066741,0.828227237031914,0.827520679669746
4.05,0.62878023817059,0.0469071397398724,0.637747066806798,0.822002054687494,0.82743834002702,0.826733569282237
4.06,0.627639040248186,0.0468606661822744,0.636488527341745,0.821279310850127,0.826649377622713,0.825946405802879
4.07,0.62649775706676,0.046814081582111,0.63523129604742,0.82055581080684,0.825860386281804,0.825159225381021
4.08,0.625356456537097,0.0467673885952184,0.633975427860904,0.819831595592848,0.825071400823058,0.824372062533887
4.09,0.624215205369447,0.0467205898434089,0.632720979303688,0.819106705632945,0.824282457138994,0.823584952840429
4.1,0.62307406908661,0.0466736879148589,0.631468002905884,0.818381180747376,0.82349358881581,0.822797929591207
4.11,0.621933112037026,0.0466266853644917,0.63021655169269,0.817655060157716,0.822704829849188,0.822011026480255
4.12,0.620792397407812,0.0465795847143567,0.628966677467323,0.816928382492718,0.821916213601897,0.821224276571927
4.13,0.619651987237802,0.0465323884540057,0.627718429349185,0.816201185794169,0.821127771910798,0.820437711416031
4.14,0.618511942430536,0.046485099040864,0.626471857885109,0.815473507522716,0.820339537585489,0.81965136352414
4.15,0.617372322767234,0.0464377189005995,0.625227009949231,0.814745384563689,0.819551541301601,0.81886526329082
4.16,0.616233186919714,0.0463902504274869,0.623983932848392,0.814016853232905,0.81876381409774,0.818079441468237
4.17,0.615094592463295,0.0463426959847683,0.622742672752377,0.813287949282456,0.817976386417814,0.817293928217105
4.18,0.613956595889635,0.0462950579050109,0.621503273356048,0.812558707906478,0.817189287289707,0.816508752292943
4.19,0.612819252619546,0.0462473384904606,0.620265779643961,0.811829163746909,0.816402546624165,0.815723943324105
4.2,0.611682617015742,0.0461995400133915,0.619030233221874,0.811099350899218,0.815616192357205,0.814939528980269
4.21,0.610546742395555,0.0461516647164532,0.617796676076156,0.810369302918125,0.814830252747533,0.814155537248993
4.22,0.609411681043583,0.0461037148130128,0.616565149137558,0.809639052823291,0.814044755496018,0.813371995563229
4.23,0.608277484224299,0.046055692487495,0.615335691056069,0.808908633104996,0.813259726989824,0.812588930052554
4.24,0.607144202194584,0.0460075998957175,0.614108341650227,0.808178075729787,0.812475194418848,0.811806367640092
4.25,0.606011884216222,0.0459594391652238,0.612883137631066,0.807447412146107,0.811691183145591,0.811024333436774
4.26,0.604880578568314,0.0459112123956117,0.611660116046755,0.806716673289902,0.810907718820315,0.810242852836983
4.27,0.603750332559642,0.0458629216588589,0.610439312967688,0.805985889590197,0.81012482657091,0.809461950715934
4.28,0.602621192540959,0.0458145689996455,0.60922076236396,0.805255090974658,0.809342530306918,0.808681650740338
4.29,0.601493203917217,0.0457661564356723,0.608004499267427,0.804524306875118,0.808560854669022,0.807901977299618
4.3,0.600366411159719,0.0457176859579762,0.606790555853006,0.803793566233082,0.807779822606991,0.807122953106692
4.31,0.599240857818209,0.0456691595312424,0.605578964596519,0.803062897505203,0.806999457328046,0.806344601128058
4.32,0.59811658653288,0.0456205790941129,0.604369757070155,0.802332328668734,0.806219781551078,0.805566943845036
4.33,0.59699363904631,0.0455719465594922,0.603162962913544,0.801601887226947,0.805440816865545,0.804790002618904
4.34,0.595872056215326,0.0455232638148495,0.601958612733678,0.800871600214526,0.804662585527952,0.804013799470239
4.35,0.594751878022787,0.0454745327225173,0.600756734512172,0.800141494202934,0.803885108230454,0.803238354868913
4.36,0.593633143589283,0.0454257551199876,0.599557356501349,0.799411595305741,0.803108405896325,0.802463689512437
4.37,0.592515891184764,0.0453769328202042,0.5983605061203,0.798681929183933,0.802332498993095,0.801689823645677
4.38,0.591400158240081,0.0453280676118522,0.597166209011444,0.797952521051179,0.801557406941821,0.800916776475961
4.39,0.590285981358442,0.0452791612596445,0.595974491700897,0.797223395679082,0.800783149773109,0.800144567813036
4.4,0.589173396326788,0.0452302155046047,0.594785378303443,0.796494577402378,0.800009746070664,0.799373216032678
4.41,0.588062438127086,0.0451812320643478,0.593598893179424,0.795766090124123,0.799237214626403,0.798602739715737
4.42,0.586953140947524,0.0451322126333564,0.592415059922609,0.795037957320832,0.798465573807641,0.797833157021486
4.43,0.585845538193638,0.0450831588832557,0.591233900494894,0.794310202047597,0.79769484101262,0.797064485148632
4.44,0.58473966249933,0.0450340724630842,0.590055437667527,0.793582846943162,0.796925034197453,0.796296741847176
4.45,0.583635545737814,0.0449849549995616,0.588879691998319,0.792855914234973,0.796156169980413,0.795529943541529
4.46,0.582533219032459,0.0449358080973544,0.587706684269674,0.792129425744186,0.795388265168043,0.794764106841528
4.47,0.581432712767555,0.0448866333393381,0.586536434560358,0.791403402890645,0.794621336171951,0.793999247965031
4.48,0.580334056598972,0.0448374322868561,0.585368961451713,0.790677866697828,0.793855398506913,0.793235382241148
4.49,0.579237279464745,0.044788206479977,0.584204284268184,0.789952837797752,0.793090468199033,0.792472525504241
4.5,0.578142409595548,0.0447389574377477,0.583042420303737,0.789228336435848,0.792326560037895,0.79171069236375
4.51,0.57704947452509,0.0446896866584444,0.581883387059441,0.788504382475795,0.791563688983954,0.790949897597415
4.52,0.575958501100409,0.0446403956198209,0.580727201391987,0.787780995404325,0.790801869630951,0.790190155619122
4.53,0.574869515492076,0.0445910857793537,0.579573878785418,0.78705819433599,0.790041115743207,0.789431480021017
4.54,0.573782543204303,0.0445417585744846,0.578423435407664,0.786335998017888,0.789281441554373,0.788673884858962
4.55,0.572697609084953,0.0444924154228609,0.577275885565323,0.785614424834355,0.788522860155737,0.787917383057425
4.56,0.571614737335465,0.0444430577225721,0.576131243757466,0.784893492811628,0.787765384794254,0.787161987694207
4.57,0.570533951520675,0.0443936868523849,0.574989523894446,0.784173219622463,0.78700902837695,0.786407711509949
4.58,0.569455274578539,0.0443443041719748,0.573850738629696,0.783453622590714,0.786253803044329,0.785654566486051
4.59,0.568378728829768,0.0442949110221559,0.572714901247452,0.782734718695883,0.785499721368256,0.784902565030078
4.6,0.567304335987367,0.0442455087251069,0.571582023326964,0.782016524577629,0.784746794865752,0.784151718505123
4.61,0.566232117166072,0.044196098584596,0.57045211662768,0.781299056540239,0.78399503519619,0.783402038414506
4.62,0.565162092891691,0.0441466818862019,0.569325192372483,0.780582330557061,0.783244453704388,0.782653535949656
4.63,0.564094283110357,0.0440972598975337,0.568201260634592,0.779866362274903,0.782495061027305,0.781906221601051
4.64,0.563028707197675,0.0440478338684467,0.567080332070308,0.779151167018392,0.781746868198879,0.781160106251326
4.65,0.561965383967782,0.0439984050312574,0.565962415775415,0.778436759794294,0.780999885279551,0.780415199819416
4.66,0.560904331682299,0.0439489746009546,0.564847521015549,0.777723155295799,0.780254122460435,0.779671512352995
4.67,0.559845568059202,0.0438995437754095,0.563735656568537,0.777010367906768,0.779509589642069,0.778929053611716
4.68,0.558789110281581,0.0438501137355818,0.562626830161872,0.776298411705939,0.77876629607184,0.778187832708619
4.69,0.55773497500632,0.043800685645725,0.5615210500631,0.775587300471098,0.778024251362916,0.77744785911805
4.7,0.556683178372664,0.0437512606535885,0.560418323112697,0.774877047683213,0.777283464230576,0.776709141425715
4.71,0.555633736010705,0.0437018398906176,0.559318656312223,0.774167666530528,0.776543943510501,0.775971688335953
4.72,0.554586663049765,0.0436524244721509,0.558222056220897,0.773459169912618,0.77580569777042,0.775235508287594
4.73,0.553541974126683,0.0436030154976161,0.557128528439525,0.772751570444408,0.775068734975899,0.77450060912349
4.74,0.552499683394018,0.0435536140507229,0.55603807907006,0.772044880460159,0.774333063429932,0.773766999019757
4.75,0.55145980452814,0.0435042211996543,0.554950712910588,0.771339112017402,0.77359869060789,0.773034685333615
4.76,0.550422350737242,0.0434548379972549,0.553866434912796,0.770634276900851,0.772865624096486,0.772303675532002
4.77,0.549387334769253,0.0434054654812179,0.552785249628344,0.769930386626265,0.772133871235786,0.77157397683754
4.78,0.548354768919655,0.0433561046742692,0.551707160735469,0.769227452444284,0.771403438811196,0.770845595924029
4.79,0.547324665039211,0.04330675658435,0.55063217237827,0.768525485344215,0.77067433391973,0.77011853977301
4.8,0.546297034541597,0.0432574222047969,0.549560287510679,0.767824496057787,0.769946562896073,0.769392814611907
4.81,0.545271888410944,0.0432081025145199,0.548491509233777,0.767124495062871,0.769220132178232,0.768668426769982
4.82,0.544249237209289,0.0431587984781786,0.547425840287911,0.766425492587158,0.768495047977597,0.767945382352092
4.83,0.54322909108393,0.0431095110463561,0.546363282618528,0.765727498611801,0.767771315995124,0.767223686958164
4.84,0.542211459774696,0.0430602411557313,0.545303838604834,0.765030522875021,0.767048942219833,0.766503346472594
4.85,0.54119635262112,0.0430109897292484,0.544247509540751,0.764334574875668,0.766327931939062,0.765784366085819
4.86,0.540183778569532,0.0429617576762854,0.543194296861716,0.763639663876764,0.765608290536356,0.765066751083119
4.87,0.539173746180052,0.0429125458928198,0.542144201678856,0.762945798908987,0.764890023187436,0.764350506544043
4.88,0.538166263633498,0.0428633552615933,0.541097224380868,0.762252988774128,0.764173134598738,0.763635637084045
4.89,0.537161338738204,0.0428141866522731,0.540053365760932,0.761561242048515,0.763457629743266,0.762922147581789
4.9,0.536158978936763,0.0427650409216133,0.539012625623626,0.760870567086398,0.762743512948645,0.762210042277829
4.91,0.535159191312664,0.0427159189136126,0.53797500391007,0.760180972023292,0.762030788632377,0.761499325501325
4.92,0.534161982596846,0.0426668214596711,0.53694050027076,0.759492464779288,0.761319461021739,0.760790001393203
4.93,0.533167359174178,0.0426177493787454,0.535909113700593,0.758805053062329,0.760609533912992,0.760082073668241
4.94,0.532175327089846,0.0425687034775011,0.534880843572175,0.758118744371452,0.759901011349292,0.759375546284994
4.95,0.531185892055655,0.0425196845504644,0.533855688358578,0.75743354599999,0.759193896780686,0.75867042261572
4.96,0.530199059456238,0.042470693380171,0.532833646664968,0.756749465038734,0.758488193741431,0.757966706115719
4.97,0.5292148343552,0.0424217307373146,0.531814716836979,0.756066508379068,0.757783905592019,0.757264400068401
4.98,0.528233221501168,0.0423727973808917,0.530798896626213,0.755384682716072,0.75708103529748,0.756563507366283
4.99,0.52725422533376,0.0423238940583468,0.529786184137444,0.754703994551577,0.756379586051733,0.755864031127861
5,0.526277849989465,0.0422750215057145,0.528776576657897,0.754024450197193,0.755679560504061,0.755165973933389
5.01,0.525304099307455,0.0422261804477602,0.527770071602865,0.7533460557773,0.754980961382885,0.754469338441165
5.02,0.524332976835314,0.0421773715981197,0.52676666615675,0.75266881723201,0.754283791258217,0.753774127152853
5.03,0.523364485834681,0.0421285956594361,0.525766356966584,0.751992740320089,0.753588052337628,0.753080342211949
5.04,0.522398629286813,0.0420798533234966,0.524769141010026,0.751317830621841,0.752893747041057,0.752387985971608
5.05,0.521435409898075,0.0420311452713661,0.523775014522606,0.750644093541967,0.752200877288755,0.75169706029128
5.06,0.520474830105361,0.04198247217352,0.522783973864219,0.749971534312391,0.751509445075535,0.751007567103965
5.07,0.519516892081418,0.041933834689976,0.521796015190205,0.749300157995041,0.750819452252125,0.750319508200235
5.08,0.518561597740102,0.0418852334704227,0.520811134170631,0.748629969484608,0.750130900337437,0.749632885042852
5.09,0.517608948741564,0.0418366691543488,0.519829326785425,0.747960973511261,0.749443791047584,0.748947699289248
5.1,0.516658946497365,0.0417881423711688,0.518850588341719,0.747293174643348,0.748758125640642,0.748263952144413
5.11,0.515711592175498,0.0417396537403485,0.517874914267556,0.746626577290045,0.748073905445113,0.747581644882818
5.12,0.514766886705351,0.0416912038715284,0.516902299810597,0.745961185703975,0.747391131658735,0.746900778649725
5.13,0.51382483078259,0.0416427933646461,0.515932739781075,0.745297003983805,0.746709805175826,0.746221354290712
5.14,0.512885424873986,0.0415944228100566,0.514966229279924,0.744634036076812,0.746029927073962,0.745543372832258
5.15,0.511948669222151,0.0415460927886519,0.514002762798965,0.743972285781401,0.745351498011252,0.744866834886599
5.16,0.511014563850205,0.0414978038719788,0.513042334947671,0.743311756749605,0.744674518712471,0.744191741131753
5.17,0.510083108566382,0.0414495566223548,0.512084940177275,0.742652452489546,0.743998989784012,0.743518092128805
5.18,0.509154302968576,0.0414013515929842,0.51113057254548,0.741994376367881,0.743324911555145,0.742845888165208
5.19,0.508228146448793,0.0413531893280706,0.510179226382976,0.741337531612196,0.742652284525569,0.742175129696638
5.2,0.507304638197548,0.0413050703629302,0.509230895469783,0.740681921313379,0.74198110881121,0.74150581679987
5.21,0.506383777208197,0.0412569952241023,0.508285573700469,0.740027548427962,0.741311384591233,0.740837949614093
5.22,0.505465562281211,0.0412089644294589,0.507343254831601,0.739374415780442,0.740643111937902,0.740171528172943
5.23,0.504549992028367,0.0411609784883136,0.506403932266454,0.738722526065559,0.7399762906707,0.739506552260524
5.24,0.503637064876873,0.041113037901528,0.505467599664876,0.738071881850543,0.739310920767713,0.738843021817488
5.25,0.502726779073445,0.0410651431616182,0.504534250189646,0.737422485577341,0.738647001856275,0.738180936438263
5.26,0.501819132688321,0.0410172947528588,0.503603877115096,0.736774339564822,0.737984533623811,0.737520295776604
5.27,0.500914123619193,0.0409694931513863,0.502676473596026,0.736127446010933,0.737323515661485,0.736861099391252
5.28,0.500011749595088,0.0409217388253016,0.501752032470784,0.735481806994836,0.736663947330183,0.736203346613688
5.29,0.499112008180183,0.0408740322347702,0.500830546819065,0.734837424479016,0.736005828138497,0.735547036921185
5.3,0.498214896777585,0.0408263738321223,0.499912009272596,0.734194300311373,0.735349157274773,0.734892169474977
5.31,0.49732041263301,0.0407787640619512,0.498996412571765,0.733552436227269,0.734693933984565,0.734238743492789
5.32,0.496428552838422,0.0407312033612102,0.498083749354239,0.732911833851543,0.734040157426996,0.733586758107071
5.33,0.495539314335621,0.0406836921593095,0.497174011974923,0.732272494700525,0.733387826551704,0.732936212243586
5.34,0.494652693919769,0.0406362308782102,0.496267193015922,0.731634420184001,0.732736940445978,0.732287104963962
5.35,0.493768688242854,0.040588819932519,0.495363284656328,0.73099761160716,0.73208749790503,0.731639435041658
5.36,0.492887293817087,0.0405414597295803,0.494462279181058,0.730362070172505,0.731439497778619,0.730993201304001
5.37,0.492008507018265,0.040494150669568,0.4935641687876,0.729727796981746,0.730792938839154,0.730348402502039
5.38,0.491132324089077,0.0404468931455763,0.492668945421445,0.729094793037677,0.730147819668744,0.72970503719911
5.39,0.49025874114234,0.0403996875437086,0.491776601242127,0.728463059246005,0.729504138977865,0.729063104085254
5.4,0.48938775416418,0.0403525342431663,0.490887128047276,0.727832596417161,0.728861895210912,0.728422601588049
5.41,0.488519359017178,0.0403054336163356,0.490000517737576,0.727203405268095,0.728221086864361,0.727783528186517
5.42,0.487653551443462,0.0402583860288744,0.48911676214014,0.726575486424044,0.727581712365707,0.727145882291683
5.43,0.486790327067729,0.0402113918397969,0.488235852858166,0.725948840420264,0.726943769969839,0.726509662144362
5.44,0.485929681400225,0.0401644514015581,0.487357781696628,0.725323467703743,0.72630725805143,0.725874866103601
5.45,0.485071609839674,0.040117565060137,0.486482540136165,0.724699368634892,0.725672174743046,0.725241492289685
5.46,0.484216107676176,0.0400707331551187,0.485610119757741,0.724076543489219,0.725038518227039,0.724609538872085
5.47,0.483363170094025,0.0400239560197754,0.484740512081294,0.723454992458964,0.724406286624481,0.7239790039599
5.48,0.48251279217449,0.039977233981147,0.483873708428433,0.722834715654718,0.723775477900143,0.723349885508132
5.49,0.481664968898549,0.0399305673601201,0.483009700311111,0.722215713107012,0.72314609013064,0.722722181582184
5.5,0.480819695149597,0.0398839564715065,0.482148478951231,0.721597984767906,0.722518121172568,0.722095890030529
5.51,0.479976965716067,0.0398374016241203,0.481290035668341,0.720981530512528,0.721891568930169,0.721471008748718
5.52,0.479136775294027,0.0397909031208544,0.480434361732283,0.720366350140595,0.721266431253485,0.720847535578932
5.53,0.478299118489734,0.0397444612587563,0.479581448237866,0.719752443377923,0.720642705851257,0.720225468224088
5.54,0.477463989822145,0.0396980763291024,0.478731286459562,0.719139809877917,0.72002039053673,0.719604804490253
5.55,0.476631383725373,0.0396517486174717,0.477883867413069,0.718528449223024,0.719399482923459,0.718985541986656
5.56,0.475801294551095,0.039605478403819,0.477039182209075,0.717918360926167,0.718779980670646,0.718367678367634
5.57,0.474973716570936,0.0395592659625462,0.476197221918768,0.717309544432166,0.718161881389784,0.717751211240579
5.58,0.474148643978804,0.0395131115625742,0.475357977459472,0.716701999119144,0.717545182564865,0.717136138087245
5.59,0.473326070893176,0.0394670154674122,0.474521439918206,0.716095724299893,0.716929881777582,0.716522456485833
5.6,0.47250599135934,0.039420977935228,0.473687600151696,0.715490719223225,0.716315976428646,0.715910163836178
5.61,0.471688399351605,0.0393749992189159,0.472856449109042,0.714886983075311,0.715703463962525,0.715299257581376
5.62,0.470873288775482,0.0393290795661645,0.472027977709017,0.714284514981003,0.715092341781942,0.714689735123456
5.63,0.470060653469805,0.0392832192195241,0.471202176735748,0.713683314005119,0.714482607174781,0.714081593751331
5.64,0.469250487208807,0.0392374184164721,0.470379037133735,0.713083379153714,0.713874257520333,0.713474830844143
5.65,0.468442783704185,0.0391916773894788,0.469558549643103,0.712484709375341,0.713267290034095,0.71286944361965
5.66,0.467637536607117,0.0391459963660716,0.468740705093772,0.71188730356229,0.712661701973555,0.712265429337125
5.67,0.466834739510231,0.0391003755688991,0.46792549429355,0.711291160551802,0.712057490559891,0.711662785220153
5.68,0.466034385949538,0.0390548152157937,0.467112907933034,0.71069627912726,0.711454652911081,0.711061508390687
5.69,0.465236469406339,0.039009315519834,0.466302936854456,0.710102658019369,0.710853186230666,0.710461596055153
5.7,0.464440983309105,0.0389638766894061,0.465495571719249,0.709510295907333,0.710253087574179,0.709863045274174
5.71,0.463647921035294,0.0389184989282646,0.464690803276084,0.70891919141998,0.709654354037477,0.709265853148249
5.72,0.462857275913149,0.0388731824355924,0.463888622258871,0.708329343136892,0.709056982685075,0.708670016747098
5.73,0.46206904122346,0.0388279274060599,0.463089019300087,0.707740749589509,0.708460970488952,0.708075533049327
5.74,0.461283210201309,0.0387827340298835,0.462291985175672,0.707153409262228,0.707866314501231,0.707482399112688
5.75,0.460499776037752,0.038737602492884,0.461497510502163,0.70656732059347,0.707273011640517,0.706890611863417
5.76,0.45971873188148,0.0386925329765427,0.460705585980824,0.705982481976729,0.706681058864157,0.706300168266074
5.77,0.458940070840455,0.0386475256580589,0.459916202304703,0.705398891761615,0.70609045310269,0.705711065258917
5.78,0.45816378598352,0.0386025807104051,0.459129350079682,0.704816548254881,0.705501191203875,0.705123299698722
5.79,0.457389870341956,0.0385576983023821,0.458345020047449,0.704235449721425,0.704913270090606,0.704536868516461
5.8,0.456618316911018,0.0385128785986735,0.457563202809694,0.703655594385272,0.704326686565522,0.703951768524693
5.81,0.455849118651442,0.0384681217598998,0.45678388905036,0.703076980430552,0.703741437468521,0.703367996572826
5.82,0.455082268490941,0.038423427942671,0.45600706945099,0.702499606002461,0.703157519616807,0.702785549488037
5.83,0.454317759325637,0.0383787972996392,0.455232734618838,0.701923469208201,0.702574929753743,0.702204424024835
5.84,0.453555584021479,0.0383342299795509,0.454460875289784,0.701348568117901,0.701993664693161,0.70162461700733
5.85,0.452795735415635,0.0382897261272974,0.453691482077295,0.700774900765526,0.701413721140806,0.701046125153213
5.86,0.452038206317873,0.0382452858839663,0.452924545674647,0.700202465149787,0.700835095838253,0.70046894521563
5.87,0.451282989511878,0.0382009093868907,0.452160056777871,0.699631259235012,0.700257785508138,0.699893073929191
5.88,0.450530077756564,0.0381565967696993,0.451398006020314,0.699061280952009,0.699681786807412,0.699318507963884
5.89,0.449779463787355,0.0381123481623644,0.450638384157211,0.69849252819892,0.699107096459173,0.698745244055043
5.9,0.449031140317451,0.0380681636912508,0.449881181837298,0.697924998842069,0.698533711089557,0.698173278842551
5.91,0.448285100039054,0.0380240434791631,0.449126389786715,0.697358690716777,0.697961627359183,0.697602609000417
5.92,0.44754133562456,0.0379799876453924,0.448373998738906,0.696793601628167,0.697390841913126,0.697033231187467
5.93,0.446799839727748,0.0379359963057636,0.447623999375068,0.696229729351966,0.696821351338226,0.696465142005251
5.94,0.446060604984945,0.0378920695726805,0.446876382491968,0.695667071635294,0.696253152283455,0.695898338116704
5.95,0.445323624016143,0.0378482075551716,0.446131138794248,0.695105626197425,0.695686241310995,0.695332816099342
5.96,0.444588889426107,0.0378044103589346,0.445388259061602,0.694545390730542,0.695120615016226,0.694768572563543
5.97,0.443856393805458,0.0377606780863809,0.444647734085012,0.693986362900481,0.69455626998206,0.694205604107529
5.98,0.443126129731746,0.0377170108366793,0.443909554612593,0.693428540347472,0.693993202739964,0.693643907278943
5.99,0.442398089770478,0.0376734087057991,0.4431737115021,0.692871920686845,0.693431409879809,0.693083478683143
6,0.441672266476129,0.0376298717865525,0.44244019553213,0.692316501509737,0.692870887913962,0.692524314849216
6.01,0.440948652393138,0.0375864001686374,0.441708997554024,0.691762280383786,0.692311633386773,0.691966412337912
6.02,0.440227240056894,0.0375429939386785,0.440980108433895,0.691209254853819,0.69175364283289,0.691409767700559
6.03,0.439508021994672,0.0374996531802686,0.4402535190034,0.690657422442516,0.691196912741708,0.690854377444004
6.04,0.438790990726564,0.037456377974009,0.439529220198258,0.690106780651062,0.69064143965756,0.69030023812939
6.05,0.43807613876639,0.0374131683975504,0.438807202886723,0.689557326959797,0.69008722005575,0.689747346249946
6.06,0.437363458622597,0.0373700245256314,0.438087458007525,0.689009058828858,0.689534250442396,0.689195698329412
6.07,0.43665294279912,0.0373269464301188,0.4373699765172,0.688461973698794,0.688982527316418,0.68864529088457
6.08,0.435944583796227,0.0372839341800456,0.436654749345349,0.687916068991176,0.688432047137112,0.688096120393267
6.09,0.435238374111357,0.0372409878416491,0.435941767520397,0.687371342109202,0.687882806415487,0.687548183384474
6.1,0.434534306239936,0.0371981074784096,0.43523102201382,0.686827790438292,0.68733480160125,0.687001476326852
6.11,0.433832372676169,0.0371552931510865,0.434522503865356,0.686285411346661,0.686788029173807,0.686455995718482
6.12,0.433132565913806,0.0371125449177561,0.433816204135168,0.685744202185889,0.68624248560762,0.685911738052699
6.13,0.432434878446904,0.0370698628338475,0.433112113863195,0.685204160291479,0.685698167342631,0.68536869978894
6.14,0.431739302770579,0.0370272469521787,0.432410224183279,0.684665282983414,0.685155070867506,0.684826877434813
6.15,0.431045831381719,0.0369846973229922,0.431710526181758,0.684127567566687,0.684613192616641,0.684286267444546
6.16,0.430354456779686,0.0369422139939899,0.431013011011074,0.683591011331831,0.68407252905307,0.683746866300739
6.17,0.429665171467007,0.036899797010368,0.43031766984633,0.683055611555439,0.683533076636894,0.68320867048323
6.18,0.42897796795006,0.0368574464148511,0.42962449384839,0.682521365500679,0.682994831798339,0.682671676442525
6.19,0.428292838739721,0.0368151622477261,0.428933474267389,0.681988270417789,0.682457791013566,0.682135880674563
6.2,0.427609776351997,0.0367729445468755,0.428244602314432,0.681456323544563,0.681921950710862,0.681601279628197
6.21,0.426928773308662,0.0367307933478106,0.427557869264612,0.68092552210684,0.68138730734614,0.68106786977965
6.22,0.426249822137874,0.0366887086837039,0.426873266417596,0.680395863318978,0.68085385737418,0.680535647604162
6.23,0.425572915374757,0.0366466905854215,0.426190785064117,0.679867344384314,0.680321597224091,0.680004609551776
6.24,0.424898045561988,0.0366047390815549,0.425510416579829,0.679339962495614,0.679790523368327,0.679474752115413
6.25,0.424225205250356,0.0365628541984523,0.424832152308938,0.678813714835527,0.679260632237281,0.678946071746635
6.26,0.423554386999331,0.0365210359602497,0.424155983657577,0.678288598577023,0.678731920287993,0.678418564923413
6.27,0.422885583377593,0.0364792843889018,0.423481902058061,0.677764610883819,0.678204383977988,0.677892228124315
6.28,0.422218786963547,0.0364375995042119,0.422809898938471,0.6772417489108,0.677678019742918,0.677367057806459
6.29,0.421553990345845,0.0363959813238622,0.422139965807716,0.676720009804429,0.677152824059369,0.676843050467465
6.3,0.420891186123889,0.0363544298634432,0.421472094150028,0.676199390703165,0.67662879336714,0.676320202568781
6.31,0.420230366908309,0.0363129451364828,0.420806275509563,0.675679888737849,0.676105924131749,0.675798510597351
6.32,0.419571525321431,0.0362715271544755,0.420142501457988,0.675161501032091,0.675584212820625,0.67527797104212
6.33,0.418914653997742,0.0362301759269105,0.419480763566893,0.674644224702659,0.675063655882765,0.674758580373966
6.34,0.418259745584345,0.0361888914613001,0.418821053484838,0.674128056859856,0.674544249805851,0.674240335102054
6.35,0.417606792741388,0.0361476737632076,0.418163362841744,0.67361299460788,0.674025991045562,0.673723231704085
6.36,0.416955788142484,0.0361065228362743,0.417507683325507,0.673099035045184,0.673508876082403,0.673207266682375
6.37,0.416306724475126,0.0360654386822472,0.416854006652621,0.67258617526483,0.672992901400058,0.672692436542488
6.38,0.415659594441097,0.0360244213010056,0.416202324543158,0.67207441235484,0.672478063466879,0.672178737774969
6.39,0.415014390756856,0.0359834706905874,0.415552628790526,0.671563743398528,0.671964358787811,0.67166616690659
6.4,0.414371106153907,0.0359425868472155,0.41490491117487,0.671054165474831,0.671451783840125,0.671154720436919
6.41,0.413729733379175,0.0359017697653235,0.414259163532411,0.670545675658637,0.670940335125065,0.670644394889295
6.42,0.413090265195372,0.0358610194375813,0.413615377728839,0.670038271021106,0.670430009148174,0.670135186791405
6.43,0.412452694381296,0.0358203358549202,0.412973545636623,0.669531948629949,0.669920802402451,0.669627092658662
6.44,0.411817013732321,0.035779719006558,0.412333659198148,0.669026705549845,0.669412711415541,0.669120109040787
6.45,0.411183216060519,0.0357391688800234,0.411695710347304,0.66852253884259,0.668905732691332,0.668614232464146
6.46,0.410551294195093,0.0356986854611803,0.411059691072213,0.668019445567473,0.668399862756863,0.66810945947807
6.47,0.409921240982662,0.0356582687342521,0.41042559339114,0.667517422781544,0.667895098144455,0.6676057866372
6.48,0.409293049287559,0.035617918681845,0.409793409331927,0.667016467539898,0.667391435376401,0.667103210486376
6.49,0.408666711992127,0.0355776352849716,0.409163130989105,0.666516576895953,0.666888871007814,0.666601727602953
6.5,0.40804222199702,0.0355374185230742,0.408534750452931,0.666017747901731,0.666387401573593,0.666101334544407
6.51,0.407419572221455,0.0354972683740474,0.407908259866107,0.665519977608112,0.665887023631002,0.665602027890405
6.52,0.406798755603471,0.0354571848142606,0.407283651401972,0.665023263065083,0.665387733743441,0.66510380422677
6.53,0.406179765100182,0.0354171678185808,0.406660917245878,0.664527601321994,0.66488952846654,0.664606660131736
6.54,0.40556259368803,0.0353772173603939,0.406040049646822,0.664032989427802,0.664392404387058,0.66411059221438
6.55,0.404947234363016,0.0353373334116271,0.405421040853247,0.663539424431316,0.663896358074718,0.663615597067041
6.56,0.404333680140935,0.03529751594277,0.404803883164313,0.663046903381431,0.663401386120863,0.663121671303501
6.57,0.403721924057608,0.0352577649228958,0.404188568910157,0.662555423327365,0.662907485123718,0.662628811544431
6.58,0.403111959169108,0.0352180803196828,0.403575090435031,0.662064981318896,0.662414651675757,0.6621370144049
6.59,0.402503778551954,0.0351784620994342,0.402963440143961,0.661575574406574,0.661922882398996,0.661646276529259
6.6,0.401897375303306,0.0351389102270994,0.402353610444693,0.661087199641928,0.661432173901294,0.661156594547943
6.61,0.401292742541159,0.0350994246662937,0.401745593794009,0.660599854077681,0.660942522811403,0.660667965112116
6.62,0.400689873404527,0.0350600053793185,0.401139382679878,0.660113534767956,0.660453925765602,0.660180384880468
6.63,0.400088761053623,0.0350206523271808,0.400534969606185,0.659628238768478,0.659966379396228,0.659693850507856
6.64,0.399489398670036,0.0349813654696129,0.39993234713488,0.659143963136771,0.659479880363679,0.659208358676966
6.65,0.398891779456897,0.0349421447650915,0.3993315078335,0.658660704932356,0.658994425316779,0.658723906059101
6.66,0.398295896639057,0.0349029901708565,0.398732444316994,0.658178461216951,0.65851001092455,0.658240489345614
6.67,0.397701743463227,0.0348639016429302,0.398135149231584,0.657697229054644,0.658026633864097,0.657758105235921
6.68,0.397109313198113,0.0348248791361356,0.397539615240942,0.657217005512067,0.657544290810192,0.65727675042719
6.69,0.396518599134562,0.0347859226041145,0.396945835064247,0.656737787658572,0.657062978464288,0.656796421643054
6.7,0.395929594585695,0.0347470319993459,0.396353801428768,0.656259572566405,0.65658269351858,0.656317115598044
6.71,0.395342292887038,0.0347082072731636,0.395763507107611,0.65578235731087,0.656103432684798,0.655838829026081
6.72,0.394756687396645,0.0346694483757741,0.395174944905139,0.655306138970496,0.655625192683223,0.65536155866961
6.73,0.394172771495218,0.0346307552562738,0.394588107644453,0.654830914627197,0.655147970233235,0.654885301270234
6.74,0.393590538586241,0.0345921278626662,0.394002988201751,0.654356681366445,0.654671762079607,0.654410053594749
6.75,0.393009982096065,0.0345535661418791,0.39341957946349,0.653883436277402,0.654196564959928,0.65393581240289
6.76,0.392431095474009,0.0345150700397811,0.392837874360446,0.653411176453074,0.653722375630685,0.653462574473151
6.77,0.391853872192456,0.0344766395011984,0.392257865854532,0.652939898990446,0.653249190857311,0.652990336592935
6.78,0.391278305746942,0.0344382744699312,0.39167954692749,0.652469600990631,0.652777007405608,0.652519095550051
6.79,0.390704389656246,0.0343999748887694,0.39110291061186,0.652000279559001,0.652305822065563,0.65204884815631
6.8,0.390132117462472,0.0343617406995093,0.390527949952334,0.651531931805327,0.65183563162184,0.651579591218288
6.81,0.38956148273113,0.0343235718429689,0.389954658036436,0.65106455484391,0.651366432877382,0.651111321560714
6.82,0.388992479051225,0.0342854682590033,0.389383027982648,0.650598145793721,0.65089822264441,0.650644036017541
6.83,0.388425100035307,0.0342474298865208,0.388813052930154,0.650132701778512,0.650430997736635,0.650177731424238
6.84,0.387859339319535,0.0342094566634973,0.388244726066787,0.649668219926935,0.649964754990826,0.649712404639159
6.85,0.387295190563732,0.0341715485269918,0.387678040594136,0.649204697372657,0.649499491240084,0.649248052517051
6.86,0.386732647451444,0.0341337054131611,0.387112989755205,0.64874213125448,0.649035203335202,0.648784671930228
6.87,0.386171703689988,0.0340959272572744,0.38654956682369,0.648280518716445,0.648571888136515,0.648322259760495
6.88,0.385612353010504,0.0340582139937277,0.3859877650947,0.647819856907946,0.648109542506842,0.647860812892139
6.89,0.385054589167999,0.0340205655560582,0.385427577909957,0.64736014298384,0.647648163330998,0.647400328231291
6.9,0.384498405941404,0.0339829818769585,0.384868998626307,0.646901374104556,0.647187747491611,0.646940802681925
6.91,0.383943797133591,0.0339454628882901,0.384312020640639,0.646443547436186,0.646728291888432,0.646482233165022
6.92,0.383390756571407,0.0339080085210976,0.383756637380203,0.645986660150583,0.646269793430964,0.64602461661126
6.93,0.382839278105697,0.0338706187056222,0.383202842294236,0.645530709425446,0.645812249032069,0.645567949954651
6.94,0.382289355611333,0.0338332933713149,0.382650628876645,0.64507569244442,0.645355655625609,0.645112230150075
6.95,0.381740982987233,0.0337960324468499,0.382099990637621,0.644621606397182,0.644900010144573,0.644657454151542
6.96,0.381194154156383,0.0337588358601377,0.381550921126072,0.644168448479527,0.644445309538528,0.644203618929531
6.97,0.380648863065854,0.0337217035383379,0.381003413920892,0.643716215893457,0.643991550766956,0.643750721464374
6.98,0.380105103686829,0.0336846354078722,0.380457462623385,0.643264905847273,0.64353873079346,0.643298758740488
6.99,0.379562870014599,0.0336476313944367,0.379913060877696,0.642814515555643,0.643086846601711,0.642847727762236
7,0.379022156068561,0.0336106914230146,0.379370202345222,0.642365042239672,0.642635895175672,0.642397625534253
7.01,0.378482955892227,0.0335738154178884,0.378828880724792,0.641916483126984,0.642185873515356,0.641948449077127
7.02,0.377945263553219,0.0335370033026518,0.378289089744805,0.641468835451787,0.641736778630816,0.641500195421412
7.03,0.37740907314327,0.0335002550002221,0.377750823156374,0.641022096454945,0.641288607536884,0.641052861602397
7.04,0.376874378778217,0.033463570432852,0.377214074751716,0.640576263384048,0.640841357267591,0.640606444674457
7.05,0.376341174597999,0.0334269495221407,0.376678838341097,0.640131333493479,0.64039502485828,0.640160941693245
7.06,0.375809454766656,0.0333903921890462,0.376145107770983,0.639687304044486,0.639949607359852,0.639716349729872
7.07,0.375279213472309,0.0333538983538963,0.375612876916945,0.639244172305235,0.639505101833317,0.639272665865487
7.08,0.374750444927134,0.0333174679363999,0.375082139677471,0.638801935550867,0.639061505345042,0.63882988718654
7.09,0.374223143367349,0.0332811008556582,0.374552889990513,0.638360591063552,0.638618814979774,0.638388010797755
7.1,0.37369730305319,0.0332447970301755,0.374025121812708,0.637920136132546,0.638177027824477,0.637947033806024
7.11,0.373172918268891,0.0332085563778703,0.373498829135703,0.637480568054243,0.637736140981185,0.637506953333216
7.12,0.372649983322658,0.0331723788160857,0.372974005979762,0.637041884132232,0.637296151562088,0.637067766511282
7.13,0.372128492546649,0.0331362642616004,0.372450646388172,0.63660408167734,0.636857056685229,0.636629470477956
7.14,0.371608440296955,0.0331002126306385,0.371928744442121,0.6361671580077,0.636418853486255,0.636192062388486
7.15,0.371089820953557,0.0330642238388805,0.371408294241996,0.635731110448779,0.63598153910383,0.635755539401065
7.16,0.370572628920289,0.033028297801473,0.370889289922036,0.635295936333424,0.635545110691215,0.635319898688403
7.17,0.370056858624803,0.0329924344330389,0.370371725644588,0.634861633001902,0.635109565411848,0.634885137433307
7.18,0.369542504518532,0.0329566336476873,0.369855595595045,0.634428197801941,0.634674900435437,0.634451252824776
7.19,0.369029561076654,0.0329208953590234,0.36934089399522,0.633995628088773,0.634241112948572,0.634018242068605
7.2,0.368518022798047,0.032885219480158,0.368827615086509,0.633563921225164,0.633808200141547,0.633586102374218
7.21,0.368007884205257,0.0328496059237172,0.368315753143057,0.633133074581461,0.633376159218813,0.633154830965114
7.22,0.36749913984446,0.0328140546018518,0.367805302466578,0.632703085535634,0.632944987394979,0.632724425074867
7.23,0.366991784285408,0.0327785654262464,0.367296257381784,0.632273951473294,0.632514681891283,0.632294881943599
7.24,0.366485812121377,0.0327431383081291,0.366788612248403,0.631845669787731,0.632085239945161,0.631866198827551
7.25,0.36598121796912,0.0327077731582799,0.366282361446026,0.631418237879933,0.631656658798359,0.631438372987183
7.26,0.365477996468815,0.0326724698870404,0.365777499385921,0.630991653158626,0.631228935706342,0.631011401696605
7.27,0.364976142284014,0.0326372284043219,0.365274020506375,0.630565913040291,0.630802067934703,0.630585282239962
7.28,0.364475650101591,0.0326020486196148,0.364771919268569,0.630141014949198,0.630376052755959,0.63016001190824
7.29,0.363976514631691,0.0325669304419967,0.364271190167351,0.62971695631743,0.62995088745818,0.629735588007907
7.3,0.363478730607687,0.0325318737801414,0.363771827717632,0.629293734584914,0.629526569334268,0.629312007850164
7.31,0.362982292786108,0.0324968785423269,0.36327382646496,0.628871347199437,0.629103095690433,0.628889268759446
7.32,0.362487195946582,0.032461944636444,0.362777180981341,0.628449791616662,0.628680463842949,0.62846736807017
7.33,0.361993434891772,0.0324270719700042,0.362281885861511,0.628029065300147,0.628258671115262,0.628046303123829
7.34,0.36150100444732,0.032392260450148,0.361787935732606,0.627609165721365,0.627837714845766,0.627626071276801
7.35,0.361009899461781,0.0323575099836531,0.361295325241919,0.627190090359721,0.627417592378132,0.627206669890634
7.36,0.360520114806565,0.0323228204769416,0.360804049066396,0.626771836702565,0.62699830106894,0.626788096339718
7.37,0.360031645375872,0.0322881918360887,0.360314101908864,0.626354402245215,0.626579838284758,0.626370348008345
7.38,0.359544486086643,0.0322536239668296,0.35982547849467,0.625937784490976,0.626162201399526,0.625953422288079
7.39,0.359058631878477,0.0322191167745675,0.359338173580351,0.625521980951145,0.625745387801555,0.6255373165848
7.4,0.358574077713567,0.032184670164381,0.358852181942634,0.625106989145017,0.62532939488482,0.625122028309936
7.41,0.35809081857663,0.0321502840410315,0.358367498386938,0.624692806599901,0.624914220055817,0.624707554887372
7.42,0.357608849474835,0.0321159583089706,0.357884117743991,0.624279430851125,0.624499860730938,0.624293893750805
7.43,0.357128165437738,0.032081692872347,0.357402034866782,0.623866859442049,0.624086314334106,0.623881042341358
7.44,0.356648761517212,0.032047487635014,0.356921244638342,0.623455089924067,0.62367357830307,0.623468998113931
7.45,0.356170632787376,0.0320133425005363,0.356441741961862,0.623044119856622,0.623261650081568,0.623057758529292
7.46,0.355693774344535,0.031979257372197,0.355963521768298,0.622633946807217,0.622850527125486,0.622647321060297
7.47,0.355218181307099,0.0319452321530044,0.355486579013338,0.622224568351414,0.622440206900504,0.622237683189509
7.48,0.354743848815501,0.0319112667456987,0.355010908674641,0.621815982072832,0.622030686879948,0.621828842407031
7.49,0.35427077203213,0.0318773610527591,0.354536505758817,0.621408185563153,0.621621964550462,0.62142079621624
7.5,0.353798946141251,0.0318435149764097,0.354063365292543,0.621001176422123,0.621214037404945,0.621013542126643
7.51,0.353328366348931,0.0318097284186264,0.353591482329374,0.620594952257556,0.620806902948091,0.620607077659483
7.52,0.352859027882965,0.0317760012811434,0.353120851947012,0.62018951068533,0.620400558694265,0.62020140034559
7.53,0.352390925992801,0.0317423334654592,0.352651469244822,0.619784849329394,0.619995002165567,0.619796507723419
7.54,0.351924055949472,0.0317087248728433,0.352183329350067,0.619380965821775,0.619590230896929,0.61939239734422
7.55,0.351458413045511,0.0316751754043419,0.351716427409949,0.618977857802566,0.619186242429764,0.618989066765591
7.56,0.350993992594869,0.0316416849607842,0.351250758597684,0.618575522919921,0.618783034316931,0.618586513556522
7.57,0.350530789932834,0.0316082534427885,0.35078631811006,0.618173958830055,0.618380604120835,0.618184735295469
7.58,0.350068800415955,0.031574880750768,0.350323101165182,0.61777316319724,0.617978949411669,0.617783729568561
7.59,0.349608019421961,0.0315415667849368,0.349861103008068,0.617373133693796,0.617578067772006,0.61738349397427
7.6,0.34914844234968,0.0315083114453152,0.349400318903486,0.616973868000092,0.617177956791071,0.616984026117594
7.61,0.348690064618966,0.0314751146317363,0.348940744141397,0.616575363804541,0.616778614069208,0.616585323614594
7.62,0.348232881670623,0.0314419762438507,0.348482374034756,0.6161776188036,0.61638003721617,0.616187384090655
7.63,0.347776888966318,0.0314088961811325,0.34802520391748,0.615780630701754,0.61598222384953,0.615790205178874
7.64,0.347322081988492,0.031375874342885,0.34756922914944,0.615384397211513,0.615585171598801,0.615393784524254
7.65,0.346868456240284,0.0313429106282456,0.347114445110053,0.614988916053395,0.615188878100294,0.614998119778462
7.66,0.346416007245444,0.0313100049361914,0.346660847203127,0.614594184955923,0.614793341001119,0.614603208603915
7.67,0.345964730548256,0.0312771571655445,0.346208430854894,0.614200201655617,0.614398557957649,0.614209048672211
7.68,0.345514621713449,0.0312443672149772,0.345757191512168,0.613806963896978,0.614004526634084,0.613815637662663
7.69,0.345065676326122,0.0312116349830169,0.34530712464682,0.613414469432487,0.613611244706155,0.613422973266084
7.7,0.34461788999167,0.0311789603680515,0.344858225750012,0.613022716022597,0.613218709856494,0.613031053180056
7.71,0.344171258335688,0.0311463432683342,0.344410490336537,0.612631701435717,0.612826919778228,0.612639875112605
7.72,0.343725777003887,0.0311137835819883,0.343963913943042,0.612241423448198,0.612435872173594,0.61224943678079
7.73,0.343281441662011,0.0310812812070126,0.343518492126373,0.611851879844316,0.612045564752646,0.61185973590937
7.74,0.342838247995752,0.0310488360412854,0.343074220467557,0.611463068416268,0.611655995236572,0.611470770234218
7.75,0.342396191710665,0.0310164479825699,0.342631094566654,0.611074986964149,0.611267161353548,0.611082537498053
7.76,0.341955268532088,0.0309841169285186,0.342189110046607,0.610687633295948,0.610879060841936,0.610695035453739
7.77,0.341515474205056,0.0309518427766779,0.341748262551657,0.61030100522753,0.61049169144906,0.610308261863023
7.78,0.341076804494227,0.0309196254244927,0.341308547745845,0.60991510058263,0.610105050930033,0.609922214495321
7.79,0.340639255183791,0.0308874647693108,0.340869961316567,0.609529917192833,0.609719137050723,0.609536891130792
7.8,0.340202822077378,0.0308553607083875,0.340432498969961,0.609145452897554,0.609333947584039,0.609152289556495
7.81,0.339767500997979,0.03082331313889,0.339996156434331,0.608761705544024,0.608949480312793,0.608768407569344
7.82,0.339333287787856,0.0307913219579012,0.339560929458733,0.608378672987274,0.608565733028597,0.608385242974984
7.83,0.338900178308461,0.0307593870624246,0.339126813811616,0.60799635309012,0.608182703530806,0.608002793586682
7.84,0.338468168440351,0.0307275083493883,0.338693805283991,0.607614743723142,0.607800389629177,0.607621057228093
7.85,0.338037254083103,0.0306956857156488,0.338261899685303,0.607233842764673,0.607418789140533,0.607240031729803
7.86,0.337607431155243,0.0306639190579955,0.337831092846476,0.606853648100791,0.607037899891326,0.606859714931979
7.87,0.337178695594146,0.0306322082731546,0.337401380618646,0.606474157625286,0.606657719716646,0.606480104683355
7.88,0.336751043355955,0.0306005532577929,0.336972758871927,0.60609536923965,0.606278246459264,0.606101198840232
7.89,0.336324470415491,0.0305689539085219,0.336545223498243,0.60571728085305,0.605899477972019,0.605722995268963
7.9,0.335898972766173,0.0305374101219016,0.336118770407627,0.605339890382317,0.605521412114822,0.605345491842837
7.91,0.335474546419931,0.0305059217944445,0.335693395530926,0.604963195751919,0.605144046756944,0.604968686444462
7.92,0.335051187407119,0.030474488822619,0.335269094818668,0.604587194893953,0.604767379776131,0.60459257696485
7.93,0.33462889177644,0.0304431111028534,0.334845864239948,0.604211885748115,0.604391409057741,0.604217161302509
7.94,0.334207655594862,0.0304117885315393,0.334423699784944,0.603837266261698,0.604016132496876,0.60384243736568
7.95,0.33378747494753,0.0303805210050355,0.334002597461608,0.60346333438956,0.603641547995699,0.60346840306953
7.96,0.333368345937679,0.0303493084196714,0.333582553298069,0.603090088094101,0.603267653465475,0.603095056338287
7.97,0.332950264686547,0.0303181506717504,0.333163563341612,0.602717525345246,0.60289444682578,0.602722395104421
7.98,0.332533227333294,0.0302870476575538,0.332745623657679,0.602345644120423,0.60252192600372,0.60235041730782
7.99,0.332117230034916,0.0302559992733435,0.332328730332095,0.601974442404542,0.602150088935839,0.601979120897797
8,0.331702268966165,0.0302250054153659,0.331912879468123,0.601603918189975,0.601778933565715,0.601608503830566
8.01,0.33128834031946,0.0301940659798553,0.331498067188578,0.601234069476536,0.601408457845775,0.601238564071153
8.02,0.330875440304822,0.0301631808630366,0.331084289634928,0.600864894271465,0.601038659736597,0.600869299592667
8.03,0.330463565149772,0.030132349961129,0.330671542966377,0.600496390589403,0.600669537206196,0.60050070837554
8.04,0.330052711099252,0.0301015731703493,0.330259823361852,0.600128556452367,0.600301088231732,0.600132788409343
8.05,0.329642874415541,0.0300708503869143,0.329849127017366,0.599761389889725,0.599933310797359,0.599765537690506
8.06,0.329234051378169,0.0300401815070448,0.329439450147887,0.59939488893818,0.599566202895837,0.599398954224032
8.07,0.328826238283839,0.0300095664269681,0.32903078898654,0.599029051641744,0.599199762527914,0.599033036022842
8.08,0.32841943144634,0.029979005042921,0.328623139783773,0.598663876051713,0.598833987701678,0.598667781107088
8.09,0.328013627196469,0.0299484972511532,0.328216498809117,0.598299360226653,0.59846887643408,0.598303187505779
8.1,0.327608821881959,0.0299180429479296,0.327810862348834,0.59793550223238,0.598104426749011,0.597939253254732
8.11,0.327205011867382,0.0298876420295336,0.327406226707572,0.597572300141929,0.59774063667874,0.597575976398109
8.12,0.326802193534073,0.02985729439227,0.327002588207644,0.597209752035533,0.597377504263355,0.597213354987822
8.13,0.326400363280043,0.0298269999324675,0.326599943188273,0.596847856000598,0.597015027550178,0.596851387082913
8.14,0.3259995175199,0.0297967585464815,0.32619828800716,0.596486610131679,0.596653204595133,0.596490070751021
8.15,0.325599652684767,0.0297665701306971,0.325797619038379,0.596126012530459,0.596292033461018,0.596129404066523
8.16,0.325200765222204,0.0297364345815316,0.32539793267383,0.595766061305724,0.595931512218779,0.59576938511192
8.17,0.324802851596122,0.0297063517954369,0.324999225322606,0.595406754573341,0.595571638947023,0.595410011977304
8.18,0.32440590828672,0.0296763216689025,0.324601493410306,0.595048090456244,0.595212411731483,0.595051282759788
8.19,0.324009931790389,0.029646344098458,0.324204733380415,0.594690067084399,0.594853828666231,0.594693195564824
8.2,0.323614918619632,0.0296164189806754,0.323808941692435,0.59433268259478,0.594495887852145,0.594335748504537
8.21,0.323220865302987,0.0295865462121717,0.32341411482316,0.593975935131348,0.594138587398034,0.593978939698955
8.22,0.322827768384946,0.0295567256896115,0.323020249266112,0.593619822845024,0.593781925420203,0.593622767275539
8.23,0.322435624425875,0.0295269573097092,0.322627341530914,0.593264343893668,0.593425900041971,0.593267229368658
8.24,0.322044430001933,0.0294972409692315,0.322235388144521,0.59290949644205,0.593070509394753,0.592912324120778
8.25,0.321654181705002,0.0294675765649998,0.321844385649533,0.592555278661832,0.592715751616686,0.592558049680958
8.26,0.321264876142607,0.0294379639938924,0.321454330605338,0.59220168873155,0.592361624853628,0.592204404205952
8.27,0.320876509937838,0.0294084031528467,0.321065219587592,0.591848724836579,0.592008127258773,0.591851385859785
8.28,0.320489079729265,0.0293788939388618,0.320677049187661,0.591496385169112,0.591655256992214,0.591498992813281
8.29,0.320102582170863,0.0293494362490004,0.320289816013693,0.591144667928133,0.591303012221901,0.591147223245122
8.3,0.319717013931932,0.029320029980391,0.319903516689137,0.590793571319393,0.590951391122424,0.590796075340499
8.31,0.319332371697025,0.0292906750302302,0.31951814785372,0.590443093555386,0.590600391875886,0.590445547292099
8.32,0.318948652165864,0.0292613712957847,0.319133706163002,0.590093232855325,0.590250012671569,0.590095637299719
8.33,0.318565852053274,0.0292321186743934,0.31875018828786,0.589743987445118,0.589900251705535,0.589746343569839
8.34,0.318183968089103,0.0292029170634695,0.318367590915436,0.589395355557348,0.589551107181477,0.589397664316573
8.35,0.317802997018149,0.0291737663605024,0.317985910747814,0.589047335431246,0.589202577309635,0.589049597760456
8.36,0.317422935599946,0.0291446664630599,0.31760514450288,0.588699925312553,0.588854660307566,0.588702142129317
8.37,0.317043780609165,0.02911561726879,0.317225288913921,0.588353123453896,0.588507354399851,0.588355295657947
8.38,0.316665528834903,0.0290866186754228,0.316846340729155,0.588006928114224,0.588160657817724,0.588009056587696
8.39,0.316288177080985,0.0290576705807726,0.316468296712569,0.587661337559106,0.58781456879984,0.587663423167335
8.4,0.315911722165801,0.0290287728827395,0.316091153642738,0.58731635006063,0.587469085591299,0.58731839365196
8.41,0.315536160922237,0.0289999254793115,0.315714908313576,0.586971963897381,0.587124206444332,0.586973966303773
8.42,0.315161490197599,0.0289711282685661,0.315339557533978,0.586628177354417,0.586779929618033,0.586630139391782
8.43,0.314787706853539,0.0289423811486723,0.314965098127396,0.586284988723242,0.586436253378036,0.58628691119144
8.44,0.314414807765982,0.0289136840178921,0.314591526932566,0.585942396301781,0.586093175997177,0.585944279985405
8.45,0.314042789825052,0.0288850367745824,0.31421884080247,0.585600398394361,0.585750695754646,0.58560224406257
8.46,0.313671649935003,0.028856439317197,0.313847036604977,0.585258993311679,0.585408810936574,0.585260801718745
8.47,0.313301385014142,0.0288278915442874,0.313476111222531,0.584918179370781,0.585067519835803,0.5849199512564
8.48,0.312931991994759,0.0287993933545054,0.31310606155176,0.584577954895037,0.584726820751593,0.584579690984323
8.49,0.312563467823059,0.0287709446466042,0.312736884504122,0.58423831821412,0.584386711990208,0.584240019218314
8.5,0.312195809459103,0.0287425453194402,0.312368577004969,0.58389926766399,0.584047191864159,0.583900934280303
8.51,0.311829013876722,0.0287141952719745,0.312001135994111,0.583560801586858,0.583708258692718,0.583562434498962
8.52,0.311463078063445,0.0286858944032742,0.311634558425539,0.583222918331164,0.583369910801726,0.583224518209472
8.53,0.311097999020427,0.0286576426125146,0.311268841267062,0.582885616251544,0.583032146523309,0.582887183753212
8.54,0.310733773762381,0.0286294397989799,0.310903981500877,0.582548893708812,0.582694964196411,0.582550429478384
8.55,0.310370399317504,0.0286012858620653,0.310539976122735,0.582212749069933,0.582358362166115,0.582214253739211
8.56,0.310007872727411,0.0285731807012779,0.310176822142428,0.581877180707999,0.582022338784094,0.581878654896491
8.57,0.309646191047067,0.0285451242162388,0.309814516583546,0.581542187002204,0.581686892408437,0.581543631317383
8.58,0.309285351344713,0.0285171163066837,0.309453056483137,0.581207766337819,0.581352021403401,0.581209181375123
8.59,0.3089253507018,0.0284891568724651,0.309092438892214,0.580873917106169,0.581017724139875,0.580875303449587
8.6,0.308566186212922,0.0284612458135531,0.30873266087501,0.58054063770461,0.580683998994774,0.580541995926565
8.61,0.308207854985747,0.0284333830300367,0.308373719509396,0.580207926536499,0.580350844351442,0.580209257198256
8.62,0.307850354140949,0.0284055684221256,0.308015611886662,0.579875782011177,0.580018258599492,0.579877085663077
8.63,0.307493680812139,0.028377801890151,0.307658335111215,0.579544202543939,0.57968624013458,0.579545479725404
8.64,0.307137832145803,0.0283500833345671,0.307301886301014,0.579213186556012,0.579354787358818,0.579214437796069
8.65,0.306782805301232,0.0283224126559525,0.306946262586909,0.578882732474535,0.579023898680237,0.578883958291717
8.66,0.306428597450472,0.0282947897550108,0.306591461112998,0.578552838732542,0.57869357251313,0.578554039635241
8.67,0.306075205778241,0.0282672145325727,0.306237479036436,0.578223503768927,0.578363807277918,0.578224680255608
8.68,0.305722627481868,0.0282396868895964,0.305884313527158,0.577894726028422,0.578034601400949,0.577895878587626
8.69,0.305370859771219,0.0282122067271692,0.305531961768249,0.577566503961569,0.577705953314849,0.577567633072387
8.7,0.305019899868638,0.0281847739465086,0.305180420955365,0.577238836024697,0.577377861458052,0.577239942156692
8.71,0.304669745008877,0.0281573884489632,0.30482968829704,0.576911720679898,0.577050324275104,0.576912804293429
8.72,0.304320392439038,0.028130050136014,0.304479761014502,0.576585156395005,0.576723340216534,0.576586217941424
8.73,0.303971839418503,0.0281027589092754,0.304130636341436,0.576259141643565,0.576396907738679,0.576260181565228
8.74,0.303624083218872,0.0280755146704964,0.303782311524289,0.575933674904818,0.576071025303985,0.575934693635507
8.75,0.303277121123902,0.0280483173215615,0.30343478382177,0.575608754663672,0.575745691380606,0.575609752628531
8.76,0.302930950429439,0.0280211667644917,0.303088050505095,0.57528437941068,0.57542090444264,0.575285357026502
8.77,0.3025855684434,0.0279940629014455,0.30274210885784,0.574960547642049,0.575096662970048,0.574961505317432
8.78,0.302240972485481,0.0279670056347202,0.302396956175705,0.574637257859427,0.574772965448467,0.574638195994931
8.79,0.3018971598876,0.0279399948667525,0.302052589766791,0.574314508570306,0.57444981036949,0.574315427558574
8.8,0.301554127993302,0.0279130305001196,0.30170900695115,0.573992298287548,0.574127196230304,0.573993198513425
8.81,0.301211874157886,0.0278861124375401,0.30136620506099,0.573670625529516,0.573805121533897,0.573671507370339
8.82,0.300870395748526,0.0278592405818748,0.301024181440544,0.573349488820215,0.57348358478898,0.573350352645845
8.83,0.300529690144027,0.0278324148361281,0.300682933445858,0.573028886689105,0.573162584509828,0.573029732861955
8.84,0.300189754734692,0.0278056351034483,0.300342458445019,0.572708817671022,0.572842119216515,0.572709646546492
8.85,0.299850586922335,0.0277789012871286,0.300002753817766,0.572389280306213,0.572522187434596,0.572390092232661
8.86,0.299512184120404,0.0277522132906081,0.299663816955655,0.57207027314047,0.572202787695292,0.572071068459316
8.87,0.29917454375373,0.0277255710174729,0.299325645261941,0.571751794724951,0.571883918535409,0.571752573770855
8.88,0.298837663258411,0.027698974371456,0.298988236151386,0.571433843616098,0.571565578497202,0.571434606717046
8.89,0.298501540081815,0.0276724232564392,0.298651587050452,0.571116418375671,0.571247766128579,0.571117165853315
8.9,0.298166171682702,0.0276459175764531,0.298315695396958,0.570799517570885,0.570930479982818,0.57080024974037
8.91,0.297831555530983,0.0276194572356782,0.297980558640207,0.570483139774228,0.570613718618721,0.570483856944423
8.92,0.297497689107601,0.0275930421384458,0.297646174240893,0.570167283563383,0.570297480600554,0.570167986037109
8.93,0.297164569904536,0.0275666721892383,0.297312539670913,0.569851947521262,0.569981764497911,0.569852635595317
8.94,0.296832195424926,0.0275403472926903,0.296979652413538,0.569537130236138,0.569666568885895,0.569537804201453
8.95,0.296500563182826,0.0275140673535891,0.296647509963104,0.569222830301469,0.569351892344878,0.569223490443095
8.96,0.296169670703098,0.0274878322768755,0.296316109825116,0.568909046315818,0.569037733460612,0.568909692913195
8.97,0.295839515521414,0.0274616419676444,0.295985449516163,0.568595776882891,0.568724090824196,0.568596410210002
8.98,0.295510095184368,0.0274354963311458,0.295655526563748,0.568283020611662,0.568410963031937,0.568283640936909
8.99,0.295181407249253,0.0274093952727847,0.295326338506427,0.567970776116199,0.568098348685518,0.567971383702689
9,0.29485344928394,0.0273833386981227,0.294997882893542,0.567659042015595,0.567786246391778,0.567659637121176
9.01,0.294526218866886,0.0273573265128778,0.294670157285292,0.56734781693399,0.56747465476281,0.567348399811455
9.02,0.294199713587251,0.0273313586229254,0.294343159252672,0.567037099500708,0.567163572415928,0.567037670397784
9.03,0.293873931044664,0.027305434934299,0.2940168863773,0.566726888350079,0.566852997973548,0.566727447509455
9.04,0.293548868849121,0.0272795553531905,0.293691336251544,0.566417182121369,0.566542930063323,0.566417729781006
9.05,0.293224524620983,0.027253719785951,0.29336650647828,0.566107979458808,0.566233367317956,0.566108515851935
9.06,0.292900895991091,0.027227928139091,0.293042394670948,0.56579927901172,0.56592430837528,0.565799804366862
9.07,0.292577980600543,0.0272021803192815,0.292718998453491,0.565491079434349,0.565615751878227,0.565491593975462
9.08,0.292255776100587,0.0271764762333542,0.292396315460206,0.565183379385789,0.565307696474725,0.565183883332339
9.09,0.291934280152622,0.0271508157883019,0.292074343335837,0.564876177530018,0.565000140817805,0.564876671097209
9.1,0.291613490428313,0.0271251988912792,0.291753079735371,0.564569472536013,0.564693083565445,0.564569955934651
9.11,0.291293404609369,0.0270996254496031,0.291432522324071,0.564263263077592,0.56438652338063,0.564263736514238
9.12,0.290974020387441,0.0270740953707531,0.291112668777427,0.56395754783334,0.56408045893133,0.563958011510488
9.13,0.290655335464121,0.0270486085623723,0.290793516781009,0.563652325486637,0.563774888890399,0.563652779602738
9.14,0.290337347551056,0.0270231649322671,0.290475064030551,0.563347594725781,0.563469811935669,0.563348039475316
9.15,0.290020054369729,0.0269977643884082,0.290157308231768,0.563043354243825,0.56316522674982,0.563043789817306
9.16,0.289703453651362,0.0269724068389308,0.289840247100375,0.562739602738507,0.562861132020417,0.562740029322672
9.17,0.289387543136913,0.0269470921921352,0.289523878362037,0.562436338912279,0.562557526439894,0.562436756690208
9.18,0.289072320577186,0.026921820356487,0.289208199752246,0.562133561472425,0.562254408705466,0.562133970623427
9.19,0.288757783732623,0.0268965912406176,0.288893209016377,0.561831269130903,0.561951777519205,0.561831669830707
9.2,0.2884439303732,0.0268714047533247,0.28857890390953,0.561529460604272,0.561649631587927,0.561529853025083
9.21,0.288130758278433,0.0268462608035725,0.288265282196538,0.561228134613728,0.561347969623219,0.56122851892436
9.22,0.287818265237479,0.0268211593004922,0.287952341651923,0.560927289885214,0.561046790341425,0.560927666251057
9.23,0.287506449048937,0.0267961001533823,0.287640080059778,0.560626925149264,0.560746092463568,0.560627293732312
9.24,0.287195307520742,0.026771083271709,0.28732849521381,0.560327039140938,0.560445874715408,0.56032740010001
9.25,0.286884838470175,0.0267461085651064,0.287017584917207,0.560027630599849,0.560146135827351,0.560027984090601
9.26,0.286575039723961,0.0267211759433772,0.286707346982625,0.559728698270276,0.559846874534459,0.559729044445182
9.27,0.28626590911807,0.0266962853164926,0.286397779232158,0.55943024090101,0.559548089576446,0.559430579909467
9.28,0.285957444497621,0.0266714365945926,0.286088879497222,0.55913225724529,0.5592497796976,0.559132589233684
9.29,0.285649643716885,0.0266466296879868,0.28578064561859,0.558834746060829,0.558951943646837,0.558835071172696
9.3,0.285342504639383,0.0266218645071543,0.285473075446273,0.558537706109925,0.558654580177615,0.558538024485833
9.31,0.285036025137694,0.0265971409627438,0.285166166839499,0.558241136159311,0.558357688047942,0.558241447936964
9.32,0.284730203093358,0.0265724589655745,0.284859917666684,0.557945034980089,0.558061266020371,0.557945340294472
9.33,0.284425036396879,0.0265478184266357,0.284554325805332,0.55764940134776,0.557765312861931,0.557649700331157
9.34,0.284120522947823,0.0265232192570876,0.284249389142049,0.557354234042329,0.557469827344168,0.557354526824338
9.35,0.283816660654628,0.0264986613682611,0.283945105572444,0.557059531848158,0.557174808243073,0.557059818555713
9.36,0.28351344743451,0.0264741446716583,0.2836414730011,0.556765293553907,0.55688025433908,0.55676557431141
9.37,0.283210881213466,0.0264496690789526,0.283338489341551,0.556471517952553,0.556586164417068,0.556471792881971
9.38,0.282908959926373,0.0264252345019892,0.283036152516181,0.556178203841505,0.556292537266293,0.556178473062255
9.39,0.282607681516795,0.0264008408527849,0.282734460456236,0.555885350022448,0.555999371680419,0.55588561365154
9.4,0.282307043936897,0.0263764880435286,0.282433411101738,0.555592955301294,0.555706666457463,0.555593213453383
9.41,0.282007045147447,0.0263521759865813,0.282133002401445,0.555301018488197,0.555414420399782,0.555301271275675
9.42,0.281707683117911,0.0263279045944765,0.281833232312831,0.555009538397663,0.555122632314075,0.555009785930616
9.43,0.281408955826265,0.0263036737799202,0.281534098802,0.554718513848407,0.554831301011325,0.554718756234633
9.44,0.281110861258912,0.0262794834557912,0.281235599843677,0.554427943663289,0.554540425306819,0.554428181008468
9.45,0.280813397410683,0.0262553335351411,0.280937733421143,0.554137826669344,0.554250004020103,0.554138059077049
9.46,0.280516562284928,0.0262312239311947,0.280640497526187,0.553848161697882,0.553960035974962,0.55384838926954
9.47,0.280220353893339,0.0262071545573499,0.28034389015909,0.553558947584346,0.55367051999943,0.553559170419315
9.48,0.279924770255861,0.026183125327178,0.280047909328537,0.553270183168259,0.553381454925727,0.553270401363887
9.49,0.279629809400695,0.0261591361544237,0.279752553051612,0.552981867293241,0.553092839590277,0.552982080944982
9.5,0.279335469364392,0.0261351869530055,0.279457819353738,0.552693998807113,0.552804672833672,0.55269420800842
9.51,0.279041748191671,0.0261112776370154,0.279163706268624,0.552406576561763,0.55251695350065,0.552406781404162
9.52,0.278748643935341,0.0260874081207194,0.27887021183825,0.55211959941308,0.552229680440095,0.552119799986289
9.53,0.278456154656299,0.0260635783185575,0.27857733411279,0.551833066220987,0.551942852504993,0.551833262612923
9.54,0.278164278423622,0.0260397881451435,0.278285071150595,0.551546975849533,0.55165646855243,0.551547168146308
9.55,0.277873013314391,0.0260160375152656,0.277993421018145,0.551261327166759,0.551370527443579,0.551261515452692
9.56,0.277582357413614,0.025992326343886,0.277702381789989,0.550976119044646,0.551085028043654,0.55097630340237
9.57,0.277292308814222,0.0259686545461415,0.277411951548739,0.550691350359131,0.550799969221931,0.550691530869665
9.58,0.277002865617163,0.0259450220373429,0.27712212838499,0.550407019990212,0.550515349851693,0.550407196732856
9.59,0.276714025931227,0.0259214287329758,0.276832910397302,0.550123126821807,0.550231168810236,0.550123299874243
9.6,0.276425787872969,0.0258978745487001,0.276544295692161,0.549839669741707,0.549947424978844,0.549839839180052
9.61,0.276138149566712,0.0258743594003502,0.276256282383912,0.54955664764159,0.549664117242759,0.549556813540458
9.62,0.275851109144631,0.0258508832039352,0.275968868594756,0.549274059417124,0.549381244491193,0.549274221849579
9.63,0.275564664746587,0.0258274458756388,0.27568205245468,0.548991903967833,0.549098805617276,0.548992063005401
9.64,0.27527881452005,0.0258040473318195,0.275395832101424,0.548710180197041,0.548816799518057,0.54871033590984
9.65,0.2749935566201,0.0257806874890102,0.275110205680458,0.548428887011899,0.548535225094495,0.548429039468653
9.66,0.274708889209514,0.0257573662639189,0.274825171344911,0.548148023323475,0.548254081251412,0.548148172591459
9.67,0.274424810458599,0.0257340835734281,0.274540727255565,0.547867588046625,0.54797336689751,0.54786773419173
9.68,0.274141318545119,0.025710839334595,0.274256871580791,0.547587580099945,0.547693080945328,0.547587723186725
9.69,0.273858411654298,0.0256876334646518,0.273973602496519,0.547307998405787,0.547413222311236,0.547308138497543
9.7,0.273576087978898,0.0256644658810052,0.27369091818621,0.547028841890355,0.547133789915424,0.547028979049041
9.71,0.273294345719064,0.0256413365012368,0.27340881684079,0.546750109483575,0.546854782681863,0.546750243769852
9.72,0.27301318308225,0.0256182452431029,0.273127296658647,0.546471800119048,0.546576199538317,0.546471931592377
9.73,0.272732598283217,0.0255951920245346,0.272846355845564,0.546193912734068,0.546298039416305,0.546194041452725
9.74,0.272452589544116,0.0255721767636375,0.272565992614691,0.545916446269714,0.546020301251087,0.545916572290749
9.75,0.272173155094334,0.025549199378692,0.272286205186521,0.545639399670722,0.545742983981666,0.545639523049993
9.76,0.27189429317042,0.0255262597881532,0.272006991788821,0.545362771885442,0.545466086550735,0.545362892677684
9.77,0.271616002016084,0.0255033579106508,0.271728350656634,0.545086561865852,0.545189607904704,0.545086680124734
9.78,0.271338279882283,0.0254804936649888,0.271450280032212,0.544810768567648,0.54491354699365,0.544810884345688
9.79,0.27106112502706,0.0254576669701461,0.271172778164986,0.544535390950126,0.544637902771311,0.544535504298749
9.8,0.270784535715482,0.0254348777452759,0.270895843311547,0.544260427976128,0.544362674195084,0.544260538945729
9.81,0.270508510219634,0.0254121259097057,0.27061947373558,0.543985878612064,0.54408786022598,0.543985987252046
9.82,0.270233046818701,0.0253894113829375,0.270343667707859,0.543711741828001,0.54381345982864,0.54371184818672
9.83,0.269958143798819,0.0253667340846475,0.270068423506187,0.543438016597539,0.543539471971295,0.543438120722325
9.84,0.269683799453004,0.0253440939346861,0.269793739415367,0.543164701897767,0.543265895625755,0.543164803835014
9.85,0.269410012081154,0.0253214908530779,0.269519613727185,0.542891796709282,0.542992729767409,0.542891896504471
9.86,0.269136779990124,0.0252989247600216,0.26924604474034,0.542619300016269,0.542719973375185,0.542619397713902
9.87,0.268864101493585,0.0252763955758896,0.268973030760441,0.542347210806394,0.542447625431553,0.542347306450046
9.88,0.26859197491195,0.0252539032212286,0.268700570099958,0.542075528070746,0.542175684922505,0.54207562170311
9.89,0.268320398572378,0.0252314476167588,0.268428661078181,0.541804250803864,0.541904150837526,0.541804342466808
9.9,0.26804937080885,0.0252090286833742,0.268157302021209,0.541533378003817,0.541633022169608,0.541533467738304
9.91,0.267778889961548,0.0251866463421423,0.267886491261881,0.541262908671646,0.541362297915198,0.541262996518212
9.92,0.267508954379178,0.0251643005143043,0.267616227139779,0.540992841813533,0.541091977074216,0.540992927810597
9.93,0.267239562413713,0.0251419911212745,0.267346508001172,0.540723176435954,0.540822058650021,0.540723260622922
9.94,0.266970712427349,0.0251197180846407,0.267077332198977,0.540453911552122,0.540552541649392,0.540453993966076
9.95,0.266702402786529,0.0250974813261638,0.266808698092756,0.540185046176487,0.540283425082539,0.540185126854329
9.96,0.266434631864199,0.0250752807677777,0.266540604048641,0.539916579326822,0.540014707963051,0.539916658305322
9.97,0.266167398042035,0.0250531163315892,0.266273048439342,0.539648510026317,0.539746389307915,0.539648587340075
9.98,0.265900699705085,0.025030987939878,0.266006029644087,0.539380837298623,0.539478468137483,0.539380912982931
9.99,0.265634535247068,0.0250088955150962,0.265739546048591,0.539113560172775,0.539210943475452,0.539113634261585
10,0.265368903068037,0.0249868389798688,0.265473596045048,0.53884667768105,0.538943814348877,0.538846750207042
10.01,0.2651038015722,0.0249648182569928,0.265208178032063,0.538580188856955,0.538677079788119,0.538580259853603
10.02,0.264839229173316,0.0249428332694377,0.26494329041465,0.538314092740245,0.538410738826863,0.538314162238876
10.03,0.264575184289225,0.024920883940345,0.264678931604188,0.538048388371873,0.538144790502085,0.538048456403722
10.04,0.26431166534402,0.0248989701930281,0.264415100018379,0.537783074796008,0.537879233854038,0.537783141392281
10.05,0.264048670770185,0.0248770919509722,0.264151794081245,0.537518151062043,0.537614067926256,0.537518216251931
10.06,0.263786199003446,0.0248552491378342,0.263889012223062,0.537253616219826,0.537349291765511,0.537253680033276
10.07,0.263524248487864,0.0248334416774426,0.263626752880359,0.536989469324406,0.537084904421825,0.536989531790157
10.08,0.263262817673592,0.0248116694937969,0.263365014495871,0.536725709433961,0.536820904948445,0.536725770579597
10.09,0.263001905014775,0.0247899325110681,0.263103795518503,0.536462335607863,0.536557292401819,0.53646239546183
10.1,0.262741508974741,0.0247682306535978,0.262843094403326,0.536199346911519,0.536294065841609,0.536199405500253
10.11,0.262481628020745,0.0247465638458988,0.262582909611508,0.535936742411493,0.536031224330642,0.535936799761429
10.12,0.262222260626049,0.0247249320126543,0.262323239610323,0.535674521177462,0.535768766934932,0.535674577315081
10.13,0.261963405271987,0.0247033350787181,0.262064082873095,0.535412682284147,0.535506692723642,0.535412737234049
10.14,0.261705060443011,0.0246817729691142,0.261805437879169,0.535151224806713,0.535245000769072,0.535151278594315
10.15,0.261447224631585,0.0246602456090366,0.261547303113906,0.534890147825347,0.534983690146665,0.534890200474961
10.16,0.261189896336032,0.0246387529238496,0.261289677068616,0.534629450423264,0.534722759934964,0.534629501958159
10.17,0.260933074058517,0.0246172948390867,0.261032558240563,0.534369131684835,0.534462209215628,0.534369182129181
10.18,0.260676756310032,0.0245958712804514,0.260775945132919,0.534109190700257,0.5342020370734,0.534109240076349
10.19,0.260420941605347,0.0245744821738162,0.260519836254725,0.533849626560854,0.533942242596089,0.533849674891056
10.2,0.260165628465012,0.0245531274452231,0.260264230120898,0.533590438360954,0.533682824874589,0.533590485667732
10.21,0.259910815417336,0.0245318070208827,0.260009125252156,0.533331625199762,0.53342378300282,0.533331671503834
10.22,0.25965650099363,0.0245105208271746,0.259754520175028,0.533073186176912,0.533165116077752,0.533073231499848
10.23,0.259402683732911,0.0244892687906468,0.259500413421808,0.532815120396895,0.53290682319938,0.532815164759249
10.24,0.25914936217983,0.0244680508380156,0.259246803530517,0.532557426967126,0.532648903470694,0.532557470388517
10.25,0.258896534882734,0.0244468668961657,0.25899368904491,0.532300104996138,0.532391355997706,0.532300147497106
10.26,0.258644200398463,0.0244257168921495,0.258741068514402,0.532043153598101,0.532134179889388,0.532043195197431
10.27,0.258392357287489,0.024404600753187,0.25848894049408,0.531786571888268,0.531877374257701,0.531786612604873
10.28,0.258141004115846,0.024383518406666,0.258237303544657,0.531530358984802,0.531620938217564,0.531530398837742
10.29,0.257890139457031,0.0243624697801414,0.257986156232435,0.531274514010575,0.531364870886829,0.531274553017283
10.3,0.257639761887429,0.0243414548013351,0.257735497129312,0.531019036088881,0.531109171386305,0.531019074267658
10.31,0.25738986999084,0.0243204733981359,0.257485324812711,0.530763924347705,0.530853838839701,0.530763961715927
10.32,0.257140462356484,0.0242995254985992,0.257235637865589,0.53050917791786,0.530598872373649,0.530509214492053
10.33,0.256891537577139,0.0242786110309468,0.256986434876396,0.530254795931244,0.530344271117679,0.530254831728863
10.34,0.256643094253749,0.0242577299235667,0.256737714439034,0.530000777525199,0.530090034204192,0.530000812562064
10.35,0.25639513099076,0.0242368821050127,0.256489475152872,0.52974712183812,0.529836160768482,0.529747156130215
10.36,0.256147646397964,0.0242160675040044,0.256241715622667,0.529493828011213,0.529582649948685,0.529493861574712
10.37,0.255900639092339,0.0241952860494266,0.25599443445858,0.529240895190239,0.529329500885797,0.529240928039794
10.38,0.255654107693639,0.0241745376703298,0.255747630276135,0.528988322521366,0.529076712723651,0.528988354672505
10.39,0.255408050828755,0.024153822295929,0.255501301696176,0.528736109155299,0.528824284608891,0.528736140622708
10.4,0.255162467129795,0.0241331398556042,0.255255447344883,0.528484254245478,0.528572215690994,0.528484285043059
10.41,0.254917355232288,0.0241124902788999,0.255010065853698,0.528232756946394,0.52832050512222,0.52823278708899
10.42,0.254672713779626,0.0240918734955246,0.254765155859336,0.527981616417798,0.528069152057627,0.52798164591872
10.43,0.254428541418568,0.0240712894353512,0.254520716003751,0.527730831820464,0.527818155655054,0.527730860693212
10.44,0.254184836801022,0.024050738028416,0.254276744934088,0.527480402317885,0.527567515075088,0.527480430576191
10.45,0.253941598585809,0.024030219204919,0.254033241302701,0.527230327077955,0.527317229481097,0.527230354734114
10.46,0.253698825434425,0.0240097328952235,0.253790203767082,0.526980605268969,0.527067298039165,0.526980632336161
10.47,0.253456516015235,0.0239892790298556,0.253547630989874,0.526731236063602,0.526817719918123,0.526731262554236
10.48,0.253214669001624,0.0239688575395044,0.25330552163883,0.52648221863718,0.526568494289522,0.526482244562936
10.49,0.252973283070273,0.0239484683550213,0.253063874386774,0.526233552166046,0.526319620327606,0.526233577539556
10.5,0.252732356905431,0.02392811140742,0.252822687911617,0.525985235831626,0.526071097209338,0.525985260664073
10.51,0.25249188919459,0.0239077866278763,0.252581960896285,0.525737268816342,0.525822924114346,0.525737293119125
10.52,0.252251878630196,0.0238874939477276,0.252341692028733,0.525489650305241,0.525575100224944,0.525489674090023
10.53,0.252012323911354,0.0238672332984728,0.252101880001906,0.52524237948763,0.525327624726112,0.525242402764712
10.54,0.251773223739743,0.0238470046117719,0.251862523513704,0.524995455553203,0.525080496805467,0.524995478333778
10.55,0.251534576823654,0.0238268078194459,0.25162362126699,0.524748877695894,0.524833715653288,0.524748899990439
10.56,0.251296381876214,0.0238066428534766,0.251385171969526,0.524502645112196,0.524587280462463,0.524502666930516
10.57,0.251058637613724,0.023786509646006,0.251147174333985,0.524256756999593,0.524341190428514,0.524256778352445
10.58,0.25082134275977,0.0237664081293364,0.250909627077912,0.524011212560482,0.524095444749569,0.524011233457247
10.59,0.250584496041061,0.0237463382359297,0.250672528923693,0.523766010998223,0.523850042626345,0.523766031448529
10.6,0.250348096189081,0.0237262998984078,0.250435878598559,0.523521151518722,0.52360498326216,0.523521171532472
10.61,0.25011214194172,0.0237062930495515,0.250199674834527,0.523276633331999,0.523360265862893,0.52327665291781
10.62,0.249876632039351,0.0236863176223008,0.249963916368408,0.523032455648454,0.523115889636999,0.523032474815839
10.63,0.249641565228715,0.0236663735497547,0.249728601941775,0.522788617682587,0.522871853795487,0.522788636440386
10.64,0.24940694026121,0.0236464607651703,0.249493730300923,0.522545118651376,0.5226281575519,0.522545137007808
10.65,0.249172755891289,0.0236265792019632,0.249259300196884,0.522301957772755,0.522384800122331,0.52230197573699
10.66,0.248939010880425,0.0236067287937069,0.249025310385365,0.522059134269416,0.522141780725381,0.522059151849312
10.67,0.248705703993097,0.0235869094741324,0.248791759626752,0.521816647364982,0.521899098582173,0.521816664568667
10.68,0.248472833998382,0.0235671211771282,0.248558646686085,0.521574496285536,0.521656752916334,0.521574513121423
10.69,0.248240399671532,0.0235473638367399,0.248325970333017,0.521332680261148,0.521414742953972,0.521332696736435
10.7,0.248008399790188,0.0235276373871699,0.248093729341825,0.521091198522253,0.521173067923694,0.521091214645025
10.71,0.247776833138124,0.0235079417627771,0.247861922491353,0.520850050303253,0.52093172705656,0.520850066080967
10.72,0.247545698503603,0.0234882768980768,0.24763054856502,0.52060923484095,0.520690719586106,0.520609250280491
10.73,0.247314994677831,0.02346864272774,0.247399606350787,0.520368751373073,0.520450044748319,0.520368766482256
10.74,0.247084720458774,0.0234490391865937,0.247169094641121,0.520128599141951,0.520209701781613,0.520128613927356
10.75,0.2468548746473,0.0234294662096199,0.246939012233011,0.519888777390818,0.519969689926856,0.5198887918593
10.76,0.246625456048701,0.023409923731956,0.246709357927903,0.51964928536529,0.519730008427317,0.519649299524002
10.77,0.246396463474221,0.0233904116888942,0.246480130531713,0.519410122314838,0.519490656528688,0.519410136169783
10.78,0.246167895737407,0.023370930015881,0.246251328854798,0.519171287489291,0.519251633479067,0.519171301047341
10.79,0.245939751657715,0.0233514786485174,0.246022951711913,0.518932780142315,0.519012938528926,0.51893279340976
10.8,0.245712030058926,0.0233320575225582,0.245794997922233,0.5186945995299,0.518774570931143,0.518694612512495
10.81,0.245484729767656,0.0233126665739119,0.245567466309289,0.518456744908935,0.518536529940949,0.518456757613351
10.82,0.245257849617039,0.0232933057386402,0.245340355700976,0.518219215540759,0.518298814815948,0.518219227972495
10.83,0.245031388443,0.0232739749529581,0.245113664929531,0.51798201068759,0.518061424816101,0.517982022852425
10.84,0.244805345085734,0.0232546741532333,0.244887392831487,0.517745129613951,0.517824359203698,0.517745141517973
10.85,0.244579718391166,0.0232354032759858,0.244661538247696,0.517508571588096,0.517587617243382,0.517508583236296
10.86,0.244354507207446,0.0232161622578879,0.244436100023267,0.51727233587863,0.517351198202106,0.517272347276855
10.87,0.244129710388415,0.023196951035764,0.244211077007573,0.517036421757867,0.517115101349146,0.517036432911424
10.88,0.243905326792084,0.0231777695465897,0.243986468054229,0.516800828500375,0.516879325956087,0.516800839414061
10.89,0.243681355279199,0.0231586177274921,0.243762272021049,0.516565555381591,0.516643871296797,0.516565566061113
10.9,0.243457794716785,0.0231394955157493,0.243538487770069,0.516330601681262,0.516408736647453,0.516330612131204
10.91,0.243234643974559,0.0231204028487899,0.243315114167481,0.516095966679986,0.516173921286489,0.516095976905217
10.92,0.243011901926355,0.0231013396641932,0.243092150083648,0.515861649660592,0.515939424494621,0.515861659666301
10.93,0.242789567451529,0.0230823058996884,0.242869594393076,0.515627649909523,0.515705245554827,0.515627659699844
10.94,0.242567639431583,0.0230633014931544,0.242647445974378,0.515393966713559,0.51547138375232,0.515393976293477
10.95,0.242346116753506,0.0230443263826198,0.242425703710288,0.515160599363078,0.515237838374578,0.515160608737062
10.96,0.242124998308305,0.0230253805062623,0.242204366487606,0.514927547150633,0.515004608711289,0.514927556322677
10.97,0.241904282989626,0.0230064638024084,0.241983433197209,0.514694809369625,0.514771694054381,0.514694818344619
10.98,0.241683969697168,0.0229875762095333,0.241762902734019,0.514462385317626,0.514539093697993,0.51446239409938
10.99,0.241464057333227,0.0229687176662604,0.241542773996976,0.514230274293033,0.514306806938462,0.514230282885652
11,0.241244544804065,0.0229498881113612,0.241323045889047,0.513998475596404,0.514074833074338,0.51399848400431
11.01,0.241025431021275,0.0229310874837547,0.241103717317173,0.513766988531795,0.513843171406342,0.513766996758406
11.02,0.240806714898511,0.0229123157225075,0.240884787192279,0.513535812403593,0.513611821237387,0.513535820453161
11.03,0.240588395354724,0.0228935727668329,0.240666254429246,0.513304946519666,0.513380781872558,0.513304954395955
11.04,0.240370471312739,0.0228748585560914,0.240448117946882,0.513074390189991,0.513150052619088,0.513074397896318
11.05,0.240152941697925,0.0228561730297896,0.240230376667929,0.512844142725365,0.512919632786384,0.512844150265925
11.06,0.239935805441487,0.0228375161275804,0.240013029519017,0.512614203440626,0.512689521685979,0.512614210818578
11.07,0.239719061477137,0.0228188877892626,0.23979607543067,0.512384571651411,0.512459718631555,0.512384578870215
11.08,0.239502708742412,0.0228002879547804,0.239579513337278,0.512155246675451,0.512230222938923,0.512155253738882
11.09,0.239286746179987,0.0227817165642233,0.23936334217707,0.511926227833865,0.512001033926,0.511926234744735
11.1,0.23907117273453,0.0227631735578257,0.239147560892122,0.511697514448093,0.511772150912833,0.511697521210036
11.11,0.238855987355816,0.0227446588759667,0.238932168428311,0.511469105842946,0.511543573221557,0.511469112459129
11.12,0.238641188997356,0.0227261724591696,0.23871716373532,0.511241001345281,0.511315300176408,0.511241007818451
11.13,0.238426776615114,0.0227077142481018,0.238502545766612,0.511013200282747,0.511087331103711,0.51101320661651
11.14,0.238212749170686,0.0226892841835742,0.238288313479404,0.51078570198691,0.510859665331858,0.51078570818388
11.15,0.237999105628087,0.0226708822065413,0.238074465834675,0.510558505790108,0.510632302191329,0.510558511853198
11.16,0.237785844955018,0.0226525082581006,0.237861001797118,0.510331611026711,0.510405241014646,0.510331616959147
11.17,0.237572966124141,0.0226341622794924,0.237647920335149,0.510105017034368,0.510178481136397,0.510105022838456
11.18,0.237360468110038,0.0226158442120993,0.237435220420881,0.509878723151042,0.509952021893217,0.509878728829889
11.19,0.237148349892219,0.0225975539974463,0.237222901030092,0.509652728717963,0.509725862623762,0.509652734274235
11.2,0.236936610453798,0.0225792915772,0.237010961142247,0.509427033078338,0.509500002668741,0.509427038514304
11.21,0.236725248780258,0.0225610568931688,0.236799399740437,0.50920163557615,0.509274441370865,0.509201640894913
11.22,0.236514263862514,0.022542849887302,0.236588215811394,0.508976535559171,0.509049178074866,0.508976540762888
11.23,0.236303654693813,0.0225246705016901,0.236377408345467,0.508751732375924,0.508824212127486,0.508751737467045
11.24,0.236093420270965,0.022506518678564,0.23616697633659,0.5085272253769,0.508599542877452,0.508527230358189
11.25,0.235883559595561,0.0224883943602951,0.235956918782296,0.50830301391577,0.508375169675498,0.508303018789107
11.26,0.235674071671048,0.0224702974893946,0.235747234683673,0.508079097346508,0.508151091874324,0.508079102114553
11.27,0.235464955505627,0.0224522280085133,0.235537923045363,0.507855475026252,0.507927308828612,0.507855479691251
11.28,0.235256210110979,0.0224341858604418,0.235328982875548,0.507632146314062,0.507703819895015,0.507632150877876
11.29,0.235047834501069,0.0224161709881092,0.235120413185915,0.507409110569744,0.50748062443213,0.507409115035055
11.3,0.234839827695106,0.0223981833345837,0.234912212991675,0.507186367156778,0.507257721800525,0.507186371525359
11.31,0.23463218871455,0.0223802228430719,0.234704381311508,0.506963915439376,0.507035111362694,0.506963919713284
11.32,0.234424916584298,0.0223622894569183,0.234496917167577,0.506741754783653,0.506812792483077,0.506741758965263
11.33,0.234218010333863,0.0223443831196056,0.234289819585502,0.506519884558808,0.506590764528044,0.506519888649639
11.34,0.234011468994549,0.0223265037747536,0.234083087594337,0.506298304134334,0.506369026865873,0.506298308136672
11.35,0.233805291602249,0.0223086513661196,0.233876720226578,0.506077012882791,0.506147578866774,0.506077016798525
11.36,0.233599477196216,0.0222908258375976,0.233670716518116,0.505856010178602,0.505926419902849,0.505856014009252
11.37,0.233394024817906,0.0222730271332183,0.233465075508249,0.505635295396914,0.505705549348104,0.505635299144806
11.38,0.233188933513838,0.0222552551971485,0.233259796239657,0.505414867916434,0.505484966578439,0.505414871583013
11.39,0.232984202332705,0.0222375099736912,0.233054877758377,0.50519472711658,0.505264670971628,0.505194730703577
11.4,0.232779830326515,0.0222197914072848,0.232850319113812,0.504974872378617,0.505044661907337,0.504974875888074
11.41,0.232575816551738,0.0222020994425032,0.232646119358692,0.504755303086794,0.504824938767089,0.504755306519931
11.42,0.232372160066568,0.0221844340240552,0.232442277549073,0.504536018625651,0.504605500934273,0.504536021984435
11.43,0.232168859933632,0.0221667950967844,0.232238792744325,0.5043170183827,0.504386347794138,0.504317021668718
11.44,0.231965915218799,0.0221491826056689,0.232035664007097,0.504098301747257,0.504167478733769,0.504098304961746
11.45,0.231763324990069,0.0221315964958208,0.231832890403336,0.503879868109343,0.503948893142109,0.503879871254325
11.46,0.231561088320326,0.0221140367124858,0.231630471002239,0.503661716862431,0.503730590409919,0.503661719939076
11.47,0.231359204284557,0.0220965032010434,0.231428404876261,0.503443847400681,0.503512569929792,0.503443850410446
11.48,0.231157671960948,0.022078995907006,0.231226691101095,0.503226259120045,0.503294831096149,0.503226262064688
11.49,0.230956490431995,0.0220615147760192,0.231025328755647,0.50300895141937,0.503077373305207,0.503008954299862
11.5,0.230755658781857,0.0220440597538607,0.230824316922045,0.502791923697783,0.502860195955005,0.502791926515823
11.51,0.230555176098976,0.0220266307864409,0.2306236546856,0.502575175357296,0.50264329844537,0.502575178114212
11.52,0.230355041474924,0.0220092278198019,0.230423341134809,0.502358705801667,0.502426680177925,0.502358708498463
11.53,0.230155254003331,0.0219918508001173,0.230223375361339,0.502142514435342,0.502210340556082,0.502142517073776
11.54,0.229955812782545,0.0219744996736922,0.230023756459998,0.50192660066611,0.50199427898502,0.501926603247127
11.55,0.229756716912942,0.0219571743869628,0.22982448352875,0.50171096390243,0.501778494871704,0.501710966427255
11.56,0.229557965497994,0.0219398748864959,0.22962555566867,0.501495603554497,0.501562987624851,0.501495606024648
11.57,0.229359557645327,0.0219226011189885,0.229426971983953,0.501280519035316,0.50134775665494,0.501280521451555
11.58,0.229161492464183,0.021905353031268,0.229228731581895,0.501065709758163,0.50113280137421,0.501065712121958
11.59,0.228963769067935,0.0218881305702915,0.229030833572867,0.500851175139108,0.500918121196626,0.500851177451577
11.6,0.228766386572979,0.0218709336831454,0.228833277070325,0.500636914595922,0.500703715537912,0.500636916857867
11.61,0.228569344097703,0.0218537623170454,0.228636061190774,0.500422927547039,0.500489583815507,0.500422929759997
11.62,0.228372640765051,0.0218366164193362,0.228439185053768,0.500209213414135,0.500275725448581,0.500209215578863
11.63,0.228176275699926,0.0218194959374908,0.228242647781898,0.499995771619538,0.500062139858026,0.499995773737062
11.64,0.22798024803022,0.0218024008191106,0.228046448500763,0.49978260158726,0.499848826466436,0.4997826036589
11.65,0.227784556887842,0.0217853310119249,0.227850586338984,0.499569702744038,0.499635784698123,0.499569704770377
11.66,0.227589201406259,0.0217682864637906,0.227655060428162,0.499357074516872,0.499423013979085,0.499357076499184
11.67,0.22739418072293,0.021751267122692,0.227459869902886,0.499144716335476,0.499210513737018,0.499144718274701
11.68,0.227199493978239,0.0217342729367405,0.227265013900714,0.498932627631206,0.49899828340131,0.498932629527977
11.69,0.227005140314488,0.021717303854174,0.227070491562149,0.49872080783607,0.498786322403013,0.498720809691741
11.7,0.226811118878386,0.0217003598233571,0.226876302030653,0.498509256385218,0.498574630174872,0.498509258200383
11.71,0.226617428818532,0.0216834407927802,0.226682444452603,0.498297972714431,0.49836320615128,0.498297974489952
11.72,0.226424069286415,0.0216665467110598,0.226488917977301,0.498086956261128,0.498152049768302,0.498086957998152
11.73,0.226231039437406,0.0216496775269378,0.226295721756957,0.497876206465366,0.497941160463658,0.497876208164332
11.74,0.226038338428381,0.0216328331892812,0.226102854946663,0.497665722767464,0.497730537676707,0.497665724429481
11.75,0.225845965420075,0.021616013647082,0.225910316704403,0.497455504610369,0.497520180848461,0.497455506236226
11.76,0.225653919576046,0.0215992188494569,0.22571810619102,0.497245551438626,0.497310089421557,0.497245553028814
11.77,0.22546220006171,0.0215824487456467,0.225526222570219,0.497035862697408,0.49710026284027,0.497035864253125
11.78,0.225270806046739,0.0215657032850164,0.225334665008549,0.49682643783494,0.496890700550498,0.496826439356645
11.79,0.225079736702635,0.0215489824170544,0.22514343267538,0.496617276300059,0.496681401999747,0.496617277788476
11.8,0.224888991203691,0.0215322860913729,0.22495252474292,0.496408377543192,0.49647236663715,0.496408378999323
11.81,0.224698568727953,0.0215156142577068,0.224761940386168,0.496199741017325,0.496263593913431,0.496199742441486
11.82,0.224508468454921,0.0214989668659141,0.224571678782927,0.495991366175698,0.496055083280921,0.49599136756886
11.83,0.224318689567825,0.021482343865975,0.224381739113785,0.495783252474103,0.495846834193544,0.495783253836925
11.84,0.224129231252625,0.0214657452079921,0.224192120562093,0.495575399369881,0.495638846106805,0.495575400702742
11.85,0.223940092697076,0.02144917084219,0.224002822313977,0.495367806320986,0.495431118477803,0.495367807624945
11.86,0.223751273093049,0.0214326207189145,0.223813843558297,0.495160472788331,0.495223650765199,0.495160474063736
11.87,0.223562771634181,0.0214160947886331,0.223625183486661,0.494953398233424,0.495016442429233,0.494953399480883
11.88,0.22337458751681,0.021399593001934,0.223436841293399,0.494746582119315,0.494809492931707,0.494746583339707
11.89,0.223186719940901,0.0213831153095264,0.22324881617555,0.494540023911541,0.494602801735975,0.49454002510508
11.9,0.222999168107825,0.0213666616622395,0.223061107332868,0.494333723075883,0.494396368306956,0.494333724243424
11.91,0.222811931222559,0.0213502320110231,0.222873713967786,0.494127679080601,0.494190192111103,0.494127680222693
11.92,0.22262500849272,0.0213338263069463,0.222686635285422,0.493921891395458,0.493984272616415,0.493921892512384
11.93,0.222438399127662,0.0213174445011981,0.222499870493568,0.493716359490811,0.493778609292429,0.493716360583514
11.94,0.222252102340714,0.0213010865450865,0.222313418802662,0.49351108283989,0.493573201610205,0.493511083908627
11.95,0.222066117346918,0.0212847523900385,0.222127279425802,0.493306060916503,0.493368049042336,0.493306061961783
11.96,0.221880443363926,0.0212684419875998,0.221941451578709,0.493101293195958,0.49316315106292,0.493101294218553
11.97,0.221695079612896,0.0212521552894342,0.221755934479737,0.492896779155971,0.49295850714758,0.492896780156015
11.98,0.221510025316346,0.0212358922473237,0.221570727349853,0.492692518274501,0.492754116773444,0.492692519252745
11.99,0.221325279700282,0.0212196528131682,0.221385829412618,0.492488510031909,0.492549979419131,0.492488510988815
12,0.221140841993264,0.0212034369389847,0.221201239894197,0.49228475391002,0.49234609456477,0.492284754845788
