r,vc2_field_isolated,vc2_baryon,vc2_field_deformed,vc_total_unchanged_field,vc_total_deformed,vc_total_spherical
0.1,0.00332671460136901,0.00319176186497947,0.00773702656673644,0.0807370823497386,0.104540845757608,0.104540845757608
0.11,0.00402364536264066,0.00385906951219402,0.00935209932282643,0.0887846545008465,0.114939848768912,0.114939848768912
0.12,0.00478628285839379,0.00458875562877923,0.0111182324365501,0.0968247824018883,0.125327523175595,0.125327523175595
0.13,0.00561444568474985,0.00538050278084507,0.0130351237513435,0.104856799806188,0.135704187600047,0.135704187600047
0.14,0.0065079369564533,0.00623396719206351,0.0151015038966301,0.112880043180878,0.146066666589929,0.146066666589929
0.15,0.00746654437965607,0.00714877905294026,0.0173169331847478,0.120893851922239,0.156415191837903,0.156415191837903
0.16,0.00849004033035198,0.00812454285251923,0.0196803795659098,0.1288975685685,0.166748080703884,0.166748080703884
0.17,0.00957818193842151,0.00916083773200493,0.0221908078050136,0.13689053900992,0.177063958887794,0.177063958887794
0.18,0.0107307111772446,0.0102572178597558,0.0248475032049855,0.144872112695993,0.187362539117992,0.187362539117992
0.19,0.0119473549588361,0.0114132128270714,0.0276490535059813,0.152841642839599,0.197641762623826,0.197641762623826
0.2,0.0132278252344556,0.0126283280641673,0.0305946208252629,0.160798486617949,0.207901296026336,0.207901296026336
0.21,0.0145718191006423,0.013902045275703,0.0336829323934254,0.168742005370166,0.218139812205678,0.218139812205678
0.22,0.0159790189106204,0.0152338228952039,0.0369126914521147,0.176671564791351,0.22835611300624,0.22835611300624
0.23,0.0174490923910189,0.0166230965576921,0.0402828386607322,0.18458653512299,0.238549649378121,0.238549649378121
0.24,0.0189816927638476,0.0180692795898172,0.0437917697033226,0.192486291339578,0.248718815719961,0.248718815719961
0.25,0.0205764588736687,0.0195717635167602,0.0474383129307432,0.200370213331295,0.258863045735585,0.258863045735585
0.26,0.0222330153198987,0.0211299185851591,0.0512209528907911,0.208237686082653,0.268981173088285,0.268981173088285
0.27,0.0239509725941757,0.0227430943012906,0.0551381430191531,0.216088099846952,0.279072100576972,0.279072100576972
0.28,0.0257299272227219,0.0244106199837241,0.0591885222306532,0.223920850316459,0.289135162535409,0.289135162535409
0.29,0.0275694619136314,0.0261318053296487,0.0633702842109145,0.231735338788196,0.299168998294548,0.299168998294548
0.3,0.0294691457090092,0.0279059409940643,0.0676819661194865,0.239530972325237,0.309172940461404,0.309172940461404
0.31,0.0314285341418845,0.0297322991810121,0.072121822100592,0.247307163913415,0.319145924745412,0.319145924745412
0.32,0.0334471693978211,0.0316101342460143,0.0766880738071233,0.255063332613364,0.329086930845237,0.329086930845237
0.33,0.0355245804811442,0.033538683308883,0.0813790938935233,0.262798903707811,0.338995246577893,0.338995246577893
0.34,0.0376602833857007,0.0355171668760532,0.0861928812174392,0.270513308844045,0.348869672074677,0.348869672074677
0.35,0.0398537812700672,0.0375447894715892,0.0911277177664609,0.278205986171499,0.358709502575622,0.358709502575622
0.36,0.0421045646371198,0.0396207402760144,0.0961816470104864,0.285876380474383,0.368513754541809,0.368513754541809
0.37,0.0444121115178762,0.0417441937721095,0.101352681536261,0.293523943299325,0.37828147629559,0.37828147629559
0.38,0.0467758876595197,0.0439143103968276,0.106638961321478,0.301148133077971,0.388011947906641,0.388011947906641
0.39,0.0491953467175103,0.0461302371984779,0.112038306999444,0.308748415244497,0.397704091251174,0.397704091251174
0.4,0.0516699304516886,0.0483911084983307,0.117548779714172,0.316324262348021,0.407357199779877,0.407357199779877
0.41,0.0541990689262773,0.0506960465558047,0.123168236815526,0.323875154159874,0.416970362701392,0.416970362701392
0.42,0.056782180713681,0.0530441622364042,0.128894508157483,0.331400577775726,0.426542694690563,0.426542694690563
0.43,0.0594186731019815,0.0554345556815821,0.1347255346649,0.338900027712545,0.436073491909887,0.436073491909887
0.44,0.0621079423060299,0.0578663169797141,0.140658981307445,0.346373006000387,0.445561778305948,0.445561778305948
0.45,0.0648493736820309,0.0603385268373832,0.146692722724654,0.353819022269033,0.455006867598762,0.455006867598762
0.46,0.0676423419455151,0.062850257250183,0.152824458112973,0.36123759382946,0.464407919143458,0.464407919143458
0.47,0.0704862113925897,0.0654005721722658,0.159051863702781,0.368628245750181,0.473764114169749,0.473764114169749
0.48,0.073380336124363,0.0679885281838749,0.16537271563464,0.375990510928451,0.48307478077262,0.48307478077262
0.49,0.0763240602744323,0.0706131751561159,0.171784549778581,0.383323930156399,0.492339034542963,0.492339034542963
0.5,0.0793167182393252,0.0732735569122424,0.178285089117863,0.390628052182082,0.501556224196356,0.501556224196356
0.51,0.0823576349117812,0.0759687118847479,0.184871905089316,0.397902433765526,0.510725578930666,0.510725578930666
0.52,0.0854461259167605,0.0786976737675736,0.191542551443337,0.405146639729782,0.519846347694115,0.519846347694115
0.53,0.088581497850069,0.0814594721627669,0.198294674467434,0.412360243007053,0.528917901597404,0.528917901597404
0.54,0.0917630485194828,0.0842531332209415,0.205125710183219,0.419542824679942,0.53793944213467,0.53793944213467
0.55,0.0949900671882542,0.0870776802749149,0.212033265240334,0.426693974017877,0.546910363327711,0.546910363327711
0.56,0.0982618348208849,0.089932134465921,0.219014815324101,0.433813288508785,0.555829964818399,0.555829964818399
0.57,0.101577624331049,0.0928155153618186,0.226067824186246,0.440900373886061,0.564697564673396,0.564697564673396
0.58,0.10493670083155,0.0957268415667395,0.233189843587412,0.447954844150936,0.573512585000671,0.573512585000671
0.59,0.108338321886181,0.0986651313216466,0.240378240622913,0.454976321590286,0.582274309878565,0.582274309878565
0.6,0.111781737763387,0.101629403095294,0.247630541111266,0.461964436789977,0.590982186031491,0.590982186031491
0.61,0.115266191691596,0.104618676165106,0.254944157876144,0.46891882864383,0.599635584368748,0.599635584368748
0.62,0.118790920116097,0.107631971187528,0.262316497818159,0.475839144358286,0.608233893338482,0.608233893338482
0.63,0.122355152957364,0.110668310757399,0.269745053478298,0.482725039452857,0.61677659183508,0.61677659183508
0.64,0.125958113870669,0.113726719955961,0.277227154761158,0.489576177756465,0.625263044419802,0.625263044419802
0.65,0.129599020506902,0.116806226887119,0.284760281910741,0.496392231399748,0.633692755835081,0.633692755835081
0.66,0.133277084774454,0.119905863201586,0.292341817975689,0.503172880803447,0.642065168948819,0.642065168948819
0.67,0.136991513102037,0.123024664608604,0.299969146170375,0.509917814662953,0.650379743518338,0.650379743518338
0.68,0.140741506702343,0.126161671374926,0.307639734618581,0.516626729929132,0.658636019356296,0.658636019356296
0.69,0.144526261836389,0.129315928810782,0.315350907824095,0.523299331785519,0.666833439949495,0.666833439949495
0.7,0.148344970078463,0.132486487742585,0.323100134979936,0.529935333621989,0.674971571788413,0.674971571788413
0.71,0.152196818581516,0.135672404972145,0.330884801997226,0.53653445700501,0.683049930070541,0.683049930070541
0.72,0.156080990342894,0.138872743722184,0.338702300964679,0.543096431644582,0.69106804635062,0.69106804635062
0.73,0.1599966644703,0.142086574067987,0.346550109374032,0.549620995357971,0.699025524170627,0.699025524170627
0.74,0.163943016447846,0.145312973355023,0.354425577486865,0.556107894030349,0.706921884540214,0.706921884540214
0.75,0.16791921840209,0.148551026602417,0.362326196729777,0.562556881572438,0.714756758157762,0.714756758157762
0.76,0.171924439367924,0.151799826892149,0.370249387459978,0.568967719875278,0.722529732503879,0.722529732503879
0.77,0.175957845554217,0.155058475743927,0.37819258201099,0.575340178762221,0.730240410929795,0.730240410929795
0.78,0.18001860060908,0.158326083475627,0.386153299501675,0.581674035938263,0.737888462423219,0.737888462423219
0.79,0.184105865884629,0.16160176954931,0.39412894585861,0.587969076936823,0.745473484040794,0.745473484040794
0.8,0.18821880070115,0.164884662902754,0.402117066292182,0.59422509506407,0.752995172092714,0.752995172092714
0.81,0.192356562610535,0.168173902266525,0.410115145578336,0.600441891340919,0.760453185833856,0.760453185833856
0.82,0.196518307658888,0.171468636466605,0.418120685935539,0.606619274442787,0.767847199905127,0.767847199905127
0.83,0.200703190648172,0.174768024712612,0.426131278360638,0.612757060637235,0.775176949523945,0.775176949523945
0.84,0.204910365396794,0.17807123687167,0.434144412546723,0.618855073719577,0.782442106112902,0.782442106112902
0.85,0.209138984999019,0.181377453728011,0.442157716840408,0.624913144946584,0.789642432097224,0.789642432097224
0.86,0.213388202083108,0.184685867228398,0.450168768297089,0.63093111296837,0.796777657521524,0.796777657521524
0.87,0.217657169068047,0.18799568071348,0.458175166445323,0.636908823758571,0.803847527307761,0.803847527307761
0.88,0.221945038418792,0.191306109135196,0.466174601963978,0.642846130542907,0.810851842878324,0.810851842878324
0.89,0.226250962899906,0.19461637926039,0.474164674123803,0.64874289372624,0.817790348062505,0.817790348062505
0.9,0.230574095827482,0.197925729860762,0.482143121147507,0.654598980818214,0.82466287112266,0.82466287112266
0.91,0.234913591319266,0.201233411889348,0.490107637682239,0.660414266357575,0.831469211439357,0.831469211439357
0.92,0.239268604542852,0.204538688643691,0.498055945356804,0.666188631835266,0.838209182722604,0.838209182722604
0.93,0.243638291961881,0.207840835915912,0.505985859508378,0.67192196561639,0.844882651866098,0.844882651866098
0.94,0.248021811580124,0.211139142129866,0.513895112096097,0.67761416286113,0.851489432832824,0.851489432832824
0.95,0.252418323183353,0.214432908465619,0.521781574992643,0.683265125444708,0.858029418760372,0.858029418760372
0.96,0.256826988578926,0.217721448971449,0.529643082836369,0.688874761876478,0.864502476461356,0.864502476461356
0.97,0.261246971832963,0.221004090663619,0.537477501163999,0.694442987218232,0.870908486482718,0.870908486482718
0.98,0.265677439505057,0.224280173614159,0.545282791806685,0.6999697230018,0.877247379831279,0.877247379831279
0.99,0.270117560880399,0.227549051026903,0.553056839491647,0.70545489714602,0.883519038005718,0.883519038005718
1,0.274566508199248,0.230810089302044,0.560797670267,0.710898443873168,0.889723417455696,0.889723417455696
1.01,0.279023456883663,0.234062668089465,0.568503277962533,0.716300303624903,0.895860450099232,0.895860450099232
1.02,0.283487585761406,0.237306180331119,0.576171690578981,0.721660422977819,0.90193008094314,0.90193008094314
1.03,0.287958077286936,0.240540032292723,0.583801034899398,0.726978754558659,0.907932303198934,0.907932303198934
1.04,0.292434117759421,0.243763643585059,0.591389365220092,0.732255256959265,0.913867062982987,0.913867062982987
1.05,0.296914897537687,0.246976447175148,0.598934878836889,0.737489894651334,0.919734377965746,0.919734377965746
1.06,0.301399611252035,0.250177889387597,0.606435744567751,0.74268263790103,0.925534242454243,0.925534242454243
1.07,0.305887458012845,0.253367429896396,0.613890167995077,0.747833462683531,0.931266663148355,0.931266663148355
1.08,0.310377641615908,0.256544541707457,0.621296455777353,0.752942350597551,0.936931693073092,0.936931693073092
1.09,0.314869370744409,0.259708711132203,0.628652845139498,0.758009288779901,0.94252933974052,0.94252933974052
1.1,0.319361859167504,0.262859437752469,0.635957718120722,0.763034269820152,0.948059679489214,0.948059679489214
1.11,0.323854325935424,0.265996234377042,0.643209430800067,0.768017291675433,0.953522765945894,0.953522765945894
1.12,0.328345995571043,0.269118626990112,0.650406377917645,0.772958357585423,0.958918664385962,0.958918664385962
1.13,0.332836098257855,0.272226154691933,0.657547057322376,0.777857475987593,0.964247484836911,0.964247484836911
1.14,0.337323870024313,0.275318369631997,0.664629899007557,0.782714660432722,0.969509292704074,0.969509292704074
1.15,0.341808552924456,0.278394836934994,0.671653479633846,0.787529929500746,0.974704220042593,0.974704220042593
1.16,0.346289395214788,0.281455134619867,0.67861635125343,0.792303306716976,0.979832376416138,0.979832376416138
1.17,0.350765651527366,0.284498853512237,0.685517105778152,0.797034820468719,0.984893882248432,0.984893882248432
1.18,0.355236583039033,0.287525597150494,0.692354439961489,0.801724503922343,0.989888901398527,0.989888901398527
1.19,0.359701457636769,0.290534981685828,0.699126982888969,0.806372394940822,0.994817553411075,0.994817553411075
1.2,0.364159550079102,0.293526635776489,0.705833512142797,0.81097853600178,0.999680022766928,0.999680022766928
1.21,0.368610142153564,0.296500200476548,0.712472780942949,0.815542974116086,1.00447647131204,1.00447647131204
1.22,0.373052522830136,0.299455329119432,0.719043582883867,0.820065760747007,1.00920707092415,1.00920707092415
1.23,0.377485988410649,0.302391687196514,0.725544817823143,0.824546951729957,1.01387203582092,1.01387203582092
1.24,0.381909842674127,0.305308952231006,0.731975316827567,0.828986607192863,1.01847153571348,1.01847153571348
1.25,0.386323397018023,0.308206813647431,0.738334061239254,0.833384791477175,1.02300580393597,1.02300580393597
1.26,0.390725970595335,0.311084972636928,0.74462000724178,0.837741573059534,1.02747505073296,1.02747505073296
1.27,0.395116890447574,0.31394314201864,0.750832151252463,0.842057024474124,1.0318794955183,1.0318794955183
1.28,0.399495491633561,0.316781046097434,0.756969597077471,0.846331222235713,1.03621939915006,1.03621939915006
1.29,0.403861117354036,0.319598420518198,0.763031377370515,0.850564246763426,1.0404949773491,1.0404949773491
1.3,0.408213119072067,0.322395012116951,0.769016676796767,0.854756182305233,1.04470650850548,1.04470650850548
1.31,0.412550856629232,0.325170578768998,0.774924653086822,0.858907116863186,1.04885424719349,1.04885424719349
1.32,0.416873698357584,0.327924889234365,0.780754503449055,0.863017142119407,1.05293845626581,1.05293845626581
1.33,0.421181021187361,0.330657723000717,0.786505533352866,0.867086353362846,1.05695943931335,1.05695943931335
1.34,0.425472210750466,0.333368870124001,0.792176973574031,0.871114849416807,1.06091745376256,1.06091745376256
1.35,0.429746661479691,0.336058131067002,0.797768208637476,0.875102732567264,1.06481281909286,1.06481281909286
1.36,0.434003776703682,0.338725316536035,0.803278593437043,0.879050108491954,1.06864582999845,1.06864582999845
1.37,0.438242968737664,0.341370247315956,0.808707521023247,0.882957086190274,1.07241678853849,1.07241678853849
1.38,0.442463658969914,0.343992754103699,0.814054493395817,0.886823777913974,1.07612603699544,1.07612603699544
1.39,0.446665277943985,0.346592677340523,0.819318933180829,0.890650299098647,1.0797738700864,1.0797738700864
1.4,0.450847265436699,0.349169867043149,0.824500418574891,0.894436768296031,1.08336064429997,1.08336064429997
1.41,0.455009070531905,0.351724182633959,0.829598494577614,0.898183307107109,1.08688669014372,1.08688669014372
1.42,0.459150151690038,0.354255492770444,0.834612742516165,0.901890040116023,1.0903523445596,1.0903523445596
1.43,0.463269976813461,0.356763675174051,0.839542853269705,0.905557094824789,1.09375798440229,1.09375798440229
1.44,0.467368023307635,0.359248616458588,0.844388432538083,0.909184601588821,1.09710393718949,1.09710393718949
1.45,0.471443778138056,0.361710211958352,0.849149243621335,0.912772693553224,1.10039059228062,1.10039059228062
1.46,0.475496737883211,0.36414836555612,0.853825012223835,0.91632150658998,1.10361831163675,1.10361831163675
1.47,0.479526408783188,0.366562989511145,0.858415498101586,0.919831179235806,1.10678746271031,1.10678746271031
1.48,0.48353230678434,0.3689540042873,0.862920571211103,0.923301852630893,1.10989845278674,1.10989845278674
1.49,0.487513957579867,0.371321338381489,0.867340009371982,0.926733670458431,1.11295163765254,1.11295163765254
1.5,0.491470896646221,0.373664928152469,0.871673750416656,0.930126778884841,1.11594743539699,1.11594743539699
1.51,0.495402669275672,0.375984717650191,0.875921689364509,0.933481326500891,1.11888623506356,1.11888623506356
1.52,0.49930883060477,0.378280658445771,0.880083752625414,0.93679746426351,1.12176843023468,1.12176843023468
1.53,0.503188945638845,0.380552709462223,0.884159977674927,0.940075345438368,1.12459445452001,1.12459445452001
1.54,0.507042589272723,0.382800836806029,0.888150301658124,0.94331512554329,1.12736468743,1.12736468743
1.55,0.510869346307387,0.385025013599679,0.892054824767296,0.946516962292312,1.13007957169704,1.13007957169704
1.56,0.51466881146291,0.387225219815242,0.895873598325162,0.949681015540562,1.1327395191042,1.1327395191042
1.57,0.518440589387603,0.389401442109094,0.899606702056296,0.952807447229868,1.13534494501248,1.13534494501248
1.58,0.522184294663275,0.391553673657855,0.903254328056303,0.955896421335037,1.1378963053434,1.1378963053434
1.59,0.525899551806944,0.393681913995642,0.906816558491736,0.958948103810934,1.14039399879488,1.14039399879488
1.6,0.529585995268765,0.395786168852703,0.910293642558765,0.961962662540219,1.14283848876885,1.14283848876885
1.61,0.533243269426337,0.397866449995504,0.913685773616246,0.964940267281785,1.14523020550968,1.14523020550968
1.62,0.536871028575541,0.399922775068343,0.916993170156723,0.967881089619941,1.14756958186642,1.14756958186642
1.63,0.540468936917697,0.401955167436546,0.920216165088864,0.970785302914214,1.1498570922186,1.1498570922186
1.64,0.544036668543354,0.403963656031315,0.923354970090069,0.973653082249869,1.1520931499325,1.1520931499325
1.65,0.54757390741265,0.405948275196278,0.92640996925324,0.976484604389095,1.15427823528364,1.15427823528364
1.66,0.551080347332209,0.407909064535791,0.929381482803911,0.979280047722816,1.1564127927949,1.1564127927949
1.67,0.554555691928848,0.409846068765046,0.932269852582968,0.982039592223193,1.15849726859756,1.15849726859756
1.68,0.55799965461993,0.411759337562028,0.935075538050739,0.984763419396739,1.16053215190824,1.16053215190824
1.69,0.561411958580511,0.413648925421355,0.937798863925918,0.987451712238055,1.16251786624863,1.16251786624863
1.7,0.564792336707429,0.415514891510051,0.940440334791689,0.990104655184229,1.16445490522465,1.16445490522465
1.71,0.568140531580174,0.417357299525279,0.943000381995222,0.992722434069792,1.16634372357402,1.16634372357402
1.72,0.571456295418811,0.419176217554063,0.945479454725963,0.995305236082316,1.16818477660001,1.16818477660001
1.73,0.57473939003893,0.420971717935032,0.947878124773183,0.997853249718596,1.16997856506357,1.16997856506357
1.74,0.57798958680361,0.422743877122213,0.950196812615776,1.00036666474139,1.17172551808774,1.17172551808774
1.75,0.58120666657263,0.424492775550884,0.952436129114522,1.0028456721368,1.17342613941628,1.17342613941628
1.76,0.584390419648825,0.426218497505525,0.954596600701924,1.00529046407213,1.17508089006989,1.17508089006989
1.77,0.587540645721717,0.427921130989862,0.95667876755562,1.00770123385435,1.17669023049632,1.17669023049632
1.78,0.59065715380854,0.429600767599039,0.958683300193961,1.01007817588916,1.17825467017661,1.17825467017661
1.79,0.59373976219259,0.431257502393915,0.960610696724485,1.01242148564049,1.17977463912325,1.17977463912325
1.8,0.596788298359089,0.432891433777499,0.962461660859009,1.0147313595906,1.18125064852321,1.18125064852321
1.81,0.599802598928579,0.434502663373539,0.96423679800744,1.01700799520069,1.18268316187429,1.18268316187429
1.82,0.602782509587869,0.436091295907258,0.965936722698425,1.01925159087201,1.18407264076394,1.18407264076394
1.83,0.605727885018701,0.437657439088242,0.967562192011565,1.02146234590754,1.18541960128041,1.18541960128041
1.84,0.608638588824095,0.439201203495493,0.969113762281355,1.02364046047408,1.18672446919108,1.18672446919108
1.85,0.6115144934525,0.440722702464625,0.970592218272275,1.02578613556488,1.18798776118986,1.18798776118986
1.86,0.614355480119825,0.442222051977225,0.97199822830807,1.02789957296277,1.18920993953351,1.18920993953351
1.87,0.617161438729354,0.443699370552349,0.973332464143892,1.02998097520377,1.19039146279543,1.19039146279543
1.88,0.619932267789691,0.445154779140168,0.97459576009306,1.0320305455411,1.19153285277126,1.19153285277126
1.89,0.622667874330736,0.446588401017744,0.97578870872284,1.03404848790977,1.19263452479818,1.19263452479818
1.9,0.6253681738178,0.44800036168693,0.976912167196234,1.03603500689153,1.19369700044993,1.19369700044993
1.91,0.628033090063904,0.44939078877439,0.977966850665636,1.03799030768032,1.19472073700929,1.19472073700929
1.92,0.630662555140338,0.450759811933708,0.978953469489183,1.03991459604818,1.19570618524071,1.19570618524071
1.93,0.63325650928554,0.452107562749601,0.979872931964792,1.04180807831152,1.19665387423197,1.19665387423197
1.94,0.635814900812373,0.453434174644194,0.98072583836038,1.04367096129794,1.19756419995112,1.19756419995112
1.95,0.638337686013846,0.454739782785361,0.981513116339156,1.04550345231339,1.19843769096458,1.19843769096458
1.96,0.640824829067369,0.456024523997105,0.982235511395589,1.04730575910976,1.19927479561304,1.19927479561304
1.97,0.643276301937586,0.457288536671967,0.982893748376208,1.04907808985297,1.20007594969992,1.20007594969992
1.98,0.645692084277865,0.458531960685432,0.983488822815964,1.05082065309133,1.20084169793582,1.20084169793582
1.99,0.648072163330504,0.459754937312333,0.984021293385723,1.05253365772446,1.20157239927441,1.20157239927441
2,0.650416533825723,0.460957609145214,0.984492175145743,1.05421731297249,1.20226859906219,1.20226859906219
2.01,0.652725197879493,0.462140120014644,0.98490222717989,1.05587182834572,1.20293073250064,1.20293073250064
2.02,0.654998164890285,0.463302614911452,0.985252136753111,1.05749741361468,1.203559201562,1.203559201562
2.03,0.657235451434785,0.464445239910865,0.98554307387328,1.05909427878053,1.20415460543244,1.20415460543244
2.04,0.659437081162649,0.465568142098523,0.985775401874653,1.06066263404589,1.20471720497932,1.20471720497932
2.05,0.661603084690352,0.466671469498361,0.985950324597614,1.06220268978605,1.20524760696546,1.20524760696546
2.06,0.663733499494199,0.467755371002305,0.986068703655317,1.06371465652049,1.20574627291882,1.20574627291882
2.07,0.665828369802557,0.468819996301792,0.986130411191467,1.06519874488489,1.2062132512509,1.2062132512509
2.08,0.667887746487365,0.469865495821068,0.986137108764574,1.06665516560341,1.20664932958405,1.20664932958405
2.09,0.669911686954986,0.470892020652239,0.986091441343279,1.06808412946136,1.2070556996243,1.2070556996243
2.1,0.671900255036459,0.471899722492063,0.985990916382896,1.06948584727827,1.2074314220174,1.2074314220174
2.11,0.673853520877205,0.472888753580448,0.985838084292676,1.0708605298813,1.20777764421814,1.20777764421814
2.12,0.675771560826257,0.473859266640624,0.985633683051026,1.07220838807896,1.20809476022854,1.20809476022854
2.13,0.677654457325048,0.474811414820979,0.985378201617018,1.07352963263527,1.20838305865235,1.20838305865235
2.14,0.67950229879584,0.475745351638524,0.985072905546805,1.07482447424422,1.20864314716352,1.20864314716352
2.15,0.681315179529833,0.476661230923952,0.984718311206467,1.07609312350455,1.20887532116857,1.20887532116857
2.16,0.683093199575002,0.477559206768286,0.984315374544656,1.07733579089497,1.20908005579157,1.20908005579157
2.17,0.684836464623741,0.478439433471065,0.983864968035696,1.07855268674961,1.20925778951668,1.20925778951668
2.18,0.686545085900338,0.479302065490061,0.983367757183962,1.07974402123392,1.20940887324098,1.20940887324098
2.19,0.688219180048351,0.48014725739249,0.982824765416165,1.08091000432082,1.20953380391317,1.20953380391317
2.2,0.689858869017928,0.480975163807692,0.982236662683568,1.08205084576725,1.20963293047571,1.20963293047571
2.21,0.691464279953131,0.481785939381254,0.981604325695526,1.08316675509101,1.20970668555513,1.20970668555513
2.22,0.693035545079291,0.482579738730556,0.980928599620293,1.08425794154797,1.20975548701002,1.20975548701002
2.23,0.694572801590472,0.483356716401696,0.980210195329626,1.08532461410961,1.20977969553606,1.20977969553606
2.24,0.696076191537065,0.484117026827789,0.979450042879819,1.08636698144083,1.2097797608274,1.2097797608274
2.25,0.697545861713578,0.484860824288595,0.978648849353035,1.08738525187818,1.20975603889447,1.20975603889447
2.26,0.698981963546647,0.485588262871472,0.977807448735364,1.08837963340836,1.209708936731,1.209708936731
2.27,0.700384652983336,0.486299496433595,0.976926656248317,1.08935033364705,1.20963885217114,1.20963885217114
2.28,0.701754090379747,0.48699467856545,0.976007190122827,1.09029755981805,1.20954614161192,1.20954614161192
2.29,0.703090440389999,0.487673962555557,0.975049919295211,1.09122151873282,1.20943122245573,1.20943122245573
2.3,0.704393871855607,0.4883375013564,0.974055553919233,1.09212241677021,1.20929444523475,1.20929444523475
2.31,0.705664557695304,0.48898544755154,0.973024890815808,1.09300045985665,1.20913619512748,1.20913619512748
2.32,0.706902674795348,0.489617953323889,0.971958712688719,1.09385585344653,1.20895685035183,1.20895685035183
2.33,0.708108403900352,0.490235170425115,0.970857727361275,1.09468880250301,1.20875675707993,1.20875675707993
2.34,0.709281929504667,0.490837250146155,0.969722752783176,1.09549951147904,1.20853630600381,1.20853630600381
2.35,0.710423439744362,0.491424343288813,0.968554485915265,1.09628818429881,1.20829583679001,1.20829583679001
2.36,0.711533126289841,0.49199660013842,0.967353686267778,1.09705502433937,1.20803571404417,1.20803571404417
2.37,0.712611184239109,0.492554170437524,0.966121101262074,1.09780023441272,1.20775629648518,1.20775629648518
2.38,0.71365781201175,0.493097203360606,0.964857417884947,1.09852401674809,1.2074579169667,1.2074579169667
2.39,0.714673211243622,0.493625847489768,0.963563406601928,1.09922657297456,1.20714094209901,1.20714094209901
2.4,0.715657586682326,0.494140250791401,0.962239741582821,1.09990810410403,1.20680569785456,1.20680569785456
2.41,0.716611146083451,0.494640560593792,0.960887143605741,1.10056881051447,1.20645252877995,1.20645252877995
2.42,0.717534100107643,0.495126923565655,0.959506322361181,1.10120889193345,1.20608177414586,1.20608177414586
2.43,0.71842666221853,0.495599485695553,0.958097937210756,1.101828547422,1.20569375170742,1.20569375170742
2.44,0.71928904858151,0.496058392272211,0.956662712327991,1.10242797535881,1.20528880547369,1.20528880547369
2.45,0.720121477963443,0.496503787865677,0.955201292875611,1.10300737342464,1.20486724610693,1.20486724610693
2.46,0.72092417163327,0.496935816309316,0.953714359425458,1.10356693858714,1.2044293984019,1.2044293984019
2.47,0.721697353263579,0.497354620682625,0.952202582026631,1.10410686708588,1.20397558227285,1.20397558227285
2.48,0.722441248833149,0.497760343294841,0.950666587841036,1.10462735441776,1.20350609933472,1.20350609933472
2.49,0.723156086530479,0.498153125669315,0.949107055186786,1.10512859532264,1.2030212719882,1.2030212719882
2.5,0.723842096658337,0.498533108528649,0.947524596087456,1.10561078376931,1.20252139466045,1.20252139466045
2.51,0.724499511539347,0.498900431780563,0.945919849785468,1.10607411294176,1.20200677267894,1.20200677267894
2.52,0.725128565422633,0.499255234504479,0.944293445382282,1.10651877522576,1.20147770677893,1.20147770677893
2.53,0.725729494391522,0.499597654938799,0.942645974799907,1.10694496219565,1.20093448186764,1.20093448186764
2.54,0.726302536272352,0.49992783046886,0.940978070819152,1.10735286460153,1.200377399524,1.200377399524
2.55,0.726847930544383,0.500245897615556,0.939290309644884,1.10774267235669,1.19980673746251,1.19980673746251
2.56,0.727365918250822,0.50055199202459,0.937583288545964,1.10811457452531,1.19922278187606,1.19922278187606
2.57,0.727856741910998,0.500846248456363,0.935857594966769,1.1084687593105,1.19862581459901,1.19862581459901
2.58,0.728320645433672,0.501128800776456,0.93411378369938,1.10880541404258,1.19801610359621,1.19801610359621
2.59,0.728757874031522,0.501399781946716,0.932352442458683,1.10912472516766,1.19739393033596,1.19739393033596
2.6,0.729168674136795,0.501659324016906,0.930574110041066,1.10942687823655,1.19675955565768,1.19675955565768
2.61,0.729553293318155,0.501907558116912,0.928779341595053,1.10971205789388,1.19611324702637,1.19611324702637
2.62,0.729911980198707,0.502144614449502,0.926968682752159,1.10998044786753,1.19545526775437,1.19545526775437
2.63,0.730244984375251,0.502370622283592,0.925142650185136,1.11023223095839,1.19478586887723,1.19478586887723
2.64,0.730552556338731,0.502585709948044,0.923301787275292,1.1104675890303,1.19410531245085,1.19410531245085
2.65,0.730834947395919,0.50279000482594,0.921446594672146,1.11068670300038,1.19341384251151,1.19341384251151
2.66,0.731092409592311,0.502983633349348,0.919577585724867,1.11088975282953,1.19271170828252,1.19271170828252
2.67,0.731325195636278,0.503166720994552,0.91769526459005,1.11107691751329,1.1919991550268,1.1919991550268
2.68,0.73153355882444,0.50333939227773,0.915800109551892,1.1112483750729,1.19127641705425,1.19127641705425
2.69,0.731717752968298,0.503501770751075,0.913892620679505,1.11140430254673,1.19054373772263,1.19054373772263
2.7,0.731878032322105,0.503653978999339,0.911973260414927,1.11154487598182,1.18980134451692,1.18980134451692
2.71,0.73201465151199,0.503796138636788,0.910042501045677,1.11167027042589,1.18904946898036,1.18904946898036
2.72,0.732127865466349,0.503928370304554,0.908100806018257,1.11178065991944,1.18828833888194,1.18828833888194
2.73,0.732217929347475,0.504050793668379,0.906148615538459,1.11187621748819,1.18751817215857,1.18751817215857
2.74,0.732285098484455,0.504163527416724,0.904186387661628,1.11195711513582,1.18673919421175,1.18673919421175
2.75,0.732329628307327,0.504266689259249,0.902214547103653,1.11202352383687,1.18595161636675,1.18595161636675
2.76,0.732351774282494,0.504360395925631,0.900233526185152,1.11207561353,1.18515565311514,1.18515565311514
2.77,0.732351791849387,0.504444763164732,0.898243748766115,1.11211355311143,1.18435151535802,1.18435151535802
2.78,0.732329936358402,0.504519905744089,0.896245617748115,1.11213751042867,1.18353940512862,1.18353940512862
2.79,0.732286463010062,0.504585937449714,0.894239550716238,1.11214765227454,1.18271953064366,1.18271953064366
2.8,0.732221626795457,0.504642971086211,0.892225935572245,1.11214414438132,1.1818920875691,1.1818920875691
2.81,0.732135682437971,0.504691118477176,0.890205166060036,1.11212715141532,1.18105727402917,1.18105727402917
2.82,0.732028884336102,0.504730490465891,0.888177627869276,1.11209683697149,1.18021528474053,1.18021528474053
2.83,0.731901486507739,0.504761196916284,0.886143687738352,1.1120533635685,1.17936630639282,1.17936630639282
2.84,0.731753742535522,0.50478334671416,0.884103724529605,1.1119968926439,1.17851053081581,1.17851053081581
2.85,0.731585905513428,0.504797047768684,0.882058090579832,1.11192758454951,1.1776481386002,1.1776481386002
2.86,0.731398227994742,0.504802407014108,0.88000714268194,1.11184559854723,1.1767793122315,1.1767793122315
2.87,0.73119096194103,0.504799530411741,0.877951230001933,1.11175109280485,1.17590423097022,1.17590423097022
2.88,0.730964358672481,0.504788522952141,0.875890684539792,1.11164422439224,1.17502306679143,1.17502306679143
2.89,0.730718668819442,0.504769488657526,0.873825848342615,1.11152514927777,1.17413599595624,1.17413599595624
2.9,0.730454142275019,0.504742530584401,0.871757039688841,1.11139402232486,1.1732431846268,1.1732431846268
2.91,0.730171028149067,0.504707750826386,0.869684580225623,1.11125099728885,1.17234480041156,1.17234480041156
2.92,0.729869574723223,0.504665250517233,0.867608784415434,1.11109622681407,1.17144100787563,1.17144100787563
2.93,0.729550029407109,0.504615129834038,0.865529951156958,1.11092986243108,1.17053196495909,1.17053196495909
2.94,0.729212638695845,0.504557488000628,0.863448387706199,1.11075205455424,1.16961783318605,1.16961783318605
2.95,0.728857648128517,0.50449242329112,0.86136437997906,1.11056295247934,1.16869876498188,1.16869876498188
2.96,0.728485302247938,0.504420033033648,0.859278216410647,1.11036270438158,1.16777491386153,1.16777491386153
2.97,0.728095844561537,0.504340413614246,0.857190178702256,1.11015145731372,1.16684643047682,1.16684643047682
2.98,0.727689517503238,0.50425366048088,0.855100534439417,1.10992935720438,1.16591345944727,1.16591345944727
2.99,0.727266562396656,0.504159868147627,0.853009558187175,1.10969654885662,1.16497614839738,1.16497614839738
3,0.726827219419254,0.504059130198994,0.850917505325673,1.10945317594671,1.16403463673753,1.16403463673753
3.01,0.726371727567598,0.503951539294365,0.84882463309462,1.10919938102307,1.16308906468464,1.16308906468464
3.02,0.725900324623831,0.503837187172576,0.846731192453497,1.10893530550542,1.16213956977038,1.16213956977038
3.03,0.72541324712302,0.503716164656609,0.8446374215615,1.10866108968414,1.16118628402944,1.16118628402944
3.04,0.724910730321711,0.503588561658403,0.842543564432048,1.1083768727198,1.16022934202271,1.16022934202271
3.05,0.72439300816752,0.503454467183768,0.840449847817738,1.1080827926429,1.15926887088436,1.15926887088436
3.06,0.723860313269626,0.503313969337408,0.838356499822716,1.10777898635379,1.15830499833167,1.15830499833167
3.07,0.723312876870485,0.503167155328038,0.836263742721744,1.10746558962278,1.15733784957107,1.15733784957107
3.08,0.722750928818411,0.503014111473599,0.8341717871889,1.10714273709039,1.15636754479815,1.15636754479815
3.09,0.722174697541164,0.502854923206551,0.832080848832084,1.10681056226787,1.15539420633766,1.15539420633766
3.1,0.721584410020644,0.502689675079263,0.829991127724354,1.10646919753778,1.15441794979272,1.15441794979272
3.11,0.720980291768385,0.502518450769466,0.827902824903172,1.10611877415486,1.15343889117397,1.15343889117397
3.12,0.720362566802125,0.502341333085795,0.82581613601997,1.10575942224696,1.15245714415147,1.15245714415147
3.13,0.719731457623334,0.502158403973388,0.823731246222217,1.10539127081623,1.1514728178275,1.1514728178275
3.14,0.719087185195534,0.501969744519558,0.821648344837381,1.10501444774043,1.15048602310369,1.15048602310369
3.15,0.718429968923725,0.501775434959521,0.819567607212105,1.1046290797744,1.14949686479417,1.14949686479417
3.16,0.717760026634592,0.501575554682189,0.817489209366396,1.10423529255172,1.14850544798385,1.14850544798385
3.17,0.717077574557597,0.501370182236004,0.815413322366035,1.10383321058646,1.14751187558214,1.14751187558214
3.18,0.716382827307072,0.501159395334832,0.813340107777087,1.10342295727518,1.14651624633579,1.14651624633579
3.19,0.715675997865027,0.500943270863898,0.811269730727348,1.10300465489903,1.14551866051638,1.14551866051638
3.2,0.714957297564886,0.500721884885765,0.809202343766916,1.10257842462595,1.14451921288054,1.14451921288054
3.21,0.714226936076079,0.500495312646349,0.807138099904247,1.10214438651314,1.14351799835009,1.14351799835009
3.22,0.713485121389382,0.500263628580974,0.805077147610526,1.10170265950952,1.14251510983072,1.14251510983072
3.23,0.712732059803156,0.500026906320454,0.803019626777486,1.10125336145848,1.14151063643662,1.14151063643662
3.24,0.711967955910291,0.499785218697212,0.800965680350699,1.10079660910066,1.14050466857787,1.14050466857787
3.25,0.711193012586014,0.499538637751412,0.798915439967488,1.10033251807689,1.13949729166808,1.13949729166808
3.26,0.710407430976389,0.49928723473713,0.796869037568344,1.09986120293132,1.13848859120567,1.13848859120567
3.27,0.709611410487643,0.499031080128534,0.794826600955948,1.09938277711459,1.1374786508258,1.1374786508258
3.28,0.708805148776156,0.498770243626089,0.792788250196948,1.09889735298719,1.13646755071275,1.13646755071275
3.29,0.707988841739253,0.498504794162768,0.790754107993816,1.09840504182292,1.13545537215541,1.13545537215541
3.3,0.707162683506633,0.498234799910288,0.788724286890843,1.09790595381249,1.13444219191686,1.13444219191686
3.31,0.70632686643257,0.497960328285346,0.786698899626977,1.09740019806719,1.13342808678465,1.13342808678465
3.32,0.705481581088721,0.497681445955868,0.784678055183355,1.09688788262274,1.1324131318292,1.1324131318292
3.33,0.704627016257684,0.497398218847262,0.782661855577754,1.09636911444319,1.13139739898279,1.13139739898279
3.34,0.703763358927131,0.497110712148672,0.780650405118936,1.09584399942501,1.13038096112223,1.13038096112223
3.35,0.702890794284686,0.496818990319239,0.778643799000243,1.09531264240121,1.12936388702645,1.12936388702645
3.36,0.702009505713235,0.496523117094358,0.776642132537217,1.09477514714556,1.12834624545464,1.12834624545464
3.37,0.701119674787243,0.496223155491929,0.774645497646734,1.09423161637707,1.12732810358771,1.12732810358771
3.38,0.700221481269124,0.495919167818609,0.772653979989605,1.09368215176427,1.12630952575578,1.12630952575578
3.39,0.699315103106657,0.495611215676054,0.770667667232338,1.09312685392991,1.12529057709926,1.12529057709926
3.4,0.698400716430852,0.495299359967155,0.768686638871797,1.09256582245557,1.12427131905023,1.12427131905023
3.41,0.697478495554304,0.494983660902262,0.76671097448212,1.09199915588638,1.12325181298958,1.12325181298958
3.42,0.696548612970027,0.494664178005396,0.764740750576163,1.09142695173586,1.12223211885134,1.12223211885134
3.43,0.695611239351047,0.494340970120452,0.76277603805746,1.09084930649082,1.12121229398268,1.12121229398268
3.44,0.694666543550445,0.494014095417383,0.76081690959837,1.09026631561643,1.12019239642829,1.12019239642829
3.45,0.693714692601833,0.49368361139837,0.7588634305594,1.08967807356127,1.11917248087941,1.11917248087941
3.46,0.692755851720264,0.493349574903972,0.756915666354063,1.08908467376244,1.11815260195469,1.11815260195469
3.47,0.691790184303845,0.493012042119265,0.754973679649789,1.08848620865085,1.11713281294976,1.11713281294976
3.48,0.690817851935742,0.492671068579949,0.753037528095229,1.08788276965659,1.11611316481582,1.11611316481582
3.49,0.689839014386588,0.492326709178445,0.75110727091039,1.08727444721424,1.11509370910647,1.11509370910647
3.5,0.688853829617262,0.491979018169961,0.749182960781091,1.08666133076834,1.11407449434544,1.11407449434544
3.51,0.687862453782322,0.491628049178542,0.747264650437099,1.08604350877894,1.11305556897023,1.11305556897023
3.52,0.686865041233789,0.491273855203088,0.745352390155051,1.08542106872719,1.1120369802116,1.1120369802116
3.53,0.68586174452527,0.490916488623353,0.743446225731192,1.08479409712103,1.11101877317827,1.11101877317827
3.54,0.684852714416438,0.490556001205913,0.741546204367663,1.0841626795008,1.11000099350117,1.11000099350117
3.55,0.683838099878083,0.490192444110109,0.739652367437,1.08352690044511,1.10898368407615,1.10898368407615
3.56,0.682818048097483,0.489825867893959,0.737764756357513,1.08288684357667,1.10796688770535,1.10796688770535
3.57,0.681792704484072,0.489456322520045,0.73588341036533,1.08224259156814,1.10695064609285,1.10695064609285
3.58,0.680762212675419,0.489083857361364,0.734008364706175,1.08159422614804,1.1059349990246,1.1059349990246
3.59,0.679726714543727,0.488708521207156,0.732139655892256,1.08094182810681,1.10491998674086,1.10491998674086
3.6,0.678686350202609,0.48833036226869,0.73027731524396,1.08028547730278,1.10390564701547,1.10390564701547
3.61,0.677641258014125,0.48794942818503,0.728421374136768,1.07962525266833,1.10289201752565,1.10289201752565
3.62,0.676591574596085,0.487565766028758,0.726571862013436,1.0789612322159,1.10187913495183,1.10187913495183
3.63,0.675537434829823,0.48717942231167,0.724728804771438,1.07829349304421,1.10086703424306,1.10086703424306
3.64,0.674478971868209,0.486790442990433,0.72289222945649,1.07762211134453,1.09985575074503,1.09985575074503
3.65,0.673416317143886,0.486398873472212,0.721062158499213,1.07694716240682,1.09884531758179,1.09884531758179
3.66,0.672349600377734,0.486004758620259,0.719238614399476,1.07626872062603,1.0978357677812,1.0978357677812
3.67,0.671278949587755,0.485608142759465,0.717421617953113,1.07558685950844,1.09682713346843,1.09682713346843
3.68,0.670204491098163,0.485209069681883,0.715611186814249,1.07490165167798,1.09581944520807,1.09581944520807
3.69,0.66912634954866,0.484807582652203,0.713807339684253,1.07421316888263,1.09481273391227,1.09481273391227
3.7,0.668044647903904,0.484403724413205,0.712010091170264,1.07352148200076,1.09380702849427,1.09380702849427
3.71,0.666959507463359,0.483997537191156,0.710219455965652,1.07282666104759,1.09280235777418,1.09280235777418
3.72,0.665871047871302,0.483589062701189,0.708435447268518,1.07212877518164,1.09179874975643,1.09179874975643
3.73,0.664779387127,0.48317834215263,0.706658075500438,1.07142789271123,1.09079623104092,1.09079623104092
3.74,0.663684641595034,0.482765416254292,0.704887352043291,1.07072408110088,1.08979482853314,1.08979482853314
3.75,0.662586926015961,0.482350325219732,0.703123284654507,1.07001740697789,1.08879456734236,1.08879456734236
3.76,0.661486353517113,0.481933108772466,0.701365881196023,1.06930793613887,1.08779547248942,1.08779547248942
3.77,0.660383035623522,0.481513806151144,0.699615148224336,1.06859573355627,1.08679756825983,1.08679756825983
3.78,0.659277082268971,0.481092456114693,0.697871089849184,1.06788086338489,1.08580087767688,1.08580087767688
3.79,0.658168601807337,0.480669096947412,0.696133711065153,1.06716338896851,1.08480542403353,1.08480542403353
3.8,0.657057701024046,0.480243766464032,0.694403013665474,1.06644337284643,1.08381122901062,1.08381122901062
3.81,0.655944485147618,0.479816502014736,0.692678999566317,1.06572087676012,1.08281831420652,1.08281831420652
3.82,0.654829057861319,0.479387340490138,0.690961669550371,1.06499596165969,1.08182670055814,1.08182670055814
3.83,0.653711521315064,0.478956318326225,0.689251022250709,1.06426868771062,1.08083640786982,1.08083640786982
3.84,0.652591976137399,0.478523471509251,0.687547057119227,1.06353911430029,1.07984745618466,1.07984745618466
3.85,0.651470521447558,0.478088835580604,0.685849770786916,1.06280730004463,1.07885986410076,1.07885986410076
3.86,0.650347254867592,0.477652445641619,0.684159160025485,1.06207330279468,1.07787365014045,1.07787365014045
3.87,0.649222272534715,0.47721433635836,0.682475220628353,1.06133717964324,1.07688883223233,1.07688883223233
3.88,0.64809566911371,0.476774541966361,0.680797946506494,1.06059898693148,1.07590542729036,1.07590542729036
3.89,0.646967537809379,0.47633309627532,0.679127332331454,1.05985878025551,1.07492345244058,1.07492345244058
3.9,0.645837970379046,0.47589003267376,0.677463370295408,1.05911661447303,1.07394292351557,1.07394292351557
3.91,0.644707057145244,0.475445384133647,0.675806052747824,1.05837254370987,1.07296385627917,1.07296385627917
3.92,0.643574887008435,0.474999183214969,0.674155371199419,1.05762662136664,1.07198626596351,1.07198626596351
3.93,0.642441547459759,0.474551462070272,0.672511315518174,1.05687890012528,1.07101016689313,1.07101016689313
3.94,0.641307124593807,0.474102252449156,0.670873876280813,1.05612943195565,1.07003557358154,1.07003557358154
3.95,0.640171703121559,0.473651585702738,0.669243041890789,1.05537826812205,1.06906249938604,1.06906249938604
3.96,0.639035366383319,0.473199492788063,0.667618800923823,1.05462545918984,1.06809095760234,1.06809095760234
3.97,0.637898196361663,0.472746004272487,0.666001141241919,1.05387105503195,1.067120961051,1.067120961051
3.98,0.636760273694425,0.472291150338011,0.664390049278933,1.05311510483538,1.06615252174206,1.06615252174206
3.99,0.635621677687773,0.47183496078558,0.66278551213099,1.05235765710777,1.06518565185444,1.06518565185444
4,0.634482486329255,0.471377465039344,0.661187514994795,1.05159875968384,1.06422036253501,1.06422036253501
4.01,0.6333427763009,0.470918692150871,0.659596043252494,1.05083845973193,1.06325666487606,1.06325666487606
4.02,0.632202622992314,0.470458670803333,0.658011081684148,1.0500768037604,1.06229456954626,1.06229456954626
4.03,0.631062100513812,0.469997429315642,0.656432613833334,1.04931383762412,1.06133408649161,1.06133408649161
4.04,0.629921281709533,0.469534995646553,0.654860623863932,1.04854960653089,1.06037522580947,1.06037522580947
4.05,0.62878023817059,0.469071397398724,0.65329509428495,1.04778415504784,1.05941799667727,1.05941799667727
4.06,0.627639040248186,0.468606661822744,0.651736007802103,1.0470175271078,1.05846240822471,1.05846240822471
4.07,0.62649775706676,0.46814081582111,0.650183346618334,1.04624976601568,1.05750846920459,1.05750846920459
4.08,0.625356456537097,0.467673885952183,0.648637091870916,1.04548091445482,1.05655618772647,1.05655618772647
4.09,0.624215205369447,0.467205898434089,0.647097225279246,1.04471101449326,1.05560557203595,1.05560557203595
4.1,0.62307406908661,0.466736879148589,0.645563727125841,1.04394010759009,1.0546566295598,1.0546566295598
4.11,0.621933112037026,0.466266853644917,0.644036577899269,1.04316823460166,1.05370936768361,1.05370936768361
4.12,0.620792397407812,0.465795847143567,0.642515757673363,1.04239543578787,1.0527637934584,1.0527637934584
4.13,0.619651987237802,0.465323884540057,0.641001245608142,1.04162175081834,1.05181991336359,1.05181991336359
4.14,0.618511942430536,0.46485099040864,0.639493021410845,1.04084721877861,1.05087773400119,1.05087773400119
4.15,0.617372322767234,0.464377189005995,0.63799106354575,1.04007187817633,1.04993726124552,1.04993726124552
4.16,0.616233186919714,0.463902504274869,0.636495350690659,1.0392957669473,1.04899850093579,1.04899850093579
4.17,0.615094592463295,0.463426959847683,0.635005861186401,1.03851892246168,1.04806145861494,1.04806145861494
4.18,0.613956595889635,0.462950579050109,0.633522572594675,1.03774138152998,1.04712613931884,1.04712613931884
4.19,0.612819252619546,0.462473384904605,0.632045462992309,1.0369631804091,1.04619254819412,1.04619254819412
4.2,0.611682617015742,0.461995400133915,0.630574509385344,1.03618435480838,1.04526068974168,1.04526068974168
4.21,0.610546742395555,0.461516647164532,0.629109688999034,1.03540493989554,1.04433056843299,1.04433056843299
4.22,0.609411681043583,0.461037148130128,0.627650978790081,1.03462497030263,1.04340218847777,1.04340218847777
4.23,0.608277484224299,0.46055692487495,0.626198355055235,1.03384448013192,1.04247555363672,1.04247555363672
4.24,0.607144202194584,0.460075998957175,0.624751794576722,1.03306350296183,1.04155066777085,1.04155066777085
4.25,0.606011884216222,0.459594391652238,0.623311273218545,1.03228207185268,1.04062753416906,1.04062753416906
4.26,0.604880578568314,0.459112123956117,0.621876767067938,1.03150021935258,1.03970615609606,1.03970615609606
4.27,0.603750332559642,0.458629216588589,0.620448252003565,1.03071797750317,1.03878653658591,1.03878653658591
4.28,0.602621192540959,0.458145689996455,0.619025703349308,1.02993537784534,1.03786867827571,1.03786867827571
4.29,0.601493203917217,0.457661564356723,0.61760909688704,1.02915245142493,1.03695258389367,1.03695258389367
4.3,0.600366411159719,0.457176859579762,0.616198407615305,1.02836922879843,1.03603825566196,1.03603825566196
4.31,0.599240857818209,0.456691595312424,0.614793610758369,1.02758574003858,1.03512569578327,1.03512569578327
4.32,0.59811658653288,0.456205790941129,0.613394681384287,1.02680201473994,1.0342149062576,1.0342149062576
4.33,0.59699363904631,0.455719465594923,0.612001594098917,1.0260180820245,1.03330588873472,1.03330588873472
4.34,0.595872056215326,0.455232638148495,0.610614323940535,1.02523397054712,1.0323986449473,1.0323986449473
4.35,0.594751878022787,0.454745327225173,0.609232845283105,1.02444970850109,1.03149317618115,1.03149317618115
4.36,0.593633143589283,0.454257551199876,0.607857132727421,1.02366532362348,1.03058948370692,1.03058948370692
4.37,0.592515891184764,0.453769328202042,0.606487160763582,1.02288084320062,1.0296875686176,1.0296875686176
4.38,0.591400158240081,0.453280676118522,0.605122903500762,1.02209629407341,1.02878743169776,1.02878743169776
4.39,0.590285981358442,0.452791612596444,0.603764335456705,1.02131170264268,1.02788907380765,1.02788907380765
4.4,0.589173396326788,0.452302155046047,0.602411430589618,1.02052709487443,1.02699249541351,1.02699249541351
4.41,0.588062438127086,0.451812320643478,0.601064163084405,1.0197424963051,1.02609769697036,1.02609769697036
4.42,0.586953140947524,0.451322126333564,0.599722507054664,1.0189579320468,1.02520467877796,1.02520467877796
4.43,0.585845538193638,0.450831588832557,0.598386436304207,1.01817342679241,1.02431344086503,1.02431344086503
4.44,0.58473966249933,0.450340724630842,0.597055925023131,1.01738900482076,1.02342398332948,1.02342398332948
4.45,0.583635545737814,0.449849549995616,0.595730946934005,1.01660469000169,1.02253630592249,1.02253630592249
4.46,0.582533219032459,0.449358080973544,0.594411475984892,1.0158205058011,1.02165040838754,1.02165040838754
4.47,0.581432712767555,0.448866333393381,0.59309748608644,1.01503647528596,1.02076629033282,1.02076629033282
4.48,0.580334056598972,0.448374322868561,0.591788950901614,1.01425262112924,1.01988395112884,1.01988395112884
4.49,0.579237279464745,0.44788206479977,0.590485844458791,1.01346896561489,1.01900339020955,1.01900339020955
4.5,0.578142409595548,0.447389574377476,0.589188140399433,1.01268553064267,1.01812460670436,1.01812460670436
4.51,0.57704947452509,0.446896866584444,0.587895812588338,1.01190233773301,1.01724759973803,1.01724759973803
4.52,0.575958501100409,0.446403956198209,0.58660883488192,1.01111940803182,1.0163723683179,1.0163723683179
4.53,0.574869515492076,0.445910857793537,0.585327180942928,1.01033676231523,1.01549891124337,1.01549891124337
4.54,0.573782543204303,0.445417585744846,0.584050824779952,1.00955442099431,1.0146272273721,1.0146272273721
4.55,0.572697609084953,0.444924154228609,0.582779740085114,1.00877240411976,1.0137573152948,1.0137573152948
4.56,0.571614737335465,0.444430577225721,0.581513900770908,1.00799073138655,1.01288917360027,1.01288917360027
4.57,0.570533951520675,0.443936868523849,0.580253280766135,1.00720942213848,1.01202280077575,1.01202280077575
4.58,0.569455274578539,0.443443041719748,0.578997853852776,1.00642849537276,1.01115819512702,1.01115819512702
4.59,0.568378728829768,0.442949110221559,0.577747594140282,1.00564796974455,1.01029535501349,1.01029535501349
4.6,0.567304335987367,0.442455087251069,0.576502475483023,1.00486786357134,1.00943427856106,1.00943427856106
4.61,0.566232117166072,0.441960985845959,0.575262471952094,1.0040881948375,1.00857496389612,1.00857496389612
4.62,0.565162092891691,0.441466818862019,0.574027557655762,1.00330898119857,1.00771740905761,1.00771740905761
4.63,0.564094283110357,0.440972598975336,0.572797706595937,1.00253023998565,1.00686161192652,1.00686161192652
4.64,0.563028707197675,0.440478338684467,0.571572893084741,1.00175198820973,1.00600757043335,1.00600757043335
4.65,0.561965383967782,0.439984050312574,0.570353091232559,1.00097424256589,1.00515528230475,1.00515528230475
4.66,0.560904331682299,0.439489746009546,0.569138275362282,1.00019701943759,1.00430474526999,1.00430474526999
4.67,0.559845568059202,0.438995437754094,0.567928419851458,0.999420334900834,1.00345595698344,1.00345595698344
4.68,0.558789110281581,0.438501137355818,0.566723499006095,0.99864420472829,1.00260891496232,1.00260891496232
4.69,0.55773497500632,0.43800685645725,0.56552348742619,0.997868644393424,1.00176361676966,1.00176361676966
4.7,0.556683178372664,0.437512606535885,0.564328359556203,0.99709366907455,1.00092005979103,1.00092005979103
4.71,0.555633736010705,0.437018398906176,0.563138090048426,0.996319293658856,1.00007824141644,1.00007824141644
4.72,0.554586663049765,0.436524244721509,0.561952653624318,0.99554553274638,0.999238158972038,0.999238158972038
4.73,0.553541974126683,0.436030154976161,0.560772024963621,0.994772400653961,0.998399809665337,0.998399809665337
4.74,0.552499683394018,0.435536140507229,0.559596179024806,0.993999911419134,0.997563190746348,0.997563190746348
4.75,0.55145980452814,0.435042211996543,0.558425090650698,0.993228078803999,0.996728299310921,0.996728299310921
4.76,0.550422350737242,0.434548379972549,0.557258734886899,0.992456916299036,0.995895132460968,0.995895132460968
4.77,0.549387334769253,0.434054654812179,0.556097086860093,0.991686437126893,0.995063687244325,0.995063687244325
4.78,0.548354768919655,0.433561046742692,0.554940121680658,0.990916654246131,0.994233960606531,0.994233960606531
4.79,0.547324665039211,0.4330675658435,0.553787814723351,0.990147580354924,0.993405949532643,0.993405949532643
4.8,0.546297034541597,0.432574222047969,0.552640141281589,0.989379227894727,0.992579650874205,0.992579650874205
4.81,0.545271888410944,0.432081025145199,0.551497076846227,0.988611609053901,0.991755061490198,0.991755061490198
4.82,0.544249237209289,0.431587984781786,0.550358596998836,0.987844735771302,0.99093217819416,0.99093217819416
4.83,0.54322909108393,0.431095110463561,0.54922467732623,0.987078619739832,0.990110997711767,0.990110997711767
4.84,0.542211459774696,0.430602411557313,0.548095293666086,0.986313272409942,0.989291516805536,0.989291516805536
4.85,0.54119635262112,0.430109897292484,0.546970421804128,0.985548704993114,0.988473732122716,0.988473732122716
4.86,0.540183778569532,0.429617576762854,0.545850037717971,0.98478492846529,0.987657640319167,0.987657640319167
4.87,0.539173746180052,0.429125458928198,0.544734117483597,0.98402195357027,0.986843238012905,0.986843238012905
4.88,0.538166263633498,0.428633552615933,0.543622637200382,0.983259790823071,0.986030521746824,0.986030521746824
4.89,0.537161338738204,0.428141866522732,0.542515573205834,0.982498450513249,0.985219488098244,0.985219488098244
4.9,0.536158978936763,0.427650409216133,0.541412901810575,0.981737942708184,0.984410133545317,0.984410133545317
4.91,0.535159191312664,0.427159189136126,0.54031459951142,0.980978277256326,0.983602454575804,0.983602454575804
4.92,0.534161982596846,0.426668214596711,0.539220642909484,0.980219463790409,0.982796447646304,0.982796447646304
4.93,0.533167359174178,0.426177493787454,0.538131008644449,0.97946151173062,0.98199210914951,0.98199210914951
4.94,0.532175327089846,0.425687034775011,0.537045673582141,0.978704430287744,0.981189435510367,0.981189435510367
4.95,0.531185892055655,0.425196845504644,0.535964614582772,0.977948228466261,0.980388423068845,0.980388423068845
4.96,0.530199059456238,0.42470693380171,0.534887808686949,0.977192915067413,0.979589068175354,0.979589068175354
4.97,0.5292148343552,0.424217307373145,0.533815233044032,0.976438498692235,0.978791367155012,0.978791367155012
4.98,0.528233221501168,0.423727973808917,0.532746864854527,0.975684987744551,0.977995316278888,0.977995316278888
4.99,0.52725422533376,0.423238940583468,0.531682681533785,0.974932390433936,0.977200911848353,0.977200911848353
5,0.526277849989465,0.422750215057145,0.530622660509485,0.974180714778634,0.976408150092281,0.976408150092281
5.01,0.525304099307455,0.422261804477602,0.529566779383868,0.973429968608455,0.975617027250688,0.975617027250688
5.02,0.524332976835314,0.421773715981196,0.528515015871103,0.97268015956763,0.974827539543431,0.974827539543431
5.03,0.523364485834681,0.421285956594361,0.527467347746812,0.971931295117634,0.97403968314498,0.97403968314498
5.04,0.522398629286813,0.420798533234966,0.526423752990825,0.971183382539971,0.97325345425834,0.97325345425834
5.05,0.521435409898075,0.420311452713661,0.525384209610329,0.970436428938926,0.97246884902499,0.97246884902499
5.06,0.520474830105361,0.4198247217352,0.524348695781242,0.969690441244298,0.971685863598129,0.971685863598129
5.07,0.519516892081418,0.41933834689976,0.523317189793483,0.968945426214076,0.970904494115277,0.970904494115277
5.08,0.518561597740102,0.418852334704227,0.522289670006779,0.968201390437098,0.970124736676169,0.970124736676169
5.09,0.517608948741564,0.418366691543488,0.52126611497503,0.967458340335672,0.969346587407475,0.969346587407475
5.1,0.516658946497365,0.417881423711688,0.520246503291989,0.966716282168172,0.968570042383966,0.968570042383966
5.11,0.515711592175498,0.417396537403485,0.519230813714342,0.965975222031592,0.967795097692599,0.967795097692599
5.12,0.514766886705351,0.416912038715284,0.518219025113924,0.965235165864068,0.967021749408569,0.967021749408569
5.13,0.51382483078259,0.416427933646461,0.517211116439019,0.964496119447378,0.966249993575927,0.966249993575927
5.14,0.512885424873986,0.415944228100566,0.516207066822633,0.963758088409406,0.965479826264225,0.965479826264225
5.15,0.511948669222151,0.415460927886519,0.515206855447913,0.963021078226573,0.964711243499542,0.964711243499542
5.16,0.511014563850205,0.414978038719788,0.514210461655204,0.962285094226234,0.96394424132052,0.96394424132052
5.17,0.510083108566382,0.414495566223548,0.513217864900357,0.961550141589054,0.96317881575744,0.96317881575744
5.18,0.509154302968576,0.414013515929842,0.512229044720848,0.960816225351351,0.962414962815256,0.962414962815256
5.19,0.508228146448793,0.413531893280706,0.511243980829959,0.9600833504074,0.961652678523106,0.961652678523106
5.2,0.507304638197548,0.413050703629302,0.510262652999488,0.959351521511719,0.96089195887404,0.96089195887404
5.21,0.506383777208197,0.412569952241022,0.509285041152791,0.958620743281314,0.960132799873962,0.960132799873962
5.22,0.505465562281211,0.412089644294589,0.508311125328412,0.957891020197914,0.959375197523368,0.959375197523368
5.23,0.504549992028367,0.411609784883136,0.507340885650441,0.957162356610154,0.958619147802492,0.958619147802492
5.24,0.503637064876873,0.41113037901528,0.506374302410358,0.95643475673574,0.957864646714575,0.957864646714575
5.25,0.502726779073445,0.410651431616182,0.505411355964884,0.955708224663588,0.957111690233207,0.957111690233207
5.26,0.501819132688321,0.410172947528588,0.504452026816759,0.954982764355938,0.956360274345054,0.956360274345054
5.27,0.500914123619193,0.409694931513863,0.503496295583045,0.954258379650426,0.955610395033933,0.955610395033933
5.28,0.500011749595088,0.409217388253016,0.502544142969185,0.953535074262139,0.954862048267812,0.954862048267812
5.29,0.499112008180183,0.408740322347702,0.501595549840069,0.95281285178564,0.954115230036588,0.954115230036588
5.3,0.498214896777585,0.408263738321223,0.50065049713113,0.952091715696974,0.953369936306129,0.953369936306129
5.31,0.49732041263301,0.407787640619512,0.499708965918402,0.951371669355632,0.952626163055536,0.952626163055536
5.32,0.496428552838422,0.407312033612102,0.498770937390911,0.950652716006494,0.951883906263266,0.951883906263266
5.33,0.495539314335621,0.406836921593095,0.497836392827984,0.949934858781756,0.951143161895768,0.951143161895768
5.34,0.494652693919769,0.406362308782102,0.496905313660889,0.949218100702821,0.950403925940435,0.950403925940435
5.35,0.493768688242854,0.40588819932519,0.495977681395517,0.948502444682165,0.949666194365529,0.949666194365529
5.36,0.492887293817087,0.405414597295802,0.495053477673075,0.947787893525175,0.948929963152643,0.948929963152643
5.37,0.492008507018265,0.40494150669568,0.494132684246063,0.947074449931971,0.948195228284631,0.948195228284631
5.38,0.491132324089077,0.404468931455763,0.4932152829584,0.946362116499197,0.947461985735662,0.947461985735662
5.39,0.49025874114234,0.403996875437086,0.492301255798877,0.945650895721791,0.946730231499957,0.946730231499957
5.4,0.48938775416418,0.403525342431662,0.491390584833923,0.944940789994718,0.945999961556863,0.945999961556863
5.41,0.488519359017178,0.403054336163356,0.490483252260151,0.944231801614696,0.945271171899105,0.945271171899105
5.42,0.487653551443462,0.402583860288743,0.489579240383456,0.943523932781891,0.944543858522303,0.944543858522303
5.43,0.486790327067729,0.402113918397969,0.48867853160162,0.942817185601587,0.943818017416275,0.943818017416275
5.44,0.485929681400225,0.401644514015581,0.487781108450603,0.942111562085832,0.943093644590072,0.943093644590072
5.45,0.485071609839674,0.40117565060137,0.486886953546134,0.941407064155057,0.942370736041556,0.942370736041556
5.46,0.484216107676176,0.400707331551187,0.485996049629139,0.940703693639693,0.941649287781988,0.941649287781988
5.47,0.483363170094025,0.400239560197754,0.485108379547577,0.940001452281739,0.940929295826913,0.940929295826913
5.48,0.48251279217449,0.39977233981147,0.484223926241197,0.939300341736316,0.940210756188562,0.940210756188562
5.49,0.481664968898549,0.399305673601201,0.483342672781613,0.938600363573204,0.939493664897648,0.939493664897648
5.5,0.480819695149597,0.398839564715065,0.482464602321559,0.937901519278363,0.938778017976893,0.938778017976893
5.51,0.479976965716067,0.398374016241203,0.481589698134156,0.937203810255416,0.938063811462396,0.938063811462396
5.52,0.479136775294027,0.397909031208544,0.480717943597101,0.936507237827114,0.937351041395722,0.937351041395722
5.53,0.478299118489734,0.397444612587563,0.479849322179333,0.935811803236792,0.936639703817266,0.936639703817266
5.54,0.477463989822145,0.396980763291024,0.478983817475678,0.935117507649797,0.935929794785219,0.935929794785219
5.55,0.476631383725373,0.396517486174717,0.4781214131628,0.934424352154892,0.935221310352538,0.935221310352538
5.56,0.475801294551095,0.39605478403819,0.477262093033082,0.933732337765639,0.934514246585504,0.934514246585504
5.57,0.474973716570936,0.395592659625462,0.476405840980905,0.933041465421767,0.933808599556872,0.933808599556872
5.58,0.474148643978804,0.395131115625742,0.475552640990941,0.932351735990525,0.933104365340063,0.933104365340063
5.59,0.473326070893176,0.394670154674122,0.474702477168102,0.931663150268002,0.932401540025661,0.932401540025661
5.6,0.47250599135934,0.39420977935228,0.473855333699311,0.930975708980433,0.931700119701394,0.931700119701394
5.61,0.471688399351605,0.393749992189159,0.473011194882712,0.930289412785485,0.931000100468239,0.931000100468239
5.62,0.470873288775482,0.393290795661645,0.47217004511575,0.929604262273537,0.930301478434489,0.930301478434489
5.63,0.470060653469805,0.392832192195241,0.471331868884908,0.928920257968921,0.929604249710676,0.929604249710676
5.64,0.469250487208807,0.392374184164721,0.470496650791561,0.928237400331148,0.928908410423913,0.928908410423913
5.65,0.468442783704185,0.391916773894788,0.469664375518812,0.927555689756131,0.928213956700501,0.928213956700501
5.66,0.467637536607117,0.391459963660716,0.468835027856651,0.926875126577379,0.927520884679891,0.927520884679891
5.67,0.466834739510231,0.391003755688991,0.468008592691601,0.926195711067171,0.926829190509552,0.926829190509552
5.68,0.466034385949538,0.390548152157937,0.467185054997715,0.92551744343771,0.92613887034054,0.92613887034054
5.69,0.465236469406339,0.39009315519834,0.466364399858872,0.924840323842272,0.925449920339946,0.925449920339946
5.7,0.464440983309105,0.389638766894061,0.465546612440027,0.924164352376332,0.924762336675801,0.924762336675801
5.71,0.463647921035294,0.389184989282646,0.46473167800884,0.923489529078668,0.924076115529173,0.924076115529173
5.72,0.462857275913149,0.388731824355924,0.463919581926698,0.922815853932448,0.92339125308973,0.92339125308973
5.73,0.46206904122346,0.388279274060599,0.463110309640804,0.922143326866306,0.922707745551864,0.922707745551864
5.74,0.461283210201309,0.387827340298835,0.462303846703395,0.921471947755407,0.922025589125503,0.922025589125503
5.75,0.460499776037752,0.38737602492884,0.461500178746809,0.920801716422483,0.92134478002301,0.92134478002301
5.76,0.45971873188148,0.386925329765427,0.460699291502081,0.920132632638853,0.920665314469655,0.920665314469655
5.77,0.458940070840455,0.386475256580589,0.45990117079114,0.919464696125438,0.919987188699782,0.919987188699782
5.78,0.45816378598352,0.386025807104051,0.459105802519858,0.91879790655376,0.919310398953427,0.919310398953427
5.79,0.457389870341956,0.385576983023821,0.458313172694599,0.918132263546912,0.918634941485691,0.918634941485691
5.8,0.456618316911018,0.385128785986735,0.457523267400605,0.917467766680527,0.917960812555384,0.917960812555384
5.81,0.455849118651442,0.384681217598998,0.45673607281796,0.916804415483717,0.917288008434079,0.917288008434079
5.82,0.455082268490941,0.38423427942671,0.455951575214811,0.916142209440025,0.91661652540281,0.91661652540281
5.83,0.454317759325637,0.383787972996392,0.455169760941253,0.91548114798833,0.91594635974911,0.91594635974911
5.84,0.453555584021479,0.383342299795508,0.454390616443568,0.914821230523749,0.915277507775142,0.915277507775142
5.85,0.452795735415635,0.382897261272974,0.453614128245493,0.914162456398538,0.914609965787858,0.914609965787858
5.86,0.452038206317873,0.382452858839663,0.452840282961897,0.913504824922964,0.913943730106816,0.913943730106816
5.87,0.451282989511878,0.382009093868907,0.452069067292904,0.912848335366169,0.913278797061342,0.913278797061342
5.88,0.450530077756564,0.381565967696993,0.451300468018503,0.912192986957013,0.912615162987935,0.912615162987935
5.89,0.449779463787355,0.381123481623644,0.450534472010783,0.911538778884913,0.911952824237321,0.911952824237321
5.9,0.449031140317451,0.380681636912508,0.449771066217705,0.910885710300672,0.911291777165916,0.911291777165916
5.91,0.448285100039054,0.38024043479163,0.449010237674805,0.910233780317279,0.910632018142584,0.910632018142584
5.92,0.44754133562456,0.379799876453924,0.448251973500096,0.909582988010706,0.909973543546196,0.909973543546196
5.93,0.446799839727748,0.379359963057636,0.447496260889306,0.908933332420692,0.90931634976335,0.90931634976335
5.94,0.446060604984945,0.378920695726805,0.446743087126392,0.90828481255152,0.908660433194489,0.908660433194489
5.95,0.445323624016143,0.378482075551716,0.445992439569472,0.907637427372769,0.908005790246509,0.908005790246509
5.96,0.444588889426107,0.378044103589346,0.445244305660827,0.906991175820059,0.907352417338584,0.907352417338584
5.97,0.443856393805458,0.377606780863809,0.444498672922478,0.906346056795784,0.906700310900072,0.906700310900072
5.98,0.443126129731746,0.377170108366793,0.44375552895198,0.905702069169845,0.906049467368517,0.906049467368517
5.99,0.442398089770478,0.376734087057991,0.443014861431428,0.90505921178035,0.905399883194944,0.905399883194944
6,0.441672266476129,0.376298717865525,0.442276658115288,0.904417483434312,0.904751554837466,0.904751554837466
6.01,0.440948652393138,0.375864001686374,0.441540906838912,0.903776882908338,0.904104478766302,0.904104478766302
6.02,0.440227240056894,0.375429939386785,0.440807595514706,0.903137408949313,0.903458651461975,0.903458651461975
6.03,0.439508021994672,0.374996531802685,0.440076712128404,0.902499060275055,0.902814069413569,0.902814069413569
6.04,0.438790990726564,0.37456377974009,0.439348244746792,0.90186183557497,0.902170729123309,0.902170729123309
6.05,0.43807613876639,0.374131683975504,0.438622181507153,0.901225733510697,0.901528627101024,0.901528627101024
6.06,0.437363458622597,0.373700245256314,0.437898510624521,0.900590752716744,0.900887759868473,0.900887759868473
6.07,0.43665294279912,0.373269464301189,0.437177220388361,0.899956891801106,0.900248123957806,0.900248123957806
6.08,0.435944583796227,0.372839341800456,0.436458299159254,0.899324149345876,0.899609715910021,0.899609715910021
6.09,0.435238374111357,0.372409878416491,0.435741735375514,0.898692523907842,0.898972532278937,0.898972532278937
6.1,0.434534306239936,0.371981074784096,0.435027517544037,0.898062014019094,0.898336569626403,0.898336569626403
6.11,0.433832372676169,0.371552931510865,0.434315634246474,0.897432618187591,0.897701824526017,0.897701824526017
6.12,0.433132565913806,0.371125449177561,0.433606074136334,0.896804334897734,0.897068293561809,0.897068293561809
6.13,0.432434878446904,0.370698628338475,0.432898825936048,0.896177162610931,0.896435973326887,0.896435973326887
6.14,0.431739302770579,0.370272469521787,0.432193878442625,0.895551099766153,0.895804860426874,0.895804860426874
6.15,0.431045831381719,0.369846973229922,0.431491220519718,0.894926144780474,0.895174951475766,0.895174951475766
6.16,0.430354456779686,0.369422139939899,0.430790841102855,0.894302296049599,0.894546243099122,0.894546243099122
6.17,0.429665171467007,0.36899797010368,0.430092729196926,0.893679551948397,0.893918731932946,0.893918731932946
6.18,0.42897796795006,0.368574464148511,0.429396873873571,0.893057910831415,0.893292414622492,0.893292414622492
6.19,0.428292838739721,0.368151622477261,0.428703264276001,0.892437371033386,0.892667287825236,0.892667287825236
6.2,0.427609776351997,0.367729445468755,0.428011889612127,0.891817930869722,0.892043348207295,0.892043348207295
6.21,0.426928773308662,0.367307933478106,0.427322739158975,0.891199588637006,0.89142059244617,0.89142059244617
6.22,0.426249822137874,0.366887086837039,0.426635802260514,0.890582342613479,0.890799017229786,0.890799017229786
6.23,0.425572915374757,0.366466905854215,0.425951068325312,0.88996619105951,0.890178619255443,0.890178619255443
6.24,0.424898045561988,0.366047390815549,0.425268526830653,0.889351132218055,0.889559395232382,0.889559395232382
6.25,0.424225205250356,0.365628541984523,0.424588167316577,0.888737164315119,0.888941341878698,0.888941341878698
6.26,0.423554386999331,0.365210359602497,0.4239099793896,0.888124285560207,0.888324455923677,0.888324455923677
6.27,0.422885583377593,0.364792843889018,0.423233952720826,0.887512494146765,0.887708734106995,0.887708734106995
6.28,0.422218786963547,0.364375995042119,0.422560077043856,0.886901788252604,0.887094173177783,0.887094173177783
6.29,0.421553990345845,0.363959813238622,0.421888342158282,0.886292166040334,0.886480769896846,0.886480769896846
6.3,0.420891186123889,0.363544298634432,0.421218737924524,0.885683625657786,0.885868521033994,0.885868521033994
6.31,0.420230366908309,0.363129451364828,0.42055125426695,0.885076165238414,0.885257423370049,0.885257423370049
6.32,0.419571525321431,0.362715271544755,0.419885881172241,0.884469782901703,0.884647473696159,0.884647473696159
6.33,0.418914653997742,0.362301759269105,0.419222608687505,0.883864476753561,0.884038668812971,0.884038668812971
6.34,0.418259745584345,0.361888914613001,0.418561426923257,0.883260244886719,0.883431005532554,0.883431005532554
6.35,0.417606792741388,0.361476737632076,0.417902326048926,0.882657085381103,0.882824480676086,0.882824480676086
6.36,0.416955788142484,0.361065228362743,0.417245296295477,0.882054996304214,0.882219091075578,0.882219091075578
6.37,0.416306724475126,0.360654386822472,0.416590327953978,0.881453975711493,0.881614833573285,0.881614833573285
6.38,0.415659594441097,0.360244213010056,0.415937411373911,0.880854021646694,0.881011705020976,0.881011705020976
6.39,0.415014390756856,0.359834706905874,0.415286536965698,0.880255132142228,0.880409702281598,0.880409702281598
6.4,0.414371106153907,0.359425868472155,0.414637695196793,0.879657305219517,0.879808822227277,0.879808822227277
6.41,0.413729733379175,0.359017697653235,0.413990876593873,0.879060538889336,0.879209061740783,0.879209061740783
6.42,0.413090265195372,0.358610194375813,0.41334607174159,0.878464831152155,0.878610417715044,0.878610417715044
6.43,0.412452694381296,0.358203358549202,0.412703271281043,0.877870179998443,0.878012887052488,0.878012887052488
6.44,0.411817013732321,0.35779719006558,0.412062465911916,0.877276583409076,0.877416466666483,0.877416466666483
6.45,0.411183216060519,0.357391688800234,0.411423646389089,0.876684039355544,0.876821153479615,0.876821153479615
6.46,0.410551294195093,0.356986854611803,0.410786803524444,0.876092545800326,0.876226944424929,0.876226944424929
6.47,0.409921240982662,0.356582687342521,0.410151928185782,0.875502100697185,0.875633836445522,0.875633836445522
6.48,0.409293049287559,0.35617918681845,0.409519011295441,0.874912701991467,0.875041826493963,0.875041826493963
6.49,0.408666711992127,0.355776352849716,0.408888043832102,0.874324347620403,0.874450911533528,0.874450911533528
6.5,0.40804222199702,0.355374185230742,0.408259016827837,0.87373703551341,0.873861088536719,0.873861088536719
6.51,0.407419572221455,0.354972683740474,0.407631921369599,0.873150763592364,0.873272354486316,0.873272354486316
6.52,0.406798755603471,0.354571848142606,0.407006748598278,0.872565529771877,0.872684706375037,0.872684706375037
6.53,0.406179765100182,0.354171678185808,0.406383489707443,0.871981331959573,0.87209814120502,0.87209814120502
6.54,0.40556259368803,0.353772173603939,0.405762135944871,0.871398168056354,0.87151265598889,0.87151265598889
6.55,0.404947234363016,0.353373334116271,0.405142678609965,0.870816035956669,0.870928247748479,0.870928247748479
6.56,0.404333680140935,0.3529751594277,0.404525109054979,0.870234933548772,0.870344913515716,0.870344913515716
6.57,0.403721924057608,0.352577649228958,0.403909418684195,0.869654858714977,0.86976265033235,0.86976265033235
6.58,0.403111959169108,0.352180803196828,0.403295598952774,0.869075809331922,0.869181455249479,0.869181455249479
6.59,0.402503778551954,0.351784620994342,0.402683641368042,0.868497783270801,0.868601325328475,0.868601325328475
6.6,0.401897375303306,0.351389102270994,0.402073537487237,0.867920778397603,0.868022257639878,0.868022257639878
6.61,0.401292742541159,0.350994246662937,0.401465278918506,0.867344792573344,0.867444249264149,0.867444249264149
6.62,0.400689873404527,0.350600053793185,0.400858857320179,0.866769823654303,0.866867297291439,0.866867297291439
6.63,0.400088761053623,0.350206523271808,0.400254264399726,0.866195869492248,0.866291398821167,0.866291398821167
6.64,0.399489398670036,0.349813654696129,0.39965149191483,0.865622927934655,0.865716550962819,0.865716550962819
6.65,0.398891779456897,0.349421447650915,0.399050531671423,0.865050996824934,0.865142750834992,0.865142750834992
6.66,0.398295896639057,0.349029901708565,0.398451375524479,0.864480074002647,0.864569995566029,0.864569995566029
6.67,0.397701743463227,0.348639016429302,0.397854015377388,0.863910157303715,0.863998282293831,0.863998282293831
6.68,0.397109313198113,0.348248791361356,0.397258443180991,0.863341244560613,0.863427608165472,0.863427608165472
6.69,0.396518599134562,0.347859226041145,0.396664650934482,0.862773333602579,0.862857970337892,0.862857970337892
6.7,0.395929594585695,0.347470319993459,0.396072630683686,0.862206422255804,0.862289365977074,0.862289365977074
6.71,0.395342292887038,0.347082072731636,0.395482374521688,0.861640508343633,0.861721792258571,0.861721792258571
6.72,0.394756687396645,0.346694483757741,0.394893874588279,0.861075589686751,0.861155246367355,0.861155246367355
6.73,0.394172771495218,0.346307552562738,0.39430712306908,0.860511664103373,0.860589725497474,0.860589725497474
6.74,0.393590538586241,0.345921278626662,0.393722112196277,0.859948729409435,0.860025226852642,0.860025226852642
6.75,0.393009982096065,0.345535661418791,0.393138834247127,0.859386783418767,0.859461747645535,0.859461747645535
6.76,0.392431095474009,0.345150700397811,0.392557281544435,0.85882582394326,0.858899285098227,0.858899285098227
6.77,0.391853872192456,0.344766395011984,0.391977446456073,0.858265848793041,0.858337836442072,0.858337836442072
6.78,0.391278305746942,0.344382744699312,0.391399321394167,0.857706855776642,0.857777398917387,0.857777398917387
6.79,0.390704389656246,0.343999748887694,0.390822898815714,0.857148842701161,0.857217969773971,0.857217969773971
6.8,0.390132117462472,0.343617406995093,0.390248171221257,0.85659180737243,0.856659546270483,0.856659546270483
6.81,0.38956148273113,0.343235718429689,0.389675131155256,0.856035747595169,0.85610212567482,0.85610212567482
6.82,0.388992479051225,0.342854682590033,0.389103771205657,0.855480661173155,0.855545705264009,0.855545705264009
6.83,0.388425100035307,0.342474298865208,0.388534084003145,0.854926545909363,0.85499028232393,0.85499028232393
6.84,0.387859339319535,0.342094566634973,0.387966062221649,0.854373399606113,0.854435854149755,0.854435854149755
6.85,0.387295190563732,0.341715485269918,0.387399698577175,0.853821220065214,0.85388241804542,0.85388241804542
6.86,0.386732647451444,0.341337054131611,0.38683498582808,0.853270005088105,0.853329971323925,0.853329971323925
6.87,0.386171703689988,0.340959272572744,0.386271916774688,0.852719752476001,0.852778511307263,0.852778511307263
6.88,0.385612353010504,0.340582139937277,0.385710484258601,0.852170460030023,0.852228035326155,0.852228035326155
6.89,0.385054589167999,0.340205655560582,0.385150681163107,0.85162212555134,0.851678540720435,0.851678540720435
6.9,0.384498405941404,0.339829818769585,0.384592500412157,0.851074746841303,0.851130024838592,0.851130024838592
6.91,0.383943797133591,0.339454628882901,0.384035934970544,0.850528321701571,0.850582485038015,0.850582485038015
6.92,0.383390756571407,0.339080085210976,0.383480977843574,0.849982847934229,0.85003591868494,0.85003591868494
6.93,0.382839278105697,0.338706187056222,0.382927622076421,0.849438323341912,0.84949032315421,0.84949032315421
6.94,0.382289355611333,0.338332933713149,0.382375860754454,0.848894745727927,0.8489456958296,0.8489456958296
6.95,0.381740982987233,0.337960324468499,0.381825687002338,0.848352112896368,0.84840203410343,0.84840203410343
6.96,0.381194154156383,0.337588358601377,0.381277093984137,0.847810422652234,0.847859335376756,0.847859335376756
6.97,0.380648863065854,0.337217035383379,0.380730074903031,0.847269672801543,0.847317597059337,0.847317597059337
6.98,0.380105103686829,0.336846354078722,0.3801846230007,0.846729861151449,0.846776816569409,0.846776816569409
6.99,0.379562870014599,0.336476313944367,0.379640731557606,0.846190985510343,0.846236991333972,0.846236991333972
7,0.379022156068561,0.336106914230146,0.379098393892177,0.845653043687958,0.84569811878845,0.84569811878845
7.01,0.378482955892227,0.335738154178884,0.378557603360862,0.845116033495467,0.845160196376844,0.845160196376844
7.02,0.377945263553219,0.335370033026518,0.378018353357876,0.844579952745587,0.844623221551713,0.844623221551713
7.03,0.37740907314327,0.335002550002221,0.377480637314634,0.844044799252677,0.844087191773963,0.844087191773963
7.04,0.376874378778217,0.33463570432852,0.376944448699959,0.843510570832836,0.843552104513099,0.843552104513099
7.05,0.376341174597999,0.334269495221407,0.376409781019366,0.842977265303997,0.843017957246922,0.843017957246922
7.06,0.375809454766656,0.333903921890462,0.375876627815074,0.842444880486028,0.842484747461659,0.842484747461659
7.07,0.375279213472309,0.333538983538963,0.375344982665768,0.841913414200814,0.841952472651949,0.841952472651949
7.08,0.374750444927134,0.333174679363999,0.374814839186072,0.841382864272344,0.841421130320645,0.841421130320645
7.09,0.374223143367349,0.332811008556582,0.374286191026715,0.840853228526793,0.840890717979035,0.840890717979035
7.1,0.37369730305319,0.332447970301755,0.373759031873888,0.84032450479261,0.840361233146581,0.840361233146581
7.11,0.373172918268891,0.332085563778703,0.373233355449214,0.839796690900597,0.839832673351017,0.839832673351017
7.12,0.372649983322658,0.331723788160857,0.372709155509538,0.839269784683992,0.839305036128341,0.839305036128341
7.13,0.372128492546649,0.331362642616004,0.372186425846434,0.838743783978548,0.838778319022636,0.838778319022636
7.14,0.371608440296955,0.331002126306385,0.371665160286327,0.838218686622614,0.838252519586259,0.838252519586259
7.15,0.371089820953557,0.330642238388805,0.371145352689918,0.837694490457209,0.837727635379616,0.837727635379616
7.16,0.370572628920289,0.33028297801473,0.370626996952122,0.837171193326084,0.83720366397123,0.83720366397123
7.17,0.370056858624803,0.329924344330389,0.370110087001885,0.836648793075799,0.836680602937748,0.836680602937748
7.18,0.369542504518532,0.329566336476873,0.369594616801708,0.836127287555791,0.836158449863769,0.836158449863769
7.19,0.369029561076654,0.329208953590234,0.369080580347747,0.83560667461844,0.83563720234201,0.83563720234201
7.2,0.368518022798047,0.32885219480158,0.368567971669292,0.835086952119135,0.835116857973105,0.835116857973105
7.21,0.368007884205257,0.328496059237172,0.368056784828677,0.834568117916344,0.834597414365662,0.834597414365662
7.22,0.36749913984446,0.328140546018518,0.367547013921119,0.834050169871679,0.834078869136268,0.834078869136268
7.23,0.366991784285408,0.327785654262464,0.367038653074265,0.833533105849955,0.833561219909329,0.833561219909329
7.24,0.366485812121377,0.327431383081291,0.366531696448268,0.833016923719241,0.833044464317217,0.833044464317217
7.25,0.36598121796912,0.327077731582799,0.366026138235316,0.832501621350925,0.832528600000093,0.832528600000093
7.26,0.365477996468815,0.326724698870404,0.365521972659519,0.831987196619767,0.832013624605945,0.832013624605945
7.27,0.364976142284014,0.326372284043219,0.36501919397676,0.831473647403953,0.831499535790597,0.831499535790597
7.28,0.364475650101591,0.326020486196148,0.364517796474281,0.830960971585151,0.830986331217565,0.830986331217565
7.29,0.363976514631691,0.325669304419967,0.364017774470718,0.830449167048567,0.830474008558176,0.830474008558176
7.3,0.363478730607687,0.325318737801414,0.363519122315688,0.829938231682998,0.829962565491422,0.829962565491422
7.31,0.362982292786108,0.324968785423269,0.363021834389649,0.829428163380879,0.829451999703972,0.829451999703972
7.32,0.362487195946582,0.32461944636444,0.362525905103776,0.828918960038327,0.8289423088902,0.8289423088902
7.33,0.361993434891772,0.324270719700042,0.362031328899557,0.82841061955519,0.828433490752033,0.828433490752033
7.34,0.36150100444732,0.32392260450148,0.361538100248821,0.82790313983509,0.827925542999068,0.827925542999068
7.35,0.361009899461781,0.323575099836531,0.361046213653352,0.827396518785468,0.827418463348433,0.827418463348433
7.36,0.360520114806565,0.323228204769416,0.360555663644746,0.826890754317631,0.826912249524798,0.826912249524798
7.37,0.360031645375872,0.322881918360887,0.360066444784294,0.826385844346791,0.826406899260395,0.826406899260395
7.38,0.359544486086643,0.322536239668296,0.359578551662598,0.825881786792116,0.825902410294881,0.825902410294881
7.39,0.359058631878477,0.322191167745675,0.359091978899587,0.825378579576761,0.825398780375439,0.825398780375439
7.4,0.358574077713567,0.32184670164381,0.358606721144162,0.824876220627906,0.824896007256655,0.824896007256655
7.41,0.35809081857663,0.321502840410315,0.358122773074043,0.824374707876791,0.824394088700519,0.824394088700519
7.42,0.357608849474835,0.321159583089706,0.357640129395663,0.823874039258757,0.823893022476443,0.823893022476443
7.43,0.357128165437738,0.32081692872347,0.357158784843809,0.823374212713277,0.823392806361143,0.823392806361143
7.44,0.356648761517212,0.32047487635014,0.35667873418161,0.82287522618399,0.822893438138712,0.822893438138712
7.45,0.356170632787376,0.320133425005363,0.356199972200228,0.82237707761874,0.822394915600523,0.822394915600523
7.46,0.355693774344535,0.31979257372197,0.355722493718689,0.821879764969612,0.821897236545214,0.821897236545214
7.47,0.355218181307099,0.319452321530044,0.35524629358379,0.821383286192958,0.821400398778716,0.821400398778716
7.48,0.354743848815501,0.319112667456987,0.354771366669751,0.820887639249422,0.820904400114129,0.820904400114129
7.49,0.35427077203213,0.318773610527591,0.354297707878203,0.820392822103973,0.820409238371798,0.820409238371798
7.5,0.353798946141251,0.318435149764097,0.353825312137895,0.819898832725933,0.819914911379218,0.819914911379218
7.51,0.353328366348931,0.318097284186264,0.353354174404528,0.819405669089002,0.819421416971018,0.819421416971018
7.52,0.352859027882965,0.317760012811434,0.352884289660662,0.818913329171286,0.818928752988986,0.818928752988986
7.53,0.352390925992801,0.317423334654592,0.352415652915394,0.818421810955325,0.818436917281953,0.818436917281953
7.54,0.351924055949472,0.317087248728433,0.351948259204331,0.817931112428122,0.81794590770586,0.81794590770586
7.55,0.351458413045511,0.316751754043419,0.351482103589316,0.817441231581164,0.817455722123673,0.817455722123673
7.56,0.350993992594869,0.316416849607842,0.35101718115827,0.81695216641044,0.816966358405358,0.816966358405358
7.57,0.350530789932834,0.316082534427885,0.350553487025098,0.816463914916464,0.816477814427914,0.816477814427914
7.58,0.350068800415955,0.31574880750768,0.350091016329385,0.815976475104298,0.815990088075257,0.815990088075257
7.59,0.349608019421961,0.315415667849368,0.349629764236358,0.815489844983571,0.815503177238277,0.815503177238277
7.6,0.34914844234968,0.315083114453152,0.349169725936644,0.815004022568498,0.815017079814771,0.815017079814771
7.61,0.348690064618966,0.314751146317363,0.348710896646092,0.814519005877904,0.814531793709401,0.814531793709401
7.62,0.348232881670623,0.314419762438507,0.348253271605703,0.814034792935247,0.814047316833739,0.814047316833739
7.63,0.347776888966318,0.314088961811325,0.347796846081328,0.813551381768628,0.813563647106146,0.813563647106146
7.64,0.347322081988492,0.31375874342885,0.347341615363635,0.813068770410807,0.813080782451833,0.813080782451833
7.65,0.346868456240284,0.313429106282456,0.346887574767871,0.812586956899223,0.812598720802788,0.812598720802788
7.66,0.346416007245444,0.313100049361914,0.346434719633699,0.812105939276003,0.812117460097746,0.812117460097746
7.67,0.345964730548256,0.312771571655445,0.345983045325123,0.81162571558798,0.811636998282218,0.811636998282218
7.68,0.345514621713449,0.312443672149772,0.345532547230203,0.811146283886711,0.811157333308388,0.811157333308388
7.69,0.345065676326122,0.312116349830169,0.345083220761014,0.810667642228485,0.810678463135159,0.810678463135159
7.7,0.34461788999167,0.311789603680515,0.344635061353436,0.810189788674348,0.810200385728093,0.810200385728093
7.71,0.344171258335688,0.311463432683342,0.344188064466972,0.809712721290106,0.809723099059372,0.809723099059372
7.72,0.343725777003887,0.311137835819883,0.343742225584698,0.809236438146337,0.809246601107834,0.809246601107834
7.73,0.343281441662011,0.310812812070126,0.343297540212975,0.8087609373184,0.808770889858866,0.808770889858866
7.74,0.342838247995752,0.310488360412854,0.342854003881417,0.808286216886448,0.808295963304451,0.808295963304451
7.75,0.342396191710665,0.310164479825699,0.342411612142682,0.807812274935436,0.807821819443113,0.807821819443113
7.76,0.341955268532088,0.309841169285186,0.341970360572306,0.807339109555132,0.807348456279872,0.807348456279872
7.77,0.341515474205056,0.309518427766779,0.341530244768642,0.806866718840128,0.806875871826281,0.806875871826281
7.78,0.341076804494227,0.309196254244927,0.341091260352599,0.806395100889851,0.806404064100328,0.806404064100328
7.79,0.340639255183791,0.308874647693108,0.340653402967597,0.805924253808569,0.805933031126473,0.805933031126473
7.8,0.340202822077378,0.308553607083875,0.340216668279375,0.805454175705393,0.805462770935597,0.805462770935597
7.81,0.339767500997979,0.3082331313889,0.339781051975825,0.804984864694286,0.804993281564961,0.804993281564961
7.82,0.339333287787856,0.307913219579012,0.339346549766937,0.804516318894072,0.804524561058237,0.804524561058237
7.83,0.338900178308461,0.307593870624246,0.338913157384548,0.804048536428434,0.804056607465416,0.804056607465416
7.84,0.338468168440351,0.307275083493883,0.338480870582294,0.80358151542593,0.803589418842843,0.803589418842843
7.85,0.338037254083103,0.306956857156488,0.338049685135434,0.803115254019989,0.803122993253164,0.803122993253164
7.86,0.337607431155243,0.306639190579955,0.337619596840679,0.802649750348929,0.802657328765292,0.802657328765292
7.87,0.337178695594146,0.306322082731546,0.337190601516149,0.802185002555951,0.802192423454432,0.802192423454432
7.88,0.336751043355955,0.306005532577929,0.336762695001126,0.801721008789144,0.801728275401993,0.801728275401993
7.89,0.336324470415491,0.305689539085219,0.336335873156007,0.801257767201485,0.80126488269562,0.80126488269562
7.9,0.335898972766173,0.305374101219016,0.335910131862138,0.800795275950845,0.800802243429147,0.800802243429147
7.91,0.335474546419931,0.305059217944445,0.335485467021649,0.800333533199988,0.800340355702556,0.800340355702556
7.92,0.335051187407119,0.30474488822619,0.33506187455741,0.799872537116577,0.799879217622011,0.799879217622011
7.93,0.33462889177644,0.304431111028534,0.334639350412794,0.799412285873174,0.799418827299762,0.799418827299762
7.94,0.334207655594862,0.304117885315393,0.334217890551633,0.798952777647249,0.798959182854184,0.798959182854184
7.95,0.33378747494753,0.303805210050355,0.333797490958057,0.798494010621172,0.798500282409726,0.798500282409726
7.96,0.333368345937679,0.303493084196714,0.333378147636337,0.798035982982217,0.798042124096874,0.798042124096874
7.97,0.332950264686547,0.303181506717504,0.332959856610839,0.797578692922555,0.79758470605218,0.79758470605218
7.98,0.332533227333294,0.302870476575538,0.332542613925799,0.797122138639262,0.797128026418176,0.797128026418176
7.99,0.332117230034916,0.302559992733435,0.332126415645278,0.796666318334314,0.7966720833434,0.7966720833434
8,0.331702268966165,0.302250054153659,0.331711257853012,0.796211230214586,0.796216874982358,0.796216874982358
8.01,0.33128834031946,0.301940659798553,0.331297136652252,0.795756872491852,0.79576239949548,0.79576239949548
8.02,0.330875440304822,0.301631808630366,0.330884048165727,0.795303243382792,0.795308655049153,0.795308655049153
8.03,0.330463565149772,0.30132349961129,0.330471988535426,0.79485034110898,0.794855639815631,0.794855639815631
8.04,0.330052711099252,0.301015731703492,0.330060953922554,0.794398163896887,0.794403351973068,0.794403351973068
8.05,0.329642874415541,0.300708503869143,0.329650940507384,0.79394670997787,0.793951789705475,0.793951789705475
8.06,0.329234051378169,0.300401815070448,0.32924194448911,0.793495977588177,0.79350095120268,0.79350095120268
8.07,0.328826238283839,0.300095664269681,0.328833962085803,0.793045964968941,0.793050834660354,0.793050834660354
8.08,0.32841943144634,0.29979005042921,0.328426989534211,0.792596670366177,0.792601438279935,0.792601438279935
8.09,0.328013627196469,0.299484972511532,0.328021023089703,0.792148092030778,0.792152760268646,0.792152760268646
8.1,0.327608821881959,0.299180429479296,0.327616059026143,0.791700228218518,0.791704798839465,0.791704798839465
8.11,0.327205011867382,0.298876420295336,0.327212093635732,0.791253077190047,0.791257552211079,0.791257552211079
8.12,0.326802193534073,0.2985729439227,0.326809123228977,0.790806637210876,0.790811018607908,0.790811018607908
8.13,0.326400363280043,0.298269999324675,0.326407144134494,0.790360906551379,0.790365196260038,0.790365196260038
8.14,0.3259995175199,0.297967585464815,0.326006152698955,0.789915883486789,0.789920083403233,0.789920083403233
8.15,0.325599652684767,0.297665701306971,0.325606145286964,0.78947156629719,0.789475678278904,0.789475678278904
8.16,0.325200765222204,0.297364345815316,0.325207118280908,0.789027953267512,0.789031979134068,0.789031979134068
8.17,0.324802851596122,0.297063517954369,0.324809068080927,0.788585042687528,0.788588984221372,0.788588984221372
8.18,0.32440590828672,0.296763216689025,0.324411991104722,0.788142832851854,0.788146691799025,0.788146691799025
8.19,0.324009931790389,0.29646344098458,0.3240158837875,0.787701322059935,0.787705100130804,0.787705100130804
8.2,0.323614918619632,0.296164189806754,0.323620742581867,0.78726050861604,0.787264207486039,0.787264207486039
8.21,0.323220865302987,0.295865462121717,0.323226563957673,0.786820390829257,0.786824012139557,0.786824012139557
8.22,0.322827768384946,0.295567256896115,0.322833344401987,0.786380967013484,0.786384512371716,0.786384512371716
8.23,0.322435624425875,0.295269573097092,0.32244108041891,0.785942235487422,0.78594570646833,0.78594570646833
8.24,0.322044430001933,0.294972409692315,0.322049768529527,0.785504194574573,0.785507592720683,0.785507592720683
8.25,0.321654181705002,0.294675765649998,0.321659405271797,0.785066842603227,0.785070169425507,0.785070169425507
8.26,0.321264876142607,0.294379639938924,0.321269987200409,0.784630177906465,0.784633434884936,0.784633434884936
8.27,0.320876509937838,0.294084031528467,0.320881510886754,0.784194198822144,0.784197387406526,0.784197387406526
8.28,0.320489079729265,0.293788939388618,0.320493972918749,0.783758903692891,0.783762025303195,0.783762025303195
8.29,0.320102582170863,0.293494362490004,0.320107369900786,0.783324290866092,0.783327346893232,0.783327346893232
8.3,0.319717013931932,0.29320029980391,0.319721698453629,0.782890358693886,0.78289335050027,0.78289335050027
8.31,0.319332371697025,0.292906750302302,0.319336955214273,0.782457105533157,0.782460034453246,0.782460034453246
8.32,0.318948652165864,0.292613712957847,0.31895313683592,0.782024529745526,0.782027397086423,0.782027397086423
8.33,0.318565852053274,0.292321186743934,0.318570239987806,0.781592629697343,0.781595436739327,0.781595436739327
8.34,0.318183968089103,0.292029170634695,0.318188261355155,0.781161403759682,0.781164151756754,0.781164151756754
8.35,0.317802997018149,0.291737663605024,0.317807197639075,0.780730850308333,0.78073354048875,0.78073354048875
8.36,0.317422935599946,0.291446664630599,0.317427045556427,0.780300967723702,0.780303601290566,0.780303601290566
8.37,0.317043780609165,0.2911561726879,0.317047801839799,0.779871754391108,0.779874332522682,0.779874332522682
8.38,0.316665528834903,0.290866186754228,0.316669463237341,0.779443208700372,0.779445732550746,0.779445732550746
8.39,0.316288177080985,0.290576705807726,0.316292026512717,0.779015329046041,0.779017799745579,0.779017799745579
8.4,0.315911722165801,0.290287728827395,0.31591548844501,0.778588113827328,0.778590532483157,0.778590532483157
8.41,0.315536160922237,0.289999254793115,0.31553984582859,0.778161561448105,0.778163929144563,0.778163929144563
8.42,0.315161490197599,0.289711282685661,0.315165095473093,0.777735670316889,0.77773798811602,0.77773798811602
8.43,0.314787706853539,0.289423811486723,0.31479123420326,0.777310438846837,0.777312707788817,0.777312707788817
8.44,0.314414807765982,0.289136840178921,0.314418258858891,0.776885865455732,0.776888086559326,0.776888086559326
8.45,0.314042789825052,0.288850367745824,0.314046166294753,0.776461948565979,0.77646412282898,0.77646412282898
8.46,0.313671649935003,0.28856439317197,0.313674953380454,0.776038686604587,0.776040815004226,0.776040815004226
8.47,0.313301385014142,0.288278915442874,0.313304617000422,0.775616078003167,0.775618161496555,0.775618161496555
8.48,0.312931991994759,0.287993933545054,0.312935154053748,0.775194121197918,0.775196160722434,0.775196160722434
8.49,0.312563467823059,0.287709446466042,0.312566561454142,0.774772814629619,0.77477481110332,0.77477481110332
8.5,0.312195809459103,0.287425453194402,0.312198836129849,0.774352156743626,0.774354111065636,0.774354111065636
8.51,0.311829013876722,0.287141952719745,0.31183197502352,0.773932145989858,0.773934059040733,0.773934059040733
8.52,0.311463078063445,0.286858944032742,0.311465975092197,0.773512780822778,0.773514653464909,0.773514653464909
8.53,0.311097999020427,0.286576426125146,0.311100833307156,0.773094059701388,0.773095892779351,0.773095892779351
8.54,0.310733773762381,0.286294397989799,0.310736546653876,0.772675981089214,0.772677775430144,0.772677775430144
8.55,0.310370399317504,0.286012858620653,0.310373112131942,0.7722585434543,0.772260299868247,0.772260299868247
8.56,0.310007872727411,0.285731807012779,0.310010526754933,0.771841745269191,0.771843464549459,0.771843464549459
8.57,0.309646191047067,0.285451242162388,0.309648787550401,0.771425585010929,0.771427267934436,0.771427267934436
8.58,0.309285351344713,0.285171163066837,0.309287891559725,0.77101006116104,0.771011708488634,0.771011708488634
8.59,0.3089253507018,0.284891568724651,0.308927835838072,0.770595172205517,0.770596784682316,0.770596784682316
8.6,0.308566186212922,0.284612458135531,0.308568617454314,0.770180916634821,0.770182494990535,0.770182494990535
8.61,0.308207854985747,0.284333830300367,0.308210233490913,0.769767292943857,0.769768837893091,0.769768837893091
8.62,0.307850354140949,0.284055684221256,0.307852681043901,0.769354299631974,0.769355811874556,0.769355811874556
8.63,0.307493680812139,0.28377801890151,0.307495957222742,0.768941935202944,0.768943415424212,0.768943415424212
8.64,0.307137832145803,0.283500833345671,0.307140059150292,0.768530198164961,0.768531647036063,0.768531647036063
8.65,0.306782805301232,0.283224126559525,0.306784983962723,0.768119087030622,0.768120505208817,0.768120505208817
8.66,0.306428597450472,0.282947897550108,0.306430728809401,0.76770860031693,0.767709988445839,0.767709988445839
8.67,0.306075205778241,0.282672145325727,0.306077290852884,0.76729873654527,0.767300095255182,0.767300095255182
8.68,0.305722627481868,0.282396868895964,0.305724667268772,0.766889494241401,0.766890824149524,0.766890824149524
8.69,0.305370859771219,0.282122067271692,0.305372855245678,0.76648087193544,0.766482173646178,0.766482173646178
8.7,0.305019899868638,0.281847739465086,0.305021851985149,0.76607286816185,0.766074142267075,0.766074142267075
8.71,0.304669745008877,0.281573884489632,0.304671654701556,0.765665481459436,0.765666728538722,0.765666728538722
8.72,0.304320392439038,0.28130050136014,0.304322260622084,0.765258710371321,0.765259930992224,0.765259930992224
8.73,0.303971839418503,0.281027589092754,0.303973666986591,0.764852553444948,0.764853748163232,0.764853748163232
8.74,0.303624083218872,0.280755146704964,0.303625871047577,0.764447009232057,0.764448178591945,0.764448178591945
8.75,0.303277121123902,0.280483173215615,0.303278870070115,0.76404207628868,0.764043220823096,0.764043220823096
8.76,0.302930950429439,0.280211667644917,0.302932661331735,0.763637753175127,0.763638873405913,0.763638873405913
8.77,0.3025855684434,0.279940629014455,0.302587242122419,0.763234038456,0.763235134894139,0.763235134894139
8.78,0.302240972485481,0.279670056347202,0.302242609744468,0.762830930700036,0.762832003845978,0.762832003845978
8.79,0.3018971598876,0.279399948667525,0.301898761512468,0.762428428480422,0.762429478824103,0.762429478824103
8.8,0.301554127993302,0.279130305001196,0.301555694753222,0.762026530374434,0.762027558395638,0.762027558395638
8.81,0.301211874157886,0.278861124375401,0.30121340680564,0.761625234963552,0.761626241132119,0.761626241132119
8.82,0.300870395748526,0.278592405818748,0.300871895020736,0.761224540833567,0.761225525609516,0.761225525609516
8.83,0.300529690144027,0.278324148361281,0.300531156761497,0.760824446574443,0.760825410408182,0.760825410408182
8.84,0.300189754734692,0.278056351034483,0.30019118940285,0.760424950780269,0.760425894112854,0.760425894112854
8.85,0.299850586922335,0.277789012871286,0.299851990331596,0.760026052049284,0.760026975312641,0.760026975312641
8.86,0.299512184120404,0.277522132906081,0.299513556946309,0.759627748983991,0.759628652600987,0.759628652600987
8.87,0.29917454375373,0.277255710174728,0.299175886657325,0.75923004019102,0.759230924575688,0.759230924575688
8.88,0.298837663258411,0.27698974371456,0.29883897688662,0.758832924281077,0.758833789838842,0.758833789838842
8.89,0.298501540081815,0.276724232564392,0.298502825067777,0.758436399868972,0.758437246996855,0.758437246996855
8.9,0.298166171682702,0.276459175764531,0.298167428645924,0.758040465573727,0.758041294660426,0.758041294660426
8.91,0.297831555530983,0.276194572356782,0.297832785077633,0.757645120018446,0.757645931444507,0.757645931444507
8.92,0.297497689107601,0.275930421384458,0.297498891830911,0.75725036183026,0.757251155968328,0.757251155968328
8.93,0.297164569904536,0.275666721892383,0.297165746385085,0.756856189640357,0.756856966855342,0.756856966855342
8.94,0.296832195424926,0.275403472926903,0.296833346230763,0.756462602084088,0.75646336273323,0.75646336273323
8.95,0.296500563182826,0.275140673535891,0.296501688869785,0.756069597800835,0.756070342233893,0.756070342233893
8.96,0.296169670703098,0.274878322768755,0.296170771815111,0.755677175433964,0.755677903993405,0.755677903993405
8.97,0.295839515521414,0.274616419676444,0.295840592590825,0.755285333630846,0.755286046652041,0.755286046652041
8.98,0.295510095184368,0.274354963311458,0.295511148732016,0.754894071042968,0.754894768854225,0.754894768854225
8.99,0.295181407249253,0.274093952727847,0.29518243778475,0.754503386325801,0.754504069248534,0.754504069248534
9,0.29485344928394,0.273833386981227,0.294854457306002,0.754113278138747,0.754113946487684,0.754113946487684
9.01,0.294526218866886,0.273573265128778,0.294527204863576,0.753723745145172,0.753724399228494,0.753724399228494
9.02,0.294199713587251,0.273313586229254,0.294200678036087,0.753334786012504,0.753335426131906,0.753335426131906
9.03,0.293873931044664,0.27305434934299,0.293874874412852,0.752946399412106,0.752947025862937,0.752947025862937
9.04,0.293548868849121,0.272795553531905,0.293549791593866,0.752558584019229,0.752559197090682,0.752559197090682
9.05,0.293224524620983,0.27253719785951,0.293225427189738,0.752171338513037,0.7521719384883,0.7521719384883
9.06,0.292900895991091,0.27227928139091,0.292901778821604,0.751784661576705,0.751785248732984,0.751785248732984
9.07,0.292577980600543,0.272021803192815,0.292578844121118,0.7513985518973,0.751399126505969,0.751399126505969
9.08,0.292255776100587,0.271764762333542,0.292256620730346,0.751013008165723,0.751013570492497,0.751013570492497
9.09,0.291934280152622,0.271508157883019,0.291935106301739,0.750628029076746,0.750628579381812,0.750628579381812
9.1,0.291613490428313,0.271251988912792,0.29161429849807,0.750243613329101,0.750244151867152,0.750244151867152
9.11,0.291293404609369,0.270996254496031,0.29129419499236,0.749859759625358,0.749860286645712,0.749860286645712
9.12,0.290974020387441,0.270740953707531,0.290974793467854,0.749476466671884,0.749476982418664,0.749476982418664
9.13,0.290655335464121,0.270486085623723,0.290656091617934,0.749093733178862,0.749094237891106,0.749094237891106
9.14,0.290337347551056,0.270231649322671,0.290338087146078,0.748711557860387,0.748712051772074,0.748712051772074
9.15,0.290020054369729,0.269977643884082,0.290020777765815,0.748329939434346,0.748330422774523,0.748330422774523
9.16,0.289703453651362,0.269724068389308,0.289704161200636,0.747948876622373,0.747949349615296,0.747949349615296
9.17,0.289387543136913,0.269470921921352,0.289388235183988,0.747568368149874,0.747568831015138,0.747568831015138
9.18,0.289072320577186,0.26921820356487,0.289072997459173,0.747188412746113,0.747188865698655,0.747188865698655
9.19,0.288757783732623,0.268965912406176,0.288758445779323,0.746809009144104,0.746809452394317,0.746809452394317
9.2,0.2884439303732,0.268714047533247,0.288444577907348,0.746430156080558,0.746430589834443,0.746430589834443
9.21,0.288130758278433,0.268462608035725,0.288131391615853,0.746051852295909,0.746052276755173,0.746052276755173
9.22,0.287818265237479,0.268211593004922,0.287818884687127,0.745674096534405,0.745674511896477,0.745674511896477
9.23,0.287506449048937,0.267961001533823,0.287507054913059,0.74529688754399,0.745297294002119,0.745297294002119
9.24,0.287195307520742,0.26771083271709,0.287195900095095,0.744920224076264,0.744920621819657,0.744920621819657
9.25,0.286884838470175,0.267461085651064,0.2868854180442,0.7445441048865,0.744544494100429,0.744544494100429
9.26,0.286575039723961,0.267211759433772,0.286575606580774,0.744168528733736,0.744168909599525,0.744168909599525
9.27,0.28626590911807,0.266962853164926,0.286266463534648,0.743793494380662,0.743793867075801,0.743793867075801
9.28,0.285957444497621,0.266714365945926,0.285957986744986,0.743419000593573,0.743419365291833,0.743419365291833
9.29,0.285649643716885,0.266466296879868,0.285650174060262,0.743045046142394,0.743045403013927,0.743045403013927
9.3,0.285342504639383,0.266218645071543,0.285343023338213,0.742671629800766,0.742671979012104,0.742671979012104
9.31,0.285036025137694,0.265971409627438,0.285036532445761,0.742298750345932,0.742299092060067,0.742299092060067
9.32,0.284730203093358,0.265724589655745,0.284730699259005,0.741926406558699,0.741926740935215,0.741926740935215
9.33,0.284425036396879,0.265478184266357,0.284425521663132,0.741554597223452,0.741554924418609,0.741554924418609
9.34,0.284120522947823,0.265232192570876,0.284120997552392,0.741183321128248,0.741183641294968,0.741183641294968
9.35,0.283816660654628,0.264986613682611,0.283817124830051,0.740812577064698,0.74081289035266,0.74081289035266
9.36,0.28351344743451,0.264741446716583,0.283513901408316,0.74044236382793,0.740442670383669,0.740442670383669
9.37,0.283210881213466,0.264496690789526,0.283211325208331,0.740072680216607,0.740072980183615,0.740072980183615
9.38,0.282908959926373,0.264252345019892,0.282909394160087,0.739703525033013,0.739703818551709,0.739703818551709
9.39,0.282607681516795,0.264008408527849,0.282608106202397,0.739334897082942,0.739335184290756,0.739335184290756
9.4,0.282307043936897,0.263764880435286,0.282307459282853,0.738966795175658,0.738967076207147,0.738967076207147
9.41,0.282007045147447,0.263521759865813,0.282007451357755,0.738599218123916,0.738599493110826,0.738599493110826
9.42,0.281707683117911,0.263279045944765,0.281708080392102,0.738232164744043,0.738232433815304,0.738232433815304
9.43,0.281408955826265,0.263036737799202,0.281409344359506,0.737865633855831,0.737865897137623,0.737865897137623
9.44,0.281110861258912,0.262794834557912,0.281111241242175,0.737499624282497,0.737499881898355,0.737499881898355
9.45,0.280813397410683,0.262553335351412,0.280813769030861,0.737134134850703,0.737134386921593,0.737134386921593
9.46,0.280516562284928,0.262312239311947,0.280516925724796,0.736769164390636,0.73676941103492,0.73676941103492
9.47,0.280220353893339,0.262071545573499,0.280220709331686,0.736404711735903,0.736404953069427,0.736404953069427
9.48,0.279924770255861,0.26183125327178,0.279925117867623,0.736040775723493,0.736041011859667,0.736041011859667
9.49,0.279629809400695,0.261591361544237,0.279630149357069,0.735677355193792,0.735677586243666,0.735677586243666
9.5,0.279335469364392,0.261351869530055,0.279335801832812,0.735314448990666,0.735314675062906,0.735314675062906
9.51,0.279041748191671,0.261112776370154,0.279042073335894,0.734952055961356,0.734952277162298,0.734952277162298
9.52,0.278748643935341,0.260874081207194,0.27874896191561,0.734590174956441,0.734590391390198,0.734590391390198
9.53,0.278456154656299,0.260635783185575,0.278456465629429,0.734228804829852,0.734229016598366,0.734229016598366
9.54,0.278164278423622,0.260397881451435,0.278164582542966,0.733867944438954,0.733868151641969,0.733868151641969
9.55,0.277873013314391,0.260160375152656,0.277873310729947,0.733507592644443,0.733507795379574,0.733507795379574
9.56,0.277582357413614,0.25992326343886,0.277582648272143,0.733147748310307,0.733147946673114,0.733147946673114
9.57,0.277292308814222,0.259686545461415,0.277292593259359,0.732788410303845,0.732788604387905,0.732788604387905
9.58,0.277002865617163,0.259450220373429,0.277003143789361,0.732429577495743,0.732429767392608,0.732429767392608
9.59,0.276714025931227,0.259214287329758,0.276714297967858,0.732071248759972,0.732071434559235,0.732071434559235
9.6,0.276425787872969,0.258978745487001,0.276426053908453,0.731713422973755,0.73171360476313,0.73171360476313
9.61,0.276138149566712,0.258743594003502,0.276138409732589,0.731356099017581,0.731356276882951,0.731356276882951
9.62,0.275851109144631,0.258508832039352,0.275851363569539,0.730999275775279,0.730999449800676,0.730999449800676
9.63,0.275564664746587,0.258274458756388,0.275564913556328,0.730642952133924,0.73064312240157,0.73064312240157
9.64,0.27527881452005,0.258040473318195,0.27527905783772,0.730287126983794,0.73028729357419,0.73028729357419
9.65,0.2749935566201,0.257806874890102,0.274993794566173,0.729931799218394,0.729931962210366,0.729931962210366
9.66,0.274708889209514,0.257573662639189,0.274709121901781,0.729576967734524,0.729577127205185,0.729577127205185
9.67,0.274424810458599,0.257340835734281,0.274425038012269,0.729222631432184,0.729222787456995,0.729222787456995
9.68,0.274141318545119,0.25710839334595,0.274141541072913,0.72886878921454,0.728868941867372,0.728868941867372
9.69,0.273858411654298,0.256876334646518,0.273858629266535,0.728515439987936,0.728515589341129,0.728515589341129
9.7,0.273576087978898,0.256644658810052,0.273576300783448,0.72816258266197,0.728162728786293,0.728162728786293
9.71,0.273294345719064,0.256413365012368,0.273294553821411,0.727810216149397,0.727810359114089,0.727810359114089
9.72,0.27301318308225,0.256182452431029,0.273013386585615,0.727458339366097,0.727458479238949,0.727458479238949
9.73,0.272732598283217,0.255951920245346,0.272732797288617,0.727106951231084,0.727107088078477,0.727107088078477
9.74,0.272452589544116,0.255721767636374,0.272452784150317,0.726756050666584,0.726756184553452,0.726756184553452
9.75,0.272173155094334,0.25549199378692,0.272173345397926,0.726405636597937,0.726405767587817,0.726405767587817
9.76,0.27189429317042,0.255262597881532,0.271894479265904,0.726055707953564,0.726055836108654,0.726055836108654
9.77,0.271616002016084,0.255033579106507,0.271616183995961,0.725706263664984,0.725706389046196,0.725706389046196
9.78,0.271338279882283,0.254804936649888,0.27133845783698,0.725357302666879,0.725357425333792,0.725357425333792
9.79,0.27106112502706,0.254576669701461,0.271061299045006,0.725008823897007,0.725008943907913,0.725008943907913
9.8,0.270784535715482,0.254348777452759,0.270784705883206,0.724660826296165,0.724660943708135,0.724660943708135
9.81,0.270508510219634,0.254121259097057,0.270508676621817,0.724313308808205,0.724313423677122,0.724313423677122
9.82,0.270233046818701,0.253894113829375,0.270233209538138,0.723966270380103,0.723966382760631,0.723966382760631
9.83,0.269958143798819,0.253667340846475,0.269958302916465,0.723619709961865,0.723619819907484,0.723619819907484
9.84,0.269683799453004,0.253440939346861,0.269683955048071,0.723273626506501,0.723273734069565,0.723273734069565
9.85,0.269410012081154,0.253214908530779,0.269410164231177,0.722928018970031,0.722928124201816,0.722928124201816
9.86,0.269136779990124,0.252989247600216,0.269136928770891,0.722582886311557,0.722582989262207,0.722582989262207
9.87,0.268864101493585,0.252763955758896,0.268864246979208,0.722238227493174,0.722238328211751,0.722238328211751
9.88,0.26859197491195,0.252539032212286,0.268592117174943,0.721894041479936,0.721894140014469,0.721894140014469
9.89,0.268320398572378,0.252314476167588,0.268320537683718,0.721550327239872,0.721550423637396,0.721550423637396
9.9,0.26804937080885,0.252090286833742,0.268049506837921,0.721207083744047,0.721207178050567,0.721207178050567
9.91,0.267778889961548,0.251866463421423,0.267779022976659,0.720864309966148,0.720864402226995,0.720864402226995
9.92,0.267508954379178,0.251643005143043,0.267509084445757,0.720522004884112,0.720522095142682,0.720522095142682
9.93,0.267239562413713,0.251419911212745,0.267239689597684,0.720180167476485,0.720180255776586,0.720180255776586
9.94,0.266970712427349,0.251197180846407,0.266970836791547,0.719838796727264,0.719838883110626,0.719838883110626
9.95,0.266702402786529,0.250974813261638,0.266702524393055,0.719497891621767,0.719497976129671,0.719497976129671
9.96,0.266434631864199,0.250752807677777,0.266434750774464,0.7191574511482,0.719157533821513,0.719157533821513
9.97,0.266167398042035,0.250531163315892,0.266167514314582,0.718817474299232,0.718817555176885,0.718817555176885
9.98,0.265900699705085,0.25030987939878,0.265900813398696,0.718477960068272,0.718478039189422,0.718478039189422
9.99,0.265634535247068,0.250088955150962,0.265634646418569,0.718138907453168,0.718138984855669,0.718138984855669
10,0.265368903068037,0.249868389798688,0.265369011772397,0.717800315454601,0.717800391175071,0.717800391175071
10.01,0.2651038015722,0.249648182569928,0.265103907864766,0.717462183074571,0.717462257149945,0.717462257149945
10.02,0.264839229173316,0.249428332694377,0.264839333106648,0.717124509320169,0.717124581785498,0.717124581785498
10.03,0.264575184289225,0.24920883940345,0.264575285915335,0.716787293199785,0.716787364089787,0.716787364089787
10.04,0.26431166534402,0.24898970193028,0.264311764714436,0.716450533724625,0.716450603073733,0.716450603073733
10.05,0.264048670770185,0.248770919509722,0.264048767933833,0.71611422991022,0.716114297751102,0.716114297751102
10.06,0.263786199003446,0.248552491378342,0.263786294009642,0.71577838077284,0.715778447138487,0.715778447138487
10.07,0.263524248487864,0.248334416774426,0.263524341384204,0.715442985333066,0.715443050255316,0.715443050255316
10.08,0.263262817673592,0.248116694937969,0.263262908506032,0.715108042614234,0.715108106123823,0.715108106123823
10.09,0.263001905014775,0.247899325110681,0.263001993829791,0.714773551640977,0.714773613769053,0.714773613769053
10.1,0.262741508974741,0.247682306535978,0.262741595816273,0.714439511442865,0.714439572218848,0.714439572218848
10.11,0.262481628020745,0.247465638458988,0.262481712932346,0.714105921050745,0.714105980503828,0.714105980503828
10.12,0.262222260626049,0.247249320126543,0.262222343650954,0.713772779498204,0.7137728376574,0.7137728376574
10.13,0.261963405271987,0.247033350787181,0.261963486451059,0.713440085823027,0.713440142715729,0.713440142715729
10.14,0.261705060443011,0.246817729691142,0.261705139817628,0.713107839063737,0.713107894717741,0.713107894717741
10.15,0.261447224631585,0.246602456090366,0.2614473022416,0.712776038263038,0.712776092705112,0.712776092705112
10.16,0.261189896336032,0.246387529238495,0.261189972219846,0.712444682466315,0.712444735722247,0.712444735722247
10.17,0.260933074058517,0.246172948390867,0.260933148255164,0.71211377072023,0.71211382281629,0.71211382281629
10.18,0.260676756310032,0.245958712804514,0.260676828856223,0.711783302076233,0.7117833530371,0.7117833530371
10.19,0.260420941605347,0.245744821738162,0.260421012537549,0.711453275587027,0.711453325437243,0.711453325437243
10.2,0.260165628465012,0.245531274452231,0.260165697819499,0.711123690307982,0.711123739071992,0.711123739071992
10.21,0.259910815417336,0.245318070208827,0.259910883228215,0.710794545298544,0.710794592999301,0.710794592999301
10.22,0.25965650099363,0.245105208271746,0.25965656729562,0.710465839618891,0.710465886279817,0.710465886279817
10.23,0.259402683732911,0.244892687906468,0.259402748559371,0.710137572333262,0.710137617976853,0.710137617976853
10.24,0.25914936217983,0.244680508380156,0.259149425562835,0.709809742508502,0.709809787156384,0.709809787156384
10.25,0.258896534882734,0.244468668961657,0.258896596855074,0.709482349212714,0.709482392887048,0.709482392887048
10.26,0.258644200398463,0.244257168921495,0.25864426099079,0.709155391518641,0.709155434240114,0.709155434240114
10.27,0.258392357287489,0.24404600753187,0.258392416530331,0.708828868500261,0.708828910289501,0.708828910289501
10.28,0.258141004115846,0.24383518406666,0.258141062039635,0.708502779234144,0.708502820111744,0.708502820111744
10.29,0.257890139457031,0.243624697801414,0.257890196090218,0.708177122800818,0.708177162786002,0.708177162786002
10.3,0.257639761887429,0.243414548013351,0.257639817259151,0.70785189828154,0.707851937394044,0.707851937394044
10.31,0.25738986999084,0.243204733981359,0.257389924129009,0.707527104761506,0.707527143020229,0.707527143020229
10.32,0.257140462356484,0.242995254985992,0.25714051528788,0.707202741328451,0.707202778751521,0.707202778751521
10.33,0.256891537577139,0.242786110309468,0.256891589329306,0.706878807071345,0.706878843677454,0.706878843677454
10.34,0.256643094253749,0.242577299235667,0.256643144852271,0.706555301083656,0.706555336890139,0.706555336890139
10.35,0.25639513099076,0.242368821050127,0.256395180461184,0.706232222460068,0.706232257484258,0.706232257484258
10.36,0.256147646397964,0.242160675040044,0.256147694765826,0.705909570297788,0.705909604557035,0.705909604557035
10.37,0.255900639092339,0.241952860494266,0.255900686381357,0.705587343697862,0.705587377208254,0.705587377208254
10.38,0.255654107693639,0.241745376703298,0.255654153928261,0.705265541762063,0.705265574540229,0.705265574540229
10.39,0.255408050828755,0.24153822295929,0.255408096032337,0.704944163595987,0.704944195657803,0.704944195657803
10.4,0.255162467129795,0.241331398556042,0.255162511324677,0.7046232083077,0.704623239668349,0.704623239668349
10.41,0.254917355232288,0.241124902788999,0.254917398441617,0.704302675006482,0.704302705681737,0.704302705681737
10.42,0.254672713779626,0.240918734955246,0.254672756024743,0.703982562805977,0.703982592810354,0.703982592810354
10.43,0.254428541418568,0.240712894353512,0.254428582720843,0.70366287082102,0.703662900169076,0.703662900169076
10.44,0.254184836801022,0.24050738028416,0.25418487718189,0.703343598168904,0.703343626875263,0.703343626875263
10.45,0.253941598585809,0.24030219204919,0.253941638065023,0.70302474397065,0.703024772048761,0.703024772048761
10.46,0.253698825434425,0.240097328952235,0.253698864032503,0.702706307347998,0.702706334811874,0.702706334811874
10.47,0.253456516015235,0.239892790298556,0.253456553751718,0.7023882874264,0.702388314289378,0.702388314289378
10.48,0.253214669001624,0.239688575395043,0.253214705895131,0.702070683333713,0.702070709608494,0.702070709608494
10.49,0.252973283070273,0.239484683550213,0.252973319140269,0.701753494198985,0.70175351989889,0.70175351989889
10.5,0.252732356905431,0.2392811140742,0.252732392169704,0.7014367191555,0.701436744292673,0.701436744292673
10.51,0.25249188919459,0.239077866278763,0.25249192367101,0.701120357337706,0.701120381924369,0.701120381924369
10.52,0.252251878630196,0.238874939477276,0.252251912336762,0.700804407882451,0.700804431930934,0.700804431930934
10.53,0.252012323911354,0.238672332984728,0.252012356864496,0.700488869930195,0.700488893451726,0.700488893451726
10.54,0.251773223739743,0.238470046117719,0.251773255956692,0.700173742622116,0.700173765628512,0.700173765628512
10.55,0.251534576823654,0.238268078194459,0.251534608320751,0.699859025102994,0.699859047605452,0.699859047605452
10.56,0.251296381876214,0.238066428534766,0.251296412668965,0.699544716519952,0.699544738529089,0.699544738529089
10.57,0.251058637613724,0.23786509646006,0.251058667718508,0.699230816021279,0.699230837548351,0.699230837548351
10.58,0.25082134275977,0.237664081293364,0.250821372191397,0.698917322759376,0.698917343814532,0.698917343814532
10.59,0.250584496041061,0.237463382359297,0.250584524814476,0.698604235887787,0.698604256481288,0.698604256481288
10.6,0.250348096189081,0.237262998984078,0.2503481243194,0.698291554562389,0.698291574704634,0.698291574704634
10.61,0.25011214194172,0.237062930495515,0.250112169442594,0.697979277942572,0.697979297642924,0.697979297642924
10.62,0.249876632039351,0.236863176223008,0.249876658925258,0.697667405188432,0.697667424456859,0.697667424456859
10.63,0.249641565228715,0.236663735497547,0.249641591513313,0.697355935463564,0.697355954309462,0.697355954309462
10.64,0.24940694026121,0.236464607651703,0.249406965957405,0.697044867933846,0.697044886366085,0.697044886366085
10.65,0.249172755891289,0.236265792019632,0.249172781012871,0.696734201766299,0.696734219794394,0.696734219794394
10.66,0.248939010880425,0.236067287937069,0.248939035439711,0.696423936131932,0.696423953764358,0.696423953764358
10.67,0.248705703993097,0.235869094741324,0.248705728002586,0.69611407020288,0.696114087448249,0.696114087448249
10.68,0.248472833998382,0.235671211771282,0.248472857470771,0.695804603153546,0.695804620020629,0.695804620020629
10.69,0.248240399671532,0.235473638367399,0.248240422618152,0.695495534161745,0.695495550658342,0.695495550658342
10.7,0.248008399790188,0.235276373871699,0.248008422223205,0.695186862405991,0.695186878540514,0.695186878540514
10.71,0.247776833138124,0.235079417627771,0.247776855068954,0.694878587068198,0.69487860284853,0.69487860284853
10.72,0.247545698503603,0.234882768980768,0.247545719942978,0.694570707332501,0.694570722766045,0.694570722766045
10.73,0.247314994677831,0.2346864272774,0.247315015637365,0.694263222384155,0.694263237478959,0.694263237478959
10.74,0.247084720458774,0.234490391865937,0.247084740948707,0.69395613141229,0.693956146175422,0.693956146175422
10.75,0.2468548746473,0.234294662096199,0.246854894678077,0.693649433607134,0.693649448045824,0.693649448045824
10.76,0.246625456048701,0.23409923731956,0.246625475630994,0.69334312816113,0.693343142282776,0.693343142282776
10.77,0.246396463474221,0.233904116888942,0.246396482617426,0.693037214270029,0.693037228081124,0.693037228081124
10.78,0.246167895737407,0.23370930015881,0.246167914451749,0.69273169113028,0.692731704637921,0.692731704637921
10.79,0.245939751657715,0.233514786485174,0.245939769952735,0.692426557941627,0.692426571152429,0.692426571152429
10.8,0.245712030058926,0.233320575225582,0.245712047943536,0.692121813905983,0.692121826826115,0.692121826826115
10.81,0.245484729767656,0.233126665739119,0.245484747251649,0.691817458226355,0.691817470862631,0.691817470862631
10.82,0.245257849617039,0.232933057386402,0.245257866708918,0.691513490109514,0.691513502467826,0.691513502467826
10.83,0.245031388443,0.232739749529581,0.24503140515149,0.691209908763309,0.691209920849717,0.691209920849717
10.84,0.244805345085734,0.232546741532333,0.244805361419812,0.690906713397739,0.690906725218495,0.690906725218495
10.85,0.244579718391166,0.232354032759858,0.24457973435861,0.690603903226027,0.69060391478652,0.69060391478652
10.86,0.244354507207446,0.232161622578879,0.244354522816854,0.690301477462076,0.690301488768302,0.690301488768302
10.87,0.244129710388415,0.23196951035764,0.244129725647762,0.689999435322997,0.689999446380504,0.689999446380504
10.88,0.243905326792084,0.231777695465897,0.243905341708759,0.689697776028009,0.68969778684193,0.68969778684193
10.89,0.243681355279199,0.231586177274921,0.24368136986147,0.689396498797405,0.689396509373518,0.689396509373518
10.9,0.243457794716785,0.231394955157492,0.243457808971701,0.689095602855132,0.689095613198338,0.689095613198338
10.91,0.243234643974559,0.231204028487899,0.243234657909407,0.688795087426194,0.688795097541574,0.688795097541574
10.92,0.243011901926355,0.231013396641932,0.243011915548695,0.688494951737692,0.688494961630532,0.688494961630532
10.93,0.242789567451529,0.230823058996884,0.242789580767781,0.688195195019853,0.688195204694616,0.688195204694616
10.94,0.242567639431583,0.230633014931544,0.242567652448989,0.68789581650358,0.687895825965337,0.687895825965337
10.95,0.242346116753506,0.230443263826198,0.242346129478726,0.687596815422893,0.687596824676295,0.687596824676295
10.96,0.242124998308305,0.230253805062623,0.242125010747457,0.687298191013862,0.687298200063175,0.687298200063175
10.97,0.241904282989626,0.230064638024084,0.241904295149702,0.686999942513615,0.686999951363743,0.686999951363743
10.98,0.241683969697168,0.229875762095333,0.241683981584,0.686702069162822,0.686702077817836,0.686702077817836
10.99,0.241464057333227,0.229687176662604,0.241464068952902,0.686404570203194,0.686404578667353,0.686404578667353
11,0.241244544804065,0.229498881113612,0.241244556162954,0.686107444878481,0.686107453156258,0.686107453156258
11.01,0.241025431021275,0.229310874837547,0.241025442124664,0.685810692435472,0.685810700530556,0.685810700530556
11.02,0.240806714898511,0.229123157225075,0.240806725752508,0.685514312121626,0.685514320038307,0.685514320038307
11.03,0.240588395354724,0.228935727668329,0.240588405964888,0.685218303187425,0.685218310929602,0.685218310929602
11.04,0.240370471312739,0.228748585560914,0.240370481684129,0.684922664885353,0.684922672456565,0.684922672456565
11.05,0.240152941697925,0.228561730297896,0.240152951836458,0.684627396468927,0.684627403873343,0.684627403873343
11.06,0.239935805441487,0.228375161275804,0.239935815351981,0.684332497195107,0.6843325044361,0.6843325044361
11.07,0.239719061477137,0.228188877892626,0.239719071164677,0.684037966321872,0.684037973403015,0.684037973403015
11.08,0.239502708742412,0.228002879547804,0.239502718212369,0.683743803109188,0.683743810034265,0.683743810034265
11.09,0.239286746179987,0.227817165642233,0.239286755436708,0.683450006819972,0.683450013592026,0.683450013592026
11.1,0.23907117273453,0.227631735578257,0.239071181783168,0.683156576717803,0.683156583340471,0.683156583340471
11.11,0.238855987355816,0.227446588759667,0.238855996201009,0.682863512069201,0.682863518545746,0.682863518545746
11.12,0.238641188997356,0.227261724591696,0.23864119764328,0.682570812142632,0.682570818475985,0.682570818475985
11.13,0.238426776615114,0.227077142481018,0.238426785066786,0.682278476207576,0.682278482401287,0.682278482401287
11.14,0.238212749170686,0.226892841835742,0.23821275743208,0.681986503536858,0.681986509593717,0.681986509593717
11.15,0.237999105628087,0.226708822065413,0.237999113703447,0.6816948934043,0.681694899327302,0.681694899327302
11.16,0.237785844955018,0.226525082581006,0.237785852848876,0.68140364508566,0.681403650878011,0.681403650878011
11.17,0.237572966124141,0.226341622794924,0.237572973840064,0.681112757859566,0.68111276352377,0.68111276352377
11.18,0.237360468110038,0.226158442120993,0.237360475652376,0.680822231005298,0.680822236544437,0.680822236544437
11.19,0.237148349892219,0.225975539974463,0.237148357264843,0.680532063804992,0.680532069221801,0.680532069221801
11.2,0.236936610453798,0.225792915772,0.236936617660147,0.680242255542684,0.680242260839583,0.680242260839583
11.21,0.236725248780258,0.225610568931688,0.236725255824591,0.679952805503401,0.679952810683417,0.679952810683417
11.22,0.236514263862514,0.22542849887302,0.236514270748103,0.67966371297542,0.679663718040858,0.679663718040858
11.23,0.236303654693813,0.225246705016901,0.2363036614242,0.679374977247995,0.679374982201362,0.679374982201362
11.24,0.236093420270965,0.22506518678564,0.23609342684998,0.679086597612267,0.679086602456285,0.679086602456285
11.25,0.235883559595561,0.224883943602951,0.235883566026119,0.678798573362166,0.678798578098886,0.678798578098886
11.26,0.235674071671048,0.224702974893946,0.235674077956825,0.678510903792263,0.678510908424302,0.678510908424302
11.27,0.235464955505627,0.224522280085133,0.235464961649857,0.678223588199909,0.678223592729559,0.678223592729559
11.28,0.235256210110979,0.224341858604418,0.235256216116483,0.677936625884305,0.677936630313557,0.677936630313557
11.29,0.235047834501069,0.224161709881092,0.235047840371475,0.677650016145621,0.677650020477065,0.677650020477065
11.3,0.234839827695106,0.223981833345837,0.234839833433097,0.677363758287188,0.677363762522719,0.677363762522719
11.31,0.23463218871455,0.223802228430719,0.234632194323077,0.677077851613291,0.677077855755005,0.677077855755005
11.32,0.234424916584298,0.223622894569183,0.234424922066612,0.676792295430054,0.676792299480273,0.676792299480273
11.33,0.234218010333863,0.223443831196056,0.234218015692327,0.676507089046315,0.676507093006706,0.676507093006706
11.34,0.234011468994549,0.223265037747536,0.234011474232283,0.676222231771542,0.676222235644332,0.676222235644332
11.35,0.233805291602249,0.223086513661196,0.233805296721949,0.675937722917907,0.675937726705016,0.675937726705016
11.36,0.233599477196216,0.222908258375976,0.233599482200188,0.675653561799383,0.675653565502443,0.675653565502443
11.37,0.233394024817906,0.222730271332183,0.23339402970925,0.675369747730892,0.675369751352126,0.675369751352126
11.38,0.233188933513838,0.222552551971485,0.233188938294744,0.675086280030429,0.675086283571389,0.675086283571389
11.39,0.232984202332705,0.222375099736912,0.232984207005636,0.674803158016926,0.674803161479366,0.674803161479366
11.4,0.232779830326515,0.222197914072848,0.232779834894231,0.674520381011103,0.674520384397001,0.674520384397001
11.41,0.232575816551738,0.222020994425032,0.232575821016148,0.67423794833632,0.674237951647027,0.674237951647027
11.42,0.232372160066568,0.221844340240552,0.232372164430321,0.673955859316558,0.673955862553975,0.673955862553975
11.43,0.232168859933632,0.221667950967844,0.232168864198975,0.673674113278428,0.67367411644416,0.67367411644416
11.44,0.231965915218799,0.221491826056689,0.231965919387613,0.673392709550296,0.673392712645677,0.673392712645677
11.45,0.231763324990069,0.221315964958207,0.231763329065007,0.673111647461456,0.673111650488397,0.673111650488397
11.46,0.231561088320326,0.221140367124858,0.231561092303171,0.672830926344192,0.672830929303958,0.672830929303958
11.47,0.231359204284557,0.220965032010434,0.231359208177363,0.672550545531702,0.672550548425764,0.672550548425764
11.48,0.231157671960948,0.22078995907006,0.23115767576606,0.672270504358929,0.672270507188974,0.672270507188974
11.49,0.230956490431995,0.220615147760192,0.230956494150946,0.671990802163382,0.671990804930498,0.671990804930498
11.5,0.230755658781857,0.220440597538607,0.230755662416905,0.671711438283184,0.671711440988995,0.671711440988995
11.51,0.230555176098976,0.220266307864409,0.23055517965199,0.671432412059014,0.67143241470486,0.67143241470486
11.52,0.230355041474924,0.220092278198018,0.230355044947433,0.671153722833259,0.671153725420229,0.671153725420229
11.53,0.230155254003331,0.219918508001173,0.23015525739761,0.67087536994922,0.670875372478959,0.670875372478959
11.54,0.229955812782545,0.219744996736922,0.229955816100039,0.670597352753101,0.670597355226637,0.670597355226637
11.55,0.229756716912942,0.219571743869628,0.229756720155366,0.670319670592002,0.670319673010568,0.670319673010568
11.56,0.229557965497994,0.219398748864959,0.229557968667342,0.670042322814725,0.670042325179761,0.670042325179761
11.57,0.229359557645327,0.219226011189885,0.229359560742825,0.669765308772567,0.669765311084943,0.669765311084943
11.58,0.229161492464183,0.21905353031268,0.229161495491754,0.669488627817429,0.669488630078535,0.669488630078535
11.59,0.228963769067935,0.218881305702915,0.228963772027136,0.669212279303697,0.669212281514656,0.669212281514656
11.6,0.228766386572979,0.218709336831454,0.228766389465046,0.668936262587426,0.668936264749116,0.668936264749116
11.61,0.228569344097703,0.218537623170454,0.228569346924593,0.668660577025562,0.668660579139407,0.668660579139407
11.62,0.228372640765051,0.218366164193362,0.22837264352793,0.668385221977875,0.668385224044706,0.668385224044706
11.63,0.228176275699926,0.218194959374908,0.228176278400219,0.668110196805013,0.668110198825858,0.668110198825858
11.64,0.22798024803022,0.218024008191106,0.227980250669635,0.667835500869282,0.66783550284538,0.66783550284538
11.65,0.227784556887842,0.217853310119249,0.227784559467345,0.667561133535416,0.667561135467452,0.667561135467452
11.66,0.227589201406259,0.217682864637906,0.227589203927493,0.667287094168743,0.66728709605791,0.66728709605791
11.67,0.22739418072293,0.21751267122692,0.227394183187196,0.667013382137008,0.667013383984247,0.667013383984247
11.68,0.227199493978239,0.217342729367405,0.227199496386524,0.666739996809584,0.666739998615599,0.666739998615599
11.69,0.227005140314488,0.21717303854174,0.227005142668485,0.666466937556717,0.666466939322744,0.666466939322744
11.7,0.226811118878386,0.217003598233571,0.226811121179027,0.666194203751396,0.666194205478101,0.666194205478101
11.71,0.226617428818532,0.216834407927802,0.226617431067003,0.665921794767474,0.665921796455714,0.665921796455714
11.72,0.226424069286415,0.216665467110598,0.226424071484183,0.665649709980417,0.665649711631262,0.665649711631262
11.73,0.226231039437406,0.216496775269378,0.22623104158522,0.665377948768055,0.665377950382035,0.665377950382035
11.74,0.226038338428381,0.216328331892812,0.226038340527652,0.665106510508801,0.665106512086946,0.665106512086946
11.75,0.225845965420075,0.21616013647082,0.225845967471885,0.664835394583422,0.664835396126519,0.664835396126519
11.76,0.225653919576046,0.215992188494569,0.225653921581177,0.664564600374271,0.664564601882877,0.664564601882877
11.77,0.22546220006171,0.215824487456467,0.225462202021636,0.664294127264555,0.66429412873975,0.66429412873975
11.78,0.225270806046739,0.215657032850164,0.225270807962195,0.66402397464015,0.66402397608246,0.66402397608246
11.79,0.225079736702635,0.215489824170544,0.22507973857461,0.663754141887777,0.663754143297919,0.663754143297919
11.8,0.224888991203691,0.215322860913729,0.224888993033447,0.66348462839573,0.663484629774629,0.663484629774629
11.81,0.224698568727953,0.215156142577068,0.22469857051606,0.663215433554604,0.663215434902663,0.663215434902663
11.82,0.224508468454921,0.21498966865914,0.224508470202595,0.662946556755567,0.662946558073677,0.662946558073677
11.83,0.224318689567825,0.21482343865975,0.224318691275966,0.662677997392078,0.662677998680895,0.662677998680895
11.84,0.224129231252625,0.214657452079921,0.224129232921848,0.66240975485914,0.662409756119103,0.662409756119103
11.85,0.223940092697076,0.2144917084219,0.223940094328666,0.662141828552596,0.662141829784651,0.662141829784651
11.86,0.223751273093049,0.214326207189145,0.223751274687579,0.661874217870884,0.661874219075441,0.661874219075441
11.87,0.223562771634181,0.214160947886331,0.223562773192477,0.661606922213267,0.661606923390927,0.661606923390927
11.88,0.22337458751681,0.21399593001934,0.223374589039959,0.661339940980545,0.661339942132107,0.661339942132107
11.89,0.223186719940901,0.213831153095264,0.223186721429328,0.661073273575755,0.66107327470152,0.66107327470152
11.9,0.222999168107825,0.213666616622395,0.222999169562581,0.660806919402498,0.660806920503241,0.660806920503241
11.91,0.222811931222559,0.213502320110231,0.222811932644392,0.660540877866608,0.660540878942873,0.660540878942873
11.92,0.22262500849272,0.213338263069463,0.222625009882108,0.66027514837542,0.660275149427548,0.660275149427548
11.93,0.222438399127662,0.213174445011981,0.222438400485727,0.660009730337093,0.660009731365915,0.660009731365915
11.94,0.222252102340714,0.213010865450865,0.2222521036679,0.65974462316231,0.659744624168143,0.659744624168143
11.95,0.222066117346918,0.212847523900385,0.222066118643911,0.659479826262566,0.659479827245911,0.659479827245911
11.96,0.221880443363926,0.212684419875998,0.221880444631666,0.659215339050847,0.6592153400124,0.6592153400124
11.97,0.221695079612896,0.212521552894342,0.22169508085169,0.658951160942325,0.658951161882299,0.658951161882299
11.98,0.221510025316346,0.212358922473237,0.221510026527106,0.65868729135272,0.658687292271791,0.658687292271791
11.99,0.221325279700282,0.212196528131682,0.221325280883631,0.658423729699928,0.658423730598551,0.658423730598551
12,0.221140841993264,0.212034369389847,0.221140843149562,0.65816047540331,0.658160476281742,0.658160476281742
