galaxy,model,epsilon,analysis,holdout,n,n_outer,T,D,e_D,distance_method,inc,e_inc,L36,Rdisk,MHI,RHI,Vflat,Q,morphology,morphology_alt,Rmax_kpc,Rmin_kpc,coverage,median_speed,baryon_fraction_outer_nominal,quality2,raw_residual_kms_mean,raw_residual_kms_median,fractional_error_mean,fractional_error_median,fractional_residual_mean,standardized_residual_mean,outer_loss,predicted_outer_slope,observed_outer_slope,nuisance_bound_hit,scale_bound_hit,eta_bound_hit,eta_boundary,guard_active,maximum_abs_pull,ml_disk,ml_bulge,distance_ratio,fitted_inclination,eta,length_catalogue_kpc,amplitude_catalogue_kms,slope_residual,log10_coverage,log10_speed
CamB,fixed_core,0.001,fullfit_outer_third,False,9,3,10,3.36,0.26,2,65.0,5.0,0.075,0.47,0.012,1.21,0.0,2,irregular_T10_11,late_T8_11,1.79,0.16,3.808510638297873,10.9,0.6791787131519273,1,-0.8567645344946898,-0.4541853307396657,0.0886511320946289,0.08928571428571429,-0.04281700489643394,-0.5711763563297931,0.839714975330809,0.4575575892425217,0.817011099445087,False,False,False,not applicable,True,1.7069649835403933,0.3374997892560591,0.7,0.9148630678387228,57.87129702416407,,488.0806035380214,6969.803149662666,-0.3594535102025653,0.5807551730441758,1.0374264979406236
D512-2,fixed_core,0.001,fullfit_outer_third,False,4,2,10,15.2,4.56,1,56.0,10.0,0.325,1.24,0.081,0.0,0.0,2,irregular_T10_11,late_T8_11,3.83,0.96,3.088709677419355,34.7,0.20002368178903496,1,-0.5281370375241714,-0.5281370375241714,0.13960411237906972,0.13960411237906972,-0.01447643242035803,-0.10555675806969164,0.011234970964786052,-0.1354748596980005,-0.12477953887937837,False,False,False,not applicable,False,0.0085892930117347,0.500457724713454,0.7,1.0025767879035203,56.067413333236274,,1.0250516636609452,38.40739516025297,-0.010695320818622123,0.4897770888063877,1.5403294747908738
D564-8,fixed_core,0.001,fullfit_outer_third,False,6,2,10,8.79,0.28,2,63.0,7.0,0.033,0.61,0.029,0.0,0.0,2,irregular_T10_11,late_T8_11,3.07,0.51,5.032786885245901,20.85,0.13517368798611112,1,-0.08947801435887648,-0.08947801435887648,0.080375,0.080375,-0.003476969644159228,-0.04111677838159164,0.012921186624050807,0.12986509692808126,0.22470372879858577,False,False,False,not applicable,False,0.0041757139812547,0.5004809780299052,0.7,1.0000283493923885,63.02432389649642,,1.179847565463313,26.98740879041619,-0.09483863187050451,0.7018085404664194,1.3191060593097763
D631-7,fixed_core,0.001,fullfit_outer_third,False,16,6,10,7.72,0.18,2,59.0,3.0,0.196,0.7,0.29,0.0,57.7,1,irregular_T10_11,late_T8_11,7.19,0.45,10.271428571428572,47.2,0.11610138710516488,0,0.29050888062837643,-0.4728216706416113,0.05850156776774009,0.06175725910314952,0.004889881172161243,0.00030942862630112256,0.24010116154417535,0.32163140549645697,0.11466348860659234,False,False,False,not applicable,False,0.8957281149106445,0.4068152202067214,0.7,0.9944281507528758,56.91378521217334,,3.202543915409972,69.29455707268517,0.20696791688986463,1.0116308503686258,1.6739419986340878
DDO064,fixed_core,0.001,fullfit_outer_third,False,14,5,10,6.8,2.04,1,60.0,5.0,0.157,0.69,0.211,3.49,46.1,1,irregular_T10_11,late_T8_11,2.98,0.1,4.3188405797101455,37.9,0.2719541304946145,0,0.4659143387775913,1.019565608717805,0.12572301430796207,0.09978401727861771,0.009950922167635823,0.04549452123597283,0.05737794926193376,0.18609327614399582,0.027555362826052053,False,False,False,not applicable,False,0.0464842565993707,0.4977811634571805,0.7,1.0139452769798112,60.07890477523031,,1.010863893168424,48.626882035674186,0.15853791331794376,0.635367173339,1.5786392099680724
DDO154,fixed_core,0.001,fullfit_outer_third,False,12,4,10,4.04,0.2,2,64.0,3.0,0.053,0.37,0.275,4.96,47.0,2,irregular_T10_11,late_T8_11,5.92,0.49,16.0,43.3,0.13060439321894962,1,-0.40368073189438824,-0.4820842171140711,0.015529151941253419,0.013608032634767231,-0.008339954640578013,-0.8180215598654529,1.2010770403876978,-0.09407801926926192,-0.138898837153254,False,False,False,not applicable,False,1.783994454066216,0.7539967080476558,0.7,1.0143087985044217,64.87260052311763,,1.784851992295178,50.83202379515789,0.04482081788399207,1.2041199826559248,1.6364878963533653
DDO161,fixed_core,0.001,fullfit_outer_third,False,31,11,10,7.5,2.25,1,70.0,10.0,0.548,1.22,1.378,10.69,66.3,1,irregular_T10_11,late_T8_11,13.37,0.6,10.959016393442623,55.0,0.2561627792319553,0,0.3013331234403251,0.059502763831019934,0.02414716385837138,0.019818456883509836,0.004807680733656124,0.17203235326202962,0.2000332626678129,0.06684197053267338,0.1262649861337618,False,False,False,not applicable,False,0.6150598079774342,0.5760709631018717,0.7,1.0998944073244872,71.43152606983824,,4.956964883292893,67.66884408853045,-0.059423015601088425,1.0397715765872362,1.7403626894942439
DDO168,fixed_core,0.001,fullfit_outer_third,False,10,4,10,4.25,0.21,2,63.0,6.0,0.191,1.02,0.413,4.3,53.4,2,irregular_T10_11,late_T8_11,4.12,0.41,4.03921568627451,48.0,0.2305924264245383,1,1.2863249960208112,0.45311335071881587,0.042414928409798915,0.04280026542800266,0.024564530062920115,0.4324856224641034,1.0158310472067877,0.2635616200382311,-0.0313637713623182,False,False,False,not applicable,False,1.3859256551957793,0.4528710229311869,0.7,0.9766494523337964,54.68444606882532,,1.6816689841045631,61.6493223042542,0.2949253914005493,0.606297044271217,1.6812412373755872
DDO170,fixed_core,0.001,fullfit_outer_third,False,8,3,10,15.4,4.62,1,66.0,7.0,0.543,1.95,0.735,9.14,60.0,2,irregular_T10_11,late_T8_11,12.33,1.87,6.323076923076923,57.1,0.23484281944444443,1,0.201961559132369,1.002454102888187,0.019360940045173518,0.020338983050847456,0.004344600412969533,-0.04729622278669391,6.492906458540773,-0.20044613675710757,0.18838540714954563,False,False,False,not applicable,False,1.146380303919538,0.6510405429933176,0.7,1.0489730166730875,66.4259993482603,,3.4271577756837006,62.31930426658919,-0.3888315439066532,0.8009284652332136,1.7566361082458481
ESO079-G014,fixed_core,0.001,fullfit_outer_third,False,15,5,4,28.7,7.17,1,79.0,5.0,51.733,5.08,3.14,17.67,175.0,1,spiral_T1_9,spiral_T1_7,16.67,0.41,3.2814960629921264,132.0,0.3315464506122449,0,0.9599331199499659,1.6836872962398672,0.014151935454080172,0.012598870056497175,0.005792213162540015,0.3388708475641508,1.0997698651250127,0.1207181891983404,0.17377785834650536,False,False,False,not applicable,False,0.3718971673747983,0.4687279152630906,0.7,0.9070904986035784,78.76594929380397,,5.318538592493101,177.30557944563134,-0.053059669148164956,0.5160718875440862,2.12057393120585
ESO116-G012,fixed_core,0.001,fullfit_outer_third,False,15,5,7,13.0,3.9,1,74.0,3.0,4.292,1.51,1.083,9.58,109.1,1,spiral_T1_9,spiral_T1_7,9.86,0.25,6.52980132450331,102.0,0.2002782636141739,0,-0.5185870322685929,0.6869777744785637,0.02422276562872893,0.019444444444444445,-0.004502452147536995,0.0010999536580298618,0.32856062608965403,-0.025837249306067362,0.09813323947856283,False,False,False,not applicable,False,1.0351877242653469,0.6293384422658257,0.7,1.310556317279604,74.39675440371822,,2.980091208848642,108.2251075668947,-0.12397048878463018,0.8148999676480417,2.0086001717619175
ESO444-G084,fixed_core,0.001,fullfit_outer_third,False,7,3,10,4.83,0.48,2,32.0,6.0,0.071,0.46,0.135,2.95,0.0,2,irregular_T10_11,late_T8_11,4.44,0.26,9.652173913043478,52.8,0.08843471610730333,1,-0.42613364695906597,-0.27010616869656445,0.06413322379951274,0.05362068965517241,-0.006035231791915011,-0.0043150233028650025,0.1650405830788651,0.013455674226477692,0.12669041610969467,False,False,False,not applicable,False,1.5983164705325763,0.6751131702763297,0.7,1.0629314037015294,41.589898823195455,,1.2864433363036032,67.53428112537603,-0.11323474188321697,0.9846251384330458,1.7226339225338123
ESO563-G021,fixed_core,0.001,fullfit_outer_third,False,30,10,4,60.8,9.1,1,83.0,3.0,311.177,5.45,24.298,55.71,314.6,1,spiral_T1_9,spiral_T1_7,42.41,0.45,7.7816513761467885,310.5,0.2624532912705312,0,-18.148757851170615,-21.193456990447288,0.03256555088719564,0.02833213141025641,-0.05717391656828572,-1.9838580099182146,10.21396711799007,-0.4497263091612118,0.0428535015931636,False,False,False,not applicable,False,3.6452120605176415,0.2159975366642995,0.7,0.9261792941991744,82.88022298667045,,6.388979559739711,392.3239377983961,-0.4925798107543754,0.8910717701830672,2.492061604512599
F565-V2,fixed_core,0.001,fullfit_outer_third,False,7,3,10,51.8,10.4,1,60.0,10.0,0.559,2.17,0.699,7.31,0.0,2,irregular_T10_11,late_T8_11,8.8,1.26,4.055299539170507,68.5,0.13169340579615704,1,0.42390245688292794,1.2455070321386756,0.07704484293966692,0.07220216606498195,0.006339917910351081,0.07015827170684623,0.07218611746090953,0.2313311689437683,0.36551142419418853,False,False,False,not applicable,False,0.0020617933557581,0.4998220793309889,0.7,1.0004125665329255,60.02061793355758,,3.201009826987656,88.2461359859674,-0.13418025525042024,0.6080229383016391,1.8356905714924256
F568-3,fixed_core,0.001,fullfit_outer_third,False,18,6,7,82.4,8.24,1,40.0,10.0,8.346,4.99,3.195,16.14,0.0,1,spiral_T1_9,spiral_T1_7,17.98,0.64,3.603206412825651,83.9,0.22469191106035866,0,-0.5904291052503344,3.8955040098036164,0.10456582810834412,0.1,0.00407227438740719,0.0722592798823594,1.3631873736187534,-0.0876661343291755,0.35819607470240467,False,False,False,not applicable,False,0.3259147540709216,0.478095127121621,0.7,0.9929809278157024,36.74085245929079,,3.9345416666985726,116.32614440858276,-0.44586220903158014,0.55668914177382,1.9237619608287002
F568-V1,fixed_core,0.001,fullfit_outer_third,False,15,5,7,80.6,8.06,1,40.0,10.0,3.825,2.85,2.491,14.38,112.3,1,spiral_T1_9,spiral_T1_7,17.63,0.39,6.185964912280701,111.0,0.1326219548980178,0,-4.872540417867967,1.1432159420508015,0.1527850361825538,0.12372881355932203,-0.04095172149693664,-0.3625645998571879,0.7164230492000354,-0.31044314854676797,0.07839643254339186,False,False,False,not applicable,False,0.5287941347702985,0.5110265623889538,0.7,1.0150746209100414,45.28794134770298,,2.45783518277788,128.24895748498614,-0.3888395810901598,0.7914074522908118,2.0453229787866576
F571-8,fixed_core,0.001,fullfit_outer_third,False,13,5,5,53.3,10.7,1,85.0,5.0,10.164,3.56,1.782,24.55,139.7,1,spiral_T1_9,spiral_T1_7,15.55,0.22,4.367977528089888,105.0,0.13552480932784639,0,0.2530305726177374,1.3452425798379437,0.03193282071201982,0.03225806451612903,0.0021354638207233614,0.11417341123131322,0.46683433624520154,0.20766149918804866,0.23397192268390624,False,False,False,not applicable,False,2.080642489890102,0.3632089019240502,0.7,0.5823100442434505,84.49213756208533,,4.462979210241803,164.01614780268207,-0.026310423495857577,0.6402803953899812,2.0211892990699383
F571-V1,fixed_core,0.001,fullfit_outer_third,False,7,3,7,80.1,8.0,1,30.0,10.0,1.849,2.47,1.217,10.1,83.6,2,spiral_T1_9,spiral_T1_7,13.59,1.95,5.502024291497976,77.0,0.19307411957239085,1,0.018977503244045124,0.3366361410648864,0.07180511891509139,0.07151370679380215,0.0003306038862890039,0.003162917207340854,0.060260497681376035,-0.07437552254121872,0.05233148695419144,False,False,False,not applicable,False,0.0785085117471566,0.5047628211555241,0.7,1.0013348174228212,30.785085117471567,,4.00519257657107,88.50696310544228,-0.12670700949541017,0.7405225034728286,1.8864907251724818
F574-1,fixed_core,0.001,fullfit_outer_third,False,14,5,7,96.8,9.68,1,65.0,10.0,6.537,4.46,3.524,16.19,97.8,1,spiral_T1_9,spiral_T1_7,12.6,0.47,2.8251121076233185,90.95,0.19377821817272864,0,-1.9414168231752655,-2.031300192216918,0.04664344570748506,0.04569055036344757,-0.019417121148775862,-0.4027669618487687,0.4285734533645796,-0.10416516191784551,0.10115070158190652,False,False,False,not applicable,False,0.8584534808945428,0.6092777975012025,0.7,1.050337860238485,71.26091364387386,,2.8678051972261103,101.9875274000462,-0.20531586349975203,0.4510356864054211,1.9588027033995024
F583-1,fixed_core,0.001,fullfit_outer_third,False,25,9,9,35.4,8.85,1,63.0,5.0,0.986,2.36,2.126,15.65,85.8,1,spiral_T1_9,late_T8_11,16.26,0.26,6.889830508474577,59.4,0.11657047545509146,0,1.334998187573706,3.307293665380186,0.10870258922698933,0.08174386920980926,0.020021389510063416,0.1607254748679422,0.4034047990954017,0.0686761807285305,0.18232378476016586,False,False,False,not applicable,False,0.5399353610600633,0.5215695641015707,0.7,1.134983840265016,64.04141475532549,,3.2094802449873754,91.75042083309113,-0.11364760403163536,0.8382085382879428,1.7737864449811935
F583-4,fixed_core,0.001,fullfit_outer_third,False,12,4,5,53.3,10.7,1,55.0,10.0,1.715,1.93,0.641,7.8,0.0,1,spiral_T1_9,spiral_T1_7,7.29,0.22,3.77720207253886,58.5,0.2146088087198342,0,-0.5919531271977156,-0.3024057523794852,0.07087626518707604,0.07150840486409156,-0.007353521426883408,-0.0918356056829907,0.2903803675196931,0.11588822218327481,0.5228685369609894,False,False,False,not applicable,False,0.9224906259297412,0.6183282187596303,0.7,1.1463280509232947,62.54782036137828,,2.628521648753948,62.50799087731216,-0.4069803147777146,0.5771702193102008,1.7671558660821804
IC2574,fixed_core,0.001,fullfit_outer_third,False,34,12,9,3.91,0.2,2,75.0,7.0,1.016,2.78,1.036,10.81,66.4,2,spiral_T1_9,late_T8_11,10.23,0.85,3.679856115107914,43.65,0.22640774467626615,1,0.2889634840957254,0.3427431685262121,0.08339867303930902,0.07516197075033226,0.005822492602574527,-0.10987314074875383,0.2602242292911598,0.6419141801331328,0.6135379193102374,False,False,False,not applicable,False,2.0895779378330714,0.8089613973778198,0.7,1.0331266255302642,79.2483622908687,,7.931794482196136,91.41229826360431,0.02837626082289546,0.5658308377940839,1.6399842480415885
IC4202,fixed_core,0.001,fullfit_outer_third,False,32,11,4,100.4,10.0,1,90.0,1.0,179.749,4.78,12.326,32.13,242.6,1,spiral_T1_9,spiral_T1_7,25.9,0.77,5.418410041841003,240.5,0.4458680655702384,0,-19.344200029245506,-17.521179239936174,0.04870497154877851,0.040160642570281124,-0.07939215930611049,-2.4330063191928883,11.984562069153856,-0.39772031228530463,-0.03148247305406154,True,False,False,not applicable,False,5.999999999999999,1.2978735636410117,0.1758320502056706,0.7913170875653028,89.99999999999993,,2.406507963905205,189.16135145499712,-0.3662378392312431,0.7338718674691329,2.3811150807098507
KK98-251,fixed_core,0.001,fullfit_outer_third,False,15,5,10,6.8,2.04,1,59.0,5.0,0.085,1.34,0.115,2.9,33.7,2,irregular_T10_11,late_T8_11,3.13,0.25,2.335820895522388,21.8,0.34459562836388274,1,-0.5835681761018214,-0.22800554467166734,0.060739870868698996,0.060060060060060066,-0.018832663081576308,-0.2917840880509107,0.40533512432390245,0.4035279905015178,0.22532995416377408,False,False,False,not applicable,False,0.1216443860670023,0.4944322092253036,0.7,1.0364933158201006,59.21847417327418,,1.5488145424654225,35.8943401587856,0.1781980363377437,0.3684395391816408,1.3384564936046048
NGC0024,fixed_core,0.001,fullfit_outer_third,False,29,10,5,7.3,0.36,2,64.0,3.0,3.889,1.34,0.676,7.29,106.3,1,spiral_T1_9,spiral_T1_7,11.27,0.21,8.410447761194028,92.4,0.23735984365446766,0,-1.4808477320667408,-1.3744537871195845,0.06720080387571986,0.08067027632561613,-0.013907570428476327,-0.1419127920670605,0.053407026615150746,0.03250383300553795,0.01596328156698412,False,False,False,not applicable,False,5.521847919589093,1.7830141768706105,0.7,1.0557570219069148,67.19699505524427,,6.075111921506405,117.34567247009174,0.01654055143855383,0.9248191176812989,1.9656719712201067
NGC0055,fixed_core,0.001,fullfit_outer_third,False,21,7,9,2.11,0.11,2,77.0,3.0,4.628,6.11,1.565,10.24,85.6,2,spiral_T1_9,late_T8_11,13.5,1.23,2.20949263502455,82.4,0.3066324672563132,1,0.7748767400159144,0.8010308458265314,0.058079417678656924,0.06358381502890173,0.009077673550483572,0.10896476475206916,0.07705874168731384,-0.06347428319881024,0.02802649297001847,False,False,False,not applicable,False,0.1558699456833697,0.4823730209288264,0.7,0.9980616267373044,76.94815858102982,,4.1111706312016425,85.43687576386358,-0.0915007761688287,0.34429255825245186,1.9159272116971158
NGC0100,fixed_core,0.001,fullfit_outer_third,False,21,7,6,13.5,4.05,1,89.0,1.0,3.232,1.66,1.99,16.36,88.1,1,spiral_T1_9,spiral_T1_7,9.62,0.23,5.795180722891566,77.8,0.16738598530612242,0,-1.0138413035826903,-0.7422134117039576,0.08343908529498825,0.06422764227642278,-0.010709954522113084,-0.07015131739357178,0.1662822672507175,0.0231378184410425,0.3030330137219761,False,False,False,not applicable,False,0.4934445916744127,0.5512139671884616,0.7,1.1480333775023237,89.00114919704373,,3.20205273513222,90.22732242377646,-0.2798951952809336,0.7630669839977579,1.890979596989689
NGC0247,fixed_core,0.001,fullfit_outer_third,False,26,9,7,3.7,0.19,2,74.0,3.0,7.332,3.74,1.746,12.79,104.9,2,spiral_T1_9,spiral_T1_7,14.54,1.08,3.887700534759358,88.9,0.25259502040816323,1,-4.228933817521248,-3.684610430823966,0.08331488314682182,0.08476190476190476,-0.04005293069812153,-0.4906922808497499,0.2865900758141888,0.03118462589676062,0.15693897040393234,True,False,False,not applicable,True,6.0,1.9905358527674863,0.7,1.1119067814267756,77.3320663241204,,1137.9725213134964,7570.814011319001,-0.1257543445071717,0.5896928043225388,1.9489017609702137
NGC0289,fixed_core,0.001,fullfit_outer_third,False,28,10,4,20.8,5.2,1,46.0,5.0,72.065,6.74,27.469,49.51,163.0,2,spiral_T1_9,spiral_T1_7,71.12,1.5,10.55192878338279,175.0,0.2353007261095904,1,-1.8324943167871908,-1.3046213858581268,0.05320092897102609,0.05052645095017977,-0.010490634961454573,-0.1389323983928361,0.38199685083747503,-0.3240021563706721,-0.2702269549959189,False,False,False,not applicable,False,1.196161601549142,0.658546073230202,0.7,1.2734981431682753,50.07048130334584,,16.64758635865515,159.8685112960158,-0.05377520137475317,1.0233318514268375,2.2430380486862944
NGC0300,fixed_core,0.001,fullfit_outer_third,False,25,9,7,2.08,0.1,2,42.0,10.0,2.922,1.75,0.936,9.2,93.3,2,spiral_T1_9,spiral_T1_7,11.8,0.91,6.742857142857143,88.2,0.14859433958186558,1,1.278062682320999,0.17300353444980487,0.07876301635841854,0.07790821771611525,0.014408811677105445,0.19628323108874293,0.5614899971814613,-0.10005373579771301,0.09023635217368768,False,False,False,not applicable,False,1.9819902725127343,0.7891672093174017,0.7,1.0144766657028153,56.61573514679176,,3.981680766799242,92.5266350828422,-0.19029008797140068,0.828843958619831,1.9454685851318196
NGC0801,fixed_core,0.001,fullfit_outer_third,False,13,5,5,80.7,8.07,1,80.0,1.0,312.57,8.72,23.201,44.99,220.1,1,spiral_T1_9,spiral_T1_7,59.82,1.17,6.860091743119265,219.0,0.44167279456721115,0,0.8932908104265891,1.141685657124924,0.02085453331964662,0.01872146118721461,0.0040957750995937086,0.25273210571038873,0.28985117508468183,-0.07214766451273348,-0.045936807257302634,False,False,False,not applicable,False,1.0778590627520348,0.6408492945978853,0.7,1.0429778401797618,80.02751153173678,,24.26908989334389,184.275383242215,-0.026210857255430847,0.8363299237627321,2.3404441148401185
NGC0891,fixed_core,0.001,fullfit_outer_third,False,18,6,3,9.91,0.5,2,90.0,1.0,138.34,2.55,4.462,18.16,216.1,1,spiral_T1_9,spiral_T1_7,17.11,0.92,6.709803921568628,222.5,0.549237392179311,0,-1.1446962626245873,-1.3241374387999088,0.016178220883835217,0.0166371181088923,-0.0055350559995854046,-0.13230651190892015,0.6158185709577559,-0.28775718238925274,-0.17831346983983906,True,False,False,not applicable,False,2.6308365061944707,0.2728263756679414,0.6681988189787369,0.967118036528282,89.99999999996093,,4.318424321095468,207.38164897811015,-0.10944371254941368,0.8267098291071451,2.3473300153169503
NGC1003,fixed_core,0.001,fullfit_outer_third,False,36,12,6,11.4,3.42,1,67.0,5.0,6.82,1.61,5.88,33.33,109.8,1,spiral_T1_9,spiral_T1_7,30.24,1.25,18.782608695652172,103.5,0.11659439354440493,0,-0.13128029115212078,-0.18552440320576125,0.024769231628052748,0.02333467417538214,-0.0009652249589651137,-0.09514846121618149,0.2847684302917007,0.16103152959768183,0.21940640939635384,False,False,False,not applicable,False,2.316382783813086,0.6271560411338788,0.7,1.6949148351439258,70.94469496174025,,10.538184544337312,114.80969448784874,-0.05837487979867201,1.273755910797319,2.0149403497929366
NGC1090,fixed_core,0.001,fullfit_outer_third,False,24,8,4,37.0,9.25,1,64.0,3.0,72.045,3.53,8.783,30.49,164.4,1,spiral_T1_9,spiral_T1_7,30.09,0.35,8.524079320113314,165.0,0.34270975108654694,0,-0.20295321731770244,-0.06109652832518009,0.014477983600059904,0.013765432098765433,-0.0012336319638197794,-0.09353629428020226,0.07348528992842081,-0.08930951452172763,-0.08870953558715274,False,False,False,not applicable,False,1.0817007796532436,0.6414164330030011,0.7,1.1283540316373957,64.3495812777405,,10.43115789900185,139.7795132242152,-0.0005999789345748907,0.9306474823522579,2.2174839442139063
NGC2403,fixed_core,0.001,fullfit_outer_third,False,73,25,6,3.16,0.16,2,63.0,3.0,10.041,1.39,3.199,15.11,131.2,1,spiral_T1_9,spiral_T1_7,20.87,0.16,15.014388489208635,114.0,0.2004949237023836,0,-6.367580047184521,-5.468921736316673,0.024124533446095473,0.02015748031496063,-0.047033567094104896,-1.35391232106827,29.623501149255233,-0.16071934558995296,0.07693923806344007,False,False,False,not applicable,False,2.691833440568243,0.9292944606138724,0.7,0.9877880073500334,62.221306134028886,,4.751619505264917,127.7985907430904,-0.23765858365339304,1.176507648811359,2.0569048513364727
NGC2683,fixed_core,0.001,fullfit_outer_third,False,11,4,3,9.81,0.49,2,80.0,5.0,80.415,2.18,1.406,13.79,154.0,2,spiral_T1_9,spiral_T1_7,34.62,2.89,15.880733944954127,172.0,0.25418338475200797,1,-2.5517120511981872,-8.385063652544304,0.06828824859360536,0.06559139784946236,-0.015606905431611914,-0.2078466063526344,1.382434988598284,-0.45282084766193303,0.031962132262654985,False,False,False,not applicable,False,1.3057290290322174,0.6753717757889766,0.7130732653030023,1.0144705215804288,80.82897610318575,,6.440391879905056,157.66268186665712,-0.484782979924588,1.2008705699347701,2.2355284469075487
NGC2841,fixed_core,0.001,fullfit_outer_third,False,50,17,3,14.1,1.4,3,76.0,10.0,188.121,3.64,9.775,45.12,284.8,1,spiral_T1_9,spiral_T1_7,63.64,3.44,17.483516483516482,301.0,0.18115576613796608,0,-2.7039403755036013,-4.604854481563507,0.015529846321860682,0.014982332155477033,-0.008816840908859673,-0.16016125609799303,5.130707595454674,-0.025677192955756566,0.02673314518284668,False,False,False,not applicable,False,3.839101352889053,1.2102640682310255,0.7113718382783933,1.1497387877838283,83.23302720981216,,20.1157480654224,269.69842461087745,-0.05241033813860324,1.242628787325488,2.4785664955938436
NGC2903,fixed_core,0.001,fullfit_outer_third,False,34,12,4,6.6,1.98,1,66.0,3.0,81.863,2.33,2.552,13.76,184.6,1,spiral_T1_9,spiral_T1_7,24.96,0.32,10.71244635193133,189.5,0.29820008400292186,0,-1.9171324042679387,-2.2159447536785564,0.020870186246914644,0.01671425910981439,-0.01100677624746464,-0.43879938624618436,2.528336867528438,-0.31681999217356194,-0.11460111298878303,False,False,False,not applicable,False,0.7735240924178333,0.5974786810090323,0.7,0.8284046357190824,65.77674181417703,,5.530593691722733,184.8677272022881,-0.2022188791847789,1.0298886599843673,2.2776092143040914
NGC2915,fixed_core,0.001,fullfit_outer_third,False,30,10,11,4.06,0.2,2,56.0,4.0,0.641,0.55,0.508,7.16,83.5,2,irregular_T10_11,late_T8_11,10.04,0.34,18.25454545454545,81.15,0.0764037753062881,1,-1.999649390483907,-1.570815813173894,0.07780715391200387,0.0773958777952209,-0.021764322050000697,-0.353639706873495,1.1513232705222387,-0.34495299562055803,0.2892863892314673,False,False,False,not applicable,False,0.4397336105863424,0.4518524519308112,0.7,0.9981520047746176,55.71051258845747,,1.9927128729352543,99.70042357453114,-0.6342393848520254,1.2613710233147566,1.9092885241622508
NGC2955,fixed_core,0.001,fullfit_outer_third,False,24,8,3,97.9,9.8,1,56.0,7.0,319.422,18.76,28.949,40.34,0.0,1,spiral_T1_9,spiral_T1_7,35.43,0.75,1.8885927505330489,255.5,0.5584935718233018,0,0.02932782209714091,0.947486525850536,0.04783691038284563,0.04805670029842262,0.0010484207469519018,-0.043249135562549446,0.20213247239339543,-0.14325615896216906,-0.20107103737611234,False,False,False,not applicable,False,2.1059899832867943,0.3078725763653223,0.9747666872609602,0.9659690276392944,51.54355340845751,,7.810132510441136,242.39511076895127,0.05781487841394328,0.2761383182901315,2.4073909044707316
NGC2976,fixed_core,0.001,fullfit_outer_third,False,27,9,5,3.58,0.18,2,61.0,10.0,3.371,1.01,0.172,3.04,85.4,2,spiral_T1_9,spiral_T1_7,2.27,0.11,2.2475247524752477,49.2,0.5898784583113941,1,0.25549089139423287,0.46984295667940046,0.053193980538409534,0.05439330543933054,0.003205959897182052,0.03992859733695464,0.09046348758235633,0.45139916849546524,0.4363889332625294,False,False,False,not applicable,False,0.2050190493190955,0.4769447794086475,0.7,0.9982615209077748,59.59374869297145,,1.3118768025200784,86.17517739640763,0.01501023523293582,0.35170448341048016,1.6919651027673603
NGC2998,fixed_core,0.001,fullfit_outer_third,False,13,5,5,68.1,10.2,1,58.0,2.0,150.902,6.2,23.451,43.58,209.9,1,spiral_T1_9,spiral_T1_7,42.28,0.33,6.819354838709677,206.0,0.34193970772994775,0,-0.23669303650212897,-0.5172455461482457,0.011397593856186859,0.009389671361502348,-0.0010147647088072566,-0.0977565276170215,0.28786073440089804,-0.0506251768182193,-0.058924524618240944,False,False,False,not applicable,False,1.7495316823365936,0.7480371597637704,0.7,1.1505045456392482,58.65637754595877,,15.047092435539604,175.01499194125705,0.008299347800021645,0.8337432891371348,2.3138672203691533
NGC3109,fixed_core,0.001,fullfit_outer_third,False,25,9,9,1.33,0.07,2,70.0,5.0,0.194,1.56,0.477,6.0,66.2,1,spiral_T1_9,late_T8_11,6.45,0.26,4.134615384615385,50.6,0.10808169534354384,0,-0.3739352705488241,-0.6345086486299607,0.04271681745990967,0.04503105590062111,-0.0046861120064603965,-0.06666289250114221,0.2761862763023521,0.24224532774462074,0.4170770076097215,False,False,False,not applicable,False,0.2926065168371365,0.5348483446676245,0.7,1.0034498220827548,70.3885747323832,,2.382012926054956,71.72757860577923,-0.17483167986510076,0.6164351162808062,1.7041505168397992
NGC3198,fixed_core,0.001,fullfit_outer_third,False,43,15,5,13.8,1.4,3,73.0,3.0,38.279,3.14,10.869,35.66,150.1,1,spiral_T1_9,spiral_T1_7,44.08,0.32,14.038216560509554,146.0,0.23196221382998686,0,-0.12704068362780846,-0.04598288393481198,0.014246256303626609,0.013422818791946308,-0.0007099830262023964,0.14110177106792893,4.918841740384335,-0.08647566852078797,-0.034062814474634856,False,False,False,not applicable,False,1.8170119172917831,0.7597508525008709,0.7,1.1750112685281957,74.71544356116728,,10.554260537333182,146.19423025402858,-0.05241285404615312,1.1473119377705137,2.164352855784437
NGC3521,fixed_core,0.001,fullfit_outer_third,False,41,14,4,7.7,2.3,1,75.0,5.0,84.836,2.4,4.154,18.85,213.7,1,spiral_T1_9,spiral_T1_7,17.74,0.51,7.391666666666667,213.0,0.6675563224126786,0,-2.2655168311337115,-1.9279839704980333,0.08253827994830819,0.0877314814814815,-0.01061472943600309,-0.14627765207037793,0.08228953781679937,-0.032412554874115984,-0.03588324180988464,False,False,False,not applicable,False,0.330321098216561,0.5301948944462629,0.7,1.098667341025726,75.27857681143053,,7.378298773026651,196.17534071430703,0.0034706869357686576,0.8687423737841016,2.3283796034387376
NGC3726,fixed_core,0.001,fullfit_outer_third,False,12,4,5,18.0,2.5,4,53.0,2.0,70.234,3.4,6.473,22.2,168.0,2,spiral_T1_9,spiral_T1_7,32.52,3.5,9.564705882352943,159.0,0.26180609751099576,1,-0.8451640266179226,-1.0502909457000698,0.06196193847151668,0.06290856579318117,-0.004979881896004924,-0.10223833487209709,0.0678252187185595,0.19423748640194843,0.16526084128880522,False,False,False,not applicable,False,0.891080606994453,0.6138723396525675,0.7,1.0528545859632703,53.30023052728126,,20.72929315210421,200.9886457033676,0.028976645113143212,0.9806716198797755,2.2013971243204513
NGC3741,fixed_core,0.001,fullfit_outer_third,False,21,7,10,3.21,0.17,2,70.0,4.0,0.028,0.2,0.182,4.2,50.1,1,irregular_T10_11,late_T8_11,7.0,0.23,35.0,36.5,0.08112721999999999,0,-0.3398220127061415,-0.7216792057870478,0.050390165686264275,0.04796573875802998,-0.005183748972299793,-0.05666342000661965,0.5758155207101725,0.022835272975524408,0.2606590719417613,False,False,False,not applicable,False,2.966090888212524,0.9898721217030504,0.7,1.044535373108081,72.85732788106112,,2.014756894629148,54.78470093518448,-0.2378237989662369,1.5440680443502757,1.5622928644564746
NGC3769,fixed_core,0.001,fullfit_outer_third,False,12,4,3,18.0,2.5,4,70.0,2.0,18.679,3.38,5.529,22.57,118.6,2,spiral_T1_9,spiral_T1_7,37.16,1.74,10.994082840236686,118.0,0.16445895862183707,1,-2.985086520510233,-6.255157648695139,0.09748590794955578,0.09052797360131994,-0.02610567372488324,-0.35032157175337153,0.38653732548540537,-0.23853176476139482,-0.06809543912706072,False,False,False,not applicable,False,0.5526497307428624,0.5542202099254916,0.7,1.0767569070476195,70.2151983119639,,7.169182981965983,133.22324334180453,-0.17043632563433408,1.0411590050439494,2.0718820073061255
NGC3877,fixed_core,0.001,fullfit_outer_third,False,13,5,5,18.0,2.5,4,76.0,1.0,72.535,2.53,1.483,11.47,168.4,2,spiral_T1_9,spiral_T1_7,11.35,0.87,4.486166007905139,162.0,0.7102281327684605,1,-2.7813189772067006,-1.9419508375834766,0.03272408367478622,0.03136094674556213,-0.016395435739261156,-0.41720814365083997,0.8373248018969495,-0.236956500244064,-0.004298535685343285,False,False,False,not applicable,False,1.549888789988727,0.3499299585608499,0.7,0.8532912688034832,75.94328121644881,,2.354030861177605,158.3713445143848,-0.23265796455872073,0.6518753403533236,2.2095150145426308
NGC3893,fixed_core,0.001,fullfit_outer_third,False,10,4,5,18.0,2.5,4,49.0,2.0,58.525,2.38,5.799,20.84,174.0,1,spiral_T1_9,spiral_T1_7,19.05,1.74,8.004201680672269,182.5,0.3342177117214111,0,-3.3020730378055347,-2.763822045853402,0.0657903007469064,0.06843416708989333,-0.018883387073479484,-0.27993083677601405,0.10315997413922186,-0.34202521849353856,-0.2828363615293573,False,False,False,not applicable,False,0.1735224618274231,0.5203819815525914,0.7,1.0055055523629743,49.034789395753975,,4.373332460037718,170.30640597652038,-0.05918885696418125,0.9033180229551262,2.2612628687924934
NGC3917,fixed_core,0.001,fullfit_outer_third,False,17,6,6,18.0,2.5,4,79.0,2.0,21.966,2.63,1.888,14.08,135.9,1,spiral_T1_9,spiral_T1_7,14.86,0.87,5.650190114068441,134.0,0.31395441152965,0,-3.584770796802862,-3.0018578603384753,0.03405049076649596,0.030983589087809037,-0.02605876843685938,-0.543290569008238,1.2350798787099784,-0.30234649067081526,0.024512401586324135,False,False,False,not applicable,False,0.6759195359537459,0.4279352391205193,0.7,0.9564515260163698,78.94107349151109,,3.4670739910816497,138.9640500121003,-0.3268588922571394,0.7520630609347986,2.1271047983648077
NGC3949,fixed_core,0.001,fullfit_outer_third,False,7,3,4,18.0,2.5,4,55.0,2.0,38.067,3.59,3.371,13.72,163.0,2,spiral_T1_9,spiral_T1_7,7.07,1.74,1.9693593314763234,157.0,0.5717210523415978,1,-1.738898714833785,-1.303297080949676,0.09114158231215086,0.06787878787878787,-0.0105249475500224,-0.14134773504773807,0.027971875579261892,0.15548996996789138,0.16187798501325934,False,False,False,not applicable,True,0.1978942654942146,0.5233104784629662,0.7,1.0143591817951971,55.07362393883892,,266.19095518642314,7465.812544656602,-0.006388015045367956,0.2943249652185803,2.1958996524092336
NGC3953,fixed_core,0.001,fullfit_outer_third,False,8,3,4,18.0,2.5,4,62.0,1.0,141.301,4.89,2.832,17.38,220.8,1,spiral_T1_9,spiral_T1_7,15.68,3.5,3.206543967280164,219.5,0.5688839644451532,0,-4.619385451807602,-6.533967669714599,0.03323422733886546,0.027354260089686097,-0.021209236464285356,-0.5610661820415556,0.7635487455107383,-0.367208107459602,-0.14095338643207594,False,False,False,not applicable,False,0.5779716713910766,0.5711723448040491,0.7,1.057043525998023,62.05787472038642,,3.2918017820396974,146.12905507806374,-0.22625472102752603,0.5060371992247994,2.34143452457814
NGC3972,fixed_core,0.001,fullfit_outer_third,False,10,4,4,18.0,2.5,4,77.0,1.0,14.353,2.18,1.214,10.05,132.7,1,spiral_T1_9,spiral_T1_7,8.72,0.87,4.0,113.0,0.3368280611870436,0,-0.6544748319669758,-1.4521178499377072,0.0369654774905958,0.03616976095134086,-0.0036391340800309736,-0.03607756035649551,1.2548968706983334,-0.060666957990110466,0.2473368676840608,False,False,False,not applicable,False,0.2655697166673415,0.5315290141624643,0.7,1.0222312300239136,77.00948652106166,,2.7966307280781764,121.42881007366762,-0.3080038256741713,0.6020599913279624,2.0530784434834195
NGC3992,fixed_core,0.001,fullfit_outer_third,False,9,3,4,23.7,2.3,5,56.0,2.0,226.932,4.96,16.599,32.75,241.0,1,spiral_T1_9,spiral_T1_7,46.02,9.19,9.278225806451614,248.0,0.2588026617999001,0,-0.28810310105302506,-0.12442002745063974,0.027911457461823875,0.025726141078838177,-0.0011904837437433848,-0.04943525907812005,0.006693142753613289,-0.12417767277791154,-0.12792307558032004,False,False,False,not applicable,False,2.8702625886767383,0.9682695249521898,0.7,1.1069464140472276,57.13394897644904,,21.62632724034396,206.1940369853611,0.0037454028024084957,0.9674649378424272,2.3944516808262164
NGC4010,fixed_core,0.001,fullfit_outer_third,False,12,4,7,18.0,2.5,4,89.0,1.0,17.193,2.81,2.832,17.59,125.8,2,spiral_T1_9,spiral_T1_7,10.47,0.87,3.725978647686833,109.5,0.36410069459969785,1,-0.291197324057471,0.5626328374346627,0.03819715235217737,0.03984618201794543,-0.0018413694944396045,-0.017767631640639936,0.3840794422294337,0.013106997394718368,-0.19880033900197142,False,False,False,not applicable,False,0.5257860364829833,0.4429874275752839,0.7,0.9565083570679954,88.99868424215754,,3.6889475677437633,122.5478355248386,0.2119073363966898,0.5712403617737625,2.0394141191761372
NGC4013,fixed_core,0.001,fullfit_outer_third,False,36,12,3,18.0,2.5,4,89.0,1.0,79.094,3.53,2.967,31.35,172.9,2,spiral_T1_9,spiral_T1_7,31.01,5.49,8.784702549575071,178.0,0.24156643395061728,1,-0.013229320747501086,-0.6455273536898858,0.032738718947565415,0.028818683143977144,0.0002905291836223997,-0.036294721742438425,0.2548195982782531,0.10395667845947366,0.06631422727884584,False,False,False,not applicable,False,0.7425365385585799,0.5871343021502783,0.8004829937504302,1.1031300747998027,89.00358082236404,,13.836253017171334,182.21515245748884,0.037642451180627826,0.9437270608495039,2.250420002308894
NGC4051,fixed_core,0.001,fullfit_outer_third,False,7,3,4,18.0,2.5,4,49.0,3.0,95.268,4.65,2.697,15.13,157.0,2,spiral_T1_9,spiral_T1_7,12.19,1.74,2.6215053763440856,153.0,0.7461619518468544,1,-0.5624351209610552,1.2505689401328368,0.04813412409320338,0.048051948051948054,-0.004074218341453832,0.06215596216368965,0.30630164221802775,-0.3442821596689524,-0.1551729592520432,False,False,False,not applicable,False,0.3304264189129212,0.4633694127966066,0.7,0.9718362005358387,48.60710971808523,,2.579507330861619,114.7732940973331,-0.18910920041690923,0.41855075272842795,2.184691430817599
NGC4068,fixed_core,0.001,fullfit_outer_third,False,6,2,10,4.37,0.22,2,44.0,6.0,0.236,0.59,0.154,3.18,0.0,2,irregular_T10_11,late_T8_11,2.33,0.21,3.9491525423728815,26.45,0.41044406069414885,1,0.038047120894699304,0.038047120894699304,0.08291898700609918,0.08291898700609918,0.0016336508759380404,0.07945251207316054,0.02557627524099194,0.6764265696749207,0.763549261625086,False,False,False,not applicable,False,0.1192997257033808,0.4864520430945175,0.7,0.9988267964749687,43.38527249581305,,3.71589165493567,95.3559175094635,-0.08712269195016531,0.5965039093838748,1.4224256763712047
NGC4085,fixed_core,0.001,fullfit_outer_third,False,7,3,5,18.0,2.5,4,82.0,2.0,21.724,1.65,1.349,10.16,131.5,2,spiral_T1_9,spiral_T1_7,6.2,0.87,3.757575757575758,127.0,0.6700300554016622,1,0.6085584546790036,2.1086437996021914,0.04197955295478515,0.03769230769230769,0.004831298306239813,0.1926943764919263,0.1724149130100597,0.03600139527830909,0.1358221231953595,False,False,False,not applicable,False,1.592843994704572,0.3464859310083104,0.7,0.8392291121042271,81.86031761181208,,2.3463610233850685,126.50541232848748,-0.0998207279170504,0.5749077452843476,2.103803720955957
NGC4088,fixed_core,0.001,fullfit_outer_third,False,12,4,4,18.0,2.5,4,69.0,2.0,107.286,2.58,8.226,22.25,171.7,1,spiral_T1_9,spiral_T1_7,21.48,1.74,8.325581395348838,171.0,0.6009229994319083,0,0.004125188827899251,-0.8250191162710365,0.04105486908231917,0.03999384236453202,0.00020866549963570002,0.03840288647910111,0.08693496024198433,0.09424791498652119,0.13458965771773598,False,False,False,not applicable,False,0.3562411286139495,0.4606232884371283,0.7,0.972214993468272,68.92464963827372,,19.880068276434297,233.7900276596644,-0.0403417427312148,0.9204145710642879,2.2329961103921536
NGC4100,fixed_core,0.001,fullfit_outer_third,False,24,8,4,18.0,2.5,4,73.0,2.0,59.394,2.15,3.102,18.06,158.2,1,spiral_T1_9,spiral_T1_7,22.76,2.61,10.586046511627908,178.5,0.3063761352878611,0,-0.8243343668515308,-0.8940660916594823,0.044706812652690206,0.0439873417721519,-0.004233139954297612,-0.09633329066599927,0.36130995663101695,-0.3980206010619259,-0.43028446840540185,False,False,False,not applicable,False,1.412131327720897,0.6921227697934736,0.7,1.1045765669592271,73.2516136581352,,5.597736914215671,147.78996662535593,0.03226386734347597,1.0247337978074282,2.251638220448212
NGC4138,fixed_core,0.001,fullfit_outer_third,False,7,3,0,18.0,2.5,4,53.0,3.0,44.111,1.51,1.483,18.58,147.3,2,S0_T0,S0_T0,18.58,2.61,12.304635761589402,162.0,0.32976230181868665,1,-8.999900782364245,-9.483518521307587,0.1093252013449058,0.12176870748299319,-0.060080559535416446,-0.3688205714715809,0.5366661102292928,-0.48543616767307185,0.10462123207630013,False,False,False,not applicable,False,0.1724139878379976,0.4805389615717711,0.6809507379415046,0.9762155326126144,52.712059466766405,,2.688528848353247,165.9445132949089,-0.590057399749372,1.0900687623644534,2.2095150145426308
NGC4157,fixed_core,0.001,fullfit_outer_third,False,17,6,3,18.0,2.5,4,82.0,3.0,105.62,2.32,8.226,24.09,184.7,1,spiral_T1_9,spiral_T1_7,29.61,1.74,12.76293103448276,185.0,0.3445311366921031,0,-0.5114848441231837,-0.3402109809391334,0.054715978595568406,0.05510752688172043,-0.0027528858830240623,-0.041307175370461385,0.005544648170408089,-0.001941228747004776,0.017469791947177266,False,False,False,not applicable,False,0.3897836769090796,0.5469509387041354,0.6417449801223969,1.0007906117643606,82.00181123162389,,12.1190444202693,179.16947882395067,-0.019411020694182043,1.1059504224983996,2.2671717284030137
NGC4183,fixed_core,0.001,fullfit_outer_third,False,23,8,6,18.0,2.5,4,82.0,2.0,10.838,2.79,3.506,16.07,110.6,1,spiral_T1_9,spiral_T1_7,21.02,0.87,7.534050179211469,109.0,0.24187166578330843,0,-0.3248621162232741,-0.2956523679478025,0.058339706468791275,0.047727084883048186,-0.002900570613208681,-0.05134788196882722,0.035492094510491366,0.09593691853453207,0.08655046204250465,False,False,False,not applicable,False,4.144597812699642,1.2984636182500462,0.7,1.2684463205094758,82.33184450482553,,19.52535173083101,150.7283163663843,0.00938645649202742,0.8770285084186259,2.037426497940624
NGC4217,fixed_core,0.001,fullfit_outer_third,False,19,7,3,18.0,2.5,4,86.0,2.0,85.299,2.94,2.562,16.7,181.3,1,spiral_T1_9,spiral_T1_7,16.72,0.87,5.687074829931973,179.0,0.5874801832027714,0,-1.459494731121477,0.4919991000609514,0.04260450565016867,0.03826815642458101,-0.008300361168047594,-0.11118139577236771,0.1298194002849204,-0.29949804483802567,-0.17536791938545898,False,False,False,not applicable,False,3.001455862957525,0.4875209367034581,0.3683400341354463,0.5831311301447881,85.87304175276074,,3.918746634105298,193.97676824553847,-0.12413012545256669,0.7548889426908403,2.2528530309798933
NGC4559,fixed_core,0.001,fullfit_outer_third,False,32,11,6,9.0,2.7,1,67.0,1.0,19.377,2.1,5.811,21.16,121.2,1,spiral_T1_9,spiral_T1_7,20.97,0.67,9.985714285714284,119.5,0.33695148481590975,0,0.27962878593416723,0.49568541799133925,0.04613882943850025,0.0468595041322314,0.0023883195085461495,0.031183666914268045,0.043899079927381145,-0.035400559599757,-0.09809829348981777,False,False,False,not applicable,False,0.458626928824886,0.5556901481332108,0.7,1.1333008626104226,67.02484096046537,,6.2819806225911226,111.50912588747389,0.06269773389006078,0.9993791357314245,2.0773679052841563
NGC5005,fixed_core,0.001,fullfit_outer_third,False,18,6,4,16.9,1.5,5,68.0,2.0,178.72,9.45,1.28,10.41,262.2,1,spiral_T1_9,spiral_T1_7,11.47,0.49,1.2137566137566138,260.0,0.682692169642958,0,0.863618854837398,2.282895639719129,0.08355393558223746,0.08355345911949685,0.0032714495045956856,0.038605148251532745,0.027124966050580072,-0.05757477618027474,0.0012803334131806995,False,False,False,not applicable,False,0.7550879620052096,0.5228948259355967,0.5882869896844884,0.9779886680622966,67.84464392745662,,4.442976734761052,191.2340708235764,-0.05885510959345544,0.08413160939200474,2.4149733479708178
NGC5033,fixed_core,0.001,fullfit_outer_third,False,22,8,5,15.7,4.7,1,66.0,1.0,110.509,5.16,11.314,29.53,194.2,1,spiral_T1_9,spiral_T1_7,44.59,0.76,8.641472868217054,217.5,0.2624681385547809,0,-2.9402206413597334,-1.6525209594614552,0.017049702977050066,0.015584520725388601,-0.014941622686658638,-0.5676177218562128,3.93133820745662,-0.41419911575696294,-0.22361727752488253,False,False,False,not applicable,False,2.2335956641878507,0.8362373685335144,0.4606886473575003,0.957464498824075,65.99293480473823,,8.946763648376121,204.30245516091875,-0.1905818382320804,0.9365877707223959,2.337459261290656
NGC5055,fixed_core,0.001,fullfit_outer_third,False,28,10,4,9.9,0.3,2,55.0,6.0,152.922,3.2,11.722,35.06,179.0,1,spiral_T1_9,spiral_T1_7,54.59,0.72,17.059375,189.0,0.30148861265080507,0,0.8402045104964998,0.44925890848560357,0.01908510540475273,0.0180933346176074,0.003962783786688665,0.6850391769193763,17.14170033818591,-0.3059710449651855,-0.08263506663396482,False,False,False,not applicable,False,3.324621908281222,0.3301852568681485,0.7,1.051544877774275,74.94773144968732,,10.823853510236498,184.36473820258223,-0.2233359783312207,1.2319631159860553,2.2764618041732443
NGC5371,fixed_core,0.001,fullfit_outer_third,False,19,7,4,39.7,9.92,1,53.0,2.0,340.393,7.44,11.18,30.03,209.5,1,spiral_T1_9,spiral_T1_7,46.24,1.45,6.21505376344086,215.0,0.5646984860392011,0,-2.1692312865097727,-1.8661278877804364,0.018244829677478546,0.019138755980861243,-0.010243050361600411,-0.321888155137484,1.6766342524359472,-0.23282862351054706,-0.11221494018718622,False,False,False,not applicable,True,2.35396787979372,0.8597393254530814,0.7,0.7810367723801654,52.70911672846558,,1517.3798916749006,7430.475065594132,-0.12061368332336084,0.7934448898665939,2.3324384599156054
NGC5585,fixed_core,0.001,fullfit_outer_third,False,24,8,7,7.06,2.12,1,51.0,2.0,2.943,1.53,1.683,10.92,90.3,1,spiral_T1_9,spiral_T1_7,10.96,0.09,7.163398692810458,68.69999999999999,0.21595699061500612,0,-0.003941636504196211,0.012286113230608464,0.025822612088564928,0.029259104023705556,-2.215191824521539e-05,-0.009645060780100866,0.044529720362654804,0.024152370380092027,0.021500575291354587,False,False,False,not applicable,False,0.4742873467714101,0.5576975530820276,0.7,1.1330654991208484,51.18779418625263,,3.2308610550753007,92.35433520077788,0.0026517950887374395,0.8551191233307516,1.8369567370595503
NGC5907,fixed_core,0.001,fullfit_outer_third,False,19,7,5,17.3,0.9,2,88.0,2.0,175.425,5.34,21.025,0.0,215.0,1,spiral_T1_9,spiral_T1_7,50.33,5.03,9.425093632958802,218.0,0.2854637785065158,0,-0.024493034823279913,-1.0129717499556818,0.014619038872243386,0.013888888888888888,-2.9166971863946205e-06,0.17501479477891846,1.2820115280115416,-0.0277136496609705,0.03855080285540475,False,False,False,not applicable,False,2.862874582876202,0.9666237523365666,0.7,1.031397582484595,88.05668711290612,,24.30239131891855,197.6367307627772,-0.06626445251637525,0.9742856733685831,2.3384564936046046
NGC5985,fixed_core,0.001,fullfit_outer_third,False,33,11,3,39.7,9.9,1,60.0,2.0,208.728,7.01,11.586,39.5,293.6,1,spiral_T1_9,spiral_T1_7,34.72,3.54,4.9529243937232525,291.0,0.27124533215296626,0,-2.1245039118263818,-2.8008762418769493,0.015244266210500833,0.013888888888888888,-0.007136564628756627,-0.44960665321197163,1.3566189180607424,-0.03304969056763244,-0.02614661196852798,False,False,False,not applicable,True,4.721171870266024,0.7910716078240874,2.0759420549805188,1.8293581375775063,61.82477969825877,,960.5922651268696,7592.457275976487,-0.0069030785991044605,0.6948616985377957,2.4638929889859074
NGC6015,fixed_core,0.001,fullfit_outer_third,False,44,15,6,17.0,5.1,1,60.0,2.0,32.129,2.3,5.834,21.43,154.1,2,spiral_T1_9,spiral_T1_7,29.23,0.34,12.708695652173914,152.0,0.20998834752909432,1,-2.1251262939022335,-2.70962528498481,0.03903009067061294,0.03795180722891566,-0.012200845928047589,-0.32285427029982705,1.3675396285880337,0.013727257652744754,-0.1752652489012261,False,False,False,not applicable,False,1.7937597375916172,0.7556940070315576,0.7,1.4214933252703792,60.5253627603145,,11.751639106070517,151.1531332711161,0.18899250655397087,1.1041009793398435,2.1818435879447726
NGC6195,fixed_core,0.001,fullfit_outer_third,False,23,8,3,127.8,12.8,1,62.0,5.0,391.076,13.94,20.907,40.89,251.7,1,spiral_T1_9,spiral_T1_7,36.43,1.33,2.6133428981348636,247.0,0.688132100245497,0,0.1611066502313392,-0.02764871272579228,0.03021996464061704,0.02656990134138371,0.0007085078120093148,0.06048886700862263,0.1344589027838519,-0.035939760804339464,-0.03355465654286811,False,False,False,not applicable,False,0.9977138355278652,0.3973732430958315,0.7892246057939483,0.9859459176574916,61.341164318715975,,13.70901228450112,212.04205097625405,-0.0023851042614713575,0.41719639747992526,2.392696953259666
NGC6503,fixed_core,0.001,fullfit_outer_third,False,31,11,6,6.26,0.31,2,74.0,2.0,12.845,2.16,1.744,14.05,116.3,1,spiral_T1_9,spiral_T1_7,23.5,0.76,10.87962962962963,116.0,0.16276716824196596,0,-4.88539009864759,-4.435767361819686,0.0252233444546075,0.017391304347826087,-0.04221168370753563,-1.5463820930447043,4.7284357365142755,-0.3197596012320358,0.016181861344993498,False,False,False,not applicable,False,1.5971639055061813,0.7222480781419033,0.7,1.0131971792306336,74.21521468368186,,5.344768570599821,118.46430280892618,-0.3359414625770293,1.0366141111208054,2.0644579892269186
NGC6674,fixed_core,0.001,fullfit_outer_third,False,15,5,3,51.2,10.2,1,54.0,6.0,214.654,6.04,32.165,50.02,241.3,1,spiral_T1_9,spiral_T1_7,72.41,2.5,11.988410596026489,242.0,0.17472055687751997,0,0.9081114820693472,1.9764681131892416,0.01241184060530898,0.00847457627118644,0.00383347140108234,0.06420492897385544,0.9683981987785633,0.10648834164576974,0.06678730440675053,False,False,False,not applicable,False,2.444046807294656,0.877757775037979,0.7163539603509371,1.3507330779972564,61.98177059235536,,40.94078104744695,257.9019298475211,0.039701037239019216,1.0787616088594338,2.383815365980431
NGC6789,fixed_core,0.001,fullfit_outer_third,False,4,2,11,3.52,0.18,2,43.0,7.0,0.1,0.31,0.017,0.97,0.0,2,irregular_T10_11,late_T8_11,0.71,0.1,2.290322580645161,38.3,0.12654656163302208,1,-0.4096885573804059,-0.4096885573804059,0.12171178581051378,0.12171178581051378,-0.005757772084717978,-0.014558017302378705,0.014022348837578615,0.6875451739977229,0.7775174255266631,False,False,False,not applicable,False,0.0262667301007654,0.5026260108152976,0.7,1.0002637516182886,43.18386711070536,,0.539213394650197,86.75070071834546,-0.08997225152894028,0.35989665488480255,1.5831987739686226
NGC6946,fixed_core,0.001,fullfit_outer_third,False,58,20,6,5.52,1.66,2,38.0,2.0,66.173,2.44,5.67,21.25,158.9,1,spiral_T1_9,spiral_T1_7,20.4,0.19,8.360655737704917,167.0,0.43226802557093225,0,-0.558926250746552,-0.19005087676394794,0.0708936354357135,0.0630921105007563,-0.0033385771941625932,-0.008885501045192862,0.08255208384564036,-0.3049979449365184,-0.2632018850752571,False,False,False,not applicable,False,0.954528238254758,0.6155203839730227,0.5618821249532495,0.9892115308353796,37.97889391433105,,6.130130295778084,133.93278394131167,-0.04179605986126128,0.9222403410871692,2.2227164711475833
NGC7331,fixed_core,0.001,fullfit_outer_third,False,36,12,3,14.7,1.5,3,75.0,2.0,250.631,5.02,11.067,27.01,239.0,1,spiral_T1_9,spiral_T1_7,36.31,2.67,7.2330677290836665,239.0,0.3937968770300031,0,-2.204151882042195,-1.1446727260337184,0.018890929840452528,0.016773331457908432,-0.009182795532147648,-0.2290645950197174,0.9247384191441825,-0.1340304364794676,0.01495909441891942,False,False,False,not applicable,False,1.218730381486331,0.5158664562786722,0.5287191027641215,0.8804881010662878,74.61163198472947,,11.96967072462694,222.5861874944609,-0.148989530898387,0.8593225317678731,2.3783979009481375
NGC7793,fixed_core,0.001,fullfit_outer_third,False,46,16,7,3.61,0.18,2,47.0,9.0,7.05,1.21,0.861,7.35,0.0,1,spiral_T1_9,spiral_T1_7,7.87,0.11,6.5041322314049586,76.2,0.38746126497272737,0,-2.3278438852173906,-2.649975570748161,0.07905209472603564,0.07267187047232687,-0.01912543498081013,-0.24382473984590597,0.4309614452348531,-0.07713040685394336,-0.09778945475832233,False,False,False,not applicable,False,0.8756522287017809,0.5814860111774686,0.7,1.009757754417293,54.88087005831603,,2.138657325023634,82.17365512025424,0.020659047904378974,0.8131893620426145,1.8819549713396004
NGC7814,fixed_core,0.001,fullfit_outer_third,False,18,6,2,14.4,0.66,2,90.0,1.0,74.529,2.54,1.07,12.15,218.9,1,spiral_T1_9,spiral_T1_7,19.53,0.63,7.6889763779527565,221.0,0.2876487837365709,0,-1.675715628718886,-1.108745907439797,0.020140186915887853,0.021588785046728974,-0.007830446863172363,-0.26288146638239723,0.8206578065454307,-0.15165119196849847,1.2252844692538907e-13,True,False,False,not applicable,False,3.5198143719645265,1.1244792389102347,0.6410083869764889,1.0271161927794932,90.0,,6.368945937039679,196.05248706150644,-0.151651191968621,0.8858685266679164,2.3443922736851106
UGC00128,fixed_core,0.001,fullfit_outer_third,False,22,8,8,64.5,9.7,1,57.0,10.0,12.02,5.95,7.431,31.27,129.3,1,spiral_T1_9,late_T8_11,53.75,1.25,9.033613445378151,127.5,0.12419543667642524,0,-0.10000800926354003,0.018136699615723728,0.02097928581700921,0.015449457259158753,-0.0002512864299784234,0.24545965305558032,2.8322706508763726,-0.05599371824865286,0.0318093358483769,False,False,False,not applicable,False,5.25860576367718,1.6781492404600025,0.7,1.5686589262399988,80.36718925643834,,23.93614730197039,119.17716048718182,-0.08780305409702976,0.9558615028590933,2.1055101847699738
UGC00191,fixed_core,0.001,fullfit_outer_third,False,9,3,9,17.1,5.1,1,45.0,5.0,2.004,1.58,1.343,10.03,0.0,1,spiral_T1_9,late_T8_11,9.98,0.62,6.3164556962025316,57.6,0.24472710607981227,0,-0.7612103426611441,-0.7802115317961267,0.011467120422201658,0.0124031007751938,-0.0098482546445087,-0.5103785199631866,2.4692092821201137,0.16594805378965694,0.12924829243295302,False,False,False,not applicable,False,3.1189597181774515,1.0253354575567406,0.7,1.5611174657678772,51.76998836366878,,5.82139571135048,68.78178596044222,0.036699761356703914,0.8004734543329485,1.760422483423212
UGC00634,fixed_core,0.001,fullfit_outer_third,False,4,2,9,30.9,7.7,1,37.0,8.0,2.989,2.45,3.663,16.78,0.0,2,spiral_T1_9,late_T8_11,18.01,4.51,7.351020408163265,102.6,0.16428407044890797,1,-0.7875736024873774,-0.7875736024873774,0.015374031007751938,0.015374031007751938,-0.007340080579914561,-0.15372251470168002,0.6664314813469528,-0.10921510177748842,-0.016140618650010635,False,False,False,not applicable,False,0.4596114545333551,0.5558161348256062,0.7,1.078745695248158,40.56946901941604,,5.436116696486065,112.06484874187576,-0.09307448312747778,0.8663476284550008,2.0111473607757975
UGC00731,fixed_core,0.001,fullfit_outer_third,False,12,4,10,12.5,3.75,1,57.0,3.0,0.323,2.3,1.807,11.57,73.3,1,irregular_T10_11,late_T8_11,10.91,0.91,4.743478260869566,66.35,0.24415296599595537,0,-2.758883429896205,-2.652229830803286,0.04116642405310319,0.04093733977880319,-0.03736338440793883,-0.8842600250404903,0.865176861538788,-0.12148731728897934,0.019094499938272287,False,False,False,not applicable,False,3.1534739238459237,0.5539782930395133,0.7,1.9460421771537768,60.61839956748322,,1.668516958613631,69.31027127828426,-0.14058181722725163,0.676096914570749,1.8218409272004543
UGC00891,fixed_core,0.001,fullfit_outer_third,False,5,2,9,10.2,3.1,1,60.0,5.0,0.374,1.43,0.428,6.23,0.0,2,spiral_T1_9,late_T8_11,7.39,1.48,5.1678321678321675,54.15,0.159863374353806,1,-0.15569534316002276,-0.15569534316002276,0.011441005329812723,0.011441005329812723,-0.0023363108188365553,-0.04755079536727699,0.2704375212123332,0.21023990314269522,0.26612999623608946,False,False,False,not applicable,False,0.3584384190405533,0.5165190739174055,0.7,1.1089371665711485,60.64199937408139,,3.1655169415867883,68.6639744503443,-0.05589009309339424,0.7133084009297639,1.733598460961339
UGC01281,fixed_core,0.001,fullfit_outer_third,False,25,9,8,5.27,0.24,2,90.0,1.0,0.353,1.63,0.294,5.26,55.2,1,spiral_T1_9,late_T8_11,4.99,0.08,3.0613496932515343,37.4,0.17792381466511326,0,-16.430399147115185,-17.186883515475813,0.10202899652533787,0.07393715341959334,-0.3079923160769813,-3.632759822029581,15.377739913290432,0.022370648614078573,0.2749395828795249,True,False,False,not applicable,False,5.999999999999999,1.990535852767486,0.7,1.2656955238272969,89.99999999996064,,0.0437557259067676,8.092036223453244,-0.25256893426544635,0.4859129412194322,1.57287160220048
UGC02259,fixed_core,0.001,fullfit_outer_third,False,8,3,8,10.5,3.1,1,41.0,3.0,1.725,1.62,0.494,7.28,86.2,2,spiral_T1_9,late_T8_11,8.14,1.02,5.0246913580246915,83.25,0.1748218135692565,1,-0.7516662599618419,-0.1541869705478689,0.025607586305787466,0.026047565118912794,-0.008286161551848113,-0.2063107456200648,0.27091913090615743,0.04279513296802026,0.15882201334078364,False,False,False,not applicable,True,4.661488673454419,1.462577444908889,0.7,1.844151566024345,46.35203667264975,,777.1028568386117,8226.9543368467,-0.11602688037276337,0.7011093903465703,1.9203842421783575
UGC02487,fixed_core,0.001,fullfit_outer_third,False,17,6,0,69.1,10.4,1,36.0,5.0,489.955,7.89,17.963,40.2,332.0,1,S0_T0,S0_T0,80.38,9.93,10.187579214195184,364.0,0.18538000679943453,0,-9.247189816883747,-7.294152512822279,0.01919441082303169,0.008691949894077552,-0.027849830247086555,-0.5931916916758463,4.952019801148945,-0.28864932309615204,0.012208453477836985,False,False,False,not applicable,False,2.741172248971256,0.9399120755151492,0.5206291870878927,1.1732425107723852,44.08461971325824,,23.08725114556695,271.26805214755166,-0.30085777657398904,1.0080709986465957,2.561101383649056
UGC02885,fixed_core,0.001,fullfit_outer_third,False,19,7,5,80.6,8.06,1,64.0,4.0,403.525,11.4,40.075,74.24,289.5,1,spiral_T1_9,spiral_T1_7,74.07,1.7,6.497368421052631,287.0,0.2637727538173956,0,-0.45945762322537576,0.313170238711848,0.03365555103166577,0.03355704697986577,-0.0015197868755489116,-0.04594576232253757,0.04807287584460531,-0.01595346692150811,0.036312056080300824,False,False,False,not applicable,False,1.5552395679847395,0.7153094476271027,0.8965317554581416,1.0991086534299348,66.62906484545586,,25.856693596081037,275.5162850205708,-0.052265523001808936,0.812737493315122,2.4578818967339924
UGC02916,fixed_core,0.001,fullfit_outer_third,False,43,15,2,65.4,9.8,1,50.0,5.0,124.153,6.15,23.273,34.24,182.7,2,spiral_T1_9,spiral_T1_7,38.0,0.37,6.178861788617886,211.0,0.5284761147867493,1,2.0139620516940835,1.933709117011773,0.048299808678273014,0.056906077348066304,0.009043823178541356,0.5188562862222397,1.7272145179710676,-0.14503602876398083,-0.11663812130836626,True,False,False,not applicable,False,5.999999999999934,1.990535852767456,0.1835557275675594,1.184425361321507,55.7748471051635,,0.3432399482321564,214.4775536068201,-0.028397907455614574,0.7909084808413934,2.3242824552976926
UGC02953,fixed_core,0.001,fullfit_outer_third,False,115,39,2,16.5,4.95,1,50.0,4.0,259.518,3.55,7.678,24.0,264.9,2,spiral_T1_9,spiral_T1_7,62.39,0.09,17.574647887323945,266.0,0.25860770708437164,1,-4.061548259296191,-1.2170266345113987,0.010958766408008256,0.006959706959706959,-0.015517348202606335,-0.25286664796950686,14.337690812864057,-0.18237378066460286,-0.11044155086241755,False,False,False,not applicable,False,2.855174560922616,0.4726916635705656,0.3627275845895221,1.5954535916516523,54.244747265675656,,13.427153477393654,247.82960144877276,-0.0719322298021853,1.2448866325752692,2.424881636631067
UGC03205,fixed_core,0.001,fullfit_outer_third,False,48,16,2,50.0,10.0,1,67.0,4.0,113.642,3.19,9.677,28.6,219.6,1,spiral_T1_9,spiral_T1_7,40.04,0.28,12.551724137931034,221.0,0.3771670627882776,0,-3.437418176039129,-3.432580902761316,0.023211674993132446,0.0185940970793912,-0.015472633471694763,-0.5780741463154703,2.2244048431957624,-0.05213530601154661,-0.036100565000581744,False,False,False,not applicable,False,1.5595669863931303,0.6988407826407451,0.8612588050370595,1.311913397278626,69.17345043524868,,14.71174519478539,191.5412521744984,-0.016034741010964866,1.0987033857500998,2.3443922736851106
UGC03546,fixed_core,0.001,fullfit_outer_third,False,30,10,1,28.7,7.2,1,55.0,5.0,101.336,3.79,2.675,18.37,196.9,1,spiral_T1_9,spiral_T1_7,29.23,0.63,7.712401055408971,204.5,0.4117708455180804,0,-5.093053843047656,-0.7162994222091328,0.025942538242124093,0.009556909299177341,-0.026582962069094457,-0.24467034091476866,1.6405988115566152,-0.24645390910442808,-0.07923382458063677,False,False,False,not applicable,False,1.4417597121780776,0.6968607043607347,0.5220634708324753,0.9123759800917708,54.200538959662126,,6.588665179584472,172.15053380560005,-0.1672200845237913,0.8871896053893641,2.3106933123433606
UGC03580,fixed_core,0.001,fullfit_outer_third,False,47,16,1,20.7,5.2,1,63.0,4.0,13.266,2.43,4.37,19.97,126.2,2,spiral_T1_9,spiral_T1_7,27.06,0.11,11.1358024691358,91.4,0.3161361252057884,1,-1.3141475316889286,-3.936484134149154,0.023666684713942253,0.013468396946564886,-0.011497272272038821,-0.27512189966856826,8.316913740506468,0.1748478730972249,0.1543078384759189,False,False,False,not applicable,False,4.869756916888714,1.3014676055088148,0.2280984574606727,0.5999681984579825,61.86414474210649,,7.444714091519726,134.2063426563403,0.02054003462130602,1.0467215186632919,1.9609461957338314
UGC04278,fixed_core,0.001,fullfit_outer_third,False,25,9,7,9.51,2.85,1,90.0,3.0,1.307,2.21,1.116,8.9,91.4,1,spiral_T1_9,spiral_T1_7,6.69,0.14,3.0271493212669687,53.7,0.16641184029013883,0,-0.4011148154520849,-1.0147804788631731,0.09052219243578079,0.05610098176718093,-0.006599976640358378,-0.14654304353031325,0.3078888783659806,0.8464601319272785,0.6560207926059857,True,False,False,not applicable,False,1.1827456427045706,0.6565148720263267,0.7,1.248654600239601,89.9999999999707,,3.570025666835106,100.18952389474774,0.19043933932129287,0.48103384408271244,1.7299742856995557
UGC04325,fixed_core,0.001,fullfit_outer_third,False,8,3,9,9.6,2.88,1,41.0,3.0,2.026,1.86,0.678,6.61,90.9,1,spiral_T1_9,late_T8_11,5.59,0.7,3.005376344086021,89.4,0.2256648989220341,0,-2.576499846678786,-3.2416816597955034,0.03317737014582734,0.03329694323144105,-0.02801125144092616,-0.8447540480914052,1.7005397311741826,-0.28792171097678065,-0.0017127028282443125,False,False,False,not applicable,False,0.7315476860617901,0.5285614030232069,0.7,1.219464305818537,42.03622000229623,,1.1161710168286707,96.07703714641026,-0.28620900814853634,0.4778988636685069,1.9513375187959177
UGC04483,fixed_core,0.001,fullfit_outer_third,False,8,3,10,3.34,0.31,2,58.0,3.0,0.013,0.18,0.032,1.46,0.0,2,irregular_T10_11,late_T8_11,1.21,0.08,6.722222222222222,20.8,0.30536472918516494,1,-0.04136717551138602,-0.3726724450445893,0.07315062960086706,0.07685589519650655,-0.0011924323580791648,-0.04009114635614858,0.08532745766303114,0.040244840399029695,0.18467328846951672,False,False,False,not applicable,False,0.0528470388889545,0.5061214087852534,0.7,1.0032415289436376,58.07389563651032,,0.3731696922947208,23.32078190437593,-0.14442844807048702,0.827512865213144,1.3180633349627615
UGC04499,fixed_core,0.001,fullfit_outer_third,False,9,3,8,12.5,3.75,1,50.0,3.0,1.552,1.73,1.1,8.67,72.8,1,spiral_T1_9,late_T8_11,8.18,0.91,4.728323699421965,66.9,0.2861925053369789,0,-0.6710831852437309,-0.0862116443119163,0.03625436031709959,0.03628922237380628,-0.009043252747381828,-0.2514124407453521,0.16286336961039533,-0.014911044327313928,0.08081925039467622,False,False,False,not applicable,False,0.4174238684643416,0.5504430481930739,0.7,1.1167234559335966,50.37672112370743,,2.2990190286344454,70.4459210765029,-0.09573029472199014,0.6747072005425275,1.825426117767823
UGC05005,fixed_core,0.001,fullfit_outer_third,False,11,4,10,53.7,10.7,1,41.0,10.0,4.1,3.2,3.093,21.61,98.9,1,irregular_T10_11,late_T8_11,28.61,0.78,8.940624999999999,72.5,0.18640914733908062,0,0.2654054458760555,0.6297788160258975,0.10112460175822863,0.10075589764622041,0.0028243827069234194,0.026540544587605547,0.0521120433179522,-0.09866416127553972,0.03909636111121067,False,False,False,not applicable,False,0.2101499649623515,0.5134833835891223,0.7,1.0218894702936263,43.10149964962351,,7.294933886225334,105.25823284549048,-0.13776052238675038,0.9513678794853566,1.8603380065709938
UGC05253,fixed_core,0.001,fullfit_outer_third,False,73,25,2,22.9,5.72,1,37.0,4.0,171.582,8.07,16.396,36.64,213.7,2,spiral_T1_9,spiral_T1_7,53.29,0.13,6.603469640644361,246.0,0.3933591395251978,1,-0.1828756187332692,-1.2451430911888508,0.023403240336267176,0.01695238095238095,-0.0006661443446698512,-0.17163941331477367,1.2276037618367566,-0.06248050048447023,-0.0667285920027875,False,False,False,not applicable,False,0.9722254684636816,0.6254499342231807,0.5837782282205657,1.12983835310851,38.642488708687,,10.220751259930712,224.70960760948657,0.0042480915183172666,0.8197721855188413,2.3909351071033793
UGC05414,fixed_core,0.001,fullfit_outer_third,False,6,2,10,9.4,2.82,1,55.0,3.0,1.123,1.47,0.574,6.65,0.0,1,irregular_T10_11,late_T8_11,4.11,0.68,2.795918367346939,48.9,0.313434746410555,0,-0.025896455225453252,-0.025896455225453252,0.0413485800798275,0.0413485800798275,8.662380205246272e-05,-0.010613301321907076,0.10674569964893886,0.27697876701042,0.42372651905355635,False,False,False,not applicable,False,0.2155443979282104,0.5254415885929862,0.7,1.0617381613693258,55.15926957766897,,1.8012956431565166,58.81847911524416,-0.14674775204313634,0.44652448712789317,1.6893088591236203
UGC05716,fixed_core,0.001,fullfit_outer_third,False,12,4,9,21.3,5.3,1,54.0,10.0,0.588,1.14,1.094,10.64,73.1,2,spiral_T1_9,late_T8_11,12.37,1.03,10.850877192982457,69.95,0.18186381409976057,1,-0.9679679033717932,-0.08729503679615647,0.016628387943814528,0.0141640371164524,-0.01287221693528379,-0.24553139050813505,2.0985304946915746,-0.18777964269782538,0.06784009892025893,False,False,False,not applicable,False,3.642256981734751,1.156633328831777,0.7,1.5477069384597375,70.7187683119395,,3.4101773379621787,63.72882016978846,-0.2556197416180843,1.035464848292648,1.8447877188278465
UGC05721,fixed_core,0.001,fullfit_outer_third,False,23,8,7,6.18,1.85,1,61.0,5.0,0.531,0.38,0.562,6.74,79.7,1,spiral_T1_9,spiral_T1_7,6.74,0.09,17.736842105263158,78.3,0.12487903428935179,0,-0.6682255512944817,-0.08670275084373458,0.05819056653975417,0.058290911161545916,-0.008230470320056544,-0.1462200331060135,1.15855413008649,-0.28302020590723126,0.018958150053645192,False,False,False,not applicable,False,1.7676748338671442,0.6565598598177551,0.7,1.5291583240540805,64.72122424551364,,1.1702027848432206,89.16579743070766,-0.30197835596087647,1.2488762999185097,1.8937617620579434
UGC05750,fixed_core,0.001,fullfit_outer_third,False,11,4,8,58.7,11.7,1,64.0,10.0,3.336,3.46,1.099,16.79,0.0,1,spiral_T1_9,late_T8_11,22.85,0.31,6.604046242774567,49.8,0.24245941896824758,0,0.9065958157560097,1.626086036325738,0.15663260155247055,0.15398255568976657,0.012788435940896507,0.07401403710543566,0.03431176558079706,0.06381152509687586,0.11705870304189178,False,False,False,not applicable,False,0.0504056327484394,0.4942303838610796,0.7,0.9954284728139432,63.80328344475562,,5.052639905209338,85.09222264035428,-0.05324717794501592,0.8198101056130924,1.6972293427597176
UGC05764,fixed_core,0.001,fullfit_outer_third,False,10,4,10,7.47,2.24,1,60.0,10.0,0.085,1.17,0.163,3.51,0.0,2,irregular_T10_11,late_T8_11,3.62,0.36,3.094017094017094,49.95,0.17285138301472214,1,-0.2630701404203215,-0.6287519434582585,0.033786668940876605,0.0333100358422939,-0.004057728170507841,-0.7171249955886069,1.5916330023843102,-0.25248728024559175,-0.35865650185612036,False,False,False,not applicable,False,1.0420850605636405,0.5599088971634626,0.7,1.3124860154836084,66.81797807822802,,0.7924285146103298,56.132010424821885,0.10616922161052861,0.4905227087870041,1.698535492562001
UGC05829,fixed_core,0.001,fullfit_outer_third,False,11,4,10,8.64,2.59,1,34.0,10.0,0.564,1.99,1.023,7.87,0.0,2,irregular_T10_11,late_T8_11,6.91,0.63,3.472361809045226,47.9,0.30503937330639175,1,-1.2515408512009927,-0.6169585861783595,0.08052577307064797,0.08024746855788162,-0.01734298672545162,-0.24734008917015668,0.3249089449894792,0.2588446165593667,0.5676244785679566,False,False,False,not applicable,False,0.8251879137225322,0.5109574172640946,0.7,1.1655604410241875,42.25187913722532,,1.7810255400883492,50.62335221301148,-0.3087798620085899,0.5406249709644918,1.6803355134145632
UGC05918,fixed_core,0.001,fullfit_outer_third,False,8,3,10,7.66,2.3,1,46.0,5.0,0.233,1.66,0.297,5.9,0.0,2,irregular_T10_11,late_T8_11,4.46,0.56,2.6867469879518073,38.099999999999994,0.18491850162004891,1,-0.8316147464635814,-0.5472352925902229,0.09198549246096556,0.09225352112676057,-0.018191400112285722,-0.21160680571592402,0.2388706068297284,-0.07450588468490651,0.2651408013052205,False,False,False,not applicable,False,0.117292682653438,0.5041109518774055,0.7,1.0352184295173508,46.33680507531055,,1.130011023638236,45.17899439255415,-0.33964668599012704,0.4292267706720868,1.5809249756756192
UGC05986,fixed_core,0.001,fullfit_outer_third,False,15,5,9,8.63,2.59,1,90.0,3.0,4.695,1.67,2.667,16.53,113.0,2,spiral_T1_9,late_T8_11,9.41,0.63,5.634730538922156,109.0,0.17039351471744255,1,-1.033202983088799,-1.1167079636486932,0.037172920788809266,0.03294642857142857,-0.009325909886929934,-0.2595099846044907,0.07664403270614233,-0.2891537027504875,-0.2653505606673738,True,False,False,not applicable,False,0.1505137460652855,0.5176323127235392,0.7,1.0173575887352346,89.99999999988282,,2.285243508808356,121.60706848235188,-0.023803142083113737,0.7508731522796737,2.037426497940624
UGC06399,fixed_core,0.001,fullfit_outer_third,False,9,3,9,18.0,2.5,4,75.0,2.0,2.296,2.05,0.674,8.8,85.0,1,spiral_T1_9,late_T8_11,7.85,0.87,3.829268292682927,77.5,0.20608301625687842,0,-0.2194407190814284,0.3834953302174142,0.05714767839203699,0.057242990654205614,-0.002201516283494874,-0.044783820220699676,0.14669231118998285,-0.04284092224959786,0.1620546867634558,False,False,False,not applicable,False,0.089988540291873,0.5104683948815032,0.7,1.0078718627848675,75.01537106120843,,2.386762226431171,89.54519499876835,-0.20489560901305365,0.5831157956894982,1.8893017025063104
UGC06446,fixed_core,0.001,fullfit_outer_third,False,17,6,7,12.0,3.6,1,51.0,3.0,0.988,1.49,1.379,10.33,82.2,1,spiral_T1_9,spiral_T1_7,10.22,0.58,6.859060402684564,80.1,0.20236831410194617,0,-3.760767561291923,-4.529440384233119,0.0767626899939743,0.0650126378531997,-0.04526396970326771,-0.5577782153707177,0.5455813322923594,-0.2933177557441674,-0.03720203517212799,False,False,False,not applicable,False,2.042243271718774,0.7762384940904311,0.7,1.6126729815156322,53.547627227712304,,1.9460904389303129,78.39509695521072,-0.2561157205720394,0.8362646273864199,1.9036325160842376
UGC06614,fixed_core,0.001,fullfit_outer_third,False,13,5,1,88.7,8.87,1,36.0,10.0,124.35,5.1,21.888,60.63,199.8,1,spiral_T1_9,spiral_T1_7,64.59,3.23,12.664705882352942,193.0,0.2647051215567101,0,-0.38686790489674083,1.4873745155161089,0.07910224298733501,0.0784313725490196,-0.0019903361013906607,0.005971662969874813,0.05076732184618478,0.03518501948461086,0.05420769856565156,False,False,False,not applicable,False,0.1761692776948553,0.5206992259902875,0.6757746313966009,1.0008652780524296,36.40987959341852,,17.35456963578532,212.6958072444765,-0.019022679081040696,1.1025951084452132,2.285557309007774
UGC06667,fixed_core,0.001,fullfit_outer_third,False,9,3,6,18.0,2.5,4,89.0,1.0,1.397,5.15,0.809,8.59,83.8,1,spiral_T1_9,spiral_T1_7,7.85,0.87,1.524271844660194,77.3,0.12067435587767156,0,-0.9748582343899462,-0.42620402689854586,0.036893894080385944,0.03571428571428571,-0.011330400647034437,-0.28258078335392345,0.3301495771904592,-0.10697962980272344,0.08015408634757416,False,False,False,not applicable,False,0.0685101536730553,0.5079500643782315,0.7,0.9985113457731916,88.99995291613806,,2.165451087247645,93.49714735146507,-0.1871337161502976,0.18306242770406148,1.888179493918325
UGC06786,fixed_core,0.001,fullfit_outer_third,False,45,15,0,29.3,7.32,1,64.0,3.0,73.407,3.6,5.03,20.31,219.4,1,S0_T0,S0_T0,34.05,0.16,9.458333333333332,218.0,0.21882340962487276,0,-2.7391521996910284,-1.5402226772868062,0.020053621332044604,0.012455357142857143,-0.01232533036143566,-0.5304550052369434,2.1168963650731327,-0.04878495497569323,-0.04915869188380944,False,False,False,not applicable,False,2.0343875298852225,0.7987461122528806,0.6525221321694291,1.3114044625754957,64.96023087286012,,8.85417769787635,217.0425154078719,0.00037373690811620675,0.9758146154815166,2.3384564936046046
UGC06787,fixed_core,0.001,fullfit_outer_third,False,71,24,2,21.3,5.32,1,66.0,3.0,98.256,5.37,5.03,26.44,248.1,2,spiral_T1_9,spiral_T1_7,37.19,0.12,6.925512104283054,238.0,0.22877949993764468,1,-1.380713339871831,-2.4457542752520993,0.010344538869694574,0.010986566554295637,-0.004786763556120616,-0.981917783269136,31.536350984530277,0.06657551413127089,0.04581494646680139,False,False,False,not applicable,False,5.643632726711869,0.9226035632812268,0.190868722762471,2.2068818214220625,70.69782299379676,,18.84214287899658,270.7563562455822,0.020760567664469494,0.840451892659417,2.376576957056512
UGC06818,fixed_core,0.001,fullfit_outer_third,False,8,3,9,18.0,2.5,4,75.0,3.0,1.588,1.39,1.079,6.96,71.2,2,spiral_T1_9,late_T8_11,6.98,0.87,5.02158273381295,55.45,0.2113258565048605,1,-0.0321289696379381,2.6505350164928814,0.080828947739583,0.08064516129032258,-0.0002652095781762176,-0.05395986686117443,0.6242531213381354,0.5896474620056784,0.14204050883293032,False,False,False,not applicable,False,0.5174999786982972,0.4438334257300207,0.7,0.9573813818913458,74.81970317478059,,5.031145738573215,106.00398601805622,0.4476069531727481,0.7008406223690661,1.743901550485179
UGC06917,fixed_core,0.001,fullfit_outer_third,False,11,4,9,18.0,2.5,4,56.0,2.0,6.832,2.76,2.023,12.67,108.7,1,spiral_T1_9,late_T8_11,10.47,1.74,3.793478260869566,100.0,0.25407438842593283,0,-2.471090638310347,-2.7750566665498866,0.042668832304754635,0.04132034632034633,-0.02192202965493726,-0.38674540709155536,0.791089238550301,-0.050505378756532916,0.2826966737281643,False,False,False,not applicable,False,0.8055486573735164,0.6019007300349788,0.7,1.0758225587979526,56.39239674481434,,2.7881147725875017,102.76674032158894,-0.33320205248469725,0.5790375996136247,2.0
UGC06923,fixed_core,0.001,fullfit_outer_third,False,6,2,10,18.0,2.5,4,65.0,2.0,2.89,1.44,0.809,6.75,79.6,2,irregular_T10_11,late_T8_11,5.16,0.93,3.5833333333333335,75.7,0.35294806338760826,1,0.8926206008715667,0.8926206008715667,0.0648600656484063,0.0648600656484063,0.011179199890399793,0.1704559156474416,0.032961268562871605,0.09586565861349836,0.15635749550027625,False,False,False,not applicable,False,0.1925609765169907,0.4783148965668752,0.7,0.9824896988554505,64.9417790916207,,1.8942278210102617,78.14257007699581,-0.060491836886777894,0.5542872095319618,1.8790958795000727
UGC06930,fixed_core,0.001,fullfit_outer_third,False,10,4,7,18.0,2.5,4,32.0,5.0,8.932,3.94,3.237,16.76,107.2,1,spiral_T1_9,spiral_T1_7,16.61,1.74,4.215736040609137,105.0,0.28809079861111114,0,-3.852136181704239,-3.6684792433295073,0.06331549439347604,0.06851851851851852,-0.03569492350671012,-0.5023897497753906,0.6129394785106026,-0.3642617216855031,-0.028485514113480336,False,False,False,not applicable,False,0.7165676452416634,0.5673410038260819,0.7,1.053772878035276,35.58283822620832,,3.5905235145453527,101.1495345384616,-0.33577620757202276,0.6248734106258204,2.0211892990699383
UGC06983,fixed_core,0.001,fullfit_outer_third,False,17,6,6,18.0,2.5,4,49.0,1.0,5.298,3.21,2.967,16.07,109.0,1,spiral_T1_9,spiral_T1_7,15.68,1.74,4.8847352024922115,108.0,0.22347473519283745,0,-4.562189130007975,-4.069460111027745,0.0788791842996736,0.08481991165477404,-0.04202300331494243,-0.4518221810302004,0.2908816836417449,-0.3310153130775917,-0.02579160009491702,False,False,False,not applicable,False,1.9980597266630216,0.792092638339632,0.7,1.157891171487881,49.28470763510493,,3.272357734778508,107.29882708790907,-0.30522371298267464,0.6888410259435476,2.03342375548695
UGC07089,fixed_core,0.001,fullfit_outer_third,False,12,4,8,18.0,2.5,4,80.0,3.0,3.585,2.26,1.214,9.29,0.0,2,spiral_T1_9,late_T8_11,9.16,0.87,4.053097345132744,66.2,0.30942208618302114,1,-0.1190379634408103,-0.06339873467685209,0.08510886248789774,0.08476947989909497,-0.00044767149221950665,-0.0024307788046952633,0.08287675871195901,0.2045618695282652,0.44050909434726304,False,False,False,not applicable,False,0.3826850742517523,0.5460576701489046,0.7,1.032914308959437,80.0966669328949,,3.8520099198485873,74.62742616699539,-0.23594722481899785,0.6077870345204496,1.8208579894397
UGC07125,fixed_core,0.001,fullfit_outer_third,False,13,5,9,19.8,5.9,1,90.0,3.0,2.712,3.38,4.629,23.04,65.2,1,spiral_T1_9,late_T8_11,18.68,1.44,5.5266272189349115,61.5,0.4483119317793022,0,-0.6145249624491086,-0.5195683465639007,0.044497031450004866,0.046564885496183206,-0.009541871174682966,-0.09105928496838663,0.6574858622814221,-0.3021258207719524,-0.028336519551028175,True,False,False,not applicable,False,0.5434387774860254,0.5522699247317657,0.7,1.1619337771296745,89.99999999998535,,4.050490563818403,55.73240521695834,-0.2737893012209242,0.7424601716164199,1.7888751157754168
UGC07151,fixed_core,0.001,fullfit_outer_third,False,11,4,6,6.87,0.34,2,90.0,3.0,2.284,1.25,0.616,6.39,73.5,1,spiral_T1_9,spiral_T1_7,5.5,0.5,4.4,67.2,0.3329463804370862,0,-1.9292537357870039,-1.6096298373052917,0.04319286431360928,0.04293845596886596,-0.025538828663045174,-0.5894745380378211,0.8146408787998132,-0.03764352488429818,0.20471733563260655,True,False,False,not applicable,False,1.6484643444937424,0.7308301216496854,0.7,1.0173734621567874,89.99999999999989,,1.3321105468468164,63.94863777669016,-0.24236086051690472,0.6434526764861874,1.8273692730538253
UGC07232,fixed_core,0.001,fullfit_outer_third,False,4,2,10,2.83,0.17,2,59.0,5.0,0.113,0.29,0.046,1.54,0.0,2,irregular_T10_11,late_T8_11,0.82,0.21,2.8275862068965516,30.700000000000003,0.29340891173811984,1,0.026369809185371906,0.026369809185371906,0.08437499999999999,0.08437499999999999,0.0015959967082189008,0.007990851268294519,0.009731066922476012,0.7383381693487295,0.7981245820787394,False,False,False,not applicable,True,0.0060964299390394,0.5007023702974318,0.7,1.000062369428825,59.0090588505919,,92.7135071898982,7459.815875003504,-0.05978641273000984,0.45141585448476057,1.4871383754771865
UGC07261,fixed_core,0.001,fullfit_outer_third,False,7,3,8,13.1,3.93,1,30.0,10.0,1.753,1.2,1.388,10.1,74.7,2,spiral_T1_9,late_T8_11,6.67,0.95,5.558333333333334,69.6,0.2424893736682283,1,-1.2249987892230034,-1.592255245893469,0.07575242785276547,0.07576974564926373,-0.016145034298603724,-0.21643088148816314,0.09932466433982969,-0.017952727045001306,0.10670391734642251,False,False,False,not applicable,False,0.9255606839203252,0.5313498197584553,0.7,1.1670938976803455,39.25560683920325,,1.6808248509522428,63.025543651307245,-0.12465664439142382,0.7449445878689241,1.842609239610562
UGC07323,fixed_core,0.001,fullfit_outer_third,False,10,4,8,8.0,2.4,1,47.0,3.0,4.109,2.26,0.722,7.14,0.0,1,spiral_T1_9,late_T8_11,5.82,0.58,2.5752212389380533,62.5,0.3757392656325991,0,-0.29108996661557995,0.04889950224195161,0.04798872900964571,0.04770918785890074,-0.004021399459698626,-0.07521704563710076,0.06672027570636367,0.4201635323562806,0.35485670205481545,False,False,False,not applicable,False,0.4348433720956434,0.5437706353987773,0.7,1.130453011628693,47.47216122545517,,2.809325490923032,77.86610964010752,0.06530683030146517,0.4108145455024876,1.7958800173440752
UGC07399,fixed_core,0.001,fullfit_outer_third,False,10,4,8,8.43,2.53,1,55.0,3.0,1.156,1.64,0.745,7.85,103.0,1,spiral_T1_9,late_T8_11,6.13,0.61,3.7378048780487805,93.4,0.10772522061740031,0,-3.3219661478172533,-2.8808296341365107,0.04251025252321887,0.042898058252427186,-0.031132948444580855,-0.6307032717783118,1.5602754090994226,-0.12188543057583563,0.25264726158755724,False,False,False,not applicable,False,2.6941108770877285,0.9297819096257174,0.7,1.677360146501972,57.52244705897938,,1.5614351468524796,99.52916567576096,-0.37453269216339286,0.5726166264707172,1.9703468762300933
UGC07524,fixed_core,0.001,fullfit_outer_third,False,31,11,9,4.74,0.24,2,46.0,3.0,2.436,3.46,1.779,12.11,79.5,1,spiral_T1_9,late_T8_11,10.69,0.35,3.0895953757225434,70.2,0.2648692110047727,0,-0.7088256751893841,-0.5119436469344691,0.040909003840929055,0.039447236180904524,-0.00828135012019973,-0.15856236101443139,0.27421493994503104,0.06733597981089869,0.21123908687653667,False,False,False,not applicable,False,1.688492612950708,0.7375972105502542,0.7,1.0237583348096633,48.62536944951647,,2.654751510930993,75.64878337811885,-0.14390310706563797,0.4899016064160014,1.8463371121298053
UGC07559,fixed_core,0.001,fullfit_outer_third,False,7,3,10,4.97,0.25,2,61.0,3.0,0.109,0.58,0.169,3.76,0.0,2,irregular_T10_11,late_T8_11,2.53,0.36,4.362068965517241,26.1,0.3392472679149306,1,-0.16172445704733343,-0.0805312917766905,0.10441192753801061,0.10385852090032154,-0.005928732526953401,-0.05006949134592365,0.04652190365471651,0.3896546362463945,0.2289153012000378,False,False,False,not applicable,False,0.048144499650349,0.4944877695042218,0.7,0.9992403458417828,60.94764518918544,,1.0383520805209456,30.81309193700028,0.1607393350463567,0.6396925276128806,1.416640507338281
UGC07577,fixed_core,0.001,fullfit_outer_third,False,9,3,10,2.59,0.13,2,63.0,3.0,0.045,0.9,0.044,2.07,0.0,2,irregular_T10_11,late_T8_11,1.69,0.19,1.8777777777777778,10.7,0.6283380799810133,1,-0.21098392097725002,-0.024557323843881207,0.2007612172861001,0.19937106918238992,-0.008324436106999865,-0.06655644194865931,0.07701236105398596,0.4255061462681041,0.9414571739920785,False,False,False,not applicable,True,0.0657289609697601,0.4924896503391293,0.7,0.9983457499505032,62.894590496293176,,666.595006550576,7452.102596636151,-0.5159510277239744,0.2736441951743487,1.0293837776852097
UGC07603,fixed_core,0.001,fullfit_outer_third,False,12,4,7,4.7,1.41,1,78.0,3.0,0.376,0.53,0.258,4.37,61.6,1,spiral_T1_9,spiral_T1_7,4.11,0.34,7.754716981132075,60.25,0.13732082370150345,0,-0.426062254786876,0.061604094919662344,0.046253251427603566,0.04643244289585753,-0.006294896164997133,-0.14742638573940342,0.4771715301683971,-0.12927329292819922,0.14789156011343518,False,False,False,not applicable,False,0.4492142104910376,0.5448203622417574,0.7,1.1347642631473114,78.11237165122706,,1.1394403103644832,67.35727192818244,-0.2771648530416344,0.8895659522752801,1.779957051246906
UGC07690,fixed_core,0.001,fullfit_outer_third,False,7,3,10,8.11,2.43,1,41.0,5.0,0.858,0.57,0.39,5.5,57.4,2,irregular_T10_11,late_T8_11,4.13,0.59,7.24561403508772,57.9,0.3331732666998187,1,-1.243067089591025,-1.300346838944705,0.07576252654017332,0.07574692442882248,-0.02233947413113711,-0.2884146379561543,0.28517601129762593,-0.35947785495453893,-0.10420609193347537,False,False,False,not applicable,False,0.4166654457299703,0.5281467153031469,0.7,1.1248455034677962,42.49018212067565,,0.7428255633402534,56.65981705368263,-0.2552717630210636,0.8600751959839097,1.7626785637274363
UGC07866,fixed_core,0.001,fullfit_outer_third,False,7,3,10,4.57,0.23,2,44.0,5.0,0.124,0.61,0.118,3.3,0.0,2,irregular_T10_11,late_T8_11,2.32,0.33,3.80327868852459,26.0,0.33955843518937673,1,-0.029848721458248424,0.37632426757609494,0.1334311673859976,0.13300653594771242,0.002215721693855463,-0.007333838196129834,0.14093182047283967,0.12573781556459707,0.4861276306190677,False,False,False,not applicable,False,0.0499664091371219,0.5048725004350916,0.7,1.000705902772616,44.24983204568561,,0.7185268626159033,29.46617157405476,-0.36038981505447065,0.5801581498801326,1.414973347970818
UGC08286,fixed_core,0.001,fullfit_outer_third,False,17,6,6,6.5,0.21,2,90.0,3.0,1.255,1.05,0.642,8.07,82.4,1,spiral_T1_9,spiral_T1_7,8.04,0.47,7.657142857142856,79.3,0.15096830726675842,0,-0.44396027397969107,-0.27023703382865705,0.024091802134170396,0.02408195694534657,-0.00518242152665353,-0.22332007690320288,0.6081909153416919,-0.07778119790621199,0.06917426440741115,True,False,False,not applicable,False,5.999999999999999,1.990535852767486,0.7,1.0533603903466977,89.999999999999,,2.611374456342551,77.34579970207716,-0.14695546231362314,0.8840667496785131,1.8992731873176039
UGC08490,fixed_core,0.001,fullfit_outer_third,False,30,10,9,4.65,0.53,2,50.0,3.0,1.017,0.67,0.72,7.8,78.6,1,spiral_T1_9,late_T8_11,10.15,0.34,15.149253731343283,78.5,0.12881128674338999,0,-0.5669410031271852,-0.3744614158909414,0.04705805679113445,0.047097916110072136,-0.007398339982273185,-0.1536425482729499,0.14719053692233086,-0.25151457200586186,-0.11677062761462063,False,False,False,not applicable,False,4.06577486434179,1.2751095275101456,0.7,1.205017583451952,54.29394296959979,,2.5318209005193832,80.03316132390367,-0.1347439443912412,1.1803912395484053,1.8948696567452525
UGC08550,fixed_core,0.001,fullfit_outer_third,False,11,4,7,6.7,2.0,1,90.0,3.0,0.289,0.45,0.288,5.59,56.9,1,spiral_T1_9,spiral_T1_7,5.36,0.49,11.911111111111111,51.6,0.16223941297927502,0,-0.3166421367992811,-0.16174376690053904,0.0364115073966162,0.03605454781564853,-0.005510879705586084,-0.14016272616668288,0.09709562885142987,0.147417032776436,0.11676574053892229,True,False,False,not applicable,False,2.746198328001481,0.9410004630501704,0.7,1.6527353873552215,89.9999999999707,,1.663322337143764,54.42652823480223,0.030651292237513714,1.0759522759174263,1.7126497016272113
UGC08699,fixed_core,0.001,fullfit_outer_third,False,41,14,2,39.3,9.82,1,73.0,9.0,50.302,3.09,3.738,19.05,182.4,2,spiral_T1_9,spiral_T1_7,25.7,0.22,8.31715210355987,184.0,0.37627120585364277,1,1.9699383771821684,3.4845949213362957,0.03207710220323413,0.033171999154052986,0.010825351194245048,0.4127922434709256,0.5457467935896377,-0.07454888680695668,-0.038839369731497986,False,False,False,not applicable,False,2.988671650870247,0.9950322787000444,0.4677429943739861,1.2053723897699016,75.83034057873019,,9.538335557968438,165.71920935592917,-0.03570951707545869,0.9199746439064599,2.2648178230095364
UGC08837,fixed_core,0.001,fullfit_outer_third,False,8,3,10,7.21,0.36,2,80.0,5.0,0.501,1.72,0.32,4.75,0.0,2,irregular_T10_11,late_T8_11,4.2,0.52,2.4418604651162794,31.7,0.3679550297458085,1,-1.0158343887109684,-1.7356602950657773,0.06956707256213195,0.06759656652360514,-0.023981951346690723,-0.29142457324178267,0.4821555145700795,0.7600855916277979,0.3862973732714103,False,False,False,not applicable,False,0.2248702882862605,0.4747696794425817,0.7,0.9982043407853188,79.88810540896203,,8.544038115167677,145.79309678885227,0.3737882183563876,0.38772084349035163,1.5010592622177514
UGC09037,fixed_core,0.001,fullfit_outer_third,False,22,8,6,83.6,8.4,1,65.0,5.0,68.614,4.28,19.078,39.72,152.3,2,spiral_T1_9,spiral_T1_7,27.96,2.43,6.5327102803738315,147.0,0.4319028865034747,1,-1.04985780703608,-1.9306004021693042,0.07429745963648093,0.05554524507750314,-0.006109719226387048,-0.1679082765745206,0.09891616728162841,-0.17315564824038998,-0.2407145496654564,False,False,False,not applicable,False,1.5521507215822017,0.3497477523448239,0.7,0.919834621246396,61.545922382424514,,7.297983197044236,150.37133941802642,0.06755890142506643,0.8150933980604718,2.167317334748176
UGC09133,fixed_core,0.001,fullfit_outer_third,False,68,23,2,57.1,11.4,1,53.0,6.0,282.926,6.97,33.428,60.35,226.8,1,spiral_T1_9,spiral_T1_7,108.31,0.32,15.53945480631277,279.0,0.23580249890422966,0,-1.29707139515055,0.9658419621253245,0.010539787610874669,0.009130434782608696,-0.005268904292072134,-0.19748251169764205,9.324471263697976,-0.11134786846008302,-0.08913550757639466,False,False,False,not applicable,False,4.59331652789192,0.5893954203687608,0.24308960460227,1.4960825411807668,64.27380588605034,,26.77165618225479,212.63152656142435,-0.02221236088368836,1.1914357777362312,2.4456042032735974
UGC09992,fixed_core,0.001,fullfit_outer_third,False,5,2,10,10.7,3.21,1,30.0,10.0,0.336,1.04,0.318,5.45,33.6,2,irregular_T10_11,late_T8_11,3.89,0.78,3.7403846153846154,33.0,0.4859173787917478,1,-1.4114104119146216,-1.4114104119146216,0.16723782755189331,0.16723782755189331,-0.04125613071163659,-0.24936579715806034,0.10265487926642818,-0.192519776172593,0.12054546010071916,False,False,False,not applicable,False,0.3193029754717957,0.5052214622088778,0.7,1.0512336085462284,33.193029754717955,,0.5256693801378415,29.41810390815261,-0.3130652362733122,0.5729162620269274,1.5185139398778875
UGC10310,fixed_core,0.001,fullfit_outer_third,False,7,3,9,15.2,4.6,1,34.0,6.0,1.741,1.8,1.196,9.58,71.4,1,spiral_T1_9,late_T8_11,7.74,1.1,4.3,69.2,0.29546292252679984,0,-0.49996505132489705,0.09148162290014739,0.07012776998033898,0.06988950276243093,-0.006456084170175608,-0.09880732239622474,0.29955613373921036,-0.1745523812171848,0.09508414551699229,False,False,False,not applicable,False,0.2131778332086432,0.5062507533158132,0.7,1.0620967552299334,35.27906699925186,,1.695882746251101,72.14855903784196,-0.2696365267341771,0.6334684555795865,1.8401060944567578
UGC11455,fixed_core,0.001,fullfit_outer_third,False,36,12,6,78.6,11.8,1,90.0,1.0,374.322,5.93,13.335,43.44,269.4,1,spiral_T1_9,spiral_T1_7,41.93,0.62,7.070826306913997,262.5,0.4795965716731458,0,2.045546018654079,-0.2648621766758481,0.0253261167601302,0.023743917274939172,0.007975297581781619,0.294524749796611,2.8517800241507723,-0.14268040609130242,-0.09086599819416642,True,False,False,not applicable,False,0.540622862464006,0.5662813915215732,0.7,1.0080957100680112,90.0,,12.85779018335573,232.9570090964025,-0.051814407897136,0.8494701690393056,2.4191293077419758
UGC11557,fixed_core,0.001,fullfit_outer_third,False,12,4,8,24.2,6.05,1,30.0,10.0,12.101,2.75,2.605,16.66,0.0,2,spiral_T1_9,late_T8_11,10.56,0.33,3.8400000000000003,64.9,0.7069414367911382,1,-0.5858249860896052,0.5626067750242356,0.08503160310522015,0.083947647560945,-0.005521758011401291,-0.04553279198775913,0.3826562940905959,0.10973888246762496,0.018719998333616258,False,False,False,not applicable,False,1.218697831789491,0.4729607207456012,0.7,0.9241300949915146,17.813021682105088,,3.319615447118589,86.77916694061325,0.0910188841340087,0.5843312243675308,1.8122446968003694
UGC11820,fixed_core,0.001,fullfit_outer_third,False,10,4,9,18.1,5.43,1,45.0,10.0,0.97,2.08,1.977,12.99,0.0,1,spiral_T1_9,late_T8_11,15.82,0.26,7.605769230769231,51.875,0.22462527073954858,0,-0.11100496555083694,-0.2623257364564324,0.012325428814686592,0.012248376371999818,-0.0016082205142325023,0.025074893579538973,0.7319173392120117,0.29570858281858814,0.28799272942155624,False,False,False,not applicable,False,4.298100573928693,1.3451789471495583,0.7,1.4825085086176606,60.61986925178804,,12.972722496165694,96.16840547420692,0.007715853397031902,0.8811431441988962,1.7149581097201492
UGC11914,fixed_core,0.001,fullfit_outer_third,False,65,22,2,16.9,5.1,1,31.0,5.0,150.028,2.44,0.888,9.26,288.1,1,spiral_T1_9,spiral_T1_7,9.83,0.28,4.028688524590164,288.0,0.6263765522730962,0,0.6954200433939274,1.3785523662775745,0.029878715646871435,0.03052474742447618,0.0025524057647003506,0.10167093308440336,0.4766289007287028,0.06357196336084515,0.07790860956774666,False,False,False,not applicable,True,0.6242246468179774,0.4833037187239298,0.8082030865566777,1.1238669168772932,33.05927659635327,,219.1114907277733,7900.369038432392,-0.014336646206901504,0.6051636914934062,2.459392487759231
UGC12506,fixed_core,0.001,fullfit_outer_third,False,31,11,6,100.6,10.1,1,86.0,4.0,139.571,7.38,35.556,59.01,234.0,2,spiral_T1_9,spiral_T1_7,49.99,0.82,6.773712737127371,238.0,0.23453830465152922,1,-0.2108826038634933,-0.6856376199421561,0.06767089744102812,0.06140350877192982,-0.0006426139956846883,0.010987379299020272,0.0340538789607345,-0.13067742190942028,-0.18689031396085642,False,False,False,not applicable,False,4.665870829204115,1.464053972258217,0.7,1.1854888357548858,86.70207950024812,,16.22011331112087,166.60230939422004,0.05621289205143615,0.8308267749295487,2.376576957056512
UGC12632,fixed_core,0.001,fullfit_outer_third,False,15,5,9,9.77,2.93,1,46.0,3.0,1.301,2.42,1.744,12.6,71.7,1,spiral_T1_9,late_T8_11,10.66,0.71,4.404958677685951,65.5,0.23331639518552516,0,-1.0553880741709434,-2.102007042174293,0.039673424389901346,0.03968705547652916,-0.014212561105948924,-0.36821591385335806,0.5728286547095071,-0.09795672078190638,0.13216770916915332,False,False,False,not applicable,False,1.48302419639168,0.5617117484526154,0.7,1.4447554652433596,48.01956846362091,,2.3029450963264964,69.85278553054434,-0.2301244299510597,0.6439418387101222,1.816241299991783
UGC12732,fixed_core,0.001,fullfit_outer_third,False,16,6,9,13.2,4.0,1,39.0,6.0,1.667,1.98,3.66,17.41,0.0,1,spiral_T1_9,late_T8_11,15.4,0.96,7.777777777777778,79.8,0.20854321549181762,0,-0.21726628000879109,0.4847235906757703,0.038492797542484046,0.03801301037923552,-0.0016778920312127705,-0.08288570322532943,0.2105153433531054,0.34186289208462756,0.4304988358482974,False,False,False,not applicable,False,2.337226697451284,0.815570083668012,0.7,1.708250514379177,51.956047790233136,,3.9169636885650303,67.08141365872203,-0.08863594376366984,0.8908555305749319,1.9020028913507294
UGCA442,fixed_core,0.001,fullfit_outer_third,False,8,3,9,4.35,0.22,2,64.0,7.0,0.14,1.18,0.263,4.37,56.4,1,spiral_T1_9,late_T8_11,6.33,0.42,5.364406779661017,51.9,0.126702775349912,0,0.4302052931966263,-0.07999345483063536,0.038595170477064754,0.048961937716262977,0.007640364896289741,0.09198246198040998,0.08513118676266945,-0.08313514293896752,0.00905029364081204,False,False,False,not applicable,False,0.2037375469010339,0.5240150484160618,0.7,1.0033454592248037,65.04455802424728,,1.99091426055573,62.88333703792412,-0.09218543657977957,0.7295217027112297,1.7151673578484579
UGCA444,fixed_core,0.001,fullfit_outer_third,False,36,12,10,0.98,0.05,2,78.0,4.0,0.012,0.83,0.067,2.08,37.0,2,irregular_T10_11,late_T8_11,2.62,0.12,3.1566265060240966,27.85,0.2168806326598016,1,-1.4389599617840556,-0.8800592160327483,0.14502723163537531,0.1392608817797131,-0.03811776853404022,-0.2274097036795073,0.16316769451532193,-0.012627537260068683,0.44864938661723847,False,False,False,not applicable,False,0.1156189154637651,0.513489888347462,0.7,0.9962213415156131,77.82575593653512,,0.8338270400790438,34.83073752107911,-0.4612769238773071,0.49922319894367156,1.4448251995097476
CamB,fixed_core,0.001,outer_holdout,True,9,2,10,3.36,0.26,2,65.0,5.0,0.075,0.47,0.012,1.21,0.0,2,irregular_T10_11,late_T8_11,1.79,0.16,3.808510638297873,10.9,0.6791787131519273,1,-5.84472673455047,-5.84472673455047,0.08195628997867804,0.08195628997867804,-0.3097202291709573,-3.8964844897003132,16.90571832154022,-0.2570537103076766,0.9105762754725217,False,False,False,not applicable,True,1.151559857281261,0.3835429626547444,0.7,0.9547066309317926,61.59123262295165,,1336.275237766666,7239.097226824926,-1.1676299857801984,0.5807551730441758,1.0374264979406236
D631-7,fixed_core,0.001,outer_holdout,True,16,4,10,7.72,0.18,2,59.0,3.0,0.196,0.7,0.29,0.0,57.7,1,irregular_T10_11,late_T8_11,7.19,0.45,10.271428571428572,47.2,0.11610138710516488,0,4.730659787609067,4.73293675221316,0.06570317185227556,0.06814113751286527,0.08196399766511946,1.2050240923292388,1.8479547742626021,0.43938651354943953,-0.1011953998143973,False,False,False,not applicable,False,0.7214166401936372,0.4234755495840834,0.7,0.9957587517984324,57.44170595767751,,3.939109246808638,81.0512716447981,0.5405819133638369,1.0116308503686258,1.6739419986340878
DDO064,fixed_core,0.001,outer_holdout,True,14,3,10,6.8,2.04,1,60.0,5.0,0.157,0.69,0.211,3.49,46.1,1,irregular_T10_11,late_T8_11,2.98,0.1,4.3188405797101455,37.9,0.2719541304946145,0,4.422681715880931,3.9523795482584703,0.14308736291465038,0.14504310344827587,0.09490546728540787,0.6651512630687915,0.44548957015054386,0.2327256059509144,0.047141534760912686,False,False,False,not applicable,False,0.0155548791865097,0.4992282600314596,0.7,1.0046664637559528,60.02621792906475,,1.1874916112342977,54.59065726691621,0.18558407119000173,0.635367173339,1.5786392099680724
DDO154,fixed_core,0.001,outer_holdout,True,12,3,10,4.04,0.2,2,64.0,3.0,0.053,0.37,0.275,4.96,47.0,2,irregular_T10_11,late_T8_11,5.92,0.49,16.0,43.3,0.13060439321894962,1,-0.9317813406965622,-1.202718308240101,0.018595831280321013,0.014767932489451477,-0.019542290250103952,-1.4062359375422948,2.8600427682733103,-0.17336105793992074,-0.3163139404013294,False,False,False,not applicable,False,1.4721642917044977,0.7017564830995264,0.7,1.0138354112308192,64.84441770716872,,1.742330406038846,50.404425009727554,0.14295288246140864,1.2041199826559248,1.6364878963533653
DDO161,fixed_core,0.001,outer_holdout,True,31,7,10,7.5,2.25,1,70.0,10.0,0.548,1.22,1.378,10.69,66.3,1,irregular_T10_11,late_T8_11,13.37,0.6,10.959016393442623,55.0,0.2561627792319553,0,-2.040932602506525,-1.9450616732924573,0.022516988673919453,0.014820359281437127,-0.030621483873529625,-1.7903516638145742,3.982072569815501,-0.14291205948997737,-0.06977410289622955,False,False,False,not applicable,False,0.38976934108573,0.5469491332519771,0.7,1.0849446045768605,71.21574244870065,,4.5139003817781,64.73122309784725,-0.07313795659374782,1.0397715765872362,1.7403626894942439
DDO168,fixed_core,0.001,outer_holdout,True,10,2,10,4.25,0.21,2,63.0,6.0,0.191,1.02,0.413,4.3,53.4,2,irregular_T10_11,late_T8_11,4.12,0.41,4.03921568627451,48.0,0.2305924264245383,1,9.171989553833239,9.171989553833239,0.04868881118881119,0.04868881118881119,0.17307641372548224,3.4904739799969917,13.119604293252973,0.41555062222310346,-0.5350961469214678,False,False,False,not applicable,False,0.9747152226162976,0.4629273285317172,0.7,0.9820800519364687,57.15170866430221,,2.285591723271088,76.9771202136971,0.9506467691445712,0.606297044271217,1.6812412373755872
DDO170,fixed_core,0.001,outer_holdout,True,8,2,10,15.4,4.62,1,66.0,7.0,0.543,1.95,0.735,9.14,60.0,2,irregular_T10_11,late_T8_11,12.33,1.87,6.323076923076923,57.1,0.23484281944444443,1,-7.169606595440829,-7.169606595440829,0.01887191854233655,0.01887191854233655,-0.11660277837924315,-6.646686331291972,54.167523308072475,-0.43971895680031003,0.27761142820150814,False,False,False,not applicable,False,0.1974537505845209,0.5158516551225579,0.7,1.0592361251753564,66.5180473619108,,2.7268094510314804,58.329288591246886,-0.7173303850018182,0.8009284652332136,1.7566361082458481
ESO079-G014,fixed_core,0.001,outer_holdout,True,15,3,4,28.7,7.17,1,79.0,5.0,51.733,5.08,3.14,17.67,175.0,1,spiral_T1_9,spiral_T1_7,16.67,0.41,3.2814960629921264,132.0,0.3315464506122449,0,-7.398806804833716,-7.227429725643418,0.012153502431887502,0.012457142857142858,-0.041740384213794855,-3.503950086458019,15.660278987497948,-0.15594099173047277,0.0773274616818912,False,False,False,not applicable,False,0.5151220378795242,0.4592808099070079,0.7,0.871309233045429,78.68632986677946,,4.705880783855651,170.88372954419688,-0.23326845341236396,0.5160718875440862,2.12057393120585
ESO116-G012,fixed_core,0.001,outer_holdout,True,15,3,7,13.0,3.9,1,74.0,3.0,4.292,1.51,1.083,9.58,109.1,1,spiral_T1_9,spiral_T1_7,9.86,0.25,6.52980132450331,102.0,0.2002782636141739,0,-3.716324853172542,-3.0407286386476784,0.027467776217776223,0.02099099099099099,-0.033317346891422524,-1.0939984200223778,1.392664756763087,-0.2240195188836818,0.10604430162247715,False,False,False,not applicable,False,0.8524158786648843,0.6084313623447799,0.7,1.2545821731794582,74.31310696028247,,2.770583025360812,107.73181675518396,-0.33006382050615896,0.8148999676480417,2.0086001717619175
ESO563-G021,fixed_core,0.001,outer_holdout,True,30,6,4,60.8,9.1,1,83.0,3.0,311.177,5.45,24.298,55.71,314.6,1,spiral_T1_9,spiral_T1_7,42.41,0.45,7.7816513761467885,310.5,0.2624532912705312,0,-58.09875317504509,-62.094383246995065,0.03136431244070096,0.02833213141025641,-0.18335239601134581,-6.352798759534463,43.788274011877974,-0.48885906978243354,-0.037644650267524775,False,False,False,not applicable,False,2.7807311826610506,0.2635705519662001,0.7,0.6023320166540661,82.56142001898831,,5.826738181480062,378.5704167156862,-0.45121441951490876,0.8910717701830672,2.492061604512599
F568-3,fixed_core,0.001,outer_holdout,True,18,4,7,82.4,8.24,1,40.0,10.0,8.346,4.99,3.195,16.14,0.0,1,spiral_T1_9,spiral_T1_7,17.98,0.64,3.603206412825651,83.9,0.22469191106035866,0,-16.993166887165764,-17.64674712712651,0.10024752475247525,0.1,-0.1462260512385926,-1.4619176939121852,3.048021125589858,-0.2833691370759256,0.4517039611051207,False,False,False,not applicable,False,0.8244732644845035,0.4684703339154101,0.7,0.9851606890844924,31.755267355154963,,3.471329615583087,109.69551435899793,-0.7350730981810463,0.55668914177382,1.9237619608287002
F568-V1,fixed_core,0.001,outer_holdout,True,15,3,7,80.6,8.06,1,40.0,10.0,3.825,2.85,2.491,14.38,112.3,1,spiral_T1_9,spiral_T1_7,17.63,0.39,6.185964912280701,111.0,0.1326219548980178,0,-18.935628582810878,-14.854961075979602,0.13637435245354848,0.12372881355932203,-0.16367063670361578,-1.311370575147932,2.3733123782032144,-0.3645705752775329,0.10345403735685986,False,False,False,not applicable,False,0.0710553526883128,0.5034388205803002,0.7,1.0017484736059228,40.71055352688313,,2.1885964593543736,124.1528813233238,-0.46802461263439277,0.7914074522908118,2.0453229787866576
F571-8,fixed_core,0.001,outer_holdout,True,13,3,5,53.3,10.7,1,85.0,5.0,10.164,3.56,1.782,24.55,139.7,1,spiral_T1_9,spiral_T1_7,15.55,0.22,4.367977528089888,105.0,0.13552480932784639,0,-7.71630494850299,-4.560170243321153,0.03097442680776014,0.02962962962962963,-0.0540399926167247,-1.6357816737231579,4.5827369353740925,-0.1267063718085648,0.12051983234316586,False,False,False,not applicable,False,2.2691092689873,0.3610018183559486,0.7,0.544475249940636,84.48107507013486,,3.951554400462924,154.42033867878555,-0.2472262041517307,0.6402803953899812,2.0211892990699383
F574-1,fixed_core,0.001,outer_holdout,True,14,3,7,96.8,9.68,1,65.0,10.0,6.537,4.46,3.524,16.19,97.8,1,spiral_T1_9,spiral_T1_7,12.6,0.47,2.8251121076233185,90.95,0.19377821817272864,0,-8.82567731769907,-9.06299556981692,0.047512301040951,0.04676113360323887,-0.08879340437653342,-1.866273374579163,3.55245293368743,-0.19242398133494745,0.05967520260512282,False,False,False,not applicable,False,0.3710641396801371,0.5445984717672704,0.7,1.0205811320949718,67.96721251281568,,2.586682742289909,101.26059723697432,-0.25209918394007025,0.4510356864054211,1.9588027033995024
F583-1,fixed_core,0.001,outer_holdout,True,25,5,9,35.4,8.85,1,63.0,5.0,0.986,2.36,2.126,15.65,85.8,1,spiral_T1_9,late_T8_11,16.26,0.26,6.889830508474577,59.4,0.11657047545509146,0,-10.597044774861185,-10.036766007612599,0.11211436640099007,0.10023310023310024,-0.12450576223290752,-1.5107360308586912,3.6221041211934244,-0.13603411476685434,0.12231259323214916,False,False,False,not applicable,False,0.0748127159741743,0.4926279572518149,0.7,0.9812968210064564,62.868688052859625,,2.6156424352060483,82.3908021866125,-0.2583467079990035,0.8382085382879428,1.7737864449811935
F583-4,fixed_core,0.001,outer_holdout,True,12,3,5,53.3,10.7,1,55.0,10.0,1.715,1.93,0.641,7.8,0.0,1,spiral_T1_9,spiral_T1_7,7.29,0.22,3.77720207253886,58.5,0.2146088087198342,0,-9.845941455171863,-9.528181965479924,0.0730345887499741,0.07291666666666667,-0.1451054759567014,-2.0093758071779315,4.496707119353793,-0.2485617488154159,0.4539368305480994,False,False,False,not applicable,False,0.2208435671120615,0.5232113418498069,0.7,1.0381231934214143,57.20843567112061,,1.5286636157280182,61.51737314151355,-0.7024985793635153,0.5771702193102008,1.7671558660821804
IC2574,fixed_core,0.001,outer_holdout,True,34,7,9,3.91,0.2,2,75.0,7.0,1.016,2.78,1.036,10.81,66.4,2,spiral_T1_9,late_T8_11,10.23,0.85,3.679856115107914,43.65,0.22640774467626615,1,-2.364660083935753,-2.4467457067159444,0.09481091888799838,0.09344262295081968,-0.036112989772139996,-0.7142263486140396,1.480100309635133,0.5373554921683579,0.5119834771158689,False,False,False,not applicable,False,1.752108301978047,0.748481093358642,0.7,1.033570724332725,79.29011442577736,,5.834324778561693,71.56719382663074,0.025372015052488983,0.5658308377940839,1.6399842480415885
IC4202,fixed_core,0.001,outer_holdout,True,32,7,4,100.4,10.0,1,90.0,1.0,179.749,4.78,12.326,32.13,242.6,1,spiral_T1_9,spiral_T1_7,25.9,0.77,5.418410041841003,240.5,0.4458680655702384,0,-37.2070103821215,-40.966059793927,0.05180694210449381,0.040160642570281124,-0.15327917018524556,-4.593084030697887,32.029345343136924,-0.43094776088609094,0.07622785046214445,True,False,False,not applicable,False,5.999999999993903,1.1705124685504196,0.1758320502059174,0.6597503119230037,89.99999999998032,,2.6575094437345768,213.8162736096917,-0.5071756113482354,0.7338718674691329,2.3811150807098507
KK98-251,fixed_core,0.001,outer_holdout,True,15,3,10,6.8,2.04,1,59.0,5.0,0.085,1.34,0.115,2.9,33.7,2,irregular_T10_11,late_T8_11,3.13,0.25,2.335820895522388,21.8,0.34459562836388274,1,6.042804405481287,5.5506848335166055,0.05878102014396508,0.05847953216374269,0.17690646949666747,3.0214022027406435,10.754134351861525,0.7371168574649181,0.11376130439344363,False,False,False,not applicable,True,0.1345304570323361,0.4977049043799254,0.7,0.9596408628902992,58.77231977127664,,343.0775731936843,7441.238532219984,0.6233555530714744,0.3684395391816408,1.3384564936046048
NGC0024,fixed_core,0.001,outer_holdout,True,29,6,5,7.3,0.36,2,64.0,3.0,3.889,1.34,0.676,7.29,106.3,1,spiral_T1_9,spiral_T1_7,11.27,0.21,8.410447761194028,92.4,0.23735984365446766,0,-31.498506200356328,-36.53508532332359,0.05590564020769221,0.0376583450952717,-0.2928328406093091,-9.40939533962475,137.2716434810228,-0.3895364821688514,0.012810577307638533,False,False,False,not applicable,False,0.0188871251901505,0.5021791957864802,0.7,1.0003762999743064,64.02369239934463,,0.7804999469681245,102.10741593811774,-0.4023470594764899,0.9248191176812989,1.9656719712201067
NGC0055,fixed_core,0.001,outer_holdout,True,21,5,9,2.11,0.11,2,77.0,3.0,4.628,6.11,1.565,10.24,85.6,2,spiral_T1_9,late_T8_11,13.5,1.23,2.20949263502455,82.4,0.3066324672563132,1,-0.6787667469486337,-0.49632122277738233,0.05874564875253716,0.06358381502890173,-0.007764532145482723,-0.22989381527328723,0.18555767933078424,-0.10597069487265816,0.07977277874492703,False,False,False,not applicable,False,0.2580879905295598,0.4711521803939628,0.7,0.9966945206367326,76.91145971053774,,4.000748862641686,84.30556077838283,-0.1857434736175852,0.34429255825245186,1.9159272116971158
NGC0100,fixed_core,0.001,outer_holdout,True,21,5,6,13.5,4.05,1,89.0,1.0,3.232,1.66,1.99,16.36,88.1,1,spiral_T1_9,spiral_T1_7,9.62,0.23,5.795180722891566,77.8,0.16738598530612242,0,-7.213131741056259,-7.361346909222391,0.09508027717953627,0.08730337078651684,-0.08059893480864581,-0.9358108684878081,1.0976296223880735,-0.14325790893677462,0.3098878013373376,False,False,False,not applicable,False,0.1474203047095565,0.5158082691844942,0.7,1.044226091412867,89.00031254853006,,2.7410133530741287,86.40242704094237,-0.4531457102741122,0.7630669839977579,1.890979596989689
NGC0247,fixed_core,0.001,outer_holdout,True,26,6,7,3.7,0.19,2,74.0,3.0,7.332,3.74,1.746,12.79,104.9,2,spiral_T1_9,spiral_T1_7,14.54,1.08,3.887700534759358,88.9,0.25259502040816323,1,-7.985388484074758,-7.296065173652302,0.08116651303376161,0.08238095238095239,-0.07514432107978705,-0.9369391127964611,0.9474316245277392,-0.1248179900653916,0.13022088841754906,True,False,False,not applicable,True,5.999999999999877,1.9905358527674304,0.7,1.1253651531166693,77.6730298628889,,1336.7073004828594,7580.806634435996,-0.25503887848294066,0.5896928043225388,1.9489017609702137
NGC0289,fixed_core,0.001,outer_holdout,True,28,6,4,20.8,5.2,1,46.0,5.0,72.065,6.74,27.469,49.51,163.0,2,spiral_T1_9,spiral_T1_7,71.12,1.5,10.55192878338279,175.0,0.2353007261095904,1,0.011686984648325923,1.300508738958925,0.06067258848150741,0.060236081747709655,0.0006229075850678426,0.17082663902915785,0.6814491904721259,-0.42780927241166916,-0.15548364811763798,False,False,False,not applicable,False,1.2218774669171155,0.6624570877142962,0.7,1.2745594811728844,50.08726613672424,,17.158610236595315,161.1900832789146,-0.2723256242940312,1.0233318514268375,2.2430380486862944
NGC0300,fixed_core,0.001,outer_holdout,True,25,5,7,2.08,0.1,2,42.0,10.0,2.922,1.75,0.936,9.2,93.3,2,spiral_T1_9,spiral_T1_7,11.8,0.91,6.742857142857143,88.2,0.14859433958186558,1,-10.977402421759155,-10.330907819657867,0.08633011744677598,0.11422413793103449,-0.1169077547027815,-2.8988112329921565,14.372749499900328,-0.4374584269613581,-0.1932527297188096,False,False,False,not applicable,False,1.2845111299740564,0.6580052970026674,0.7,1.0119350887237424,54.845111299740566,,2.8201863766485005,85.32700539866714,-0.2442056972425485,0.828843958619831,1.9454685851318196
NGC0801,fixed_core,0.001,outer_holdout,True,13,3,5,80.7,8.07,1,80.0,1.0,312.57,8.72,23.201,44.99,220.1,1,spiral_T1_9,spiral_T1_7,59.82,1.17,6.860091743119265,219.0,0.44167279456721115,0,-22.812641360121876,-24.66267194719191,0.024913464866735898,0.021962616822429906,-0.10578879888315369,-5.220329151971391,36.52180018123594,-0.3413629533747596,0.03562389938023551,False,False,False,not applicable,False,0.9903711612690712,0.6280686562108365,0.7,1.0396408032544535,80.02530128542793,,14.032359069295676,146.54047055914094,-0.3769868527549951,0.8363299237627321,2.3404441148401185
NGC0891,fixed_core,0.001,outer_holdout,True,18,4,3,9.91,0.5,2,90.0,1.0,138.34,2.55,4.462,18.16,216.1,1,spiral_T1_9,spiral_T1_7,17.11,0.92,6.709803921568628,222.5,0.549237392179311,0,-5.699327608084744,-5.936732049753758,0.018868353010490106,0.020711360398860398,-0.026909705765656253,-1.3882700131059895,2.024183701741253,-0.3983853762439441,-0.2683750398256423,True,False,False,not applicable,False,2.8702494416871067,0.2581933545982957,0.669766462759438,0.965022327449384,89.99999999992187,,4.088023825488127,208.3719801408788,-0.1300103364183018,0.8267098291071451,2.3473300153169503
NGC1003,fixed_core,0.001,outer_holdout,True,36,8,6,11.4,3.42,1,67.0,5.0,6.82,1.61,5.88,33.33,109.8,1,spiral_T1_9,spiral_T1_7,30.24,1.25,18.782608695652172,103.5,0.11659439354440493,0,-7.236815000343636,-6.947616378014388,0.020350824278704563,0.020558213716108453,-0.06441324708329342,-3.401706713188693,12.637490540462682,0.12348774329134535,0.19848596046011582,False,False,False,not applicable,False,1.813550317511425,0.6690206092752773,0.7,1.5440650952534276,69.96963857274716,,9.022709217344293,107.6360335939936,-0.07499821716877048,1.273755910797319,2.0149403497929366
NGC1090,fixed_core,0.001,outer_holdout,True,24,5,4,37.0,9.25,1,64.0,3.0,72.045,3.53,8.783,30.49,164.4,1,spiral_T1_9,spiral_T1_7,30.09,0.35,8.524079320113314,165.0,0.34270975108654694,0,-1.2403835346581615,-1.359662593363879,0.013782955578277665,0.013765432098765433,-0.00767698649895477,-0.5562258002951397,0.40897353495058475,-0.1365386721558563,-0.08072253427834408,False,False,False,not applicable,False,1.074941644347124,0.64041894197424,0.7,1.116036313163134,64.31309435109124,,9.935597937268357,138.4587221189152,-0.05581613787751222,0.9306474823522579,2.2174839442139063
NGC2403,fixed_core,0.001,outer_holdout,True,73,15,6,3.16,0.16,2,63.0,3.0,10.041,1.39,3.199,15.11,131.2,1,spiral_T1_9,spiral_T1_7,20.87,0.16,15.014388489208635,114.0,0.2004949237023836,0,-23.033842816079225,-25.03132363285704,0.030535903023744773,0.02875,-0.17132184518232038,-9.360046833820432,152.99930721671677,-0.44550242982385807,0.031459234772276495,False,False,False,not applicable,False,2.4421858832864323,0.657087408644789,0.7,1.1236549814322243,69.39961782422363,,3.7646467536592927,118.73574865750268,-0.47696166459613454,1.176507648811359,2.0569048513364727
NGC2683,fixed_core,0.001,outer_holdout,True,11,3,3,9.81,0.49,2,80.0,5.0,80.415,2.18,1.406,13.79,154.0,2,spiral_T1_9,spiral_T1_7,34.62,2.89,15.880733944954127,172.0,0.25418338475200797,1,-24.175801229203085,-24.137809789553785,0.06882877590258492,0.06451612903225806,-0.15592497979661357,-2.2742282179921207,5.183807969049678,-0.5107115685316508,-0.3177853212778884,False,False,False,not applicable,False,0.7720748965810693,0.5972793418038752,0.7304375041555945,1.0102430567253944,80.59925238482563,,4.704586591795391,159.4984034976988,-0.1929262472537624,1.2008705699347701,2.2355284469075487
NGC2841,fixed_core,0.001,outer_holdout,True,50,10,3,14.1,1.4,3,76.0,10.0,188.121,3.64,9.775,45.12,284.8,1,spiral_T1_9,spiral_T1_7,63.64,3.44,17.483516483516482,301.0,0.18115576613796608,0,-36.483443741925655,-36.322333350012585,0.017859856670647732,0.01539065588026035,-0.12738847409673765,-6.96388792279217,53.576287919200865,-0.38246618835022805,0.16915162949146478,False,False,False,not applicable,False,2.967090132807989,0.99009990220888,0.8950865292086727,1.1448896992038589,83.10371608444979,,12.57079781121194,253.74337167948892,-0.5516178178416928,1.242628787325488,2.4785664955938436
NGC2903,fixed_core,0.001,outer_holdout,True,34,7,4,6.6,1.98,1,66.0,3.0,81.863,2.33,2.552,13.76,184.6,1,spiral_T1_9,spiral_T1_7,24.96,0.32,10.71244635193133,189.5,0.29820008400292186,0,-18.030128441184306,-15.450964083449378,0.021318938516700074,0.016853932584269662,-0.09966483297971639,-4.930908889232707,25.240265727065466,-0.4509483360107165,-0.11587509789217186,False,False,False,not applicable,False,0.341707691850425,0.5214480613588609,0.7,0.8974876924448725,65.85603459585958,,4.749555297670463,179.29233461384536,-0.3350732381185446,1.0298886599843673,2.2776092143040914
NGC2915,fixed_core,0.001,outer_holdout,True,30,6,11,4.06,0.2,2,56.0,4.0,0.641,0.55,0.508,7.16,83.5,2,irregular_T10_11,late_T8_11,10.04,0.34,18.25454545454545,81.15,0.0764037753062881,1,-13.857171573235613,-14.83423656235523,0.07493151713431906,0.07116753451488081,-0.1632654799638293,-2.295497212687697,5.866557488673032,-0.4211941685015578,0.30752732726750026,False,False,False,not applicable,False,0.7141850834678153,0.4241812777558693,0.7,0.992655162754469,54.81702602117202,,1.654394358669962,97.12384959479238,-0.728721495769058,1.2613710233147566,1.9092885241622508
NGC2955,fixed_core,0.001,outer_holdout,True,24,5,3,97.9,9.8,1,56.0,7.0,319.422,18.76,28.949,40.34,0.0,1,spiral_T1_9,spiral_T1_7,35.43,0.75,1.8885927505330489,255.5,0.5584935718233018,0,29.41900424764534,29.347931718781524,0.05344261392480596,0.05354330708661417,0.1190391084204985,2.2802060915926554,5.750786497668462,-0.1628129995089752,-0.3268030260283482,False,False,False,not applicable,False,1.8855602256793085,0.3239022626067344,0.9428864913744526,0.9729682651497862,52.56292151055491,,9.69731634441161,270.590104798279,0.163990026519373,0.2761383182901315,2.4073909044707316
NGC2976,fixed_core,0.001,outer_holdout,True,27,6,5,3.58,0.18,2,61.0,10.0,3.371,1.01,0.172,3.04,85.4,2,spiral_T1_9,spiral_T1_7,2.27,0.11,2.2475247524752477,49.2,0.5898784583113941,1,2.5811203302928405,1.9040611980945314,0.05294922752827507,0.05256260291542557,0.031078405365124157,0.5706291654311678,0.441269370975617,0.37050108287040456,0.297763937630636,False,False,False,not applicable,False,0.1927309930397244,0.4782961719808813,0.7,0.9982030973694496,59.54365623597541,,1.6598451539337815,106.62746069357324,0.07273714523976854,0.35170448341048016,1.6919651027673603
NGC2998,fixed_core,0.001,outer_holdout,True,13,3,5,68.1,10.2,1,58.0,2.0,150.902,6.2,23.451,43.58,209.9,1,spiral_T1_9,spiral_T1_7,42.28,0.33,6.819354838709677,206.0,0.34193970772994775,0,8.926983821021395,6.20417112547517,0.012750834508969527,0.014084507042253521,0.043113934728404434,3.251720602637589,12.50550397177569,0.011569799999872727,-0.1747503217706838,False,False,False,not applicable,False,1.852896230912369,0.7660544283002594,0.7,1.1558546057534858,58.68218129142366,,19.66535789336588,201.6910264414153,0.18632012177055654,0.8337432891371348,2.3138672203691533
NGC3109,fixed_core,0.001,outer_holdout,True,25,5,9,1.33,0.07,2,70.0,5.0,0.194,1.56,0.477,6.0,66.2,1,spiral_T1_9,late_T8_11,6.45,0.26,4.134615384615385,50.6,0.10808169534354384,0,-3.5909354814742356,-3.5281803148178597,0.04745520936839689,0.048048048048048055,-0.05411925737143064,-1.1435239116137192,1.3712930859704489,0.047482776122888266,0.18895598992328522,False,False,False,not applicable,False,0.1142515871318537,0.5133282471598225,0.7,0.9997438245852774,69.9705868024301,,2.234095791412291,68.86238989467479,-0.14147321380039696,0.6164351162808062,1.7041505168397992
NGC3198,fixed_core,0.001,outer_holdout,True,43,9,5,13.8,1.4,3,73.0,3.0,38.279,3.14,10.869,35.66,150.1,1,spiral_T1_9,spiral_T1_7,44.08,0.32,14.038216560509554,146.0,0.23196221382998686,0,-16.161164968438527,-16.545711697475326,0.01497055479639963,0.013513513513513514,-0.10857095931051468,-7.104741201076867,60.47409418264047,-0.3709912420888014,0.0458946547723965,False,False,False,not applicable,False,1.789775813308318,0.7550011022446853,0.7,1.0771690513954293,73.74004629230541,,7.714972704199176,141.18195894444702,-0.4168858968611979,1.1473119377705137,2.164352855784437
NGC3521,fixed_core,0.001,outer_holdout,True,41,9,4,7.7,2.3,1,75.0,5.0,84.836,2.4,4.154,18.85,213.7,1,spiral_T1_9,spiral_T1_7,17.74,0.51,7.391666666666667,213.0,0.6675563224126786,0,-13.383644235768214,-13.041064964387488,0.0728212436399789,0.05194174757281553,-0.0635459067647633,-1.1318969745308993,2.131940590534798,0.0008044304757334322,-0.03420928318373165,False,False,False,not applicable,True,0.3731700056273725,0.5370443807589996,0.7,1.1114663653172672,75.31750335299576,,451.3393085966444,7470.06831073308,0.03501371365946508,0.8687423737841016,2.3283796034387376
NGC3726,fixed_core,0.001,outer_holdout,True,12,3,5,18.0,2.5,4,53.0,2.0,70.234,3.4,6.473,22.2,168.0,2,spiral_T1_9,spiral_T1_7,32.52,3.5,9.564705882352943,159.0,0.26180609751099576,1,-19.54354000465749,-20.53382147229081,0.07227836521940621,0.0630952380952381,-0.11633573034066223,-1.646515023242757,2.765913329084032,-0.17520189008033166,-0.033377004854594064,False,False,False,not applicable,False,0.7796511910569132,0.5983222087412774,0.7,1.0346060082292698,53.193914964090105,,11.499975111549414,136.5675190619377,-0.1418248852257376,0.9806716198797755,2.2013971243204513
NGC3741,fixed_core,0.001,outer_holdout,True,21,5,10,3.21,0.17,2,70.0,4.0,0.028,0.2,0.182,4.2,50.1,1,irregular_T10_11,late_T8_11,7.0,0.23,35.0,36.5,0.08112721999999999,0,-7.571192815601779,-7.564297781506397,0.05102019830312372,0.047808764940239036,-0.15040162684138147,-2.909094526265963,8.76149857006882,-0.2770776057678525,0.16350615604685195,False,False,False,not applicable,False,2.357979791678299,0.860533899687092,0.7,1.0352452711728688,72.31650854288473,,1.6221939215452643,49.07916805846691,-0.4405837618147045,1.5440680443502757,1.5622928644564746
NGC3769,fixed_core,0.001,outer_holdout,True,12,3,3,18.0,2.5,4,70.0,2.0,18.679,3.38,5.529,22.57,118.6,2,spiral_T1_9,spiral_T1_7,37.16,1.74,10.994082840236686,118.0,0.16445895862183707,1,-37.84678780919414,-38.384139392059296,0.08845115595459896,0.08813559322033898,-0.32260169803265953,-3.6521141974128106,13.3547353479816,-0.4905408757469539,-0.4366358833199427,False,False,False,not applicable,False,0.4740773013800163,0.448293326903485,0.7,0.9608746717809108,69.9004214123205,,3.851974026647507,120.05855773064918,-0.05390499242701119,1.0411590050439494,2.0718820073061255
NGC3877,fixed_core,0.001,outer_holdout,True,13,3,5,18.0,2.5,4,76.0,1.0,72.535,2.53,1.483,11.47,168.4,2,spiral_T1_9,spiral_T1_7,11.35,0.87,4.486166007905139,162.0,0.7102281327684605,1,-11.524786453427888,-11.697965765401847,0.034534833622711696,0.033529411764705884,-0.06789242913644013,-1.9201655231935912,3.79555239319758,-0.39549273112905575,-0.07022386982657271,False,False,False,not applicable,False,1.727193411371244,0.3359314489775955,0.7,0.8248188469478996,75.93449066484787,,2.184418929070663,158.65033191949615,-0.32526886130248306,0.6518753403533236,2.2095150145426308
NGC3893,fixed_core,0.001,outer_holdout,True,10,2,5,18.0,2.5,4,49.0,2.0,58.525,2.38,5.799,20.84,174.0,1,spiral_T1_9,spiral_T1_7,19.05,1.74,8.004201680672269,182.5,0.3342177117214111,0,-10.295442235137926,-10.295442235137926,0.07365779804028307,0.07365779804028307,-0.05988586355420236,-0.8282569199806622,0.7104131573804642,-0.4219907749108645,-0.5447266059346096,False,False,False,not applicable,False,0.0920236073642034,0.5107076520902422,0.7,0.9976969707300786,48.98553515794097,,4.032053278264405,168.41676267066936,0.12273583102374513,0.9033180229551262,2.2612628687924934
NGC3917,fixed_core,0.001,outer_holdout,True,17,4,6,18.0,2.5,4,79.0,2.0,21.966,2.63,1.888,14.08,135.9,1,spiral_T1_9,spiral_T1_7,14.86,0.87,5.650190114068441,134.0,0.31395441152965,0,-11.62718333924444,-11.910052942996018,0.03825505130646356,0.03636411721146726,-0.08468589340556329,-2.174262822461399,4.886222933492654,-0.4294521332701403,0.011079832934552987,False,False,False,not applicable,False,0.6886105955658274,0.4266865416698818,0.7,0.9512629680851256,78.93437108681407,,3.2111576717809003,135.32463346916384,-0.4405319662046933,0.7520630609347986,2.1271047983648077
NGC3953,fixed_core,0.001,outer_holdout,True,8,2,4,18.0,2.5,4,62.0,1.0,141.301,4.89,2.832,17.38,220.8,1,spiral_T1_9,spiral_T1_7,15.68,3.5,3.206543967280164,219.5,0.5688839644451532,0,-14.217707486882176,-14.217707486882176,0.03617421096345515,0.03617421096345515,-0.06494165268637628,-1.8522665057338439,3.484097783310485,-0.4980974711685203,-0.34863769161990155,False,False,False,not applicable,False,0.2949583808658702,0.5351380631175549,0.7,1.0265569860068744,62.02620169642589,,2.8708005583844627,157.2007616558453,-0.14945977954861878,0.5060371992247994,2.34143452457814
NGC3972,fixed_core,0.001,outer_holdout,True,10,2,4,18.0,2.5,4,77.0,1.0,14.353,2.18,1.214,10.05,132.7,1,spiral_T1_9,spiral_T1_7,8.72,0.87,4.0,113.0,0.3368280611870436,0,-14.941867721366343,-14.941867721366343,0.041044776119402986,0.041044776119402986,-0.11150647553258465,-2.7927237446780504,8.284912513277575,-0.3447909179488957,0.0,False,False,False,not applicable,False,0.113306303226681,0.5132165284653719,0.7,1.0143962724234867,77.00609792858393,,2.2462945381074317,113.2039090179535,-0.3447909179488957,0.6020599913279624,2.0530784434834195
NGC3992,fixed_core,0.001,outer_holdout,True,9,2,4,23.7,2.3,5,56.0,2.0,226.932,4.96,16.599,32.75,241.0,1,spiral_T1_9,spiral_T1_7,46.02,9.19,9.278225806451614,248.0,0.2588026617999001,0,-3.243600440353859,-3.243600440353859,0.0310065304550309,0.0310065304550309,-0.013579197361815632,-0.445857782754461,0.20094731866450288,-0.17733257460328902,-0.15965729576112495,False,False,False,not applicable,False,2.841685904709565,0.9619192031584908,0.7,1.1056464919110691,57.11946902860187,,19.610380717941734,196.17671490738783,-0.017675278842164077,0.9674649378424272,2.3944516808262164
NGC4010,fixed_core,0.001,outer_holdout,True,12,3,7,18.0,2.5,4,89.0,1.0,17.193,2.81,2.832,17.59,125.8,2,spiral_T1_9,spiral_T1_7,10.47,0.87,3.725978647686833,109.5,0.36410069459969785,1,19.656131735118596,20.22636658538198,0.03775124189592641,0.04015748031496063,0.15895714781929496,4.3963316133586945,22.951239114357737,0.38722332890128097,-0.22013486578216399,False,False,False,not applicable,False,0.0609108366268772,0.4930363285056789,0.7,0.9929468416259504,88.99977894155624,,7.095510330828149,188.26007649373125,0.607358194683445,0.5712403617737625,2.0394141191761372
NGC4013,fixed_core,0.001,outer_holdout,True,36,8,3,18.0,2.5,4,89.0,1.0,79.094,3.53,2.967,31.35,172.9,2,spiral_T1_9,spiral_T1_7,31.01,5.49,8.784702549575071,178.0,0.24156643395061728,1,-3.7388799078566883,-5.307073089860353,0.034634033776238124,0.02841275991217874,-0.020696981580410008,-0.7081594489001313,0.7885942842843815,0.004522322397173573,-0.23499055372971203,False,False,False,not applicable,False,0.7167722644295005,0.5839257743218501,0.8055670974302875,1.0995517033929862,89.00344549301677,,12.777896512815282,173.66236826843075,0.2395128761268856,0.9437270608495039,2.250420002308894
NGC4088,fixed_core,0.001,outer_holdout,True,12,3,4,18.0,2.5,4,69.0,2.0,107.286,2.58,8.226,22.25,171.7,1,spiral_T1_9,spiral_T1_7,21.48,1.74,8.325581395348838,171.0,0.6009229994319083,0,-6.205997187568329,-7.071772502573452,0.042636650839917634,0.04367816091954023,-0.035830506129486926,-0.7694469055165148,1.0970855305661036,-0.11551963684687595,0.25250065109124226,False,False,False,not applicable,False,0.4522415754343612,0.4505529595548132,0.7,0.9594109471327013,68.8911862356198,,9.739946267192426,140.91536330358502,-0.3680202879381182,0.9204145710642879,2.2329961103921536
NGC4100,fixed_core,0.001,outer_holdout,True,24,5,4,18.0,2.5,4,73.0,2.0,59.394,2.15,3.102,18.06,158.2,1,spiral_T1_9,spiral_T1_7,22.76,2.61,10.586046511627908,178.5,0.3063761352878611,0,3.634207565345787,3.0531787839564117,0.04716376273136208,0.04810126582278481,0.02293490474756648,0.5232653556002073,0.5461120358545993,-0.40189152626620567,-0.29341108472731686,False,False,False,not applicable,False,1.5215641624042089,0.709784351956033,0.7,1.1101377089221034,73.26608448499978,,6.045514685519037,147.9103101535908,-0.1084804415388888,1.0247337978074282,2.251638220448212
NGC4157,fixed_core,0.001,outer_holdout,True,17,4,3,18.0,2.5,4,82.0,3.0,105.62,2.32,8.226,24.09,184.7,1,spiral_T1_9,spiral_T1_7,29.61,1.74,12.76293103448276,185.0,0.3445311366921031,0,-3.984422937094884,-3.659382600335576,0.06441040268880381,0.06740191804707935,-0.021512233813453387,-0.33295054928637374,0.11509581177381611,-0.11202645488172389,-0.04222334061252832,False,False,False,not applicable,False,0.366077999584274,0.5432113015704586,0.6434136053302677,0.9980380908258154,81.99551569927809,,11.19859624429893,172.12338189176697,-0.06980311426919557,1.1059504224983996,2.2671717284030137
NGC4183,fixed_core,0.001,outer_holdout,True,23,5,6,18.0,2.5,4,82.0,2.0,10.838,2.79,3.506,16.07,110.6,1,spiral_T1_9,spiral_T1_7,21.02,0.87,7.534050179211469,109.0,0.24187166578330843,0,-18.154305236774945,-17.288224886421403,0.06610454824869862,0.04818181818181818,-0.1633580279262865,-2.605329788354846,6.964780953985004,-0.4578172596411656,0.1492705288542871,False,False,False,not applicable,False,1.3777804230392947,0.6866699569461056,0.7,1.1163313105555883,82.12993272642944,,3.2492334273430985,104.26880029528895,-0.6070877884954526,0.8770285084186259,2.037426497940624
NGC4217,fixed_core,0.001,outer_holdout,True,19,4,3,18.0,2.5,4,86.0,2.0,85.299,2.94,2.562,16.7,181.3,1,spiral_T1_9,spiral_T1_7,16.72,0.87,5.687074829931973,179.0,0.5874801832027714,0,-5.394713024931356,-4.713753340413405,0.048737355871205874,0.04463276836158192,-0.030377102695420828,-0.5531957526069586,0.4211093155995298,-0.3784786389031962,-0.029234965599599035,False,False,False,not applicable,False,3.1077101902387927,0.4853835059724006,0.3675147046467248,0.5683735846890565,85.87183592465537,,3.7919015619624448,193.68112058836212,-0.3492436733035972,0.7548889426908403,2.2528530309798933
NGC4559,fixed_core,0.001,outer_holdout,True,32,7,6,9.0,2.7,1,67.0,1.0,19.377,2.1,5.811,21.16,121.2,1,spiral_T1_9,spiral_T1_7,20.97,0.67,9.985714285714284,119.5,0.33695148481590975,0,4.21529729654034,4.561391617171083,0.049406482452475205,0.0495,0.034874651853632053,0.7041361355668508,0.5205216752937692,-0.03298878532542287,-0.12598735944065334,False,False,False,not applicable,False,0.5492249929754279,0.5584536461603099,0.7,1.1647674978926283,67.0315474903042,,6.948809610404545,114.87171840637808,0.09299857411523046,0.9993791357314245,2.0773679052841563
NGC5005,fixed_core,0.001,outer_holdout,True,18,4,4,16.9,1.5,5,68.0,2.0,178.72,9.45,1.28,10.41,262.2,1,spiral_T1_9,spiral_T1_7,11.47,0.49,1.2137566137566138,260.0,0.682692169642958,0,-12.322103436741564,-10.969721300150283,0.08327008290451686,0.08317610062893081,-0.046576903486990395,-0.5604025321482556,0.42141241916298516,-0.3105490848387876,-0.0007545953232283547,False,False,False,not applicable,False,0.7505410596523999,0.4998044932114836,0.5889032269036589,0.9704083150575722,67.79221728939123,,3.1310782501828123,172.92651063974168,-0.30979448951555927,0.08413160939200474,2.4149733479708178
NGC5033,fixed_core,0.001,outer_holdout,True,22,5,5,15.7,4.7,1,66.0,1.0,110.509,5.16,11.314,29.53,194.2,1,spiral_T1_9,spiral_T1_7,44.59,0.76,8.641472868217054,217.5,0.2624681385547809,0,-9.798497446050533,-8.929361850583604,0.01860092170323266,0.015706806282722512,-0.05034808502722636,-2.408164610900603,9.551767377060267,-0.4751382234661115,0.09805843611030518,False,False,False,not applicable,False,1.8939008188481103,0.7297923069766226,0.4525931307315063,1.022417798908417,66.00397263460958,,8.358824595948672,204.56315721231977,-0.5731966595764166,0.9365877707223959,2.337459261290656
NGC5055,fixed_core,0.001,outer_holdout,True,28,6,4,9.9,0.3,2,55.0,6.0,152.922,3.2,11.722,35.06,179.0,1,spiral_T1_9,spiral_T1_7,54.59,0.72,17.059375,189.0,0.30148861265080507,0,-24.77878953874551,-26.156289469687096,0.01716863385429396,0.0180933346176074,-0.14022254472647752,-14.523446372948065,427.9417898244761,-0.4507637408218156,-0.144776164959038,False,False,False,not applicable,False,0.2561883254518629,0.4713583140564579,0.7,0.9995913610067424,54.60284449517856,,8.671653718003492,174.75500049691306,-0.3059875758627776,1.2319631159860553,2.2764618041732443
NGC5371,fixed_core,0.001,outer_holdout,True,19,4,4,39.7,9.92,1,53.0,2.0,340.393,7.44,11.18,30.03,209.5,1,spiral_T1_9,spiral_T1_7,46.24,1.45,6.21505376344086,215.0,0.5646984860392011,0,-38.275185431173206,-37.73979469215966,0.021465552698430517,0.019277220364176888,-0.1825581164586013,-8.467063316665907,73.74324555070464,-0.6437167195074334,0.08569283345257585,False,False,False,not applicable,False,2.698651662889935,0.3637665346796657,0.7,1.6743230351604068,54.78223312953829,,1.065409166985553,133.00198979671308,-0.7294095529600092,0.7934448898665939,2.3324384599156054
NGC5585,fixed_core,0.001,outer_holdout,True,24,5,7,7.06,2.12,1,51.0,2.0,2.943,1.53,1.683,10.92,90.3,1,spiral_T1_9,spiral_T1_7,10.96,0.09,7.163398692810458,68.69999999999999,0.21595699061500612,0,0.26432970324981114,0.13217231876116387,0.02297771622003794,0.028384279475982536,0.0029524945891618074,0.13821718139532335,0.10119763345065884,-0.08764040523344846,-0.10711950055662457,False,False,False,not applicable,False,0.4902418524213591,0.5597501125534489,0.7,1.1317036714080695,51.18566593869614,,3.2559088286266045,92.66556652202128,0.019479095323176113,0.8551191233307516,1.8369567370595503
NGC5907,fixed_core,0.001,outer_holdout,True,19,4,5,17.3,0.9,2,88.0,2.0,175.425,5.34,21.025,0.0,215.0,1,spiral_T1_9,spiral_T1_7,50.33,5.03,9.425093632958802,218.0,0.2854637785065158,0,-5.832775897984433,-5.241017533248197,0.018562084474167052,0.01849748151323545,-0.027047149120404686,-1.4856883232849365,2.2513949223220138,-0.08823596830416855,-0.03352140655260635,False,False,False,not applicable,False,2.805541671461423,0.9539468350824152,0.7,1.0307227803101509,88.05546445545414,,20.751553824421244,181.5937964597679,-0.054714561751562196,0.9742856733685831,2.3384564936046046
NGC5985,fixed_core,0.001,outer_holdout,True,33,7,3,39.7,9.9,1,60.0,2.0,208.728,7.01,11.586,39.5,293.6,1,spiral_T1_9,spiral_T1_7,34.72,3.54,4.9529243937232525,291.0,0.27124533215296626,0,-30.259412844190063,-30.213486578916502,0.015411381725668787,0.013888888888888888,-0.10396533658570772,-7.092472696307771,56.72713623035387,-0.30568836432225854,-0.08412195059213617,False,False,False,not applicable,False,2.33247083022667,0.8554942351832948,0.645561567333981,1.5655869058189895,61.097644349170174,,2.699896099265707,213.51576743095143,-0.22156641373012237,0.6948616985377957,2.4638929889859074
NGC6015,fixed_core,0.001,outer_holdout,True,44,9,6,17.0,5.1,1,60.0,2.0,32.129,2.3,5.834,21.43,154.1,2,spiral_T1_9,spiral_T1_7,29.23,0.34,12.708695652173914,152.0,0.20998834752909432,1,36.65544288682837,38.330402911636895,0.04146721340430485,0.048734177215189876,0.23866873543246195,7.449985419587345,77.65371151658437,0.6150261349530581,-0.06792319889703084,False,False,False,not applicable,True,2.033807060756035,0.7986393606141114,0.7,1.361730258420241,60.43364895787384,,675.6180611387455,7491.487717608053,0.6829493338500889,1.1041009793398435,2.1818435879447726
NGC6195,fixed_core,0.001,outer_holdout,True,23,5,3,127.8,12.8,1,62.0,5.0,391.076,13.94,20.907,40.89,251.7,1,spiral_T1_9,spiral_T1_7,36.43,1.33,2.6133428981348636,247.0,0.688132100245497,0,-33.56062119600436,-40.22383009024395,0.025991982644278246,0.02562992125984252,-0.13452706961430064,-5.761242442976155,47.329736260076245,-0.5014622007504951,-0.09072741928316383,False,False,False,not applicable,False,2.209448152982643,0.7500943787394395,0.4208750923745221,1.0048544815880929,62.22352217879248,,0.945804771378736,174.45476716439092,-0.4107347814673312,0.41719639747992526,2.392696953259666
NGC6503,fixed_core,0.001,outer_holdout,True,31,7,6,6.26,0.31,2,74.0,2.0,12.845,2.16,1.744,14.05,116.3,1,spiral_T1_9,spiral_T1_7,23.5,0.76,10.87962962962963,116.0,0.16276716824196596,0,-11.861178786684786,-12.69364188256526,0.030951740900290264,0.017543859649122806,-0.10260835315280421,-4.0616544680273945,18.343645737726778,-0.41863399741307655,0.08749212671408452,False,False,False,not applicable,False,1.3701085208312518,0.6854580109868486,0.7,1.01544255424036,74.25177743622952,,4.856639127954713,117.20144830989422,-0.5061261241271611,1.0366141111208054,2.0644579892269186
NGC6674,fixed_core,0.001,outer_holdout,True,15,3,3,51.2,10.2,1,54.0,6.0,214.654,6.04,32.165,50.02,241.3,1,spiral_T1_9,spiral_T1_7,72.41,2.5,11.988410596026489,242.0,0.17472055687751997,0,0.01557247375450288,1.4464424481539595,0.015106721315147037,0.01652892561983471,0.00015302995461812774,-0.3687294347170971,1.4374328971502364,0.07026211721929725,-0.11214680030163289,False,False,False,not applicable,False,2.4704457040177807,0.8831095367011036,0.7156041562642821,1.3466136452735795,61.89334467475875,,39.96043974852264,252.39047787772552,0.18240891752093014,1.0787616088594338,2.383815365980431
NGC6946,fixed_core,0.001,outer_holdout,True,58,12,6,5.52,1.66,2,38.0,2.0,66.173,2.44,5.67,21.25,158.9,1,spiral_T1_9,spiral_T1_7,20.4,0.19,8.360655737704917,167.0,0.43226802557093225,0,-1.3061406763628203,-2.2946738370621773,0.08478307454980534,0.07211084905660378,-0.008266909896994907,-0.061529959575695715,0.05102371314550133,-0.29674310217159944,-0.07445151873374613,False,False,False,not applicable,False,0.9390082822710076,0.6161461125390904,0.5638936600711465,0.9868474454043052,37.97433080758585,,6.081976774201868,133.62789045269307,-0.22229158343785332,0.9222403410871692,2.2227164711475833
NGC7331,fixed_core,0.001,outer_holdout,True,36,8,3,14.7,1.5,3,75.0,2.0,250.631,5.02,11.067,27.01,239.0,1,spiral_T1_9,spiral_T1_7,36.31,2.67,7.2330677290836665,239.0,0.3937968770300031,0,-15.377297066278633,-14.668348508595571,0.022020465319814067,0.02100877425277616,-0.06445511166758924,-2.9242178605318045,8.728524146626427,-0.3070393053972224,-0.002606098546270516,False,False,False,not applicable,False,0.9880420075179132,0.4803703216166832,0.5575628627464537,0.909621691122768,74.69838111323266,,10.109941598834046,210.9237650096996,-0.3044332068509519,0.8593225317678731,2.3783979009481375
NGC7793,fixed_core,0.001,outer_holdout,True,46,10,7,3.61,0.18,2,47.0,9.0,7.05,1.21,0.861,7.35,0.0,1,spiral_T1_9,spiral_T1_7,7.87,0.11,6.5041322314049586,76.2,0.38746126497272737,0,17.081766671805866,13.03153946607582,0.07921300152144832,0.06780083468583353,0.17743817331167197,2.780668466702949,22.87724784991918,0.42973279895013883,-0.3345021181935579,False,False,False,not applicable,True,0.889922137914628,0.6131136709138341,0.7,1.0099619695670503,55.00929924123165,,293.8823664164773,8355.515711938131,0.7642349171436967,0.8131893620426145,1.8819549713396004
NGC7814,fixed_core,0.001,outer_holdout,True,18,4,2,14.4,0.66,2,90.0,1.0,74.529,2.54,1.07,12.15,218.9,1,spiral_T1_9,spiral_T1_7,19.53,0.63,7.6889763779527565,221.0,0.2876487837365709,0,-19.399198989507646,-19.54978894100593,0.022406542056074768,0.022546728971962617,-0.09065046256779274,-4.0255383194222025,17.404803410090715,-0.40786727299354464,-2.836781442904321e-15,True,False,False,not applicable,False,0.8327280814775517,0.6056794132901301,0.6671642825267972,1.0052700064965303,90.0,,4.423873155744736,199.78804425520727,-0.4078672729935418,0.8858685266679164,2.3443922736851106
UGC00128,fixed_core,0.001,outer_holdout,True,22,5,8,64.5,9.7,1,57.0,10.0,12.02,5.95,7.431,31.27,129.3,1,spiral_T1_9,late_T8_11,53.75,1.25,9.033613445378151,127.5,0.12419543667642524,0,-7.057462436795734,-5.702244785015594,0.026899571487173014,0.02062015503875969,-0.05386660477120553,-2.4390691017484896,7.220291818200657,-0.24774327582885786,-0.23843011923731472,False,False,False,not applicable,False,5.364887882120288,1.7197241597663802,0.7,1.4947205005184456,79.06004202663152,,18.94747996693034,106.8745227782054,-0.009313156591543137,0.9558615028590933,2.1055101847699738
UGC00191,fixed_core,0.001,outer_holdout,True,9,2,9,17.1,5.1,1,45.0,5.0,2.004,1.58,1.343,10.03,0.0,1,spiral_T1_9,late_T8_11,9.98,0.62,6.3164556962025316,57.6,0.24472710607981227,0,-14.81635651463968,-14.81635651463968,0.010090439276485789,0.010090439276485789,-0.1788106064094664,-17.39286426489668,304.5589278904799,-0.33773693707495467,0.11827631091123418,False,False,False,not applicable,False,0.3823257534778196,0.537793422136015,0.7,1.1140269791074198,46.19530001038205,,1.292573951451966,79.54950593128423,-0.45601324798618886,0.8004734543329485,1.760422483423212
UGC00731,fixed_core,0.001,outer_holdout,True,12,3,10,12.5,3.75,1,57.0,3.0,0.323,2.3,1.807,11.57,73.3,1,irregular_T10_11,late_T8_11,10.91,0.91,4.743478260869566,66.35,0.24415296599595537,0,-6.449707505586716,-6.035302636746778,0.04271781154401042,0.04363143631436315,-0.08727957334902268,-2.033972735087096,4.169937791913174,-0.19685589811181547,-0.007742019480537522,False,False,False,not applicable,False,1.967712882435104,0.5412910396384807,0.7,1.5903138647305313,58.97124044420914,,1.7003423226855263,71.21603687054775,-0.18911387863127796,0.676096914570749,1.8218409272004543
UGC01281,fixed_core,0.001,outer_holdout,True,25,5,8,5.27,0.24,2,90.0,1.0,0.353,1.63,0.294,5.26,55.2,1,spiral_T1_9,late_T8_11,4.99,0.08,3.0613496932515343,37.4,0.17792381466511326,0,-21.14473369063881,-21.884528844443203,0.07193969343836151,0.0718132854578097,-0.3799574604378931,-5.286183422659702,28.01650125940722,-0.002181163833118953,0.13738014082329086,True,False,False,not applicable,False,5.999999999999999,1.990535852767486,0.7,1.123955923569107,89.9999999999982,,0.0458249307186089,7.8148972115640145,-0.1395613046564098,0.4859129412194322,1.57287160220048
UGC02259,fixed_core,0.001,outer_holdout,True,8,2,8,10.5,3.1,1,41.0,3.0,1.725,1.62,0.494,7.28,86.2,2,spiral_T1_9,late_T8_11,8.14,1.02,5.0246913580246915,83.25,0.1748218135692565,1,-12.824413465089734,-12.824413465089734,0.029690449226123065,0.029690449226123065,-0.14352884612779473,-4.765820843615833,23.023419004435603,-0.453950584517942,0.14394410097171248,False,False,False,not applicable,False,1.566562111772697,0.6192138236919844,0.7,1.462508813951939,43.563357346978,,1.4417119096338775,83.7716024624524,-0.5978946854896545,0.7011093903465703,1.9203842421783575
UGC02487,fixed_core,0.001,outer_holdout,True,17,4,0,69.1,10.4,1,36.0,5.0,489.955,7.89,17.963,40.2,332.0,1,S0_T0,S0_T0,80.38,9.93,10.187579214195184,364.0,0.18538000679943453,0,-30.16248234460879,-30.299789872404688,0.025922822879308395,0.025529207740051116,-0.09094893015347502,-4.690548314240003,25.39386135928009,-0.4677052810843419,0.06107524558125139,False,False,False,not applicable,False,1.6851684949808308,0.6252483220720033,0.8113085064048392,1.1814498714443853,44.42584247490416,,16.452905292505093,300.266982128672,-0.5287805266655933,1.0080709986465957,2.561101383649056
UGC02885,fixed_core,0.001,outer_holdout,True,19,4,5,80.6,8.06,1,64.0,4.0,403.525,11.4,40.075,74.24,289.5,1,spiral_T1_9,spiral_T1_7,74.07,1.7,6.497368421052631,287.0,0.2637727538173956,0,-16.40515263894609,-16.29032316632012,0.03355704697986577,0.03355704697986577,-0.055050847781698296,-1.6405152638946092,2.871910582373856,-0.23366809971179273,3.0139548966282777e-13,False,False,False,not applicable,False,1.2101133144399276,0.6606650546860116,0.920240900148829,1.0934214759071603,66.48268854333881,,20.968239598718363,261.73219693702373,-0.23366809971209412,0.812737493315122,2.4578818967339924
UGC02916,fixed_core,0.001,outer_holdout,True,43,9,2,65.4,9.8,1,50.0,5.0,124.153,6.15,23.273,34.24,182.7,2,spiral_T1_9,spiral_T1_7,38.0,0.37,6.178861788617886,211.0,0.5284761147867493,1,1.2066859685134956,1.3004287694033678,0.05988960032953997,0.0613953488372093,0.005066587868978535,0.09942149218548085,0.3117220111204031,-0.23308185774139228,-0.1656396806308216,True,False,False,not applicable,False,5.999999999999999,1.990535852767486,0.1827955065264538,1.185153116034824,55.79651676072493,,0.3439139037516033,214.51269337097355,-0.06744217711057068,0.7909084808413934,2.3242824552976926
UGC02953,fixed_core,0.001,outer_holdout,True,115,23,2,16.5,4.95,1,50.0,4.0,259.518,3.55,7.678,24.0,264.9,2,spiral_T1_9,spiral_T1_7,62.39,0.09,17.574647887323945,266.0,0.25860770708437164,1,-23.760857143186918,-20.182922980612716,0.01557906579032904,0.01698473282442748,-0.09009226358775951,-5.495372232419922,43.063202683178126,-0.39707524974208597,-0.009542616140953985,False,False,False,not applicable,False,1.315933247113694,0.676960500455293,0.5580665986017491,1.1716865742899216,51.010533444433136,,11.354115338345146,238.1194116842562,-0.387532633601132,1.2448866325752692,2.424881636631067
UGC03205,fixed_core,0.001,outer_holdout,True,48,10,2,50.0,10.0,1,67.0,4.0,113.642,3.19,9.677,28.6,219.6,1,spiral_T1_9,spiral_T1_7,40.04,0.28,12.551724137931034,221.0,0.3771670627882776,0,28.790513943215423,22.452121136519892,0.016410173201681595,0.011617326901733118,0.13389815072453484,10.394572142310583,180.80166379625737,0.3575116107152591,-0.02297249593157377,False,False,False,not applicable,True,1.6089741201990762,0.676863939818764,0.8783536907208983,1.3217948240398152,69.25025404570547,,631.3575455914815,7577.6739351711,0.38048410664683285,1.0987033857500998,2.3443922736851106
UGC03546,fixed_core,0.001,outer_holdout,True,30,6,1,28.7,7.2,1,55.0,5.0,101.336,3.79,2.675,18.37,196.9,1,spiral_T1_9,spiral_T1_7,29.23,0.63,7.712401055408971,204.5,0.4117708455180804,0,-12.271189333669668,-8.87389642814432,0.04008487361184549,0.024435032894736843,-0.06392493230428736,-1.5394688981874383,3.5863262295764478,-0.4217424397398932,-0.027003298710474716,False,False,False,not applicable,False,1.1686022367280724,0.6155753310034016,0.5348571629187143,0.928526568828153,54.33973174894552,,6.045839094706576,174.03874337728277,-0.39473914102941854,0.8871896053893641,2.3106933123433606
UGC03580,fixed_core,0.001,outer_holdout,True,47,10,1,20.7,5.2,1,63.0,4.0,13.266,2.43,4.37,19.97,126.2,2,spiral_T1_9,spiral_T1_7,27.06,0.11,11.1358024691358,91.4,0.3161361252057884,1,-19.718939590195173,-20.37352278193525,0.013175037650649712,0.012943928571428572,-0.15686132475162187,-11.160857144486338,181.97791357637647,-0.3065255208901066,0.16483988132735075,False,False,False,not applicable,False,3.769922247524671,0.970696990157399,0.2938365493520348,0.6457012314698329,61.91980756077708,,4.380335905847344,110.6560057857625,-0.4713654022174574,1.0467215186632919,1.9609461957338314
UGC04278,fixed_core,0.001,outer_holdout,True,25,5,7,9.51,2.85,1,90.0,3.0,1.307,2.21,1.116,8.9,91.4,1,spiral_T1_9,spiral_T1_7,6.69,0.14,3.0271493212669687,53.7,0.16641184029013883,0,9.944640248555226,12.010056352730757,0.12147590370016637,0.09428879310344827,0.11030388167042408,1.4125174366825828,3.2411323422480507,1.1149256892280957,0.5460558706991969,True,False,False,not applicable,False,1.5373809161908512,0.712374058422162,0.7,1.4153270485099587,89.99999999999909,,11.437369689655762,274.3404265954863,0.5688698185288987,0.48103384408271244,1.7299742856995557
UGC04325,fixed_core,0.001,outer_holdout,True,8,2,9,9.6,2.88,1,41.0,3.0,2.026,1.86,0.678,6.61,90.9,1,spiral_T1_9,late_T8_11,5.59,0.7,3.005376344086021,89.4,0.2256648989220341,0,-9.779365428134248,-9.779365428134248,0.033117583603020494,0.033117583603020494,-0.10628138736830256,-3.2063493206997538,10.473932676376332,-0.35250952321687795,-0.09738989498018845,False,False,False,not applicable,False,0.2691409339990425,0.5138042148592433,0.7,1.0807422801997126,41.346156649987606,,1.0180269930790984,95.1432074024192,-0.2551196282366895,0.4778988636685069,1.9513375187959177
UGC04483,fixed_core,0.001,outer_holdout,True,8,2,10,3.34,0.31,2,58.0,3.0,0.013,0.18,0.032,1.46,0.0,2,irregular_T10_11,late_T8_11,1.21,0.08,6.722222222222222,20.8,0.30536472918516494,1,-2.2305899228850485,-2.2305899228850485,0.07129799680304731,0.07129799680304731,-0.0919976703474279,-1.4372979372384727,2.327837298511382,-0.13890086999277268,-0.029075029975753536,False,False,False,not applicable,False,0.0296302855764328,0.4966002979408115,0.7,0.9991202114790622,57.97995335273343,,0.3102990079843075,21.440944454764644,-0.10982584001701914,0.827512865213144,1.3180633349627615
UGC04499,fixed_core,0.001,outer_holdout,True,9,2,8,12.5,3.75,1,50.0,3.0,1.552,1.73,1.1,8.67,72.8,1,spiral_T1_9,late_T8_11,8.18,0.91,4.728323699421965,66.9,0.2861925053369789,0,-4.025187728911284,-4.025187728911284,0.03611230970641861,0.03611230970641861,-0.05443945340323658,-1.5095903833901854,2.4602296050183696,-0.15800077893277542,0.11625079832568981,False,False,False,not applicable,False,0.1659941297342833,0.5194807002830809,0.7,1.0202494498092052,50.060382376455706,,2.0668543314531136,69.99955479474143,-0.2742515772584652,0.6747072005425275,1.825426117767823
UGC05005,fixed_core,0.001,outer_holdout,True,11,3,10,53.7,10.7,1,41.0,10.0,4.1,3.2,3.093,21.61,98.9,1,irregular_T10_11,late_T8_11,28.61,0.78,8.940624999999999,72.5,0.18640914733908062,0,-6.190674460077342,-5.355242158666513,0.10050393176414694,0.10060362173038229,-0.062270014560535936,-0.6190674460077341,0.44593697266905563,-0.22588709974835242,-0.016764685651042364,False,False,False,not applicable,False,0.1031217645338667,0.5064581654518571,0.7,1.0104629680338464,42.03121764533866,,6.61664103530954,100.64970570067496,-0.20912241409731006,0.9513678794853566,1.8603380065709938
UGC05253,fixed_core,0.001,outer_holdout,True,73,15,2,22.9,5.72,1,37.0,4.0,171.582,8.07,16.396,36.64,213.7,2,spiral_T1_9,spiral_T1_7,53.29,0.13,6.603469640644361,246.0,0.3933591395251978,1,-36.251231921515924,-39.68896299831127,0.028606285467253547,0.01889344262295082,-0.16125201962212246,-8.08584837052393,86.12513356345266,-0.37966357187212985,-0.1435404189777359,False,False,False,not applicable,False,0.325238102076088,0.5388821702679611,0.6782590408212533,1.0423286343404206,37.51444460357611,,6.04544391394731,190.9674463122407,-0.23612315289439395,0.8197721855188413,2.3909351071033793
UGC05716,fixed_core,0.001,outer_holdout,True,12,3,9,21.3,5.3,1,54.0,10.0,0.588,1.14,1.094,10.64,73.1,2,spiral_T1_9,late_T8_11,12.37,1.03,10.850877192982457,69.95,0.18186381409976057,1,-2.1617284872440288,-1.5572323573317703,0.01761433726297622,0.014657534246575343,-0.02902664907058861,-1.1121213844141207,3.174546953057739,-0.29736653741338975,0.16366608060499152,False,False,False,not applicable,False,3.327977962281384,1.075889825690564,0.7,1.596176487438656,71.72113373252692,,3.275225162578432,62.59986690332571,-0.46103261801838125,1.035464848292648,1.8447877188278465
UGC05721,fixed_core,0.001,outer_holdout,True,23,5,7,6.18,1.85,1,61.0,5.0,0.531,0.38,0.562,6.74,79.7,1,spiral_T1_9,spiral_T1_7,6.74,0.09,17.736842105263158,78.3,0.12487903428935179,0,-10.884268518217919,-10.937990979922475,0.05807066987967234,0.05814249363867685,-0.13806206944687022,-2.3816780127391506,6.202289062237651,-0.382966078350254,0.05121548684055207,False,False,False,not applicable,False,1.0594817233056022,0.6235359910361079,0.7,1.317158768303457,63.06684482534055,,0.9631560387005308,88.3226057063893,-0.43418156519080603,1.2488762999185097,1.8937617620579434
UGC05750,fixed_core,0.001,outer_holdout,True,11,3,8,58.7,11.7,1,64.0,10.0,3.336,3.46,1.099,16.79,0.0,1,spiral_T1_9,late_T8_11,22.85,0.31,6.604046242774567,49.8,0.24245941896824758,0,-2.4504501362548865,-0.7525794188082671,0.1491273649676602,0.14175257731958765,-0.03079354627043932,-0.22575652793578607,0.16298668553372567,-0.06415435864705994,0.06627077028091537,False,False,False,not applicable,False,0.0485869558400377,0.494437394001241,0.7,0.9912939192802114,63.62397562654504,,4.614174581765294,79.95629054630201,-0.1304251289279753,0.8198101056130924,1.6972293427597176
UGC05764,fixed_core,0.001,outer_holdout,True,10,2,10,7.47,2.24,1,60.0,10.0,0.085,1.17,0.163,3.51,0.0,2,irregular_T10_11,late_T8_11,3.62,0.36,3.094017094017094,49.95,0.17285138301472214,1,0.7989485207741929,0.7989485207741929,0.05425551102204409,0.05425551102204409,0.015976438847615525,0.30252256886346984,0.21271255470052125,-0.36697972237133664,-0.019112775650419644,False,False,False,not applicable,False,1.0424403797783304,0.5615064883091471,0.7,1.3125925636818554,66.82012063710802,,0.7942730070941292,56.16393078720433,-0.347866946720917,0.4905227087870041,1.698535492562001
UGC05829,fixed_core,0.001,outer_holdout,True,11,3,10,8.64,2.59,1,34.0,10.0,0.564,1.99,1.023,7.87,0.0,2,irregular_T10_11,late_T8_11,6.91,0.63,3.472361809045226,47.9,0.30503937330639175,1,-8.216148331571846,-8.508228787115122,0.07808529002012321,0.07713414634146341,-0.12433065468393557,-1.6237447295596537,3.023440441644592,0.020131426891755316,0.6104630227867022,False,False,False,not applicable,False,0.2825680544582104,0.5032891880994902,0.7,1.051787261027693,36.825680544582106,,1.5662407207064593,50.81680744435898,-0.5903315958949469,0.5406249709644918,1.6803355134145632
UGC05918,fixed_core,0.001,outer_holdout,True,8,2,10,7.66,2.3,1,46.0,5.0,0.233,1.66,0.297,5.9,0.0,2,irregular_T10_11,late_T8_11,4.46,0.56,2.6867469879518073,38.099999999999994,0.18491850162004891,1,-5.495091180598628,-5.495091180598628,0.0902840639341668,0.0902840639341668,-0.12555274267189362,-1.3982420306866739,2.076488576643703,-0.16426894177777762,0.3252158919863043,False,False,False,not applicable,False,0.0421660411374821,0.5006746461726044,0.7,1.0126608217514632,46.11934424953561,,0.960415265136148,42.59983915894607,-0.4894848337640819,0.4292267706720868,1.5809249756756192
UGC05986,fixed_core,0.001,outer_holdout,True,15,3,9,8.63,2.59,1,90.0,3.0,4.695,1.67,2.667,16.53,113.0,2,spiral_T1_9,late_T8_11,9.41,0.63,5.634730538922156,109.0,0.17039351471744255,1,-1.9061627141134494,-1.7978282777948635,0.04648501518844698,0.04678899082568807,-0.017410936980998163,-0.4046093702686328,0.18122471707835866,-0.30013614627903595,-0.3211033234235446,True,False,False,not applicable,False,0.0904741879901277,0.5105254809539582,0.7,1.003290266856868,89.99999999976562,,2.2570220608186893,121.58309494983084,0.02096717714450863,0.7508731522796737,2.037426497940624
UGC06399,fixed_core,0.001,outer_holdout,True,9,2,9,18.0,2.5,4,75.0,2.0,2.296,2.05,0.674,8.8,85.0,1,spiral_T1_9,late_T8_11,7.85,0.87,3.829268292682927,77.5,0.20608301625687842,0,-4.531243775602995,-4.531243775602995,0.05658953185678318,0.05658953185678318,-0.052083707253770845,-0.9247436276740806,0.99814389354453,-0.1769548423236066,0.19661848626267184,False,False,False,not applicable,False,0.0350399050013468,0.5040504361112268,0.7,1.0033878524471942,75.00658994114596,,2.196212841186924,86.43564756626104,-0.37357332858627845,0.5831157956894982,1.8893017025063104
UGC06446,fixed_core,0.001,outer_holdout,True,17,4,7,12.0,3.6,1,51.0,3.0,0.988,1.49,1.379,10.33,82.2,1,spiral_T1_9,spiral_T1_7,10.22,0.58,6.859060402684564,80.1,0.20236831410194617,0,-9.27000607935097,-9.519081510249258,0.08724783794129304,0.07468889725339903,-0.11158953886233342,-1.3862827089090881,2.0676891497247056,-0.3856444949330188,-0.26850924601242443,False,False,False,not applicable,False,1.6237633614047735,0.6820953354436775,0.7,1.487129008421432,52.91164553906559,,1.7399452525834846,79.84417076529229,-0.11713524892059435,0.8362646273864199,1.9036325160842376
UGC06614,fixed_core,0.001,outer_holdout,True,13,3,1,88.7,8.87,1,36.0,10.0,124.35,5.1,21.888,60.63,199.8,1,spiral_T1_9,spiral_T1_7,64.59,3.23,12.664705882352942,193.0,0.2647051215567101,0,-12.284290617865906,-9.34202701355909,0.08037787279445305,0.0784313725490196,-0.06016778266676537,-0.7656861211995638,0.9937057734678424,-0.21464383846535595,0.016279740661471122,False,False,False,not applicable,False,0.1433402307303841,0.4967690597271782,0.6945744739553972,0.9971626627579794,34.56659769269616,,14.055268856062144,203.42569097294063,-0.23092357912682707,1.1025951084452132,2.285557309007774
UGC06667,fixed_core,0.001,outer_holdout,True,9,2,6,18.0,2.5,4,89.0,1.0,1.397,5.15,0.809,8.59,83.8,1,spiral_T1_9,spiral_T1_7,7.85,0.87,1.524271844660194,77.3,0.12067435587767156,0,-5.333431213199454,-5.333431213199454,0.03748369826343606,0.03748369826343606,-0.06241261498836494,-1.6416557215735528,2.855565566419442,-0.268229896757292,0.06982161489258355,False,False,False,not applicable,False,0.0291012781962761,0.5033616588198048,0.7,0.9987228211852228,88.9999596988571,,2.021964270962994,90.581396367451,-0.3380515116498755,0.18306242770406148,1.888179493918325
UGC06786,fixed_core,0.001,outer_holdout,True,45,9,0,29.3,7.32,1,64.0,3.0,73.407,3.6,5.03,20.31,219.4,1,S0_T0,S0_T0,34.05,0.16,9.458333333333332,218.0,0.21882340962487276,0,-11.704136321342295,-12.896953054364673,0.019243234182359164,0.012455357142857143,-0.05369247413882859,-3.007202923401401,16.138271742796483,-0.2935544712543948,-0.09690430038353784,False,False,False,not applicable,False,1.6648513803167906,0.7335929387794621,0.677867117632851,1.3050466702483592,64.93707675466327,,7.374756644420485,209.42908077604463,-0.19665017087085698,0.9758146154815166,2.3384564936046046
UGC06787,fixed_core,0.001,outer_holdout,True,71,15,2,21.3,5.32,1,66.0,3.0,98.256,5.37,5.03,26.44,248.1,2,spiral_T1_9,spiral_T1_7,37.19,0.12,6.925512104283054,238.0,0.22877949993764468,1,-65.4668743229958,-69.5004552020336,0.0118925201669066,0.012175732217573223,-0.2640239310080564,-22.84287675218672,600.0160113643976,-0.47041146580922105,0.11969038297577228,False,False,False,not applicable,False,1.7375626090417282,0.3351303371406119,0.8130095922936799,0.7570842236565334,65.57943233797103,,3.8702690842283225,246.84188574441472,-0.5901018487849934,0.840451892659417,2.376576957056512
UGC06818,fixed_core,0.001,outer_holdout,True,8,2,9,18.0,2.5,4,75.0,3.0,1.588,1.39,1.079,6.96,71.2,2,spiral_T1_9,late_T8_11,6.98,0.87,5.02158273381295,55.45,0.2113258565048605,1,11.962108533915675,11.962108533915675,0.08437544408128464,0.08437544408128464,0.16722066991014123,1.9936847556526125,4.046265764644627,0.8593019723701951,0.6646432088380934,False,False,False,not applicable,True,0.6044087082276867,0.4350399431724449,0.7,0.9486618212948192,74.78427711927402,,363.4262844019444,7451.529389919595,0.19465876353210176,0.7008406223690661,1.743901550485179
UGC06917,fixed_core,0.001,outer_holdout,True,11,3,9,18.0,2.5,4,56.0,2.0,6.832,2.76,2.023,12.67,108.7,1,spiral_T1_9,late_T8_11,10.47,1.74,3.793478260869566,100.0,0.25407438842593283,0,-10.323738715960195,-11.83791613938034,0.04556491556491557,0.04454545454545455,-0.09426489516324714,-2.019625116327059,4.297988465120601,-0.12455347633840147,0.30707232289456715,False,False,False,not applicable,False,0.237662065056688,0.5281243731834515,0.7,1.021462148336341,56.106603386559584,,2.3946536407251213,101.65058616070336,-0.4316257992329686,0.5790375996136247,2.0
UGC06930,fixed_core,0.001,outer_holdout,True,10,2,7,18.0,2.5,4,32.0,5.0,8.932,3.94,3.237,16.76,107.2,1,spiral_T1_9,spiral_T1_7,16.61,1.74,4.215736040609137,105.0,0.28809079861111114,0,-13.182612178895617,-13.182612178895617,0.06851851851851852,0.06851851851851852,-0.12206122387866312,-1.7814340782291374,3.2089895978562746,-0.5103233020661123,0.0,False,False,False,not applicable,False,0.6103825110843492,0.5469858637559522,0.7,1.045278485253628,35.051912555421744,,3.108802332246002,100.26725420691396,-0.5103233020661123,0.6248734106258204,2.0211892990699383
UGC06983,fixed_core,0.001,outer_holdout,True,17,4,6,18.0,2.5,4,49.0,1.0,5.298,3.21,2.967,16.07,109.0,1,spiral_T1_9,spiral_T1_7,15.68,1.74,4.8847352024922115,108.0,0.22347473519283745,0,-9.040787323884299,-8.55506808525432,0.09330615018688412,0.09074074074074075,-0.0833063680786724,-0.8745854425840828,0.794391997499051,-0.4191842014127064,-0.0017753814133636405,False,False,False,not applicable,False,1.7317928572822838,0.7449880218192707,0.7,1.1395270291134805,49.247924686070974,,3.067044361094031,107.50158601142618,-0.41740881999934276,0.6888410259435476,2.03342375548695
UGC07089,fixed_core,0.001,outer_holdout,True,12,3,8,18.0,2.5,4,80.0,3.0,3.585,2.26,1.214,9.29,0.0,2,spiral_T1_9,late_T8_11,9.16,0.87,4.053097345132744,66.2,0.30942208618302114,1,-5.086724327977099,-5.704030215049869,0.08455482281458913,0.08276797829036635,-0.06540166544646446,-0.766363260347485,0.6821756455149627,-0.0010827615297613114,0.4632747060009431,False,False,False,not applicable,False,0.1709892849239506,0.520078538774227,0.7,1.0158646909007518,80.04606303408804,,3.146655386526107,67.4500018950803,-0.46435746753070445,0.6077870345204496,1.8208579894397
UGC07125,fixed_core,0.001,outer_holdout,True,13,3,9,19.8,5.9,1,90.0,3.0,2.712,3.38,4.629,23.04,65.2,1,spiral_T1_9,late_T8_11,18.68,1.44,5.5266272189349115,61.5,0.4483119317793022,0,-3.5802908226009933,-2.283927588196697,0.049882735467817206,0.049462365591397855,-0.05503979042272399,-1.0724423190954602,1.4754578326372165,-0.5132946023043883,-0.05602366941816949,True,False,False,not applicable,False,0.3995969257296752,0.539365616858267,0.7,1.119071811202277,89.99999999999817,,3.798474594537952,55.81665769632267,-0.4572709328862188,0.7424601716164199,1.7888751157754168
UGC07151,fixed_core,0.001,outer_holdout,True,11,3,6,6.87,0.34,2,90.0,3.0,2.284,1.25,0.616,6.39,73.5,1,spiral_T1_9,spiral_T1_7,5.5,0.5,4.4,67.2,0.3329463804370862,0,-8.770169271547061,-8.68664907365735,0.04398599767293767,0.04427586206896552,-0.11757944620431178,-2.694370368239539,7.782178180770379,-0.13439095374959953,0.24363893794442815,True,False,False,not applicable,False,0.0698611117775295,0.5081080967794663,0.7,1.0011498487992136,89.9999999999707,,1.046232597614272,66.39519425595044,-0.3780298916940277,0.6434526764861874,1.8273692730538253
UGC07323,fixed_core,0.001,outer_holdout,True,10,2,8,8.0,2.4,1,47.0,3.0,4.109,2.26,0.722,7.14,0.0,1,spiral_T1_9,late_T8_11,5.82,0.58,2.5752212389380533,62.5,0.3757392656325991,0,1.029715114510843,1.029715114510843,0.04597470540430719,0.04597470540430719,0.012282382518871295,0.26607625697954596,0.07500753262316215,0.25223339653030147,0.311137973397341,False,False,False,not applicable,False,0.4563192239567711,0.5467396499561336,0.7,1.1368957671870312,47.49785527391184,,2.9628238014675445,80.58040804556757,-0.05890457686703954,0.4108145455024876,1.7958800173440752
UGC07399,fixed_core,0.001,outer_holdout,True,10,2,8,8.43,2.53,1,55.0,3.0,1.156,1.64,0.745,7.85,103.0,1,spiral_T1_9,late_T8_11,6.13,0.61,3.7378048780487805,93.4,0.10772522061740031,0,-15.919517766694575,-15.919517766694575,0.046841454478842276,0.046841454478842276,-0.15195722037640597,-3.2435277950053356,10.840816635515019,-0.3261118677225258,0.273907248877561,False,False,False,not applicable,False,2.0007973990659247,0.7925921090602344,0.7,1.5155753398398382,56.784520576049744,,1.2837320912250552,98.64270343180073,-0.6000191166000868,0.5726166264707172,1.9703468762300933
UGC07524,fixed_core,0.001,outer_holdout,True,31,7,9,4.74,0.24,2,46.0,3.0,2.436,3.46,1.779,12.11,79.5,1,spiral_T1_9,late_T8_11,10.69,0.35,3.0895953757225434,70.2,0.2648692110047727,0,-4.03350645387233,-3.410888220294197,0.04224419142501462,0.04221668742216688,-0.04955313648910463,-1.1389669691133817,1.4496854112301036,-0.05350876732540937,0.16322396722719865,False,False,False,not applicable,False,1.2119874830211577,0.6609502217664573,0.7,1.0133805193578644,47.521441230388895,,2.4991705586589736,75.5236842554847,-0.21673273455260803,0.4899016064160014,1.8463371121298053
UGC07577,fixed_core,0.001,outer_holdout,True,9,2,10,2.59,0.13,2,63.0,3.0,0.045,0.9,0.044,2.07,0.0,2,irregular_T10_11,late_T8_11,1.69,0.19,1.8777777777777778,10.7,0.6283380799810133,1,-4.012738158917421,-4.012738158917421,0.18873047841141966,0.18873047841141966,-0.23530596878736865,-1.2658479996584926,1.7167174715207596,-0.16869588782315134,1.0023128445965936,False,False,False,not applicable,False,0.1434827558041115,0.5167949722919478,0.7,1.0027991000953222,63.176985238674064,,0.1353799571923979,4.733134100263455,-1.171008732419745,0.2736441951743487,1.0293837776852097
UGC07603,fixed_core,0.001,outer_holdout,True,12,3,7,4.7,1.41,1,78.0,3.0,0.376,0.53,0.258,4.37,61.6,1,spiral_T1_9,spiral_T1_7,4.11,0.34,7.754716981132075,60.25,0.13732082370150345,0,-5.228784502254942,-5.303088322642758,0.046007045263905026,0.04587301587301588,-0.08264906198773274,-1.8092679938598415,3.8900468023562635,-0.28866941855925293,0.21721447661984408,False,False,False,not applicable,False,0.0127647108406716,0.5014717534619816,0.7,1.001992977552334,78.00148152926259,,0.9814264219568434,65.42647022852587,-0.505883895179097,0.8895659522752801,1.779957051246906
UGC08286,fixed_core,0.001,outer_holdout,True,17,4,6,6.5,0.21,2,90.0,3.0,1.255,1.05,0.642,8.07,82.4,1,spiral_T1_9,spiral_T1_7,8.04,0.47,7.657142857142856,79.3,0.15096830726675842,0,-12.080898292574624,-11.8751223200113,0.023955304790420594,0.02395240499357444,-0.1442138207522345,-6.027217531191292,37.53690309677445,-0.33952345899130837,0.06609657020885785,True,False,False,not applicable,False,0.4611017945828239,0.5560069033541631,0.7,1.0054282043868652,89.9999999999707,,1.4303051117698706,88.28367200005948,-0.4056200292001662,0.8840667496785131,1.8992731873176039
UGC08490,fixed_core,0.001,outer_holdout,True,30,6,9,4.65,0.53,2,50.0,3.0,1.017,0.67,0.72,7.8,78.6,1,spiral_T1_9,late_T8_11,10.15,0.34,15.149253731343283,78.5,0.12881128674338999,0,-4.471916091157432,-4.263756262471013,0.047544862704096746,0.04755154639175258,-0.057676829268244356,-1.2119013797174611,1.6008953636802208,-0.38016127286605833,-0.09711035129065844,False,False,False,not applicable,False,3.9094118297612384,1.2300172080836032,0.7,1.1906349965509078,53.98946122183845,,2.2607309786941028,78.94562440431106,-0.2830509215753999,1.1803912395484053,1.8948696567452525
UGC08550,fixed_core,0.001,outer_holdout,True,11,3,7,6.7,2.0,1,90.0,3.0,0.289,0.45,0.288,5.59,56.9,1,spiral_T1_9,spiral_T1_7,5.36,0.49,11.911111111111111,51.6,0.16223941297927502,0,-2.791955801590497,-3.031479896026866,0.03614698263892444,0.034904013961605584,-0.048501896847346564,-1.3384936151018882,1.8306450085759316,-0.007934382472761103,-0.02725535751500591,True,False,False,not applicable,False,2.4970298797866617,0.8885318343020295,0.7,1.5959726377324697,90.0,,1.4374147905060348,52.71665497612504,0.01932097504224481,1.0759522759174263,1.7126497016272113
UGC08699,fixed_core,0.001,outer_holdout,True,41,9,2,39.3,9.82,1,73.0,9.0,50.302,3.09,3.738,19.05,182.4,2,spiral_T1_9,spiral_T1_7,25.7,0.22,8.31715210355987,184.0,0.37627120585364277,1,-26.866353548898815,-25.60848525051452,0.031855544279108076,0.03463276836158192,-0.14877814340902154,-4.902501603812198,35.39307681357392,-0.43408689113459803,-0.003013161443096242,False,False,False,not applicable,False,1.881189873650408,0.7710614518232743,0.5545930292230126,1.1953640542711703,75.69634708894175,,3.7803117565478574,125.93316144588944,-0.43107372969150176,0.9199746439064599,2.2648178230095364
UGC08837,fixed_core,0.001,outer_holdout,True,8,2,10,7.21,0.36,2,80.0,5.0,0.501,1.72,0.32,4.75,0.0,2,irregular_T10_11,late_T8_11,4.2,0.52,2.4418604651162794,31.7,0.3679550297458085,1,0.7431903621800622,0.7431903621800622,0.06504828326180256,0.06504828326180256,0.015125365481742117,0.2568032881646708,0.45001318396808515,0.8154114540533287,0.22395454854037516,False,False,False,not applicable,True,0.2997513463683966,0.4666538677209654,0.7,0.9972417060371908,79.82723255755323,,434.75204285360246,7455.107518815689,0.5914569055129535,0.38772084349035163,1.5010592622177514
UGC09037,fixed_core,0.001,outer_holdout,True,22,5,6,83.6,8.4,1,65.0,5.0,68.614,4.28,19.078,39.72,152.3,2,spiral_T1_9,spiral_T1_7,27.96,2.43,6.5327102803738315,147.0,0.4319028865034747,1,-2.306745254864461,-3.933009696431867,0.08940179801534784,0.08933333333333333,-0.014391382974031142,-0.26169467248644124,0.1606531989830894,-0.20527197405237788,-0.3006119024640184,False,False,False,not applicable,False,1.6208413606777512,0.3442594481717513,0.7,0.9177658457078316,61.45071884599294,,7.0773072080917006,149.3996889657136,0.09533992841164055,0.8150933980604718,2.167317334748176
UGC09133,fixed_core,0.001,outer_holdout,True,68,14,2,57.1,11.4,1,53.0,6.0,282.926,6.97,33.428,60.35,226.8,1,spiral_T1_9,spiral_T1_7,108.31,0.32,15.53945480631277,279.0,0.23580249890422966,0,15.986840872866383,18.646881932710983,0.012392814798643279,0.013127753303964757,0.07054977811683882,8.093665847194787,99.6782732856102,-0.05454487408427761,-0.12225861669749806,False,False,False,not applicable,False,5.247770025464547,0.5310363596704846,0.2090841143144454,1.6292395716880073,66.8311845567057,,33.20204351935783,235.39648101011525,0.06771374261322044,1.1914357777362312,2.4456042032735974
UGC11455,fixed_core,0.001,outer_holdout,True,36,8,6,78.6,11.8,1,90.0,1.0,374.322,5.93,13.335,43.44,269.4,1,spiral_T1_9,spiral_T1_7,41.93,0.62,7.070826306913997,262.5,0.4795965716731458,0,-37.01531218196424,-38.006066201377934,0.023936067527881473,0.022876800157822057,-0.13699278939513976,-5.783147204250736,41.059539545090594,-0.5149126379210742,0.004967860275470333,True,False,False,not applicable,False,1.4877652135154051,0.3549714977310564,0.7,0.8359422260991201,89.99999999992187,,6.209607519395016,271.37633925884165,-0.5198804981965446,0.8494701690393056,2.4191293077419758
UGC11557,fixed_core,0.001,outer_holdout,True,12,3,8,24.2,6.05,1,30.0,10.0,12.101,2.75,2.605,16.66,0.0,2,spiral_T1_9,late_T8_11,10.56,0.33,3.8400000000000003,64.9,0.7069414367911382,1,35.33359111084594,35.40730633605337,0.08239507865009744,0.08210784313725492,0.42925967708850726,5.273670315051633,31.748616863194645,0.8320868605475604,0.19433114475703797,False,False,False,not applicable,True,1.0585982674285712,0.4728802456462725,0.7,0.928017010867688,19.414017325714287,,232.86852173887348,4958.693430797616,0.6377557157905225,0.5843312243675308,1.8122446968003694
UGC11820,fixed_core,0.001,outer_holdout,True,10,2,9,18.1,5.43,1,45.0,10.0,0.97,2.08,1.977,12.99,0.0,1,spiral_T1_9,late_T8_11,15.82,0.26,7.605769230769231,51.875,0.22462527073954858,0,-10.452402151244698,-10.452402151244698,0.012248376371999818,0.012248376371999818,-0.1255297243941822,-10.267041193991671,105.41688155058952,-0.1945690743309579,0.20811378774694256,False,False,False,not applicable,False,1.9234568819819404,0.7700306616307645,0.7,1.577037064594582,62.99112472925185,,3.201926155938525,50.61723711930596,-0.4026828620779005,0.8811431441988962,1.7149581097201492
UGC11914,fixed_core,0.001,outer_holdout,True,65,13,2,16.9,5.1,1,31.0,5.0,150.028,2.44,0.888,9.26,288.1,1,spiral_T1_9,spiral_T1_7,9.83,0.28,4.028688524590164,288.0,0.6263765522730962,0,-14.567019584634266,-6.173283014772608,0.02896761950510017,0.028056537102473498,-0.04956626461069568,-4.4241031386382295,60.40114457488323,-0.2749588931724575,0.14680534225150813,False,False,False,not applicable,False,1.608090881551245,0.7240675633863694,0.5107459966497818,1.1054690857788552,32.737766907922065,,0.4436810499780192,170.83694810692063,-0.42176423542396557,0.6051636914934062,2.459392487759231
UGC12506,fixed_core,0.001,outer_holdout,True,31,7,6,100.6,10.1,1,86.0,4.0,139.571,7.38,35.556,59.01,234.0,2,spiral_T1_9,spiral_T1_7,49.99,0.82,6.773712737127371,238.0,0.23453830465152922,1,20.871914540416274,20.646253938010204,0.06329973802423053,0.05879828326180257,0.0910704205395642,1.5889506130493045,2.9777973653875556,0.12770996732974874,-0.18167940223551438,False,False,False,not applicable,False,4.786108045493462,1.5051535556694788,0.7,1.1907707454553966,86.7211035297116,,29.825544735293928,241.15870945727656,0.3093893695652631,0.8308267749295487,2.376576957056512
UGC12632,fixed_core,0.001,outer_holdout,True,15,3,9,9.77,2.93,1,46.0,3.0,1.301,2.42,1.744,12.6,71.7,1,spiral_T1_9,late_T8_11,10.66,0.71,4.404958677685951,65.5,0.23331639518552516,0,-5.994485911525184,-5.8118569614572095,0.03921455063571708,0.038493150684931504,-0.08200685914127609,-2.098837873242577,4.477864465216995,-0.16392553278863878,-0.009906464206273858,False,False,False,not applicable,False,0.7372107590901544,0.5319425591938952,0.7,1.221087771149862,46.88297709352407,,2.1484741433146057,71.04087759027034,-0.15401906858236492,0.6439418387101222,1.816241299991783
UGC12732,fixed_core,0.001,outer_holdout,True,16,4,9,13.2,4.0,1,39.0,6.0,1.667,1.98,3.66,17.41,0.0,1,spiral_T1_9,late_T8_11,15.4,0.96,7.777777777777778,79.8,0.20854321549181762,0,-5.738718732087598,-5.6283080632729465,0.03544335741741987,0.035151417302857674,-0.06069006640394908,-1.7712334397216098,3.7583072702302465,0.2259556360672308,0.5405791683944547,False,False,False,not applicable,False,1.9961279249922972,0.7917403829744629,0.7,1.5488772105505766,49.08355483340021,,3.259865869273426,71.30588151159328,-0.31462353232722395,0.8908555305749319,1.9020028913507294
UGCA442,fixed_core,0.001,outer_holdout,True,8,2,9,4.35,0.22,2,64.0,7.0,0.14,1.18,0.263,4.37,56.4,1,spiral_T1_9,late_T8_11,6.33,0.42,5.364406779661017,51.9,0.126702775349912,0,-4.455737732458257,-4.455737732458257,0.03023318124751202,0.03023318124751202,-0.07806913088203138,-4.492720952518219,29.695805374228485,-0.29462578455759136,-0.15775939663274577,False,False,False,not applicable,False,0.1050768547266484,0.5122449549946705,0.7,1.0012609575532527,64.40443154360868,,1.7449676661039368,58.578052229307175,-0.1368663879248456,0.7295217027112297,1.7151673578484579
UGCA444,fixed_core,0.001,outer_holdout,True,36,8,10,0.98,0.05,2,78.0,4.0,0.012,0.83,0.067,2.08,37.0,2,irregular_T10_11,late_T8_11,2.62,0.12,3.1566265060240966,27.85,0.2168806326598016,1,-6.423934307193871,-6.62034987991197,0.15086615265107622,0.1426242781021665,-0.17653519544882285,-1.1654236793650075,1.4317258603109213,-0.3584266845833893,0.5462010636563984,False,False,False,not applicable,False,0.0763669175790423,0.5088698218164212,0.7,0.9967837812310764,77.85193667018649,,0.6500493104723658,30.54494782934601,-0.9046277482397878,0.49922319894367156,1.4448251995097476
CamB,nfw,0.001,fullfit_outer_third,False,9,3,10,3.36,0.26,2,65.0,5.0,0.075,0.47,0.012,1.21,0.0,2,irregular_T10_11,late_T8_11,1.79,0.16,3.808510638297873,10.9,0.6791787131519273,1,-2.533969172622762,-1.89838325059098,0.0886511320946289,0.08928571428571429,-0.13395840271668466,-1.689312781748508,4.903114900607406,0.04485578228758686,0.817011099445087,False,True,False,not applicable,False,1.2702388617449458,0.3732038524475825,0.7,0.939951542773219,60.30988910930001,,4999.999999999995,756.9635751771315,-0.7721553171575001,0.5807551730441758,1.0374264979406236
D512-2,nfw,0.001,fullfit_outer_third,False,4,2,10,15.2,4.56,1,56.0,10.0,0.325,1.24,0.081,0.0,0.0,2,irregular_T10_11,late_T8_11,3.83,0.96,3.088709677419355,34.7,0.20002368178903496,1,0.9560044923548112,0.9560044923548112,0.13960411237906972,0.13960411237906972,0.027123123163461542,0.12365151299235976,0.1489731133665441,0.24699366355473096,-0.12477953887937837,False,False,False,not applicable,False,0.0494244327344735,0.5040227747838253,0.7,1.014827329820342,56.3879246835199,,8.486324358863852,95.09575936831384,0.37177320243410933,0.4897770888063877,1.5403294747908738
D564-8,nfw,0.001,fullfit_outer_third,False,6,2,10,8.79,0.28,2,63.0,7.0,0.033,0.61,0.029,0.0,0.0,2,irregular_T10_11,late_T8_11,3.07,0.51,5.032786885245901,20.85,0.13517368798611112,1,-0.3740385772125414,-0.3740385772125414,0.080375,0.080375,-0.015609159433270542,-0.19850408569609398,0.0846370351826401,0.41228803927254476,0.22470372879858577,False,True,False,not applicable,False,0.1448256632779204,0.4836012759062356,0.7,0.9993004523983814,62.38353627578908,,4999.999999999995,1338.425980348909,0.187584310473959,0.7018085404664194,1.3191060593097763
D631-7,nfw,0.001,fullfit_outer_third,False,16,6,10,7.72,0.18,2,59.0,3.0,0.196,0.7,0.29,0.0,57.7,1,irregular_T10_11,late_T8_11,7.19,0.45,10.271428571428572,47.2,0.11610138710516488,0,-2.4976995837365195,-3.5494250302087167,0.05850156776774009,0.06175725910314952,-0.043868299481955225,-0.8925698420058151,1.4365097578433874,0.3934960156787685,0.11466348860659234,False,True,False,not applicable,False,1.9497402490608644,0.3191508308922515,0.7,0.9873666680675556,53.70613812397536,,4999.999999983582,2102.758722356595,0.2788325270721762,1.0116308503686258,1.6739419986340878
DDO064,nfw,0.001,fullfit_outer_third,False,14,5,10,6.8,2.04,1,60.0,5.0,0.157,0.69,0.211,3.49,46.1,1,irregular_T10_11,late_T8_11,2.98,0.1,4.3188405797101455,37.9,0.2719541304946145,0,-0.028923784602417867,-0.07434398583948365,0.12572301430796207,0.09978401727861771,-0.0008723678542009589,-0.10945038931032806,0.21606150781927366,0.410481720003345,0.027555362826052053,False,True,False,not applicable,False,0.5041401510741996,0.4983325921356839,0.7,1.1512420453222598,60.93820957997874,,4999.999999999995,2531.4367519516186,0.38292635717729295,0.635367173339,1.5786392099680724
DDO154,nfw,0.001,fullfit_outer_third,False,12,4,10,4.04,0.2,2,64.0,3.0,0.053,0.37,0.275,4.96,47.0,2,irregular_T10_11,late_T8_11,5.92,0.49,16.0,43.3,0.13060439321894962,1,2.1740969101145247,1.5691101269516317,0.015529151941253419,0.013608032634767231,0.047005929152635496,2.3165246286345282,7.89759157304027,0.23843241764486386,-0.138898837153254,False,False,False,not applicable,False,2.6610323299595326,0.2709360353031887,0.7,1.0439226232621233,66.5496505247899,,15.775112053129696,137.75663707183156,0.37733125479811785,1.2041199826559248,1.6364878963533653
DDO161,nfw,0.001,fullfit_outer_third,False,31,11,10,7.5,2.25,1,70.0,10.0,0.548,1.22,1.378,10.69,66.3,1,irregular_T10_11,late_T8_11,13.37,0.6,10.959016393442623,55.0,0.2561627792319553,0,-0.26921946139112213,-0.3841131544430141,0.02414716385837138,0.019818456883509836,-0.004068900937255099,-0.056328639898906685,0.4499229609898671,0.18433589452565838,0.1262649861337618,False,False,False,not applicable,False,1.6443949562007876,0.3423974398301078,0.7,1.056552058080564,70.80667140180728,,62.8520313417228,211.67244371035375,0.058070908391896575,1.0397715765872362,1.7403626894942439
DDO168,nfw,0.001,fullfit_outer_third,False,10,4,10,4.25,0.21,2,63.0,6.0,0.191,1.02,0.413,4.3,53.4,2,irregular_T10_11,late_T8_11,4.12,0.41,4.03921568627451,48.0,0.2305924264245383,1,0.012019707857206186,-1.1405225085132074,0.042414928409798915,0.04280026542800266,0.0010535708336113642,-0.22021054514326,2.2444608499772754,0.41538434969399096,-0.0313637713623182,False,True,False,not applicable,False,2.359460663297388,0.4411875760240129,0.7,0.9674752555522428,48.84323602021567,,4999.999999901416,2642.2452162484515,0.4467481210563092,0.606297044271217,1.6812412373755872
DDO170,nfw,0.001,fullfit_outer_third,False,8,3,10,15.4,4.62,1,66.0,7.0,0.543,1.95,0.735,9.14,60.0,2,irregular_T10_11,late_T8_11,12.33,1.87,6.323076923076923,57.1,0.23484281944444443,1,0.6556010355835747,1.2694174709294614,0.019360940045173518,0.020338983050847456,0.011215037097307486,0.47664671504152567,1.0092998078135218,0.05807647502850512,0.18838540714954563,False,False,False,not applicable,False,0.0651084214759515,0.4925600245035539,0.7,1.0088518220011258,66.0752925765474,,13.307714436721636,126.85576430512364,-0.1303089321210405,0.8009284652332136,1.7566361082458481
ESO079-G014,nfw,0.001,fullfit_outer_third,False,15,5,4,28.7,7.17,1,79.0,5.0,51.733,5.08,3.14,17.67,175.0,1,spiral_T1_9,spiral_T1_7,16.67,0.41,3.2814960629921264,132.0,0.3315464506122449,0,-0.8510562527616742,-0.7622278229174526,0.014151935454080172,0.012598870056497175,-0.005384517116972758,-0.21357048833393116,0.9220649836884842,0.2550621266955846,0.17377785834650536,False,False,False,not applicable,False,0.8059979738214191,0.6019630052651925,0.7,1.1394617482260725,79.41521306256347,,109.698734160803,565.5360210813407,0.08128426834907923,0.5160718875440862,2.12057393120585
ESO116-G012,nfw,0.001,fullfit_outer_third,False,15,5,7,13.0,3.9,1,74.0,3.0,4.292,1.51,1.083,9.58,109.1,1,spiral_T1_9,spiral_T1_7,9.86,0.25,6.52980132450331,102.0,0.2002782636141739,0,1.5555567218654829,2.141465985505647,0.02422276562872893,0.019444444444444445,0.013880515507227931,0.49442204085089825,1.0637641503436401,0.2532731101823874,0.09813323947856283,False,False,False,not applicable,False,0.2907518601625483,0.4676218743379936,0.7,1.0179893053253963,74.01831069825197,,22.68035698449212,290.70887362994563,0.15513987070382457,0.8148999676480417,2.0086001717619175
ESO444-G084,nfw,0.001,fullfit_outer_third,False,7,3,10,4.83,0.48,2,32.0,6.0,0.071,0.46,0.135,2.95,0.0,2,irregular_T10_11,late_T8_11,4.44,0.26,9.652173913043478,52.8,0.08843471610730333,1,1.516134456123145,0.21809132853871915,0.06413322379951274,0.05362068965517241,0.023706896853923853,0.1829458417992127,0.2294314886200897,0.2769420258027426,0.12669041610969467,False,False,False,not applicable,False,0.3988756236524246,0.4941664908192201,0.7,1.0127139398096203,34.39325374191455,,13.931978022222673,199.28997206507825,0.1502516096930479,0.9846251384330458,1.7226339225338123
ESO563-G021,nfw,0.001,fullfit_outer_third,False,30,10,4,60.8,9.1,1,83.0,3.0,311.177,5.45,24.298,55.71,314.6,1,spiral_T1_9,spiral_T1_7,42.41,0.45,7.7816513761467885,310.5,0.2624532912705312,0,1.3128882446232182,2.787203880038703,0.03256555088719564,0.02833213141025641,0.004369406042259645,0.10389786311106967,0.40048313780407846,-0.028771851928951507,0.0428535015931636,False,True,False,not applicable,False,2.1158517757733244,0.8138702654206683,0.7,1.1663106839356252,83.31865890083309,,4999.999999999995,3862.496330094382,-0.0716253535221151,0.8910717701830672,2.492061604512599
F565-V2,nfw,0.001,fullfit_outer_third,False,7,3,10,51.8,10.4,1,60.0,10.0,0.559,2.17,0.699,7.31,0.0,2,irregular_T10_11,late_T8_11,8.8,1.26,4.055299539170507,68.5,0.13169340579615704,1,0.13013199151583876,0.2953110037056774,0.07704484293966692,0.07220216606498195,0.0007838167642477296,0.037869786881639,0.04654234321228413,0.49360471448306475,0.36551142419418853,False,True,False,not applicable,False,0.0084206121216231,0.4996669244665425,0.7,1.001687129616479,60.08420612121623,,4999.999999998183,2674.983885876924,0.12809329028887623,0.6080229383016391,1.8356905714924256
F568-3,nfw,0.001,fullfit_outer_third,False,18,6,7,82.4,8.24,1,40.0,10.0,8.346,4.99,3.195,16.14,0.0,1,spiral_T1_9,spiral_T1_7,17.98,0.64,3.603206412825651,83.9,0.22469191106035866,0,-0.3446939675212022,-0.46127909633444375,0.10456582810834412,0.1,-0.003783887303637905,-0.023842212676807206,0.03733981127283959,0.4031868841138544,0.35819607470240467,False,True,False,not applicable,False,0.8255043673620196,0.5463483842302939,0.7,1.0258337282326526,48.25504367362019,,4999.999999992757,2429.6740483032795,0.04499080941144973,0.55668914177382,1.9237619608287002
F568-V1,nfw,0.001,fullfit_outer_third,False,15,5,7,80.6,8.06,1,40.0,10.0,3.825,2.85,2.491,14.38,112.3,1,spiral_T1_9,spiral_T1_7,17.63,0.39,6.185964912280701,111.0,0.1326219548980178,0,4.994977178186855,4.9416306892925235,0.1527850361825538,0.12372881355932203,0.04433538353637774,0.31181147592592084,0.1232851218388376,0.07843280194186972,0.07839643254339186,False,False,False,not applicable,False,0.0458675275000986,0.5043406574774818,0.7,0.99891404611059,39.541324724999015,,8.027512760447365,244.8407715067593,3.636939847785625e-05,0.7914074522908118,2.0453229787866576
F571-8,nfw,0.001,fullfit_outer_third,False,13,5,5,53.3,10.7,1,85.0,5.0,10.164,3.56,1.782,24.55,139.7,1,spiral_T1_9,spiral_T1_7,15.55,0.22,4.367977528089888,105.0,0.13552480932784639,0,-0.580180939926106,-3.565839521162758,0.03193282071201982,0.03225806451612903,-0.006549892566861082,-0.24065151364430593,1.2964244523946047,0.33421827652543534,0.23397192268390624,True,False,False,not applicable,False,4.9763271028037375,0.4991623606360249,0.7,0.0010000000000002,84.99759574246693,,30.88957692891948,403.5443053351915,0.1002463538415291,0.6402803953899812,2.0211892990699383
F571-V1,nfw,0.001,fullfit_outer_third,False,7,3,7,80.1,8.0,1,30.0,10.0,1.849,2.47,1.217,10.1,83.6,2,spiral_T1_9,spiral_T1_7,13.59,1.95,5.502024291497976,77.0,0.19307411957239085,1,0.3103570654796594,0.1673968417911027,0.07180511891509139,0.07151370679380215,0.0035909999656485113,0.05172617757994324,0.07257389876994524,0.18988931193040534,0.05233148695419144,False,False,False,not applicable,False,0.1403477735594498,0.5002078631031692,0.7,1.0024424766937376,31.4034777355945,,26.830795069999432,205.6916074084421,0.1375578249762139,0.7405225034728286,1.8864907251724818
F574-1,nfw,0.001,fullfit_outer_third,False,14,5,7,96.8,9.68,1,65.0,10.0,6.537,4.46,3.524,16.19,97.8,1,spiral_T1_9,spiral_T1_7,12.6,0.47,2.8251121076233185,90.95,0.19377821817272864,0,1.990768335795201,1.896751595865382,0.04664344570748506,0.04569055036344757,0.019972329675300864,0.41605816665653117,0.3585745938321619,0.2675203670597323,0.10115070158190652,False,False,False,not applicable,False,0.1863232624097655,0.5219180666239143,0.7,0.9961725224108762,64.36121451640804,,16.033412867870204,221.91256866323903,0.16636966547782578,0.4510356864054211,1.9588027033995024
F583-1,nfw,0.001,fullfit_outer_third,False,25,9,9,35.4,8.85,1,63.0,5.0,0.986,2.36,2.126,15.65,85.8,1,spiral_T1_9,late_T8_11,16.26,0.26,6.889830508474577,59.4,0.11657047545509146,0,-1.0792356816199091,-4.091106198573996,0.10870258922698933,0.08174386920980926,-0.01880383622804094,-0.21015616759012692,1.2189724131460393,0.3701533829795442,0.18232378476016586,False,False,False,not applicable,False,0.3487014594582694,0.508873642360529,0.7,0.9128246351354328,62.41962575349691,,30.65770440180444,229.79071973704836,0.18782959821937834,0.8382085382879428,1.7737864449811935
F583-4,nfw,0.001,fullfit_outer_third,False,12,4,5,53.3,10.7,1,55.0,10.0,1.715,1.93,0.641,7.8,0.0,1,spiral_T1_9,spiral_T1_7,7.29,0.22,3.77720207253886,58.5,0.2146088087198342,0,0.16138772455283856,0.1261874257002802,0.07087626518707604,0.07150840486409156,0.0032988431770849657,0.055991627667233174,0.0862694179614904,0.32135605149693725,0.5228685369609894,False,False,False,not applicable,False,0.0699592407085925,0.5075424685862853,0.7,1.0117033141108602,55.69959240708592,,28.27116507377403,198.0879592444768,-0.2015124854640522,0.5771702193102008,1.7671558660821804
IC2574,nfw,0.001,fullfit_outer_third,False,34,12,9,3.91,0.2,2,75.0,7.0,1.016,2.78,1.036,10.81,66.4,2,spiral_T1_9,late_T8_11,10.23,0.85,3.679856115107914,43.65,0.22640774467626615,1,-5.716062120199279,-5.856812159464823,0.08339867303930902,0.07516197075033226,-0.09197901622407922,-2.4319231734466853,12.49915119852121,0.5229871191844992,0.6135379193102374,True,True,False,not applicable,False,5.9999999989702415,0.267493561829745,0.7,1.3069053707913167,88.16273353895525,,4999.999954994716,1550.6523128944311,-0.09055080012573813,0.5658308377940839,1.6399842480415885
IC4202,nfw,0.001,fullfit_outer_third,False,32,11,4,100.4,10.0,1,90.0,1.0,179.749,4.78,12.326,32.13,242.6,1,spiral_T1_9,spiral_T1_7,25.9,0.77,5.418410041841003,240.5,0.4458680655702384,0,8.052455161870075,6.457957865506103,0.04870497154877851,0.040160642570281124,0.033521003768815054,0.7743553771697539,0.8325747530416456,-0.065468763004079,-0.03148247305406154,True,False,False,not applicable,False,5.999999999999999,0.8741429049864672,0.1758320502056706,0.4975751507964581,89.99999999999753,,11.642837163529736,463.1709363161686,-0.03398628995001746,0.7338718674691329,2.3811150807098507
KK98-251,nfw,0.001,fullfit_outer_third,False,15,5,10,6.8,2.04,1,59.0,5.0,0.085,1.34,0.115,2.9,33.7,2,irregular_T10_11,late_T8_11,3.13,0.25,2.335820895522388,21.8,0.34459562836388274,1,-2.0638472051129093,-1.8581196401563105,0.060739870868698996,0.060060060060060066,-0.0626014388514111,-1.0319236025564547,1.1080097521247174,0.25674190235072253,0.22532995416377408,False,True,False,not applicable,False,1.8804958005683656,0.5092122836514383,0.7,1.5641487401705096,63.30275974589991,,4999.999999876769,1126.4883479183943,0.03141194818694845,0.3684395391816408,1.3384564936046048
NGC0024,nfw,0.001,fullfit_outer_third,False,29,10,5,7.3,0.36,2,64.0,3.0,3.889,1.34,0.676,7.29,106.3,1,spiral_T1_9,spiral_T1_7,11.27,0.21,8.410447761194028,92.4,0.23735984365446766,0,-2.6947856870544555,-4.116703188020189,0.06720080387571986,0.08067027632561613,-0.025193535170187235,-0.21567866331457167,0.8027691981990637,0.04891821435662186,0.01596328156698412,False,False,False,not applicable,False,1.216833157717932,0.6616880937197633,0.7,1.0104748339584078,64.6478413382886,,4.791476961373791,211.88579800319675,0.032954932789637736,0.9248191176812989,1.9656719712201067
NGC0055,nfw,0.001,fullfit_outer_third,False,21,7,9,2.11,0.11,2,77.0,3.0,4.628,6.11,1.565,10.24,85.6,2,spiral_T1_9,late_T8_11,13.5,1.23,2.20949263502455,82.4,0.3066324672563132,1,3.2170649785884353,3.0481654702804946,0.058079417678656924,0.06358381502890173,0.037271263553339824,0.7127534296857413,0.874331395408846,0.25242606639809867,0.02802649297001847,False,False,False,not applicable,False,1.9832296713628093,0.3166992516866846,0.7,1.0228686675696868,77.59476036173149,,101.92505045987728,347.8854110629476,0.2243995734280802,0.34429255825245186,1.9159272116971158
NGC0100,nfw,0.001,fullfit_outer_third,False,21,7,6,13.5,4.05,1,89.0,1.0,3.232,1.66,1.99,16.36,88.1,1,spiral_T1_9,spiral_T1_7,9.62,0.23,5.795180722891566,77.8,0.16738598530612242,0,1.6564746317619725,1.6478119008415462,0.08343908529498825,0.06422764227642278,0.018660050491866403,0.2329297124218645,0.06792804899438941,0.3894145468007626,0.3030330137219761,False,True,False,not applicable,False,0.2293257811678377,0.4915526256594612,0.7,1.0687977343503514,89.00049783343056,,4999.999999999995,2798.366488717423,0.08638153307878649,0.7630669839977579,1.890979596989689
NGC0247,nfw,0.001,fullfit_outer_third,False,26,9,7,3.7,0.19,2,74.0,3.0,7.332,3.74,1.746,12.79,104.9,2,spiral_T1_9,spiral_T1_7,14.54,1.08,3.887700534759358,88.9,0.25259502040816323,1,-2.166073062520818,-1.9979585696361397,0.08331488314682182,0.08476190476190476,-0.020570969478695453,-0.2512586382180465,0.07409161774318901,0.12758688456945172,0.15693897040393234,False,False,False,not applicable,False,0.9877471682029376,0.6276892937977011,0.7,1.0098804611521588,74.33339424827429,,22.964883945784276,223.96128634125333,-0.029352085834480623,0.5896928043225388,1.9489017609702137
NGC0289,nfw,0.001,fullfit_outer_third,False,28,10,4,20.8,5.2,1,46.0,5.0,72.065,6.74,27.469,49.51,163.0,2,spiral_T1_9,spiral_T1_7,71.12,1.5,10.55192878338279,175.0,0.2353007261095904,1,-0.21041663011392586,-1.5814242189662764,0.05320092897102609,0.05052645095017977,9.433970649135991e-05,-0.00965691696423986,0.8052396003424475,-0.15312291628410177,-0.2702269549959189,False,False,False,not applicable,False,0.908194085602278,0.4818281367113005,0.7,1.2270485214005695,49.34105533247198,,26.940738328591056,304.26356857228114,0.11710403871181715,1.0233318514268375,2.2430380486862944
NGC0300,nfw,0.001,fullfit_outer_third,False,25,9,7,2.08,0.1,2,42.0,10.0,2.922,1.75,0.936,9.2,93.3,2,spiral_T1_9,spiral_T1_7,11.8,0.91,6.742857142857143,88.2,0.14859433958186558,1,1.9593028347399393,3.052599885000177,0.07876301635841854,0.07790821771611525,0.02148308258933628,0.23397214880423445,0.24602017594048733,0.1437019340077625,0.09023635217368768,False,False,False,not applicable,False,0.1278315584990545,0.50615645654665,0.7,0.9992708293768492,40.721684415009456,,19.74764189686502,231.78785252998927,0.05346558183407481,0.828843958619831,1.9454685851318196
NGC0801,nfw,0.001,fullfit_outer_third,False,13,5,5,80.7,8.07,1,80.0,1.0,312.57,8.72,23.201,44.99,220.1,1,spiral_T1_9,spiral_T1_7,59.82,1.17,6.860091743119265,219.0,0.44167279456721115,0,0.976633611059657,1.5245340960303508,0.02085453331964662,0.01872146118721461,0.004482185134565047,0.20022035022245427,0.15300744166823407,-0.05206876869363132,-0.045936807257302634,False,False,False,not applicable,False,0.8943669969822986,0.6143370444782754,0.7,1.0294660618521776,80.01863620453112,,324.6335360134622,605.4911728473863,-0.006131961436328687,0.8363299237627321,2.3404441148401185
NGC0891,nfw,0.001,fullfit_outer_third,False,18,6,3,9.91,0.5,2,90.0,1.0,138.34,2.55,4.462,18.16,216.1,1,spiral_T1_9,spiral_T1_7,17.11,0.92,6.709803921568628,222.5,0.549237392179311,0,3.446885477076487,2.3256791655198015,0.016178220883835217,0.0166371181088923,0.0162853874785861,0.9183302645821328,1.1209184394486689,-0.0776707732377077,-0.17831346983983906,True,False,False,not applicable,False,3.785707879050242,0.2091217557105415,0.5282963378849536,0.9328045081957383,89.99999999984375,,8.139576046984853,405.262403414909,0.10064269660213136,0.8267098291071451,2.3473300153169503
NGC1003,nfw,0.001,fullfit_outer_third,False,36,12,6,11.4,3.42,1,67.0,5.0,6.82,1.61,5.88,33.33,109.8,1,spiral_T1_9,spiral_T1_7,30.24,1.25,18.782608695652172,103.5,0.11659439354440493,0,-0.708318314044206,-0.8549561633456264,0.024769231628052748,0.02333467417538214,-0.006359749355153481,-0.2401868686670363,0.31350442602311596,0.223765494361901,0.21940640939635384,False,False,False,not applicable,False,1.0965234670002266,0.6436093594455119,0.7,1.0554452549272528,67.23807471903743,,41.04985053372148,253.611678422442,0.004359084965547155,1.273755910797319,2.0149403497929366
NGC1090,nfw,0.001,fullfit_outer_third,False,24,8,4,37.0,9.25,1,64.0,3.0,72.045,3.53,8.783,30.49,164.4,1,spiral_T1_9,spiral_T1_7,30.09,0.35,8.524079320113314,165.0,0.34270975108654694,0,-0.010792329078487484,0.09535793935037873,0.014477983600059904,0.013765432098765433,-2.286674847194834e-06,0.0068525786272497224,0.2092515244953771,-0.04454011749680884,-0.08870953558715274,False,False,False,not applicable,False,0.6252968325359329,0.5149455100853649,0.7,0.8436757918660167,63.67195462014184,,16.41540381094613,297.37950661905666,0.044169418090343894,0.9306474823522579,2.2174839442139063
NGC2403,nfw,0.001,fullfit_outer_third,False,73,25,6,3.16,0.16,2,63.0,3.0,10.041,1.39,3.199,15.11,131.2,1,spiral_T1_9,spiral_T1_7,20.87,0.16,15.014388489208635,114.0,0.2004949237023836,0,-2.8820746492026728,-2.884997667753794,0.024124533446095473,0.02015748031496063,-0.021290153477264546,-0.6749348588002471,8.453391570502424,-0.013942283448529165,0.07693923806344007,False,False,False,not applicable,False,3.100723725469196,0.3979777754502109,0.7,0.8829715417454267,53.69782882359242,,7.576742786529841,260.51537018913245,-0.09088152151196924,1.176507648811359,2.0569048513364727
NGC2683,nfw,0.001,fullfit_outer_third,False,11,4,3,9.81,0.49,2,80.0,5.0,80.415,2.18,1.406,13.79,154.0,2,spiral_T1_9,spiral_T1_7,34.62,2.89,15.880733944954127,172.0,0.25418338475200797,1,3.4382852199289005,-0.1503706910846887,0.06828824859360536,0.06559139784946236,0.023172847977040806,0.34261028177956776,0.6675261985410086,-0.23140825542391558,0.031962132262654985,False,False,False,not applicable,False,0.1880822337016513,0.4854939975347078,0.67033179101945,0.996630323907176,79.78839834351973,,6.320428964161103,307.0636355617936,-0.26337038768657056,1.2008705699347701,2.2355284469075487
NGC2841,nfw,0.001,fullfit_outer_third,False,50,17,3,14.1,1.4,3,76.0,10.0,188.121,3.64,9.775,45.12,284.8,1,spiral_T1_9,spiral_T1_7,63.64,3.44,17.483516483516482,301.0,0.18115576613796608,0,-2.085193520576621,-3.8204862020356245,0.015529846321860682,0.014982332155477033,-0.00683114510979193,-0.14911353695745813,3.1217994873485058,-0.010265525707279255,0.02673314518284668,False,False,False,not applicable,False,2.7902597616474427,0.9505959956224126,0.8347234850035694,1.0944450776835035,81.48235967939942,,51.96766745659039,542.6899449030061,-0.036998670890125936,1.242628787325488,2.4785664955938436
NGC2903,nfw,0.001,fullfit_outer_third,False,34,12,4,6.6,1.98,1,66.0,3.0,81.863,2.33,2.552,13.76,184.6,1,spiral_T1_9,spiral_T1_7,24.96,0.32,10.71244635193133,189.5,0.29820008400292186,0,-0.352162150208341,-0.1996524495326213,0.020870186246914644,0.01671425910981439,-0.001962408832394147,-0.06082067939103839,0.3282096078866792,-0.15793225176683914,-0.11460111298878303,False,False,False,not applicable,False,1.5718447984254833,0.4340571296030345,0.7,0.528446560472355,65.60552281499388,,4.991652863352633,377.08270265679465,-0.04333113877805611,1.0298886599843673,2.2776092143040914
NGC2915,nfw,0.001,fullfit_outer_third,False,30,10,11,4.06,0.2,2,56.0,4.0,0.641,0.55,0.508,7.16,83.5,2,irregular_T10_11,late_T8_11,10.04,0.34,18.25454545454545,81.15,0.0764037753062881,1,1.4953662079152976,2.05291348663976,0.07780715391200387,0.0773958777952209,0.01913358363237142,0.22030323858961767,0.19225282358473933,0.06008319603121015,0.2892863892314673,False,False,False,not applicable,False,0.9279616002834205,0.4038070010542783,0.7,0.9895604413324276,54.290934991482935,,5.154462061388603,176.14935947415182,-0.22920319320025717,1.2613710233147566,1.9092885241622508
NGC2955,nfw,0.001,fullfit_outer_third,False,24,8,3,97.9,9.8,1,56.0,7.0,319.422,18.76,28.949,40.34,0.0,1,spiral_T1_9,spiral_T1_7,35.43,0.75,1.8885927505330489,255.5,0.5584935718233018,0,-4.12390421159575,-4.2034497774784825,0.04783691038284563,0.04805670029842262,-0.012513543362668814,-0.3840687438582407,1.7403442558204687,-0.02460520216967645,-0.20107103737611234,False,False,False,not applicable,False,2.0807225019555715,0.3096690160269132,0.8770608680647304,0.9499609971594284,48.929118271707,,21.1741112848147,456.587894249103,0.17646583520643588,0.2761383182901315,2.4073909044707316
NGC2976,nfw,0.001,fullfit_outer_third,False,27,9,5,3.58,0.18,2,61.0,10.0,3.371,1.01,0.172,3.04,85.4,2,spiral_T1_9,spiral_T1_7,2.27,0.11,2.2475247524752477,49.2,0.5898784583113941,1,-1.5421378107442523,-0.12833311034438566,0.053193980538409534,0.05439330543933054,-0.0168356160845301,-0.32768562846311045,0.8165621149434763,0.19923107621870734,0.4363889332625294,False,False,False,not applicable,False,1.6549104814815,0.7319156820805605,0.7,1.0305775113287317,73.71315551421503,,293.2363162124032,0.0180751069009276,-0.23715785704382208,0.35170448341048016,1.6919651027673603
NGC2998,nfw,0.001,fullfit_outer_third,False,13,5,5,68.1,10.2,1,58.0,2.0,150.902,6.2,23.451,43.58,209.9,1,spiral_T1_9,spiral_T1_7,42.28,0.33,6.819354838709677,206.0,0.34193970772994775,0,-0.5920634745853419,-0.20699335450385092,0.011397593856186859,0.009389671361502348,-0.0027424718647703233,-0.15638060681447144,1.1077449434009876,-0.08899831240857212,-0.058924524618240944,False,False,False,not applicable,False,1.1805648251699543,0.3809899518368307,0.7,0.9336279971060296,57.75672119283615,,11.649315293569124,391.9902469915476,-0.030073787790331173,0.8337432891371348,2.3138672203691533
NGC3109,nfw,0.001,fullfit_outer_third,False,25,9,9,1.33,0.07,2,70.0,5.0,0.194,1.56,0.477,6.0,66.2,1,spiral_T1_9,late_T8_11,6.45,0.26,4.134615384615385,50.6,0.10808169534354384,0,-5.381574710910874,-5.443082493090152,0.04271681745990967,0.04503105590062111,-0.08496503223695585,-2.073618880805928,4.64159443803995,0.47282472858846175,0.4170770076097215,False,True,False,not applicable,False,0.8364542593539714,0.4124056232869496,0.7,1.0372628333561218,73.5867597410206,,4999.999999999995,2329.1613237860024,0.055747720978740256,0.6164351162808062,1.7041505168397992
NGC3198,nfw,0.001,fullfit_outer_third,False,43,15,5,13.8,1.4,3,73.0,3.0,38.279,3.14,10.869,35.66,150.1,1,spiral_T1_9,spiral_T1_7,44.08,0.32,14.038216560509554,146.0,0.23196221382998686,0,0.24818710098630467,-0.4893147077339961,0.014246256303626609,0.013422818791946308,0.0018179330227036845,0.16728771673296564,1.0051435995384321,-0.03274955268923906,-0.034062814474634856,False,False,False,not applicable,False,0.3540671647575079,0.4608539220500082,0.7,0.9906132138724988,72.91274293200327,,14.726579980522851,288.3481804179791,0.0013132617853957931,1.1473119377705137,2.164352855784437
NGC3521,nfw,0.001,fullfit_outer_third,False,41,14,4,7.7,2.3,1,75.0,5.0,84.836,2.4,4.154,18.85,213.7,1,spiral_T1_9,spiral_T1_7,17.74,0.51,7.391666666666667,213.0,0.6675563224126786,0,-1.4442002798254074,-1.3458223656808883,0.08253827994830819,0.0877314814814815,-0.006762632567014005,-0.12753288634560173,0.13226291470500243,-0.03712575704472966,-0.03588324180988464,False,True,False,not applicable,False,0.2315353828276153,0.5108678293777412,0.7,1.0691599195459112,75.19120278605382,,4999.999999974522,4162.361906810001,-0.001242515234845018,0.8687423737841016,2.3283796034387376
NGC3726,nfw,0.001,fullfit_outer_third,False,12,4,5,18.0,2.5,4,53.0,2.0,70.234,3.4,6.473,22.2,168.0,2,spiral_T1_9,spiral_T1_7,32.52,3.5,9.564705882352943,159.0,0.26180609751099576,1,-3.3717385558413113,-3.2157162112070807,0.06196193847151668,0.06290856579318117,-0.02002615775881601,-0.3119131087358413,0.18229592191438476,0.1286550501694131,0.16526084128880522,False,True,False,not applicable,False,0.4086570963659522,0.5493330314443889,0.7,0.9956459248801098,52.97633382450118,,4999.999999913212,2533.3247281369704,-0.036605791119392134,0.9806716198797755,2.2013971243204513
NGC3741,nfw,0.001,fullfit_outer_third,False,21,7,10,3.21,0.17,2,70.0,4.0,0.028,0.2,0.182,4.2,50.1,1,irregular_T10_11,late_T8_11,7.0,0.23,35.0,36.5,0.08112721999999999,0,0.09624976590127687,-0.4112871095289208,0.050390165686264275,0.04796573875802998,0.0014710348539450403,0.005457181989254275,0.12993465348324645,0.3471318843348389,0.2606590719417613,False,False,False,not applicable,False,0.05691926437974,0.4934896832841329,0.7,1.0004232291151849,70.03063669730675,,25.02761715933755,161.22387092922398,0.08647281239307758,1.5440680443502757,1.5622928644564746
NGC3769,nfw,0.001,fullfit_outer_third,False,12,4,3,18.0,2.5,4,70.0,2.0,18.679,3.38,5.529,22.57,118.6,2,spiral_T1_9,spiral_T1_7,37.16,1.74,10.994082840236686,118.0,0.16445895862183707,1,-0.03545767573280756,-0.6157208924190058,0.09748590794955578,0.09052797360131994,0.00021480632754674288,0.00014964658212036908,0.04476550657984207,-0.04659905512034786,-0.06809543912706072,False,False,False,not applicable,False,0.9983129936029008,0.397318424769897,0.7,0.9272026439076112,69.82044019260643,,11.925254324721912,237.04519557366268,0.02149638400671286,1.0411590050439494,2.0718820073061255
NGC3877,nfw,0.001,fullfit_outer_third,False,13,5,5,18.0,2.5,4,76.0,1.0,72.535,2.53,1.483,11.47,168.4,2,spiral_T1_9,spiral_T1_7,11.35,0.87,4.486166007905139,162.0,0.7102281327684605,1,3.2273302628551392,4.036757386289651,0.03272408367478622,0.03136094674556213,0.018981614780023564,0.5762260234282605,0.3749848730708053,0.04870272299290276,-0.004298535685343285,False,False,False,not applicable,False,1.6976890610526565,0.3382214119526517,0.7,0.8189896283117657,75.93278103405648,,8.688430472547171,306.555787354691,0.05300125867824604,0.6518753403533236,2.2095150145426308
NGC3893,nfw,0.001,fullfit_outer_third,False,10,4,5,18.0,2.5,4,49.0,2.0,58.525,2.38,5.799,20.84,174.0,1,spiral_T1_9,spiral_T1_7,19.05,1.74,8.004201680672269,182.5,0.3342177117214111,0,3.9158847251577953,3.3574261795245093,0.0657903007469064,0.06843416708989333,0.0233269172072708,0.27408608852102095,0.2601042405309962,-0.0790361540167963,-0.2828363615293573,False,False,False,not applicable,False,0.8134401165537256,0.4145968448141793,0.7,0.9286147050106645,48.57663475218898,,9.488554954147483,338.4598088324257,0.203800207512561,0.9033180229551262,2.2612628687924934
NGC3917,nfw,0.001,fullfit_outer_third,False,17,6,6,18.0,2.5,4,79.0,2.0,21.966,2.63,1.888,14.08,135.9,1,spiral_T1_9,spiral_T1_7,14.86,0.87,5.650190114068441,134.0,0.31395441152965,0,0.40239038002845007,0.8787333319340576,0.03405049076649596,0.030983589087809037,0.002966096283615032,0.1670479929308418,0.12972783331749513,-0.05447269207286372,0.024512401586324135,False,True,False,not applicable,False,2.4222161775316686,0.8733566311858179,0.7,1.1728061828916498,79.27777401299463,,4999.999999999933,2488.0818847916034,-0.07898509365918785,0.7520630609347986,2.1271047983648077
NGC3949,nfw,0.001,fullfit_outer_third,False,7,3,4,18.0,2.5,4,55.0,2.0,38.067,3.59,3.371,13.72,163.0,2,spiral_T1_9,spiral_T1_7,7.07,1.74,1.9693593314763234,157.0,0.5717210523415978,1,-4.058035743326077,-4.667004862504484,0.09114158231215086,0.06787878787878787,-0.024334008002852608,-0.262040532126236,0.08390500625205506,0.05161910842823556,0.16187798501325934,False,True,False,not applicable,False,0.3762432388285507,0.4585066938824886,0.7,0.9668523824386472,54.83657985933736,,4999.999999999995,4402.796392433268,-0.11025887658502379,0.2943249652185803,2.1958996524092336
NGC3953,nfw,0.001,fullfit_outer_third,False,8,3,4,18.0,2.5,4,62.0,1.0,141.301,4.89,2.832,17.38,220.8,1,spiral_T1_9,spiral_T1_7,15.68,3.5,3.206543967280164,219.5,0.5688839644451532,0,0.5172484313249109,0.48137034745025176,0.03323422733886546,0.027354260089686097,0.002357176138615555,0.07503237057480708,0.09024598453802428,-0.18240086832865707,-0.14095338643207594,False,False,False,not applicable,False,0.1532827070215617,0.4826604724155615,0.7,0.9854084783888004,61.98615767766393,,7.076650011280249,321.1066098222391,-0.04144748189658112,0.5060371992247994,2.34143452457814
NGC3972,nfw,0.001,fullfit_outer_third,False,10,4,4,18.0,2.5,4,77.0,1.0,14.353,2.18,1.214,10.05,132.7,1,spiral_T1_9,spiral_T1_7,8.72,0.87,4.0,113.0,0.3368280611870436,0,0.6078317103112383,0.45061620913672584,0.0369654774905958,0.03616976095134086,0.004997933850836002,0.15087949203417633,0.12963947047030625,0.19948710661994298,0.2473368676840608,False,False,False,not applicable,False,0.2390797133227486,0.4732188469492048,0.7,0.9791763969625468,76.99147594310597,,50.29891197126596,437.94660111287607,-0.04784976106411781,0.6020599913279624,2.0530784434834195
NGC3992,nfw,0.001,fullfit_outer_third,False,9,3,4,23.7,2.3,5,56.0,2.0,226.932,4.96,16.599,32.75,241.0,1,spiral_T1_9,spiral_T1_7,46.02,9.19,9.278225806451614,248.0,0.2588026617999001,0,-1.416263929894929,-2.076207380962643,0.027911457461823875,0.025726141078838177,-0.005969378520195971,-0.17068342703594594,0.09684202949066557,-0.20781708910675917,-0.12792307558032004,False,False,False,not applicable,False,0.080841782593398,0.4907788358039444,0.7,0.9977283117603584,55.977315672974576,,11.302148890037357,453.5060800797788,-0.07989401352643913,0.9674649378424272,2.3944516808262164
NGC4010,nfw,0.001,fullfit_outer_third,False,12,4,7,18.0,2.5,4,89.0,1.0,17.193,2.81,2.832,17.59,125.8,2,spiral_T1_9,spiral_T1_7,10.47,0.87,3.725978647686833,109.5,0.36410069459969785,1,-0.7415227655606991,-0.3149930359103905,0.03819715235217737,0.03984618201794543,-0.004899145258941596,-0.04351474748364986,1.694370658929715,0.244651836044333,-0.19880033900197142,False,False,False,not applicable,False,0.4623265895021627,0.4495079172041443,0.7,0.9840143049750448,88.99950318783782,,701.3215846796729,1272.909629356369,0.4434521750463044,0.5712403617737625,2.0394141191761372
NGC4013,nfw,0.001,fullfit_outer_third,False,36,12,3,18.0,2.5,4,89.0,1.0,79.094,3.53,2.967,31.35,172.9,2,spiral_T1_9,spiral_T1_7,31.01,5.49,8.784702549575071,178.0,0.24156643395061728,1,-0.14703215053182342,-1.037783059992222,0.032738718947565415,0.028818683143977144,-0.0004579712691626982,-0.0773898575847648,0.3577874255537185,0.16832061463316053,0.06631422727884584,False,False,False,not applicable,False,0.5325612582242194,0.5332841038929702,0.791323687016024,1.059523688663157,89.00198795206418,,255.8473102847624,690.7377282787062,0.10200638735431469,0.9437270608495039,2.250420002308894
NGC4051,nfw,0.001,fullfit_outer_third,False,7,3,4,18.0,2.5,4,49.0,3.0,95.268,4.65,2.697,15.13,157.0,2,spiral_T1_9,spiral_T1_7,12.19,1.74,2.6215053763440856,153.0,0.7461619518468544,1,2.2578651304666266,2.481959101552434,0.04813412409320338,0.048051948051948054,0.014430881604789328,0.3500823549425902,0.17742377299161852,-0.19334867356866747,-0.1551729592520432,False,False,False,not applicable,False,0.3194848415832208,0.4645382934727124,0.7,0.9662847761406445,48.53110101541863,,6.681880208421202,208.8155890199133,-0.03817571431662428,0.41855075272842795,2.184691430817599
NGC4068,nfw,0.001,fullfit_outer_third,False,6,2,10,4.37,0.22,2,44.0,6.0,0.236,0.59,0.154,3.18,0.0,2,irregular_T10_11,late_T8_11,2.33,0.21,3.9491525423728815,26.45,0.41044406069414885,1,-2.8725370835893393,-2.8725370835893393,0.08291898700609918,0.08291898700609918,-0.07115954269724122,-0.8354944967319373,0.7008282433109825,0.39295585876369293,0.763549261625086,False,True,False,not applicable,False,0.313712064742267,0.4707111352012687,0.7,1.003899797527933,45.8822723884536,,4999.999999999995,1763.6066056844002,-0.37059340286139303,0.5965039093838748,1.4224256763712047
NGC4085,nfw,0.001,fullfit_outer_third,False,7,3,5,18.0,2.5,4,82.0,2.0,21.724,1.65,1.349,10.16,131.5,2,spiral_T1_9,spiral_T1_7,6.2,0.87,3.757575757575758,127.0,0.6700300554016622,1,-0.0012034475222435503,0.5659890410057926,0.04197955295478515,0.03769230769230769,-0.00011227595201893151,-0.009176552816555295,0.030909025521344034,0.17845160988403047,0.1358221231953595,False,True,False,not applicable,False,1.4966479671124986,0.3542462060021416,0.7,0.8599931341071211,81.87558524761108,,4999.999999999995,4442.690371757733,0.042629486688670976,0.5749077452843476,2.103803720955957
NGC4088,nfw,0.001,fullfit_outer_third,False,12,4,4,18.0,2.5,4,69.0,2.0,107.286,2.58,8.226,22.25,171.7,1,spiral_T1_9,spiral_T1_7,21.48,1.74,8.325581395348838,171.0,0.6009229994319083,0,-0.7387821790868827,-0.7762581951954246,0.04105486908231917,0.03999384236453202,-0.003996905411661748,-0.03954910325965644,0.2153168701674577,0.004028459324185275,0.13458965771773598,False,True,False,not applicable,False,0.7446566867724774,0.4212154918213697,0.7,0.9250625860494374,68.80543131113858,,4999.999999876724,2845.8005920784717,-0.1305611983935507,0.9204145710642879,2.2329961103921536
NGC4100,nfw,0.001,fullfit_outer_third,False,24,8,4,18.0,2.5,4,73.0,2.0,59.394,2.15,3.102,18.06,158.2,1,spiral_T1_9,spiral_T1_7,22.76,2.61,10.586046511627908,178.5,0.3063761352878611,0,3.720875183778876,3.8566748684605727,0.044706812652690206,0.0439873417721519,0.02404233133171013,0.49727361340339876,0.8632303897411315,-0.20164804262361927,-0.43028446840540185,False,False,False,not applicable,False,0.044494061146196,0.50514889864319,0.7,0.9994663306322884,72.99881972513157,,7.183477068898358,308.4640467321039,0.2286364257817826,1.0247337978074282,2.251638220448212
NGC4138,nfw,0.001,fullfit_outer_third,False,7,3,0,18.0,2.5,4,53.0,3.0,44.111,1.51,1.483,18.58,147.3,2,S0_T0,S0_T0,18.58,2.61,12.304635761589402,162.0,0.32976230181868665,1,0.8636437623361909,0.8624626789508341,0.1093252013449058,0.12176870748299319,0.006479727549166388,0.21149974520549653,0.32712140348393276,-0.2326137157905387,0.10462123207630013,False,False,False,not applicable,False,0.2317958098389613,0.4943085028027227,0.6636184610060668,0.9775074131734244,52.72749064539072,,3.6121997004878295,276.2277280186898,-0.33723494786683883,1.0900687623644534,2.2095150145426308
NGC4157,nfw,0.001,fullfit_outer_third,False,17,6,3,18.0,2.5,4,82.0,3.0,105.62,2.32,8.226,24.09,184.7,1,spiral_T1_9,spiral_T1_7,29.61,1.74,12.76293103448276,185.0,0.3445311366921031,0,0.2952974947577142,-0.7029978213920316,0.054715978595568406,0.05510752688172043,0.0016061151501268408,-0.014208889090366694,0.025467228647355965,0.08586935803857053,0.017469791947177266,False,False,False,not applicable,False,0.3998879941229106,0.5006641874307683,0.6384240524886754,0.9656914457908098,81.9234316473284,,149.8498433445328,577.2254045224425,0.06839956609139326,1.1059504224983996,2.2671717284030137
NGC4183,nfw,0.001,fullfit_outer_third,False,23,8,6,18.0,2.5,4,82.0,2.0,10.838,2.79,3.506,16.07,110.6,1,spiral_T1_9,spiral_T1_7,21.02,0.87,7.534050179211469,109.0,0.24187166578330843,0,-1.218713382369943,-0.9677081746132217,0.058339706468791275,0.047727084883048186,-0.010724299667345762,-0.09136497073331576,0.13822221468209844,-0.0879266400281697,0.08655046204250465,False,False,False,not applicable,False,0.1007386329064258,0.5117335225921615,0.7,0.994733628030723,81.99466737273802,,8.496510961684963,203.6935876779057,-0.17447710207067435,0.8770285084186259,2.037426497940624
NGC4217,nfw,0.001,fullfit_outer_third,False,19,7,3,18.0,2.5,4,86.0,2.0,85.299,2.94,2.562,16.7,181.3,1,spiral_T1_9,spiral_T1_7,16.72,0.87,5.687074829931973,179.0,0.5874801832027714,0,4.19672300052194,6.289261566351314,0.04260450565016867,0.03826815642458101,0.02388819523868945,0.46386168260187544,0.7301301165048705,0.04901213114836669,-0.17536791938545898,False,False,False,not applicable,False,4.403507410736316,0.8327049628450747,0.2539494630769079,0.7786437402810035,85.9108084117842,,24.077592428172142,404.27893295552366,0.22438005053382568,0.7548889426908403,2.2528530309798933
NGC4559,nfw,0.001,fullfit_outer_third,False,32,11,6,9.0,2.7,1,67.0,1.0,19.377,2.1,5.811,21.16,121.2,1,spiral_T1_9,spiral_T1_7,20.97,0.67,9.985714285714284,119.5,0.33695148481590975,0,1.4929286299026707,2.1387119611462992,0.04613882943850025,0.0468595041322314,0.012499356423102386,0.22386940497912447,0.2647858242939975,0.07449861432044043,-0.09809829348981777,False,False,False,not applicable,False,1.0417329314452963,0.4453241740045144,0.7,0.6874801205664111,66.96456787369182,,13.708803921038156,242.2375344719059,0.17259690781025822,0.9993791357314245,2.0773679052841563
NGC5005,nfw,0.001,fullfit_outer_third,False,18,6,4,16.9,1.5,5,68.0,2.0,178.72,9.45,1.28,10.41,262.2,1,spiral_T1_9,spiral_T1_7,11.47,0.49,1.2137566137566138,260.0,0.682692169642958,0,0.33586749375327446,0.23476069273684175,0.08355393558223746,0.08355345911949685,0.0012738036809916595,0.015525705145772797,0.0063202758707545355,0.023781921489429765,0.0012803334131806995,False,False,False,not applicable,False,0.938762698835242,0.5064139276066418,0.563925547848619,0.965502952853148,67.75859368147422,,1040.115009923215,2403.886136506673,0.022501588076249066,0.08413160939200474,2.4149733479708178
NGC5033,nfw,0.001,fullfit_outer_third,False,22,8,5,15.7,4.7,1,66.0,1.0,110.509,5.16,11.314,29.53,194.2,1,spiral_T1_9,spiral_T1_7,44.59,0.76,8.641472868217054,217.5,0.2624681385547809,0,2.376786613952728,3.2370894449211107,0.017049702977050066,0.015584520725388601,0.012843013575146462,0.8271185624611589,3.759774603066463,-0.18544060796333786,-0.22361727752488253,False,False,False,not applicable,False,1.3280821637541782,0.3864571185458806,0.5155725938687137,0.7658020215563779,65.96885121792933,,8.27013829976793,415.5624394358463,0.03817666956154467,0.9365877707223959,2.337459261290656
NGC5055,nfw,0.001,fullfit_outer_third,False,28,10,4,9.9,0.3,2,55.0,6.0,152.922,3.2,11.722,35.06,179.0,1,spiral_T1_9,spiral_T1_7,54.59,0.72,17.059375,189.0,0.30148861265080507,0,1.0198033335746488,0.6342912435201953,0.01908510540475273,0.0180933346176074,0.005615855754379983,0.46575018586875744,1.3473376907102887,-0.12475666633046226,-0.08263506663396482,False,False,False,not applicable,False,2.6836082176063467,0.2695312854683441,0.7,1.0074552388472084,60.75502735316564,,12.86429096229938,347.53681307325303,-0.04212159969649744,1.2319631159860553,2.2764618041732443
NGC5371,nfw,0.001,fullfit_outer_third,False,19,7,4,39.7,9.92,1,53.0,2.0,340.393,7.44,11.18,30.03,209.5,1,spiral_T1_9,spiral_T1_7,46.24,1.45,6.21505376344086,215.0,0.5646984860392011,0,-3.9088081497460627,-1.7817212525447985,0.018244829677478546,0.019138755980861243,-0.018458029172321918,-0.6463101853914951,3.5744951144940957,-0.30997694231557926,-0.11221494018718622,False,False,False,not applicable,False,1.321245134790248,0.3688463505925426,0.7,0.6866321202260854,52.632539337886826,,6.192356278067749,408.2720132146185,-0.19776200212839304,0.7934448898665939,2.3324384599156054
NGC5585,nfw,0.001,fullfit_outer_third,False,24,8,7,7.06,2.12,1,51.0,2.0,2.943,1.53,1.683,10.92,90.3,1,spiral_T1_9,spiral_T1_7,10.96,0.09,7.163398692810458,68.69999999999999,0.21595699061500612,0,-0.9930886554907747,-2.158627770533286,0.025822612088564928,0.029259104023705556,-0.011010182213785417,-0.32406482654434554,2.8188579635169955,0.2592439515558182,0.021500575291354587,False,False,False,not applicable,False,1.4791792861520077,0.3966613544303415,0.7,0.5558271831951478,50.686946819750325,,20.23347486186442,233.63013656625992,0.23774337626446362,0.8551191233307516,1.8369567370595503
NGC5907,nfw,0.001,fullfit_outer_third,False,19,7,5,17.3,0.9,2,88.0,2.0,175.425,5.34,21.025,0.0,215.0,1,spiral_T1_9,spiral_T1_7,50.33,5.03,9.425093632958802,218.0,0.2854637785065158,0,-5.001711960644038,-6.886902051577096,0.014619038872243386,0.013888888888888888,-0.02309819323918061,-1.14254575784468,5.43499546552798,-0.19839162011432082,0.03855080285540475,False,False,False,not applicable,False,2.655007928243418,0.2713121303714135,0.7,0.9606735997745632,87.92953401160351,,7.779815499275452,434.2482079113095,-0.23694242296972556,0.9742856733685831,2.3384564936046046
NGC5985,nfw,0.001,fullfit_outer_third,False,33,11,3,39.7,9.9,1,60.0,2.0,208.728,7.01,11.586,39.5,293.6,1,spiral_T1_9,spiral_T1_7,34.72,3.54,4.9529243937232525,291.0,0.27124533215296626,0,-1.2266514772255628,-1.4939675410049063,0.015244266210500833,0.013888888888888888,-0.0041355212901896315,-0.27514057553415044,1.094553958786692,-0.07844394659181408,-0.02614661196852798,False,False,False,not applicable,False,2.9071098921869543,0.4377337405776623,0.6756331593140118,0.2750532006888956,59.738771011294034,,8.262171157071524,610.4643526433831,-0.052297334623286104,0.6948616985377957,2.4638929889859074
NGC6015,nfw,0.001,fullfit_outer_third,False,44,15,6,17.0,5.1,1,60.0,2.0,32.129,2.3,5.834,21.43,154.1,2,spiral_T1_9,spiral_T1_7,29.23,0.34,12.708695652173914,152.0,0.20998834752909432,1,-7.689745885494009,-7.303390116630311,0.03903009067061294,0.03795180722891566,-0.0480981994372577,-1.4004781140483435,2.5094339805664108,-0.14097982290896827,-0.1752652489012261,False,False,False,not applicable,False,1.103930721938286,0.6447080256036686,0.7,0.7043028102490799,59.81203144573032,,7.639962745710458,294.6313851776972,0.03428542599225784,1.1041009793398435,2.1818435879447726
NGC6195,nfw,0.001,fullfit_outer_third,False,23,8,3,127.8,12.8,1,62.0,5.0,391.076,13.94,20.907,40.89,251.7,1,spiral_T1_9,spiral_T1_7,36.43,1.33,2.6133428981348636,247.0,0.688132100245497,0,-2.4967408703047838,-1.4191259941938625,0.03021996464061704,0.02656990134138371,-0.00969189819102012,-0.24005449522544503,0.27822234009645097,-0.02397147181614127,-0.03355465654286811,False,False,False,not applicable,False,0.9199458085950803,0.404552997582992,0.7318963055006823,0.9922675494449728,61.639693097151785,,608.0316838302497,1117.6030505425622,0.009583184726726836,0.41719639747992526,2.392696953259666
NGC6503,nfw,0.001,fullfit_outer_third,False,31,11,6,6.26,0.31,2,74.0,2.0,12.845,2.16,1.744,14.05,116.3,1,spiral_T1_9,spiral_T1_7,23.5,0.76,10.87962962962963,116.0,0.16276716824196596,0,-1.0646549809513446,-0.13779588050424252,0.0252233444546075,0.017391304347826087,-0.009130755047196966,-0.28724126682403256,0.38682520095591894,-0.08360816762301915,0.016181861344993498,False,False,False,not applicable,False,0.9291592841157872,0.4036956557677458,0.7,0.984986750001382,73.75466123603674,,7.794364201572471,228.1020544763655,-0.09979002896801265,1.0366141111208054,2.0644579892269186
NGC6674,nfw,0.001,fullfit_outer_third,False,15,5,3,51.2,10.2,1,54.0,6.0,214.654,6.04,32.165,50.02,241.3,1,spiral_T1_9,spiral_T1_7,72.41,2.5,11.988410596026489,242.0,0.17472055687751997,0,0.02816605210560965,1.4427831311095929,0.01241184060530898,0.00847457627118644,0.00021344827226394135,-0.26513877717812306,1.4915157781986896,0.09718628790133285,0.06678730440675053,False,True,False,not applicable,False,2.1084904132685414,0.8124919105055702,0.8253925913332174,1.2967549412141806,60.80755751211485,,4999.999999999995,2403.458152420042,0.030398983494582324,1.0787616088594338,2.383815365980431
NGC6789,nfw,0.001,fullfit_outer_third,False,4,2,11,3.52,0.18,2,43.0,7.0,0.1,0.31,0.017,0.97,0.0,2,irregular_T10_11,late_T8_11,0.71,0.1,2.290322580645161,38.3,0.12654656163302208,1,-6.59258856731784,-6.59258856731784,0.12171178581051378,0.12171178581051378,-0.11692308734876397,-0.9214579559976281,0.8688698266318583,0.4460540101706487,0.7775174255266631,False,True,False,not applicable,False,0.0225347510954392,0.4983479509110449,0.7,1.000226078355117,43.15774325766807,,4999.999999999995,5530.266283426398,-0.3314634153560144,0.35989665488480255,1.5831987739686226
NGC6946,nfw,0.001,fullfit_outer_third,False,58,20,6,5.52,1.66,2,38.0,2.0,66.173,2.44,5.67,21.25,158.9,1,spiral_T1_9,spiral_T1_7,20.4,0.19,8.360655737704917,167.0,0.43226802557093225,0,4.975961984094684,5.851385060933197,0.0708936354357135,0.0630921105007563,0.031566914952813295,0.4524789767152651,0.3312566898537932,-0.13907517818611645,-0.2632018850752571,False,False,False,not applicable,False,1.1108537641765728,0.4836299396119694,0.5420166948407513,0.9240468435419136,37.86058443654139,,15.681189971896949,301.0681862754212,0.12412670688914065,0.9222403410871692,2.2227164711475833
NGC7331,nfw,0.001,fullfit_outer_third,False,36,12,3,14.7,1.5,3,75.0,2.0,250.631,5.02,11.067,27.01,239.0,1,spiral_T1_9,spiral_T1_7,36.31,2.67,7.2330677290836665,239.0,0.3937968770300031,0,-1.0027236458163056,-0.9030320932622118,0.018890929840452528,0.016773331457908432,-0.004156190872322951,-0.1676793477193376,0.26592502760356224,-0.0281825230446517,0.01495909441891942,False,False,False,not applicable,False,1.207162753398222,0.4182868627053155,0.59878005260956,0.8768201272042631,74.60109110448272,,41.65273768615522,476.3173594834871,-0.04314161746357112,0.8593225317678731,2.3783979009481375
NGC7793,nfw,0.001,fullfit_outer_third,False,46,16,7,3.61,0.18,2,47.0,9.0,7.05,1.21,0.861,7.35,0.0,1,spiral_T1_9,spiral_T1_7,7.87,0.11,6.5041322314049586,76.2,0.38746126497272737,0,-5.10972228599253,-5.449917831244761,0.07905209472603564,0.07267187047232687,-0.043760727978520084,-0.5361991654141787,1.1945748244697465,0.0022175774155021805,-0.09778945475832233,False,False,False,not applicable,False,0.8325959988993435,0.493567443320091,0.7,1.0091509022446694,54.49336399009409,,11.49919433083044,188.6246400680664,0.10000703217382452,0.8131893620426145,1.8819549713396004
NGC7814,nfw,0.001,fullfit_outer_third,False,18,6,2,14.4,0.66,2,90.0,1.0,74.529,2.54,1.07,12.15,218.9,1,spiral_T1_9,spiral_T1_7,19.53,0.63,7.6889763779527565,221.0,0.2876487837365709,0,-1.1553178103357549,-1.091615805544862,0.020140186915887853,0.021588785046728974,-0.005398681356709134,-0.20881171787897226,0.19766566721977288,-0.07001862480574916,1.2252844692538907e-13,True,False,False,not applicable,False,1.0060872193971837,0.5113689957060785,0.5552509599754917,0.9911820020609324,89.99999999984375,,10.843182506460668,401.1242623856005,-0.07001862480587169,0.8858685266679164,2.3443922736851106
UGC00128,nfw,0.001,fullfit_outer_third,False,22,8,8,64.5,9.7,1,57.0,10.0,12.02,5.95,7.431,31.27,129.3,1,spiral_T1_9,late_T8_11,53.75,1.25,9.033613445378151,127.5,0.12419543667642524,0,-1.0939274326864101,-1.1000284516946763,0.02097928581700921,0.015449457259158753,-0.007904595864100802,-0.11690796831331685,3.3996668772738627,-0.09117372955205136,0.0318093358483769,False,False,False,not applicable,False,0.4466133866698064,0.4643926547416033,0.7,0.9606982237458704,52.533866133301935,,17.01154764195717,261.2731474554151,-0.12298306540042825,0.9558615028590933,2.1055101847699738
UGC00191,nfw,0.001,fullfit_outer_third,False,9,3,9,17.1,5.1,1,45.0,5.0,2.004,1.58,1.343,10.03,0.0,1,spiral_T1_9,late_T8_11,9.98,0.62,6.3164556962025316,57.6,0.24472710607981227,0,-0.5622809304122569,-0.4443468860147135,0.011467120422201658,0.0124031007751938,-0.0073393090891225995,-0.36028898739294407,1.5905631806453646,0.1624482665861657,0.12924829243295302,False,False,False,not applicable,False,0.8110078427479466,0.6026578093635284,0.7,1.0616991663175783,45.628705179726566,,9.395375438705791,160.41367150150904,0.033199974153212686,0.8004734543329485,1.760422483423212
UGC00634,nfw,0.001,fullfit_outer_third,False,4,2,9,30.9,7.7,1,37.0,8.0,2.989,2.45,3.663,16.78,0.0,2,spiral_T1_9,late_T8_11,18.01,4.51,7.351020408163265,102.6,0.16428407044890797,1,1.1698097161074088,1.1698097161074088,0.015374031007751938,0.015374031007751938,0.010898516006459188,0.28149444496960646,1.1997693252215589,0.10788942219924251,-0.016140618650010635,False,False,False,not applicable,False,0.5024091852198501,0.4700610791435882,0.7,1.0892207845379618,41.0192734817588,,23.963838932174998,239.65004075572105,0.12403004084925315,0.8663476284550008,2.0111473607757975
UGC00731,nfw,0.001,fullfit_outer_third,False,12,4,10,12.5,3.75,1,57.0,3.0,0.323,2.3,1.807,11.57,73.3,1,irregular_T10_11,late_T8_11,10.91,0.91,4.743478260869566,66.35,0.24415296599595537,0,1.1385385623193542,1.235619012358491,0.04116642405310319,0.04093733977880319,0.015408907388618925,0.34679070920482513,0.20680254344965882,0.13934770038591543,0.019094499938272287,False,False,False,not applicable,False,0.2943326476069343,0.5034450603848193,0.7,0.9117002057179198,56.81622798020602,,8.589743153223484,149.1998795072752,0.12025320044764315,0.676096914570749,1.8218409272004543
UGC00891,nfw,0.001,fullfit_outer_third,False,5,2,9,10.2,3.1,1,60.0,5.0,0.374,1.43,0.428,6.23,0.0,2,spiral_T1_9,late_T8_11,7.39,1.48,5.1678321678321675,54.15,0.159863374353806,1,0.36230989698275096,0.36230989698275096,0.011441005329812723,0.011441005329812723,0.0054873673605109795,0.1662807738638169,1.1005850948530909,0.3792998081575051,0.26612999623608946,False,True,False,not applicable,False,0.3432094597787094,0.4620075347059519,0.7,1.0491642270884995,60.27821128285596,,4999.999999615254,2212.8759906089667,0.11316981192141562,0.7133084009297639,1.733598460961339
UGC01281,nfw,0.001,fullfit_outer_third,False,25,9,8,5.27,0.24,2,90.0,1.0,0.353,1.63,0.294,5.26,55.2,1,spiral_T1_9,late_T8_11,4.99,0.08,3.0613496932515343,37.4,0.17792381466511326,0,-2.886237307960679,-3.6762871789859233,0.10202899652533787,0.07393715341959334,-0.056628200128524604,-0.5592237704024036,0.5738905877741619,0.44376058626115805,0.2749395828795249,True,True,False,not applicable,False,0.2394592557320024,0.4910878357132072,0.7,1.010905165346429,89.99999999996385,,4999.999999999968,2381.7325610382763,0.16882100338163314,0.4859129412194322,1.57287160220048
UGC02259,nfw,0.001,fullfit_outer_third,False,8,3,8,10.5,3.1,1,41.0,3.0,1.725,1.62,0.494,7.28,86.2,2,spiral_T1_9,late_T8_11,8.14,1.02,5.0246913580246915,83.25,0.1748218135692565,1,-1.3602852221041293,-1.12909977066559,0.025607586305787466,0.026047565118912794,-0.015101766167070573,-0.43160916399567967,0.5751058288872791,4.115526879848212e-05,0.15882201334078364,False,False,False,not applicable,False,0.1286882581973633,0.4930681300603068,0.7,0.9620063237703024,40.84764233586995,,3.721874200423104,170.98545342733337,-0.15878085807198516,0.7011093903465703,1.9203842421783575
UGC02487,nfw,0.001,fullfit_outer_third,False,17,6,0,69.1,10.4,1,36.0,5.0,489.955,7.89,17.963,40.2,332.0,1,S0_T0,S0_T0,80.38,9.93,10.187579214195184,364.0,0.18538000679943453,0,-6.331017707085891,-5.125571027741216,0.01919441082303169,0.008691949894077552,-0.019066109780984192,-0.31331253830517064,2.8584331197986264,-0.20467090137180077,0.012208453477836985,False,False,False,not applicable,False,1.4626123584447657,0.7002147262291061,0.5795042125620856,1.0838289258551077,40.14938736470645,,21.50931419698889,589.0219439807613,-0.21687935484963775,1.0080709986465957,2.561101383649056
UGC02885,nfw,0.001,fullfit_outer_third,False,19,7,5,80.6,8.06,1,64.0,4.0,403.525,11.4,40.075,74.24,289.5,1,spiral_T1_9,spiral_T1_7,74.07,1.7,6.497368421052631,287.0,0.2637727538173956,0,-1.2036943505622568,-1.40788467157779,0.03365555103166577,0.03355704697986577,-0.004045706743959715,-0.12036943505622569,0.024949614125499644,0.051649325719369275,0.036312056080300824,False,False,False,not applicable,False,1.327037430836418,0.4801684603072935,0.9501710258976518,1.045311017652531,65.22112105807997,,70.57376316237611,580.6756547763798,0.015337269639068452,0.812737493315122,2.4578818967339924
UGC02916,nfw,0.001,fullfit_outer_third,False,43,15,2,65.4,9.8,1,50.0,5.0,124.153,6.15,23.273,34.24,182.7,2,spiral_T1_9,spiral_T1_7,38.0,0.37,6.178861788617886,211.0,0.5284761147867493,1,0.3065779404346282,0.13845324123735736,0.048299808678273014,0.056906077348066304,0.0006725011836159696,0.28539614751836745,1.18615542548266,-0.1507475695258873,-0.11663812130836626,True,True,False,not applicable,False,5.999999999999999,1.990535852767486,0.1758320502056706,1.1486092844609157,54.69751032703099,,0.0200000000000006,789.9833421970224,-0.03410944821752104,0.7909084808413934,2.3242824552976926
UGC02953,nfw,0.001,fullfit_outer_third,False,115,39,2,16.5,4.95,1,50.0,4.0,259.518,3.55,7.678,24.0,264.9,2,spiral_T1_9,spiral_T1_7,62.39,0.09,17.574647887323945,266.0,0.25860770708437164,1,-0.4624089864333817,1.0821096810985864,0.010958766408008256,0.006959706959706959,-0.0019420335253531502,0.3427754095081868,6.594540908348458,-0.1392965598442828,-0.11044155086241755,False,False,False,not applicable,False,0.8679995431906707,0.5452896682321486,0.573189314620835,1.106878955044775,50.60299847110888,,21.629122816672687,487.6374936590516,-0.028855008981865243,1.2448866325752692,2.424881636631067
UGC03205,nfw,0.001,fullfit_outer_third,False,48,16,2,50.0,10.0,1,67.0,4.0,113.642,3.19,9.677,28.6,219.6,1,spiral_T1_9,spiral_T1_7,40.04,0.28,12.551724137931034,221.0,0.3771670627882776,0,-1.8851786112671114,2.0299368611499204,0.023211674993132446,0.0185940970793912,-0.008709385033983373,-0.46487429796561874,3.5105168825558706,-0.14881598042401661,-0.036100565000581744,False,False,False,not applicable,False,2.6936018892729736,0.2784023383019048,0.7994605573571557,0.4612796221454053,65.41231672371406,,5.125535064458068,457.74198949584274,-0.11271541542343487,1.0987033857500998,2.3443922736851106
UGC03546,nfw,0.001,fullfit_outer_third,False,30,10,1,28.7,7.2,1,55.0,5.0,101.336,3.79,2.675,18.37,196.9,1,spiral_T1_9,spiral_T1_7,29.23,0.63,7.712401055408971,204.5,0.4117708455180804,0,-0.39597121300770655,0.956824506146333,0.025942538242124093,0.009556909299177341,-0.002030764064213922,0.12066187368429233,1.4164509192055241,-0.1090937211516573,-0.07923382458063677,False,False,False,not applicable,False,0.8395513065418138,0.5063911591814045,0.5809595769600554,0.7893808568954335,53.28042269895703,,11.080212253929258,357.9079977326504,-0.029859896571020533,0.8871896053893641,2.3106933123433606
UGC03580,nfw,0.001,fullfit_outer_third,False,47,16,1,20.7,5.2,1,63.0,4.0,13.266,2.43,4.37,19.97,126.2,2,spiral_T1_9,spiral_T1_7,27.06,0.11,11.1358024691358,91.4,0.3161361252057884,1,-0.46860261881934484,-0.9458352303640893,0.023666684713942253,0.013468396946564886,-0.003620528391530323,-0.03945242887662204,2.682450904622044,0.15762377239936134,0.1543078384759189,False,False,False,not applicable,False,2.9996431118536613,0.8470389958083548,0.3508598948040178,0.4394562143584678,61.8325895094538,,22.90901753856234,273.77445704594066,0.0033159339234424545,1.0467215186632919,1.9609461957338314
UGC04278,nfw,0.001,fullfit_outer_third,False,25,9,7,9.51,2.85,1,90.0,3.0,1.307,2.21,1.116,8.9,91.4,1,spiral_T1_9,spiral_T1_7,6.69,0.14,3.0271493212669687,53.7,0.16641184029013883,0,-4.746870070189345,-5.143712561911528,0.09052219243578079,0.05610098176718093,-0.057589643889658114,-0.8705732691897565,1.1067323043587105,0.7756089173493157,0.6560207926059857,True,True,False,not applicable,False,0.9908756040702412,0.3979994243504868,0.7,0.9600891799885796,89.99999999993771,,4999.999999998779,3035.7346925451707,0.11958812474333003,0.48103384408271244,1.7299742856995557
UGC04325,nfw,0.001,fullfit_outer_third,False,8,3,9,9.6,2.88,1,41.0,3.0,2.026,1.86,0.678,6.61,90.9,1,spiral_T1_9,late_T8_11,5.59,0.7,3.005376344086021,89.4,0.2256648989220341,0,1.6747384241161238,1.1700811819223134,0.03317737014582734,0.03329694323144105,0.01824384870881453,0.549094565283975,0.37196545832526556,0.06294397297934116,-0.0017127028282443125,False,False,False,not applicable,False,0.5873278538752392,0.5724041710042599,0.7,1.1494195576704112,41.67349582787299,,3.961864738168384,176.2257200621784,0.06465667580758548,0.4778988636685069,1.9513375187959177
UGC04483,nfw,0.001,fullfit_outer_third,False,8,3,10,3.34,0.31,2,58.0,3.0,0.013,0.18,0.032,1.46,0.0,2,irregular_T10_11,late_T8_11,1.21,0.08,6.722222222222222,20.8,0.30536472918516494,1,-0.10716928491420792,-0.27658659831876875,0.07315062960086706,0.07685589519650655,-0.004614126154981485,0.0011105533073925145,0.081886715822327,0.285611345642963,0.18467328846951672,False,False,False,not applicable,False,0.0566405828996882,0.4981690930959906,0.7,1.005257060089492,58.119867868833744,,3.699612228938125,62.04266664913744,0.10093805717344626,0.827512865213144,1.3180633349627615
UGC04499,nfw,0.001,fullfit_outer_third,False,9,3,8,12.5,3.75,1,50.0,3.0,1.552,1.73,1.1,8.67,72.8,1,spiral_T1_9,late_T8_11,8.18,0.91,4.728323699421965,66.9,0.2861925053369789,0,0.5438929831634501,0.9967959984773813,0.03625436031709959,0.03628922237380628,0.007256788192214758,0.20354120118011784,0.31572687257760707,0.26215218439747257,0.08081925039467622,False,False,False,not applicable,False,0.269076947080427,0.4699615306627983,0.7,0.9804659685519712,49.94378997441125,,13.960614754844515,165.64423147272976,0.18133293400279635,0.6747072005425275,1.825426117767823
UGC05005,nfw,0.001,fullfit_outer_third,False,11,4,10,53.7,10.7,1,41.0,10.0,4.1,3.2,3.093,21.61,98.9,1,irregular_T10_11,late_T8_11,28.61,0.78,8.940624999999999,72.5,0.18640914733908062,0,-0.920193600634768,-2.381532162302932,0.10112460175822863,0.10075589764622041,-0.009516130360460489,-0.0920193600634768,0.22103501446949103,0.3111818589250986,0.03909636111121067,False,False,False,not applicable,False,0.0649236922936032,0.4925809762193961,0.7,0.9979370545975252,40.7902371052998,,103.547759627595,306.7024022311588,0.2720854978138879,0.9513678794853566,1.8603380065709938
UGC05253,nfw,0.001,fullfit_outer_third,False,73,25,2,22.9,5.72,1,37.0,4.0,171.582,8.07,16.396,36.64,213.7,2,spiral_T1_9,spiral_T1_7,53.29,0.13,6.603469640644361,246.0,0.3933591395251978,1,1.8370820537463646,1.1711818784856405,0.023403240336267176,0.01695238095238095,0.009245455747432282,0.12382682176769294,3.2987101728143347,-0.048818404065015995,-0.0667285920027875,False,False,False,not applicable,False,2.2628931634178278,0.2969481937916529,0.9811978032599358,0.7008309459811826,34.24271727268074,,13.13467572288799,458.1407691447458,0.0179101879377715,0.8197721855188413,2.3909351071033793
UGC05414,nfw,0.001,fullfit_outer_third,False,6,2,10,9.4,2.82,1,55.0,3.0,1.123,1.47,0.574,6.65,0.0,1,irregular_T10_11,late_T8_11,4.11,0.68,2.795918367346939,48.9,0.313434746410555,0,-0.9460451554795029,-0.9460451554795029,0.0413485800798275,0.0413485800798275,-0.01596192779800888,-0.3877234243768454,0.15221557374426803,0.41076723515003266,0.42372651905355635,False,True,False,not applicable,False,0.3603178927568062,0.4601910998000446,0.7,0.9986381368037832,54.99667489144858,,4999.999999999995,2495.09665645921,-0.012959283903523688,0.44652448712789317,1.6893088591236203
UGC05716,nfw,0.001,fullfit_outer_third,False,12,4,9,21.3,5.3,1,54.0,10.0,0.588,1.14,1.094,10.64,73.1,2,spiral_T1_9,late_T8_11,12.37,1.03,10.850877192982457,69.95,0.18186381409976057,1,0.3878335394415906,0.4725381885728268,0.016628387943814528,0.0141640371164524,0.005402610750019918,0.5823406965235095,1.1294851559922696,0.04808952818182813,0.06784009892025893,False,False,False,not applicable,False,0.4066719598168403,0.4553054075574382,0.7,1.0747917180470032,56.94891204485584,,8.644281892409797,146.03621777852706,-0.019750570738430798,1.035464848292648,1.8447877188278465
UGC05721,nfw,0.001,fullfit_outer_third,False,23,8,7,6.18,1.85,1,61.0,5.0,0.531,0.38,0.562,6.74,79.7,1,spiral_T1_9,spiral_T1_7,6.74,0.09,17.736842105263158,78.3,0.12487903428935179,0,1.7812564719823314,1.9046633299396873,0.05819056653975417,0.058290911161545916,0.02271350099179685,0.3897716568889128,0.16997559609410834,0.016170776126003882,0.018958150053645192,False,False,False,not applicable,False,0.4006935376522011,0.4559326046433009,0.7,0.9139595315811052,60.56792990404361,,2.3890917888755747,163.96082111380676,-0.0027873739276413102,1.2488762999185097,1.8937617620579434
UGC05750,nfw,0.001,fullfit_outer_third,False,11,4,8,58.7,11.7,1,64.0,10.0,3.336,3.46,1.099,16.79,0.0,1,spiral_T1_9,late_T8_11,22.85,0.31,6.604046242774567,49.8,0.24245941896824758,0,-1.9078929340081814,-5.687195440671736,0.15663260155247055,0.15398255568976657,-0.028760404053586097,-0.1480177088710639,0.3954523035125873,0.32436427100259774,0.11705870304189178,False,False,False,not applicable,False,0.2681413410454916,0.5318438461030678,0.7,1.052215889925332,66.13564790925324,,68.1252031862653,229.9949352669962,0.20730556796070596,0.8198101056130924,1.6972293427597176
UGC05764,nfw,0.001,fullfit_outer_third,False,10,4,10,7.47,2.24,1,60.0,10.0,0.085,1.17,0.163,3.51,0.0,2,irregular_T10_11,late_T8_11,3.62,0.36,3.094017094017094,49.95,0.17285138301472214,1,3.5015743067400553,4.028771325104202,0.033786668940876605,0.0333100358422939,0.06986059168581063,1.510339861981866,4.476256435518198,0.08209686365506438,-0.35865650185612036,False,False,False,not applicable,False,0.5608521843877421,0.508180361691969,0.7,1.1681805747026162,63.75947989840824,,2.5656960641414663,112.54823795680946,0.4407533655111847,0.4905227087870041,1.698535492562001
UGC05829,nfw,0.001,fullfit_outer_third,False,11,4,10,8.64,2.59,1,34.0,10.0,0.564,1.99,1.023,7.87,0.0,2,irregular_T10_11,late_T8_11,6.91,0.63,3.472361809045226,47.9,0.30503937330639175,1,0.07131214134548713,-0.19446131285589274,0.08052577307064797,0.08024746855788162,0.0014560288681598763,0.014093308566301803,0.020784359039582593,0.5353651171844213,0.5676244785679566,False,False,False,not applicable,False,0.0552339206458661,0.5024104790409886,0.7,0.9905173770638264,33.44766079354134,,201.65276437425624,446.9623925655128,-0.03225936138353536,0.5406249709644918,1.6803355134145632
UGC05918,nfw,0.001,fullfit_outer_third,False,8,3,10,7.66,2.3,1,46.0,5.0,0.233,1.66,0.297,5.9,0.0,2,irregular_T10_11,late_T8_11,4.46,0.56,2.6867469879518073,38.099999999999994,0.18491850162004891,1,0.37247129934369383,0.5027060371269698,0.09198549246096556,0.09225352112676057,0.008576939596937205,0.09477641204674143,0.013467704083677834,0.30488164903673626,0.2651408013052205,False,False,False,not applicable,False,0.018034025519332,0.5020805606782068,0.7,0.996870103321883,45.97080570228788,,7.27662865831053,101.18011391807772,0.03974084773151576,0.4292267706720868,1.5809249756756192
UGC05986,nfw,0.001,fullfit_outer_third,False,15,5,9,8.63,2.59,1,90.0,3.0,4.695,1.67,2.667,16.53,113.0,2,spiral_T1_9,late_T8_11,9.41,0.63,5.634730538922156,109.0,0.17039351471744255,1,6.029502016211526,4.879991569369764,0.037172920788809266,0.03294642857142857,0.05560670304666163,1.1151961755316089,2.341109131077778,0.19412075646654856,-0.2653505606673738,True,False,False,not applicable,False,1.9831860440595612,0.597180342121461,0.7,1.595185614613472,89.99999999988282,,143.78979206083648,616.0365833414833,0.4594713171339223,0.7508731522796737,2.037426497940624
UGC06399,nfw,0.001,fullfit_outer_third,False,9,3,9,18.0,2.5,4,75.0,2.0,2.296,2.05,0.674,8.8,85.0,1,spiral_T1_9,late_T8_11,7.85,0.87,3.829268292682927,77.5,0.20608301625687842,0,1.641438776933948,1.9846971890535343,0.05714767839203699,0.057242990654205614,0.018930336220272098,0.334987505496724,0.16669187326631266,0.28542434351132456,0.1620546867634558,False,False,False,not applicable,False,0.136354339630964,0.5159474119189449,0.7,1.0135756803622558,75.02663735013535,,26.85672910256004,253.31755556246517,0.12336965674786876,0.5831157956894982,1.8893017025063104
UGC06446,nfw,0.001,fullfit_outer_third,False,17,6,7,12.0,3.6,1,51.0,3.0,0.988,1.49,1.379,10.33,82.2,1,spiral_T1_9,spiral_T1_7,10.22,0.58,6.859060402684564,80.1,0.20236831410194617,0,1.097991024530323,0.7959364321396976,0.0767626899939743,0.0650126378531997,0.013584534465582894,0.14295948147685264,0.05006476564229801,0.031336553290759475,-0.03720203517212799,False,False,False,not applicable,False,0.0647644104111226,0.5028287958656852,0.7,0.9805706768766632,50.94604269073249,,5.439815822034188,164.36367277271958,0.06853858846288746,0.8362646273864199,1.9036325160842376
UGC06614,nfw,0.001,fullfit_outer_third,False,13,5,1,88.7,8.87,1,36.0,10.0,124.35,5.1,21.888,60.63,199.8,1,spiral_T1_9,spiral_T1_7,64.59,3.23,12.664705882352942,193.0,0.2647051215567101,0,-0.18321988587713917,-4.411073375143246,0.07910224298733501,0.0784313725490196,-0.0013062627641612326,-0.06247963269557357,0.24032708974490893,0.15654526111848294,0.05420769856565156,False,False,False,not applicable,False,0.609121197234834,0.4834837917305231,0.6869940464301446,0.989859407188864,29.90878802765166,,74.43677253091286,468.6693595323923,0.10233756255283138,1.1025951084452132,2.285557309007774
UGC06667,nfw,0.001,fullfit_outer_third,False,9,3,6,18.0,2.5,4,89.0,1.0,1.397,5.15,0.809,8.59,83.8,1,spiral_T1_9,spiral_T1_7,7.85,0.87,1.524271844660194,77.3,0.12067435587767156,0,1.323525319628634,1.689260035959819,0.036893894080385944,0.03571428571428571,0.01538675734406069,0.39291196327450106,0.5724819069440792,0.3169369960208687,0.08015408634757416,False,False,False,not applicable,False,0.1333141433800351,0.5028057210517114,0.7,1.0185158532472272,89.00059520332601,,19.94869506115409,237.50145215073152,0.23678290967329457,0.18306242770406148,1.888179493918325
UGC06786,nfw,0.001,fullfit_outer_third,False,45,15,0,29.3,7.32,1,64.0,3.0,73.407,3.6,5.03,20.31,219.4,1,S0_T0,S0_T0,34.05,0.16,9.458333333333332,218.0,0.21882340962487276,0,0.8923987197891676,-0.21501833885696442,0.020053621332044604,0.012455357142857143,0.004214542210096274,0.10428272329992166,0.5775105852735185,-0.03487895840408974,-0.04915869188380944,False,False,False,not applicable,False,1.115374371725268,0.3867519990481562,0.7845640047121337,0.7414519912029578,63.51932363828252,,10.447450199089229,453.6311580331691,0.014279733479719697,0.9758146154815166,2.3384564936046046
UGC06787,nfw,0.001,fullfit_outer_third,False,71,24,2,21.3,5.32,1,66.0,3.0,98.256,5.37,5.03,26.44,248.1,2,spiral_T1_9,spiral_T1_7,37.19,0.12,6.925512104283054,238.0,0.22877949993764468,1,-1.266663672121999,-2.099162744012432,0.010344538869694574,0.010986566554295637,-0.004025602916480968,-0.7488485821800374,34.63925082273396,0.050604994972882074,0.04581494646680139,False,True,False,not applicable,False,5.4164199086671125,0.7736994978839347,0.2011203652930111,2.187169296865902,70.60380874187035,,4999.99999998939,3672.4463359335655,0.0047900485060806824,0.840451892659417,2.376576957056512
UGC06818,nfw,0.001,fullfit_outer_third,False,8,3,9,18.0,2.5,4,75.0,3.0,1.588,1.39,1.079,6.96,71.2,2,spiral_T1_9,late_T8_11,6.98,0.87,5.02158273381295,55.45,0.2113258565048605,1,-5.4982699444390235,-4.912329384036582,0.080828947739583,0.08064516129032258,-0.07671214122244928,-0.9904868434004563,1.3245718213515096,0.4054411118766343,0.14204050883293032,False,True,False,not applicable,False,1.1107113041603571,0.3871674819328448,0.7,0.9222993673533714,74.68028352351065,,4999.999999999977,2395.0881250914767,0.26340060304370394,0.7008406223690661,1.743901550485179
UGC06917,nfw,0.001,fullfit_outer_third,False,11,4,9,18.0,2.5,4,56.0,2.0,6.832,2.76,2.023,12.67,108.7,1,spiral_T1_9,late_T8_11,10.47,1.74,3.793478260869566,100.0,0.25407438842593283,0,1.463569123210842,1.8248719642954327,0.042668832304754635,0.04132034632034633,0.013779468829356278,0.3425244967932066,0.16549635216816164,0.259086698590659,0.2826966737281643,False,False,False,not applicable,False,0.2719941655697132,0.469645956743938,0.7,0.97169503051647,55.86503629214901,,16.702951414542675,245.96742855805252,-0.02360997513750529,0.5790375996136247,2.0
UGC06923,nfw,0.001,fullfit_outer_third,False,6,2,10,18.0,2.5,4,65.0,2.0,2.89,1.44,0.809,6.75,79.6,2,irregular_T10_11,late_T8_11,5.16,0.93,3.5833333333333335,75.7,0.35294806338760826,1,2.004934756151272,2.004934756151272,0.0648600656484063,0.0648600656484063,0.024843534481884998,0.3899051661334249,0.20297604337160602,0.3449341213771275,0.15635749550027625,False,False,False,not applicable,False,0.2302669475074258,0.4741800843581794,0.7,0.9823807957278304,64.9414228389868,,86.30344791654275,421.3709549525328,0.18857662587685123,0.5542872095319618,1.8790958795000727
UGC06930,nfw,0.001,fullfit_outer_third,False,10,4,7,18.0,2.5,4,32.0,5.0,8.932,3.94,3.237,16.76,107.2,1,spiral_T1_9,spiral_T1_7,16.61,1.74,4.215736040609137,105.0,0.28809079861111114,0,0.6081926372933992,0.3391518446950812,0.06331549439347604,0.06851851851851852,0.005627392047393151,0.08489464492401261,0.017353959154664138,-0.04213051994641466,-0.028485514113480336,False,False,False,not applicable,False,0.1077661787843292,0.4952948157390047,0.7,0.9926582624808464,31.461169106078355,,9.945023898089966,203.3049257893907,-0.013645005832934324,0.6248734106258204,2.0211892990699383
UGC06983,nfw,0.001,fullfit_outer_third,False,17,6,6,18.0,2.5,4,49.0,1.0,5.298,3.21,2.967,16.07,109.0,1,spiral_T1_9,spiral_T1_7,15.68,1.74,4.8847352024922115,108.0,0.22347473519283745,0,3.019934133442687,3.328584571390735,0.0788791842996736,0.08481991165477404,0.027852569708379443,0.36706431205772055,0.1551545718773255,0.012226290870040768,-0.02579160009491702,False,False,False,not applicable,False,0.118054780423582,0.489485748511041,0.7,0.9836035027189468,48.97460812934104,,8.365537486154087,216.4133595591026,0.038017890964957786,0.6888410259435476,2.03342375548695
UGC07089,nfw,0.001,fullfit_outer_third,False,12,4,8,18.0,2.5,4,80.0,3.0,3.585,2.26,1.214,9.29,0.0,2,spiral_T1_9,late_T8_11,9.16,0.87,4.053097345132744,66.2,0.30942208618302114,1,-0.6639112923964419,-0.6508666013976239,0.08510886248789774,0.08476947989909497,-0.008414901754750728,-0.09846938282164903,0.02126546178570114,0.35363478893324884,0.44050909434726304,False,True,False,not applicable,False,0.3230319335697081,0.4641590375973727,0.7,0.9786958854571032,79.93975684250876,,4999.999999999995,2192.8022325653883,-0.0868743054140142,0.6077870345204496,1.8208579894397
UGC07125,nfw,0.001,fullfit_outer_third,False,13,5,9,19.8,5.9,1,90.0,3.0,2.712,3.38,4.629,23.04,65.2,1,spiral_T1_9,late_T8_11,18.68,1.44,5.5266272189349115,61.5,0.4483119317793022,0,1.4101998369674078,1.4433309477136476,0.044497031450004866,0.046564885496183206,0.021617406846864924,0.4681067460353371,0.2645676777607072,0.021300166570790403,-0.028336519551028175,True,False,False,not applicable,False,1.034034409225723,0.4918266066827221,0.7,0.6918786356347593,89.99999999994141,,14.490282715964293,127.04392447449509,0.04963668612181858,0.7424601716164199,1.7888751157754168
UGC07151,nfw,0.001,fullfit_outer_third,False,11,4,6,6.87,0.34,2,90.0,3.0,2.284,1.25,0.616,6.39,73.5,1,spiral_T1_9,spiral_T1_7,5.5,0.5,4.4,67.2,0.3329463804370862,0,1.2285555732180597,1.3385983528385879,0.04319286431360928,0.04293845596886596,0.016599936182403525,0.37914952847961614,0.165308452657429,0.250050598043565,0.20471733563260655,True,False,False,not applicable,False,1.5412675944683163,0.7130118763557066,0.7,1.0129325210533846,89.99999999994141,,9.815201617076438,152.5903605735949,0.04533326241095845,0.6434526764861874,1.8273692730538253
UGC07232,nfw,0.001,fullfit_outer_third,False,4,2,10,2.83,0.17,2,59.0,5.0,0.113,0.29,0.046,1.54,0.0,2,irregular_T10_11,late_T8_11,0.82,0.21,2.8275862068965516,30.700000000000003,0.29340891173811984,1,-2.1805501329891435,-2.1805501329891435,0.08437499999999999,0.08437499999999999,-0.04894054199683784,-0.6607727675724677,0.9646124299722224,0.38311036368981,0.7981245820787394,False,True,False,not applicable,False,0.2953254634755364,0.4671296757757908,0.7,0.9970211473844915,58.56090366669869,,4999.999999172559,3696.984101689275,-0.4150142183889294,0.45141585448476057,1.4871383754771865
UGC07261,nfw,0.001,fullfit_outer_third,False,7,3,8,13.1,3.93,1,30.0,10.0,1.753,1.2,1.388,10.1,74.7,2,spiral_T1_9,late_T8_11,6.67,0.95,5.558333333333334,69.6,0.2424893736682283,1,-0.5724905201117186,-0.6814838640417378,0.07575242785276547,0.07576974564926373,-0.007696665206051607,-0.1011467350020704,0.01136396599799451,0.12407674136093927,0.10670391734642251,False,False,False,not applicable,False,0.0985393871394982,0.492729649249218,0.7,0.9857041115299054,29.014606128605017,,4.4047999753482765,143.8094597737471,0.017372824014516758,0.7449445878689241,1.842609239610562
UGC07323,nfw,0.001,fullfit_outer_third,False,10,4,8,8.0,2.4,1,47.0,3.0,4.109,2.26,0.722,7.14,0.0,1,spiral_T1_9,late_T8_11,5.82,0.58,2.5752212389380533,62.5,0.3757392656325991,0,-2.122674702496184,-1.7691263800865542,0.04798872900964571,0.04770918785890074,-0.026873887878851085,-0.5484947551669725,0.3633142599489847,0.45428442809323083,0.35485670205481545,False,True,False,not applicable,False,0.4239205567589579,0.4535006863302805,0.7,1.0119651043994486,47.03935919369297,,4999.999999999995,2806.811822970736,0.09942772603841538,0.4108145455024876,1.7958800173440752
UGC07399,nfw,0.001,fullfit_outer_third,False,10,4,8,8.43,2.53,1,55.0,3.0,1.156,1.64,0.745,7.85,103.0,1,spiral_T1_9,late_T8_11,6.13,0.61,3.7378048780487805,93.4,0.10772522061740031,0,0.6896368077675064,0.9396771826751831,0.04251025252321887,0.042898058252427186,0.007174131387622896,0.19563143521472603,0.12100539074159013,0.16832626262768705,0.25264726158755724,False,False,False,not applicable,False,0.1704900921500814,0.4807518842958693,0.7,0.9632698919503344,54.91331078066024,,5.766916429511764,224.78973172010265,-0.08432099895987019,0.5726166264707172,1.9703468762300933
UGC07524,nfw,0.001,fullfit_outer_third,False,31,11,9,4.74,0.24,2,46.0,3.0,2.436,3.46,1.779,12.11,79.5,1,spiral_T1_9,late_T8_11,10.69,0.35,3.0895953757225434,70.2,0.2648692110047727,0,0.6933960826046824,0.7743870143798262,0.040909003840929055,0.039447236180904524,0.008493079269530161,0.2268245238164365,0.5217862222532221,0.37044562821369037,0.21123908687653667,False,False,False,not applicable,False,0.3357454172491971,0.4628022509826491,0.7,0.9948322387138144,45.378270156261244,,19.720627865003,188.70910146022555,0.1592065413371537,0.4899016064160014,1.8463371121298053
UGC07559,nfw,0.001,fullfit_outer_third,False,7,3,10,4.97,0.25,2,61.0,3.0,0.109,0.58,0.169,3.76,0.0,2,irregular_T10_11,late_T8_11,2.53,0.36,4.362068965517241,26.1,0.3392472679149306,1,-0.8071156850235172,-0.9118446778003637,0.10441192753801061,0.10385852090032154,-0.02723761686059854,-0.24988101703514465,0.18424497631206682,0.5029391161296899,0.2289153012000378,False,True,False,not applicable,False,0.1214758426883373,0.4862083578920691,0.7,0.9994760134581266,60.96390279773976,,4999.999999999871,1645.164024428283,0.2740238149296521,0.6396925276128806,1.416640507338281
UGC07577,nfw,0.001,fullfit_outer_third,False,9,3,10,2.59,0.13,2,63.0,3.0,0.045,0.9,0.044,2.07,0.0,2,irregular_T10_11,late_T8_11,1.69,0.19,1.8777777777777778,10.7,0.6283380799810133,1,-1.019461541210653,-0.8142752133473437,0.2007612172861001,0.19937106918238992,-0.05736099699818603,-0.32159670069736684,0.24985055134809178,0.20840059401669095,0.9414571739920785,False,True,False,not applicable,False,0.110267814872723,0.4874647576115812,0.7,0.9996553203557066,62.97808687623644,,4999.999999999995,685.5261246698387,-0.7330565799753875,0.2736441951743487,1.0293837776852097
UGC07603,nfw,0.001,fullfit_outer_third,False,12,4,7,4.7,1.41,1,78.0,3.0,0.376,0.53,0.258,4.37,61.6,1,spiral_T1_9,spiral_T1_7,4.11,0.34,7.754716981132075,60.25,0.13732082370150345,0,1.157565844991817,1.4949907716536863,0.046253251427603566,0.04643244289585753,0.018364070144520895,0.4005418148760612,0.2496401803684099,0.25969835400336433,0.14789156011343518,False,False,False,not applicable,False,0.2532773077160843,0.4716743651308029,0.7,1.0593078913113212,78.04642721031429,,9.47466663968599,169.30296549086552,0.11180679388992915,0.8895659522752801,1.779957051246906
UGC07690,nfw,0.001,fullfit_outer_third,False,7,3,10,8.11,2.43,1,41.0,5.0,0.858,0.57,0.39,5.5,57.4,2,irregular_T10_11,late_T8_11,4.13,0.59,7.24561403508772,57.9,0.3331732666998187,1,0.7297837299059111,0.783159154096424,0.07576252654017332,0.07574692442882248,0.012846767282401387,0.16932337120786803,0.02910520200717745,-0.09337371191412568,-0.10420609193347537,False,False,False,not applicable,False,0.0263355784832231,0.503041207128673,0.7,1.0044844672367814,41.05027943708517,,1.4621658627377483,101.90880811901548,0.010832380019349691,0.8600751959839097,1.7626785637274363
UGC07866,nfw,0.001,fullfit_outer_third,False,7,3,10,4.57,0.23,2,44.0,5.0,0.124,0.61,0.118,3.3,0.0,2,irregular_T10_11,late_T8_11,2.32,0.33,3.80327868852459,26.0,0.33955843518937673,1,0.1653082486638103,0.4408100656422391,0.1334311673859976,0.13300653594771242,0.006293474688629216,0.04061627731297549,0.01431387834791009,0.3871989570566859,0.4861276306190677,False,False,False,not applicable,False,0.0122130855888381,0.5014080623660464,0.7,0.9999695277216106,43.98912478268425,,11.966066021598698,97.37816114390742,-0.09892867356238183,0.5801581498801326,1.414973347970818
UGC08286,nfw,0.001,fullfit_outer_third,False,17,6,6,6.5,0.21,2,90.0,3.0,1.255,1.05,0.642,8.07,82.4,1,spiral_T1_9,spiral_T1_7,8.04,0.47,7.657142857142856,79.3,0.15096830726675842,0,0.17799463917395286,0.26724854944573906,0.024091802134170396,0.02408195694534657,0.0021359992057941235,0.0880565465267471,0.041575100023428194,0.07514840172044832,0.06917426440741115,True,False,False,not applicable,False,1.1346803055976649,0.6492889844631576,0.7,1.0043343615691314,89.99999999988282,,5.390446388638759,168.02644986285722,0.00597413731303717,0.8840667496785131,1.8992731873176039
UGC08490,nfw,0.001,fullfit_outer_third,False,30,10,9,4.65,0.53,2,50.0,3.0,1.017,0.67,0.72,7.8,78.6,1,spiral_T1_9,late_T8_11,10.15,0.34,15.149253731343283,78.5,0.12881128674338999,0,0.07035320977046808,-0.11534488681096633,0.04705805679113445,0.047097916110072136,0.0009982559791558434,0.01906591050690193,0.028075132532402187,-0.06967623381490617,-0.11677062761462063,False,False,False,not applicable,False,0.013250442781282,0.4984768112255889,0.7,0.998710523467729,49.97384482780362,,3.181315617162391,158.46143460577167,0.04709439379971446,1.1803912395484053,1.8948696567452525
UGC08550,nfw,0.001,fullfit_outer_third,False,11,4,7,6.7,2.0,1,90.0,3.0,0.289,0.45,0.288,5.59,56.9,1,spiral_T1_9,spiral_T1_7,5.36,0.49,11.911111111111111,51.6,0.16223941297927502,0,-0.0908929392781399,-0.008767755026628521,0.0364115073966162,0.03605454781564853,-0.0016587855730699017,-0.022995782606076542,0.2534117460131282,0.23888258220042352,0.11676574053892229,True,False,False,not applicable,False,0.3645008855088955,0.5437760715642368,0.7,1.087037909646356,89.99999999953125,,4.671318236414117,117.61992694126054,0.12211684166150123,1.0759522759174263,1.7126497016272113
UGC08699,nfw,0.001,fullfit_outer_third,False,41,14,2,39.3,9.82,1,73.0,9.0,50.302,3.09,3.738,19.05,182.4,2,spiral_T1_9,spiral_T1_7,25.7,0.22,8.31715210355987,184.0,0.37627120585364277,1,0.8944063357904619,1.9990424666133606,0.03207710220323413,0.033171999154052986,0.004987630573583608,0.209984372895394,0.3779084893709875,-0.06564146595071207,-0.038839369731497986,False,False,False,not applicable,False,1.6605133476751368,0.7328605414314904,0.5792025785742813,1.1197460335779728,74.66509961710508,,28.134534507865556,351.60874357294205,-0.02680209621921409,0.9199746439064599,2.2648178230095364
UGC08837,nfw,0.001,fullfit_outer_third,False,8,3,10,7.21,0.36,2,80.0,5.0,0.501,1.72,0.32,4.75,0.0,2,irregular_T10_11,late_T8_11,4.2,0.52,2.4418604651162794,31.7,0.3679550297458085,1,-6.046222808074009,-5.911442605935136,0.06956707256213195,0.06759656652360514,-0.13214377058204838,-1.9058721499312723,3.661120303568603,0.4745640350343899,0.3862973732714103,False,True,False,not applicable,False,0.5547102130704892,0.4400469173934856,0.7,1.0183408622653785,81.03175834325313,,4999.999999999995,1518.9116116714488,0.08826666176297959,0.38772084349035163,1.5010592622177514
UGC09037,nfw,0.001,fullfit_outer_third,False,22,8,6,83.6,8.4,1,65.0,5.0,68.614,4.28,19.078,39.72,152.3,2,spiral_T1_9,spiral_T1_7,27.96,2.43,6.5327102803738315,147.0,0.4319028865034747,1,9.228287238384048,7.405747817029365,0.07429745963648093,0.05554524507750314,0.06230456915802065,0.6760750907888102,0.749692981847188,0.187198677183095,-0.2407145496654564,False,False,False,not applicable,False,2.8935351188934955,0.2568126974109898,0.7,0.8888414853678723,60.086517315675536,,52.27678070814321,388.4718895662775,0.4279132268485514,0.8150933980604718,2.167317334748176
UGC09133,nfw,0.001,fullfit_outer_third,False,68,23,2,57.1,11.4,1,53.0,6.0,282.926,6.97,33.428,60.35,226.8,1,spiral_T1_9,spiral_T1_7,108.31,0.32,15.53945480631277,279.0,0.23580249890422966,0,-2.036498633758729,-0.192911064914,0.010539787610874669,0.009130434782608696,-0.008264819995063014,-0.4669707625475273,13.140886527393436,-0.09974589436700286,-0.08913550757639466,False,False,False,not applicable,False,1.7491671426095412,0.6762600021787271,0.4679304698907048,1.091157368539165,55.18106344050987,,41.04666211276867,416.1615289758334,-0.010610386790608203,1.1914357777362312,2.4456042032735974
UGC09992,nfw,0.001,fullfit_outer_third,False,5,2,10,10.7,3.21,1,30.0,10.0,0.336,1.04,0.318,5.45,33.6,2,irregular_T10_11,late_T8_11,3.89,0.78,3.7403846153846154,33.0,0.4859173787917478,1,-0.0587112470057356,-0.0587112470057356,0.16723782755189331,0.16723782755189331,-0.0014538792345258986,-0.010373011838469184,0.01606885950846433,-0.07112791925054461,0.12054546010071916,False,False,False,not applicable,False,0.0010562070384888,0.4998784144563444,0.7,1.000023224634578,30.001560084927597,,0.9074180675142056,53.6148222525476,-0.19167337935126377,0.5729162620269274,1.5185139398778875
UGC10310,nfw,0.001,fullfit_outer_third,False,7,3,9,15.2,4.6,1,34.0,6.0,1.741,1.8,1.196,9.58,71.4,1,spiral_T1_9,late_T8_11,7.74,1.1,4.3,69.2,0.29546292252679984,0,1.390328074645647,1.735982880555639,0.07012776998033898,0.06988950276243093,0.019160642672396987,0.2747683941987445,0.09286909598593668,0.14744757933993669,0.09508414551699229,False,False,False,not applicable,False,0.1689044675685517,0.5198289365801705,0.7,1.018539485279831,34.3786988903905,,7.275547578550617,141.67738211814756,0.052363433822944394,0.6334684555795865,1.8401060944567578
UGC11455,nfw,0.001,fullfit_outer_third,False,36,12,6,78.6,11.8,1,90.0,1.0,374.322,5.93,13.335,43.44,269.4,1,spiral_T1_9,spiral_T1_7,41.93,0.62,7.070826306913997,262.5,0.4795965716731458,0,-0.7525189999355698,-1.0350163264237722,0.0253261167601302,0.023743917274939172,-0.0017829347729652059,-0.10285738236720181,1.5038357916966962,-0.0263000556849639,-0.09086599819416642,True,False,False,not applicable,False,0.2650064837626126,0.5314600850760762,0.7,1.033357537976245,89.99999999999024,,1086.334757358218,1630.8875669708104,0.06456594250920253,0.8494701690393056,2.4191293077419758
UGC11557,nfw,0.001,fullfit_outer_third,False,12,4,8,24.2,6.05,1,30.0,10.0,12.101,2.75,2.605,16.66,0.0,2,spiral_T1_9,late_T8_11,10.56,0.33,3.8400000000000003,64.9,0.7069414367911382,1,-2.556190291008562,-0.011423165423337878,0.08503160310522015,0.083947647560945,-0.030009997230488965,-0.3156631482243711,0.5542230622079474,0.25948870638232574,0.018719998333616258,False,True,False,not applicable,False,0.6466391733116593,0.4716788469089679,0.7,0.9467397380306428,23.533608266883405,,4999.999999994817,2126.157569747484,0.24076870804870948,0.5843312243675308,1.8122446968003694
UGC11820,nfw,0.001,fullfit_outer_third,False,10,4,9,18.1,5.43,1,45.0,10.0,0.97,2.08,1.977,12.99,0.0,1,spiral_T1_9,late_T8_11,15.82,0.26,7.605769230769231,51.875,0.22462527073954858,0,0.02231393748934707,0.0019656091150181965,0.012325428814686592,0.012248376371999818,0.0008388203652759016,0.07211652367161125,0.3524814903426109,0.25864838965151643,0.28799272942155624,False,False,False,not applicable,False,0.5776192002805717,0.5711259906389171,0.7,0.91197115789688,41.47791556076893,,24.58522344675152,189.60386724723432,-0.029344339770039807,0.8811431441988962,1.7149581097201492
UGC11914,nfw,0.001,fullfit_outer_third,False,65,22,2,16.9,5.1,1,31.0,5.0,150.028,2.44,0.888,9.26,288.1,1,spiral_T1_9,spiral_T1_7,9.83,0.28,4.028688524590164,288.0,0.6263765522730962,0,1.0468987225976862,2.3661038339491824,0.029878715646871435,0.03052474742447618,0.003867699539552261,0.1342112903358758,1.0910247252106429,0.039046392899618754,0.07790860956774666,False,True,False,not applicable,False,1.334289161989794,0.3744611334438305,0.9517589209800736,1.0249069869804688,31.40075741269294,,4999.999999999995,7115.033158304557,-0.038862216668127905,0.6051636914934062,2.459392487759231
UGC12506,nfw,0.001,fullfit_outer_third,False,31,11,6,100.6,10.1,1,86.0,4.0,139.571,7.38,35.556,59.01,234.0,2,spiral_T1_9,spiral_T1_7,49.99,0.82,6.773712737127371,238.0,0.23453830465152922,1,0.15877853506080183,-1.0989166939065171,0.06767089744102812,0.06140350877192982,0.0010700388358076069,0.051722832116415283,0.0793076124252894,-0.09340472666276359,-0.18689031396085642,False,False,False,not applicable,False,0.2736849501245754,0.469463150926608,0.7,0.990802755070208,85.96437675224614,,10.19748414803242,459.3451712399248,0.09348558729809284,0.8308267749295487,2.376576957056512
UGC12632,nfw,0.001,fullfit_outer_third,False,15,5,9,9.77,2.93,1,46.0,3.0,1.301,2.42,1.744,12.6,71.7,1,spiral_T1_9,late_T8_11,10.66,0.71,4.404958677685951,65.5,0.23331639518552516,0,0.5443043685563481,0.5075131316016126,0.039673424389901346,0.03968705547652916,0.007516379268572954,0.19477062838115947,0.08263908463468586,0.17489562065502318,0.13216770916915332,False,False,False,not applicable,False,0.1815944615421147,0.5086706305825102,0.7,0.9455402484832756,45.82523752511485,,8.680544911174925,145.1445019908938,0.04272791148586985,0.6439418387101222,1.816241299991783
UGC12732,nfw,0.001,fullfit_outer_third,False,16,6,9,13.2,4.0,1,39.0,6.0,1.667,1.98,3.66,17.41,0.0,1,spiral_T1_9,late_T8_11,15.4,0.96,7.777777777777778,79.8,0.20854321549181762,0,0.3021371565387672,1.100849570801877,0.038492797542484046,0.03801301037923552,0.004253951820749582,0.062592378357605,0.2501904800250841,0.31677313560915066,0.4304988358482974,False,False,False,not applicable,False,0.2949356410529485,0.5105087299944896,0.7,1.0893744366827116,40.556884412649325,,13.88781437937858,182.68914847579845,-0.11372570023914674,0.8908555305749319,1.9020028913507294
UGCA442,nfw,0.001,fullfit_outer_third,False,8,3,9,4.35,0.22,2,64.0,7.0,0.14,1.18,0.263,4.37,56.4,1,spiral_T1_9,late_T8_11,6.33,0.42,5.364406779661017,51.9,0.126702775349912,0,-1.721574126268095,-2.6261655397035355,0.038595170477064754,0.048961937716262977,-0.030152866557387192,-0.4080006107946414,0.7302816520791202,0.20480456064342922,0.00905029364081204,False,False,False,not applicable,False,0.517798459813025,0.503574569835034,0.7,1.0129978062817375,67.62458921869117,,24.153499150203004,173.36014413762996,0.1957542670026172,0.7295217027112297,1.7151673578484579
UGCA444,nfw,0.001,fullfit_outer_third,False,36,12,10,0.98,0.05,2,78.0,4.0,0.012,0.83,0.067,2.08,37.0,2,irregular_T10_11,late_T8_11,2.62,0.12,3.1566265060240966,27.85,0.2168806326598016,1,-0.63419636787195,-0.3315203810796916,0.14502723163537531,0.1392608817797131,-0.016995424031544602,-0.09898423746377231,0.03703377674046559,0.3413967414712851,0.44864938661723847,False,True,False,not applicable,False,0.0089214151205492,0.4989739383717562,0.7,1.0002596554942893,78.0118327781927,,4999.999999999995,2044.8897376415064,-0.10725264514595334,0.49922319894367156,1.4448251995097476
CamB,nfw,0.001,outer_holdout,True,9,2,10,3.36,0.26,2,65.0,5.0,0.075,0.47,0.012,1.21,0.0,2,irregular_T10_11,late_T8_11,1.79,0.16,3.808510638297873,10.9,0.6791787131519273,1,-6.679475859103584,-6.679475859103584,0.08195628997867804,0.08195628997867804,-0.35405499879069025,-4.452983906069056,22.038687988227206,-0.5005422569953621,0.9105762754725217,False,False,False,not applicable,False,0.9982780983558304,0.3973216172074886,0.7,0.9637632320787952,62.33138594777248,,2122.1028508970307,0.0023685659627838,-1.4111185324678839,0.5807551730441758,1.0374264979406236
D631-7,nfw,0.001,outer_holdout,True,16,4,10,7.72,0.18,2,59.0,3.0,0.196,0.7,0.29,0.0,57.7,1,irregular_T10_11,late_T8_11,7.19,0.45,10.271428571428572,47.2,0.11610138710516488,0,-2.111037899171981,-2.2201530042843913,0.06570317185227556,0.06814113751286527,-0.03610568439143687,-0.5965228683719968,0.7692628172098102,0.4004037915881995,-0.1011953998143973,False,True,False,not applicable,False,1.8957102919404247,0.3231461418794529,0.7,0.9881909990076692,54.12245500809156,,4999.999999999995,2081.5725191857737,0.5015991914025968,1.0116308503686258,1.6739419986340878
DDO064,nfw,0.001,outer_holdout,True,14,3,10,6.8,2.04,1,60.0,5.0,0.157,0.69,0.211,3.49,46.1,1,irregular_T10_11,late_T8_11,2.98,0.1,4.3188405797101455,37.9,0.2719541304946145,0,2.119441341073802,1.0374303535131304,0.14308736291465038,0.14504310344827587,0.04529447931897947,0.2653245975354953,0.1229078000095256,0.40081949275153267,0.047141534760912686,False,True,False,not applicable,False,0.5082779809192383,0.4948659818253928,0.7,1.1524833942757715,60.94660320565824,,4999.999999999995,2559.1841748374186,0.35367795799061996,0.635367173339,1.5786392099680724
DDO154,nfw,0.001,outer_holdout,True,12,3,10,4.04,0.2,2,64.0,3.0,0.053,0.37,0.275,4.96,47.0,2,irregular_T10_11,late_T8_11,5.92,0.49,16.0,43.3,0.13060439321894962,1,4.1234932847252255,3.787120180753611,0.018595831280321013,0.014767932489451477,0.08886709984811231,4.4758874960255275,21.741567215625633,0.2950618946905243,-0.3163139404013294,False,False,False,not applicable,False,2.197110358098461,0.3014803206618023,0.7,1.014074120053555,64.8586391078104,,26.71548520988656,171.6122081817283,0.6113758350918537,1.2041199826559248,1.6364878963533653
DDO161,nfw,0.001,outer_holdout,True,31,7,10,7.5,2.25,1,70.0,10.0,0.548,1.22,1.378,10.69,66.3,1,irregular_T10_11,late_T8_11,13.37,0.6,10.959016393442623,55.0,0.2561627792319553,0,4.17959339108793,4.288882219722666,0.022516988673919453,0.014820359281437127,0.06286252632708343,4.0742103470848745,24.071295212343276,0.33570218064697405,-0.06977410289622955,False,False,False,not applicable,False,1.1995008491655723,0.4399439724635911,0.7,0.6401497452503283,66.02723347674691,,350.39914480062515,520.4927740488367,0.4054762835432036,1.0397715765872362,1.7403626894942439
DDO168,nfw,0.001,outer_holdout,True,10,2,10,4.25,0.21,2,63.0,6.0,0.191,1.02,0.413,4.3,53.4,2,irregular_T10_11,late_T8_11,4.12,0.41,4.03921568627451,48.0,0.2305924264245383,1,3.5016721312992516,3.5016721312992516,0.04868881118881119,0.04868881118881119,0.06695714488778232,1.307725805097514,2.7420987767928673,0.4258400619482741,-0.5350961469214678,False,True,False,not applicable,False,2.760775029080244,0.4356714480887786,0.7,0.964932472287116,46.435349825518536,,4999.99999998709,2696.00771394086,0.960936208869742,0.606297044271217,1.6812412373755872
DDO170,nfw,0.001,outer_holdout,True,8,2,10,15.4,4.62,1,66.0,7.0,0.543,1.95,0.735,9.14,60.0,2,irregular_T10_11,late_T8_11,12.33,1.87,6.323076923076923,57.1,0.23484281944444443,1,-0.35160094075091664,-0.35160094075091664,0.01887191854233655,0.01887191854233655,-0.005417789002000533,-0.44358009000850496,1.3135354676206052,-0.012374013791644755,0.27761142820150814,False,False,False,not applicable,False,0.3654390279505333,0.4905592066259818,0.7,1.10963170838516,66.98220215374387,,12.225829445685488,121.56940001994316,-0.2899854419931529,0.8009284652332136,1.7566361082458481
ESO079-G014,nfw,0.001,outer_holdout,True,15,3,4,28.7,7.17,1,79.0,5.0,51.733,5.08,3.14,17.67,175.0,1,spiral_T1_9,spiral_T1_7,16.67,0.41,3.2814960629921264,132.0,0.3315464506122449,0,13.467641192758379,13.485781630747084,0.012153502431887502,0.012457142857142858,0.07602185830260438,6.358883552404881,48.171101231189986,0.38838976931713926,0.0773274616818912,False,True,False,not applicable,False,1.1727907928706391,0.420038240297317,0.7,0.707006620735802,78.40576362369089,,4999.999999999826,4494.972699596648,0.31106230763524806,0.5160718875440862,2.12057393120585
ESO116-G012,nfw,0.001,outer_holdout,True,15,3,7,13.0,3.9,1,74.0,3.0,4.292,1.51,1.083,9.58,109.1,1,spiral_T1_9,spiral_T1_7,9.86,0.25,6.52980132450331,102.0,0.2002782636141739,0,8.8534180941547,9.298429738275644,0.027467776217776223,0.02099099099099099,0.07965943999011206,3.135169737505054,10.346351363849385,0.2908540918218543,0.10604430162247715,False,False,False,not applicable,False,0.206753307866009,0.4770317610607009,0.7,1.0620259923598028,74.06565044983893,,59.08569567654396,433.1574824996441,0.18480979019937716,0.8148999676480417,2.0086001717619175
ESO563-G021,nfw,0.001,outer_holdout,True,30,6,4,60.8,9.1,1,83.0,3.0,311.177,5.45,24.298,55.71,314.6,1,spiral_T1_9,spiral_T1_7,42.41,0.45,7.7816513761467885,310.5,0.2624532912705312,0,-10.306330406064243,-11.186240716701178,0.03136431244070096,0.02833213141025641,-0.03238974492143435,-1.160964351927069,1.692946744784791,-0.005533732282677137,-0.037644650267524775,False,True,False,not applicable,False,2.2341553389959867,0.8363451412928965,0.7,1.1700970836966973,83.32657448504804,,4999.999999999986,3636.544486612756,0.03211091798484764,0.8910717701830672,2.492061604512599
F568-3,nfw,0.001,outer_holdout,True,18,4,7,82.4,8.24,1,40.0,10.0,8.346,4.99,3.195,16.14,0.0,1,spiral_T1_9,spiral_T1_7,17.98,0.64,3.603206412825651,83.9,0.22469191106035866,0,1.2974345121240631,1.7498235129377733,0.10024752475247525,0.1,0.012479861874499306,0.12418308344158299,0.038487721704269416,0.3859360371169988,0.4517039611051207,False,True,False,not applicable,False,0.795103625938422,0.5384757136621892,0.7,1.0246468081719406,47.95103625938422,,4999.999999999684,2455.172299488965,-0.06576792398812187,0.55668914177382,1.9237619608287002
F568-V1,nfw,0.001,outer_holdout,True,15,3,7,80.6,8.06,1,40.0,10.0,3.825,2.85,2.491,14.38,112.3,1,spiral_T1_9,spiral_T1_7,17.63,0.39,6.185964912280701,111.0,0.1326219548980178,0,15.16953199711971,16.146358453192363,0.13637435245354848,0.12372881355932203,0.1329209642786754,1.0275193955065614,1.1245161148610097,0.12499626903122642,0.10345403735685986,False,False,False,not applicable,False,0.0088714179668078,0.5010224036245874,0.7,0.9998769512001482,39.94872748931081,,12.25709373466957,277.61573301735547,0.021542231674366558,0.7914074522908118,2.0453229787866576
F571-8,nfw,0.001,outer_holdout,True,13,3,5,53.3,10.7,1,85.0,5.0,10.164,3.56,1.782,24.55,139.7,1,spiral_T1_9,spiral_T1_7,15.55,0.22,4.367977528089888,105.0,0.13552480932784639,0,18.46532148442704,13.073270294320452,0.03097442680776014,0.02962962962962963,0.12994842689839742,4.003010624728433,22.25197400932538,0.49340605943106075,0.12051983234316586,False,True,False,not applicable,False,4.605918805383802,0.4561279705986122,0.7,0.0753596394445275,84.86439318746054,,4999.999999954156,4586.317558009384,0.3728862270878949,0.6402803953899812,2.0211892990699383
F574-1,nfw,0.001,outer_holdout,True,14,3,7,96.8,9.68,1,65.0,10.0,6.537,4.46,3.524,16.19,97.8,1,spiral_T1_9,spiral_T1_7,12.6,0.47,2.8251121076233185,90.95,0.19377821817272864,0,8.413029790991937,8.5660420996021,0.047512301040951,0.04676113360323887,0.08463070894226547,1.7756671226726153,3.2455826526292166,0.30739734930434814,0.05967520260512282,False,False,False,not applicable,False,0.1696865212418763,0.5199225529514829,0.7,1.0026629521778658,65.42619366920329,,25.16784411577789,261.86888947526296,0.24772214669922532,0.4510356864054211,1.9588027033995024
F583-1,nfw,0.001,outer_holdout,True,25,5,9,35.4,8.85,1,63.0,5.0,0.986,2.36,2.126,15.65,85.8,1,spiral_T1_9,late_T8_11,16.26,0.26,6.889830508474577,59.4,0.11657047545509146,0,14.721636479513467,10.126600207978754,0.11211436640099007,0.10023310023310024,0.1714330136068676,2.150534581355253,8.652719918624083,0.5024578039167569,0.12231259323214916,False,True,False,not applicable,False,0.2320729092656423,0.473982943222954,0.7,0.979440440827213,62.85584970470193,,4999.999999999995,2754.673215433709,0.3801452106846077,0.8382085382879428,1.7737864449811935
F583-4,nfw,0.001,outer_holdout,True,12,3,5,53.3,10.7,1,55.0,10.0,1.715,1.93,0.641,7.8,0.0,1,spiral_T1_9,spiral_T1_7,7.29,0.22,3.77720207253886,58.5,0.2146088087198342,0,-1.3537127774574789,-0.8987240548852498,0.0730345887499741,0.07291666666666667,-0.01973143768768087,-0.2762679137668324,0.11470738235392092,0.28244434594290574,0.4539368305480994,False,False,False,not applicable,False,0.0818158421128958,0.5094099958246308,0.7,1.0137204277029623,55.81815842112896,,20.577637684286284,173.85269903792607,-0.17149248460519367,0.5771702193102008,1.7671558660821804
IC2574,nfw,0.001,outer_holdout,True,34,7,9,3.91,0.2,2,75.0,7.0,1.016,2.78,1.036,10.81,66.4,2,spiral_T1_9,late_T8_11,10.23,0.85,3.679856115107914,43.65,0.22640774467626615,1,-7.87643230527456,-7.784898904087008,0.09481091888799838,0.09344262295081968,-0.1217805242588539,-2.1598379127734177,9.600929347606408,0.5739131045702378,0.5119834771158689,True,True,False,not applicable,False,5.999999999999999,0.3769394697801442,0.7,1.3069053708439895,88.08692392363291,,4999.999999757478,1478.4437063503742,0.06192962745436892,0.5658308377940839,1.6399842480415885
IC4202,nfw,0.001,outer_holdout,True,32,7,4,100.4,10.0,1,90.0,1.0,179.749,4.78,12.326,32.13,242.6,1,spiral_T1_9,spiral_T1_7,25.9,0.77,5.418410041841003,240.5,0.4458680655702384,0,16.891190808042097,15.849568923750155,0.05180694210449381,0.040160642570281124,0.07041220828311485,1.7631824537583871,4.119906856155298,-0.013279939587847732,0.07622785046214445,True,False,False,not applicable,False,5.999999999999999,0.7078031494321403,0.1758320502056706,0.4277393481250074,89.99999999999993,,14.00119582967441,509.8124303554375,-0.08950779004999218,0.7338718674691329,2.3811150807098507
KK98-251,nfw,0.001,outer_holdout,True,15,3,10,6.8,2.04,1,59.0,5.0,0.085,1.34,0.115,2.9,33.7,2,irregular_T10_11,late_T8_11,3.13,0.25,2.335820895522388,21.8,0.34459562836388274,1,-3.066436987075916,-3.136789458517182,0.05878102014396508,0.05847953216374269,-0.09002403599505937,-1.533218493537958,2.3619687127824363,0.0751976288511329,0.11376130439344363,False,True,False,not applicable,False,1.8450123691819007,0.5204394000125407,0.7,1.5535037107545702,63.20981003121148,,4999.999999972834,1008.8882720734327,-0.03856367554231073,0.3684395391816408,1.3384564936046048
NGC0024,nfw,0.001,outer_holdout,True,29,6,5,7.3,0.36,2,64.0,3.0,3.889,1.34,0.676,7.29,106.3,1,spiral_T1_9,spiral_T1_7,11.27,0.21,8.410447761194028,92.4,0.23735984365446766,0,45.6584634599861,58.6033509269822,0.05590564020769221,0.0376583450952717,0.4249819603620641,13.979724197589768,303.77293560889945,0.35225211999778216,0.012810577307638533,False,False,False,not applicable,False,0.1777181249623265,0.5208849588131299,0.7,1.001887098200028,64.11849548765723,,49.07759128048983,618.3130085947113,0.33944154269014365,0.9248191176812989,1.9656719712201067
NGC0055,nfw,0.001,outer_holdout,True,21,5,9,2.11,0.11,2,77.0,3.0,4.628,6.11,1.565,10.24,85.6,2,spiral_T1_9,late_T8_11,13.5,1.23,2.20949263502455,82.4,0.3066324672563132,1,8.726161597375722,8.866092516987948,0.05874564875253716,0.06358381502890173,0.10100180783927556,1.9942646953288687,4.895323998117295,0.35183852235630986,0.07977277874492703,False,True,False,not applicable,False,2.1785588354780865,0.3027708923208729,0.7,0.9909383432695849,76.75570596366504,,4999.99999999988,2421.9889687934456,0.2720657436113828,0.34429255825245186,1.9159272116971158
NGC0100,nfw,0.001,outer_holdout,True,21,5,6,13.5,4.05,1,89.0,1.0,3.232,1.66,1.99,16.36,88.1,1,spiral_T1_9,spiral_T1_7,9.62,0.23,5.795180722891566,77.8,0.16738598530612242,0,3.7355615599708103,3.7519707249848153,0.09508027717953627,0.08730337078651684,0.04188681142155337,0.4916252698524593,0.27619443535921545,0.41905326838995555,0.3098878013373376,False,True,False,not applicable,False,0.2441171893894078,0.4726702683413353,0.7,1.0000859180142587,89.00000051963247,,4999.99999999988,2883.4419947798824,0.10916546705261793,0.7630669839977579,1.890979596989689
NGC0247,nfw,0.001,outer_holdout,True,26,6,7,3.7,0.19,2,74.0,3.0,7.332,3.74,1.746,12.79,104.9,2,spiral_T1_9,spiral_T1_7,14.54,1.08,3.887700534759358,88.9,0.25259502040816323,1,-3.0029382419516844,-2.726049016347723,0.08116651303376161,0.08238095238095239,-0.028234707036848838,-0.35403582889199225,0.143604582934768,0.038686091360157944,0.13022088841754906,False,False,False,not applicable,False,1.170682233302874,0.6546937992862905,0.7,1.0123268696650318,74.4146890767629,,21.98333404185253,218.19836826688584,-0.09153479705739112,0.5896928043225388,1.9489017609702137
NGC0289,nfw,0.001,outer_holdout,True,28,6,4,20.8,5.2,1,46.0,5.0,72.065,6.74,27.469,49.51,163.0,2,spiral_T1_9,spiral_T1_7,71.12,1.5,10.55192878338279,175.0,0.2353007261095904,1,12.985576280367505,10.757531554513633,0.06067258848150741,0.060236081747709655,0.07987644405768228,1.662940255192695,4.192816884348633,-0.08981624159560743,-0.15548364811763798,False,False,False,not applicable,False,0.7042040261349899,0.5880177107232599,0.7,1.1648744775855933,48.38233852806018,,52.45427707330133,340.3862797499874,0.06566740652203056,1.0233318514268375,2.2430380486862944
NGC0300,nfw,0.001,outer_holdout,True,25,5,7,2.08,0.1,2,42.0,10.0,2.922,1.75,0.936,9.2,93.3,2,spiral_T1_9,spiral_T1_7,11.8,0.91,6.742857142857143,88.2,0.14859433958186558,1,2.9593332440735365,4.464216417510045,0.08633011744677598,0.11422413793103449,0.031809733891711274,0.3157035273090897,0.21833329166220788,0.14232038730583496,-0.1932527297188096,False,False,False,not applicable,False,0.1803701818534983,0.5100548435348916,0.7,0.998989810192822,40.19629818146502,,20.381642491209803,235.0874593987525,0.33557311702464454,0.828843958619831,1.9454685851318196
NGC0801,nfw,0.001,outer_holdout,True,13,3,5,80.7,8.07,1,80.0,1.0,312.57,8.72,23.201,44.99,220.1,1,spiral_T1_9,spiral_T1_7,59.82,1.17,6.860091743119265,219.0,0.44167279456721115,0,-9.832577918333897,-11.609075580653752,0.024913464866735898,0.021962616822429906,-0.04559420499725573,-2.333217826739548,7.740340007818722,-0.10603609842028167,0.03562389938023551,False,False,False,not applicable,False,0.7556841979700848,0.5950293995586577,0.7,1.0300095889624163,80.01898792902357,,57.57103574192677,330.4768244649217,-0.1416599978005172,0.8363299237627321,2.3404441148401185
NGC0891,nfw,0.001,outer_holdout,True,18,4,3,9.91,0.5,2,90.0,1.0,138.34,2.55,4.462,18.16,216.1,1,spiral_T1_9,spiral_T1_7,17.11,0.92,6.709803921568628,222.5,0.549237392179311,0,8.5736997476831,8.409848362131129,0.018868353010490106,0.020711360398860398,0.04054203654872937,2.137527574101059,4.824140716684242,-0.08065137323619376,-0.2683750398256423,True,False,False,not applicable,False,3.597663139194613,0.2183753883967927,0.5559674805845612,0.938603866596512,89.99999999984375,,10.664036999742214,417.4013535025059,0.18772366658944856,0.8267098291071451,2.3473300153169503
NGC1003,nfw,0.001,outer_holdout,True,36,8,6,11.4,3.42,1,67.0,5.0,6.82,1.61,5.88,33.33,109.8,1,spiral_T1_9,spiral_T1_7,30.24,1.25,18.782608695652172,103.5,0.11659439354440493,0,-4.1378042357066995,-3.866089014670081,0.020350824278704563,0.020558213716108453,-0.03688580647358797,-1.862244387242301,3.665998374462581,0.2513298624874401,0.19848596046011582,False,False,False,not applicable,False,0.7852772126715054,0.5990978011326042,0.7,1.0123804282824864,67.05144740804464,,27.95865841880657,229.36267735196904,0.05284390202732428,1.273755910797319,2.0149403497929366
NGC1090,nfw,0.001,outer_holdout,True,24,5,4,37.0,9.25,1,64.0,3.0,72.045,3.53,8.783,30.49,164.4,1,spiral_T1_9,spiral_T1_7,30.09,0.35,8.524079320113314,165.0,0.34270975108654694,0,2.318275734055601,2.1229952685358455,0.013782955578277665,0.013765432098765433,0.014358320855094042,1.039585530966637,1.2075614409932154,-0.018845464616742903,-0.08072253427834408,False,False,False,not applicable,False,0.5568683076925637,0.5079292390397814,0.7,0.8607829230768591,63.70232253862026,,18.31647450739886,302.95542572985795,0.06187706966160118,0.9306474823522579,2.2174839442139063
NGC2403,nfw,0.001,outer_holdout,True,73,15,6,3.16,0.16,2,63.0,3.0,10.041,1.39,3.199,15.11,131.2,1,spiral_T1_9,spiral_T1_7,20.87,0.16,15.014388489208635,114.0,0.2004949237023836,0,-8.065063489265095,-8.146491502793623,0.030535903023744773,0.02875,-0.05996212382973421,-3.2859667688975285,18.994552812426587,-0.10604630661648325,0.031459234772276495,False,False,False,not applicable,False,3.816467705122837,0.2076458395194604,0.7,0.9016419011254256,55.54296911746834,,5.647368742974435,258.41900650891546,-0.13750554138875976,1.176507648811359,2.0569048513364727
NGC2683,nfw,0.001,outer_holdout,True,11,3,3,9.81,0.49,2,80.0,5.0,80.415,2.18,1.406,13.79,154.0,2,spiral_T1_9,spiral_T1_7,34.62,2.89,15.880733944954127,172.0,0.25418338475200797,1,-1.8072640646347697,-1.5919376671934629,0.06882877590258492,0.06451612903225806,-0.011495878439295082,-0.17654346141626368,0.04131804190050522,-0.2384314094332278,-0.3177853212778884,False,False,False,not applicable,False,0.1991476309031746,0.4852856548482402,0.6686260253838385,0.9965410892891736,79.7826932735217,,6.086674872592421,306.0949097727284,0.07935391184466059,1.2008705699347701,2.2355284469075487
NGC2841,nfw,0.001,outer_holdout,True,50,10,3,14.1,1.4,3,76.0,10.0,188.121,3.64,9.775,45.12,284.8,1,spiral_T1_9,spiral_T1_7,63.64,3.44,17.483516483516482,301.0,0.18115576613796608,0,-24.03598941307003,-24.471188890988515,0.017859856670647732,0.01539065588026035,-0.08389407604228118,-4.583610842916647,23.49549871057824,-0.18418178671752555,0.16915162949146478,False,False,False,not applicable,False,0.2342778308024659,0.4737423622371033,0.736935720134024,0.9863412549781828,74.69459803069665,,8.971992521776091,553.6829091769654,-0.35333341620899034,1.242628787325488,2.4785664955938436
NGC2903,nfw,0.001,outer_holdout,True,34,7,4,6.6,1.98,1,66.0,3.0,81.863,2.33,2.552,13.76,184.6,1,spiral_T1_9,spiral_T1_7,24.96,0.32,10.71244635193133,189.5,0.29820008400292186,0,-1.7970120359439608,-1.4976230050002926,0.021318938516700074,0.016853932584269662,-0.009815740454822577,-0.4005881336305151,0.5159669166352387,-0.1708086737882158,-0.11587509789217186,False,False,False,not applicable,False,1.608613109908079,0.4294878327150104,0.7,0.5174160670275764,65.60469214963382,,4.786723994097303,378.5043421969145,-0.05493357589604393,1.0298886599843673,2.2776092143040914
NGC2915,nfw,0.001,outer_holdout,True,30,6,11,4.06,0.2,2,56.0,4.0,0.641,0.55,0.508,7.16,83.5,2,irregular_T10_11,late_T8_11,10.04,0.34,18.25454545454545,81.15,0.0764037753062881,1,-0.5138235927201554,-0.9506413649373471,0.07493151713431906,0.07116753451488081,-0.005689289477783288,-0.10826256203352085,0.07146935079341249,0.037451808440070566,0.30752732726750026,False,False,False,not applicable,False,0.936434365702286,0.403019971309822,0.7,0.9893841770778662,54.26043651729538,,4.950829681050093,174.81549962842794,-0.2700755188274297,1.2613710233147566,1.9092885241622508
NGC2955,nfw,0.001,outer_holdout,True,24,5,3,97.9,9.8,1,56.0,7.0,319.422,18.76,28.949,40.34,0.0,1,spiral_T1_9,spiral_T1_7,35.43,0.75,1.8885927505330489,255.5,0.5584935718233018,0,59.93628188802514,54.726399029671086,0.05344261392480596,0.05354330708661417,0.24594632311489092,4.805296469590944,30.775505050546986,0.28427356361494177,-0.3268030260283482,False,True,False,not applicable,False,2.1921074288693023,0.3018278161635762,0.931407346411524,0.9569510388162332,50.12591380117712,,4999.999999267159,5132.293603656942,0.6110765896432899,0.2761383182901315,2.4073909044707316
NGC2976,nfw,0.001,outer_holdout,True,27,6,5,3.58,0.18,2,61.0,10.0,3.371,1.01,0.172,3.04,85.4,2,spiral_T1_9,spiral_T1_7,2.27,0.11,2.2475247524752477,49.2,0.5898784583113941,1,-3.5409043162810434,-2.063482928503916,0.05294922752827507,0.05256260291542557,-0.04055210326058845,-0.7735135310113604,1.4434228884469607,-0.07647373894304803,0.297763937630636,False,False,False,not applicable,False,1.7058760348893154,0.7405554933405935,0.7,1.02232630569594,71.52823242183983,,712.9588364520515,0.0025308439182415,-0.37423767657368406,0.35170448341048016,1.6919651027673603
NGC2998,nfw,0.001,outer_holdout,True,13,3,5,68.1,10.2,1,58.0,2.0,150.902,6.2,23.451,43.58,209.9,1,spiral_T1_9,spiral_T1_7,42.28,0.33,6.819354838709677,206.0,0.34193970772994775,0,-7.130370940028939,-5.802862080648708,0.012750834508969527,0.014084507042253521,-0.03388562294698267,-2.6991715400456857,7.761412502661433,-0.1743988966537317,-0.1747503217706838,False,False,False,not applicable,False,1.405982355556703,0.3617193725097261,0.7,0.8912773292612857,57.61751595065678,,8.29879145923621,396.65227626773424,0.0003514251169521032,0.8337432891371348,2.3138672203691533
NGC3109,nfw,0.001,outer_holdout,True,25,5,9,1.33,0.07,2,70.0,5.0,0.194,1.56,0.477,6.0,66.2,1,spiral_T1_9,late_T8_11,6.45,0.26,4.134615384615385,50.6,0.10808169534354384,0,-6.948164672952503,-6.992334677551312,0.04745520936839689,0.048048048048048055,-0.10511678101786759,-2.2190549607375565,5.0358357465874075,0.4359469626187202,0.18895598992328522,False,True,False,not applicable,False,0.7551482184716828,0.4424230409001601,0.7,1.0396186528680809,73.77574109235842,,4999.999999999791,2257.5173468618177,0.24699097269543496,0.6164351162808062,1.7041505168397992
NGC3198,nfw,0.001,outer_holdout,True,43,9,5,13.8,1.4,3,73.0,3.0,38.279,3.14,10.869,35.66,150.1,1,spiral_T1_9,spiral_T1_7,44.08,0.32,14.038216560509554,146.0,0.23196221382998686,0,3.122683687149981,3.3492976582978713,0.01497055479639963,0.013513513513513514,0.021160567063144137,1.5297057024675924,3.4084328840015483,-0.04038906383895175,0.0458946547723965,False,False,False,not applicable,False,0.2956178961757554,0.4670982226030908,0.7,0.9922399359261064,72.92782330355307,,16.05982523473954,293.633597202209,-0.08628371861134826,1.1473119377705137,2.164352855784437
NGC3521,nfw,0.001,outer_holdout,True,41,9,4,7.7,2.3,1,75.0,5.0,84.836,2.4,4.154,18.85,213.7,1,spiral_T1_9,spiral_T1_7,17.74,0.51,7.391666666666667,213.0,0.6675563224126786,0,-30.153738182177953,-27.751328145039793,0.0728212436399789,0.05194174757281553,-0.14479740103151018,-3.241436024126487,18.679539255845686,-0.2901396626390339,-0.03420928318373165,False,False,False,not applicable,False,0.3514157334883644,0.4699916214393757,0.7,0.8950316640229561,74.7494682568003,,1.9651252001793689,263.3956460655974,-0.2559303794553023,0.8687423737841016,2.3283796034387376
NGC3726,nfw,0.001,outer_holdout,True,12,3,5,18.0,2.5,4,53.0,2.0,70.234,3.4,6.473,22.2,168.0,2,spiral_T1_9,spiral_T1_7,32.52,3.5,9.564705882352943,159.0,0.26180609751099576,1,-8.479046845071537,-9.621446604477512,0.07227836521940621,0.0630952380952381,-0.05041892213103205,-0.7507566979283388,0.6496500528630514,0.16781389110294498,-0.033377004854594064,False,True,False,not applicable,False,0.4471620049055247,0.5542251183863822,0.7,1.0143074599178663,53.07892682582909,,4999.999997111834,2431.6602427991447,0.20119089595753903,0.9806716198797755,2.2013971243204513
NGC3741,nfw,0.001,outer_holdout,True,21,5,10,3.21,0.17,2,70.0,4.0,0.028,0.2,0.182,4.2,50.1,1,irregular_T10_11,late_T8_11,7.0,0.23,35.0,36.5,0.08112721999999999,0,1.9532943884829634,1.9306266416274696,0.05102019830312372,0.047808764940239036,0.03863230635221558,0.724768613089392,0.7383936268785127,0.381884419570434,0.16350615604685195,False,False,False,not applicable,False,0.067792975526451,0.507866190273505,0.7,1.0016074095417815,70.11595444783434,,47.04907727581392,214.2890821496514,0.21837826352358206,1.5440680443502757,1.5622928644564746
NGC3769,nfw,0.001,outer_holdout,True,12,3,3,18.0,2.5,4,70.0,2.0,18.679,3.38,5.529,22.57,118.6,2,spiral_T1_9,spiral_T1_7,37.16,1.74,10.994082840236686,118.0,0.16445895862183707,1,0.8483135292878407,0.1537111568427605,0.08845115595459896,0.08813559322033898,0.007851987938221408,0.07909604064533496,0.0660393535884969,-0.10219085863038013,-0.4366358833199427,False,False,False,not applicable,False,0.9774543825707044,0.3992312845122248,0.7,0.9289483461409974,69.82445603229249,,12.292426653943965,238.13381936302324,0.33444502468956255,1.0411590050439494,2.0718820073061255
NGC3877,nfw,0.001,outer_holdout,True,13,3,5,18.0,2.5,4,76.0,1.0,72.535,2.53,1.483,11.47,168.4,2,spiral_T1_9,spiral_T1_7,11.35,0.87,4.486166007905139,162.0,0.7102281327684605,1,9.721292335573745,9.682719260804333,0.034534833622711696,0.033529411764705884,0.057210628994401214,1.670378231931925,2.7984025489320623,0.006189512341459523,-0.07022386982657271,False,False,False,not applicable,False,1.85240990919389,0.3263841148346902,0.7,0.8003053743024778,75.92750703658785,,12.03748015302894,342.1487126033624,0.07641338216803223,0.6518753403533236,2.2095150145426308
NGC3893,nfw,0.001,outer_holdout,True,10,2,5,18.0,2.5,4,49.0,2.0,58.525,2.38,5.799,20.84,174.0,1,spiral_T1_9,spiral_T1_7,19.05,1.74,8.004201680672269,182.5,0.3342177117214111,0,12.701976114437855,12.701976114437855,0.07365779804028307,0.07365779804028307,0.07475297642752038,0.9895206276391239,1.0467604364210679,-0.03754461107445244,-0.5447266059346096,False,False,False,not applicable,False,0.7084928289799228,0.4247376124403001,0.7,0.9354789844489524,48.61503651106048,,11.879573267947512,352.2741921416221,0.5071819948601572,0.9033180229551262,2.2612628687924934
NGC3917,nfw,0.001,outer_holdout,True,17,4,6,18.0,2.5,4,79.0,2.0,21.966,2.63,1.888,14.08,135.9,1,spiral_T1_9,spiral_T1_7,14.86,0.87,5.650190114068441,134.0,0.31395441152965,0,-0.19477072289870279,-0.44502179015165666,0.03825505130646356,0.03636411721146726,-0.001405187946544728,0.017696259494782582,0.07398614108510443,-0.10582812633827442,0.011079832934552987,False,True,False,not applicable,False,2.422737931979261,0.8734615611582066,0.7,1.1747610238640531,79.28129109685769,,4999.9999999989295,2487.8535701838955,-0.1169079592728274,0.7520630609347986,2.1271047983648077
NGC3953,nfw,0.001,outer_holdout,True,8,2,4,18.0,2.5,4,62.0,1.0,141.301,4.89,2.832,17.38,220.8,1,spiral_T1_9,spiral_T1_7,15.68,3.5,3.206543967280164,219.5,0.5688839644451532,0,-1.6965689181111685,-1.6965689181111685,0.03617421096345515,0.03617421096345515,-0.007646427072238182,-0.2545356488700775,0.09527020198271394,-0.27942125482613495,-0.34863769161990155,False,False,False,not applicable,False,0.1027130701137614,0.4883134621012236,0.7,0.9886499635418976,61.98919851189365,,6.6719733243375385,314.8259355636737,0.0692164367937666,0.5060371992247994,2.34143452457814
NGC3972,nfw,0.001,outer_holdout,True,10,2,4,18.0,2.5,4,77.0,1.0,14.353,2.18,1.214,10.05,132.7,1,spiral_T1_9,spiral_T1_7,8.72,0.87,4.0,113.0,0.3368280611870436,0,0.42308150996781535,0.42308150996781535,0.041044776119402986,0.041044776119402986,0.003157324701252353,0.1038810375087101,0.07185313638001806,0.1835704956561987,0.0,False,False,False,not applicable,False,0.2735559231166091,0.4694770986805061,0.7,0.9753698110886172,76.98995588939803,,56.53492132038411,462.8176995584012,0.1835704956561987,0.6020599913279624,2.0530784434834195
NGC3992,nfw,0.001,outer_holdout,True,9,2,4,23.7,2.3,5,56.0,2.0,226.932,4.96,16.599,32.75,241.0,1,spiral_T1_9,spiral_T1_7,46.02,9.19,9.278225806451614,248.0,0.2588026617999001,0,-4.646123824219984,-4.646123824219984,0.0310065304550309,0.0310065304550309,-0.01946462641708096,-0.6297605486445195,0.39673649409159917,-0.21726955308697868,-0.15965729576112495,False,False,False,not applicable,False,0.034975349213683,0.502196556734592,0.7,1.0033942322021718,56.03401349334648,,10.853194029502648,448.1634766174876,-0.05761225732585373,0.9674649378424272,2.3944516808262164
NGC4010,nfw,0.001,outer_holdout,True,12,3,7,18.0,2.5,4,89.0,1.0,17.193,2.81,2.832,17.59,125.8,2,spiral_T1_9,spiral_T1_7,10.47,0.87,3.725978647686833,109.5,0.36410069459969785,1,9.125775536836253,9.55880080093641,0.03775124189592641,0.04015748031496063,0.07408162151496239,2.091888436053381,6.2288782566670475,0.29792691712986186,-0.22013486578216399,False,True,False,not applicable,False,1.30994437361832,0.369807374157204,0.7,0.894985435258742,88.9970224803054,,4999.999999998973,3798.9847745119423,0.5180617829120259,0.5712403617737625,2.0394141191761372
NGC4013,nfw,0.001,outer_holdout,True,36,8,3,18.0,2.5,4,89.0,1.0,79.094,3.53,2.967,31.35,172.9,2,spiral_T1_9,spiral_T1_7,31.01,5.49,8.784702549575071,178.0,0.24156643395061728,1,0.02435207740723655,-2.567371187008007,0.034634033776238124,0.02841275991217874,0.0006818837916038514,-0.07192442957341505,0.5341591709585873,0.18572564988238052,-0.23499055372971203,False,False,False,not applicable,False,0.5298275009389848,0.5383239212541143,0.7908257285421629,1.0616634043259434,89.00206429360648,,391.57123507432266,834.0686094913557,0.42071620361209255,0.9437270608495039,2.250420002308894
NGC4088,nfw,0.001,outer_holdout,True,12,3,4,18.0,2.5,4,69.0,2.0,107.286,2.58,8.226,22.25,171.7,1,spiral_T1_9,spiral_T1_7,21.48,1.74,8.325581395348838,171.0,0.6009229994319083,0,-3.204043364530264,-4.471728660972758,0.042636650839917634,0.04367816091954023,-0.018375902447339342,-0.3705322474397466,0.40293349033600007,0.0074748260831443,0.25250065109124226,False,True,False,not applicable,False,0.7137114120469611,0.424227544405413,0.7,0.9368442824400292,68.83418052467908,,4999.999999999018,2765.5918790220235,-0.24502582500809797,0.9204145710642879,2.2329961103921536
NGC4100,nfw,0.001,outer_holdout,True,24,5,4,18.0,2.5,4,73.0,2.0,59.394,2.15,3.102,18.06,158.2,1,spiral_T1_9,spiral_T1_7,22.76,2.61,10.586046511627908,178.5,0.3063761352878611,0,12.951433862788878,14.009102419601504,0.04716376273136208,0.04810126582278481,0.08130007743375205,1.7447806802770949,3.3207234695775925,-0.170377997896134,-0.29341108472731686,False,False,False,not applicable,False,0.1915614898780988,0.4784249887701975,0.7,0.9744960914906698,72.94481188603677,,8.410024355559191,324.6620998685012,0.12303308683118286,1.0247337978074282,2.251638220448212
NGC4157,nfw,0.001,outer_holdout,True,17,4,3,18.0,2.5,4,82.0,3.0,105.62,2.32,8.226,24.09,184.7,1,spiral_T1_9,spiral_T1_7,29.61,1.74,12.76293103448276,185.0,0.3445311366921031,0,3.395477915766506,3.4638427928997686,0.06441040268880381,0.06740191804707935,0.01837915506999127,0.2579562217709348,0.09829428897637957,0.1386192267682115,-0.04222334061252832,False,False,False,not applicable,False,0.4028791653257189,0.5082493772764793,0.637984494021379,0.9711735578943906,81.93539812614884,,516.1230649382622,1006.38608676567,0.18084256738073984,1.1059504224983996,2.2671717284030137
NGC4183,nfw,0.001,outer_holdout,True,23,5,6,18.0,2.5,4,82.0,2.0,10.838,2.79,3.506,16.07,110.6,1,spiral_T1_9,spiral_T1_7,21.02,0.87,7.534050179211469,109.0,0.24187166578330843,0,-4.046418174901729,-3.092693043070483,0.06610454824869862,0.04818181818181818,-0.03624871124450755,-0.5119783609913103,0.27995763977392923,-0.10996642094257035,0.1492705288542871,False,False,False,not applicable,False,0.2124512039817637,0.5250674843499953,0.7,1.012198387582516,82.01254057986942,,7.948382950596172,199.3081948822512,-0.25923694979685746,0.8770285084186259,2.037426497940624
NGC4217,nfw,0.001,outer_holdout,True,19,4,3,18.0,2.5,4,86.0,2.0,85.299,2.94,2.562,16.7,181.3,1,spiral_T1_9,spiral_T1_7,16.72,0.87,5.687074829931973,179.0,0.5874801832027714,0,20.435056721521164,21.116956869431903,0.048737355871205874,0.04463276836158192,0.11501289512055513,2.4143932425370465,5.922182342566897,0.17772568134699818,-0.029234965599599035,False,False,False,not applicable,False,3.9103045483803767,0.6958639966570667,0.2844903798691994,0.7143009358161881,85.89394632331967,,44.39118289692939,525.6401997347302,0.20696064694659722,0.7548889426908403,2.2528530309798933
NGC4559,nfw,0.001,outer_holdout,True,32,7,6,9.0,2.7,1,67.0,1.0,19.377,2.1,5.811,21.16,121.2,1,spiral_T1_9,spiral_T1_7,20.97,0.67,9.985714285714284,119.5,0.33695148481590975,0,8.617407026618409,8.059291662801712,0.049406482452475205,0.0495,0.07134849333613368,1.4359497994587909,2.2371139202388943,0.15982671624287484,-0.12598735944065334,False,False,False,not applicable,False,0.2445679468608602,0.4757431333804695,0.7,0.926629615941742,66.98880068394455,,32.626363694921,281.52239806515723,0.2858140756835282,0.9993791357314245,2.0773679052841563
NGC5005,nfw,0.001,outer_holdout,True,18,4,4,16.9,1.5,5,68.0,2.0,178.72,9.45,1.28,10.41,262.2,1,spiral_T1_9,spiral_T1_7,11.47,0.49,1.2137566137566138,260.0,0.682692169642958,0,4.5795600327448795,4.560957896022387,0.08327008290451686,0.08317610062893081,0.017321415105454117,0.20805001834362233,0.0456410329835147,-0.008373771329099024,-0.0007545953232283547,False,True,False,not applicable,False,0.9333251148936684,0.498428853933119,0.5646320530129294,0.962979090444632,67.74138750472254,,4999.999999999915,5465.163334980742,-0.0076191760058706695,0.08413160939200474,2.4149733479708178
NGC5033,nfw,0.001,outer_holdout,True,22,5,5,15.7,4.7,1,66.0,1.0,110.509,5.16,11.314,29.53,194.2,1,spiral_T1_9,spiral_T1_7,44.59,0.76,8.641472868217054,217.5,0.2624681385547809,0,9.888096965521374,10.999825999036801,0.01860092170323266,0.015706806282722512,0.05137137126517022,3.0823501685016224,12.154930160015446,-0.15685760802817697,0.09805843611030518,False,False,False,not applicable,False,0.9254537620803068,0.4444949127575209,0.5848466451853696,0.7229533323708636,65.96520838786527,,10.595253230377342,416.2282998189234,-0.2549160441384821,0.9365877707223959,2.337459261290656
NGC5055,nfw,0.001,outer_holdout,True,28,6,4,9.9,0.3,2,55.0,6.0,152.922,3.2,11.722,35.06,179.0,1,spiral_T1_9,spiral_T1_7,54.59,0.72,17.059375,189.0,0.30148861265080507,0,-1.525245769191386,-0.9100320981755345,0.01716863385429396,0.0180933346176074,-0.008564100064991106,-0.8910732438564516,1.5012595404274152,-0.15049752620598908,-0.144776164959038,False,False,False,not applicable,False,2.7654324660534257,0.2645006585852417,0.7,1.0063066293490248,60.0119392974177,,11.90941505359697,348.45317481981624,-0.005721361246951079,1.2319631159860553,2.2764618041732443
NGC5371,nfw,0.001,outer_holdout,True,19,4,4,39.7,9.92,1,53.0,2.0,340.393,7.44,11.18,30.03,209.5,1,spiral_T1_9,spiral_T1_7,46.24,1.45,6.21505376344086,215.0,0.5646984860392011,0,-20.75910999464074,-19.945165590565736,0.021465552698430517,0.019277220364176888,-0.0989131293737219,-4.516841625919326,21.607942688273013,-0.4153600905178799,0.08569283345257585,False,False,False,not applicable,False,1.59770685038991,0.346098183018763,0.7,1.080364254261463,53.14553715818052,,4.763425953283692,346.4177913229558,-0.5010529239704558,0.7934448898665939,2.3324384599156054
NGC5585,nfw,0.001,outer_holdout,True,24,5,7,7.06,2.12,1,51.0,2.0,2.943,1.53,1.683,10.92,90.3,1,spiral_T1_9,spiral_T1_7,10.96,0.09,7.163398692810458,68.69999999999999,0.21595699061500612,0,13.0469523577168,12.930945567115572,0.02297771622003794,0.028384279475982536,0.14447884225733387,7.0549910748030085,61.78389502508785,0.42671308690060167,-0.10711950055662457,False,True,False,not applicable,False,0.8632581695390988,0.4391258382393985,0.7,0.7407780000817437,50.75712261800057,,4999.9999998818585,3163.061328092312,0.5338325874572263,0.8551191233307516,1.8369567370595503
NGC5907,nfw,0.001,outer_holdout,True,19,4,5,17.3,0.9,2,88.0,2.0,175.425,5.34,21.025,0.0,215.0,1,spiral_T1_9,spiral_T1_7,50.33,5.03,9.425093632958802,218.0,0.2854637785065158,0,-12.443563278555878,-12.41297836165451,0.018562084474167052,0.01849748151323545,-0.05773587530223022,-3.173585986609296,10.174603994743375,-0.19326547645915054,-0.03352140655260635,False,False,False,not applicable,False,2.378894198214131,0.2891216305594282,0.7,0.9741563629896866,87.95358627830748,,7.17016260811064,429.9218924536761,-0.1597440699065442,0.9742856733685831,2.3384564936046046
NGC5985,nfw,0.001,outer_holdout,True,33,7,3,39.7,9.9,1,60.0,2.0,208.728,7.01,11.586,39.5,293.6,1,spiral_T1_9,spiral_T1_7,34.72,3.54,4.9529243937232525,291.0,0.27124533215296626,0,-10.516820702622933,-12.04855023200787,0.015411381725668787,0.013888888888888888,-0.03606041023471001,-2.486735629937123,6.954402391323634,-0.1320319377317757,-0.08412195059213617,False,False,False,not applicable,False,1.360136505873877,0.5058293903993488,0.6012048293483182,0.6608223826662121,59.70598533679744,,6.996960652832602,564.8383123555267,-0.04790998713963954,0.6948616985377957,2.4638929889859074
NGC6015,nfw,0.001,outer_holdout,True,44,9,6,17.0,5.1,1,60.0,2.0,32.129,2.3,5.834,21.43,154.1,2,spiral_T1_9,spiral_T1_7,29.23,0.34,12.708695652173914,152.0,0.20998834752909432,1,-11.229108265925724,-10.206473712525252,0.04146721340430485,0.048734177215189876,-0.07256135505497135,-2.1696592147193563,6.384722025823624,-0.2072616531042333,-0.06792319889703084,False,False,False,not applicable,False,0.071686837010955,0.5060055750548946,0.7,0.9784939488967136,59.981135372167074,,6.850554270474262,278.21339625850175,-0.13933845420720248,1.1041009793398435,2.1818435879447726
NGC6195,nfw,0.001,outer_holdout,True,23,5,3,127.8,12.8,1,62.0,5.0,391.076,13.94,20.907,40.89,251.7,1,spiral_T1_9,spiral_T1_7,36.43,1.33,2.6133428981348636,247.0,0.688132100245497,0,3.1720166768844194,0.9610970121586035,0.025991982644278246,0.02562992125984252,0.013097990183939498,0.7432586443854247,1.9707533744308645,0.011708226553005878,-0.09072741928316383,False,True,False,not applicable,False,1.2371274941865806,0.3760600980276307,0.7559953829031563,0.9777047085839397,60.94654651228672,,4999.999999889958,3356.2810537678074,0.10243564583616971,0.41719639747992526,2.392696953259666
NGC6503,nfw,0.001,outer_holdout,True,31,7,6,6.26,0.31,2,74.0,2.0,12.845,2.16,1.744,14.05,116.3,1,spiral_T1_9,spiral_T1_7,23.5,0.76,10.87962962962963,116.0,0.16276716824196596,0,-2.6258458374207243,-2.7633837251575244,0.030951740900290264,0.017543859649122806,-0.022613044490773393,-0.8188006966743885,0.9875198157051198,-0.10497011702833339,0.08749212671408452,False,False,False,not applicable,False,1.1594630452297143,0.3828456349532267,0.7,0.9860175438946578,73.77151770305294,,7.143435495752107,227.74615315075377,-0.1924622437424179,1.0366141111208054,2.0644579892269186
NGC6674,nfw,0.001,outer_holdout,True,15,3,3,51.2,10.2,1,54.0,6.0,214.654,6.04,32.165,50.02,241.3,1,spiral_T1_9,spiral_T1_7,72.41,2.5,11.988410596026489,242.0,0.17472055687751997,0,-1.5558700846236964,-0.318641267454268,0.015106721315147037,0.01652892561983471,-0.006298410233449105,-0.900515914695934,2.8742070977108702,0.09331095300547117,-0.11214680030163289,False,True,False,not applicable,False,2.117939885791771,0.8142616724828184,0.8072548422783173,1.306870579040932,61.02997105825021,,4999.999999999995,2368.158637294734,0.20545775330710406,1.0787616088594338,2.383815365980431
NGC6946,nfw,0.001,outer_holdout,True,58,12,6,5.52,1.66,2,38.0,2.0,66.173,2.44,5.67,21.25,158.9,1,spiral_T1_9,spiral_T1_7,20.4,0.19,8.360655737704917,167.0,0.43226802557093225,0,8.435793743357479,8.558667289941823,0.08478307454980534,0.07211084905660378,0.05364270751452215,0.6823121595497379,0.5143566838011614,-0.06138153514967048,-0.07445151873374613,False,False,False,not applicable,False,0.9460655831006892,0.5101502425205672,0.5629780749771522,0.9064116827320752,37.83133603820061,,19.11729298191695,312.1747092400838,0.01306998358407565,0.9222403410871692,2.2227164711475833
NGC7331,nfw,0.001,outer_holdout,True,36,8,3,14.7,1.5,3,75.0,2.0,250.631,5.02,11.067,27.01,239.0,1,spiral_T1_9,spiral_T1_7,36.31,2.67,7.2330677290836665,239.0,0.3937968770300031,0,-5.841620541220614,-5.939304510026261,0.022020465319814067,0.02100877425277616,-0.024450550107275232,-1.1577276718383114,1.4817177054464117,-0.06496717017970192,-0.002606098546270516,False,False,False,not applicable,False,1.0646604584107495,0.3925423113394141,0.6063124771734814,0.8913611777131888,74.64338156813119,,29.56154646590764,442.98915014863616,-0.06236107163343141,0.8593225317678731,2.3783979009481375
NGC7793,nfw,0.001,outer_holdout,True,46,10,7,3.61,0.18,2,47.0,9.0,7.05,1.21,0.861,7.35,0.0,1,spiral_T1_9,spiral_T1_7,7.87,0.11,6.5041322314049586,76.2,0.38746126497272737,0,10.108294196395756,8.159051611330419,0.07921300152144832,0.06780083468583353,0.1068091122861901,1.6953204691841748,10.0451695655163,0.23992589667381953,-0.3345021181935579,False,True,False,not applicable,False,0.0758720620546615,0.4960401952987505,0.7,1.0006590383943124,47.68284855849196,,4999.999999999995,4056.850079132972,0.5744280148673775,0.8131893620426145,1.8819549713396004
NGC7814,nfw,0.001,outer_holdout,True,18,4,2,14.4,0.66,2,90.0,1.0,74.529,2.54,1.07,12.15,218.9,1,spiral_T1_9,spiral_T1_7,19.53,0.63,7.6889763779527565,221.0,0.2876487837365709,0,-5.0129432272739365,-5.064431836957539,0.022406542056074768,0.022546728971962617,-0.023424968351747365,-1.0393726351346781,1.1798553132981158,-0.10867618938182151,-2.836781442904321e-15,True,False,False,not applicable,False,1.1869703829092766,0.5005818583130516,0.5325998033174282,0.9886429055801405,89.99999999998047,,8.74650495569225,393.54277887233593,-0.10867618938181868,0.8858685266679164,2.3443922736851106
UGC00128,nfw,0.001,outer_holdout,True,22,5,8,64.5,9.7,1,57.0,10.0,12.02,5.95,7.431,31.27,129.3,1,spiral_T1_9,late_T8_11,53.75,1.25,9.033613445378151,127.5,0.12419543667642524,0,-5.391946308624492,-4.919073006104284,0.026899571487173014,0.02062015503875969,-0.04097783519531612,-1.9631770014888859,5.144192937276306,-0.15958935484202463,-0.23843011923731472,False,False,False,not applicable,False,0.677574727566429,0.450655855368197,0.7,1.0823417306415573,63.77574727566429,,15.641526361799714,250.6099056391898,0.07884076439529009,0.9558615028590933,2.1055101847699738
UGC00191,nfw,0.001,outer_holdout,True,9,2,9,17.1,5.1,1,45.0,5.0,2.004,1.58,1.343,10.03,0.0,1,spiral_T1_9,late_T8_11,9.98,0.62,6.3164556962025316,57.6,0.24472710607981227,0,5.240778347675068,5.240778347675068,0.010090439276485789,0.010090439276485789,0.06355079910039481,6.603496719184882,45.38145104784255,0.13002859181472293,0.11827631091123418,False,False,False,not applicable,False,0.4838938394822079,0.5589325324394052,0.7,1.1255186516257325,46.32339479956529,,13.924313699970993,186.5707987097176,0.011752280903488746,0.8004734543329485,1.760422483423212
UGC00731,nfw,0.001,outer_holdout,True,12,3,10,12.5,3.75,1,57.0,3.0,0.323,2.3,1.807,11.57,73.3,1,irregular_T10_11,late_T8_11,10.91,0.91,4.743478260869566,66.35,0.24415296599595537,0,3.2683278784174234,3.6147688480210007,0.04271781154401042,0.04363143631436315,0.04423578364589561,1.0197641919176068,1.0817038607632283,0.13824185976220624,-0.007742019480537522,False,False,False,not applicable,False,0.1928341143525009,0.5014271927656784,0.7,0.9421497656942496,56.87586141367231,,9.933021614371944,155.73567305484443,0.14598387924274375,0.676096914570749,1.8218409272004543
UGC01281,nfw,0.001,outer_holdout,True,25,5,8,5.27,0.24,2,90.0,1.0,0.353,1.63,0.294,5.26,55.2,1,spiral_T1_9,late_T8_11,4.99,0.08,3.0613496932515343,37.4,0.17792381466511326,0,-3.033345807566852,-3.3280749361582807,0.07193969343836151,0.0718132854578097,-0.055174335213438105,-0.758336451891713,0.814460031522079,0.4283297261132276,0.13738014082329086,True,True,False,not applicable,False,0.2276193390746133,0.5059116776670843,0.7,1.0103659661058648,89.99999999990696,,4999.99999999948,2298.419034553896,0.29094958528993675,0.4859129412194322,1.57287160220048
UGC02259,nfw,0.001,outer_holdout,True,8,2,8,10.5,3.1,1,41.0,3.0,1.725,1.62,0.494,7.28,86.2,2,spiral_T1_9,late_T8_11,8.14,1.02,5.0246913580246915,83.25,0.1748218135692565,1,-3.694900011693335,-3.694900011693335,0.029690449226123065,0.029690449226123065,-0.04130752424094001,-1.351655236392249,1.9312337699302264,-0.08457891412993916,0.14394410097171248,False,False,False,not applicable,False,0.0678887125318096,0.5078773859313185,0.7,1.0142108678453987,41.05963223126675,,3.281295750919785,166.4230829405204,-0.22852301510165163,0.7011093903465703,1.9203842421783575
UGC02487,nfw,0.001,outer_holdout,True,17,4,0,69.1,10.4,1,36.0,5.0,489.955,7.89,17.963,40.2,332.0,1,S0_T0,S0_T0,80.38,9.93,10.187579214195184,364.0,0.18538000679943453,0,-14.829407777955211,-14.92207576179402,0.025922822879308395,0.025529207740051116,-0.0446973394263874,-2.113206020175325,4.968948096705372,-0.23644975755682465,0.06107524558125139,False,False,False,not applicable,False,1.4818189924924596,0.703318277155566,0.5484198075313589,1.0553447763593105,38.79861237128432,,16.532143967833772,605.9875156839687,-0.29752500313807606,1.0080709986465957,2.561101383649056
UGC02885,nfw,0.001,outer_holdout,True,19,4,5,80.6,8.06,1,64.0,4.0,403.525,11.4,40.075,74.24,289.5,1,spiral_T1_9,spiral_T1_7,74.07,1.7,6.497368421052631,287.0,0.2637727538173956,0,-2.4454659195155557,-2.433642751174972,0.03355704697986577,0.03355704697986577,-0.008206261474884416,-0.2445465919515556,0.06247904081987482,0.023717516617499435,3.0139548966282777e-13,False,False,False,not applicable,False,1.3277327735166462,0.4734955897453141,0.9503231686002652,1.0432654954744014,65.16662312170553,,64.88789657069256,570.255250075044,0.02371751661719804,0.812737493315122,2.4578818967339924
UGC02916,nfw,0.001,outer_holdout,True,43,9,2,65.4,9.8,1,50.0,5.0,124.153,6.15,23.273,34.24,182.7,2,spiral_T1_9,spiral_T1_7,38.0,0.37,6.178861788617886,211.0,0.5284761147867493,1,-1.0150280437479182,-1.1126464458770897,0.05988960032953997,0.0613953488372093,-0.006026092605327001,-0.09215540175461207,0.3083773744350251,-0.23590435393946127,-0.1656396806308216,True,True,False,not applicable,False,5.999999999999999,1.990535852767486,0.1758320502056706,1.1484333287929356,54.692137226582965,,0.020000000000014,790.2393144226347,-0.07026467330863967,0.7909084808413934,2.3242824552976926
UGC02953,nfw,0.001,outer_holdout,True,115,23,2,16.5,4.95,1,50.0,4.0,259.518,3.55,7.678,24.0,264.9,2,spiral_T1_9,spiral_T1_7,62.39,0.09,17.574647887323945,266.0,0.25860770708437164,1,-9.514196214487948,-6.439334205779744,0.01557906579032904,0.01698473282442748,-0.0359940871910646,-2.127511326527622,8.187147156363684,-0.18528270975707006,-0.009542616140953985,False,False,False,not applicable,False,0.3356383280822626,0.4989519949586672,0.6479391281861169,0.9488838519851428,49.7451753202112,,11.36762432638701,502.1540146246848,-0.1757400936161161,1.2448866325752692,2.424881636631067
UGC03205,nfw,0.001,outer_holdout,True,48,10,2,50.0,10.0,1,67.0,4.0,113.642,3.19,9.677,28.6,219.6,1,spiral_T1_9,spiral_T1_7,40.04,0.28,12.551724137931034,221.0,0.3771670627882776,0,-16.890486537974983,-13.778255567517348,0.016410173201681595,0.011617326901733118,-0.0780885447719936,-6.146123951052533,45.95716247831224,-0.21680364511812636,-0.02297249593157377,False,False,False,not applicable,False,2.805833429909716,0.4624621458586542,0.5389456271556462,0.4388333140180568,65.42774738787301,,3.603128652841904,447.1262745270968,-0.1938311491865526,1.0987033857500998,2.3443922736851106
UGC03546,nfw,0.001,outer_holdout,True,30,6,1,28.7,7.2,1,55.0,5.0,101.336,3.79,2.675,18.37,196.9,1,spiral_T1_9,spiral_T1_7,29.23,0.63,7.712401055408971,204.5,0.4117708455180804,0,2.7074747036702007,4.305622669789088,0.04008487361184549,0.024435032894736843,0.014067299849713708,1.1762109743400637,2.585679758106551,-0.10567827292274094,-0.027003298710474716,False,False,False,not applicable,False,0.8325090842880758,0.5070461489239567,0.6038309101595428,0.7911475467988103,53.29174405572205,,13.829517330732925,367.89405732263737,-0.07867497421226623,0.8871896053893641,2.3106933123433606
UGC03580,nfw,0.001,outer_holdout,True,47,10,1,20.7,5.2,1,63.0,4.0,13.266,2.43,4.37,19.97,126.2,2,spiral_T1_9,spiral_T1_7,27.06,0.11,11.1358024691358,91.4,0.3161361252057884,1,-6.983997163217102,-8.301140466367222,0.013175037650649712,0.012943928571428572,-0.05514270572444594,-3.9044240709587568,25.274960642199794,0.018775027077569187,0.16483988132735075,False,False,False,not applicable,False,2.9439113728573703,0.6227374739735033,0.4796911499375203,0.2604667082677138,62.097239023097465,,9.822607217307253,239.7928602329737,-0.14606485424978155,1.0467215186632919,1.9609461957338314
UGC04278,nfw,0.001,outer_holdout,True,25,5,7,9.51,2.85,1,90.0,3.0,1.307,2.21,1.116,8.9,91.4,1,spiral_T1_9,spiral_T1_7,6.69,0.14,3.0271493212669687,53.7,0.16641184029013883,0,-5.217195659162226,-4.781790648818983,0.12147590370016637,0.09428879310344827,-0.05899509723354803,-0.5787702857555435,0.38531242911411834,0.7611605471910772,0.5460558706991969,True,True,False,not applicable,False,0.7571823013951654,0.4200024020530753,0.7,0.8056640126297557,89.9999999999632,,4999.999999999968,3035.332475300609,0.21510467649188025,0.48103384408271244,1.7299742856995557
UGC04325,nfw,0.001,outer_holdout,True,8,2,9,9.6,2.88,1,41.0,3.0,2.026,1.86,0.678,6.61,90.9,1,spiral_T1_9,late_T8_11,5.59,0.7,3.005376344086021,89.4,0.2256648989220341,0,5.695222415295575,5.695222415295575,0.033117583603020494,0.033117583603020494,0.06192663513844114,1.867286037801828,3.6479971916522342,0.09549679596597234,-0.09738989498018845,False,False,False,not applicable,False,0.2576330374786093,0.5305585383471052,0.7,1.055530195407047,41.23343725893526,,5.365788097041089,197.2847035357821,0.1928866909461608,0.4778988636685069,1.9513375187959177
UGC04483,nfw,0.001,outer_holdout,True,8,2,10,3.34,0.31,2,58.0,3.0,0.013,0.18,0.032,1.46,0.0,2,irregular_T10_11,late_T8_11,1.21,0.08,6.722222222222222,20.8,0.30536472918516494,1,1.3572030536064297,1.3572030536064297,0.07129799680304731,0.07129799680304731,0.05603040549771779,0.9911492774286899,1.4935595525712897,0.38079077350102447,-0.029075029975753536,False,False,False,not applicable,False,0.0402262852686447,0.4988467235704225,0.7,1.0037335773752334,58.085116877387065,,35.50712103722507,177.2401764485884,0.40986580347677803,0.827512865213144,1.3180633349627615
UGC04499,nfw,0.001,outer_holdout,True,9,2,8,12.5,3.75,1,50.0,3.0,1.552,1.73,1.1,8.67,72.8,1,spiral_T1_9,late_T8_11,8.18,0.91,4.728323699421965,66.9,0.2861925053369789,0,4.996178881908676,4.996178881908676,0.03611230970641861,0.03611230970641861,0.06762025510852201,1.8741184811935505,3.621633570987103,0.3028189349572808,0.11625079832568981,False,False,False,not applicable,False,0.2032252335664598,0.4771418180097363,0.7,0.9698820482830012,49.91418011569618,,27.71891621254108,217.27917034478256,0.186568136631591,0.6747072005425275,1.825426117767823
UGC05005,nfw,0.001,outer_holdout,True,11,3,10,53.7,10.7,1,41.0,10.0,4.1,3.2,3.093,21.61,98.9,1,irregular_T10_11,late_T8_11,28.61,0.78,8.940624999999999,72.5,0.18640914733908062,0,8.806849490766249,5.698220075421062,0.10050393176414694,0.10060362173038229,0.08866492992829256,0.8806849490766249,1.1810667846097804,0.4292466900132099,-0.016764685651042364,False,True,False,not applicable,False,0.0599504711035069,0.4934982972329084,0.7,0.9941626209061636,40.40049528896493,,4999.999999999995,2042.163400678793,0.4460113756642523,0.9513678794853566,1.8603380065709938
UGC05253,nfw,0.001,outer_holdout,True,73,15,2,22.9,5.72,1,37.0,4.0,171.582,8.07,16.396,36.64,213.7,2,spiral_T1_9,spiral_T1_7,53.29,0.13,6.603469640644361,246.0,0.3933591395251978,1,42.09648440010689,33.81701631071445,0.028606285467253547,0.01889344262295082,0.19206879287605927,8.258863891136054,140.09855126029427,0.16980756639879468,-0.1435404189777359,False,False,False,not applicable,False,0.2958918048786753,0.4670687637361104,0.7251493166998458,0.9603150157966118,36.5396320520346,,91.60151164432637,724.9606068737352,0.3133479853765306,0.8197721855188413,2.3909351071033793
UGC05716,nfw,0.001,outer_holdout,True,12,3,9,21.3,5.3,1,54.0,10.0,0.588,1.14,1.094,10.64,73.1,2,spiral_T1_9,late_T8_11,12.37,1.03,10.850877192982457,69.95,0.18186381409976057,1,2.6381893640621477,3.1294361765144743,0.01761433726297622,0.014657534246575343,0.03607277857233521,2.658431173882913,9.124653948944689,0.049488939328585446,0.16366608060499152,False,False,False,not applicable,False,0.3110768440488624,0.5058285041181926,0.7,1.0774040973454917,57.04775757166293,,10.893778118953648,154.92376209992807,-0.11417714127640607,1.035464848292648,1.8447877188278465
UGC05721,nfw,0.001,outer_holdout,True,23,5,7,6.18,1.85,1,61.0,5.0,0.531,0.38,0.562,6.74,79.7,1,spiral_T1_9,spiral_T1_7,6.74,0.09,17.736842105263158,78.3,0.12487903428935179,0,5.1271572538507,5.274777783976106,0.05807066987967234,0.05814249363867685,0.06518228613725416,1.1219162481073741,1.2688697727939646,0.01047115965930908,0.05121548684055207,False,False,False,not applicable,False,0.3616229498586559,0.4600528329188343,0.7,0.9602685706223812,60.79228433422661,,2.874489889462701,170.69847265494334,-0.04074432718124299,1.2488762999185097,1.8937617620579434
UGC05750,nfw,0.001,outer_holdout,True,11,3,8,58.7,11.7,1,64.0,10.0,3.336,3.46,1.099,16.79,0.0,1,spiral_T1_9,late_T8_11,22.85,0.31,6.604046242774567,49.8,0.24245941896824758,0,5.176741503961186,-2.8629448954748966,0.1491273649676602,0.14175257731958765,0.06430448229228268,0.4810104586921269,1.3688483917233416,0.4181232277384498,0.06627077028091537,False,True,False,not applicable,False,0.147869008490759,0.5097944066353507,0.7,1.0294730391710711,65.23013976560767,,4999.999999999995,1916.7252158311824,0.3518524574575344,0.8198101056130924,1.6972293427597176
UGC05764,nfw,0.001,outer_holdout,True,10,2,10,7.47,2.24,1,60.0,10.0,0.085,1.17,0.163,3.51,0.0,2,irregular_T10_11,late_T8_11,3.62,0.36,3.094017094017094,49.95,0.17285138301472214,1,7.4627627362789255,7.4627627362789255,0.05425551102204409,0.05425551102204409,0.14940967054883184,2.7531546631254242,7.580676271936261,0.06404849137089938,-0.019112775650419644,False,False,False,not applicable,False,0.1122038775936001,0.5050129880379963,0.7,1.0336461426786698,60.75587626354095,,2.9968246334807724,118.50336010280508,0.08316126702131903,0.4905227087870041,1.698535492562001
UGC05829,nfw,0.001,outer_holdout,True,11,3,10,8.64,2.59,1,34.0,10.0,0.564,1.99,1.023,7.87,0.0,2,irregular_T10_11,late_T8_11,6.91,0.63,3.472361809045226,47.9,0.30503937330639175,1,0.3060462789102682,-0.006968977503476026,0.07808529002012321,0.07713414634146341,0.005365324197332429,0.06048345433009252,0.030039420968617333,0.45626841631655013,0.6104630227867022,False,False,False,not applicable,False,0.0207448174365488,0.502394048608282,0.7,0.996886941125724,33.82005943086722,,167.5832611698724,408.0088092234751,-0.15419460647015204,0.5406249709644918,1.6803355134145632
UGC05918,nfw,0.001,outer_holdout,True,8,2,10,7.66,2.3,1,46.0,5.0,0.233,1.66,0.297,5.9,0.0,2,irregular_T10_11,late_T8_11,4.46,0.56,2.6867469879518073,38.099999999999994,0.18491850162004891,1,1.7997878003843688,1.7997878003843688,0.0902840639341668,0.0902840639341668,0.0413060364956325,0.4579612723624348,0.21015283425882397,0.33892674450255816,0.3252158919863043,False,False,False,not applicable,False,0.0154196914089743,0.5016689925035245,0.7,0.9953700665482192,45.95685805845641,,9.796045501440346,113.50273649030852,0.013710852516253869,0.4292267706720868,1.5809249756756192
UGC05986,nfw,0.001,outer_holdout,True,15,3,9,8.63,2.59,1,90.0,3.0,4.695,1.67,2.667,16.53,113.0,2,spiral_T1_9,late_T8_11,9.41,0.63,5.634730538922156,109.0,0.17039351471744255,1,15.536328360917002,15.595871750485685,0.04648501518844698,0.04678899082568807,0.14295173331474467,3.009324834511179,9.135385323162284,0.36468462010021013,-0.3211033234235446,True,True,False,not applicable,False,1.4382014263389349,0.5762702307073783,0.7,1.4316270792836432,89.99999999995437,,4999.9999999502925,3778.476533242269,0.6857879435237547,0.7508731522796737,2.037426497940624
UGC06399,nfw,0.001,outer_holdout,True,9,2,9,18.0,2.5,4,75.0,2.0,2.296,2.05,0.674,8.8,85.0,1,spiral_T1_9,late_T8_11,7.85,0.87,3.829268292682927,77.5,0.20608301625687842,0,8.354475038571756,8.354475038571756,0.05658953185678318,0.05658953185678318,0.0963165152903856,1.7049949058309706,2.9733789997657296,0.40574504454663324,0.19661848626267184,False,True,False,not applicable,False,0.0730842498340632,0.5084853316918896,0.7,1.0063477362441613,75.01237885244085,,4999.999967752128,3182.405694393455,0.2091265582839614,0.5831157956894982,1.8893017025063104
UGC06446,nfw,0.001,outer_holdout,True,17,4,7,12.0,3.6,1,51.0,3.0,0.988,1.49,1.379,10.33,82.2,1,spiral_T1_9,spiral_T1_7,10.22,0.58,6.859060402684564,80.1,0.20236831410194617,0,1.365961119698678,0.5445063872336888,0.08724783794129304,0.07468889725339903,0.016959677185221483,0.13536911451102762,0.05164213943835962,-0.006083381331884482,-0.26850924601242443,False,False,False,not applicable,False,0.0726160847925897,0.5029950889352908,0.7,0.9782151745622232,50.939632648602576,,5.557658323177861,165.189642734311,0.26242586468053997,0.8362646273864199,1.9036325160842376
UGC06614,nfw,0.001,outer_holdout,True,13,3,1,88.7,8.87,1,36.0,10.0,124.35,5.1,21.888,60.63,199.8,1,spiral_T1_9,spiral_T1_7,64.59,3.23,12.664705882352942,193.0,0.2647051215567101,0,21.90532710337239,18.08897138653225,0.08037787279445305,0.0784313725490196,0.10727478920258461,1.3657763969848842,3.088464999733976,0.35225855352045643,0.016279740661471122,False,False,False,not applicable,False,0.3474085747638591,0.4945823050293305,0.6840245364781399,0.993612418864694,32.52591425236141,,645.2898920855441,1115.2580548845483,0.3359788128589853,1.1025951084452132,2.285557309007774
UGC06667,nfw,0.001,outer_holdout,True,9,2,6,18.0,2.5,4,89.0,1.0,1.397,5.15,0.809,8.59,83.8,1,spiral_T1_9,spiral_T1_7,7.85,0.87,1.524271844660194,77.3,0.12067435587767156,0,8.633351439885438,8.633351439885438,0.03748369826343606,0.03748369826343606,0.10107167304639386,2.6748921554953804,7.2908275522059265,0.37400503336636054,0.06982161489258355,False,False,False,not applicable,False,0.060041717695484,0.5023216766985307,0.7,1.008339127457706,89.0002651658723,,66.43073434846066,404.6489192007516,0.304183418473777,0.18306242770406148,1.888179493918325
UGC06786,nfw,0.001,outer_holdout,True,45,9,0,29.3,7.32,1,64.0,3.0,73.407,3.6,5.03,20.31,219.4,1,S0_T0,S0_T0,34.05,0.16,9.458333333333332,218.0,0.21882340962487276,0,-0.8462291382749041,-0.4993351244386872,0.019243234182359164,0.012455357142857143,-0.0036183311142370922,-0.7521625743407833,2.1998826417874593,-0.08515323718307269,-0.09690430038353784,False,False,False,not applicable,False,1.313842592300402,0.3694755847184441,0.7780711039677299,0.687180312817032,63.45957461362539,,9.240256640258854,452.44561371129294,0.01175106320046515,0.9758146154815166,2.3384564936046046
UGC06787,nfw,0.001,outer_holdout,True,71,15,2,21.3,5.32,1,66.0,3.0,98.256,5.37,5.03,26.44,248.1,2,spiral_T1_9,spiral_T1_7,37.19,0.12,6.925512104283054,238.0,0.22877949993764468,1,-33.49695410094966,-36.228406614420294,0.0118925201669066,0.012175732217573223,-0.13488288492241202,-11.621111814997102,160.48783492086815,-0.16986087561195673,0.11969038297577228,False,False,False,not applicable,False,4.205266840438526,0.8451565861483514,0.2658100248037908,1.540657093689365,67.71815286383188,,10.71759527990955,356.10481630978205,-0.289551258587729,0.840451892659417,2.376576957056512
UGC06818,nfw,0.001,outer_holdout,True,8,2,9,18.0,2.5,4,75.0,3.0,1.588,1.39,1.079,6.96,71.2,2,spiral_T1_9,late_T8_11,6.98,0.87,5.02158273381295,55.45,0.2113258565048605,1,-5.552572932189918,-5.552572932189918,0.08437544408128464,0.08437544408128464,-0.07719194236837802,-0.925428822031653,0.9135379502017924,0.392511467649223,0.6646432088380934,False,True,False,not applicable,False,0.9574494529174572,0.4010745076513602,0.7,0.93289683998617,74.72150464212521,,4999.999999999995,2300.487138655573,-0.27213174118887035,0.7008406223690661,1.743901550485179
UGC06917,nfw,0.001,outer_holdout,True,11,3,9,18.0,2.5,4,56.0,2.0,6.832,2.76,2.023,12.67,108.7,1,spiral_T1_9,late_T8_11,10.47,1.74,3.793478260869566,100.0,0.25407438842593283,0,3.451655076708112,3.9779094433910984,0.04556491556491557,0.04454545454545455,0.031835194124097015,0.7116268630833598,0.560849195019971,0.3082146188580517,0.30707232289456715,False,False,False,not applicable,False,0.2578708925018566,0.4711757332526778,0.7,0.9745394865115906,55.87830402160821,,20.963542029520266,267.4910222289727,0.0011422959634845298,0.5790375996136247,2.0
UGC06930,nfw,0.001,outer_holdout,True,10,2,7,18.0,2.5,4,32.0,5.0,8.932,3.94,3.237,16.76,107.2,1,spiral_T1_9,spiral_T1_7,16.61,1.74,4.215736040609137,105.0,0.28809079861111114,0,0.32491261455346887,0.32491261455346887,0.06851851851851852,0.06851851851851852,0.0030084501347543416,0.04390711007479309,0.0035043609973513076,-0.09414994427169143,0.0,False,False,False,not applicable,False,0.1125390075405392,0.4949555962276533,0.7,0.9923377942597486,31.437304962297304,,10.034388345481789,203.8106595002185,-0.09414994427169143,0.6248734106258204,2.0211892990699383
UGC06983,nfw,0.001,outer_holdout,True,17,4,6,18.0,2.5,4,49.0,1.0,5.298,3.21,2.967,16.07,109.0,1,spiral_T1_9,spiral_T1_7,15.68,1.74,4.8847352024922115,108.0,0.22347473519283745,0,4.523051489443738,4.56242158202582,0.09330615018688412,0.09074074074074075,0.04171207011600028,0.4563868678313698,0.21578055282331324,-0.014800222266392575,-0.0017753814133636405,False,False,False,not applicable,False,0.1041492413863297,0.4909878101839103,0.7,0.985534827585232,48.977557351523295,,9.02709621649196,219.9797455657847,-0.013024840853028935,0.6888410259435476,2.03342375548695
UGC07089,nfw,0.001,outer_holdout,True,12,3,8,18.0,2.5,4,80.0,3.0,3.585,2.26,1.214,9.29,0.0,2,spiral_T1_9,late_T8_11,9.16,0.87,4.053097345132744,66.2,0.30942208618302114,1,-1.4637334295697428,-1.7384920425144372,0.08455482281458913,0.08276797829036635,-0.018817595820133193,-0.22110651344145826,0.05737096795903302,0.3350650343312291,0.4632747060009431,False,True,False,not applicable,False,0.2398397067596643,0.4731360432832934,0.7,0.9849541615815928,79.9572577474382,,4999.999999999995,2163.835946236772,-0.12820967166971403,0.6077870345204496,1.8208579894397
UGC07125,nfw,0.001,outer_holdout,True,13,3,9,19.8,5.9,1,90.0,3.0,2.712,3.38,4.629,23.04,65.2,1,spiral_T1_9,late_T8_11,18.68,1.44,5.5266272189349115,61.5,0.4483119317793022,0,3.205216250881913,2.887571965399843,0.049882735467817206,0.049462365591397855,0.04919523196792142,0.9888717361812533,1.0099819395142757,-0.03748767351675339,-0.05602366941816949,True,False,False,not applicable,False,1.022438563545805,0.4910363531093582,0.7,0.6953339633878661,89.9999999999707,,17.534600487842646,134.10088814202456,0.0185359959014161,0.7424601716164199,1.7888751157754168
UGC07151,nfw,0.001,outer_holdout,True,11,3,6,6.87,0.34,2,90.0,3.0,2.284,1.25,0.616,6.39,73.5,1,spiral_T1_9,spiral_T1_7,5.5,0.5,4.4,67.2,0.3329463804370862,0,4.0491026349535275,4.381560774801642,0.04398599767293767,0.04427586206896552,0.05444980671107182,1.2405366592636635,1.5621764917669285,0.3035459868424005,0.24363893794442815,True,False,False,not applicable,False,1.4919303113451643,0.7049576625518931,0.7,1.012185073086378,89.99999999994141,,16.773102812149055,190.5258772944097,0.059907048897972326,0.6434526764861874,1.8273692730538253
UGC07323,nfw,0.001,outer_holdout,True,10,2,8,8.0,2.4,1,47.0,3.0,4.109,2.26,0.722,7.14,0.0,1,spiral_T1_9,late_T8_11,5.82,0.58,2.5752212389380533,62.5,0.3757392656325991,0,-2.170487884660851,-2.170487884660851,0.04597470540430719,0.04597470540430719,-0.025795534452356893,-0.5608495825997031,0.31474599592985797,0.3316630319193501,0.311137973397341,False,True,False,not applicable,False,0.3014479926197331,0.4664715969499224,0.7,1.0179696770688471,47.0594207233022,,4999.999999999995,2740.856623740116,0.020525058522009088,0.4108145455024876,1.7958800173440752
UGC07399,nfw,0.001,outer_holdout,True,10,2,8,8.43,2.53,1,55.0,3.0,1.156,1.64,0.745,7.85,103.0,1,spiral_T1_9,late_T8_11,6.13,0.61,3.7378048780487805,93.4,0.10772522061740031,0,-0.4936575221056998,-0.4936575221056998,0.046841454478842276,0.046841454478842276,-0.004611623650167637,-0.09829008776023912,0.03756126518722264,0.12383603479715206,0.273907248877561,False,False,False,not applicable,False,0.1761318365970292,0.4801277643858005,0.7,0.9616532812833744,54.90963717216762,,5.68817170877602,223.89936978079052,-0.15007121408040897,0.5726166264707172,1.9703468762300933
UGC07524,nfw,0.001,outer_holdout,True,31,7,9,4.74,0.24,2,46.0,3.0,2.436,3.46,1.779,12.11,79.5,1,spiral_T1_9,late_T8_11,10.69,0.35,3.0895953757225434,70.2,0.2648692110047727,0,5.430544561097038,4.712177319965932,0.04224419142501462,0.04221668742216688,0.06752018922588256,1.6598363110120649,3.4543547264371797,0.3843720837772344,0.16322396722719865,False,False,False,not applicable,False,0.2818661068983264,0.4685796176329075,0.7,0.998603635369096,45.834030886451295,,36.93033771377042,243.6960832593085,0.22114811655003577,0.4899016064160014,1.8463371121298053
UGC07577,nfw,0.001,outer_holdout,True,9,2,10,2.59,0.13,2,63.0,3.0,0.045,0.9,0.044,2.07,0.0,2,irregular_T10_11,late_T8_11,1.69,0.19,1.8777777777777778,10.7,0.6283380799810133,1,-3.2579810219452616,-3.2579810219452616,0.18873047841141966,0.18873047841141966,-0.19051744294304634,-1.0277542655978744,1.161471735239571,-0.10209772125520505,1.0023128445965936,False,False,False,not applicable,False,0.0145148694732447,0.4983317033165342,0.7,0.999936836421988,62.99598628972024,,1.5731469493250407,12.184550301701746,-1.1044105658517986,0.2736441951743487,1.0293837776852097
UGC07603,nfw,0.001,outer_holdout,True,12,3,7,4.7,1.41,1,78.0,3.0,0.376,0.53,0.258,4.37,61.6,1,spiral_T1_9,spiral_T1_7,4.11,0.34,7.754716981132075,60.25,0.13732082370150345,0,6.333910873775778,6.220139954235961,0.046007045263905026,0.04587301587301588,0.10059973315110839,2.1916646622061515,4.902440236779492,0.3716050511205751,0.21721447661984408,False,False,False,not applicable,False,0.1909106467675383,0.4784966919471923,0.7,1.0358425904767496,78.0274813356027,,32.636399155563616,292.3275522697127,0.15439057450073104,0.8895659522752801,1.779957051246906
UGC08286,nfw,0.001,outer_holdout,True,17,4,6,6.5,0.21,2,90.0,3.0,1.255,1.05,0.642,8.07,82.4,1,spiral_T1_9,spiral_T1_7,8.04,0.47,7.657142857142856,79.3,0.15096830726675842,0,0.6633296641019761,0.7412521126269311,0.023955304790420594,0.02395240499357444,0.007917724113465807,0.3303448694142941,0.1399963109678607,0.09334236801513915,0.06609657020885785,True,False,False,not applicable,False,1.042626382361313,0.6356713566635469,0.7,1.0040048431957949,89.99999999988282,,5.555455235188069,169.71879865567982,0.027245797806281294,0.8840667496785131,1.8992731873176039
UGC08490,nfw,0.001,outer_holdout,True,30,6,9,4.65,0.53,2,50.0,3.0,1.017,0.67,0.72,7.8,78.6,1,spiral_T1_9,late_T8_11,10.15,0.34,15.149253731343283,78.5,0.12881128674338999,0,0.8639745430350748,0.8509238666902661,0.047544862704096746,0.04755154639175258,0.011174982131539467,0.23413944255693084,0.07223583342512062,-0.0835334122421466,-0.09711035129065844,False,False,False,not applicable,False,0.0314771936878848,0.5036371106176472,0.7,0.9994380292709686,49.98859893974069,,3.279526845829285,159.11477676916024,0.013576939048511844,1.1803912395484053,1.8948696567452525
UGC08550,nfw,0.001,outer_holdout,True,11,3,7,6.7,2.0,1,90.0,3.0,0.289,0.45,0.288,5.59,56.9,1,spiral_T1_9,spiral_T1_7,5.36,0.49,11.911111111111111,51.6,0.16223941297927502,0,0.9643216644151688,1.5129449636453884,0.03614698263892444,0.034904013961605584,0.016826499323162897,0.4970421123664907,0.6451373395991858,0.23727106518145194,-0.02725535751500591,True,False,False,not applicable,False,0.5096730503877074,0.5534653970244582,0.7,1.1521412090709573,89.99999999976562,,5.467259301990481,121.86250410671936,0.2645264226964579,1.0759522759174263,1.7126497016272113
UGC08699,nfw,0.001,outer_holdout,True,41,9,2,39.3,9.82,1,73.0,9.0,50.302,3.09,3.738,19.05,182.4,2,spiral_T1_9,spiral_T1_7,25.7,0.22,8.31715210355987,184.0,0.37627120585364277,1,-4.1540811548771455,-1.8940975000416813,0.031855544279108076,0.03463276836158192,-0.0227934522103125,-0.664162053195484,1.7237598002497618,-0.11425524236348288,-0.003013161443096242,False,False,False,not applicable,False,1.2452800710126215,0.6660364716204179,0.5813791191332504,1.1100035481852952,74.53029873159046,,14.70676717671815,307.7408383682303,-0.11124208092038664,0.9199746439064599,2.2648178230095364
UGC08837,nfw,0.001,outer_holdout,True,8,2,10,7.21,0.36,2,80.0,5.0,0.501,1.72,0.32,4.75,0.0,2,irregular_T10_11,late_T8_11,4.2,0.52,2.4418604651162794,31.7,0.3679550297458085,1,-8.800941857501453,-8.800941857501453,0.06504828326180256,0.06504828326180256,-0.1862592234139387,-2.859942746460457,8.187058603882239,0.4662308915899003,0.22395454854037516,False,True,False,not applicable,False,0.2769863938160927,0.4960544958581083,0.7,1.0138301112030226,80.79533150053366,,4999.999999999995,1293.370032385512,0.2422763430495251,0.38772084349035163,1.5010592622177514
UGC09037,nfw,0.001,outer_holdout,True,22,5,6,83.6,8.4,1,65.0,5.0,68.614,4.28,19.078,39.72,152.3,2,spiral_T1_9,spiral_T1_7,27.96,2.43,6.5327102803738315,147.0,0.4319028865034747,1,20.906799651757307,20.682655693852126,0.08940179801534784,0.08933333333333333,0.1406588621073015,1.5583103514694652,2.4385149404767494,0.2909545744055666,-0.3006119024640184,False,False,False,not applicable,False,2.5940813720910816,0.2751451533242422,0.7,0.8842364691019142,59.86350129328911,,102.76491671671296,506.7659008480036,0.591566476869585,0.8150933980604718,2.167317334748176
UGC09133,nfw,0.001,outer_holdout,True,68,14,2,57.1,11.4,1,53.0,6.0,282.926,6.97,33.428,60.35,226.8,1,spiral_T1_9,spiral_T1_7,108.31,0.32,15.53945480631277,279.0,0.23580249890422966,0,18.89718764712905,21.156904324748538,0.012392814798643279,0.013127753303964757,0.08359170305961704,9.546064249244269,144.9631988317391,0.10321025817268503,-0.12225861669749806,False,False,False,not applicable,False,2.849257536611577,0.707968017424577,0.3632221178558301,1.213317072556023,58.08246294934541,,199.31407516973343,587.5223414655421,0.22546887487018308,1.1914357777362312,2.4456042032735974
UGC11455,nfw,0.001,outer_holdout,True,36,8,6,78.6,11.8,1,90.0,1.0,374.322,5.93,13.335,43.44,269.4,1,spiral_T1_9,spiral_T1_7,41.93,0.62,7.070826306913997,262.5,0.4795965716731458,0,31.195923162907206,29.080452637624234,0.023936067527881473,0.022876800157822057,0.11613957484985132,4.866723246334557,24.86208429569065,0.129525490855206,0.004967860275470333,True,True,False,not applicable,False,0.110256553115252,0.4874760001898395,0.7,0.9834474894814252,89.9999999999967,,4999.999999990989,4227.121626447652,0.12455763057973568,0.8494701690393056,2.4191293077419758
UGC11557,nfw,0.001,outer_holdout,True,12,3,8,24.2,6.05,1,30.0,10.0,12.101,2.75,2.605,16.66,0.0,2,spiral_T1_9,late_T8_11,10.56,0.33,3.8400000000000003,64.9,0.7069414367911382,1,2.988540789873852,3.7719207244812765,0.08239507865009744,0.08210784313725492,0.03621770399809457,0.44605086416027645,0.24391643975435115,0.2848377265130268,0.19433114475703797,False,True,False,not applicable,False,0.8444483223018056,0.4668048811490445,0.7,0.9362019119035466,21.555516776981943,,4999.999999931472,2352.729625913433,0.09050658175598883,0.5843312243675308,1.8122446968003694
UGC11820,nfw,0.001,outer_holdout,True,10,2,9,18.1,5.43,1,45.0,10.0,0.97,2.08,1.977,12.99,0.0,1,spiral_T1_9,late_T8_11,15.82,0.26,7.605769230769231,51.875,0.22462527073954858,0,-4.171784049320443,-4.171784049320443,0.012248376371999818,0.012248376371999818,-0.05011673131817293,-4.117377219325201,16.962077966702005,0.06905635948287467,0.20811378774694256,False,False,False,not applicable,False,0.6101033299501772,0.5354006624899506,0.7,1.167049904360929,51.10103329950177,,13.975421796191709,146.41739964851416,-0.1390574282640679,0.8811431441988962,1.7149581097201492
UGC11914,nfw,0.001,outer_holdout,True,65,13,2,16.9,5.1,1,31.0,5.0,150.028,2.44,0.888,9.26,288.1,1,spiral_T1_9,spiral_T1_7,9.83,0.28,4.028688524590164,288.0,0.6263765522730962,0,-9.115955970327871,-2.661106947698272,0.02896761950510017,0.028056537102473498,-0.030845324832208885,-2.873360803615235,29.205252014516226,-0.16233208179310013,0.14680534225150813,False,False,False,not applicable,False,0.5866439851248796,0.4555334714038224,0.8012396609873702,1.0716178796326488,32.169229567031174,,7.573200882484001,350.65230832354075,-0.30913742404460826,0.6051636914934062,2.459392487759231
UGC12506,nfw,0.001,outer_holdout,True,31,7,6,100.6,10.1,1,86.0,4.0,139.571,7.38,35.556,59.01,234.0,2,spiral_T1_9,spiral_T1_7,49.99,0.82,6.773712737127371,238.0,0.23453830465152922,1,5.052225751534069,3.8586759553444665,0.06329973802423053,0.05879828326180257,0.022197950721570343,0.4019755783618414,0.25280856462808604,-0.05574378368496185,-0.18167940223551438,False,False,False,not applicable,False,0.4206953748005308,0.4538375926271522,0.7,0.9880261258299056,85.95362888987003,,10.935338684685773,464.9053177071317,0.12593561855055252,0.8308267749295487,2.376576957056512
UGC12632,nfw,0.001,outer_holdout,True,15,3,9,9.77,2.93,1,46.0,3.0,1.301,2.42,1.744,12.6,71.7,1,spiral_T1_9,late_T8_11,10.66,0.71,4.404958677685951,65.5,0.23331639518552516,0,1.738936432397826,1.9400070526737778,0.03921455063571708,0.038493150684931504,0.02379666617247488,0.6163727702016065,0.47393272695566385,0.18126543284077898,-0.009906464206273858,False,False,False,not applicable,False,0.1299546359838103,0.5061776611730111,0.7,0.9610269106005564,45.87309827542033,,9.773300745618927,149.929293140377,0.19117189704705284,0.6439418387101222,1.816241299991783
UGC12732,nfw,0.001,outer_holdout,True,16,4,9,13.2,4.0,1,39.0,6.0,1.667,1.98,3.66,17.41,0.0,1,spiral_T1_9,late_T8_11,15.4,0.96,7.777777777777778,79.8,0.20854321549181762,0,-1.9853549360892124,-1.9554916446055586,0.03544335741741987,0.035151417302857674,-0.02043077979405017,-0.6252507700388175,0.8138996531098042,0.26440760444470235,0.5405791683944547,False,False,False,not applicable,False,0.0464767045870884,0.5053795621299803,0.7,0.9898601100780476,38.8293428419109,,12.340930489064286,180.03861989910706,-0.2761715639497524,0.8908555305749319,1.9020028913507294
UGCA442,nfw,0.001,outer_holdout,True,8,2,9,4.35,0.22,2,64.0,7.0,0.14,1.18,0.263,4.37,56.4,1,spiral_T1_9,late_T8_11,6.33,0.42,5.364406779661017,51.9,0.126702775349912,0,4.328683485715587,4.328683485715587,0.03023318124751202,0.03023318124751202,0.07620683671239567,5.447753741812204,52.00501588603052,0.3686630189618236,-0.15775939663274577,False,True,False,not applicable,False,0.0846840615808287,0.4903448272284578,0.7,1.0015110668799436,64.48306087334328,,4999.999999999995,2401.357081726603,0.5264224155945694,0.7295217027112297,1.7151673578484579
UGCA444,nfw,0.001,outer_holdout,True,36,8,10,0.98,0.05,2,78.0,4.0,0.012,0.83,0.067,2.08,37.0,2,irregular_T10_11,late_T8_11,2.62,0.12,3.1566265060240966,27.85,0.2168806326598016,1,-0.9747626168463706,-0.7587411668829702,0.15086615265107622,0.1426242781021665,-0.025990640568503816,-0.15371305297320184,0.048453150910461554,0.2902810964287406,0.5462010636563984,False,True,False,not applicable,False,0.0200270837061699,0.4994570574339612,0.7,1.001021789985009,78.04646022697786,,4999.999990972558,2032.6160009284104,-0.2559199672276578,0.49922319894367156,1.4448251995097476
CamB,variable_core,0.001,fullfit_outer_third,False,9,3,10,3.36,0.26,2,65.0,5.0,0.075,0.47,0.012,1.21,0.0,2,irregular_T10_11,late_T8_11,1.79,0.16,3.808510638297873,10.9,0.6791787131519273,1,-0.8567628793808032,-0.454184203341768,0.0886511320946289,0.08928571428571429,-0.04281691872481402,-0.5711752529205355,0.8397121960440925,0.4575581460787462,0.817011099445087,False,False,True,upper,True,1.7069660646025815,0.3374997052443503,0.7,0.9148630218444902,57.87129982716864,1000.0,13.87108683407282,198.0794327632455,-0.3594529533663408,0.5807551730441758,1.0374264979406236
D512-2,variable_core,0.001,fullfit_outer_third,False,4,2,10,15.2,4.56,1,56.0,10.0,0.325,1.24,0.081,0.0,0.0,2,irregular_T10_11,late_T8_11,3.83,0.96,3.088709677419355,34.7,0.20002368178903496,1,-0.46592563305064516,-0.46592563305064516,0.13960411237906972,0.13960411237906972,-0.012720606650216324,-0.09683541398566536,0.010252625634512031,-0.11398415649680704,-0.12477953887937837,False,False,True,lower,False,0.0046155819945901,0.5001696264373517,0.7,1.001384674598377,56.03622500588888,2.582573148006068e-17,1.117332137123537,42.470420797963456,0.010795382382571328,0.4897770888063877,1.5403294747908738
D564-8,variable_core,0.001,fullfit_outer_third,False,6,2,10,8.79,0.28,2,63.0,7.0,0.033,0.61,0.029,0.0,0.0,2,irregular_T10_11,late_T8_11,3.07,0.51,5.032786885245901,20.85,0.13517368798611112,1,-0.0807673786028591,-0.0807673786028591,0.080375,0.080375,-0.003150984038892138,-0.03742368807796362,0.00915050237588578,0.14588820759452747,0.22470372879858577,False,False,True,lower,False,0.0003243177431933,0.4999626629340823,0.7,0.9999991694491374,62.99928634528793,1.4547360186339852e-14,1.3026832997116713,30.014924756151625,-0.0788155212040583,0.7018085404664194,1.3191060593097763
D631-7,variable_core,0.001,fullfit_outer_third,False,16,6,10,7.72,0.18,2,59.0,3.0,0.196,0.7,0.29,0.0,57.7,1,irregular_T10_11,late_T8_11,7.19,0.45,10.271428571428572,47.2,0.11610138710516488,0,0.03401162943967032,-0.36363977635854994,0.05850156776774009,0.06175725910314952,0.0004890126089114327,-0.042376702787746974,0.08870531540361355,0.2349870454908308,0.11466348860659234,False,False,False,none,False,0.8465724172801194,0.4114459223670162,0.7,0.9946811711615016,57.01575326589597,5.155515549432741,1.1415142803462903,24.17912691104244,0.12032355688423846,1.0116308503686258,1.6739419986340878
DDO064,variable_core,0.001,fullfit_outer_third,False,14,5,10,6.8,2.04,1,60.0,5.0,0.157,0.69,0.211,3.49,46.1,1,irregular_T10_11,late_T8_11,2.98,0.1,4.3188405797101455,37.9,0.2719541304946145,0,0.06378094533126415,0.29512574445820405,0.12572301430796207,0.09978401727861771,0.0014127076255071528,0.016121262954855803,0.03410617795073258,0.03245745439716307,0.027555362826052053,False,False,False,none,False,0.030703639269482,0.4981719214846888,0.7,1.0092110917808446,60.05193120787623,3.949858431901727,0.431448392503622,20.06052474386278,0.004902091571111017,0.635367173339,1.5786392099680724
DDO154,variable_core,0.001,fullfit_outer_third,False,12,4,10,4.04,0.2,2,64.0,3.0,0.053,0.37,0.275,4.96,47.0,2,irregular_T10_11,late_T8_11,5.92,0.49,16.0,43.3,0.13060439321894962,1,-0.292671729907525,-0.41210895684349325,0.015529151941253419,0.013608032634767231,-0.005949075124152551,-0.6996657496386314,1.0681759977060943,-0.07506438186629114,-0.138898837153254,False,False,True,lower,False,1.5559396893985615,0.7154247711810098,0.7,1.011818104532441,64.72379639295067,1.436076569408199e-18,1.947861545346184,56.43354373265937,0.06383445528696285,1.2041199826559248,1.6364878963533653
DDO161,variable_core,0.001,fullfit_outer_third,False,31,11,10,7.5,2.25,1,70.0,10.0,0.548,1.22,1.378,10.69,66.3,1,irregular_T10_11,late_T8_11,13.37,0.6,10.959016393442623,55.0,0.2561627792319553,0,0.26975436107176554,-0.0018576646226904359,0.02414716385837138,0.019818456883509836,0.004322564539149861,0.15621033161440348,0.17718629951305648,0.07118479695411449,0.1262649861337618,False,False,True,lower,False,0.5832187896959439,0.5718628486449903,0.7,1.0919412281132528,71.31670881850258,2.5079070007237186e-18,5.425994469176516,75.20992096204135,-0.05508018917964731,1.0397715765872362,1.7403626894942439
DDO168,variable_core,0.001,fullfit_outer_third,False,10,4,10,4.25,0.21,2,63.0,6.0,0.191,1.02,0.413,4.3,53.4,2,irregular_T10_11,late_T8_11,4.12,0.41,4.03921568627451,48.0,0.2305924264245383,1,0.712749646452826,0.21774891323959622,0.042414928409798915,0.04280026542800266,0.013617940750223167,0.24870377048559053,0.2765701223556101,0.119207153387156,-0.0313637713623182,False,False,False,none,False,1.473394391722971,0.4502497255019374,0.7,0.975626131779352,54.159633649662176,7.242407259412172,0.5076609675425542,18.305214278107368,0.1505709247494742,0.606297044271217,1.6812412373755872
DDO170,variable_core,0.001,fullfit_outer_third,False,8,3,10,15.4,4.62,1,66.0,7.0,0.543,1.95,0.735,9.14,60.0,2,irregular_T10_11,late_T8_11,12.33,1.87,6.323076923076923,57.1,0.23484281944444443,1,0.15545408386321213,0.934907159909443,0.019360940045173518,0.020338983050847456,0.0035374135018299765,-0.07977628798413001,6.044720351874098,-0.18599593638854056,0.18838540714954563,False,False,True,lower,False,0.8680951223996485,0.6106319394499785,0.7,0.958013609185468,65.65408548203104,1.7742923541723758e-29,3.673875669642453,70.10396855642662,-0.37438134353808616,0.8009284652332136,1.7566361082458481
ESO079-G014,variable_core,0.001,fullfit_outer_third,False,15,5,4,28.7,7.17,1,79.0,5.0,51.733,5.08,3.14,17.67,175.0,1,spiral_T1_9,spiral_T1_7,16.67,0.41,3.2814960629921264,132.0,0.3315464506122449,0,0.8738789310325898,1.5342256668817527,0.014151935454080172,0.012598870056497175,0.005272885022865913,0.30851108514063336,0.9024392200388919,0.12559064639752926,0.17377785834650536,False,False,True,lower,False,0.4451444745797101,0.4630245659121395,0.7,0.888791432657264,78.72446412920108,1.0934102601135452e-16,5.784581127693776,197.35072005345964,-0.0481872119489761,0.5160718875440862,2.12057393120585
ESO116-G012,variable_core,0.001,fullfit_outer_third,False,15,5,7,13.0,3.9,1,74.0,3.0,4.292,1.51,1.083,9.58,109.1,1,spiral_T1_9,spiral_T1_7,9.86,0.25,6.52980132450331,102.0,0.2002782636141739,0,-0.4779168528391097,0.6822718802463612,0.02422276562872893,0.019444444444444445,-0.004147584767922219,0.005240805732222386,0.2859805780595957,-0.016957651920322413,0.09813323947856283,False,False,True,lower,False,0.9833803859057636,0.6226668638406132,0.7,1.2950141157717292,74.37302353401637,3.524375367967793e-14,3.2297436120113723,120.30251806932708,-0.11509089139888523,0.8148999676480417,2.0086001717619175
ESO444-G084,variable_core,0.001,fullfit_outer_third,False,7,3,10,4.83,0.48,2,32.0,6.0,0.071,0.46,0.135,2.95,0.0,2,irregular_T10_11,late_T8_11,4.44,0.26,9.652173913043478,52.8,0.08843471610730333,1,-0.37012428303728245,-0.3204013884491914,0.06413322379951274,0.05362068965517241,-0.0051638890873495534,-0.010242499953463177,0.1551721399348047,0.02134941036544215,0.12669041610969467,False,False,True,lower,False,1.5230646283536478,0.6661071565325632,0.7,1.059229822051973,41.13838777012189,3.968957801564375e-22,1.3983089195327671,74.93081871785637,-0.10534100574425252,0.9846251384330458,1.7226339225338123
ESO563-G021,variable_core,0.001,fullfit_outer_third,False,30,10,4,60.8,9.1,1,83.0,3.0,311.177,5.45,24.298,55.71,314.6,1,spiral_T1_9,spiral_T1_7,42.41,0.45,7.7816513761467885,310.5,0.2624532912705312,0,-16.581156884658572,-19.4472952190971,0.03256555088719564,0.02833213141025641,-0.05219809954787922,-1.8226507731922557,9.341582540551862,-0.43919395733547484,0.0428535015931636,False,False,True,lower,False,3.691686651006265,0.213698433806106,0.7,0.8724665063117129,82.8029288097892,9.632640080114465e-24,6.92660632120457,433.4181044693735,-0.48204745892863843,0.8910717701830672,2.492061604512599
F565-V2,variable_core,0.001,fullfit_outer_third,False,7,3,10,51.8,10.4,1,60.0,10.0,0.559,2.17,0.699,7.31,0.0,2,irregular_T10_11,late_T8_11,8.8,1.26,4.055299539170507,68.5,0.13169340579615704,1,0.40079985028374665,1.176515950742541,0.07704484293966692,0.07220216606498195,0.005973618649376219,0.06663306289149461,0.06235871782045261,0.24165095293880526,0.36551142419418853,False,False,True,lower,False,0.0025630866047928,0.4997050008083553,0.7,1.0000877875395644,60.0043887159884,3.3365977567939386e-19,3.517441468688673,97.96552807382392,-0.12386047125538327,0.6080229383016391,1.8356905714924256
F568-3,variable_core,0.001,fullfit_outer_third,False,18,6,7,82.4,8.24,1,40.0,10.0,8.346,4.99,3.195,16.14,0.0,1,spiral_T1_9,spiral_T1_7,17.98,0.64,3.603206412825651,83.9,0.22469191106035866,0,-0.27508185699110044,4.208881859928752,0.10456582810834412,0.1,0.006594432412971932,0.09749161921251366,1.2547183643766118,-0.06453897098771304,0.35819607470240467,False,False,True,lower,False,0.3914209061732549,0.4775421687106957,0.7,0.9917594254987556,36.08579093826745,1.5590149985983416e-18,4.323441394586725,129.04246083219903,-0.4227350456901177,0.55668914177382,1.9237619608287002
F568-V1,variable_core,0.001,fullfit_outer_third,False,15,5,7,80.6,8.06,1,40.0,10.0,3.825,2.85,2.491,14.38,112.3,1,spiral_T1_9,spiral_T1_7,17.63,0.39,6.185964912280701,111.0,0.1326219548980178,0,-4.217026750646792,1.8079174006542331,0.1527850361825538,0.12372881355932203,-0.03518193964770106,-0.32027334694694,0.6611951511730428,-0.3000604692929564,0.07839643254339186,False,False,True,lower,False,0.4737649529244943,0.5091057300260314,0.7,1.0132724807261495,44.73764952924494,1.5881064592372278e-17,2.6759103888477007,142.00811768788623,-0.3784569018363482,0.7914074522908118,2.0453229787866576
F571-8,variable_core,0.001,fullfit_outer_third,False,13,5,5,53.3,10.7,1,85.0,5.0,10.164,3.56,1.782,24.55,139.7,1,spiral_T1_9,spiral_T1_7,15.55,0.22,4.367977528089888,105.0,0.13552480932784639,0,0.23783155674590545,1.2435217146242366,0.03193282071201982,0.03225806451612903,0.00200116571929577,0.10387430101106063,0.35737729328631956,0.21075770649234302,0.23397192268390624,False,False,True,lower,False,2.1192803539630094,0.3626676548253533,0.7,0.5745534749079888,84.489334722366,2.960409816468629e-18,4.866888022839283,181.5079024604803,-0.02321421619156322,0.6402803953899812,2.0211892990699383
F571-V1,variable_core,0.001,fullfit_outer_third,False,7,3,7,80.1,8.0,1,30.0,10.0,1.849,2.47,1.217,10.1,83.6,2,spiral_T1_9,spiral_T1_7,13.59,1.95,5.502024291497976,77.0,0.19307411957239085,1,-0.00504127145174967,0.27316402723548094,0.07180511891509139,0.07151370679380215,3.31991840956195e-05,-0.0008402119086249512,0.04873052422677184,-0.06170897148767183,0.05233148695419144,False,False,True,lower,False,0.0607192098927341,0.5038999231233121,0.7,1.0010253970937,30.607192098927342,2.0974396457835484e-18,4.347383941682775,97.99137881767636,-0.11404045844186327,0.7405225034728286,1.8864907251724818
F574-1,variable_core,0.001,fullfit_outer_third,False,14,5,7,96.8,9.68,1,65.0,10.0,6.537,4.46,3.524,16.19,97.8,1,spiral_T1_9,spiral_T1_7,12.6,0.47,2.8251121076233185,90.95,0.19377821817272864,0,-1.850039169051135,-1.9254698696754957,0.04664344570748506,0.04569055036344757,-0.018507101757499533,-0.3840366630629425,0.38297699191679646,-0.0918520318066889,0.10115070158190652,False,False,True,lower,False,0.732666519066554,0.5918840764583344,0.7,1.0444004473739752,70.6761104358491,1.5019051573937022e-18,3.096534262548882,113.1542966199986,-0.19300273338859542,0.4510356864054211,1.9588027033995024
F583-1,variable_core,0.001,fullfit_outer_third,False,25,9,9,35.4,8.85,1,63.0,5.0,0.986,2.36,2.126,15.65,85.8,1,spiral_T1_9,late_T8_11,16.26,0.26,6.889830508474577,59.4,0.11657047545509146,0,1.2360002300663981,3.029436144825695,0.10870258922698933,0.08174386920980926,0.018499005371115453,0.14823975217614457,0.34153628210214143,0.0788883769231441,0.18232378476016586,False,False,True,lower,False,0.4592624210187651,0.5162542421660077,0.7,1.1148156052546914,63.87644711227024,1.1017872843480844e-16,3.498975374389425,101.44554506779782,-0.10343540783702176,0.8382085382879428,1.7737864449811935
F583-4,variable_core,0.001,fullfit_outer_third,False,12,4,5,53.3,10.7,1,55.0,10.0,1.715,1.93,0.641,7.8,0.0,1,spiral_T1_9,spiral_T1_7,7.29,0.22,3.77720207253886,58.5,0.2146088087198342,0,-0.7672697161851048,-0.4821770283972526,0.07087626518707604,0.07150840486409156,-0.009962032468343162,-0.12837582022190494,0.31529844457318373,0.10087918240595707,0.5228685369609894,False,False,True,lower,False,0.8380513702471315,0.6064222694322461,0.7,1.135446266200724,62.06373810506621,5.139186988749748e-30,2.777382917802236,69.37312885694675,-0.4219893545550324,0.5771702193102008,1.7671558660821804
IC2574,variable_core,0.001,fullfit_outer_third,False,34,12,9,3.91,0.2,2,75.0,7.0,1.016,2.78,1.036,10.81,66.4,2,spiral_T1_9,late_T8_11,10.23,0.85,3.679856115107914,43.65,0.22640774467626615,1,0.26665196663507845,0.3094405455852822,0.08339867303930902,0.07516197075033226,0.005464902880948902,-0.11688606714098558,0.26598911627023025,0.6407752253706025,0.6135379193102374,False,False,True,lower,False,2.0749030798064645,0.8062325210193783,0.7,1.0330315353534216,79.23938083667973,8.496642033543745e-11,8.886913461773561,102.69925631022444,0.02723730606036512,0.5658308377940839,1.6399842480415885
IC4202,variable_core,0.001,fullfit_outer_third,False,32,11,4,100.4,10.0,1,90.0,1.0,179.749,4.78,12.326,32.13,242.6,1,spiral_T1_9,spiral_T1_7,25.9,0.77,5.418410041841003,240.5,0.4458680655702384,0,-18.156501974301825,-16.21463998408879,0.04870497154877851,0.040160642570281124,-0.07450163350659961,-2.3003590815415844,11.091978611861983,-0.3937995308394847,-0.03148247305406154,True,False,False,none,False,5.999999999999999,1.4362808112412362,0.1758320502056706,0.7936793864897982,89.99999999999218,766.7895111686067,0.077075824791968,5.556052973086685,-0.36231705778542317,0.7338718674691329,2.3811150807098507
KK98-251,variable_core,0.001,fullfit_outer_third,False,15,5,10,6.8,2.04,1,59.0,5.0,0.085,1.34,0.115,2.9,33.7,2,irregular_T10_11,late_T8_11,3.13,0.25,2.335820895522388,21.8,0.34459562836388274,1,-0.5646482415176329,-0.0608209886921145,0.060739870868698996,0.060060060060060066,-0.018110892117990097,-0.28232412075881647,0.3198136174948083,0.377174913309972,0.22532995416377408,False,False,False,none,False,0.0577616987760974,0.4933939665799282,0.7,1.004491918387031,59.026261584767184,4.068334342493129,0.6049376602259494,14.061865170378695,0.15184495914619792,0.3684395391816408,1.3384564936046048
NGC0024,variable_core,0.001,fullfit_outer_third,False,29,10,5,7.3,0.36,2,64.0,3.0,3.889,1.34,0.676,7.29,106.3,1,spiral_T1_9,spiral_T1_7,11.27,0.21,8.410447761194028,92.4,0.23735984365446766,0,-1.4746101003063743,-1.3697550864809784,0.06720080387571986,0.08067027632561613,-0.013847200144803323,-0.1409556377372516,0.05384443023637444,0.03241121911002213,0.01596328156698412,False,False,True,lower,False,5.519173868260738,1.7819166718173018,0.7,1.0557133487641668,67.19470658900728,1.738921308348193e-13,6.739555094290224,131.0662467221192,0.01644793754303801,0.9248191176812989,1.9656719712201067
NGC0055,variable_core,0.001,fullfit_outer_third,False,21,7,9,2.11,0.11,2,77.0,3.0,4.628,6.11,1.565,10.24,85.6,2,spiral_T1_9,late_T8_11,13.5,1.23,2.20949263502455,82.4,0.3066324672563132,1,0.789356003387078,0.6915059592976718,0.058079417678656924,0.06358381502890173,0.009241432708293165,0.11427126271405466,0.06791476226822733,-0.05297130433647508,0.02802649297001847,False,False,False,none,False,0.2135873855603054,0.476004727268247,0.7,0.9972832620053588,76.9272788214589,0.0845712259642744,4.385446101178298,92.07542563380764,-0.08099779730649355,0.34429255825245186,1.9159272116971158
NGC0100,variable_core,0.001,fullfit_outer_third,False,21,7,6,13.5,4.05,1,89.0,1.0,3.232,1.66,1.99,16.36,88.1,1,spiral_T1_9,spiral_T1_7,9.62,0.23,5.795180722891566,77.8,0.16738598530612242,0,-1.0146438849632144,-0.7633940239706902,0.08343908529498825,0.06422764227642278,-0.010749646757586533,-0.07340144363540392,0.15538231211959455,0.032806406503150615,0.3030330137219761,False,False,True,lower,False,0.4428717653514163,0.5451667516425508,0.7,1.132861529605425,89.00101780328342,2.6195051624261862e-24,3.483740139181665,100.2438547180341,-0.2702266072188255,0.7630669839977579,1.890979596989689
NGC0247,variable_core,0.001,fullfit_outer_third,False,26,9,7,3.7,0.19,2,74.0,3.0,7.332,3.74,1.746,12.79,104.9,2,spiral_T1_9,spiral_T1_7,14.54,1.08,3.887700534759358,88.9,0.25259502040816323,1,-4.228874576355761,-3.6845448430347005,0.08331488314682182,0.08476190476190476,-0.04005237133639447,-0.4906854040463852,0.2865816561327683,0.03118760084501246,0.15693897040393234,True,False,True,upper,True,6.0,1.9905358527674863,0.7,1.1119068773536946,77.33206526638675,999.980872624856,32.34117250963161,215.1620070966575,-0.12575136955891988,0.5896928043225388,1.9489017609702137
NGC0289,variable_core,0.001,fullfit_outer_third,False,28,10,4,20.8,5.2,1,46.0,5.0,72.065,6.74,27.469,49.51,163.0,2,spiral_T1_9,spiral_T1_7,71.12,1.5,10.55192878338279,175.0,0.2353007261095904,1,-1.7765555054533677,-1.468353862855892,0.05320092897102609,0.05052645095017977,-0.010098487365673287,-0.1363235027652802,0.38817083819162884,-0.31374333818691613,-0.2702269549959189,False,False,True,lower,False,1.1650586354678152,0.6538465971896561,0.7,1.2726421718978664,50.05697928206328,3.0978050514665855e-13,17.904242983752233,176.87199375892672,-0.04351638319099721,1.0233318514268375,2.2430380486862944
NGC0300,variable_core,0.001,fullfit_outer_third,False,25,9,7,2.08,0.1,2,42.0,10.0,2.922,1.75,0.936,9.2,93.3,2,spiral_T1_9,spiral_T1_7,11.8,0.91,6.742857142857143,88.2,0.14859433958186558,1,1.272768625089728,0.22337728143747881,0.07876301635841854,0.07790821771611525,0.014353159779507506,0.19138063494387964,0.5615424221272227,-0.09664135798225315,0.09023635217368768,False,False,True,lower,False,1.9309610843240612,0.779948833311834,0.7,1.0140901454912834,56.35903825472653,4.425539447300354e-17,4.307731006522227,102.78945522049747,-0.18687771015594085,0.828843958619831,1.9454685851318196
NGC0801,variable_core,0.001,fullfit_outer_third,False,13,5,5,80.7,8.07,1,80.0,1.0,312.57,8.72,23.201,44.99,220.1,1,spiral_T1_9,spiral_T1_7,59.82,1.17,6.860091743119265,219.0,0.44167279456721115,0,0.9039039998171517,1.2068469872056937,0.02085453331964662,0.01872146118721461,0.004142917069716974,0.2532321879724556,0.2889364036206374,-0.07182216703306255,-0.045936807257302634,False,False,True,lower,False,1.076477401316599,0.640645447677885,0.7,1.0423044639924606,80.02706462326927,3.756296517140855e-14,26.70216142717499,205.01223780513612,-0.02588535977575991,0.8363299237627321,2.3404441148401185
NGC0891,variable_core,0.001,fullfit_outer_third,False,18,6,3,9.91,0.5,2,90.0,1.0,138.34,2.55,4.462,18.16,216.1,1,spiral_T1_9,spiral_T1_7,17.11,0.92,6.709803921568628,222.5,0.549237392179311,0,-0.9531455793278999,-1.0645827477414116,0.016178220883835217,0.0166371181088923,-0.004619927328232863,-0.0929862611628981,0.5157928245321957,-0.2765018066776623,-0.17831346983983906,True,False,True,lower,False,2.723203772028054,0.2670850794737139,0.6682868037464336,0.9658869832523552,89.99999999999952,2.321210885457438e-14,4.633292173169296,230.390153359596,-0.09818833683782321,0.8267098291071451,2.3473300153169503
NGC1003,variable_core,0.001,fullfit_outer_third,False,36,12,6,11.4,3.42,1,67.0,5.0,6.82,1.61,5.88,33.33,109.8,1,spiral_T1_9,spiral_T1_7,30.24,1.25,18.782608695652172,103.5,0.11659439354440493,0,-0.18463949449396821,-0.22488360747026093,0.024769231628052748,0.02333467417538214,-0.001456970524128135,-0.11183208559100268,0.28727156787147473,0.16427501322931445,0.21940640939635384,False,False,True,lower,False,2.200156687712873,0.6377383787545764,0.7,1.660047006313862,70.71702397524211,2.0016128533813642e-13,11.484381874116965,127.5132235033409,-0.05513139616703938,1.273755910797319,2.0149403497929366
NGC1090,variable_core,0.001,fullfit_outer_third,False,24,8,4,37.0,9.25,1,64.0,3.0,72.045,3.53,8.783,30.49,164.4,1,spiral_T1_9,spiral_T1_7,30.09,0.35,8.524079320113314,165.0,0.34270975108654694,0,-0.2296582243073395,-0.054436323927674835,0.014477983600059904,0.013765432098765433,-0.0013962093436713074,-0.1051836639615445,0.07611008665547539,-0.0883737868766376,-0.08870953558715274,False,False,True,lower,False,1.0682505664773094,0.6394330225325652,0.7,1.1235691035701412,64.335335534865,2.95605339874758e-13,11.273164451016813,155.22147138196772,0.00033574871051512967,0.9306474823522579,2.2174839442139063
NGC2403,variable_core,0.001,fullfit_outer_third,False,73,25,6,3.16,0.16,2,63.0,3.0,10.041,1.39,3.199,15.11,131.2,1,spiral_T1_9,spiral_T1_7,20.87,0.16,15.014388489208635,114.0,0.2004949237023836,0,-6.145317085388394,-5.355658110524047,0.024124533446095473,0.02015748031496063,-0.04539717662947134,-1.3273968765447486,27.370860780821307,-0.14980621774893502,0.07693923806344007,False,False,True,lower,False,2.757785802652714,0.9435145125563552,0.7,0.9762516641166876,61.45486436297352,3.2098887017632526e-17,5.148659090922745,141.91248877368537,-0.2267454558123751,1.176507648811359,2.0569048513364727
NGC2683,variable_core,0.001,fullfit_outer_third,False,11,4,3,9.81,0.49,2,80.0,5.0,80.415,2.18,1.406,13.79,154.0,2,spiral_T1_9,spiral_T1_7,34.62,2.89,15.880733944954127,172.0,0.25418338475200797,1,-2.3540128690725197,-8.112510216824106,0.06828824859360536,0.06559139784946236,-0.014333393736919404,-0.1897606030806493,1.3296441530374088,-0.4432105436291436,0.031962132262654985,False,False,True,lower,False,1.2647595594763543,0.669030566693573,0.714449458872904,1.0141259363178985,80.81061253543461,9.777378830412548e-21,6.874493180827934,174.59169917616458,-0.47517267589179857,1.2008705699347701,2.2355284469075487
NGC2841,variable_core,0.001,fullfit_outer_third,False,50,17,3,14.1,1.4,3,76.0,10.0,188.121,3.64,9.775,45.12,284.8,1,spiral_T1_9,spiral_T1_7,63.64,3.44,17.483516483516482,301.0,0.18115576613796608,0,-2.694917687296488,-4.6567032628198035,0.015529846321860682,0.014982332155477033,-0.008795619535267748,-0.16095024790850476,5.009473886166413,-0.027123639051442543,0.02673314518284668,False,False,True,lower,False,3.815031536511157,1.2035749993134457,0.7215838935690249,1.1467624765716262,83.15416765978625,4.748175016942005e-25,21.76375504610787,298.8181858411253,-0.05385678423428922,1.242628787325488,2.4785664955938436
NGC2903,variable_core,0.001,fullfit_outer_third,False,34,12,4,6.6,1.98,1,66.0,3.0,81.863,2.33,2.552,13.76,184.6,1,spiral_T1_9,spiral_T1_7,24.96,0.32,10.71244635193133,189.5,0.29820008400292186,0,-1.8871850095999558,-2.106610376907156,0.020870186246914644,0.01671425910981439,-0.010806105112003332,-0.43399642771986763,2.2747495929402173,-0.30567308621021,-0.11460111298878303,False,False,True,lower,False,0.7314520102029222,0.5917185786260859,0.7,0.8278782514944423,65.77620540350863,4.469840559510651e-16,5.938892327162661,204.57194804918305,-0.19107197322142697,1.0298886599843673,2.2776092143040914
NGC2915,variable_core,0.001,fullfit_outer_third,False,30,10,11,4.06,0.2,2,56.0,4.0,0.641,0.55,0.508,7.16,83.5,2,irregular_T10_11,late_T8_11,10.04,0.34,18.25454545454545,81.15,0.0764037753062881,1,-1.8082410610053443,-1.350131876773922,0.07780715391200387,0.0773958777952209,-0.01950884454231187,-0.3226247150118394,1.072447587505309,-0.32610236993946323,0.2892863892314673,False,False,True,lower,False,0.4711737684311641,0.4485931395212084,0.7,0.9975332584086128,55.61240516854146,6.231989590007529e-16,2.145958160847496,109.92282678250577,-0.6153887591709306,1.2613710233147566,1.9092885241622508
NGC2955,variable_core,0.001,fullfit_outer_third,False,24,8,3,97.9,9.8,1,56.0,7.0,319.422,18.76,28.949,40.34,0.0,1,spiral_T1_9,spiral_T1_7,35.43,0.75,1.8885927505330489,255.5,0.5584935718233018,0,0.8630474747291927,0.21385023920366564,0.04783691038284563,0.04805670029842262,0.0031871944646115107,0.027691398249536495,0.12433138402224536,-0.197063816556193,-0.20107103737611234,False,False,False,none,False,1.9625634952338973,0.3182098763495739,0.9513531761136792,0.9715301609983944,52.358815187127945,3.285942844064376,4.082613564505263,114.96859387158852,0.004007220819919333,0.2761383182901315,2.4073909044707316
NGC2976,variable_core,0.001,fullfit_outer_third,False,27,9,5,3.58,0.18,2,61.0,10.0,3.371,1.01,0.172,3.04,85.4,2,spiral_T1_9,spiral_T1_7,2.27,0.11,2.2475247524752477,49.2,0.5898784583113941,1,0.26197133804326556,0.5772575998792462,0.053193980538409534,0.05439330543933054,0.0033858532574213584,0.04521574974491289,0.08918400161309165,0.4412132930145129,0.4363889332625294,False,False,False,none,False,0.2259348751535736,0.4746533133261927,0.7,0.9978430622499568,59.23056319361248,3.3285035625020747,0.5535451019642444,36.36869436722538,0.004824359751983476,0.35170448341048016,1.6919651027673603
NGC2998,variable_core,0.001,fullfit_outer_third,False,13,5,5,68.1,10.2,1,58.0,2.0,150.902,6.2,23.451,43.58,209.9,1,spiral_T1_9,spiral_T1_7,42.28,0.33,6.819354838709677,206.0,0.34193970772994775,0,-0.3667138497334861,-0.45748815077470795,0.011397593856186859,0.009389671361502348,-0.0017100218717366594,-0.13281875940617738,0.2990798691005544,-0.05214453536442253,-0.058924524618240944,False,False,False,none,False,1.8572247005639155,0.7668183100504165,0.7,1.1547307448307462,58.67674561013088,38.98778595485171,2.2213512980336114,23.053523808017204,0.006779989253818411,0.8337432891371348,2.3138672203691533
NGC3109,variable_core,0.001,fullfit_outer_third,False,25,9,9,1.33,0.07,2,70.0,5.0,0.194,1.56,0.477,6.0,66.2,1,spiral_T1_9,late_T8_11,6.45,0.26,4.134615384615385,50.6,0.10808169534354384,0,-0.3608827916268196,-0.651001761405773,0.04271681745990967,0.04503105590062111,-0.004568048064959178,-0.0680899876986373,0.2382619762325619,0.25677318982218617,0.4170770076097215,False,False,True,lower,False,0.2493819248114769,0.5295514930078659,0.7,1.0026387698675496,70.29845786478855,1.8444513655266225e-17,2.636138982611727,79.86534000021396,-0.16030381778753533,0.6164351162808062,1.7041505168397992
NGC3198,variable_core,0.001,fullfit_outer_third,False,43,15,5,13.8,1.4,3,73.0,3.0,38.279,3.14,10.869,35.66,150.1,1,spiral_T1_9,spiral_T1_7,44.08,0.32,14.038216560509554,146.0,0.23196221382998686,0,-0.10039488255569419,0.006061340130344206,0.014246256303626609,0.013422818791946308,-0.0005419554071442017,0.146461816052233,4.536521166008458,-0.08561274692924548,-0.034062814474634856,False,False,True,lower,False,1.8284421858691813,0.7617530870855457,0.7,1.1640448959499174,74.60499840482356,1.816439728422197e-17,11.35162302465464,161.85483339861142,-0.05154993245461062,1.1473119377705137,2.164352855784437
NGC3521,variable_core,0.001,fullfit_outer_third,False,41,14,4,7.7,2.3,1,75.0,5.0,84.836,2.4,4.154,18.85,213.7,1,spiral_T1_9,spiral_T1_7,17.74,0.51,7.391666666666667,213.0,0.6675563224126786,0,-2.5812293904100687,-2.52882131716666,0.08253827994830819,0.0877314814814815,-0.012104857078633065,-0.159276360981326,0.0910307130998571,-0.0321812498973899,-0.03588324180988464,False,False,False,none,False,0.3306828156983849,0.53139062174378,0.7,1.0987753865073098,75.27890479105115,1.870279285538425,4.540215688840931,116.70117025973194,0.003701991912494741,0.8687423737841016,2.3283796034387376
NGC3726,variable_core,0.001,fullfit_outer_third,False,12,4,5,18.0,2.5,4,53.0,2.0,70.234,3.4,6.473,22.2,168.0,2,spiral_T1_9,spiral_T1_7,32.52,3.5,9.564705882352943,159.0,0.26180609751099576,1,-0.8799771759093744,-1.0758125600865043,0.06196193847151668,0.06290856579318117,-0.005186675562269203,-0.10512527403270924,0.06898581362145971,0.19341087872161658,0.16526084128880522,False,False,True,lower,False,0.8898047735235147,0.6136920279329976,0.7,1.0523628055803549,53.29732891227406,1.4254364978619287e-10,23.1410176238973,225.289683297444,0.02815003743281136,0.9806716198797755,2.2013971243204513
NGC3741,variable_core,0.001,fullfit_outer_third,False,21,7,10,3.21,0.17,2,70.0,4.0,0.028,0.2,0.182,4.2,50.1,1,irregular_T10_11,late_T8_11,7.0,0.23,35.0,36.5,0.08112721999999999,0,-0.3622653715751016,-0.7818937628772034,0.050390165686264275,0.04796573875802998,-0.005737733731518188,-0.07117230359265961,0.5140130816325771,0.03675404524353294,0.2606590719417613,False,False,True,lower,False,2.8898795575655387,0.972653065951534,0.7,1.0432449142952784,72.78374732556577,3.1022786142427333e-19,2.196694178101752,60.59962208262415,-0.22390502669822837,1.5440680443502757,1.5622928644564746
NGC3769,variable_core,0.001,fullfit_outer_third,False,12,4,3,18.0,2.5,4,70.0,2.0,18.679,3.38,5.529,22.57,118.6,2,spiral_T1_9,spiral_T1_7,37.16,1.74,10.994082840236686,118.0,0.16445895862183707,1,-3.2923743011609687,-6.455739053608518,0.09748590794955578,0.09052797360131994,-0.02865894586361102,-0.3750685958591676,0.3941886368455336,-0.23371379086183205,-0.06809543912706072,False,False,True,lower,False,0.5088276851487055,0.5487515984285622,0.7,1.0706705118262092,70.1972059530445,1.8322334127043806e-23,7.647317319892168,146.60682869320007,-0.16561835173477135,1.0411590050439494,2.0718820073061255
NGC3877,variable_core,0.001,fullfit_outer_third,False,13,5,5,18.0,2.5,4,76.0,1.0,72.535,2.53,1.483,11.47,168.4,2,spiral_T1_9,spiral_T1_7,11.35,0.87,4.486166007905139,162.0,0.7102281327684605,1,-2.475125363898786,-1.6284604182939404,0.03272408367478622,0.03136094674556213,-0.014593442004280876,-0.3653378181645988,0.7334581785295858,-0.22457103087737326,-0.004298535685343285,False,False,True,lower,False,1.6386753070463411,0.3428486736069711,0.7,0.8408015958908068,75.93933572731721,6.559627598859829e-16,2.5616069932313072,176.56244037832306,-0.22027249519203,0.6518753403533236,2.2095150145426308
NGC3893,variable_core,0.001,fullfit_outer_third,False,10,4,5,18.0,2.5,4,49.0,2.0,58.525,2.38,5.799,20.84,174.0,1,spiral_T1_9,spiral_T1_7,19.05,1.74,8.004201680672269,182.5,0.3342177117214111,0,-3.237351887808046,-2.589395273563113,0.0657903007469064,0.06843416708989333,-0.018459194805529364,-0.27783273299526984,0.09810480564507247,-0.33117160794766126,-0.2828363615293573,False,False,True,lower,False,0.1406092684924847,0.5164531506264223,0.7,1.0024888013704438,49.0156893280973,7.061762224326088e-18,4.68593259457092,188.6696974964377,-0.048335246418303945,0.9033180229551262,2.2612628687924934
NGC3917,variable_core,0.001,fullfit_outer_third,False,17,6,6,18.0,2.5,4,79.0,2.0,21.966,2.63,1.888,14.08,135.9,1,spiral_T1_9,spiral_T1_7,14.86,0.87,5.650190114068441,134.0,0.31395441152965,0,-3.2992774615432716,-2.7082809822658334,0.03405049076649596,0.030983589087809037,-0.02398132960299436,-0.4938631849395296,1.0795921654852252,-0.2822038118358429,0.024512401586324135,False,False,True,lower,False,0.7629301340550282,0.4194469018542409,0.7,0.9460905532362732,78.92775791472143,3.962390760741217e-15,3.756997598160387,154.2605231993154,-0.30671621342216704,0.7520630609347986,2.1271047983648077
NGC3949,variable_core,0.001,fullfit_outer_third,False,7,3,4,18.0,2.5,4,55.0,2.0,38.067,3.59,3.371,13.72,163.0,2,spiral_T1_9,spiral_T1_7,7.07,1.74,1.9693593314763234,157.0,0.5717210523415978,1,-1.7386080966338493,-1.3025843515643487,0.09114158231215086,0.06787878787878787,-0.010523222027670046,-0.14133396070879986,0.027968179110560414,0.15550482366485677,0.16187798501325934,False,False,True,upper,True,0.197903758604447,0.5233116223525835,0.7,1.0143598961982343,55.07362571247366,1000.0,7.565198697161425,212.175848978786,-0.006373161348402573,0.2943249652185803,2.1958996524092336
NGC3953,variable_core,0.001,fullfit_outer_third,False,8,3,4,18.0,2.5,4,62.0,1.0,141.301,4.89,2.832,17.38,220.8,1,spiral_T1_9,spiral_T1_7,15.68,3.5,3.206543967280164,219.5,0.5688839644451532,0,-4.444591689038295,-6.372585851889511,0.03323422733886546,0.027354260089686097,-0.020406890443961816,-0.5395562037963688,0.7216316585157564,-0.3606213255431097,-0.14095338643207594,False,False,True,lower,False,0.490728160424749,0.559812794952643,0.7,1.0499394470349754,62.05034216581304,2.9979020140324075e-17,3.545005760773813,166.45480995954838,-0.21966793911103377,0.5060371992247994,2.34143452457814
NGC3972,variable_core,0.001,fullfit_outer_third,False,10,4,4,18.0,2.5,4,77.0,1.0,14.353,2.18,1.214,10.05,132.7,1,spiral_T1_9,spiral_T1_7,8.72,0.87,4.0,113.0,0.3368280611870436,0,-0.7644998439138071,-1.6009631783292093,0.0369654774905958,0.03616976095134086,-0.004507136348012248,-0.0614570487395214,1.2053170703094096,-0.05461992045534409,0.2473368676840608,False,False,True,lower,False,0.1748886497582834,0.5205457071918513,0.7,1.0154073958164485,77.00653273543934,6.80618266318956e-26,3.0224728702146457,135.2089325032671,-0.3019567881394049,0.6020599913279624,2.0530784434834195
NGC3992,variable_core,0.001,fullfit_outer_third,False,9,3,4,23.7,2.3,5,56.0,2.0,226.932,4.96,16.599,32.75,241.0,1,spiral_T1_9,spiral_T1_7,46.02,9.19,9.278225806451614,248.0,0.2588026617999001,0,-0.29288729297004085,-0.16232623760660658,0.027911457461823875,0.025726141078838177,-0.0012084533165534425,-0.051348171715813164,0.007340789861593976,-0.12254008075504604,-0.12792307558032004,False,False,True,lower,False,2.8650853102728644,0.9671159265837684,0.7,1.1067110666654465,57.13132590888382,1.4518470919774387e-11,23.855611476150145,229.83816722600235,0.005382994825274004,0.9674649378424272,2.3944516808262164
NGC4010,variable_core,0.001,fullfit_outer_third,False,12,4,7,18.0,2.5,4,89.0,1.0,17.193,2.81,2.832,17.59,125.8,2,spiral_T1_9,spiral_T1_7,10.47,0.87,3.725978647686833,109.5,0.36410069459969785,1,0.05595650445070888,0.528421345120698,0.03819715235217737,0.03984618201794543,0.0006391435923327608,0.014049913980171474,0.12369853001899624,-0.11019518852928673,-0.19880033900197142,False,False,False,none,False,0.4609851558666847,0.4496467810852726,0.7,0.9591231287453372,88.99876007151211,8.26454160622458,1.1444611200332468,35.612962533667066,0.08860515047268469,0.5712403617737625,2.0394141191761372
NGC4013,variable_core,0.001,fullfit_outer_third,False,36,12,3,18.0,2.5,4,89.0,1.0,79.094,3.53,2.967,31.35,172.9,2,spiral_T1_9,spiral_T1_7,31.01,5.49,8.784702549575071,178.0,0.24156643395061728,1,-0.027825705376820054,-0.6576982117711623,0.032738718947565415,0.028818683143977144,0.00020896061822372734,-0.039841140129523216,0.25931839370405513,0.1072029878092238,0.06631422727884584,False,False,True,lower,False,0.7376037737660064,0.5861823419333584,0.8013627206249447,1.102444968578612,89.0035549361987,3.1387502093259853e-15,15.28167606951136,203.08440210992276,0.04088876053037796,0.9437270608495039,2.250420002308894
NGC4051,variable_core,0.001,fullfit_outer_third,False,7,3,4,18.0,2.5,4,49.0,3.0,95.268,4.65,2.697,15.13,157.0,2,spiral_T1_9,spiral_T1_7,12.19,1.74,2.6215053763440856,153.0,0.7461619518468544,1,-2.2955431738055645,-0.9186151729471987,0.04813412409320338,0.048051948051948054,-0.015322248644249643,-0.1521806666962324,0.4040018827334051,-0.3896757127545192,-0.1551729592520432,False,False,True,upper,False,0.1864213268218811,0.4789915716838695,0.7,0.9898096608779638,48.856479298406505,999.9926526923942,0.078070602518392,3.0022151933328827,-0.23450275350247599,0.41855075272842795,2.184691430817599
NGC4068,variable_core,0.001,fullfit_outer_third,False,6,2,10,4.37,0.22,2,44.0,6.0,0.236,0.59,0.154,3.18,0.0,2,irregular_T10_11,late_T8_11,2.33,0.21,3.9491525423728815,26.45,0.41044406069414885,1,0.030814179552727694,0.030814179552727694,0.08291898700609918,0.08291898700609918,0.0014594238385111972,0.07783856450488379,0.02563785768874556,0.6748895359975711,0.763549261625086,False,False,False,none,False,0.120199663097641,0.4863512518001675,0.7,0.9988180416196804,43.38058692261175,1.9970776965178445,1.8928319273915284,48.59567302265028,-0.0886597256275149,0.5965039093838748,1.4224256763712047
NGC4085,variable_core,0.001,fullfit_outer_third,False,7,3,5,18.0,2.5,4,82.0,2.0,21.724,1.65,1.349,10.16,131.5,2,spiral_T1_9,spiral_T1_7,6.2,0.87,3.757575757575758,127.0,0.6700300554016622,1,0.34588111136965455,2.1871360658549577,0.04197955295478515,0.03769230769230769,0.0029759874724789304,0.17358275266631454,0.2771072034208472,-0.01187384821595632,0.1358221231953595,False,False,False,none,False,1.591352031639324,0.3466049822599811,0.7,0.8392948944621031,81.86036466628619,1.5634329807887637,1.5750601630086374,82.39012819414388,-0.14769597141131582,0.5749077452843476,2.103803720955957
NGC4088,variable_core,0.001,fullfit_outer_third,False,12,4,4,18.0,2.5,4,69.0,2.0,107.286,2.58,8.226,22.25,171.7,1,spiral_T1_9,spiral_T1_7,21.48,1.74,8.325581395348838,171.0,0.6009229994319083,0,0.0007167809174717377,-0.828649336841778,0.04105486908231917,0.03999384236453202,0.00018939143082002713,0.03806212440176132,0.08719875040495965,0.09380696866765632,0.13458965771773598,False,False,True,lower,False,0.3568387317861514,0.4605599095521357,0.7,0.9720788837536788,68.92428987523054,2.1206255344385068e-11,22.380189916424573,263.65178558413186,-0.04078268905007966,0.9204145710642879,2.2329961103921536
NGC4100,variable_core,0.001,fullfit_outer_third,False,24,8,4,18.0,2.5,4,73.0,2.0,59.394,2.15,3.102,18.06,158.2,1,spiral_T1_9,spiral_T1_7,22.76,2.61,10.586046511627908,178.5,0.3063761352878611,0,-0.9811994344672179,-1.0422300490307919,0.044706812652690206,0.0439873417721519,-0.005167339106061598,-0.11884186808271684,0.36736519931677153,-0.39601860866229643,-0.43028446840540185,False,False,True,lower,False,1.324909840399807,0.6783611822153375,0.7,1.099373581203794,73.23817153617274,3.1037130584175797e-15,5.880334459605867,165.31207742451184,0.03426585974310542,1.0247337978074282,2.251638220448212
NGC4138,variable_core,0.001,fullfit_outer_third,False,7,3,0,18.0,2.5,4,53.0,3.0,44.111,1.51,1.483,18.58,147.3,2,S0_T0,S0_T0,18.58,2.61,12.304635761589402,162.0,0.32976230181868665,1,-8.57077744971618,-9.019442964923371,0.1093252013449058,0.12176870748299319,-0.05717185594284702,-0.34050950536653396,0.5240954445131989,-0.4811806463210228,0.10462123207630013,False,False,True,lower,False,0.1812492012325757,0.479678438743276,0.6797950144760114,0.974826499828809,52.69549457530425,6.712584135817227e-17,2.8796325044837894,183.1326584531167,-0.5858018783973229,1.0900687623644534,2.2095150145426308
NGC4157,variable_core,0.001,fullfit_outer_third,False,17,6,3,18.0,2.5,4,82.0,3.0,105.62,2.32,8.226,24.09,184.7,1,spiral_T1_9,spiral_T1_7,29.61,1.74,12.76293103448276,185.0,0.3445311366921031,0,-0.5047525995091698,-0.40577037468403887,0.054715978595568406,0.05510752688172043,-0.0027163886704183286,-0.04320604896563147,0.005201302806083393,0.0020043314644606594,0.017469791947177266,False,False,True,lower,False,0.3831122010921721,0.5461113773376348,0.6421089357678704,1.0001091899637895,82.00024961265414,7.641245125523679e-16,13.34338866158291,199.44627846883927,-0.015465460482716607,1.1059504224983996,2.2671717284030137
NGC4183,variable_core,0.001,fullfit_outer_third,False,23,8,6,18.0,2.5,4,82.0,2.0,10.838,2.79,3.506,16.07,110.6,1,spiral_T1_9,spiral_T1_7,21.02,0.87,7.534050179211469,109.0,0.24187166578330843,0,-0.3264672308156733,-0.2968665415184262,0.058339706468791275,0.047727084883048186,-0.0029148427057713337,-0.05151837510981794,0.035460264165720234,0.09571836929416265,0.08655046204250465,False,False,True,lower,False,4.144028138637338,1.2982933069605962,0.7,1.2683653814501283,82.3317269003388,2.5877585662393787e-09,22.03161736427533,170.29533330256308,0.009167907251658003,0.8770285084186259,2.037426497940624
NGC4217,variable_core,0.001,fullfit_outer_third,False,19,7,3,18.0,2.5,4,86.0,2.0,85.299,2.94,2.562,16.7,181.3,1,spiral_T1_9,spiral_T1_7,16.72,0.87,5.687074829931973,179.0,0.5874801832027714,0,-1.2530580838141654,0.20081893379384042,0.04260450565016867,0.03826815642458101,-0.0071182238457145565,-0.09127185378493885,0.1078301404483355,-0.284049850090461,-0.17536791938545898,False,False,True,lower,False,3.066342864373261,0.4875121553166506,0.3668630025108131,0.5741190466148247,85.87227807188643,1.227860883684957e-19,4.21613620574135,214.92025405560275,-0.10868193070500204,0.7548889426908403,2.2528530309798933
NGC4559,variable_core,0.001,fullfit_outer_third,False,32,11,6,9.0,2.7,1,67.0,1.0,19.377,2.1,5.811,21.16,121.2,1,spiral_T1_9,spiral_T1_7,20.97,0.67,9.985714285714284,119.5,0.33695148481590975,0,0.08224448732710114,-0.25931881948113755,0.04613882943850025,0.0468595041322314,0.0006675145998181092,0.011179140369493808,0.020572019756680302,-0.10528258179475229,-0.09809829348981777,False,False,False,none,False,0.5857976747484891,0.5623493593774481,0.7,1.1757393024245468,67.03396109287063,3.1475341610187124,3.3485528208203506,52.36185342015951,-0.007184288304934519,0.9993791357314245,2.0773679052841563
NGC5005,variable_core,0.001,fullfit_outer_third,False,18,6,4,16.9,1.5,5,68.0,2.0,178.72,9.45,1.28,10.41,262.2,1,spiral_T1_9,spiral_T1_7,11.47,0.49,1.2137566137566138,260.0,0.682692169642958,0,0.8169611988111759,2.2861943609193247,0.08355393558223746,0.08355345911949685,0.0030950286743257702,0.036486043625347075,0.026662074379782113,-0.05812045717527334,0.0012803334131806995,False,False,True,lower,False,0.7526505851485656,0.5209562162016883,0.5886172447519299,0.977453876645575,67.84092691881136,2.9571993047169946e-14,4.83433358828084,212.5431956431037,-0.05940079058845404,0.08413160939200474,2.4149733479708178
NGC5033,variable_core,0.001,fullfit_outer_third,False,22,8,5,15.7,4.7,1,66.0,1.0,110.509,5.16,11.314,29.53,194.2,1,spiral_T1_9,spiral_T1_7,44.59,0.76,8.641472868217054,217.5,0.2624681385547809,0,-2.7673609117199867,-1.6608645961143793,0.017049702977050066,0.015584520725388601,-0.014022464096733564,-0.5246571661140964,3.7388667857396496,-0.4035652764597157,-0.22361727752488253,False,False,True,lower,False,2.0944131034907576,0.8098625464202949,0.4667853870319748,0.9600487972042994,65.99334699280216,1.6313375442447002e-16,9.53583196012838,226.88622781105352,-0.17994799893483315,0.9365877707223959,2.337459261290656
NGC5055,variable_core,0.001,fullfit_outer_third,False,28,10,4,9.9,0.3,2,55.0,6.0,152.922,3.2,11.722,35.06,179.0,1,spiral_T1_9,spiral_T1_7,54.59,0.72,17.059375,189.0,0.30148861265080507,0,0.781579228012049,0.4328510258764453,0.01908510540475273,0.0180933346176074,0.0036764322658463995,0.6446962569731427,15.24739914457217,-0.29389683111294584,-0.08263506663396482,False,False,True,lower,False,3.132356951423199,0.3346117614581437,0.7,1.0452087116160294,73.7941417085392,6.1421774418729536e-27,11.662972849590838,203.38532189269657,-0.21126176447898104,1.2319631159860553,2.2764618041732443
NGC5371,variable_core,0.001,fullfit_outer_third,False,19,7,4,39.7,9.92,1,53.0,2.0,340.393,7.44,11.18,30.03,209.5,1,spiral_T1_9,spiral_T1_7,46.24,1.45,6.21505376344086,215.0,0.5646984860392011,0,-2.1689794117684107,-1.8660419022895098,0.018244829677478546,0.019138755980861243,-0.010241844345285798,-0.3218424220550939,1.6764299906028535,-0.2328162809738899,-0.11221494018718622,False,False,True,upper,True,2.353967587027337,0.8597392674963781,0.7,0.7810405000361198,52.70897888508411,999.9999287502228,43.12432241186633,211.17118592480088,-0.12060134078670368,0.7934448898665939,2.3324384599156054
NGC5585,variable_core,0.001,fullfit_outer_third,False,24,8,7,7.06,2.12,1,51.0,2.0,2.943,1.53,1.683,10.92,90.3,1,spiral_T1_9,spiral_T1_7,10.96,0.09,7.163398692810458,68.69999999999999,0.21595699061500612,0,0.08734874048389152,0.24718708544570944,0.025822612088564928,0.029259104023705556,0.0009842377948548436,0.023647357328161533,0.04474609214811246,0.004814508606265538,0.021500575291354587,False,False,False,none,False,0.50358504576346,0.5614725243360599,0.7,1.1338984684157334,51.189092008852825,0.7375921616843537,2.828802582908102,79.41859250796452,-0.016686066685089047,0.8551191233307516,1.8369567370595503
NGC5907,variable_core,0.001,fullfit_outer_third,False,19,7,5,17.3,0.9,2,88.0,2.0,175.425,5.34,21.025,0.0,215.0,1,spiral_T1_9,spiral_T1_7,50.33,5.03,9.425093632958802,218.0,0.2854637785065158,0,-0.017612827332486956,-1.0143681169120953,0.014619038872243386,0.013888888888888888,2.900799522188944e-05,0.1726638569057983,1.2763344177474276,-0.02626992208549272,0.03855080285540475,False,False,True,lower,False,2.858461479201805,0.965642011977665,0.7,1.0312288965105554,88.0563761855187,5.420584373200593e-13,26.92883384839131,220.7150460347372,-0.06482072494089747,0.9742856733685831,2.3384564936046046
NGC5985,variable_core,0.001,fullfit_outer_third,False,33,11,3,39.7,9.9,1,60.0,2.0,208.728,7.01,11.586,39.5,293.6,1,spiral_T1_9,spiral_T1_7,34.72,3.54,4.9529243937232525,291.0,0.27124533215296626,0,-2.124581849545879,-2.8011434160731596,0.015244266210500833,0.013888888888888888,-0.007136822928019915,-0.44962191757437897,1.3566970714489808,-0.033044863238769,-0.02614661196852798,False,False,False,none,True,4.721144056013527,0.7910765957781718,2.075928759717974,1.829359958037018,61.82477625038816,998.0807941184094,27.327208646461493,215.98239437257865,-0.006898251270241018,0.6948616985377957,2.4638929889859074
NGC6015,variable_core,0.001,fullfit_outer_third,False,44,15,6,17.0,5.1,1,60.0,2.0,32.129,2.3,5.834,21.43,154.1,2,spiral_T1_9,spiral_T1_7,29.23,0.34,12.708695652173914,152.0,0.20998834752909432,1,-1.6100026745402733,-1.016406483634853,0.03903009067061294,0.03795180722891566,-0.00913502834153356,-0.26607848087319635,1.048509931121156,-0.03884730190613545,-0.1752652489012261,False,False,False,none,False,2.1359588911111063,0.81764708625696,0.7,1.317727988399492,60.36945603857063,4.199330710186568,4.751349384755313,60.53626908804243,0.13641794699509066,1.1041009793398435,2.1818435879447726
NGC6195,variable_core,0.001,fullfit_outer_third,False,23,8,3,127.8,12.8,1,62.0,5.0,391.076,13.94,20.907,40.89,251.7,1,spiral_T1_9,spiral_T1_7,36.43,1.33,2.6133428981348636,247.0,0.688132100245497,0,0.08927749806684204,-0.11978754962620997,0.03021996464061704,0.02656990134138371,0.000427915065111026,0.05273731932934182,0.12958358549476862,-0.03613592535690167,-0.03355465654286811,False,False,True,lower,False,1.0228494218219115,0.3950800155170809,0.7905370490161632,0.9850579266266796,61.29894692897451,1.7856800139133412e-17,15.00702946545472,235.6589150578909,-0.0025812688140335605,0.41719639747992526,2.392696953259666
NGC6503,variable_core,0.001,fullfit_outer_third,False,31,11,6,6.26,0.31,2,74.0,2.0,12.845,2.16,1.744,14.05,116.3,1,spiral_T1_9,spiral_T1_7,23.5,0.76,10.87962962962963,116.0,0.16276716824196596,0,-4.662299956212403,-4.208506792269105,0.0252233444546075,0.017391304347826087,-0.040280090503300656,-1.4754365734970265,4.293260599847671,-0.30421861837454167,0.016181861344993498,False,False,True,lower,False,1.551052724527411,0.7146201813231093,0.7,1.0116506292559688,74.19001658198141,1.591414744030944e-16,5.750292452413444,131.2036142856437,-0.32040047971953517,1.0366141111208054,2.0644579892269186
NGC6674,variable_core,0.001,fullfit_outer_third,False,15,5,3,51.2,10.2,1,54.0,6.0,214.654,6.04,32.165,50.02,241.3,1,spiral_T1_9,spiral_T1_7,72.41,2.5,11.988410596026489,242.0,0.17472055687751997,0,0.9190085094662663,1.9600475891284361,0.01241184060530898,0.00847457627118644,0.0038783943962318332,0.0629125906085426,0.9822601707761105,0.1078217026992114,0.06678730440675053,False,False,True,lower,False,2.4415608917877774,0.8772554874489504,0.7174692869711874,1.3503350045664555,61.973291128771365,8.78146599524422e-12,45.69173123913242,289.16534325172057,0.041034398292460875,1.0787616088594338,2.383815365980431
NGC6789,variable_core,0.001,fullfit_outer_third,False,4,2,11,3.52,0.18,2,43.0,7.0,0.1,0.31,0.017,0.97,0.0,2,irregular_T10_11,late_T8_11,0.71,0.1,2.290322580645161,38.3,0.12654656163302208,1,-0.42187154840135577,-0.42187154840135577,0.12171178581051378,0.12171178581051378,-0.005980890560935936,-0.01646037178590582,0.014023067419278081,0.6873163028493768,0.7775174255266631,False,False,True,lower,False,0.0255171742061678,0.502561872961352,0.7,1.0002561794698108,43.178620219443175,5.0068941121566605e-14,0.6065137940339036,97.73668211519023,-0.0902011226772863,0.35989665488480255,1.5831987739686226
NGC6946,variable_core,0.001,fullfit_outer_third,False,58,20,6,5.52,1.66,2,38.0,2.0,66.173,2.44,5.67,21.25,158.9,1,spiral_T1_9,spiral_T1_7,20.4,0.19,8.360655737704917,167.0,0.43226802557093225,0,-0.44620174298332815,0.07023881264119325,0.0708936354357135,0.0630921105007563,-0.0026095789860712624,-0.002178624122767033,0.08122015168704277,-0.2960631670140673,-0.2632018850752571,False,False,True,lower,False,0.9236691873506558,0.615579607032545,0.5658888296572255,0.9848659967427816,37.97051088646955,1.0790278497222706e-14,6.669552509781785,148.7780448107903,-0.032861281938810216,0.9222403410871692,2.2227164711475833
NGC7331,variable_core,0.001,fullfit_outer_third,False,36,12,3,14.7,1.5,3,75.0,2.0,250.631,5.02,11.067,27.01,239.0,1,spiral_T1_9,spiral_T1_7,36.31,2.67,7.2330677290836665,239.0,0.3937968770300031,0,-2.1966056263030183,-1.2021893058318511,0.018890929840452528,0.016773331457908432,-0.009152100244488724,-0.2408188360915262,0.874417614861367,-0.12821964069478603,0.01495909441891942,False,False,True,lower,False,1.178784583550888,0.5136158413368823,0.5336046207016959,0.8799056192174756,74.60995065768506,2.4100190634693047e-12,13.02414748588527,246.9149909023536,-0.14317873511370544,0.8593225317678731,2.3783979009481375
NGC7793,variable_core,0.001,fullfit_outer_third,False,46,16,7,3.61,0.18,2,47.0,9.0,7.05,1.21,0.861,7.35,0.0,1,spiral_T1_9,spiral_T1_7,7.87,0.11,6.5041322314049586,76.2,0.38746126497272737,0,-1.253982261621939,-0.4667186160265757,0.07905209472603564,0.07267187047232687,-0.009789522903349581,-0.142505419778254,0.24637810352407907,-0.09203456286269948,-0.09778945475832233,False,False,True,upper,False,0.8270633282687161,0.5908546938507725,0.7,1.0090745181227505,54.44356995441844,999.9807998707862,0.063294747193806,2.2798729943305007,0.005754891895622852,0.8131893620426145,1.8819549713396004
NGC7814,variable_core,0.001,fullfit_outer_third,False,18,6,2,14.4,0.66,2,90.0,1.0,74.529,2.54,1.07,12.15,218.9,1,spiral_T1_9,spiral_T1_7,19.53,0.63,7.6889763779527565,221.0,0.2876487837365709,0,-1.9336658762751522,-1.405576938886,0.020140186915887853,0.021588785046728974,-0.009035821851753048,-0.3183748501558753,0.8989201011826146,-0.15759452784593567,1.2252844692538907e-13,True,False,True,lower,False,3.178617000466076,1.0395172592582322,0.6508863905057425,1.0247631480829549,89.99999999999999,3.192915906647529e-33,6.724479550464309,218.46507554205425,-0.1575945278460582,0.8858685266679164,2.3443922736851106
UGC00128,variable_core,0.001,fullfit_outer_third,False,22,8,8,64.5,9.7,1,57.0,10.0,12.02,5.95,7.431,31.27,129.3,1,spiral_T1_9,late_T8_11,53.75,1.25,9.033613445378151,127.5,0.12419543667642524,0,-0.09187254190994842,0.011077049508344317,0.02097928581700921,0.015449457259158753,-0.00018601084507685085,0.2410452554962948,2.811301517174372,-0.053697963598562784,0.0318093358483769,False,False,True,lower,False,5.275621497956326,1.6847371560931328,0.7,1.560167968068571,80.22880179070913,8.817337187468551e-11,26.3886939204148,132.94928892994938,-0.08550729944693969,0.9558615028590933,2.1055101847699738
UGC00191,variable_core,0.001,fullfit_outer_third,False,9,3,9,17.1,5.1,1,45.0,5.0,2.004,1.58,1.343,10.03,0.0,1,spiral_T1_9,late_T8_11,9.98,0.62,6.3164556962025316,57.6,0.24472710607981227,0,-0.756296992434855,-0.8208093679112949,0.011467120422201658,0.0124031007751938,-0.009772855565209506,-0.5027753056229595,2.4625228664291967,0.16453829017503166,0.12924829243295302,False,False,True,lower,False,3.1355472701970672,1.0292591377689675,0.7,1.5542711927236414,51.67967648512612,2.0084176543219209e-13,6.355422036908252,76.43803010012995,0.03528999774207864,0.8004734543329485,1.760422483423212
UGC00634,variable_core,0.001,fullfit_outer_third,False,4,2,9,30.9,7.7,1,37.0,8.0,2.989,2.45,3.663,16.78,0.0,2,spiral_T1_9,late_T8_11,18.01,4.51,7.351020408163265,102.6,0.16428407044890797,1,-0.7033238019302601,-0.7033238019302601,0.015374031007751938,0.015374031007751938,-0.0065542805305703845,-0.1453885706387596,0.5052727927244681,-0.09737110535041772,-0.016140618650010635,False,False,True,lower,False,0.3827755700106122,0.54606904869967,0.7,1.062884733894516,39.8781670420108,5.328745370517573e-20,5.87225215484284,124.88213000435027,-0.08123048670040708,0.8663476284550008,2.0111473607757975
UGC00731,variable_core,0.001,fullfit_outer_third,False,12,4,10,12.5,3.75,1,57.0,3.0,0.323,2.3,1.807,11.57,73.3,1,irregular_T10_11,late_T8_11,10.91,0.91,4.743478260869566,66.35,0.24415296599595537,0,-2.724411467655898,-2.617604780485337,0.04116642405310319,0.04093733977880319,-0.03689511460143647,-0.8713859597156713,0.8505924944421277,-0.12713965580666717,0.019094499938272287,False,False,True,lower,False,2.99252205222964,0.5474706049066072,0.7,1.897756615668892,60.381049077921226,2.0306842969178392e-23,1.823730406029134,76.83630537126894,-0.14623415574493945,0.676096914570749,1.8218409272004543
UGC00891,variable_core,0.001,fullfit_outer_third,False,5,2,9,10.2,3.1,1,60.0,5.0,0.374,1.43,0.428,6.23,0.0,2,spiral_T1_9,late_T8_11,7.39,1.48,5.1678321678321675,54.15,0.159863374353806,1,-0.1485389721037116,-0.1485389721037116,0.011441005329812723,0.011441005329812723,-0.002235360342709422,-0.05243051698547971,0.22606011280068755,0.21484702797005556,0.26612999623608946,False,False,True,lower,False,0.2850413792581814,0.513290729627492,0.7,1.0866302231078786,60.50310874526498,2.9876784596939603e-19,3.4725713804299425,76.51691278377356,-0.0512829682660339,0.7133084009297639,1.733598460961339
UGC01281,variable_core,0.001,fullfit_outer_third,False,25,9,8,5.27,0.24,2,90.0,1.0,0.353,1.63,0.294,5.26,55.2,1,spiral_T1_9,late_T8_11,4.99,0.08,3.0613496932515343,37.4,0.17792381466511326,0,-16.43038098213235,-17.186870639179574,0.10202899652533787,0.07393715341959334,-0.3079919367994599,-3.632757168982579,15.377730711086034,0.022367566638799852,0.2749395828795249,True,False,True,lower,False,5.999999999999999,1.990535852767486,0.7,1.2656891304439248,89.99999968017235,1.5693389759829822e-08,0.0467705345145946,8.894395992552829,-0.25257201624072506,0.4859129412194322,1.57287160220048
UGC02259,variable_core,0.001,fullfit_outer_third,False,8,3,8,10.5,3.1,1,41.0,3.0,1.725,1.62,0.494,7.28,86.2,2,spiral_T1_9,late_T8_11,8.14,1.02,5.0246913580246915,83.25,0.1748218135692565,1,-0.7516542251598111,-0.15417948253023894,0.025607586305787466,0.026047565118912794,-0.008286028041166744,-0.20630696021686398,0.2709122059591646,0.04279660285633668,0.15882201334078364,False,False,True,upper,True,4.661490898459205,1.4625781942259504,0.7,1.844151632464548,46.35203241439084,1000.0,22.08506755611921,233.8072177685724,-0.11602541048444695,0.7011093903465703,1.9203842421783575
UGC02487,variable_core,0.001,fullfit_outer_third,False,17,6,0,69.1,10.4,1,36.0,5.0,489.955,7.89,17.963,40.2,332.0,1,S0_T0,S0_T0,80.38,9.93,10.187579214195184,364.0,0.18538000679943453,0,-9.305407280348192,-7.422087793240024,0.01919441082303169,0.008691949894077552,-0.028026466336665834,-0.6155879348483703,5.009133593079676,-0.2887813684654705,0.012208453477836985,False,False,True,lower,False,2.6183968442805816,0.9137127576581424,0.5386020899327802,1.1747657898083597,44.148152515102765,1.3323143338899098e-24,24.468792147439043,302.4881438972694,-0.3009898219433075,1.0080709986465957,2.561101383649056
UGC02885,variable_core,0.001,fullfit_outer_third,False,19,7,5,80.6,8.06,1,64.0,4.0,403.525,11.4,40.075,74.24,289.5,1,spiral_T1_9,spiral_T1_7,74.07,1.7,6.497368421052631,287.0,0.2637727538173956,0,-0.5781842073095292,0.09883085532317182,0.03365555103166577,0.03355704697986577,-0.0019187409980903646,-0.057818420730952926,0.046821949040820834,-0.014976655573711362,0.036312056080300824,False,False,True,lower,False,1.5111059437009766,0.7080771809632638,0.8999074338610673,1.0982085468478355,66.60593625025241,1.117353445813485e-15,27.99997492889421,305.6922468443792,-0.051288711654012185,0.812737493315122,2.4578818967339924
UGC02916,variable_core,0.001,fullfit_outer_third,False,43,15,2,65.4,9.8,1,50.0,5.0,124.153,6.15,23.273,34.24,182.7,2,spiral_T1_9,spiral_T1_7,38.0,0.37,6.178861788617886,211.0,0.5284761147867493,1,2.0122618756324413,1.932464939214242,0.048299808678273014,0.056906077348066304,0.009035505415928876,0.518612343796109,1.7265481357456283,-0.14504023162980553,-0.11663812130836626,True,False,True,lower,False,5.999999999999999,1.990535852767486,0.1834911711179015,1.1844067762902035,55.774297392508025,1.7669677079730376e-12,0.3549738173466829,239.3422463355286,-0.028402110321439272,0.7909084808413934,2.3242824552976926
UGC02953,variable_core,0.001,fullfit_outer_third,False,115,39,2,16.5,4.95,1,50.0,4.0,259.518,3.55,7.678,24.0,264.9,2,spiral_T1_9,spiral_T1_7,62.39,0.09,17.574647887323945,266.0,0.25860770708437164,1,-3.7342158730850064,-1.0246354077135038,0.010958766408008256,0.006959706959706959,-0.014280914998889286,-0.19408238010074066,13.359394861225597,-0.17858941388076685,-0.11044155086241755,False,False,True,lower,False,2.611865110495002,0.4960184761367009,0.3836290876496547,1.5339018884040194,53.72904326806824,2.1861012722726503e-30,14.569342875230689,274.7812615725032,-0.0681478630183493,1.2448866325752692,2.424881636631067
UGC03205,variable_core,0.001,fullfit_outer_third,False,48,16,2,50.0,10.0,1,67.0,4.0,113.642,3.19,9.677,28.6,219.6,1,spiral_T1_9,spiral_T1_7,40.04,0.28,12.551724137931034,221.0,0.3771670627882776,0,-3.367741226596758,-3.3458264980917107,0.023211674993132446,0.0185940970793912,-0.015159520871600057,-0.5674302128618961,2.141360794057661,-0.0519102611655116,-0.036100565000581744,False,False,True,lower,False,1.5512476156051451,0.6970817423483459,0.8646551281966862,1.3102495231210292,69.16052698792684,1.9748609174215727e-14,16.140471644454678,213.04237877270413,-0.015809696164929853,1.0987033857500998,2.3443922736851106
UGC03546,variable_core,0.001,fullfit_outer_third,False,30,10,1,28.7,7.2,1,55.0,5.0,101.336,3.79,2.675,18.37,196.9,1,spiral_T1_9,spiral_T1_7,29.23,0.63,7.712401055408971,204.5,0.4117708455180804,0,-4.875995635359734,-0.6968311703629979,0.025942538242124093,0.009556909299177341,-0.025447145722995036,-0.23013959333006978,1.5467155629932983,-0.23947593437093365,-0.07923382458063677,False,False,True,lower,False,1.3265105730818276,0.6786112602387938,0.530573955832954,0.910579069320137,54.18528718760536,6.141276229104505e-16,7.073923099718302,192.03527860683465,-0.16024210979029688,0.8871896053893641,2.3106933123433606
UGC03580,variable_core,0.001,fullfit_outer_third,False,47,16,1,20.7,5.2,1,63.0,4.0,13.266,2.43,4.37,19.97,126.2,2,spiral_T1_9,spiral_T1_7,27.06,0.11,11.1358024691358,91.4,0.3161361252057884,1,-1.2452729732485466,-3.7285455229520252,0.023666684713942253,0.013468396946564886,-0.01082790581899624,-0.25111041040557686,7.70729474787424,0.17235822634797598,0.1543078384759189,False,False,True,lower,False,4.750719291226261,1.2973663917612763,0.2344369760570643,0.5954623685341104,61.85969121650937,1.1962451441409627e-14,8.080601702095306,148.50382899947172,0.018050387872057094,1.0467215186632919,1.9609461957338314
UGC04278,variable_core,0.001,fullfit_outer_third,False,25,9,7,9.51,2.85,1,90.0,3.0,1.307,2.21,1.116,8.9,91.4,1,spiral_T1_9,spiral_T1_7,6.69,0.14,3.0271493212669687,53.7,0.16641184029013883,0,-0.4958268232070048,-0.9406365391519529,0.09052219243578079,0.05610098176718093,-0.007452543245185384,-0.15479138563226305,0.25312320965155405,0.8186852869635343,0.6560207926059857,True,False,False,none,False,1.1803851669274734,0.656158140257725,0.7,1.2721576036517153,89.999999999625,3.980963853461903,1.4020500020732798,38.77205160794579,0.1626644943575486,0.48103384408271244,1.7299742856995557
UGC04325,variable_core,0.001,fullfit_outer_third,False,8,3,9,9.6,2.88,1,41.0,3.0,2.026,1.86,0.678,6.61,90.9,1,spiral_T1_9,late_T8_11,5.59,0.7,3.005376344086021,89.4,0.2256648989220341,0,-2.331668441828332,-2.9621267760779944,0.03317737014582734,0.03329694323144105,-0.025348995914159723,-0.7644814563371581,1.492507957247325,-0.27560044492727065,-0.0017127028282443125,False,False,True,lower,False,0.5677179949836084,0.5178231198163322,0.7,1.1703153984950825,41.778757895388416,1.6815144372187742e-21,1.2160436199213058,107.03657474423883,-0.27388774209902633,0.4778988636685069,1.9513375187959177
UGC04483,variable_core,0.001,fullfit_outer_third,False,8,3,10,3.34,0.31,2,58.0,3.0,0.013,0.18,0.032,1.46,0.0,2,irregular_T10_11,late_T8_11,1.21,0.08,6.722222222222222,20.8,0.30536472918516494,1,-0.057558647877026914,-0.356182442846972,0.07315062960086706,0.07685589519650655,-0.0019022901245591042,-0.0459364791633168,0.07472553234899293,0.05162015084812451,0.18467328846951672,False,False,True,lower,False,0.0405626333527747,0.5046918221926318,0.7,1.00258090107687,58.05883093228248,2.045179726867489e-15,0.4063687917354856,25.79200752681109,-0.1330531376213922,0.827512865213144,1.3180633349627615
UGC04499,variable_core,0.001,fullfit_outer_third,False,9,3,8,12.5,3.75,1,50.0,3.0,1.552,1.73,1.1,8.67,72.8,1,spiral_T1_9,late_T8_11,8.18,0.91,4.728323699421965,66.9,0.2861925053369789,0,-0.6728082210465468,-0.1441304765005924,0.03625436031709959,0.03628922237380628,-0.009074618203684116,-0.25210177467650746,0.14895104328277678,-0.005748128783475791,0.08081925039467622,False,False,True,lower,False,0.3502143889763703,0.5419902116352965,0.7,1.0949285816514025,50.30120551094158,2.574953101253994e-25,2.4852147442628096,78.38935141253795,-0.086567379178152,0.6747072005425275,1.825426117767823
UGC05005,variable_core,0.001,fullfit_outer_third,False,11,4,10,53.7,10.7,1,41.0,10.0,4.1,3.2,3.093,21.61,98.9,1,irregular_T10_11,late_T8_11,28.61,0.78,8.940624999999999,72.5,0.18640914733908062,0,0.21995888345403358,0.5017486559108306,0.10112460175822863,0.10075589764622041,0.0023485371579708416,0.021995888345403364,0.038701506361824164,-0.07971620089738454,0.03909636111121067,False,False,True,lower,False,0.1865500185945565,0.5119717536363346,0.7,1.0193200372441498,42.86550018594557,8.45956466925924e-17,7.952781373434674,116.3685817491825,-0.11881256200859522,0.9513678794853566,1.8603380065709938
UGC05253,variable_core,0.001,fullfit_outer_third,False,73,25,2,22.9,5.72,1,37.0,4.0,171.582,8.07,16.396,36.64,213.7,2,spiral_T1_9,spiral_T1_7,53.29,0.13,6.603469640644361,246.0,0.3933591395251978,1,-0.29153719373613285,-1.1739574417777021,0.023403240336267176,0.01695238095238095,-0.0010936576389729907,-0.17760829479823947,1.1473385050548104,-0.06233990151665628,-0.0667285920027875,False,False,True,lower,False,0.9342240483239584,0.6200010274039573,0.592223612417703,1.1216214662543371,38.53334421130836,1.5612976402073148e-14,10.962695190809953,248.4587510943309,0.004388690486131212,0.8197721855188413,2.3909351071033793
UGC05414,variable_core,0.001,fullfit_outer_third,False,6,2,10,9.4,2.82,1,55.0,3.0,1.123,1.47,0.574,6.65,0.0,1,irregular_T10_11,late_T8_11,4.11,0.68,2.795918367346939,48.9,0.313434746410555,0,-0.03810241292405436,-0.03810241292405436,0.0413485800798275,0.0413485800798275,-0.00013788631737637544,-0.015615743001661603,0.09982742996436013,0.28197502646887956,0.42372651905355635,False,False,True,lower,False,0.1965692978724424,0.5231508486008775,0.7,1.055102840601807,55.141358364787536,1.0500945109348092e-16,1.985809037032619,65.60478789958013,-0.14175149258467679,0.44652448712789317,1.6893088591236203
UGC05716,variable_core,0.001,fullfit_outer_third,False,12,4,9,21.3,5.3,1,54.0,10.0,0.588,1.14,1.094,10.64,73.1,2,spiral_T1_9,late_T8_11,12.37,1.03,10.850877192982457,69.95,0.18186381409976057,1,-0.9174025063365825,-0.07425434494962246,0.016628387943814528,0.0141640371164524,-0.012192546256163549,-0.2187703783788819,1.95208202027368,-0.1762568868000278,0.06784009892025893,False,False,True,lower,False,3.572893643655352,1.138306900810337,0.7,1.5435492230844416,70.62974424666014,3.381171584487332e-20,3.6913230857578654,70.72365944337895,-0.2440969857202867,1.035464848292648,1.8447877188278465
UGC05721,variable_core,0.001,fullfit_outer_third,False,23,8,7,6.18,1.85,1,61.0,5.0,0.531,0.38,0.562,6.74,79.7,1,spiral_T1_9,spiral_T1_7,6.74,0.09,17.736842105263158,78.3,0.12487903428935179,0,-0.574550519232794,0.061621239110806414,0.05819056653975417,0.058290911161545916,-0.007045021663109257,-0.12572221427413427,1.0736453977825906,-0.271373405272867,0.018958150053645192,False,False,True,lower,False,1.6962039669214388,0.6522385728079046,0.7,1.5077633234311751,64.54835960099015,2.089974010291625e-25,1.2570698884168596,98.56667323061664,-0.2903315553265122,1.2488762999185097,1.8937617620579434
UGC05750,variable_core,0.001,fullfit_outer_third,False,11,4,8,58.7,11.7,1,64.0,10.0,3.336,3.46,1.099,16.79,0.0,1,spiral_T1_9,late_T8_11,22.85,0.31,6.604046242774567,49.8,0.24245941896824758,0,0.7650953009785546,1.2853034888862283,0.15663260155247055,0.15398255568976657,0.010765377781074337,0.06251102843272482,0.022661095361950455,0.07436722733776842,0.11705870304189178,False,False,True,lower,False,0.0515505710377764,0.4941001061968236,0.7,0.9941263181889208,63.74695546819834,3.049878470430202e-18,5.5136084896301645,93.80010570910856,-0.04269147570412336,0.8198101056130924,1.6972293427597176
UGC05764,variable_core,0.001,fullfit_outer_third,False,10,4,10,7.47,2.24,1,60.0,10.0,0.085,1.17,0.163,3.51,0.0,2,irregular_T10_11,late_T8_11,3.62,0.36,3.094017094017094,49.95,0.17285138301472214,1,-0.09727075597876755,-0.4170593896694932,0.033786668940876605,0.0333100358422939,-0.0007919828493406259,-0.6237310384371226,1.491547188548232,-0.23534376787323588,-0.35865650185612036,False,False,True,lower,False,0.8698385340910461,0.5453603523862433,0.7,1.260835115979109,65.750687047926,2.659542451242221e-23,0.8613165765891777,62.56264007733021,0.12331273398288448,0.4905227087870041,1.698535492562001
UGC05829,variable_core,0.001,fullfit_outer_third,False,11,4,10,8.64,2.59,1,34.0,10.0,0.564,1.99,1.023,7.87,0.0,2,irregular_T10_11,late_T8_11,6.91,0.63,3.472361809045226,47.9,0.30503937330639175,1,-1.1416679463365185,-0.510248574858192,0.08052577307064797,0.08024746855788162,-0.015612687353925625,-0.2256260763510906,0.30947180769892074,0.26058328002413017,0.5676244785679566,False,False,True,lower,False,0.7022285732992144,0.5099953557266017,0.7,1.138176824150351,41.02228573299215,2.3110350870463456e-41,2.022989305927431,57.87014032521432,-0.30704119854382644,0.5406249709644918,1.6803355134145632
UGC05918,variable_core,0.001,fullfit_outer_third,False,8,3,10,7.66,2.3,1,46.0,5.0,0.233,1.66,0.297,5.9,0.0,2,irregular_T10_11,late_T8_11,4.46,0.56,2.6867469879518073,38.099999999999994,0.18491850162004891,1,-0.8034917063150999,-0.5177256662607235,0.09198549246096556,0.09225352112676057,-0.01760038210452859,-0.20445081585625954,0.21607355281619503,-0.05597620063806264,0.2651408013052205,False,False,True,lower,False,0.1062353342474865,0.5034462067507905,0.7,1.031898337959428,46.30441975664081,1.3710651304467072e-14,1.2250958034390813,49.89116698553824,-0.32111700194328313,0.4292267706720868,1.5809249756756192
UGC05986,variable_core,0.001,fullfit_outer_third,False,15,5,9,8.63,2.59,1,90.0,3.0,4.695,1.67,2.667,16.53,113.0,2,spiral_T1_9,late_T8_11,9.41,0.63,5.634730538922156,109.0,0.17039351471744255,1,-0.663841166274264,-0.6159204239668838,0.037172920788809266,0.03294642857142857,-0.005944581749741944,-0.18311581032327676,0.04161072307444643,-0.2664959871595617,-0.2653505606673738,True,False,True,lower,False,0.0560019551529217,0.5064892123966807,0.7,0.9906054500415984,89.99999999564731,9.034161821323745e-19,2.47494810930218,135.1582860558232,-0.0011454264921879065,0.7508731522796737,2.037426497940624
UGC06399,variable_core,0.001,fullfit_outer_third,False,9,3,9,18.0,2.5,4,75.0,2.0,2.296,2.05,0.674,8.8,85.0,1,spiral_T1_9,late_T8_11,7.85,0.87,3.829268292682927,77.5,0.20608301625687842,0,-0.18779680784386224,0.39682028078068754,0.05714767839203699,0.057242990654205614,-0.0018604604614331107,-0.03832587915180861,0.124878585070391,-0.02647069432046296,0.1620546867634558,False,False,True,lower,False,0.0718765812208511,0.5083439537955157,0.7,1.0063722715624082,75.01242676647725,7.926412871525191e-15,2.601338304982252,99.14073326780394,-0.18852538108391875,0.5831157956894982,1.8893017025063104
UGC06446,variable_core,0.001,fullfit_outer_third,False,17,6,7,12.0,3.6,1,51.0,3.0,0.988,1.49,1.379,10.33,82.2,1,spiral_T1_9,spiral_T1_7,10.22,0.58,6.859060402684564,80.1,0.20236831410194617,0,-3.753979264921481,-4.498480895031406,0.0767626899939743,0.0650126378531997,-0.045179666727363364,-0.5593245479354092,0.536278395843671,-0.2864117057946502,-0.03720203517212799,False,False,True,lower,False,1.9293098871066348,0.7423562159636731,0.7,1.5787929661319904,53.37138832265737,1.5724265956862505e-30,2.0770369531033883,87.6478782778993,-0.2492096706225222,0.8362646273864199,1.9036325160842376
UGC06614,variable_core,0.001,fullfit_outer_third,False,13,5,1,88.7,8.87,1,36.0,10.0,124.35,5.1,21.888,60.63,199.8,1,spiral_T1_9,spiral_T1_7,64.59,3.23,12.664705882352942,193.0,0.2647051215567101,0,-0.3620475025039241,1.4080227555211877,0.07910224298733501,0.0784313725490196,-0.0018457517554930532,0.004654884184520547,0.04389563872991359,0.034130437497787956,0.05420769856565156,False,False,True,lower,False,0.1443426362398694,0.5168973051329216,0.6785074228215987,1.0003218753676273,36.15382504392483,3.701242110857799e-15,18.68570184621441,235.43894389864997,-0.020077261067863603,1.1025951084452132,2.285557309007774
UGC06667,variable_core,0.001,fullfit_outer_third,False,9,3,6,18.0,2.5,4,89.0,1.0,1.397,5.15,0.809,8.59,83.8,1,spiral_T1_9,spiral_T1_7,7.85,0.87,1.524271844660194,77.3,0.12067435587767156,0,-0.9047953123380287,-0.3627806389780801,0.036893894080385944,0.03571428571428571,-0.010523576655110113,-0.26326136952254287,0.2654015296194976,-0.08449401352072285,0.08015408634757416,False,False,True,lower,False,0.0591591279114203,0.5068575466462485,0.7,0.9984893627761544,88.99995260673953,8.246154894859775e-15,2.3576985655936054,103.29764167557131,-0.164648099868297,0.18306242770406148,1.888179493918325
UGC06786,variable_core,0.001,fullfit_outer_third,False,45,15,0,29.3,7.32,1,64.0,3.0,73.407,3.6,5.03,20.31,219.4,1,S0_T0,S0_T0,34.05,0.16,9.458333333333332,218.0,0.21882340962487276,0,-2.432856223075686,-1.4098599397196097,0.020053621332044604,0.012455357142857143,-0.010924631166426954,-0.4786516250484969,1.8717156373271864,-0.046696733154968695,-0.04915869188380944,False,False,True,lower,False,1.999779421983635,0.7924063489175741,0.6570812254659422,1.3077292718496027,64.94683640454916,7.058541403864181e-14,9.59992596154588,240.82010064105145,0.002461958728840745,0.9758146154815166,2.3384564936046046
UGC06787,variable_core,0.001,fullfit_outer_third,False,71,24,2,21.3,5.32,1,66.0,3.0,98.256,5.37,5.03,26.44,248.1,2,spiral_T1_9,spiral_T1_7,37.19,0.12,6.925512104283054,238.0,0.22877949993764468,1,-1.4450945825791972,-2.2130036875884116,0.010344538869694574,0.010986566554295637,-0.005060702947084738,-1.0051014519898938,31.138049176568487,0.06632500396475009,0.04581494646680139,False,False,False,none,False,5.617458116779311,0.9375177906290584,0.1920225480747777,2.1862015078692743,70.59910925961617,3.941229598191553,7.600521221944257,106.96967130395116,0.0205100574979487,0.840451892659417,2.376576957056512
UGC06818,variable_core,0.001,fullfit_outer_third,False,8,3,9,18.0,2.5,4,75.0,3.0,1.588,1.39,1.079,6.96,71.2,2,spiral_T1_9,late_T8_11,6.98,0.87,5.02158273381295,55.45,0.2113258565048605,1,-0.17037619156737094,2.1298069192605595,0.080828947739583,0.08064516129032258,-0.002112804750751531,-0.0757586360888512,0.5751730852931894,0.5579173723669285,0.14204050883293032,False,False,False,none,False,0.5423032749104525,0.4413058421788463,0.7,0.9551382516710624,74.81053769854081,2.658062598329791,2.2581023701244,47.849936308495344,0.4158768635339982,0.7008406223690661,1.743901550485179
UGC06917,variable_core,0.001,fullfit_outer_third,False,11,4,9,18.0,2.5,4,56.0,2.0,6.832,2.76,2.023,12.67,108.7,1,spiral_T1_9,late_T8_11,10.47,1.74,3.793478260869566,100.0,0.25407438842593283,0,-2.388588858760894,-2.693100672309299,0.042668832304754635,0.04132034632034633,-0.021190534365633566,-0.37414149533913904,0.7394999123654697,-0.03850467632874676,0.2826966737281643,False,False,True,lower,False,0.7045441096142818,0.5880637584966539,0.7,1.067928341175988,56.34952906268353,3.5859220798519625e-18,3.014209168106555,114.28155406309736,-0.3212013500569111,0.5790375996136247,2.0
UGC06923,variable_core,0.001,fullfit_outer_third,False,6,2,10,18.0,2.5,4,65.0,2.0,2.89,1.44,0.809,6.75,79.6,2,irregular_T10_11,late_T8_11,5.16,0.93,3.5833333333333335,75.7,0.35294806338760826,1,0.53731292234324,0.53731292234324,0.0648600656484063,0.0648600656484063,0.006845022797243032,0.09954710886372417,0.048592477195690285,-0.022897681359110907,0.15635749550027625,False,False,False,none,False,0.1675867459544234,0.4810733840784111,0.7,0.9854250347126317,64.95141557779024,3.088128012961977,0.9535173961049788,36.99884825278384,-0.17925517685938716,0.5542872095319618,1.8790958795000727
UGC06930,variable_core,0.001,fullfit_outer_third,False,10,4,7,18.0,2.5,4,32.0,5.0,8.932,3.94,3.237,16.76,107.2,1,spiral_T1_9,spiral_T1_7,16.61,1.74,4.215736040609137,105.0,0.28809079861111114,0,-3.763945345449894,-3.562167666751442,0.06331549439347604,0.06851851851851852,-0.034875589069999685,-0.49232467943721947,0.575522374502965,-0.3514177706068338,-0.028485514113480336,False,False,True,lower,False,0.6412910716467792,0.5582534261730623,0.7,1.0477326464467138,35.206455358233896,1.3662050343927612e-21,3.84974255363321,112.9004232939955,-0.3229322564933535,0.6248734106258204,2.0211892990699383
UGC06983,variable_core,0.001,fullfit_outer_third,False,17,6,6,18.0,2.5,4,49.0,1.0,5.298,3.21,2.967,16.07,109.0,1,spiral_T1_9,spiral_T1_7,15.68,1.74,4.8847352024922115,108.0,0.22347473519283745,0,-4.481710186087753,-3.979872706012678,0.0788791842996736,0.08481991165477404,-0.04127887000724842,-0.4465767920708168,0.2781597650335286,-0.31952384130213984,-0.02579160009491702,False,False,True,lower,False,1.827907153633667,0.7616592481421259,0.7,1.1481634483119918,49.26510606085205,1.896998114097812e-25,3.487537498109712,119.47530903544046,-0.2937322412072228,0.6888410259435476,2.03342375548695
UGC07089,variable_core,0.001,fullfit_outer_third,False,12,4,8,18.0,2.5,4,80.0,3.0,3.585,2.26,1.214,9.29,0.0,2,spiral_T1_9,late_T8_11,9.16,0.87,4.053097345132744,66.2,0.30942208618302114,1,-0.14057105857196817,-0.09241195529979507,0.08510886248789774,0.08476947989909497,-0.0007536718565003785,-0.00614195402700983,0.08002447752714506,0.2085454015435429,0.44050909434726304,False,False,True,lower,False,0.3559714394980499,0.5427091556242152,0.7,1.0307591904989128,80.09020899508724,5.4246474106294976e-15,4.236686012340695,83.08814514935705,-0.23196369280372015,0.6077870345204496,1.8208579894397
UGC07125,variable_core,0.001,fullfit_outer_third,False,13,5,9,19.8,5.9,1,90.0,3.0,2.712,3.38,4.629,23.04,65.2,1,spiral_T1_9,late_T8_11,18.68,1.44,5.5266272189349115,61.5,0.4483119317793022,0,-0.5373427107257754,-0.432418381666551,0.044497031450004866,0.046564885496183206,-0.008354407391925098,-0.06971326880757847,0.6056670446056684,-0.28973002892583244,-0.028336519551028175,True,False,True,lower,False,0.4707141695829611,0.5493970244589309,0.7,1.140263313158559,89.99999998936447,1.0875673638944555e-16,4.386345159410569,62.11103351248834,-0.26139350937480427,0.7424601716164199,1.7888751157754168
UGC07151,variable_core,0.001,fullfit_outer_third,False,11,4,6,6.87,0.34,2,90.0,3.0,2.284,1.25,0.616,6.39,73.5,1,spiral_T1_9,spiral_T1_7,5.5,0.5,4.4,67.2,0.3329463804370862,0,-1.9675872492171322,-1.6559483871146696,0.04319286431360928,0.04293845596886596,-0.026064242520429257,-0.6015853033080024,0.8238541765979057,-0.036573499327254136,0.20471733563260655,True,False,True,lower,False,1.441576726296332,0.6968313434110989,0.7,1.0154183586255277,89.99998401180524,1.7106405259221847e-24,1.4238623324620725,71.65157395552698,-0.2412908349598607,0.6434526764861874,1.8273692730538253
UGC07232,variable_core,0.001,fullfit_outer_third,False,4,2,10,2.83,0.17,2,59.0,5.0,0.113,0.29,0.046,1.54,0.0,2,irregular_T10_11,late_T8_11,0.82,0.21,2.8275862068965516,30.700000000000003,0.29340891173811984,1,0.026369919097110284,0.026369919097110284,0.08437499999999999,0.08437499999999999,0.0015959601725832324,0.00799088457488191,0.009730242178516146,0.7383406942114785,0.7981245820787394,False,False,False,none,True,0.0061023068459329,0.5007030478522535,0.7,1.0000626174766722,59.00910039865774,31.66251056185712,14.807095098284364,1191.3894122005042,-0.059783887867260854,0.45141585448476057,1.4871383754771865
UGC07261,variable_core,0.001,fullfit_outer_third,False,7,3,8,13.1,3.93,1,30.0,10.0,1.753,1.2,1.388,10.1,74.7,2,spiral_T1_9,late_T8_11,6.67,0.95,5.558333333333334,69.6,0.2424893736682283,1,-1.6427130019243255,-2.0074202101062895,0.07575242785276547,0.07576974564926373,-0.021666371417840686,-0.2902319791385734,0.16837473115338222,-0.05272483793200873,0.10670391734642251,False,False,True,lower,False,0.7697417004669433,0.5121147743225156,0.7,1.1351189597901723,37.69741700466943,2.122927300545864e-33,1.6888355630581893,73.58688337952027,-0.15942875527843126,0.7449445878689241,1.842609239610562
UGC07323,variable_core,0.001,fullfit_outer_third,False,10,4,8,8.0,2.4,1,47.0,3.0,4.109,2.26,0.722,7.14,0.0,1,spiral_T1_9,late_T8_11,5.82,0.58,2.5752212389380533,62.5,0.3757392656325991,0,-0.3014919400801155,0.051196823872253105,0.04798872900964571,0.04770918785890074,-0.004165126987962675,-0.07790489407754922,0.06785983269159873,0.4226454384532926,0.35485670205481545,False,False,True,lower,False,0.4279639056241093,0.5427529860406857,0.7,1.1283891716872327,47.46397593267607,6.8542624639035604e-12,3.121708150524421,87.1277330161943,0.06778873639847716,0.4108145455024876,1.7958800173440752
UGC07399,variable_core,0.001,fullfit_outer_third,False,10,4,8,8.43,2.53,1,55.0,3.0,1.156,1.64,0.745,7.85,103.0,1,spiral_T1_9,late_T8_11,6.13,0.61,3.7378048780487805,93.4,0.10772522061740031,0,-3.409266993993281,-2.98456209343162,0.04251025252321887,0.042898058252427186,-0.032027451191027505,-0.6543431357597617,1.5344358374952471,-0.11421348310872342,0.25264726158755724,False,False,True,lower,False,2.578497126043474,0.9053566938486708,0.7,1.6537107293392026,57.41042863933375,1.9196653196679206e-24,1.6731671301120747,110.62286648618168,-0.36686074469628066,0.5726166264707172,1.9703468762300933
UGC07524,variable_core,0.001,fullfit_outer_third,False,31,11,9,4.74,0.24,2,46.0,3.0,2.436,3.46,1.779,12.11,79.5,1,spiral_T1_9,late_T8_11,10.69,0.35,3.0895953757225434,70.2,0.2648692110047727,0,-0.6718492442331684,-0.35664702335728293,0.040909003840929055,0.039447236180904524,-0.007850441517194493,-0.1490852667363393,0.24736650733972096,0.07905809765444509,0.21123908687653667,False,False,True,lower,False,1.547192547449014,0.7139852815110656,0.7,1.0216772723284395,48.40881063345323,3.0772150546039177e-21,2.885558323933356,84.06794135228105,-0.1321809892220916,0.4899016064160014,1.8463371121298053
UGC07559,variable_core,0.001,fullfit_outer_third,False,7,3,10,4.97,0.25,2,61.0,3.0,0.109,0.58,0.169,3.76,0.0,2,irregular_T10_11,late_T8_11,2.53,0.36,4.362068965517241,26.1,0.3392472679149306,1,-0.13294729463912228,0.12439201582410675,0.10441192753801061,0.10385852090032154,-0.004705754374093137,-0.04116015313904715,0.018396199766887552,0.32153148467284387,0.2289153012000378,False,False,False,none,False,0.0439138002350327,0.4949697117151714,0.7,0.999386744908864,60.95774639418276,5.983484057067758,0.3573272555046735,10.260942118941308,0.09261618347280606,0.6396925276128806,1.416640507338281
UGC07577,variable_core,0.001,fullfit_outer_third,False,9,3,10,2.59,0.13,2,63.0,3.0,0.045,0.9,0.044,2.07,0.0,2,irregular_T10_11,late_T8_11,1.69,0.19,1.8777777777777778,10.7,0.6283380799810133,1,-0.21098379987350194,-0.024557223582013066,0.2007612172861001,0.19937106918238992,-0.00832442905826028,-0.06655640374558422,0.07701233812743237,0.42550620817481677,0.9414571739920785,False,False,False,none,False,0.0657287505481796,0.4924896742009229,0.7,0.9983457986296794,62.8945927816664,3.000000038426381,335.5430452696091,3751.154084097448,-0.5159509658172617,0.2736441951743487,1.0293837776852097
UGC07603,variable_core,0.001,fullfit_outer_third,False,12,4,7,4.7,1.41,1,78.0,3.0,0.376,0.53,0.258,4.37,61.6,1,spiral_T1_9,spiral_T1_7,4.11,0.34,7.754716981132075,60.25,0.13732082370150345,0,-0.4062138553505594,0.07181028551982749,0.046253251427603566,0.04643244289585753,-0.006003670977819984,-0.14055842745694097,0.430091108869161,-0.11417228428332922,0.14789156011343518,False,False,True,lower,False,0.3782281761898442,0.5364886139541382,0.7,1.1134684528569532,78.09299387731045,4.140446796465566e-25,1.2320690207073564,74.65975017276678,-0.2620638443967644,0.8895659522752801,1.779957051246906
UGC07690,variable_core,0.001,fullfit_outer_third,False,7,3,10,8.11,2.43,1,41.0,5.0,0.858,0.57,0.39,5.5,57.4,2,irregular_T10_11,late_T8_11,4.13,0.59,7.24561403508772,57.9,0.3331732666998187,1,-1.1664795506563077,-1.2061408792348445,0.07576252654017332,0.07574692442882248,-0.020980276686846943,-0.27064490734485097,0.2646342004468764,-0.3522616550360493,-0.10420609193347537,False,False,True,lower,False,0.373290932463472,0.5247095210846962,0.7,1.1118491943139626,42.3271906102604,2.8565086702552827e-21,0.7947943130784116,62.99528990109266,-0.24805556310257393,0.8600751959839097,1.7626785637274363
UGC07866,variable_core,0.001,fullfit_outer_third,False,7,3,10,4.57,0.23,2,44.0,5.0,0.124,0.61,0.118,3.3,0.0,2,irregular_T10_11,late_T8_11,2.32,0.33,3.80327868852459,26.0,0.33955843518937673,1,-0.04991803402373781,0.3452872467246131,0.1334311673859976,0.13300653594771242,0.001478957960589058,-0.012264873224505627,0.1341359991737358,0.13475351409460157,0.4861276306190677,False,False,True,lower,False,0.045517548922206,0.5041741051204077,0.7,1.000642588877246,44.22758774461103,8.074689968102443e-16,0.7812234577019772,32.59336737648524,-0.35137411652446615,0.5801581498801326,1.414973347970818
UGC08286,variable_core,0.001,fullfit_outer_third,False,17,6,6,6.5,0.21,2,90.0,3.0,1.255,1.05,0.642,8.07,82.4,1,spiral_T1_9,spiral_T1_7,8.04,0.47,7.657142857142856,79.3,0.15096830726675842,0,-0.5065372801798844,-0.3577218543874068,0.024091802134170396,0.02408195694534657,-0.005936471106653687,-0.25448089336653723,0.6005186318456458,-0.07483245897362845,0.06917426440741115,True,False,True,lower,False,5.999999999999999,1.990535852767486,0.7,1.0485236229862689,89.99999999998828,6.879031026906311e-17,2.824876390944682,85.65483457389337,-0.1440067233810396,0.8840667496785131,1.8992731873176039
UGC08490,variable_core,0.001,fullfit_outer_third,False,30,10,9,4.65,0.53,2,50.0,3.0,1.017,0.67,0.72,7.8,78.6,1,spiral_T1_9,late_T8_11,10.15,0.34,15.149253731343283,78.5,0.12881128674338999,0,-0.5846474971538556,-0.3843590738571976,0.04705805679113445,0.047097916110072136,-0.0076087740037933905,-0.15844105613925624,0.1330760876454525,-0.24126759721002802,-0.11677062761462063,False,False,True,lower,False,4.024878755495984,1.2631585902442726,0.7,1.2010019103299043,54.20895480627508,2.340894893486346e-24,2.713391407503652,88.61464228302071,-0.12449696959540739,1.1803912395484053,1.8948696567452525
UGC08550,variable_core,0.001,fullfit_outer_third,False,11,4,7,6.7,2.0,1,90.0,3.0,0.289,0.45,0.288,5.59,56.9,1,spiral_T1_9,spiral_T1_7,5.36,0.49,11.911111111111111,51.6,0.16223941297927502,0,-0.34680001024856466,-0.1769391913712468,0.0364115073966162,0.03605454781564853,-0.0060434306328749346,-0.15433839445943093,0.10426479820689602,0.15087280077365975,0.11676574053892229,True,False,True,lower,False,2.687478630534434,0.9283630942923154,0.7,1.642666512671835,90.0,1.7118732003719181e-15,1.792762664779426,60.36757982618656,0.03410706023473746,1.0759522759174263,1.7126497016272113
UGC08699,variable_core,0.001,fullfit_outer_third,False,41,14,2,39.3,9.82,1,73.0,9.0,50.302,3.09,3.738,19.05,182.4,2,spiral_T1_9,spiral_T1_7,25.7,0.22,8.31715210355987,184.0,0.37627120585364277,1,1.9739870404769806,3.6003604635297677,0.03207710220323413,0.033171999154052986,0.010846975964203523,0.41651947052264765,0.5851360599819299,-0.07627938674253468,-0.038839369731497986,False,False,True,lower,False,2.955713502466549,0.9875096643552628,0.4726346153363894,1.2033515848470069,75.803339837475,1.9376318272856696e-18,10.306461503932953,183.4850827423407,-0.03744001701103669,0.9199746439064599,2.2648178230095364
UGC08837,variable_core,0.001,fullfit_outer_third,False,8,3,10,7.21,0.36,2,80.0,5.0,0.501,1.72,0.32,4.75,0.0,2,irregular_T10_11,late_T8_11,4.2,0.52,2.4418604651162794,31.7,0.3679550297458085,1,-1.0212301020930024,-1.7391809805949237,0.06956707256213195,0.06759656652360514,-0.024092479020960154,-0.29324500938559767,0.47996159416878853,0.7587022200515179,0.3862973732714103,False,False,False,none,False,0.2282872495634176,0.4743962849701866,0.7,0.9981721307566808,79.88607875429875,2.017059093757301,4.237438984334244,72.37907750861277,0.3724048467801076,0.38772084349035163,1.5010592622177514
UGC09037,variable_core,0.001,fullfit_outer_third,False,22,8,6,83.6,8.4,1,65.0,5.0,68.614,4.28,19.078,39.72,152.3,2,spiral_T1_9,spiral_T1_7,27.96,2.43,6.5327102803738315,147.0,0.4319028865034747,1,-0.878710231956326,-1.8721328915623872,0.07429745963648093,0.05554524507750314,-0.0049476690671560524,-0.1574859211008601,0.09948700812860589,-0.1600874872657963,-0.2407145496654564,False,False,True,lower,False,1.6127542199624263,0.3449011022761298,0.7,0.9169008836917242,61.410826658842026,5.950972523790978e-15,7.882809845355265,166.87707001089453,0.08062706239966011,0.8150933980604718,2.167317334748176
UGC09133,variable_core,0.001,fullfit_outer_third,False,68,23,2,57.1,11.4,1,53.0,6.0,282.926,6.97,33.428,60.35,226.8,1,spiral_T1_9,spiral_T1_7,108.31,0.32,15.53945480631277,279.0,0.23580249890422966,0,-1.3467885391521726,0.9913932441706379,0.010539787610874669,0.009130434782608696,-0.005470989439879713,-0.21058179237936922,9.451217030442626,-0.11076095986060246,-0.08913550757639466,False,False,True,lower,False,4.415499546593134,0.6063844081857707,0.2532492018848652,1.4625443909506803,63.59131975185274,1.967627426793258e-19,28.896032793807255,235.8276125200934,-0.0216254522842078,1.1914357777362312,2.4456042032735974
UGC09992,variable_core,0.001,fullfit_outer_third,False,5,2,10,10.7,3.21,1,30.0,10.0,0.336,1.04,0.318,5.45,33.6,2,irregular_T10_11,late_T8_11,3.89,0.78,3.7403846153846154,33.0,0.4859173787917478,1,-1.3570625423768181,-1.3570625423768181,0.16723782755189331,0.16723782755189331,-0.039642572019414436,-0.23976370006657563,0.09936827888804413,-0.1976880255647049,0.12054546010071916,False,False,True,lower,False,0.2932878577536011,0.5047178753899955,0.7,1.046792069098974,32.93287857753601,2.925161061108102e-23,0.5749691246237634,32.67830422108876,-0.3182334856654241,0.5729162620269274,1.5185139398778875
UGC10310,variable_core,0.001,fullfit_outer_third,False,7,3,9,15.2,4.6,1,34.0,6.0,1.741,1.8,1.196,9.58,71.4,1,spiral_T1_9,late_T8_11,7.74,1.1,4.3,69.2,0.29546292252679984,0,-0.4060729676629459,0.19739720194208132,0.07012776998033898,0.06988950276243093,-0.005180017599729715,-0.08025157463694584,0.2682913109248833,-0.160340382642589,0.09508414551699229,False,False,True,lower,False,0.1744340583627119,0.5047669241517507,0.7,1.05091119532684,35.046604350176274,1.3635076015671885e-17,1.8405975713712708,79.95284706185649,-0.2554245281595813,0.6334684555795865,1.8401060944567578
UGC11455,variable_core,0.001,fullfit_outer_third,False,36,12,6,78.6,11.8,1,90.0,1.0,374.322,5.93,13.335,43.44,269.4,1,spiral_T1_9,spiral_T1_7,41.93,0.62,7.070826306913997,262.5,0.4795965716731458,0,2.486675808929076,1.9937169752672048,0.0253261167601302,0.023743917274939172,0.009419672551150986,0.34473138055895164,3.4752302805540207,-0.17412717451496304,-0.09086599819416642,True,False,True,lower,False,0.3780613436058078,0.545476617398983,0.7,0.9919082689113284,90.0,1.9387302733309368e-39,12.47375872324429,262.24612494661784,-0.08326117632079662,0.8494701690393056,2.4191293077419758
UGC11557,variable_core,0.001,fullfit_outer_third,False,12,4,8,24.2,6.05,1,30.0,10.0,12.101,2.75,2.605,16.66,0.0,2,spiral_T1_9,late_T8_11,10.56,0.33,3.8400000000000003,64.9,0.7069414367911382,1,-0.5152176248394262,0.3768742794578941,0.08503160310522015,0.083947647560945,-0.0045901171846822,-0.036611546112051724,0.399063449821498,0.09334568772353248,0.018719998333616258,False,False,False,none,False,1.2042907245993677,0.472997403781653,0.7,0.9244027391010112,17.957092754006325,0.773950691204172,2.871977179586995,73.45337631114077,0.07462568938991622,0.5843312243675308,1.8122446968003694
UGC11820,variable_core,0.001,fullfit_outer_third,False,10,4,9,18.1,5.43,1,45.0,10.0,0.97,2.08,1.977,12.99,0.0,1,spiral_T1_9,late_T8_11,15.82,0.26,7.605769230769231,51.875,0.22462527073954858,0,-0.11337669830698971,-0.2720745114556351,0.012325428814686592,0.012248376371999818,-0.0016305845367011555,0.025106618761625198,0.7325541618153222,0.2952513479830634,0.28799272942155624,False,False,True,lower,False,4.3080792528906775,1.3482732857178334,0.7,1.4785587306690864,60.51609154771154,1.1433561257826523e-09,14.320743137662406,107.1053033462772,0.0072586185615071686,0.8811431441988962,1.7149581097201492
UGC11914,variable_core,0.001,fullfit_outer_third,False,65,22,2,16.9,5.1,1,31.0,5.0,150.028,2.44,0.888,9.26,288.1,1,spiral_T1_9,spiral_T1_7,9.83,0.28,4.028688524590164,288.0,0.6263765522730962,0,0.6953888649262555,1.378354218528841,0.029878715646871435,0.03052474742447618,0.0025522602988899907,0.10167290191338439,0.4764523380509211,0.0635811602752344,0.07790860956774666,False,False,True,upper,True,0.6243076101712058,0.4833300205269445,0.8082185258222887,1.123957497714981,33.05732467840059,1000.0,6.227154284582851,224.51403969302064,-0.014327449292512257,0.6051636914934062,2.459392487759231
UGC12506,variable_core,0.001,fullfit_outer_third,False,31,11,6,100.6,10.1,1,86.0,4.0,139.571,7.38,35.556,59.01,234.0,2,spiral_T1_9,spiral_T1_7,49.99,0.82,6.773712737127371,238.0,0.23453830465152922,1,0.3444418752930419,0.24589080187095647,0.06767089744102812,0.06140350877192982,0.0015962293475995364,0.0297859006886412,0.028858856202604036,-0.17554198195546156,-0.18689031396085642,False,False,False,none,False,4.7067876493336085,1.4779126596363596,0.7,1.1877474133833064,86.71023298937729,5.505247302651941,6.40796381259757,59.598950287929824,0.011348332005394868,0.8308267749295487,2.376576957056512
UGC12632,variable_core,0.001,fullfit_outer_third,False,15,5,9,9.77,2.93,1,46.0,3.0,1.301,2.42,1.744,12.6,71.7,1,spiral_T1_9,late_T8_11,10.66,0.71,4.404958677685951,65.5,0.23331639518552516,0,-0.9851189018736477,-2.0056854287951182,0.039673424389901346,0.03968705547652916,-0.013252627295153844,-0.3436912591524134,0.5269446588745683,-0.09014163934540423,0.13216770916915332,False,False,True,lower,False,1.3455447129027205,0.5525724370195931,0.7,1.4035256917917065,47.79419090366832,1.8109551437678235e-16,2.501336264272794,77.81149112114862,-0.22230934851455755,0.6439418387101222,1.816241299991783
UGC12732,variable_core,0.001,fullfit_outer_third,False,16,6,9,13.2,4.0,1,39.0,6.0,1.667,1.98,3.66,17.41,0.0,1,spiral_T1_9,late_T8_11,15.4,0.96,7.777777777777778,79.8,0.20854321549181762,0,-0.24244193890501245,0.44032632069337296,0.038492797542484046,0.03801301037923552,-0.0019690776858818783,-0.0898605268122215,0.20743991256190317,0.3435411344022372,0.4304988358482974,False,False,True,lower,False,2.311120057828532,0.8053854160333084,0.7,1.7003394114631916,51.816239784098514,3.5577797960089594e-21,4.204466850460985,74.80256437094872,-0.08695770144606019,0.8908555305749319,1.9020028913507294
UGCA442,variable_core,0.001,fullfit_outer_third,False,8,3,9,4.35,0.22,2,64.0,7.0,0.14,1.18,0.263,4.37,56.4,1,spiral_T1_9,late_T8_11,6.33,0.42,5.364406779661017,51.9,0.126702775349912,0,0.31702807842607444,-0.0968981621061431,0.038595170477064754,0.048961937716262977,0.005653838827268443,0.05984362799229274,0.06467296243543884,-0.07057431124503953,0.00905029364081204,False,False,True,lower,False,0.1795390149256689,0.5211033988571171,0.7,1.002605275749576,64.82115356963295,6.008318429940811e-17,2.16719869128219,69.48115597356701,-0.07962460488585157,0.7295217027112297,1.7151673578484579
UGCA444,variable_core,0.001,fullfit_outer_third,False,36,12,10,0.98,0.05,2,78.0,4.0,0.012,0.83,0.067,2.08,37.0,2,irregular_T10_11,late_T8_11,2.62,0.12,3.1566265060240966,27.85,0.2168806326598016,1,-1.4711870868663954,-0.936871748348814,0.14502723163537531,0.1392608817797131,-0.039106835562161234,-0.23521620446615552,0.16117438923719626,-0.0012615880053430607,0.44864938661723847,False,False,True,lower,False,0.1098374277162067,0.5128067665365088,0.7,0.9959526060467372,77.81321632073771,6.288777821947441e-14,0.9100498442810738,38.539651918102045,-0.4499109746225815,0.49922319894367156,1.4448251995097476
CamB,variable_core,0.001,outer_holdout,True,9,2,10,3.36,0.26,2,65.0,5.0,0.075,0.47,0.012,1.21,0.0,2,irregular_T10_11,late_T8_11,1.79,0.16,3.808510638297873,10.9,0.6791787131519273,1,-5.844725866457612,-5.844725866457612,0.08195628997867804,0.08195628997867804,-0.3097201830952394,-3.8964839109717415,16.90571332627055,-0.25705346910309645,0.9105762754725217,False,False,False,none,False,1.1515600305371971,0.3835429473538147,0.7,0.9547066233364738,61.59123184109608,3.0,672.2484873792216,3641.820464596064,-1.1676297445756183,0.5807551730441758,1.0374264979406236
D631-7,variable_core,0.001,outer_holdout,True,16,4,10,7.72,0.18,2,59.0,3.0,0.196,0.7,0.29,0.0,57.7,1,irregular_T10_11,late_T8_11,7.19,0.45,10.271428571428572,47.2,0.11610138710516488,0,3.68829279332088,3.7621741783708416,0.06570317185227556,0.06814113751286527,0.06390671539873888,0.9379652138866422,1.1295148033265832,0.33441319232270245,-0.1011953998143973,False,False,False,none,False,0.7168533815973772,0.4239207415235625,0.7,0.9957643673986342,57.44389099499536,2.5159223897491625,1.881520368500346,38.55274348243654,0.43560859213709974,1.0116308503686258,1.6739419986340878
DDO064,variable_core,0.001,outer_holdout,True,14,3,10,6.8,2.04,1,60.0,5.0,0.157,0.69,0.211,3.49,46.1,1,irregular_T10_11,late_T8_11,2.98,0.1,4.3188405797101455,37.9,0.2719541304946145,0,2.45357607403569,2.5506557216421655,0.14308736291465038,0.14504310344827587,0.05277092811150374,0.4011055568026631,0.17936368934642397,-0.014856365722126362,0.047141534760912686,False,False,False,none,False,0.0150713647781059,0.499128428862239,0.7,1.0045214094334318,60.02539982381306,3.765856372095059,0.4758417785556186,21.689750972081995,-0.06199790048303905,0.635367173339,1.5786392099680724
DDO154,variable_core,0.001,outer_holdout,True,12,3,10,4.04,0.2,2,64.0,3.0,0.053,0.37,0.275,4.96,47.0,2,irregular_T10_11,late_T8_11,5.92,0.49,16.0,43.3,0.13060439321894962,1,-0.6869068230610841,-0.9594018049756698,0.018595831280321013,0.014767932489451477,-0.014287359673594352,-1.1239562416943316,2.16424305483443,-0.1460981288136981,-0.3163139404013294,False,False,True,lower,False,1.3011393638188695,0.6746584135108097,0.7,1.011731450169011,64.71859567086385,7.453749329774967e-19,1.9089363485896813,56.0276729806176,0.17021581158763127,1.2041199826559248,1.6364878963533653
DDO161,variable_core,0.001,outer_holdout,True,31,7,10,7.5,2.25,1,70.0,10.0,0.548,1.22,1.378,10.69,66.3,1,irregular_T10_11,late_T8_11,13.37,0.6,10.959016393442623,55.0,0.2561627792319553,0,-3.6067026283755936,-3.325334603968791,0.022516988673919453,0.014820359281437127,-0.054160202439098096,-3.287805725598891,14.211472885833425,-0.2977357050525072,-0.06977410289622955,False,False,False,none,False,0.4289874996421632,0.5519106242613794,0.7,1.111848579389645,71.60410352407584,2.064200658385831,2.67327291740404,36.465746067357614,-0.22796160215627764,1.0397715765872362,1.7403626894942439
DDO168,variable_core,0.001,outer_holdout,True,10,2,10,4.25,0.21,2,63.0,6.0,0.191,1.02,0.413,4.3,53.4,2,irregular_T10_11,late_T8_11,4.12,0.41,4.03921568627451,48.0,0.2305924264245383,1,7.514423252539583,7.514423252539583,0.04868881118881119,0.04868881118881119,0.14179368939664383,2.8597945598568892,8.801851977293767,0.26234388646273493,-0.5350961469214678,False,False,False,none,False,1.0486619330812332,0.4606286549095567,0.7,0.9810239622059628,56.7080284015126,2.816728626027217,1.003889905697669,33.95450524674104,0.7974400333842027,0.606297044271217,1.6812412373755872
DDO170,variable_core,0.001,outer_holdout,True,8,2,10,15.4,4.62,1,66.0,7.0,0.543,1.95,0.735,9.14,60.0,2,irregular_T10_11,late_T8_11,12.33,1.87,6.323076923076923,57.1,0.23484281944444443,1,-6.814957332766678,-6.814957332766678,0.01887191854233655,0.01887191854233655,-0.11081537548988939,-6.325564882179282,49.394424867548416,-0.4186317180246852,0.27761142820150814,False,False,True,lower,False,0.1324319574211185,0.5114804375332966,0.7,1.0397295872263357,66.34389445337492,4.220051205803572e-26,2.9638954556684296,64.78819738586992,-0.6962431462261933,0.8009284652332136,1.7566361082458481
ESO079-G014,variable_core,0.001,outer_holdout,True,15,3,4,28.7,7.17,1,79.0,5.0,51.733,5.08,3.14,17.67,175.0,1,spiral_T1_9,spiral_T1_7,16.67,0.41,3.2814960629921264,132.0,0.3315464506122449,0,-14.54621998616158,-14.714613017347801,0.012153502431887502,0.012457142857142858,-0.08210561959573634,-6.868119288923577,56.44371501749763,-0.32284906634443505,0.0773274616818912,False,False,False,none,False,0.3385559884491628,0.4701632825636448,0.7,0.91541998476723,78.7853505914746,2.318718564352392,2.6629054327142496,91.59275691891564,-0.40017652802632625,0.5160718875440862,2.12057393120585
ESO116-G012,variable_core,0.001,outer_holdout,True,15,3,7,13.0,3.9,1,74.0,3.0,4.292,1.51,1.083,9.58,109.1,1,spiral_T1_9,spiral_T1_7,9.86,0.25,6.52980132450331,102.0,0.2002782636141739,0,-3.6261113070179882,-2.9513501894220866,0.027467776217776223,0.02099099099099099,-0.03250662275474152,-1.0638092913339556,1.3251332124747364,-0.21965604465927643,0.10604430162247715,False,False,False,none,False,0.8466733922025034,0.6076273917434521,0.7,1.253077415380834,74.31092780073264,0.2478381690077954,2.814470083464138,109.77145864493484,-0.3257003462817536,0.8148999676480417,2.0086001717619175
ESO563-G021,variable_core,0.001,outer_holdout,True,30,6,4,60.8,9.1,1,83.0,3.0,311.177,5.45,24.298,55.71,314.6,1,spiral_T1_9,spiral_T1_7,42.41,0.45,7.7816513761467885,310.5,0.2624532912705312,0,-55.90403403138985,-59.88926462999609,0.03136431244070096,0.02833213141025641,-0.17642508981096142,-6.118655373591934,40.70776071537816,-0.48585315820893316,-0.037644650267524775,False,False,True,lower,False,2.933393132310816,0.2636082139657839,0.7,0.5609559621047957,82.54821049605353,1.548503977430572e-29,6.327387440345844,418.4028970510384,-0.4482085079414084,0.8910717701830672,2.492061604512599
F568-3,variable_core,0.001,outer_holdout,True,18,4,7,82.4,8.24,1,40.0,10.0,8.346,4.99,3.195,16.14,0.0,1,spiral_T1_9,spiral_T1_7,17.98,0.64,3.603206412825651,83.9,0.22469191106035866,0,-25.260260490147257,-26.395447306535907,0.10024752475247525,0.1,-0.2205731943867642,-2.2036649770806873,5.766055585054522,-0.3477153857109198,0.4517039611051207,False,False,False,none,False,0.718162864542072,0.4678728418787016,0.7,0.9865508056053588,32.81837135457928,10.009804530377542,0.9590753598696172,29.33126146356372,-0.7994193468160404,0.55668914177382,1.9237619608287002
F568-V1,variable_core,0.001,outer_holdout,True,15,3,7,80.6,8.06,1,40.0,10.0,3.825,2.85,2.491,14.38,112.3,1,spiral_T1_9,spiral_T1_7,17.63,0.39,6.185964912280701,111.0,0.1326219548980178,0,-17.838606099176857,-13.652860842144634,0.13637435245354848,0.12372881355932203,-0.15403890004527745,-1.237477450185964,2.1757849154116555,-0.3608246951480605,0.10345403735685986,False,False,True,lower,False,0.0584031548281639,0.5027669058057664,0.7,1.0014311862621188,40.58403154828164,5.545718363276367e-18,2.384559485001073,137.40714481494413,-0.46427873250492036,0.7914074522908118,2.0453229787866576
F571-8,variable_core,0.001,outer_holdout,True,13,3,5,53.3,10.7,1,85.0,5.0,10.164,3.56,1.782,24.55,139.7,1,spiral_T1_9,spiral_T1_7,15.55,0.22,4.367977528089888,105.0,0.13552480932784639,0,-22.88080521396394,-19.372191158893713,0.03097442680776014,0.02962962962962963,-0.16140740108453566,-5.032053508105816,31.87577143028081,-0.42414347113928047,0.12051983234316586,False,False,False,none,False,2.241015595398754,0.3612584881925683,0.7,0.5501150680906817,84.48231135127253,3.200535842898362,1.766401248005114,67.78140623929202,-0.5446633034824463,0.6402803953899812,2.0211892990699383
F574-1,variable_core,0.001,outer_holdout,True,14,3,7,96.8,9.68,1,65.0,10.0,6.537,4.46,3.524,16.19,97.8,1,spiral_T1_9,spiral_T1_7,12.6,0.47,2.8251121076233185,90.95,0.19377821817272864,0,-8.300012448267642,-8.520803977905686,0.047512301040951,0.04676113360323887,-0.08350370750749973,-1.7548340364362554,3.143457166485696,-0.18114159271259386,0.05967520260512282,False,False,True,lower,False,0.3043715165685804,0.5362992084816313,0.7,1.0174048000558449,67.55355290363691,2.0041661757561508e-17,2.807291148678704,112.12364478624454,-0.2408167953177167,0.4510356864054211,1.9588027033995024
F583-1,variable_core,0.001,outer_holdout,True,25,5,9,35.4,8.85,1,63.0,5.0,0.986,2.36,2.126,15.65,85.8,1,spiral_T1_9,late_T8_11,16.26,0.26,6.889830508474577,59.4,0.11657047545509146,0,-12.59089995405252,-12.647723103951535,0.11211436640099007,0.10023310023310024,-0.14820117732356733,-1.782637097960346,4.874551383898729,-0.16523286523086012,0.12231259323214916,False,False,False,none,False,0.0595968976658159,0.4936059175201691,0.7,0.985100775583546,62.89510773516014,0.8305140893489038,2.1690128825825585,67.62381614092607,-0.2875454584630093,0.8382085382879428,1.7737864449811935
F583-4,variable_core,0.001,outer_holdout,True,12,3,5,53.3,10.7,1,55.0,10.0,1.715,1.93,0.641,7.8,0.0,1,spiral_T1_9,spiral_T1_7,7.29,0.22,3.77720207253886,58.5,0.2146088087198342,0,-9.604558657281038,-9.282972646419715,0.0730345887499741,0.07291666666666667,-0.14153294235009817,-1.9601140116900073,4.287360547008794,-0.23554102672924754,0.4539368305480994,False,False,True,lower,False,0.1947221672816948,0.5199748902163812,0.7,1.033430845396042,56.94722167281695,1.0379823521643262e-25,1.655099410705199,68.10524384612,-0.689477857277347,0.5771702193102008,1.7671558660821804
IC2574,variable_core,0.001,outer_holdout,True,34,7,9,3.91,0.2,2,75.0,7.0,1.016,2.78,1.036,10.81,66.4,2,spiral_T1_9,late_T8_11,10.23,0.85,3.679856115107914,43.65,0.22640774467626615,1,-2.414604555971393,-2.4908317176351744,0.09481091888799838,0.09344262295081968,-0.03688984772255994,-0.7275696434731891,1.5219860769096445,0.5378657387562981,0.5119834771158689,False,False,True,lower,False,1.716372991378624,0.7423475908946418,0.7,1.0334256323028568,79.27645510236398,3.23669872078914e-13,6.477761590774501,79.9578130650611,0.02588226164042917,0.5658308377940839,1.6399842480415885
IC4202,variable_core,0.001,outer_holdout,True,32,7,4,100.4,10.0,1,90.0,1.0,179.749,4.78,12.326,32.13,242.6,1,spiral_T1_9,spiral_T1_7,25.9,0.77,5.418410041841003,240.5,0.4458680655702384,0,-34.22782053899309,-37.93982114832917,0.05180694210449381,0.040160642570281124,-0.14094589111362207,-4.2631090229696245,27.96033111300571,-0.43072151572130607,0.07622785046214445,True,False,False,none,False,5.999999999999999,1.456209083226721,0.1758320502056706,0.6751809732891623,90.0,5.463185327077446,0.9498909673672222,71.06494962852585,-0.5069493661834505,0.7338718674691329,2.3811150807098507
KK98-251,variable_core,0.001,outer_holdout,True,15,3,10,6.8,2.04,1,59.0,5.0,0.085,1.34,0.115,2.9,33.7,2,irregular_T10_11,late_T8_11,3.13,0.25,2.335820895522388,21.8,0.34459562836388274,1,6.042854342265024,5.550731855337055,0.05878102014396508,0.05847953216374269,0.17690793127512258,3.021427171132512,10.754311432158332,0.737121133508546,0.11376130439344363,False,False,False,none,True,0.1345285945018405,0.4977049967480541,0.7,0.959641421649448,58.77231174724035,996.627285838714,9.766640465548646,211.83497254240112,0.6233598291151023,0.3684395391816408,1.3384564936046048
NGC0024,variable_core,0.001,outer_holdout,True,29,6,5,7.3,0.36,2,64.0,3.0,3.889,1.34,0.676,7.29,106.3,1,spiral_T1_9,spiral_T1_7,11.27,0.21,8.410447761194028,92.4,0.23735984365446766,0,-30.829806952871802,-35.69699423441981,0.05590564020769221,0.0376583450952717,-0.2865775664226913,-9.23039934715459,132.5794819750253,-0.38337258410244607,0.012810577307638533,False,False,True,lower,False,0.0032740710187936,0.4998753663367368,0.7,1.0001559460101364,64.00982221305638,1.1320414960396466e-15,0.8534907097323272,113.15842067655711,-0.3961831614100846,0.9248191176812989,1.9656719712201067
NGC0055,variable_core,0.001,outer_holdout,True,21,5,9,2.11,0.11,2,77.0,3.0,4.628,6.11,1.565,10.24,85.6,2,spiral_T1_9,late_T8_11,13.5,1.23,2.20949263502455,82.4,0.3066324672563132,1,-3.8083612200638073,-3.7006375940399323,0.05874564875253716,0.06358381502890173,-0.04396727614968597,-0.9667549741401281,1.5396733170525185,-0.25004287783442614,0.07977277874492703,False,False,False,none,False,0.0236380673126602,0.4972859597081769,0.7,1.0001069913816276,77.00285431019071,1.9802852120754768,2.426585010399568,48.82103071071489,-0.3298156565793532,0.34429255825245186,1.9159272116971158
NGC0100,variable_core,0.001,outer_holdout,True,21,5,6,13.5,4.05,1,89.0,1.0,3.232,1.66,1.99,16.36,88.1,1,spiral_T1_9,spiral_T1_7,9.62,0.23,5.795180722891566,77.8,0.16738598530612242,0,-6.825485177232295,-6.9632548252812825,0.09508027717953627,0.08730337078651684,-0.07626507181343851,-0.8854211164752834,0.9835486453067329,-0.11871010085340379,0.3098878013373376,False,False,True,lower,False,0.1100677602481635,0.5118002214364258,0.7,1.033020328074449,89.00023088542476,2.3711007813386816e-15,2.9978524469932863,96.06723712923116,-0.4285979021907414,0.7630669839977579,1.890979596989689
NGC0247,variable_core,0.001,outer_holdout,True,26,6,7,3.7,0.19,2,74.0,3.0,7.332,3.74,1.746,12.79,104.9,2,spiral_T1_9,spiral_T1_7,14.54,1.08,3.887700534759358,88.9,0.25259502040816323,1,-7.985338904290583,-7.296017548090532,0.08116651303376161,0.08238095238095239,-0.07514385478113482,-0.9369333138881027,0.9474197590844583,-0.12481547461280022,0.13022088841754906,True,False,True,upper,True,6.0,1.9905358527674863,0.7,1.1253651534066171,77.67303153877984,999.9993211073664,37.98882344392264,215.4440116845948,-0.25503636303034927,0.5896928043225388,1.9489017609702137
NGC0289,variable_core,0.001,outer_holdout,True,28,6,4,20.8,5.2,1,46.0,5.0,72.065,6.74,27.469,49.51,163.0,2,spiral_T1_9,spiral_T1_7,71.12,1.5,10.55192878338279,175.0,0.2353007261095904,1,0.7543478508748601,1.7527807664826724,0.06067258848150741,0.060236081747709655,0.005160591621794553,0.25647803452447193,0.7378305904342359,-0.40789755992043103,-0.15548364811763798,False,False,True,lower,False,1.2112030133140568,0.6608308445643118,0.7,1.2719439093262084,50.04595713432343,3.647060821916945e-20,18.6347909621515,178.80503174692888,-0.25241391180279305,1.0233318514268375,2.2430380486862944
NGC0300,variable_core,0.001,outer_holdout,True,25,5,7,2.08,0.1,2,42.0,10.0,2.922,1.75,0.936,9.2,93.3,2,spiral_T1_9,spiral_T1_7,11.8,0.91,6.742857142857143,88.2,0.14859433958186558,1,-10.717602332501485,-10.127025177657487,0.08633011744677598,0.11422413793103449,-0.11413170078943483,-2.84557699965798,13.916067789826887,-0.419099386911901,-0.1932527297188096,False,False,True,lower,False,1.232026834988232,0.645626948522732,0.7,1.0112353883914256,54.32026834988232,2.291152541424015e-22,3.0370705530800284,94.96189332746266,-0.2258466571930914,0.828843958619831,1.9454685851318196
NGC0801,variable_core,0.001,outer_holdout,True,13,3,5,80.7,8.07,1,80.0,1.0,312.57,8.72,23.201,44.99,220.1,1,spiral_T1_9,spiral_T1_7,59.82,1.17,6.860091743119265,219.0,0.44167279456721115,0,-22.327044659387354,-24.156019217922847,0.024913464866735898,0.021962616822429906,-0.10353732431991274,-5.1117275333435686,35.02467057471902,-0.33108792526674435,0.03562389938023551,False,False,True,lower,False,0.9852451423158384,0.6273277781387726,0.7,1.0394726805729737,80.02519129184539,8.181164981129479e-12,15.201586998510551,162.48210086818236,-0.3667118246469799,0.8363299237627321,2.3404441148401185
NGC0891,variable_core,0.001,outer_holdout,True,18,4,3,9.91,0.5,2,90.0,1.0,138.34,2.55,4.462,18.16,216.1,1,spiral_T1_9,spiral_T1_7,17.11,0.92,6.709803921568628,222.5,0.549237392179311,0,-6.239678937916722,-6.487948276448705,0.018868353010490106,0.020711360398860398,-0.029462292969411955,-1.521976069037787,2.4226618621913256,-0.41041557815157376,-0.2683750398256423,True,False,False,none,False,2.820799879740887,0.2611499916951187,0.6702422946729655,0.9658169148981776,89.99999999692344,0.5059194048269318,3.878690356521672,193.57569890055137,-0.14204053832593144,0.8267098291071451,2.3473300153169503
NGC1003,variable_core,0.001,outer_holdout,True,36,8,6,11.4,3.42,1,67.0,5.0,6.82,1.61,5.88,33.33,109.8,1,spiral_T1_9,spiral_T1_7,30.24,1.25,18.782608695652172,103.5,0.11659439354440493,0,-7.302210031763154,-6.973307074422131,0.020350824278704563,0.020558213716108453,-0.0650013667011142,-3.4279583691264848,12.79503418396394,0.12905065911164404,0.19848596046011582,False,False,True,lower,False,1.697391998067907,0.6788653515475713,0.7,1.509217599420372,69.7492230413747,2.1087288856697043e-25,9.75425282654558,119.30844416532749,-0.06943530134847178,1.273755910797319,2.0149403497929366
NGC1090,variable_core,0.001,outer_holdout,True,24,5,4,37.0,9.25,1,64.0,3.0,72.045,3.53,8.783,30.49,164.4,1,spiral_T1_9,spiral_T1_7,30.09,0.35,8.524079320113314,165.0,0.34270975108654694,0,-1.360701745009146,-1.492210650226184,0.013782955578277665,0.013765432098765433,-0.008419688963499402,-0.6101801547126217,0.46660587316443375,-0.1341192905114585,-0.08072253427834408,False,False,True,lower,False,1.0560546311063788,0.6376398742280942,0.7,1.1109895927562743,64.29832343913846,2.6771693779354283e-16,10.674566650142031,153.61170352533784,-0.053396756233114406,0.9306474823522579,2.2174839442139063
NGC2403,variable_core,0.001,outer_holdout,True,73,15,6,3.16,0.16,2,63.0,3.0,10.041,1.39,3.199,15.11,131.2,1,spiral_T1_9,spiral_T1_7,20.87,0.16,15.014388489208635,114.0,0.2004949237023836,0,-22.133859922077523,-24.076060465573704,0.030535903023744773,0.02875,-0.16462422181599656,-8.965620201645425,139.85871510463983,-0.4296876179811352,0.031459234772276495,False,False,True,lower,False,2.2657365277844157,0.6616908247928832,0.7,1.1147208368498438,69.01179222999639,6.475726328432468e-14,4.094964496502699,131.81416569669017,-0.4611468527534117,1.176507648811359,2.0569048513364727
NGC2683,variable_core,0.001,outer_holdout,True,11,3,3,9.81,0.49,2,80.0,5.0,80.415,2.18,1.406,13.79,154.0,2,spiral_T1_9,spiral_T1_7,34.62,2.89,15.880733944954127,172.0,0.25418338475200797,1,-23.819034642173918,-23.777140172992517,0.06882877590258492,0.06451612903225806,-0.15362682501418298,-2.2405257473377174,5.03111806073449,-0.5092811333625,-0.3177853212778884,False,False,True,lower,False,0.7040768648106631,0.5880004938302825,0.7309300125798184,1.0095523652192435,80.5607917147284,1.3415782252254468e-16,4.9868169711431705,177.5019735865041,-0.19149581208461164,1.2008705699347701,2.2355284469075487
NGC2841,variable_core,0.001,outer_holdout,True,50,10,3,14.1,1.4,3,76.0,10.0,188.121,3.64,9.775,45.12,284.8,1,spiral_T1_9,spiral_T1_7,63.64,3.44,17.483516483516482,301.0,0.18115576613796608,0,-36.356330113766106,-36.19429921266304,0.017859856670647732,0.01539065588026035,-0.12694338666920454,-6.939014537472221,53.20682499836984,-0.3808711033330518,0.16915162949146478,False,False,False,none,False,2.961448051122653,0.988814461639863,0.8962187605805443,1.1446732615184456,83.09785598754488,0.2627338752056267,12.687004027114494,257.0675901959177,-0.5500227328245166,1.242628787325488,2.4785664955938436
NGC2903,variable_core,0.001,outer_holdout,True,34,7,4,6.6,1.98,1,66.0,3.0,81.863,2.33,2.552,13.76,184.6,1,spiral_T1_9,spiral_T1_7,24.96,0.32,10.71244635193133,189.5,0.29820008400292186,0,-17.102715516050953,-14.671436252985558,0.021318938516700074,0.016853932584269662,-0.09453431200535063,-4.667582533251381,22.62180093208804,-0.4380409813540428,-0.11587509789217186,False,False,True,lower,False,0.3449335259666987,0.5170184687822779,0.7,0.8965199422099904,65.85483612045972,9.326864721474892e-15,5.112774198907748,198.85594545113608,-0.3221658834618709,1.0298886599843673,2.2776092143040914
NGC2915,variable_core,0.001,outer_holdout,True,30,6,11,4.06,0.2,2,56.0,4.0,0.641,0.55,0.508,7.16,83.5,2,irregular_T10_11,late_T8_11,10.04,0.34,18.25454545454545,81.15,0.0764037753062881,1,-13.398996352949679,-14.36909646406071,0.07493151713431906,0.07116753451488081,-0.1578440532756395,-2.2210246516503136,5.511385320184154,-0.4134407601247693,0.30752732726750026,False,False,True,lower,False,0.7331541521354525,0.4223325835283757,0.7,0.992341090808214,54.76442591333804,1.6947199051577896e-18,1.7824371928931904,107.07464902294964,-0.7209680873922696,1.2613710233147566,1.9092885241622508
NGC2955,variable_core,0.001,outer_holdout,True,24,5,3,97.9,9.8,1,56.0,7.0,319.422,18.76,28.949,40.34,0.0,1,spiral_T1_9,spiral_T1_7,35.43,0.75,1.8885927505330489,255.5,0.5584935718233018,0,5.025092215083606,2.948039454332104,0.05344261392480596,0.05354330708661417,0.019479815281151103,0.3359876771683383,0.2202153524183045,-0.4119701676418838,-0.3268030260283482,False,False,False,none,False,1.93788944807179,0.3200229023005924,0.9477782042632502,0.9723128704655236,52.47022173756295,3.964428174814712,3.813025058057552,106.14914095969482,-0.08516714161353561,0.2761383182901315,2.4073909044707316
NGC2976,variable_core,0.001,outer_holdout,True,27,6,5,3.58,0.18,2,61.0,10.0,3.371,1.01,0.172,3.04,85.4,2,spiral_T1_9,spiral_T1_7,2.27,0.11,2.2475247524752477,49.2,0.5898784583113941,1,2.3280148199289408,1.8592515125242741,0.05294922752827507,0.05256260291542557,0.028116046406372053,0.5158996398686466,0.3692232492334857,0.35229703069650947,0.297763937630636,False,False,False,none,False,0.191699722089412,0.4784097611551985,0.7,0.99822062155241,59.55870173105176,2.488070371388081,0.7718374503595712,49.52763002067206,0.05453309306587345,0.35170448341048016,1.6919651027673603
NGC2998,variable_core,0.001,outer_holdout,True,13,3,5,68.1,10.2,1,58.0,2.0,150.902,6.2,23.451,43.58,209.9,1,spiral_T1_9,spiral_T1_7,42.28,0.33,6.819354838709677,206.0,0.34193970772994775,0,4.574405638801683,3.7632854033117553,0.012750834508969527,0.014084507042253521,0.02205797435393581,1.7338732908956587,3.505784798025457,-0.10675994248785883,-0.1747503217706838,False,False,False,none,False,1.8475665046943817,0.7651148915821798,0.7,1.1549758819754392,58.67793082424839,2.838303665881983,8.870222263559953,90.79098463085676,0.06799037928282498,0.8337432891371348,2.3138672203691533
NGC3109,variable_core,0.001,outer_holdout,True,25,5,9,1.33,0.07,2,70.0,5.0,0.194,1.56,0.477,6.0,66.2,1,spiral_T1_9,late_T8_11,6.45,0.26,4.134615384615385,50.6,0.10808169534354384,0,-3.276532206934694,-3.2198329898324047,0.04745520936839689,0.048048048048048055,-0.04938705138184579,-1.0433901327244668,1.1383292959498745,0.07857363495203194,0.18895598992328522,False,False,True,lower,False,0.0975880639513611,0.5113624225303708,0.7,0.9994923931406214,69.94164083386947,3.1726196587576383e-18,2.4844631496624654,76.86135462443893,-0.11038235497125327,0.6164351162808062,1.7041505168397992
NGC3198,variable_core,0.001,outer_holdout,True,43,9,5,13.8,1.4,3,73.0,3.0,38.279,3.14,10.869,35.66,150.1,1,spiral_T1_9,spiral_T1_7,44.08,0.32,14.038216560509554,146.0,0.23196221382998686,0,-15.395774763498196,-15.703976312336891,0.01497055479639963,0.013513513513513514,-0.10341892600654731,-6.757431342415628,55.195695811376325,-0.35913673662048035,0.0458946547723965,False,False,True,lower,False,1.756108028604523,0.7491707403312154,0.7,1.0750981665663892,73.71974542091161,1.5299450772925405e-15,8.329707083368676,156.5485987113808,-0.40503139139287686,1.1473119377705137,2.164352855784437
NGC3521,variable_core,0.001,outer_holdout,True,41,9,4,7.7,2.3,1,75.0,5.0,84.836,2.4,4.154,18.85,213.7,1,spiral_T1_9,spiral_T1_7,17.74,0.51,7.391666666666667,213.0,0.6675563224126786,0,-13.381685464401244,-13.04092138797185,0.0728212436399789,0.05194174757281553,-0.0635364244340151,-1.1316609743395714,2.13145503021366,0.0008327419095333545,-0.03420928318373165,False,False,True,upper,True,0.3731696797902846,0.5370443876389246,0.7,1.1114662679893057,75.31750238413606,999.9997641595172,12.826919914103163,212.2968159046333,0.035042025093265004,0.8687423737841016,2.3283796034387376
NGC3726,variable_core,0.001,outer_holdout,True,12,3,5,18.0,2.5,4,53.0,2.0,70.234,3.4,6.473,22.2,168.0,2,spiral_T1_9,spiral_T1_7,32.52,3.5,9.564705882352943,159.0,0.26180609751099576,1,-20.272480113854954,-21.28337568011372,0.07227836521940621,0.0630952380952381,-0.12067528415599316,-1.7077337794119078,2.974860197120216,-0.1821509157321601,-0.033377004854594064,False,False,True,lower,False,0.7608005512229294,0.5957308071756464,0.7,1.0318085454782535,53.17786053356537,2.7821371961514073e-24,12.274630756401727,150.24581254253354,-0.14877391087756603,0.9806716198797755,2.2013971243204513
NGC3741,variable_core,0.001,outer_holdout,True,21,5,10,3.21,0.17,2,70.0,4.0,0.028,0.2,0.182,4.2,50.1,1,irregular_T10_11,late_T8_11,7.0,0.23,35.0,36.5,0.08112721999999999,0,-7.242752934590898,-7.223077154711504,0.05102019830312372,0.047808764940239036,-0.14388545706389394,-2.783846887903901,8.009853846496904,-0.24805228618114541,0.16350615604685195,False,False,True,lower,False,2.296499028225337,0.848437600715081,0.7,1.0342790609690922,72.2587435927539,8.033331328653619e-19,1.773438531496114,54.374507670290456,-0.41155844222799737,1.5440680443502757,1.5622928644564746
NGC3769,variable_core,0.001,outer_holdout,True,12,3,3,18.0,2.5,4,70.0,2.0,18.679,3.38,5.529,22.57,118.6,2,spiral_T1_9,spiral_T1_7,37.16,1.74,10.994082840236686,118.0,0.16445895862183707,1,-37.72580141918678,-38.25826182052624,0.08845115595459896,0.08813559322033898,-0.32157065568209753,-3.6404373153838114,13.269464092008972,-0.4905615096952298,-0.4366358833199427,False,False,False,none,False,0.4784447579040364,0.4478427300042158,0.7,0.9604842650245116,69.89946313322328,0.2497117164983074,3.903356246389508,122.15551659985346,-0.05392562637528714,1.0411590050439494,2.0718820073061255
NGC3877,variable_core,0.001,outer_holdout,True,13,3,5,18.0,2.5,4,76.0,1.0,72.535,2.53,1.483,11.47,168.4,2,spiral_T1_9,spiral_T1_7,11.35,0.87,4.486166007905139,162.0,0.7102281327684605,1,-12.056459557785947,-12.246911736060525,0.034534833622711696,0.033529411764705884,-0.07102146403637048,-2.0114499160241226,4.152602056579305,-0.4016596269671025,-0.07022386982657271,False,False,False,none,False,1.6883229379335212,0.3389516173514582,0.7,0.8303648040826941,75.93614674328171,0.510988345071806,2.0559310118641934,147.12295034556485,-0.3314357571405298,0.6518753403533236,2.2095150145426308
NGC3893,variable_core,0.001,outer_holdout,True,10,2,5,18.0,2.5,4,49.0,2.0,58.525,2.38,5.799,20.84,174.0,1,spiral_T1_9,spiral_T1_7,19.05,1.74,8.004201680672269,182.5,0.3342177117214111,0,-9.635138096298292,-9.635138096298292,0.07365779804028307,0.07365779804028307,-0.056020562442477335,-0.7760474989207415,0.6275167270211841,-0.40981362754105627,-0.5447266059346096,False,False,True,lower,False,0.0603097773282546,0.5069918547326093,0.7,0.9950713692634328,48.96910912587979,3.9872653107652756e-17,4.333025734177195,186.75463700980947,0.13491297839355337,0.9033180229551262,2.2612628687924934
NGC3917,variable_core,0.001,outer_holdout,True,17,4,6,18.0,2.5,4,79.0,2.0,21.966,2.63,1.888,14.08,135.9,1,spiral_T1_9,spiral_T1_7,14.86,0.87,5.650190114068441,134.0,0.31395441152965,0,-10.78193030242895,-11.047210510077726,0.03825505130646356,0.03636411721146726,-0.07852850663961283,-2.0102486087842193,4.194556242895712,-0.40779311451882777,0.011079832934552987,False,False,True,lower,False,0.7283068657738979,0.42280422430067,0.7,0.9459028417316704,78.92751708377418,3.173686387402074e-17,3.496355687846445,150.00873889116022,-0.4188729474533808,0.7520630609347986,2.1271047983648077
NGC3953,variable_core,0.001,outer_holdout,True,8,2,4,18.0,2.5,4,62.0,1.0,141.301,4.89,2.832,17.38,220.8,1,spiral_T1_9,spiral_T1_7,15.68,3.5,3.206543967280164,219.5,0.5688839644451532,0,-13.842150522705921,-13.842150522705921,0.03617421096345515,0.03617421096345515,-0.06322487894664842,-1.8037812573047372,3.3049344625290473,-0.49268090747707177,-0.34863769161990155,False,False,True,lower,False,0.2377039734442304,0.5281294694829931,0.7,1.0217699123957913,62.02138277680952,5.623130104684553e-17,3.10167837395857,176.40498462201649,-0.14404321585717023,0.5060371992247994,2.34143452457814
NGC3972,variable_core,0.001,outer_holdout,True,10,2,4,18.0,2.5,4,77.0,1.0,14.353,2.18,1.214,10.05,132.7,1,spiral_T1_9,spiral_T1_7,8.72,0.87,4.0,113.0,0.3368280611870436,0,-14.441914956002648,-14.441914956002648,0.041044776119402986,0.041044776119402986,-0.10777548474628842,-2.6983380458243924,7.723129741032505,-0.32439050526997565,0.0,False,False,True,lower,False,0.0723840443723765,0.5071120302311395,0.7,1.0100533394961635,77.00424093082482,6.433213358169856e-15,2.4464076555727097,125.89332176966074,-0.32439050526997565,0.6020599913279624,2.0530784434834195
NGC3992,variable_core,0.001,outer_holdout,True,9,2,4,23.7,2.3,5,56.0,2.0,226.932,4.96,16.599,32.75,241.0,1,spiral_T1_9,spiral_T1_7,46.02,9.19,9.278225806451614,248.0,0.2588026617999001,0,-3.101216506322814,-3.101216506322814,0.0310065304550309,0.0310065304550309,-0.012980491164602233,-0.4279711336145697,0.18616323386997774,-0.1704903458809263,-0.15965729576112495,False,False,True,lower,False,2.8363006386589587,0.9607271593623856,0.7,1.1054293323102935,57.117053313997374,1.3318829541785625e-12,21.624893235661776,218.72460359001192,-0.010833050119801346,0.9674649378424272,2.3944516808262164
NGC4010,variable_core,0.001,outer_holdout,True,12,3,7,18.0,2.5,4,89.0,1.0,17.193,2.81,2.832,17.59,125.8,2,spiral_T1_9,spiral_T1_7,10.47,0.87,3.725978647686833,109.5,0.36410069459969785,1,18.56401326967773,19.23185331313951,0.03775124189592641,0.04015748031496063,0.15009722678226697,4.1452834553888955,20.221170418516426,0.33727786373028495,-0.22013486578216399,False,False,False,none,False,0.0704576583656996,0.4919537081984804,0.7,0.9921627977368842,88.99975411802055,2.526033966281225,3.278747853912084,87.12533390220666,0.5574127295124489,0.5712403617737625,2.0394141191761372
NGC4013,variable_core,0.001,outer_holdout,True,36,8,3,18.0,2.5,4,89.0,1.0,79.094,3.53,2.967,31.35,172.9,2,spiral_T1_9,spiral_T1_7,31.01,5.49,8.784702549575071,178.0,0.24156643395061728,1,-3.5774840897483706,-5.213380795714755,0.034634033776238124,0.02841275991217874,-0.019777705284554928,-0.6811471691569706,0.7602545675713448,0.01480601660300289,-0.23499055372971203,False,False,True,lower,False,0.7120774259757534,0.5829795762942721,0.8063905598315761,1.0988996424966324,89.00342082800508,4.0390509102124164e-15,14.118820197530368,193.65487707559492,0.24979657033271493,0.9437270608495039,2.250420002308894
NGC4088,variable_core,0.001,outer_holdout,True,12,3,4,18.0,2.5,4,69.0,2.0,107.286,2.58,8.226,22.25,171.7,1,spiral_T1_9,spiral_T1_7,21.48,1.74,8.325581395348838,171.0,0.6009229994319083,0,-6.061232017113345,-6.954674889853209,0.042636650839917634,0.04367816091954023,-0.03499100579399203,-0.7504592255589513,1.050660497936842,-0.10814081880096627,0.25250065109124226,False,False,True,lower,False,0.4543993942233413,0.4503291551554034,0.7,0.9591947418395894,68.89062799198429,2.773787928310938e-13,10.842627911067211,157.80698699065314,-0.3606414698922085,0.9204145710642879,2.2329961103921536
NGC4100,variable_core,0.001,outer_holdout,True,24,5,4,18.0,2.5,4,73.0,2.0,59.394,2.15,3.102,18.06,158.2,1,spiral_T1_9,spiral_T1_7,22.76,2.61,10.586046511627908,178.5,0.3063761352878611,0,3.4221513576522966,2.871847824291507,0.04716376273136208,0.04810126582278481,0.021616074357121078,0.49325779190326474,0.5109051566388365,-0.39794216894804574,-0.29341108472731686,False,False,True,lower,False,1.4590128719104651,0.699634620011624,0.7,1.106431185351242,73.25642851068586,1.3369402696353166e-19,6.391549847524745,164.6415362999498,-0.10453108422072888,1.0247337978074282,2.251638220448212
NGC4157,variable_core,0.001,outer_holdout,True,17,4,3,18.0,2.5,4,82.0,3.0,105.62,2.32,8.226,24.09,184.7,1,spiral_T1_9,spiral_T1_7,29.61,1.74,12.76293103448276,185.0,0.3445311366921031,0,-3.656595092451404,-3.3494447467436856,0.06441040268880381,0.06740191804707935,-0.0197396717539178,-0.30713957180726936,0.09793698364743725,-0.09784263066264741,-0.04222334061252832,False,False,True,lower,False,0.3644100883940682,0.542564470767915,0.6436607562604995,0.9975497574159669,81.99440058863397,1.5740324777384504e-15,12.3729572175999,191.95707419569013,-0.05561929005011909,1.1059504224983996,2.2671717284030137
NGC4183,variable_core,0.001,outer_holdout,True,23,5,6,18.0,2.5,4,82.0,2.0,10.838,2.79,3.506,16.07,110.6,1,spiral_T1_9,spiral_T1_7,21.02,0.87,7.534050179211469,109.0,0.24187166578330843,0,-17.861369071019457,-16.989513910537482,0.06610454824869862,0.04818181818181818,-0.16071524267956677,-2.560265385327161,6.722086058725159,-0.45410173977369866,0.1492705288542871,False,False,True,lower,False,1.1885865765592658,0.6573984291339873,0.7,1.1026231918457563,82.11345626885559,3.91361358847106e-25,3.464082977748184,116.82560919755538,-0.6033722686279858,0.8770285084186259,2.037426497940624
NGC4217,variable_core,0.001,outer_holdout,True,19,4,3,18.0,2.5,4,86.0,2.0,85.299,2.94,2.562,16.7,181.3,1,spiral_T1_9,spiral_T1_7,16.72,0.87,5.687074829931973,179.0,0.5874801832027714,0,-4.424125703393095,-3.72596362084532,0.048737355871205874,0.04463276836158192,-0.024913857070097023,-0.4407321395181184,0.30665858015239394,-0.35763501235621903,-0.029234965599599035,False,False,True,lower,False,3.153954596323934,0.486118000255494,0.3661392131762356,0.5619507505105648,85.8713841291973,2.108370931726777e-17,4.103674763841614,214.6751219297354,-0.32840004675662,0.7548889426908403,2.2528530309798933
NGC4559,variable_core,0.001,outer_holdout,True,32,7,6,9.0,2.7,1,67.0,1.0,19.377,2.1,5.811,21.16,121.2,1,spiral_T1_9,spiral_T1_7,20.97,0.67,9.985714285714284,119.5,0.33695148481590975,0,-0.44623818820572786,-0.8991724830598002,0.049406482452475205,0.0495,-0.0037434476560566574,-0.07029978417332916,0.046254746399794655,-0.252101299188526,-0.12598735944065334,False,False,False,none,False,0.5875316732892457,0.5631337265908641,0.7,1.1762595019867736,67.03407649709129,5.90609307232261,2.4456301553110174,38.0775390266651,-0.12611393974787263,0.9993791357314245,2.0773679052841563
NGC5005,variable_core,0.001,outer_holdout,True,18,4,4,16.9,1.5,5,68.0,2.0,178.72,9.45,1.28,10.41,262.2,1,spiral_T1_9,spiral_T1_7,11.47,0.49,1.2137566137566138,260.0,0.682692169642958,0,-11.624781829988308,-10.273098388845497,0.08327008290451686,0.08317610062893081,-0.043940522474433044,-0.5286976866050593,0.3790382056380545,-0.2977093523791522,-0.0007545953232283547,False,False,True,lower,False,0.7522317037952805,0.4989614858118847,0.5886740202094183,0.9700625729516892,67.7898392450581,4.404613991231601e-12,3.4391492230783416,192.4724240756187,-0.29695475705592383,0.08413160939200474,2.4149733479708178
NGC5033,variable_core,0.001,outer_holdout,True,22,5,5,15.7,4.7,1,66.0,1.0,110.509,5.16,11.314,29.53,194.2,1,spiral_T1_9,spiral_T1_7,44.59,0.76,8.641472868217054,217.5,0.2624681385547809,0,-9.008676018428456,-8.110360565909929,0.01860092170323266,0.015706806282722512,-0.04626498791478443,-2.1851504928477614,8.504505632753814,-0.46424646976788403,0.09805843611030518,False,False,True,lower,False,1.838101547082417,0.7115047702076138,0.4584456806765351,1.0214359814800456,66.00379796654533,1.99565179414193e-16,8.945791898062335,227.2657506865413,-0.5623049058781893,0.9365877707223959,2.337459261290656
NGC5055,variable_core,0.001,outer_holdout,True,28,6,4,9.9,0.3,2,55.0,6.0,152.922,3.2,11.722,35.06,179.0,1,spiral_T1_9,spiral_T1_7,54.59,0.72,17.059375,189.0,0.30148861265080507,0,-23.70144137599296,-25.042885111724686,0.01716863385429396,0.0180933346176074,-0.13413526982717397,-13.845328690288708,386.90583155468147,-0.44357874567913,-0.144776164959038,False,False,True,lower,False,0.2591999857564598,0.471031559034604,0.7,0.9994456908706536,54.45836103688867,5.0389489949779244e-17,9.380054243554737,193.31661892910057,-0.298802580720092,1.2319631159860553,2.2764618041732443
NGC5371,variable_core,0.001,outer_holdout,True,19,4,4,39.7,9.92,1,53.0,2.0,340.393,7.44,11.18,30.03,209.5,1,spiral_T1_9,spiral_T1_7,46.24,1.45,6.21505376344086,215.0,0.5646984860392011,0,-38.27801435547702,-37.74263884852569,0.021465552698430517,0.019277220364176888,-0.18257165278272788,-8.467723588989589,73.75420518567631,-0.6436981248307937,0.08569283345257585,False,False,True,lower,False,2.7092408978373608,0.3628341078793689,0.7,1.676969010240469,54.79145505481806,1.3514134064245527e-16,1.1368650545556878,146.75564322096832,-0.7293909582833695,0.7934448898665939,2.3324384599156054
NGC5585,variable_core,0.001,outer_holdout,True,24,5,7,7.06,2.12,1,51.0,2.0,2.943,1.53,1.683,10.92,90.3,1,spiral_T1_9,spiral_T1_7,10.96,0.09,7.163398692810458,68.69999999999999,0.21595699061500612,0,-3.693823733101817,-3.5001267050679843,0.02297771622003794,0.028384279475982536,-0.040844379672184905,-2.0425840770615395,5.069891307187316,-0.2565030918333088,-0.10711950055662457,False,False,False,none,False,0.4952531470087533,0.5603963772024683,0.7,1.135044028016886,51.19089603849687,1.7342482040323026,2.0298348165683824,56.78675212381172,-0.14938359127668427,0.8551191233307516,1.8369567370595503
NGC5907,variable_core,0.001,outer_holdout,True,19,4,5,17.3,0.9,2,88.0,2.0,175.425,5.34,21.025,0.0,215.0,1,spiral_T1_9,spiral_T1_7,50.33,5.03,9.425093632958802,218.0,0.2854637785065158,0,-5.535881263385129,-4.882200661812149,0.018562084474167052,0.01849748151323545,-0.025667934377208913,-1.4148457011375442,2.052628710955293,-0.07717885957652461,-0.03352140655260635,False,False,True,lower,False,2.801760663040908,0.9531166814586056,0.7,1.030762541736869,88.05554770604259,4.332555652329666e-13,23.03606169361057,202.98944403434015,-0.043657453023918255,0.9742856733685831,2.3384564936046046
NGC5985,variable_core,0.001,outer_holdout,True,33,7,3,39.7,9.9,1,60.0,2.0,208.728,7.01,11.586,39.5,293.6,1,spiral_T1_9,spiral_T1_7,34.72,3.54,4.9529243937232525,291.0,0.27124533215296626,0,-29.242813126340447,-29.22249786041789,0.015411381725668787,0.013888888888888888,-0.10047178724246852,-6.8556035726122335,53.01701411676072,-0.29735601554716984,-0.08412195059213617,False,False,True,upper,False,2.53038255995352,0.8618825911701835,0.727496258137073,1.6310022000891649,61.26686299936701,999.9999991493872,0.0850826569186073,5.490915240485465,-0.21323406495503366,0.6948616985377957,2.4638929889859074
NGC6015,variable_core,0.001,outer_holdout,True,44,9,6,17.0,5.1,1,60.0,2.0,32.129,2.3,5.834,21.43,154.1,2,spiral_T1_9,spiral_T1_7,29.23,0.34,12.708695652173914,152.0,0.20998834752909432,1,36.65993675543545,38.33540721728863,0.04146721340430485,0.048734177215189876,0.2386979566805255,7.450907812203699,77.67340370484946,0.6151229881323605,-0.06792319889703084,False,False,True,upper,True,2.0337129764467496,0.7986220593077747,0.7,1.3617624838687392,60.43365032062343,1000.0,19.201353826654643,212.9055269172881,0.6830461870293913,1.1041009793398435,2.1818435879447726
NGC6195,variable_core,0.001,outer_holdout,True,23,5,3,127.8,12.8,1,62.0,5.0,391.076,13.94,20.907,40.89,251.7,1,spiral_T1_9,spiral_T1_7,36.43,1.33,2.6133428981348636,247.0,0.688132100245497,0,-33.19484720270923,-39.86118019537017,0.025991982644278246,0.02562992125984252,-0.1330719287053574,-5.703141577466729,46.62538240114257,-0.5017487500744063,-0.09072741928316383,False,False,False,none,False,2.196820680174448,0.7559764816419513,0.4221006024383828,1.0047027048794552,62.21655285446289,939.5758897134984,0.0339646931024676,4.878956871530432,-0.4110213307912425,0.41719639747992526,2.392696953259666
NGC6503,variable_core,0.001,outer_holdout,True,31,7,6,6.26,0.31,2,74.0,2.0,12.845,2.16,1.744,14.05,116.3,1,spiral_T1_9,spiral_T1_7,23.5,0.76,10.87962962962963,116.0,0.16276716824196596,0,-11.335961623664963,-12.151526396100124,0.030951740900290264,0.017543859649122806,-0.09805770259436254,-3.8731021729876107,16.70345750299021,-0.4028769384158812,0.08749212671408452,False,False,True,lower,False,1.3227165280459894,0.6780186767539651,0.7,1.014470648656413,74.23594846656358,3.3542280142073753e-16,5.225733713278321,129.853775591865,-0.4903690651299657,1.0366141111208054,2.0644579892269186
NGC6674,variable_core,0.001,outer_holdout,True,15,3,3,51.2,10.2,1,54.0,6.0,214.654,6.04,32.165,50.02,241.3,1,spiral_T1_9,spiral_T1_7,72.41,2.5,11.988410596026489,242.0,0.17472055687751997,0,0.07840362507731886,1.4956896776660926,0.015106721315147037,0.01652892561983471,0.0004126707913843144,-0.355378047465392,1.4504758797493194,0.07412975813201618,-0.11214680030163289,False,False,True,lower,False,2.469121077547753,0.8828402236109555,0.7167421256121932,1.3459894657526887,61.87990085300743,9.962177552203427e-12,44.59637365512618,283.0112701243327,0.18627655843364907,1.0787616088594338,2.383815365980431
NGC6946,variable_core,0.001,outer_holdout,True,58,12,6,5.52,1.66,2,38.0,2.0,66.173,2.44,5.67,21.25,158.9,1,spiral_T1_9,spiral_T1_7,20.4,0.19,8.360655737704917,167.0,0.43226802557093225,0,-0.8816683638806708,-1.6600083723440946,0.08478307454980534,0.07211084905660378,-0.0055676882634453605,-0.030149622457343567,0.04641614624982821,-0.2809169775076102,-0.07445151873374613,False,False,True,lower,False,0.9137107355211108,0.61618659398478,0.5671879119247115,0.9832384089965246,37.96738152648027,4.3886704341722e-14,6.646722996962035,148.6717938042948,-0.20646545877386407,0.9222403410871692,2.2227164711475833
NGC7331,variable_core,0.001,outer_holdout,True,36,8,3,14.7,1.5,3,75.0,2.0,250.631,5.02,11.067,27.01,239.0,1,spiral_T1_9,spiral_T1_7,36.31,2.67,7.2330677290836665,239.0,0.3937968770300031,0,-14.832057456018394,-14.244899836367921,0.022020465319814067,0.02100877425277616,-0.06216767644073452,-2.8253948263673827,8.148595850323193,-0.29047824415199025,-0.002606098546270516,False,False,True,lower,False,0.9578744025473876,0.4776946461570357,0.5614493711753628,0.9101608037598412,74.70003713084053,3.838166780781111e-15,10.984540508650346,234.00914166830407,-0.2878721456057197,0.8593225317678731,2.3783979009481375
NGC7793,variable_core,0.001,outer_holdout,True,46,10,7,3.61,0.18,2,47.0,9.0,7.05,1.21,0.861,7.35,0.0,1,spiral_T1_9,spiral_T1_7,7.87,0.11,6.5041322314049586,76.2,0.38746126497272737,0,17.082693039912108,13.032168804964122,0.07921300152144832,0.06780083468583353,0.1774475598425213,2.7808127433748995,22.879309819383224,0.4297562939073105,-0.3345021181935579,False,False,True,upper,True,0.8899192918282586,0.6131143020427267,0.7,1.0099619799824076,55.00927362645433,1000.0,8.352068329344396,237.4608304371933,0.7642584121008684,0.8131893620426145,1.8819549713396004
NGC7814,variable_core,0.001,outer_holdout,True,18,4,2,14.4,0.66,2,90.0,1.0,74.529,2.54,1.07,12.15,218.9,1,spiral_T1_9,spiral_T1_7,19.53,0.63,7.6889763779527565,221.0,0.2876487837365709,0,-18.72750114206376,-18.86274298494658,0.022406542056074768,0.022546728971962617,-0.0875116875797372,-3.8861473548808503,16.225938611807123,-0.39329194716294974,-2.836781442904321e-15,True,False,True,lower,False,0.7132000823683565,0.5892370038835538,0.6636634088456268,1.0040096803634215,89.99999999999902,4.327903257181628e-18,4.749420427645995,221.98290592808544,-0.3932919471629469,0.8858685266679164,2.3443922736851106
UGC00128,variable_core,0.001,outer_holdout,True,22,5,8,64.5,9.7,1,57.0,10.0,12.02,5.95,7.431,31.27,129.3,1,spiral_T1_9,late_T8_11,53.75,1.25,9.033613445378151,127.5,0.12419543667642524,0,-8.104506840775176,-6.716419839741519,0.026899571487173014,0.02062015503875969,-0.06196397785627653,-2.7426024806777893,8.811815736194717,-0.30069369636928944,-0.23843011923731472,False,False,False,none,False,5.397613844631145,1.7327319712852236,0.7,1.491934444193518,79.00553182607517,1.0550106504642525,14.68551963839998,80.8979676070546,-0.06226357713197472,0.9558615028590933,2.1055101847699738
UGC00191,variable_core,0.001,outer_holdout,True,9,2,9,17.1,5.1,1,45.0,5.0,2.004,1.58,1.343,10.03,0.0,1,spiral_T1_9,late_T8_11,9.98,0.62,6.3164556962025316,57.6,0.24472710607981227,0,-14.601038297387298,-14.601038297387298,0.010090439276485789,0.010090439276485789,-0.17619195434531182,-17.110139507963954,295.10407447525506,-0.33935120225904797,0.11827631091123418,False,False,True,lower,False,0.3354484577378118,0.5323451814440117,0.7,1.1000460312551368,46.041173445599,3.733437430594771e-18,1.4062660237086104,87.80610188827868,-0.45762751317028216,0.8004734543329485,1.760422483423212
UGC00731,variable_core,0.001,outer_holdout,True,12,3,10,12.5,3.75,1,57.0,3.0,0.323,2.3,1.807,11.57,73.3,1,irregular_T10_11,late_T8_11,10.91,0.91,4.743478260869566,66.35,0.24415296599595537,0,-6.347818699322967,-5.938432348059564,0.04271781154401042,0.04363143631436315,-0.08590102971156151,-2.0009695406315173,4.0389848841128435,-0.20059476615173114,-0.007742019480537522,False,False,True,lower,False,1.852971265981873,0.5362454685445178,0.7,1.555891379794562,58.82653209099276,2.7126501414709172e-17,1.8482596124541024,78.76474526726686,-0.19285274667119362,0.676096914570749,1.8218409272004543
UGC01281,variable_core,0.001,outer_holdout,True,25,5,8,5.27,0.24,2,90.0,1.0,0.353,1.63,0.294,5.26,55.2,1,spiral_T1_9,late_T8_11,4.99,0.08,3.0613496932515343,37.4,0.17792381466511326,0,-21.144759701009356,-21.8845516625939,0.07193969343836151,0.0718132854578097,-0.379957922785977,-5.286189925252339,28.016572022105727,-0.0021849088471100975,0.13738014082329086,True,False,True,lower,False,5.999999999999999,1.990535852767486,0.7,1.1239456820687233,89.99999922780985,9.717310719222192e-13,0.0490880033455866,8.586878825597735,-0.13956504967040095,0.4859129412194322,1.57287160220048
UGC02259,variable_core,0.001,outer_holdout,True,8,2,8,10.5,3.1,1,41.0,3.0,1.725,1.62,0.494,7.28,86.2,2,spiral_T1_9,late_T8_11,8.14,1.02,5.0246913580246915,83.25,0.1748218135692565,1,-12.733539737729423,-12.733539737729423,0.029690449226123065,0.029690449226123065,-0.14251275720862322,-4.732503517588798,22.69879235339416,-0.4472378149776067,0.14394410097171248,False,False,True,lower,False,1.3518670137256996,0.5857402794500006,0.7,1.3991226421475875,43.147206830932376,1.1754583881017072e-25,1.5489390343781309,94.559908841764,-0.5911819159493191,0.7011093903465703,1.9203842421783575
UGC02487,variable_core,0.001,outer_holdout,True,17,4,0,69.1,10.4,1,36.0,5.0,489.955,7.89,17.963,40.2,332.0,1,S0_T0,S0_T0,80.38,9.93,10.187579214195184,364.0,0.18538000679943453,0,-29.475050320881778,-29.593017609863693,0.025922822879308395,0.025529207740051116,-0.08887487332171398,-4.570884554365332,24.074722478164478,-0.4581670427144654,0.06107524558125139,False,False,True,lower,False,1.658887632203024,0.6117222270553169,0.8273270856315877,1.1782810958695131,44.29443816101512,1.572635949110943e-15,17.492735336057546,334.85298363813104,-0.5192422882957168,1.0080709986465957,2.561101383649056
UGC02885,variable_core,0.001,outer_holdout,True,19,4,5,80.6,8.06,1,64.0,4.0,403.525,11.4,40.075,74.24,289.5,1,spiral_T1_9,spiral_T1_7,74.07,1.7,6.497368421052631,287.0,0.2637727538173956,0,-16.326081112585115,-16.22257987084484,0.03355704697986577,0.03355704697986577,-0.054785507089211795,-1.6326081112585116,2.8312348816587547,-0.2237952267650792,3.0139548966282777e-13,False,False,True,lower,False,1.2094743315544854,0.650665066149411,0.924795000308818,1.0920865582696615,66.44824243342892,6.478732905986041e-28,22.523397390741668,290.5406858524983,-0.2237952267653806,0.812737493315122,2.4578818967339924
UGC02916,variable_core,0.001,outer_holdout,True,43,9,2,65.4,9.8,1,50.0,5.0,124.153,6.15,23.273,34.24,182.7,2,spiral_T1_9,spiral_T1_7,38.0,0.37,6.178861788617886,211.0,0.5284761147867493,1,1.2045445734163802,1.2981799548157937,0.05988960032953997,0.0613953488372093,0.005055873123184762,0.09923666278200387,0.31168146019894444,-0.23308471155396807,-0.1656396806308216,True,False,True,lower,False,5.999999999999999,1.990535852767486,0.1827320179617873,1.185133476929311,55.795901581854736,3.2878934037712934e-11,0.3556540252403964,239.38726004443544,-0.06744503092314647,0.7909084808413934,2.3242824552976926
UGC02953,variable_core,0.001,outer_holdout,True,115,23,2,16.5,4.95,1,50.0,4.0,259.518,3.55,7.678,24.0,264.9,2,spiral_T1_9,spiral_T1_7,62.39,0.09,17.574647887323945,266.0,0.25860770708437164,1,-37.25481419983331,-35.67978957872353,0.01557906579032904,0.01698473282442748,-0.14137727261449926,-9.25679317470827,104.95836330397808,-0.4956534446842588,-0.009542616140953985,False,False,False,none,False,1.561692489818383,0.7163730731257332,0.5737137107496249,1.134041303439031,50.77021458471275,4.327829317271185,4.966158595220332,94.7758416005075,-0.48611082854330484,1.2448866325752692,2.424881636631067
UGC03205,variable_core,0.001,outer_holdout,True,48,10,2,50.0,10.0,1,67.0,4.0,113.642,3.19,9.677,28.6,219.6,1,spiral_T1_9,spiral_T1_7,40.04,0.28,12.551724137931034,221.0,0.3771670627882776,0,28.79981009409455,22.457377940088776,0.016410173201681595,0.011617326901733118,0.13394114320470468,10.39754219148126,180.89923256783914,0.35762305166476593,-0.02297249593157377,False,False,True,upper,True,1.608969274015681,0.6768661265828637,0.8783554187648046,1.3217938548031365,69.25017389395227,1000.0,17.94335193751882,215.3547927950039,0.3805955475963397,1.0987033857500998,2.3443922736851106
UGC03546,variable_core,0.001,outer_holdout,True,30,6,1,28.7,7.2,1,55.0,5.0,101.336,3.79,2.675,18.37,196.9,1,spiral_T1_9,spiral_T1_7,29.23,0.63,7.712401055408971,204.5,0.4117708455180804,0,-11.407532385713983,-8.041397354700038,0.04008487361184549,0.024435032894736843,-0.05942687920818007,-1.3755456693199752,3.0123829920102776,-0.4040605060810905,-0.027003298710474716,False,False,True,lower,False,1.128476420327956,0.6079399294752547,0.5398217738849459,0.9258449131306864,54.31633660502082,1.955339045933986e-13,6.5485361536199855,193.7347787719011,-0.37705720737061577,0.8871896053893641,2.3106933123433606
UGC03580,variable_core,0.001,outer_holdout,True,47,10,1,20.7,5.2,1,63.0,4.0,13.266,2.43,4.37,19.97,126.2,2,spiral_T1_9,spiral_T1_7,27.06,0.11,11.1358024691358,91.4,0.3161361252057884,1,-19.165030887161066,-19.72984160903038,0.013175037650649712,0.012943928571428572,-0.15245521603307005,-10.845253310652101,171.89536449631362,-0.2911158510293306,0.16483988132735075,False,False,True,lower,False,3.7223582578414662,0.9604060461088968,0.2970723380233846,0.6446064935916989,61.91823715469548,5.200411835441454e-23,4.750179550365604,122.74470918877051,-0.4559557323566813,1.0467215186632919,1.9609461957338314
UGC04278,variable_core,0.001,outer_holdout,True,25,5,7,9.51,2.85,1,90.0,3.0,1.307,2.21,1.116,8.9,91.4,1,spiral_T1_9,spiral_T1_7,6.69,0.14,3.0271493212669687,53.7,0.16641184029013883,0,9.93898230330004,12.003852224084198,0.12147590370016637,0.09428879310344827,0.11024084573341467,1.4117601407177927,3.237815517694601,1.1147530129530325,0.5460558706991969,True,False,True,lower,False,1.5367230681698307,0.7122661596592958,0.7,1.415239920273882,89.99999999998828,2.7921912328198327e-10,12.993167407418102,311.72043197658144,0.5686971422538356,0.48103384408271244,1.7299742856995557
UGC04325,variable_core,0.001,outer_holdout,True,8,2,9,9.6,2.88,1,41.0,3.0,2.026,1.86,0.678,6.61,90.9,1,spiral_T1_9,late_T8_11,5.59,0.7,3.005376344086021,89.4,0.2256648989220341,0,-9.245912863288645,-9.245912863288645,0.033117583603020494,0.033117583603020494,-0.10048706050516751,-3.0314468404225066,9.374944611385727,-0.3451877001213495,-0.09738989498018845,False,False,True,lower,False,0.2068242842062927,0.5097053747815266,0.7,1.062047285261888,41.26218016961743,1.193134231992074e-17,1.1073211781546035,105.34430729962912,-0.24779780514116106,0.4778988636685069,1.9513375187959177
UGC04483,variable_core,0.001,outer_holdout,True,8,2,10,3.34,0.31,2,58.0,3.0,0.013,0.18,0.032,1.46,0.0,2,irregular_T10_11,late_T8_11,1.21,0.08,6.722222222222222,20.8,0.30536472918516494,1,-2.301676114357127,-2.301676114357127,0.07129799680304731,0.07129799680304731,-0.09493029249862633,-1.4847497224312212,2.4895115262670724,-0.14857311395439537,-0.029075029975753536,False,False,False,none,False,0.0286294984448396,0.4967147475771984,0.7,0.9991688128810656,57.98106067142736,0.423608014320784,0.2983232765395577,20.51964311168265,-0.11949808397864184,0.827512865213144,1.3180633349627615
UGC04499,variable_core,0.001,outer_holdout,True,9,2,8,12.5,3.75,1,50.0,3.0,1.552,1.73,1.1,8.67,72.8,1,spiral_T1_9,late_T8_11,8.18,0.91,4.728323699421965,66.9,0.2861925053369789,0,-3.7259548621522782,-3.7259548621522782,0.03611230970641861,0.03611230970641861,-0.050390826758356363,-1.3973550712734601,2.1131772661711374,-0.14077437524164887,0.11625079832568981,False,False,True,lower,False,0.125717976604168,0.5146853444599354,0.7,1.007717346714069,50.02276039451029,9.502137087678711e-15,2.249467118185989,77.75422954424101,-0.25702517356733867,0.6747072005425275,1.825426117767823
UGC05005,variable_core,0.001,outer_holdout,True,11,3,10,53.7,10.7,1,41.0,10.0,4.1,3.2,3.093,21.61,98.9,1,irregular_T10_11,late_T8_11,28.61,0.78,8.940624999999999,72.5,0.18640914733908062,0,-5.487854896100217,-4.765386753647718,0.10050393176414694,0.10060362173038229,-0.05519970169306491,-0.5487854896100216,0.3488558733308695,-0.19760860736841665,-0.016764685651042364,False,False,True,lower,False,0.0967887375044189,0.5060301660098482,0.7,1.0098049845203705,41.96788737504419,9.043244376429193e-15,7.281277250807819,111.59121916858454,-0.1808439217173743,0.9513678794853566,1.8603380065709938
UGC05253,variable_core,0.001,outer_holdout,True,73,15,2,22.9,5.72,1,37.0,4.0,171.582,8.07,16.396,36.64,213.7,2,spiral_T1_9,spiral_T1_7,53.29,0.13,6.603469640644361,246.0,0.3933591395251978,1,-35.118932141335236,-38.11881737775019,0.028606285467253547,0.01889344262295082,-0.15623572796515586,-7.843234214730398,81.16718565202696,-0.3724536239882614,-0.1435404189777359,False,False,True,lower,False,0.2346482571321388,0.5277580058122202,0.6872862698387572,1.0344745977747,37.417297773357824,6.762667964497509e-15,6.541314235577122,213.8564028317897,-0.22891320501052548,0.8197721855188413,2.3909351071033793
UGC05716,variable_core,0.001,outer_holdout,True,12,3,9,21.3,5.3,1,54.0,10.0,0.588,1.14,1.094,10.64,73.1,2,spiral_T1_9,late_T8_11,12.37,1.03,10.850877192982457,69.95,0.18186381409976057,1,-1.9205873598942798,-1.3124121658508727,0.01761433726297622,0.014657534246575343,-0.025754290218783157,-0.9191446012499648,2.7989056083737567,-0.28067175364256186,0.16366608060499152,False,False,True,lower,False,3.273812559292575,1.0625546109836617,0.7,1.5923172702480437,71.64335239477029,1.0585769744603139e-16,3.5645688349784246,69.58462874843804,-0.44433783424755335,1.035464848292648,1.8447877188278465
UGC05721,variable_core,0.001,outer_holdout,True,23,5,7,6.18,1.85,1,61.0,5.0,0.531,0.38,0.562,6.74,79.7,1,spiral_T1_9,spiral_T1_7,6.74,0.09,17.736842105263158,78.3,0.12487903428935179,0,-10.50503686197726,-10.548942806979525,0.05807066987967234,0.05814249363867685,-0.13324308132788557,-2.298695155793711,5.813761040707033,-0.38073444019342984,0.05121548684055207,False,False,True,lower,False,1.0071219333265766,0.6159665597048456,0.7,1.3014847211414509,62.95104650907204,1.3677900170814824e-15,1.036369904288165,97.68389896514182,-0.4319499270339819,1.2488762999185097,1.8937617620579434
UGC05750,variable_core,0.001,outer_holdout,True,11,3,8,58.7,11.7,1,64.0,10.0,3.336,3.46,1.099,16.79,0.0,1,spiral_T1_9,late_T8_11,22.85,0.31,6.604046242774567,49.8,0.24245941896824758,0,-8.43066619910801,-6.197071822514999,0.1491273649676602,0.14175257731958765,-0.10763328748305383,-0.7632028488397083,1.0023783886974376,-0.20392520832020794,0.06627077028091537,False,False,False,none,False,0.0477456102283764,0.4945331891462708,0.7,0.9914329680855568,63.63002742155616,2.5684383246850166,2.2359209369798982,38.41404578724574,-0.2701959786011233,0.8198101056130924,1.6972293427597176
UGC05764,variable_core,0.001,outer_holdout,True,10,2,10,7.47,2.24,1,60.0,10.0,0.085,1.17,0.163,3.51,0.0,2,irregular_T10_11,late_T8_11,3.62,0.36,3.094017094017094,49.95,0.17285138301472214,1,1.0914833398159622,1.0914833398159622,0.05425551102204409,0.05425551102204409,0.02183380564662757,0.4101923756511269,0.2809074993330024,-0.34978805288154446,-0.019112775650419644,False,False,True,lower,False,0.8628775709562708,0.5472134686456114,0.7,1.2587477588945175,65.70692501054317,3.3606690091615127e-18,0.8643866244578668,62.63408792721954,-0.33067527723112483,0.4905227087870041,1.698535492562001
UGC05829,variable_core,0.001,outer_holdout,True,11,3,10,8.64,2.59,1,34.0,10.0,0.564,1.99,1.023,7.87,0.0,2,irregular_T10_11,late_T8_11,6.91,0.63,3.472361809045226,47.9,0.30503937330639175,1,-7.9756991415541565,-8.259920834756684,0.07808529002012321,0.07713414634146341,-0.1206616412744224,-1.5762251267893592,2.8584668661612693,0.03136614745552438,0.6104630227867022,False,False,True,lower,False,0.2725928860609807,0.5027700356622796,0.7,1.0498688912229437,36.725928860609805,2.699098363374776e-26,1.711586097270967,56.3187522969598,-0.5790968753311778,0.5406249709644918,1.6803355134145632
UGC05918,variable_core,0.001,outer_holdout,True,8,2,10,7.66,2.3,1,46.0,5.0,0.233,1.66,0.297,5.9,0.0,2,irregular_T10_11,late_T8_11,4.46,0.56,2.6867469879518073,38.099999999999994,0.18491850162004891,1,-5.218987664890715,-5.218987664890715,0.0902840639341668,0.0902840639341668,-0.11922914334760773,-1.327986683178299,1.8782099568998234,-0.1480768761761699,0.3252158919863043,False,False,True,lower,False,0.0374608731478438,0.5004696665530778,0.7,1.0112480428511803,46.105928759447,7.395452077279075e-16,1.0455240186120616,47.0881572540704,-0.47329276816247423,0.4292267706720868,1.5809249756756192
UGC05986,variable_core,0.001,outer_holdout,True,15,3,9,8.63,2.59,1,90.0,3.0,4.695,1.67,2.667,16.53,113.0,2,spiral_T1_9,late_T8_11,9.41,0.63,5.634730538922156,109.0,0.17039351471744255,1,-1.11195621912339,-0.9847325326110763,0.04648501518844698,0.04678899082568807,-0.010119970878015668,-0.24625040030742404,0.07661303821416338,-0.2754784400938657,-0.3211033234235446,True,False,True,lower,False,0.0527202825956277,0.5026774793328984,0.7,0.984177806266202,90.0,6.978741884806594e-16,2.456858506709536,135.06425437275473,0.0456248833296789,0.7508731522796737,2.037426497940624
UGC06399,variable_core,0.001,outer_holdout,True,9,2,9,18.0,2.5,4,75.0,2.0,2.296,2.05,0.674,8.8,85.0,1,spiral_T1_9,late_T8_11,7.85,0.87,3.829268292682927,77.5,0.20608301625687842,0,-4.0131400127283,-4.0131400127283,0.05658953185678318,0.05658953185678318,-0.046117361979377526,-0.8190081658629182,0.7945805905131761,-0.14929085631550065,0.19661848626267184,False,False,True,lower,False,0.0270178406086217,0.5031202394298206,0.7,1.002696386248908,75.00524186896858,2.2205535697018527e-15,2.4096250533083534,95.953183880062,-0.3459093425781725,0.5831157956894982,1.8893017025063104
UGC06446,variable_core,0.001,outer_holdout,True,17,4,7,12.0,3.6,1,51.0,3.0,0.988,1.49,1.379,10.33,82.2,1,spiral_T1_9,spiral_T1_7,10.22,0.58,6.859060402684564,80.1,0.20236831410194617,0,-9.144338506471453,-9.379433641223287,0.08724783794129304,0.07468889725339903,-0.11007355093162718,-1.3678950014669606,2.0132180910376674,-0.38150733016994176,-0.26850924601242443,False,False,True,lower,False,1.520611094315517,0.6585019455563498,0.7,1.4561833282946552,52.76246277030276,1.0848535869393754e-30,1.864837470047905,88.92648202702425,-0.11299808415751733,0.8362646273864199,1.9036325160842376
UGC06614,variable_core,0.001,outer_holdout,True,13,3,1,88.7,8.87,1,36.0,10.0,124.35,5.1,21.888,60.63,199.8,1,spiral_T1_9,spiral_T1_7,64.59,3.23,12.664705882352942,193.0,0.2647051215567101,0,-10.82548651159208,-7.939715513919367,0.08037787279445305,0.0784313725490196,-0.053024960035100245,-0.674759333813824,0.7831514561772774,-0.18856945034910036,0.016279740661471122,False,False,True,lower,False,0.1500455760926995,0.4962249248551424,0.6948032072677225,0.997037004893632,34.499544239073,1.3287683951419612e-14,15.46741284855086,226.0758610647531,-0.20484919101057147,1.1025951084452132,2.285557309007774
UGC06667,variable_core,0.001,outer_holdout,True,9,2,6,18.0,2.5,4,89.0,1.0,1.397,5.15,0.809,8.59,83.8,1,spiral_T1_9,spiral_T1_7,7.85,0.87,1.524271844660194,77.3,0.12067435587767156,0,-4.7524317318716385,-4.7524317318716385,0.03748369826343606,0.03748369826343606,-0.055611652152731894,-1.46199717029761,2.2744866791488976,-0.23810760737714148,0.06982161489258355,False,False,True,lower,False,0.0254078040454783,0.5029337549401051,0.7,0.9989546149457754,88.99996711988315,2.088481576710673e-15,2.2133840557570643,100.31665245216304,-0.307929222269725,0.18306242770406148,1.888179493918325
UGC06786,variable_core,0.001,outer_holdout,True,45,9,0,29.3,7.32,1,64.0,3.0,73.407,3.6,5.03,20.31,219.4,1,S0_T0,S0_T0,34.05,0.16,9.458333333333332,218.0,0.21882340962487276,0,-28.55741821859956,-33.090942643095474,0.019243234182359164,0.012455357142857143,-0.1304261855959503,-8.781996401471783,112.47152902319893,-0.4731892982539728,-0.09690430038353784,False,False,False,none,False,1.7302997726190268,0.7447319423499447,0.6740847027617446,1.3113936476871957,64.96020962466156,4.625634652037774,2.896969875357432,77.93182671260507,-0.376284997870435,0.9758146154815166,2.3384564936046046
UGC06787,variable_core,0.001,outer_holdout,True,71,15,2,21.3,5.32,1,66.0,3.0,98.256,5.37,5.03,26.44,248.1,2,spiral_T1_9,spiral_T1_7,37.19,0.12,6.925512104283054,238.0,0.22877949993764468,1,-67.79352735332807,-71.47196475607805,0.0118925201669066,0.012175732217573223,-0.2735626925804849,-23.689881483203727,637.2073095463469,-0.4613901171685729,0.11969038297577228,False,False,False,none,False,1.15590346891856,0.6524697043926684,0.5522639186726527,1.1248949644181483,66.3104263776035,5.364908694994836,1.789087245585622,81.40788992754946,-0.5810805001443452,0.840451892659417,2.376576957056512
UGC06818,variable_core,0.001,outer_holdout,True,8,2,9,18.0,2.5,4,75.0,3.0,1.588,1.39,1.079,6.96,71.2,2,spiral_T1_9,late_T8_11,6.98,0.87,5.02158273381295,55.45,0.2113258565048605,1,11.962632078875778,11.962632078875778,0.08437544408128464,0.08437544408128464,0.16722793616672654,1.9937720131459629,4.046627481596411,0.859324562856404,0.6646432088380934,False,False,True,upper,True,0.6044033972620422,0.4350404751809555,0.7,0.9486620966256216,74.78427714823322,1000.0,10.32850423022946,211.7699220387586,0.19468135401831066,0.7008406223690661,1.743901550485179
UGC06917,variable_core,0.001,outer_holdout,True,11,3,9,18.0,2.5,4,56.0,2.0,6.832,2.76,2.023,12.67,108.7,1,spiral_T1_9,late_T8_11,10.47,1.74,3.793478260869566,100.0,0.25407438842593283,0,-9.750512594752285,-11.243842188223766,0.04556491556491557,0.04454545454545455,-0.08901196237238455,-1.9049399352787744,3.8418170956720448,-0.10831198545784601,0.30707232289456715,False,False,True,lower,False,0.1842963870673759,0.5216745415303758,0.7,1.0168959088785092,56.08361981158986,7.623696535373429e-18,2.60774099970567,112.78980595614507,-0.41538430835241313,0.5790375996136247,2.0
UGC06930,variable_core,0.001,outer_holdout,True,10,2,7,18.0,2.5,4,32.0,5.0,8.932,3.94,3.237,16.76,107.2,1,spiral_T1_9,spiral_T1_7,16.61,1.74,4.215736040609137,105.0,0.28809079861111114,0,-12.799680928135146,-12.799680928135146,0.06851851851851852,0.06851851851851852,-0.1185155641493995,-1.7296866119101548,3.0263134282422453,-0.5011678852255914,0.0,False,False,True,lower,False,0.550699124469423,0.5408477615646202,0.7,1.04058254400145,34.75349562234712,1.8856584926174746e-18,3.3492319288319763,111.60172949066454,-0.5011678852255914,0.6248734106258204,2.0211892990699383
UGC06983,variable_core,0.001,outer_holdout,True,17,4,6,18.0,2.5,4,49.0,1.0,5.298,3.21,2.967,16.07,109.0,1,spiral_T1_9,spiral_T1_7,15.68,1.74,4.8847352024922115,108.0,0.22347473519283745,0,-8.787110505395336,-8.29228717494805,0.09330615018688412,0.09074074074074075,-0.08096789654860435,-0.8498652471320842,0.7504765979669787,-0.4082565989729355,-0.0017753814133636405,False,False,True,lower,False,1.5619246315883784,0.7164113661653111,0.7,1.1296365288136512,49.22850840434496,1.9710906429065216e-31,3.273839186218447,119.68605543706994,-0.40648121755957184,0.6888410259435476,2.03342375548695
UGC07089,variable_core,0.001,outer_holdout,True,12,3,8,18.0,2.5,4,80.0,3.0,3.585,2.26,1.214,9.29,0.0,2,spiral_T1_9,late_T8_11,9.16,0.87,4.053097345132744,66.2,0.30942208618302114,1,-4.817042165593733,-5.413414734821956,0.08455482281458913,0.08276797829036635,-0.061923734427925765,-0.7255044481990495,0.6138969517447367,0.01924433995330235,0.4632747060009431,False,False,True,lower,False,0.1586643149570592,0.5186046850321188,0.7,1.0147815105372897,80.04288640416189,4.330159516784366e-16,3.4809121856179344,75.25259853421221,-0.4440303660476408,0.6077870345204496,1.8208579894397
UGC07125,variable_core,0.001,outer_holdout,True,13,3,9,19.8,5.9,1,90.0,3.0,2.712,3.38,4.629,23.04,65.2,1,spiral_T1_9,late_T8_11,18.68,1.44,5.5266272189349115,61.5,0.4483119317793022,0,-3.3702409376849594,-2.0899112918449916,0.049882735467817206,0.049462365591397855,-0.051813908458751314,-1.0084090504365737,1.330025963356381,-0.5002001030701575,-0.05602366941816949,True,False,True,lower,False,0.3457807233666451,0.5356440127191724,0.7,1.1030356700941013,89.99999999999854,4.352727398582685e-17,4.116109191108613,62.10610979806672,-0.444176433651988,0.7424601716164199,1.7888751157754168
UGC07151,variable_core,0.001,outer_holdout,True,11,3,6,6.87,0.34,2,90.0,3.0,2.284,1.25,0.616,6.39,73.5,1,spiral_T1_9,spiral_T1_7,5.5,0.5,4.4,67.2,0.3329463804370862,0,-8.361936159478782,-8.265418673225298,0.04398599767293767,0.04427586206896552,-0.11208554672470113,-2.5691873187927463,7.1091461496320925,-0.12817753959377656,0.24363893794442815,True,False,True,lower,False,0.015461800371741,0.5017832780919715,0.7,1.0003533773926487,90.0,4.879821766236123e-18,1.1370732240432766,73.58767910597143,-0.3718164775382047,0.6434526764861874,1.8273692730538253
UGC07323,variable_core,0.001,outer_holdout,True,10,2,8,8.0,2.4,1,47.0,3.0,4.109,2.26,0.722,7.14,0.0,1,spiral_T1_9,late_T8_11,5.82,0.58,2.5752212389380533,62.5,0.3757392656325991,0,1.1121973052505894,1.1121973052505894,0.04597470540430719,0.04597470540430719,0.013254683794574909,0.28738948456087576,0.08561678472540496,0.26039433843020743,0.311137973397341,False,False,True,lower,False,0.4522211821075622,0.5461729441601426,0.7,1.1356663546322687,47.49293582857341,1.0267590596081797e-10,3.316969427952986,90.57694678731048,-0.05074363496713358,0.4108145455024876,1.7958800173440752
UGC07399,variable_core,0.001,outer_holdout,True,10,2,8,8.43,2.53,1,55.0,3.0,1.156,1.64,0.745,7.85,103.0,1,spiral_T1_9,late_T8_11,6.13,0.61,3.7378048780487805,93.4,0.10772522061740031,0,-15.672202536831428,-15.672202536831428,0.046841454478842276,0.046841454478842276,-0.1495950264750089,-3.193104607543727,10.508852598411572,-0.317467238936977,0.273907248877561,False,False,True,lower,False,1.8559077071404468,0.7665858084635582,0.7,1.4858682332326762,56.65676871995639,9.23589441557812e-26,1.3774582789276637,109.7473102291321,-0.5913744878145379,0.5726166264707172,1.9703468762300933
UGC07524,variable_core,0.001,outer_holdout,True,31,7,9,4.74,0.24,2,46.0,3.0,2.436,3.46,1.779,12.11,79.5,1,spiral_T1_9,late_T8_11,10.69,0.35,3.0895953757225434,70.2,0.2648692110047727,0,-3.692424817957053,-3.1071548149883768,0.04224419142501462,0.04221668742216688,-0.04533352665772735,-1.0382157395495994,1.2228179074551717,-0.037751680815275905,0.16322396722719865,False,False,True,lower,False,1.1295917538422544,0.6485286695361755,0.7,1.012524978860226,47.42764644367349,5.086678475667562e-18,2.727838671334554,83.75774086800548,-0.20097564804247456,0.4899016064160014,1.8463371121298053
UGC07577,variable_core,0.001,outer_holdout,True,9,2,10,2.59,0.13,2,63.0,3.0,0.045,0.9,0.044,2.07,0.0,2,irregular_T10_11,late_T8_11,1.69,0.19,1.8777777777777778,10.7,0.6283380799810133,1,-4.008132126862433,-4.008132126862433,0.18873047841141966,0.18873047841141966,-0.2350312019166999,-1.2643949927010831,1.7130753461117587,-0.16885794195355158,1.0023128445965936,False,False,True,lower,False,0.1388477173053089,0.5162437134314157,0.7,1.0027256646006557,63.17236379682922,7.833722556345269e-19,0.1489410610325053,5.233397702049214,-1.1711707865501453,0.2736441951743487,1.0293837776852097
UGC07603,variable_core,0.001,outer_holdout,True,12,3,7,4.7,1.41,1,78.0,3.0,0.376,0.53,0.258,4.37,61.6,1,spiral_T1_9,spiral_T1_7,4.11,0.34,7.754716981132075,60.25,0.13732082370150345,0,-4.760327382948141,-4.826172035918383,0.046007045263905026,0.04587301587301588,-0.07522025963787936,-1.6471721048263464,3.271328376726318,-0.26103795550345377,0.21721447661984408,False,False,True,lower,False,0.0163549521987523,0.4985229160226428,0.7,0.9950935143403744,77.99637648405611,2.6508158647229373e-14,1.0726000143282424,72.53708430140335,-0.4782524321232978,0.8895659522752801,1.779957051246906
UGC08286,variable_core,0.001,outer_holdout,True,17,4,6,6.5,0.21,2,90.0,3.0,1.255,1.05,0.642,8.07,82.4,1,spiral_T1_9,spiral_T1_7,8.04,0.47,7.657142857142856,79.3,0.15096830726675842,0,-11.656264279505056,-11.441979543996396,0.023955304790420594,0.02395240499357444,-0.13914265475221932,-5.815413527292192,34.985556530612236,-0.32979989760403206,0.06609657020885785,True,False,True,lower,False,0.2763191410755298,0.5328462558201648,0.7,1.0044270935719275,89.99999999998828,8.461490859305268e-18,1.5399127608425665,97.7279867538368,-0.3958964678128899,0.8840667496785131,1.8992731873176039
UGC08490,variable_core,0.001,outer_holdout,True,30,6,9,4.65,0.53,2,50.0,3.0,1.017,0.67,0.72,7.8,78.6,1,spiral_T1_9,late_T8_11,10.15,0.34,15.149253731343283,78.5,0.12881128674338999,0,-4.273772499485214,-4.0460954087252645,0.047544862704096746,0.04755154639175258,-0.0551189668104586,-1.158203929399787,1.4629287060952898,-0.36572495067142896,-0.09711035129065844,False,False,True,lower,False,3.862335320617861,1.2167561118096544,0.7,1.187138250997604,53.91540597368338,1.2507666984075244e-26,2.4246415008873154,87.47394895053662,-0.26861459938077054,1.1803912395484053,1.8948696567452525
UGC08550,variable_core,0.001,outer_holdout,True,11,3,7,6.7,2.0,1,90.0,3.0,0.289,0.45,0.288,5.59,56.9,1,spiral_T1_9,spiral_T1_7,5.36,0.49,11.911111111111111,51.6,0.16223941297927502,0,-3.2071619880013693,-3.4789503720880433,0.03614698263892444,0.034904013961605584,-0.05572058437709485,-1.5395534307753518,2.407510514440395,-0.015577356439118947,-0.02725535751500591,True,False,True,lower,False,2.334948629744273,0.8559824633556183,0.7,1.5651707085378186,89.99999999999999,1.220549368021871e-39,1.495837827372313,58.479865613684005,0.011678001075886964,1.0759522759174263,1.7126497016272113
UGC08699,variable_core,0.001,outer_holdout,True,41,9,2,39.3,9.82,1,73.0,9.0,50.302,3.09,3.738,19.05,182.4,2,spiral_T1_9,spiral_T1_7,25.7,0.22,8.31715210355987,184.0,0.37627120585364277,1,-33.58334829660831,-33.88648579389738,0.031855544279108076,0.03463276836158192,-0.18617748049884605,-6.268467456111068,52.39326347670358,-0.48498240445007146,-0.003013161443096242,False,False,False,none,False,1.9397734266947724,0.7815330473405702,0.5497782854479076,1.2009812120840553,75.7716329625934,5.893063169345967,1.3798939340816063,42.04712626058619,-0.4819692430069752,0.9199746439064599,2.2648178230095364
UGC08837,variable_core,0.001,outer_holdout,True,8,2,10,7.21,0.36,2,80.0,5.0,0.501,1.72,0.32,4.75,0.0,2,irregular_T10_11,late_T8_11,4.2,0.52,2.4418604651162794,31.7,0.3679550297458085,1,0.7432541404358339,0.7432541404358339,0.06504828326180256,0.06504828326180256,0.015126708638701232,0.256824181293384,0.4500316514229526,0.8154159370643582,0.22395454854037516,False,False,False,none,True,0.2997500960327368,0.4666540020708317,0.7,0.9972416837396126,79.82723060254946,30.971124970700792,70.20379620798197,1203.85002204657,0.591461388523983,0.38772084349035163,1.5010592622177514
UGC09037,variable_core,0.001,outer_holdout,True,22,5,6,83.6,8.4,1,65.0,5.0,68.614,4.28,19.078,39.72,152.3,2,spiral_T1_9,spiral_T1_7,27.96,2.43,6.5327102803738315,147.0,0.4319028865034747,1,-1.686483879402033,-3.4398676116428817,0.08940179801534784,0.08933333333333333,-0.010243412231720452,-0.213950951612443,0.13510646398614304,-0.18696708495917785,-0.3006119024640184,False,False,True,lower,False,1.6733183199410833,0.3401247004812147,0.7,0.9151916478393152,61.33182622054037,1.0962032928093697e-13,7.677271074547071,165.94357091798773,0.11364481750484057,0.8150933980604718,2.167317334748176
UGC09133,variable_core,0.001,outer_holdout,True,68,14,2,57.1,11.4,1,53.0,6.0,282.926,6.97,33.428,60.35,226.8,1,spiral_T1_9,spiral_T1_7,108.31,0.32,15.53945480631277,279.0,0.23580249890422966,0,15.81842100364908,18.25981058830925,0.012392814798643279,0.013127753303964757,0.06982278985935637,8.017513008521291,98.08089626883178,-0.047416278374224394,-0.12225861669749806,False,False,True,lower,False,5.145431992744372,0.5402067346181658,0.2140695227001036,1.606845426626967,66.41857122146631,1.3110341950719726e-16,36.24035811244384,261.14528197419634,0.07484233832327367,1.1914357777362312,2.4456042032735974
UGC11455,variable_core,0.001,outer_holdout,True,36,8,6,78.6,11.8,1,90.0,1.0,374.322,5.93,13.335,43.44,269.4,1,spiral_T1_9,spiral_T1_7,41.93,0.62,7.070826306913997,262.5,0.4795965716731458,0,-35.338704588063436,-36.27701064889558,0.023936067527881473,0.022876800157822057,-0.13077115870928474,-5.517243597186015,37.862702932523305,-0.5050395722345428,0.004967860275470333,True,False,True,lower,False,1.5607313564907428,0.3490574154517319,0.7,0.8243340845779205,89.99999962750344,1.2022176271748488e-14,6.715627119654084,302.0942788065797,-0.5100074325100131,0.8494701690393056,2.4191293077419758
UGC11557,variable_core,0.001,outer_holdout,True,12,3,8,24.2,6.05,1,30.0,10.0,12.101,2.75,2.605,16.66,0.0,2,spiral_T1_9,late_T8_11,10.56,0.33,3.8400000000000003,64.9,0.7069414367911382,1,35.337289644880165,35.41052554113965,0.08239507865009744,0.08210784313725492,0.42930424757829444,5.274222335056741,31.755820451879057,0.8321817314118708,0.19433114475703797,False,False,True,upper,True,1.0585760117722487,0.4728807889123221,0.7,0.9280183673596152,19.414239882277517,1000.0,6.618271902373411,140.9259280805818,0.6378505866548329,0.5843312243675308,1.8122446968003694
UGC11820,variable_core,0.001,outer_holdout,True,10,2,9,18.1,5.43,1,45.0,10.0,0.97,2.08,1.977,12.99,0.0,1,spiral_T1_9,late_T8_11,15.82,0.26,7.605769230769231,51.875,0.22462527073954858,0,-10.29329468021917,-10.29329468021917,0.012248376371999818,0.012248376371999818,-0.12361475460687077,-10.105365755007416,102.12080737231997,-0.1902085452752572,0.20811378774694256,False,False,True,lower,False,1.903964972299149,0.7683899879675713,0.7,1.5711894916897444,62.85026763858765,6.078093172395436e-13,3.4753854473753645,56.30354230417654,-0.39832233302219977,0.8811431441988962,1.7149581097201492
UGC11914,variable_core,0.001,outer_holdout,True,65,13,2,16.9,5.1,1,31.0,5.0,150.028,2.44,0.888,9.26,288.1,1,spiral_T1_9,spiral_T1_7,9.83,0.28,4.028688524590164,288.0,0.6263765522730962,0,-14.56068502123971,-6.16489674994034,0.02896761950510017,0.028056537102473498,-0.049543657493079686,-4.422809315690196,60.40734532534244,-0.2751586771821847,0.14680534225150813,False,False,False,none,False,1.4552368434136893,0.6990265781841221,0.5356693959352061,1.1229232289434627,33.034141247301406,2.654597669065809,0.271666076397858,82.8855229049378,-0.42196401943369277,0.6051636914934062,2.459392487759231
UGC12506,variable_core,0.001,outer_holdout,True,31,7,6,100.6,10.1,1,86.0,4.0,139.571,7.38,35.556,59.01,234.0,2,spiral_T1_9,spiral_T1_7,49.99,0.82,6.773712737127371,238.0,0.23453830465152922,1,18.28736324576729,18.455551696713798,0.06329973802423053,0.05879828326180257,0.07977201422756153,1.3867361921538266,2.23436089751693,0.062388362045158983,-0.18167940223551438,False,False,False,none,False,4.780185275336649,1.503102274127375,0.7,1.1904300786902282,86.7198845686477,2.704235622102226,13.083411485545216,106.62815315395947,0.24406776428067337,0.8308267749295487,2.376576957056512
UGC12632,variable_core,0.001,outer_holdout,True,15,3,9,9.77,2.93,1,46.0,3.0,1.301,2.42,1.744,12.6,71.7,1,spiral_T1_9,late_T8_11,10.66,0.71,4.404958677685951,65.5,0.23331639518552516,0,-5.735339965118503,-5.547656922666093,0.03921455063571708,0.038493150684931504,-0.0784615594622642,-2.0081103616863856,4.100147288170238,-0.15791684896671138,-0.009906464206273858,False,False,True,lower,False,0.662685620252004,0.5271489884110478,0.7,1.1987378574553094,46.781947143624336,3.453737059807928e-17,2.331620196065652,78.72980699095797,-0.1480103847604375,0.6439418387101222,1.816241299991783
UGC12732,variable_core,0.001,outer_holdout,True,16,4,9,13.2,4.0,1,39.0,6.0,1.667,1.98,3.66,17.41,0.0,1,spiral_T1_9,late_T8_11,15.4,0.96,7.777777777777778,79.8,0.20854321549181762,0,-5.875220827616506,-5.7645691250817706,0.03544335741741987,0.035151417302857674,-0.06215106975369608,-1.8129860630971686,3.919141947855609,0.2235351428732709,0.5405791683944547,False,False,True,lower,False,1.886973734213764,0.7720890225413829,0.7,1.5343057008566507,48.81572264820194,7.812085567411007e-25,3.467998128167478,79.77692237619182,-0.3170440255211838,0.8908555305749319,1.9020028913507294
UGCA442,variable_core,0.001,outer_holdout,True,8,2,9,4.35,0.22,2,64.0,7.0,0.14,1.18,0.263,4.37,56.4,1,spiral_T1_9,late_T8_11,6.33,0.42,5.364406779661017,51.9,0.126702775349912,0,-4.008669273381848,-4.008669273381848,0.03023318124751202,0.03023318124751202,-0.07022045849748246,-3.995586175492309,23.25793275466626,-0.25942889058623997,-0.15775939663274577,False,False,True,lower,False,0.0954497849259523,0.5111107116632257,0.7,1.0010063981504975,64.32386969412835,3.413135168174301e-15,1.9205486296575416,65.09025307899527,-0.1016694939534942,0.7295217027112297,1.7151673578484579
UGCA444,variable_core,0.001,outer_holdout,True,36,8,10,0.98,0.05,2,78.0,4.0,0.012,0.83,0.067,2.08,37.0,2,irregular_T10_11,late_T8_11,2.62,0.12,3.1566265060240966,27.85,0.2168806326598016,1,-6.29022802578634,-6.466160934338996,0.15086615265107622,0.1426242781021665,-0.1728527588493959,-1.1408546543211169,1.3716539201849498,-0.3347013852847892,0.5462010636563984,False,False,True,lower,False,0.0722281454252175,0.5083851062344419,0.7,0.9967729204037208,77.85143200350517,1.988230773090967e-23,0.7087352736831634,33.797517258127286,-0.8809024489411876,0.49922319894367156,1.4448251995097476
CamB,fixed_core,0.01,fullfit_outer_third,False,9,3,10,3.36,0.26,2,65.0,5.0,0.075,0.47,0.012,1.21,0.0,2,irregular_T10_11,late_T8_11,1.79,0.16,3.808510638297873,10.9,0.6791787131519273,1,-0.8567624229109198,-0.4541839376309369,0.0886511320946289,0.08928571428571429,-0.04281689668906285,-0.5711749486072798,0.8397112090241353,0.45755838996032416,0.817011099445087,False,True,False,not applicable,False,1.7069649586695,0.3374997911888309,0.7,0.91486306902629,57.87128620905352,,700.2790425030772,9999.99999821326,-0.3594527094847628,0.5807551730441758,1.0374264979406236
D512-2,fixed_core,0.01,fullfit_outer_third,False,4,2,10,15.2,4.56,1,56.0,10.0,0.325,1.24,0.081,0.0,0.0,2,irregular_T10_11,late_T8_11,3.83,0.96,3.088709677419355,34.7,0.20002368178903496,1,-0.5281370375241714,-0.5281370375241714,0.13960411237906972,0.13960411237906972,-0.01447643242035803,-0.10555675806969164,0.011234970964786052,-0.1354748596980005,-0.12477953887937837,False,False,False,not applicable,False,0.0085892930117347,0.500457724713454,0.7,1.0025767879035203,56.067413333236274,,1.0250516636609452,38.40739516025297,-0.010695320818622123,0.4897770888063877,1.5403294747908738
D564-8,fixed_core,0.01,fullfit_outer_third,False,6,2,10,8.79,0.28,2,63.0,7.0,0.033,0.61,0.029,0.0,0.0,2,irregular_T10_11,late_T8_11,3.07,0.51,5.032786885245901,20.85,0.13517368798611112,1,-0.08947801435887648,-0.08947801435887648,0.080375,0.080375,-0.003476969644159228,-0.04111677838159164,0.012921186624050807,0.12986509692808126,0.22470372879858577,False,False,False,not applicable,False,0.0041757139812547,0.5004809780299052,0.7,1.0000283493923885,63.02432389649642,,1.179847565463313,26.98740879041619,-0.09483863187050451,0.7018085404664194,1.3191060593097763
D631-7,fixed_core,0.01,fullfit_outer_third,False,16,6,10,7.72,0.18,2,59.0,3.0,0.196,0.7,0.29,0.0,57.7,1,irregular_T10_11,late_T8_11,7.19,0.45,10.271428571428572,47.2,0.11610138710516488,0,0.29050888062837643,-0.4728216706416113,0.05850156776774009,0.06175725910314952,0.004889881172161243,0.00030942862630112256,0.24010116154417535,0.32163140549645697,0.11466348860659234,False,False,False,not applicable,False,0.8957281149106445,0.4068152202067214,0.7,0.9944281507528758,56.91378521217334,,3.202543915409972,69.29455707268517,0.20696791688986463,1.0116308503686258,1.6739419986340878
DDO064,fixed_core,0.01,fullfit_outer_third,False,14,5,10,6.8,2.04,1,60.0,5.0,0.157,0.69,0.211,3.49,46.1,1,irregular_T10_11,late_T8_11,2.98,0.1,4.3188405797101455,37.9,0.2719541304946145,0,0.4659143387775913,1.019565608717805,0.12572301430796207,0.09978401727861771,0.009950922167635823,0.04549452123597283,0.05737794926193376,0.18609327614399582,0.027555362826052053,False,False,False,not applicable,False,0.0464842565993707,0.4977811634571805,0.7,1.0139452769798112,60.07890477523031,,1.010863893168424,48.626882035674186,0.15853791331794376,0.635367173339,1.5786392099680724
DDO154,fixed_core,0.01,fullfit_outer_third,False,12,4,10,4.04,0.2,2,64.0,3.0,0.053,0.37,0.275,4.96,47.0,2,irregular_T10_11,late_T8_11,5.92,0.49,16.0,43.3,0.13060439321894962,1,-0.40368073189438824,-0.4820842171140711,0.015529151941253419,0.013608032634767231,-0.008339954640578013,-0.8180215598654529,1.2010770403876978,-0.09407801926926192,-0.138898837153254,False,False,False,not applicable,False,1.783994454066216,0.7539967080476558,0.7,1.0143087985044217,64.87260052311763,,1.784851992295178,50.83202379515789,0.04482081788399207,1.2041199826559248,1.6364878963533653
DDO161,fixed_core,0.01,fullfit_outer_third,False,31,11,10,7.5,2.25,1,70.0,10.0,0.548,1.22,1.378,10.69,66.3,1,irregular_T10_11,late_T8_11,13.37,0.6,10.959016393442623,55.0,0.2561627792319553,0,0.3013331234403251,0.059502763831019934,0.02414716385837138,0.019818456883509836,0.004807680733656124,0.17203235326202962,0.2000332626678129,0.06684197053267338,0.1262649861337618,False,False,False,not applicable,False,0.6150598079774342,0.5760709631018717,0.7,1.0998944073244872,71.43152606983824,,4.956964883292893,67.66884408853045,-0.059423015601088425,1.0397715765872362,1.7403626894942439
DDO168,fixed_core,0.01,fullfit_outer_third,False,10,4,10,4.25,0.21,2,63.0,6.0,0.191,1.02,0.413,4.3,53.4,2,irregular_T10_11,late_T8_11,4.12,0.41,4.03921568627451,48.0,0.2305924264245383,1,1.2863249960208112,0.45311335071881587,0.042414928409798915,0.04280026542800266,0.024564530062920115,0.4324856224641034,1.0158310472067877,0.2635616200382311,-0.0313637713623182,False,False,False,not applicable,False,1.3859256551957793,0.4528710229311869,0.7,0.9766494523337964,54.68444606882532,,1.6816689841045631,61.6493223042542,0.2949253914005493,0.606297044271217,1.6812412373755872
DDO170,fixed_core,0.01,fullfit_outer_third,False,8,3,10,15.4,4.62,1,66.0,7.0,0.543,1.95,0.735,9.14,60.0,2,irregular_T10_11,late_T8_11,12.33,1.87,6.323076923076923,57.1,0.23484281944444443,1,0.201961559132369,1.002454102888187,0.019360940045173518,0.020338983050847456,0.004344600412969533,-0.04729622278669391,6.492906458540773,-0.20044613675710757,0.18838540714954563,False,False,False,not applicable,False,1.146380303919538,0.6510405429933176,0.7,1.0489730166730875,66.4259993482603,,3.4271577756837006,62.31930426658919,-0.3888315439066532,0.8009284652332136,1.7566361082458481
ESO079-G014,fixed_core,0.01,fullfit_outer_third,False,15,5,4,28.7,7.17,1,79.0,5.0,51.733,5.08,3.14,17.67,175.0,1,spiral_T1_9,spiral_T1_7,16.67,0.41,3.2814960629921264,132.0,0.3315464506122449,0,0.9599331199499659,1.6836872962398672,0.014151935454080172,0.012598870056497175,0.005792213162540015,0.3388708475641508,1.0997698651250127,0.1207181891983404,0.17377785834650536,False,False,False,not applicable,False,0.3718971673747983,0.4687279152630906,0.7,0.9070904986035784,78.76594929380397,,5.318538592493101,177.30557944563134,-0.053059669148164956,0.5160718875440862,2.12057393120585
ESO116-G012,fixed_core,0.01,fullfit_outer_third,False,15,5,7,13.0,3.9,1,74.0,3.0,4.292,1.51,1.083,9.58,109.1,1,spiral_T1_9,spiral_T1_7,9.86,0.25,6.52980132450331,102.0,0.2002782636141739,0,-0.5185870322685929,0.6869777744785637,0.02422276562872893,0.019444444444444445,-0.004502452147536995,0.0010999536580298618,0.32856062608965403,-0.025837249306067362,0.09813323947856283,False,False,False,not applicable,False,1.0351877242653469,0.6293384422658257,0.7,1.310556317279604,74.39675440371822,,2.980091208848642,108.2251075668947,-0.12397048878463018,0.8148999676480417,2.0086001717619175
ESO444-G084,fixed_core,0.01,fullfit_outer_third,False,7,3,10,4.83,0.48,2,32.0,6.0,0.071,0.46,0.135,2.95,0.0,2,irregular_T10_11,late_T8_11,4.44,0.26,9.652173913043478,52.8,0.08843471610730333,1,-0.42613364695906597,-0.27010616869656445,0.06413322379951274,0.05362068965517241,-0.006035231791915011,-0.0043150233028650025,0.1650405830788651,0.013455674226477692,0.12669041610969467,False,False,False,not applicable,False,1.5983164705325763,0.6751131702763297,0.7,1.0629314037015294,41.589898823195455,,1.2864433363036032,67.53428112537603,-0.11323474188321697,0.9846251384330458,1.7226339225338123
ESO563-G021,fixed_core,0.01,fullfit_outer_third,False,30,10,4,60.8,9.1,1,83.0,3.0,311.177,5.45,24.298,55.71,314.6,1,spiral_T1_9,spiral_T1_7,42.41,0.45,7.7816513761467885,310.5,0.2624532912705312,0,-18.148757851170615,-21.193456990447288,0.03256555088719564,0.02833213141025641,-0.05717391656828572,-1.9838580099182146,10.21396711799007,-0.4497263091612118,0.0428535015931636,False,False,False,not applicable,False,3.6452120605176415,0.2159975366642995,0.7,0.9261792941991744,82.88022298667045,,6.388979559739711,392.3239377983961,-0.4925798107543754,0.8910717701830672,2.492061604512599
F565-V2,fixed_core,0.01,fullfit_outer_third,False,7,3,10,51.8,10.4,1,60.0,10.0,0.559,2.17,0.699,7.31,0.0,2,irregular_T10_11,late_T8_11,8.8,1.26,4.055299539170507,68.5,0.13169340579615704,1,0.42390245688292794,1.2455070321386756,0.07704484293966692,0.07220216606498195,0.006339917910351081,0.07015827170684623,0.07218611746090953,0.2313311689437683,0.36551142419418853,False,False,False,not applicable,False,0.0020617933557581,0.4998220793309889,0.7,1.0004125665329255,60.02061793355758,,3.201009826987656,88.2461359859674,-0.13418025525042024,0.6080229383016391,1.8356905714924256
F568-3,fixed_core,0.01,fullfit_outer_third,False,18,6,7,82.4,8.24,1,40.0,10.0,8.346,4.99,3.195,16.14,0.0,1,spiral_T1_9,spiral_T1_7,17.98,0.64,3.603206412825651,83.9,0.22469191106035866,0,-0.5904291052503344,3.8955040098036164,0.10456582810834412,0.1,0.00407227438740719,0.0722592798823594,1.3631873736187534,-0.0876661343291755,0.35819607470240467,False,False,False,not applicable,False,0.3259147540709216,0.478095127121621,0.7,0.9929809278157024,36.74085245929079,,3.9345416666985726,116.32614440858276,-0.44586220903158014,0.55668914177382,1.9237619608287002
F568-V1,fixed_core,0.01,fullfit_outer_third,False,15,5,7,80.6,8.06,1,40.0,10.0,3.825,2.85,2.491,14.38,112.3,1,spiral_T1_9,spiral_T1_7,17.63,0.39,6.185964912280701,111.0,0.1326219548980178,0,-4.872540417867967,1.1432159420508015,0.1527850361825538,0.12372881355932203,-0.04095172149693664,-0.3625645998571879,0.7164230492000354,-0.31044314854676797,0.07839643254339186,False,False,False,not applicable,False,0.5287941347702985,0.5110265623889538,0.7,1.0150746209100414,45.28794134770298,,2.45783518277788,128.24895748498614,-0.3888395810901598,0.7914074522908118,2.0453229787866576
F571-8,fixed_core,0.01,fullfit_outer_third,False,13,5,5,53.3,10.7,1,85.0,5.0,10.164,3.56,1.782,24.55,139.7,1,spiral_T1_9,spiral_T1_7,15.55,0.22,4.367977528089888,105.0,0.13552480932784639,0,0.2530305726177374,1.3452425798379437,0.03193282071201982,0.03225806451612903,0.0021354638207233614,0.11417341123131322,0.46683433624520154,0.20766149918804866,0.23397192268390624,False,False,False,not applicable,False,2.080642489890102,0.3632089019240502,0.7,0.5823100442434505,84.49213756208533,,4.462979210241803,164.01614780268207,-0.026310423495857577,0.6402803953899812,2.0211892990699383
F571-V1,fixed_core,0.01,fullfit_outer_third,False,7,3,7,80.1,8.0,1,30.0,10.0,1.849,2.47,1.217,10.1,83.6,2,spiral_T1_9,spiral_T1_7,13.59,1.95,5.502024291497976,77.0,0.19307411957239085,1,0.018977503244045124,0.3366361410648864,0.07180511891509139,0.07151370679380215,0.0003306038862890039,0.003162917207340854,0.060260497681376035,-0.07437552254121872,0.05233148695419144,False,False,False,not applicable,False,0.0785085117471566,0.5047628211555241,0.7,1.0013348174228212,30.785085117471567,,4.00519257657107,88.50696310544228,-0.12670700949541017,0.7405225034728286,1.8864907251724818
F574-1,fixed_core,0.01,fullfit_outer_third,False,14,5,7,96.8,9.68,1,65.0,10.0,6.537,4.46,3.524,16.19,97.8,1,spiral_T1_9,spiral_T1_7,12.6,0.47,2.8251121076233185,90.95,0.19377821817272864,0,-1.9414168231752655,-2.031300192216918,0.04664344570748506,0.04569055036344757,-0.019417121148775862,-0.4027669618487687,0.4285734533645796,-0.10416516191784551,0.10115070158190652,False,False,False,not applicable,False,0.8584534808945428,0.6092777975012025,0.7,1.050337860238485,71.26091364387386,,2.8678051972261103,101.9875274000462,-0.20531586349975203,0.4510356864054211,1.9588027033995024
F583-1,fixed_core,0.01,fullfit_outer_third,False,25,9,9,35.4,8.85,1,63.0,5.0,0.986,2.36,2.126,15.65,85.8,1,spiral_T1_9,late_T8_11,16.26,0.26,6.889830508474577,59.4,0.11657047545509146,0,1.334998187573706,3.307293665380186,0.10870258922698933,0.08174386920980926,0.020021389510063416,0.1607254748679422,0.4034047990954017,0.0686761807285305,0.18232378476016586,False,False,False,not applicable,False,0.5399353610600633,0.5215695641015707,0.7,1.134983840265016,64.04141475532549,,3.2094802449873754,91.75042083309113,-0.11364760403163536,0.8382085382879428,1.7737864449811935
F583-4,fixed_core,0.01,fullfit_outer_third,False,12,4,5,53.3,10.7,1,55.0,10.0,1.715,1.93,0.641,7.8,0.0,1,spiral_T1_9,spiral_T1_7,7.29,0.22,3.77720207253886,58.5,0.2146088087198342,0,-0.5919531271977156,-0.3024057523794852,0.07087626518707604,0.07150840486409156,-0.007353521426883408,-0.0918356056829907,0.2903803675196931,0.11588822218327481,0.5228685369609894,False,False,False,not applicable,False,0.9224906259297412,0.6183282187596303,0.7,1.1463280509232947,62.54782036137828,,2.628521648753948,62.50799087731216,-0.4069803147777146,0.5771702193102008,1.7671558660821804
IC2574,fixed_core,0.01,fullfit_outer_third,False,34,12,9,3.91,0.2,2,75.0,7.0,1.016,2.78,1.036,10.81,66.4,2,spiral_T1_9,late_T8_11,10.23,0.85,3.679856115107914,43.65,0.22640774467626615,1,0.2889634840957254,0.3427431685262121,0.08339867303930902,0.07516197075033226,0.005822492602574527,-0.10987314074875383,0.2602242292911598,0.6419141801331328,0.6135379193102374,False,False,False,not applicable,False,2.0895779378330714,0.8089613973778198,0.7,1.0331266255302642,79.2483622908687,,7.931794482196136,91.41229826360431,0.02837626082289546,0.5658308377940839,1.6399842480415885
IC4202,fixed_core,0.01,fullfit_outer_third,False,32,11,4,100.4,10.0,1,90.0,1.0,179.749,4.78,12.326,32.13,242.6,1,spiral_T1_9,spiral_T1_7,25.9,0.77,5.418410041841003,240.5,0.4458680655702384,0,-19.344200029245506,-17.521179239936174,0.04870497154877851,0.040160642570281124,-0.07939215930611049,-2.4330063191928883,11.984562069153856,-0.39772031228530463,-0.03148247305406154,True,False,False,not applicable,False,5.999999999999999,1.2978735636410117,0.1758320502056706,0.7913170875653028,89.99999999999993,,2.406507963905205,189.16135145499712,-0.3662378392312431,0.7338718674691329,2.3811150807098507
KK98-251,fixed_core,0.01,fullfit_outer_third,False,15,5,10,6.8,2.04,1,59.0,5.0,0.085,1.34,0.115,2.9,33.7,2,irregular_T10_11,late_T8_11,3.13,0.25,2.335820895522388,21.8,0.34459562836388274,1,-0.5835681761018214,-0.22800554467166734,0.060739870868698996,0.060060060060060066,-0.018832663081576308,-0.2917840880509107,0.40533512432390245,0.4035279905015178,0.22532995416377408,False,False,False,not applicable,False,0.1216443860670023,0.4944322092253036,0.7,1.0364933158201006,59.21847417327418,,1.5488145424654225,35.8943401587856,0.1781980363377437,0.3684395391816408,1.3384564936046048
NGC0024,fixed_core,0.01,fullfit_outer_third,False,29,10,5,7.3,0.36,2,64.0,3.0,3.889,1.34,0.676,7.29,106.3,1,spiral_T1_9,spiral_T1_7,11.27,0.21,8.410447761194028,92.4,0.23735984365446766,0,-1.4808477320667408,-1.3744537871195845,0.06720080387571986,0.08067027632561613,-0.013907570428476327,-0.1419127920670605,0.053407026615150746,0.03250383300553795,0.01596328156698412,False,False,False,not applicable,False,5.521847919589093,1.7830141768706105,0.7,1.0557570219069148,67.19699505524427,,6.075111921506405,117.34567247009174,0.01654055143855383,0.9248191176812989,1.9656719712201067
NGC0055,fixed_core,0.01,fullfit_outer_third,False,21,7,9,2.11,0.11,2,77.0,3.0,4.628,6.11,1.565,10.24,85.6,2,spiral_T1_9,late_T8_11,13.5,1.23,2.20949263502455,82.4,0.3066324672563132,1,0.7748767400159144,0.8010308458265314,0.058079417678656924,0.06358381502890173,0.009077673550483572,0.10896476475206916,0.07705874168731384,-0.06347428319881024,0.02802649297001847,False,False,False,not applicable,False,0.1558699456833697,0.4823730209288264,0.7,0.9980616267373044,76.94815858102982,,4.1111706312016425,85.43687576386358,-0.0915007761688287,0.34429255825245186,1.9159272116971158
NGC0100,fixed_core,0.01,fullfit_outer_third,False,21,7,6,13.5,4.05,1,89.0,1.0,3.232,1.66,1.99,16.36,88.1,1,spiral_T1_9,spiral_T1_7,9.62,0.23,5.795180722891566,77.8,0.16738598530612242,0,-1.0138413035826903,-0.7422134117039576,0.08343908529498825,0.06422764227642278,-0.010709954522113084,-0.07015131739357178,0.1662822672507175,0.0231378184410425,0.3030330137219761,False,False,False,not applicable,False,0.4934445916744127,0.5512139671884616,0.7,1.1480333775023237,89.00114919704373,,3.20205273513222,90.22732242377646,-0.2798951952809336,0.7630669839977579,1.890979596989689
NGC0247,fixed_core,0.01,fullfit_outer_third,False,26,9,7,3.7,0.19,2,74.0,3.0,7.332,3.74,1.746,12.79,104.9,2,spiral_T1_9,spiral_T1_7,14.54,1.08,3.887700534759358,88.9,0.25259502040816323,1,-4.228866826632926,-3.6845362448583217,0.08331488314682182,0.08476190476190476,-0.04005229817492814,-0.49068450430321253,0.2865805511836388,0.03118799650314109,0.15693897040393234,True,True,False,not applicable,False,5.999999999999999,1.990535852767486,0.7,1.111906890307537,77.33206439201432,,1503.1083906285282,9999.999999899184,-0.12575097390079126,0.5896928043225388,1.9489017609702137
NGC0289,fixed_core,0.01,fullfit_outer_third,False,28,10,4,20.8,5.2,1,46.0,5.0,72.065,6.74,27.469,49.51,163.0,2,spiral_T1_9,spiral_T1_7,71.12,1.5,10.55192878338279,175.0,0.2353007261095904,1,-1.8324943167871908,-1.3046213858581268,0.05320092897102609,0.05052645095017977,-0.010490634961454573,-0.1389323983928361,0.38199685083747503,-0.3240021563706721,-0.2702269549959189,False,False,False,not applicable,False,1.196161601549142,0.658546073230202,0.7,1.2734981431682753,50.07048130334584,,16.64758635865515,159.8685112960158,-0.05377520137475317,1.0233318514268375,2.2430380486862944
NGC0300,fixed_core,0.01,fullfit_outer_third,False,25,9,7,2.08,0.1,2,42.0,10.0,2.922,1.75,0.936,9.2,93.3,2,spiral_T1_9,spiral_T1_7,11.8,0.91,6.742857142857143,88.2,0.14859433958186558,1,1.278062682320999,0.17300353444980487,0.07876301635841854,0.07790821771611525,0.014408811677105445,0.19628323108874293,0.5614899971814613,-0.10005373579771301,0.09023635217368768,False,False,False,not applicable,False,1.9819902725127343,0.7891672093174017,0.7,1.0144766657028153,56.61573514679176,,3.981680766799242,92.5266350828422,-0.19029008797140068,0.828843958619831,1.9454685851318196
NGC0801,fixed_core,0.01,fullfit_outer_third,False,13,5,5,80.7,8.07,1,80.0,1.0,312.57,8.72,23.201,44.99,220.1,1,spiral_T1_9,spiral_T1_7,59.82,1.17,6.860091743119265,219.0,0.44167279456721115,0,0.8932908104265891,1.141685657124924,0.02085453331964662,0.01872146118721461,0.0040957750995937086,0.25273210571038873,0.28985117508468183,-0.07214766451273348,-0.045936807257302634,False,False,False,not applicable,False,1.0778590627520348,0.6408492945978853,0.7,1.0429778401797618,80.02751153173678,,24.26908989334389,184.275383242215,-0.026210857255430847,0.8363299237627321,2.3404441148401185
NGC0891,fixed_core,0.01,fullfit_outer_third,False,18,6,3,9.91,0.5,2,90.0,1.0,138.34,2.55,4.462,18.16,216.1,1,spiral_T1_9,spiral_T1_7,17.11,0.92,6.709803921568628,222.5,0.549237392179311,0,-1.1446962626245873,-1.3241374387999088,0.016178220883835217,0.0166371181088923,-0.0055350559995854046,-0.13230651190892015,0.6158185709577559,-0.28775718238925274,-0.17831346983983906,True,False,False,not applicable,False,2.6308365061944707,0.2728263756679414,0.6681988189787369,0.967118036528282,89.99999999996093,,4.318424321095468,207.38164897811015,-0.10944371254941368,0.8267098291071451,2.3473300153169503
NGC1003,fixed_core,0.01,fullfit_outer_third,False,36,12,6,11.4,3.42,1,67.0,5.0,6.82,1.61,5.88,33.33,109.8,1,spiral_T1_9,spiral_T1_7,30.24,1.25,18.782608695652172,103.5,0.11659439354440493,0,-0.13128029115212078,-0.18552440320576125,0.024769231628052748,0.02333467417538214,-0.0009652249589651137,-0.09514846121618149,0.2847684302917007,0.16103152959768183,0.21940640939635384,False,False,False,not applicable,False,2.316382783813086,0.6271560411338788,0.7,1.6949148351439258,70.94469496174025,,10.538184544337312,114.80969448784874,-0.05837487979867201,1.273755910797319,2.0149403497929366
NGC1090,fixed_core,0.01,fullfit_outer_third,False,24,8,4,37.0,9.25,1,64.0,3.0,72.045,3.53,8.783,30.49,164.4,1,spiral_T1_9,spiral_T1_7,30.09,0.35,8.524079320113314,165.0,0.34270975108654694,0,-0.20295321731770244,-0.06109652832518009,0.014477983600059904,0.013765432098765433,-0.0012336319638197794,-0.09353629428020226,0.07348528992842081,-0.08930951452172763,-0.08870953558715274,False,False,False,not applicable,False,1.0817007796532436,0.6414164330030011,0.7,1.1283540316373957,64.3495812777405,,10.43115789900185,139.7795132242152,-0.0005999789345748907,0.9306474823522579,2.2174839442139063
NGC2403,fixed_core,0.01,fullfit_outer_third,False,73,25,6,3.16,0.16,2,63.0,3.0,10.041,1.39,3.199,15.11,131.2,1,spiral_T1_9,spiral_T1_7,20.87,0.16,15.014388489208635,114.0,0.2004949237023836,0,-6.367580047184521,-5.468921736316673,0.024124533446095473,0.02015748031496063,-0.047033567094104896,-1.35391232106827,29.623501149255233,-0.16071934558995296,0.07693923806344007,False,False,False,not applicable,False,2.691833440568243,0.9292944606138724,0.7,0.9877880073500334,62.221306134028886,,4.751619505264917,127.7985907430904,-0.23765858365339304,1.176507648811359,2.0569048513364727
NGC2683,fixed_core,0.01,fullfit_outer_third,False,11,4,3,9.81,0.49,2,80.0,5.0,80.415,2.18,1.406,13.79,154.0,2,spiral_T1_9,spiral_T1_7,34.62,2.89,15.880733944954127,172.0,0.25418338475200797,1,-2.5517120511981872,-8.385063652544304,0.06828824859360536,0.06559139784946236,-0.015606905431611914,-0.2078466063526344,1.382434988598284,-0.45282084766193303,0.031962132262654985,False,False,False,not applicable,False,1.3057290290322174,0.6753717757889766,0.7130732653030023,1.0144705215804288,80.82897610318575,,6.440391879905056,157.66268186665712,-0.484782979924588,1.2008705699347701,2.2355284469075487
NGC2841,fixed_core,0.01,fullfit_outer_third,False,50,17,3,14.1,1.4,3,76.0,10.0,188.121,3.64,9.775,45.12,284.8,1,spiral_T1_9,spiral_T1_7,63.64,3.44,17.483516483516482,301.0,0.18115576613796608,0,-2.7039403755036013,-4.604854481563507,0.015529846321860682,0.014982332155477033,-0.008816840908859673,-0.16016125609799303,5.130707595454674,-0.025677192955756566,0.02673314518284668,False,False,False,not applicable,False,3.839101352889053,1.2102640682310255,0.7113718382783933,1.1497387877838283,83.23302720981216,,20.1157480654224,269.69842461087745,-0.05241033813860324,1.242628787325488,2.4785664955938436
NGC2903,fixed_core,0.01,fullfit_outer_third,False,34,12,4,6.6,1.98,1,66.0,3.0,81.863,2.33,2.552,13.76,184.6,1,spiral_T1_9,spiral_T1_7,24.96,0.32,10.71244635193133,189.5,0.29820008400292186,0,-1.9171324042679387,-2.2159447536785564,0.020870186246914644,0.01671425910981439,-0.01100677624746464,-0.43879938624618436,2.528336867528438,-0.31681999217356194,-0.11460111298878303,False,False,False,not applicable,False,0.7735240924178333,0.5974786810090323,0.7,0.8284046357190824,65.77674181417703,,5.530593691722733,184.8677272022881,-0.2022188791847789,1.0298886599843673,2.2776092143040914
NGC2915,fixed_core,0.01,fullfit_outer_third,False,30,10,11,4.06,0.2,2,56.0,4.0,0.641,0.55,0.508,7.16,83.5,2,irregular_T10_11,late_T8_11,10.04,0.34,18.25454545454545,81.15,0.0764037753062881,1,-1.999649390483907,-1.570815813173894,0.07780715391200387,0.0773958777952209,-0.021764322050000697,-0.353639706873495,1.1513232705222387,-0.34495299562055803,0.2892863892314673,False,False,False,not applicable,False,0.4397336105863424,0.4518524519308112,0.7,0.9981520047746176,55.71051258845747,,1.9927128729352543,99.70042357453114,-0.6342393848520254,1.2613710233147566,1.9092885241622508
NGC2955,fixed_core,0.01,fullfit_outer_third,False,24,8,3,97.9,9.8,1,56.0,7.0,319.422,18.76,28.949,40.34,0.0,1,spiral_T1_9,spiral_T1_7,35.43,0.75,1.8885927505330489,255.5,0.5584935718233018,0,0.02932782209714091,0.947486525850536,0.04783691038284563,0.04805670029842262,0.0010484207469519018,-0.043249135562549446,0.20213247239339543,-0.14325615896216906,-0.20107103737611234,False,False,False,not applicable,False,2.1059899832867943,0.3078725763653223,0.9747666872609602,0.9659690276392944,51.54355340845751,,7.810132510441136,242.39511076895127,0.05781487841394328,0.2761383182901315,2.4073909044707316
NGC2976,fixed_core,0.01,fullfit_outer_third,False,27,9,5,3.58,0.18,2,61.0,10.0,3.371,1.01,0.172,3.04,85.4,2,spiral_T1_9,spiral_T1_7,2.27,0.11,2.2475247524752477,49.2,0.5898784583113941,1,0.25549089139423287,0.46984295667940046,0.053193980538409534,0.05439330543933054,0.003205959897182052,0.03992859733695464,0.09046348758235633,0.45139916849546524,0.4363889332625294,False,False,False,not applicable,False,0.2050190493190955,0.4769447794086475,0.7,0.9982615209077748,59.59374869297145,,1.3118768025200784,86.17517739640763,0.01501023523293582,0.35170448341048016,1.6919651027673603
NGC2998,fixed_core,0.01,fullfit_outer_third,False,13,5,5,68.1,10.2,1,58.0,2.0,150.902,6.2,23.451,43.58,209.9,1,spiral_T1_9,spiral_T1_7,42.28,0.33,6.819354838709677,206.0,0.34193970772994775,0,-0.23669303650212897,-0.5172455461482457,0.011397593856186859,0.009389671361502348,-0.0010147647088072566,-0.0977565276170215,0.28786073440089804,-0.0506251768182193,-0.058924524618240944,False,False,False,not applicable,False,1.7495316823365936,0.7480371597637704,0.7,1.1505045456392482,58.65637754595877,,15.047092435539604,175.01499194125705,0.008299347800021645,0.8337432891371348,2.3138672203691533
NGC3109,fixed_core,0.01,fullfit_outer_third,False,25,9,9,1.33,0.07,2,70.0,5.0,0.194,1.56,0.477,6.0,66.2,1,spiral_T1_9,late_T8_11,6.45,0.26,4.134615384615385,50.6,0.10808169534354384,0,-0.3739352705488241,-0.6345086486299607,0.04271681745990967,0.04503105590062111,-0.0046861120064603965,-0.06666289250114221,0.2761862763023521,0.24224532774462074,0.4170770076097215,False,False,False,not applicable,False,0.2926065168371365,0.5348483446676245,0.7,1.0034498220827548,70.3885747323832,,2.382012926054956,71.72757860577923,-0.17483167986510076,0.6164351162808062,1.7041505168397992
NGC3198,fixed_core,0.01,fullfit_outer_third,False,43,15,5,13.8,1.4,3,73.0,3.0,38.279,3.14,10.869,35.66,150.1,1,spiral_T1_9,spiral_T1_7,44.08,0.32,14.038216560509554,146.0,0.23196221382998686,0,-0.12704068362780846,-0.04598288393481198,0.014246256303626609,0.013422818791946308,-0.0007099830262023964,0.14110177106792893,4.918841740384335,-0.08647566852078797,-0.034062814474634856,False,False,False,not applicable,False,1.8170119172917831,0.7597508525008709,0.7,1.1750112685281957,74.71544356116728,,10.554260537333182,146.19423025402858,-0.05241285404615312,1.1473119377705137,2.164352855784437
NGC3521,fixed_core,0.01,fullfit_outer_third,False,41,14,4,7.7,2.3,1,75.0,5.0,84.836,2.4,4.154,18.85,213.7,1,spiral_T1_9,spiral_T1_7,17.74,0.51,7.391666666666667,213.0,0.6675563224126786,0,-2.2655168311337115,-1.9279839704980333,0.08253827994830819,0.0877314814814815,-0.01061472943600309,-0.14627765207037793,0.08228953781679937,-0.032412554874115984,-0.03588324180988464,False,False,False,not applicable,False,0.330321098216561,0.5301948944462629,0.7,1.098667341025726,75.27857681143053,,7.378298773026651,196.17534071430703,0.0034706869357686576,0.8687423737841016,2.3283796034387376
NGC3726,fixed_core,0.01,fullfit_outer_third,False,12,4,5,18.0,2.5,4,53.0,2.0,70.234,3.4,6.473,22.2,168.0,2,spiral_T1_9,spiral_T1_7,32.52,3.5,9.564705882352943,159.0,0.26180609751099576,1,-0.8451640266179226,-1.0502909457000698,0.06196193847151668,0.06290856579318117,-0.004979881896004924,-0.10223833487209709,0.0678252187185595,0.19423748640194843,0.16526084128880522,False,False,False,not applicable,False,0.891080606994453,0.6138723396525675,0.7,1.0528545859632703,53.30023052728126,,20.72929315210421,200.9886457033676,0.028976645113143212,0.9806716198797755,2.2013971243204513
NGC3741,fixed_core,0.01,fullfit_outer_third,False,21,7,10,3.21,0.17,2,70.0,4.0,0.028,0.2,0.182,4.2,50.1,1,irregular_T10_11,late_T8_11,7.0,0.23,35.0,36.5,0.08112721999999999,0,-0.3398220127061415,-0.7216792057870478,0.050390165686264275,0.04796573875802998,-0.005183748972299793,-0.05666342000661965,0.5758155207101725,0.022835272975524408,0.2606590719417613,False,False,False,not applicable,False,2.966090888212524,0.9898721217030504,0.7,1.044535373108081,72.85732788106112,,2.014756894629148,54.78470093518448,-0.2378237989662369,1.5440680443502757,1.5622928644564746
NGC3769,fixed_core,0.01,fullfit_outer_third,False,12,4,3,18.0,2.5,4,70.0,2.0,18.679,3.38,5.529,22.57,118.6,2,spiral_T1_9,spiral_T1_7,37.16,1.74,10.994082840236686,118.0,0.16445895862183707,1,-2.985086520510233,-6.255157648695139,0.09748590794955578,0.09052797360131994,-0.02610567372488324,-0.35032157175337153,0.38653732548540537,-0.23853176476139482,-0.06809543912706072,False,False,False,not applicable,False,0.5526497307428624,0.5542202099254916,0.7,1.0767569070476195,70.2151983119639,,7.169182981965983,133.22324334180453,-0.17043632563433408,1.0411590050439494,2.0718820073061255
NGC3877,fixed_core,0.01,fullfit_outer_third,False,13,5,5,18.0,2.5,4,76.0,1.0,72.535,2.53,1.483,11.47,168.4,2,spiral_T1_9,spiral_T1_7,11.35,0.87,4.486166007905139,162.0,0.7102281327684605,1,-2.7813189772067006,-1.9419508375834766,0.03272408367478622,0.03136094674556213,-0.016395435739261156,-0.41720814365083997,0.8373248018969495,-0.236956500244064,-0.004298535685343285,False,False,False,not applicable,False,1.549888789988727,0.3499299585608499,0.7,0.8532912688034832,75.94328121644881,,2.354030861177605,158.3713445143848,-0.23265796455872073,0.6518753403533236,2.2095150145426308
NGC3893,fixed_core,0.01,fullfit_outer_third,False,10,4,5,18.0,2.5,4,49.0,2.0,58.525,2.38,5.799,20.84,174.0,1,spiral_T1_9,spiral_T1_7,19.05,1.74,8.004201680672269,182.5,0.3342177117214111,0,-3.3020730378055347,-2.763822045853402,0.0657903007469064,0.06843416708989333,-0.018883387073479484,-0.27993083677601405,0.10315997413922186,-0.34202521849353856,-0.2828363615293573,False,False,False,not applicable,False,0.1735224618274231,0.5203819815525914,0.7,1.0055055523629743,49.034789395753975,,4.373332460037718,170.30640597652038,-0.05918885696418125,0.9033180229551262,2.2612628687924934
NGC3917,fixed_core,0.01,fullfit_outer_third,False,17,6,6,18.0,2.5,4,79.0,2.0,21.966,2.63,1.888,14.08,135.9,1,spiral_T1_9,spiral_T1_7,14.86,0.87,5.650190114068441,134.0,0.31395441152965,0,-3.584770796802862,-3.0018578603384753,0.03405049076649596,0.030983589087809037,-0.02605876843685938,-0.543290569008238,1.2350798787099784,-0.30234649067081526,0.024512401586324135,False,False,False,not applicable,False,0.6759195359537459,0.4279352391205193,0.7,0.9564515260163698,78.94107349151109,,3.4670739910816497,138.9640500121003,-0.3268588922571394,0.7520630609347986,2.1271047983648077
NGC3949,fixed_core,0.01,fullfit_outer_third,False,7,3,4,18.0,2.5,4,55.0,2.0,38.067,3.59,3.371,13.72,163.0,2,spiral_T1_9,spiral_T1_7,7.07,1.74,1.9693593314763234,157.0,0.5717210523415978,1,-1.7385582106333193,-1.3024613546349144,0.09114158231215086,0.06787878787878787,-0.01052292588922995,-0.14133161114008666,0.02796755045153267,0.15550739645348596,0.16187798501325934,False,True,False,not applicable,False,0.1979055900015694,0.523311843030405,0.7,1.014360026439165,55.073623938559685,,356.5544075969918,9999.999999126734,-0.006370588559773377,0.2943249652185803,2.1958996524092336
NGC3953,fixed_core,0.01,fullfit_outer_third,False,8,3,4,18.0,2.5,4,62.0,1.0,141.301,4.89,2.832,17.38,220.8,1,spiral_T1_9,spiral_T1_7,15.68,3.5,3.206543967280164,219.5,0.5688839644451532,0,-4.619385451807602,-6.533967669714599,0.03323422733886546,0.027354260089686097,-0.021209236464285356,-0.5610661820415556,0.7635487455107383,-0.367208107459602,-0.14095338643207594,False,False,False,not applicable,False,0.5779716713910766,0.5711723448040491,0.7,1.057043525998023,62.05787472038642,,3.2918017820396974,146.12905507806374,-0.22625472102752603,0.5060371992247994,2.34143452457814
NGC3972,fixed_core,0.01,fullfit_outer_third,False,10,4,4,18.0,2.5,4,77.0,1.0,14.353,2.18,1.214,10.05,132.7,1,spiral_T1_9,spiral_T1_7,8.72,0.87,4.0,113.0,0.3368280611870436,0,-0.6544748319669758,-1.4521178499377072,0.0369654774905958,0.03616976095134086,-0.0036391340800309736,-0.03607756035649551,1.2548968706983334,-0.060666957990110466,0.2473368676840608,False,False,False,not applicable,False,0.2655697166673415,0.5315290141624643,0.7,1.0222312300239136,77.00948652106166,,2.7966307280781764,121.42881007366762,-0.3080038256741713,0.6020599913279624,2.0530784434834195
NGC3992,fixed_core,0.01,fullfit_outer_third,False,9,3,4,23.7,2.3,5,56.0,2.0,226.932,4.96,16.599,32.75,241.0,1,spiral_T1_9,spiral_T1_7,46.02,9.19,9.278225806451614,248.0,0.2588026617999001,0,-0.28810310105302506,-0.12442002745063974,0.027911457461823875,0.025726141078838177,-0.0011904837437433848,-0.04943525907812005,0.006693142753613289,-0.12417767277791154,-0.12792307558032004,False,False,False,not applicable,False,2.8702625886767383,0.9682695249521898,0.7,1.1069464140472276,57.13394897644904,,21.62632724034396,206.1940369853611,0.0037454028024084957,0.9674649378424272,2.3944516808262164
NGC4010,fixed_core,0.01,fullfit_outer_third,False,12,4,7,18.0,2.5,4,89.0,1.0,17.193,2.81,2.832,17.59,125.8,2,spiral_T1_9,spiral_T1_7,10.47,0.87,3.725978647686833,109.5,0.36410069459969785,1,-0.291197324057471,0.5626328374346627,0.03819715235217737,0.03984618201794543,-0.0018413694944396045,-0.017767631640639936,0.3840794422294337,0.013106997394718368,-0.19880033900197142,False,False,False,not applicable,False,0.5257860364829833,0.4429874275752839,0.7,0.9565083570679954,88.99868424215754,,3.6889475677437633,122.5478355248386,0.2119073363966898,0.5712403617737625,2.0394141191761372
NGC4013,fixed_core,0.01,fullfit_outer_third,False,36,12,3,18.0,2.5,4,89.0,1.0,79.094,3.53,2.967,31.35,172.9,2,spiral_T1_9,spiral_T1_7,31.01,5.49,8.784702549575071,178.0,0.24156643395061728,1,-0.013229320747501086,-0.6455273536898858,0.032738718947565415,0.028818683143977144,0.0002905291836223997,-0.036294721742438425,0.2548195982782531,0.10395667845947366,0.06631422727884584,False,False,False,not applicable,False,0.7425365385585799,0.5871343021502783,0.8004829937504302,1.1031300747998027,89.00358082236404,,13.836253017171334,182.21515245748884,0.037642451180627826,0.9437270608495039,2.250420002308894
NGC4051,fixed_core,0.01,fullfit_outer_third,False,7,3,4,18.0,2.5,4,49.0,3.0,95.268,4.65,2.697,15.13,157.0,2,spiral_T1_9,spiral_T1_7,12.19,1.74,2.6215053763440856,153.0,0.7461619518468544,1,-0.5624351209610552,1.2505689401328368,0.04813412409320338,0.048051948051948054,-0.004074218341453832,0.06215596216368965,0.30630164221802775,-0.3442821596689524,-0.1551729592520432,False,False,False,not applicable,False,0.3304264189129212,0.4633694127966066,0.7,0.9718362005358387,48.60710971808523,,2.579507330861619,114.7732940973331,-0.18910920041690923,0.41855075272842795,2.184691430817599
NGC4068,fixed_core,0.01,fullfit_outer_third,False,6,2,10,4.37,0.22,2,44.0,6.0,0.236,0.59,0.154,3.18,0.0,2,irregular_T10_11,late_T8_11,2.33,0.21,3.9491525423728815,26.45,0.41044406069414885,1,0.038047120894699304,0.038047120894699304,0.08291898700609918,0.08291898700609918,0.0016336508759380404,0.07945251207316054,0.02557627524099194,0.6764265696749207,0.763549261625086,False,False,False,not applicable,False,0.1192997257033808,0.4864520430945175,0.7,0.9988267964749687,43.38527249581305,,3.71589165493567,95.3559175094635,-0.08712269195016531,0.5965039093838748,1.4224256763712047
NGC4085,fixed_core,0.01,fullfit_outer_third,False,7,3,5,18.0,2.5,4,82.0,2.0,21.724,1.65,1.349,10.16,131.5,2,spiral_T1_9,spiral_T1_7,6.2,0.87,3.757575757575758,127.0,0.6700300554016622,1,0.6085584546790036,2.1086437996021914,0.04197955295478515,0.03769230769230769,0.004831298306239813,0.1926943764919263,0.1724149130100597,0.03600139527830909,0.1358221231953595,False,False,False,not applicable,False,1.592843994704572,0.3464859310083104,0.7,0.8392291121042271,81.86031761181208,,2.3463610233850685,126.50541232848748,-0.0998207279170504,0.5749077452843476,2.103803720955957
NGC4088,fixed_core,0.01,fullfit_outer_third,False,12,4,4,18.0,2.5,4,69.0,2.0,107.286,2.58,8.226,22.25,171.7,1,spiral_T1_9,spiral_T1_7,21.48,1.74,8.325581395348838,171.0,0.6009229994319083,0,0.004125188827899251,-0.8250191162710365,0.04105486908231917,0.03999384236453202,0.00020866549963570002,0.03840288647910111,0.08693496024198433,0.09424791498652119,0.13458965771773598,False,False,False,not applicable,False,0.3562411286139495,0.4606232884371283,0.7,0.972214993468272,68.92464963827372,,19.880068276434297,233.7900276596644,-0.0403417427312148,0.9204145710642879,2.2329961103921536
NGC4100,fixed_core,0.01,fullfit_outer_third,False,24,8,4,18.0,2.5,4,73.0,2.0,59.394,2.15,3.102,18.06,158.2,1,spiral_T1_9,spiral_T1_7,22.76,2.61,10.586046511627908,178.5,0.3063761352878611,0,-0.8243343668515308,-0.8940660916594823,0.044706812652690206,0.0439873417721519,-0.004233139954297612,-0.09633329066599927,0.36130995663101695,-0.3980206010619259,-0.43028446840540185,False,False,False,not applicable,False,1.412131327720897,0.6921227697934736,0.7,1.1045765669592271,73.2516136581352,,5.597736914215671,147.78996662535593,0.03226386734347597,1.0247337978074282,2.251638220448212
NGC4138,fixed_core,0.01,fullfit_outer_third,False,7,3,0,18.0,2.5,4,53.0,3.0,44.111,1.51,1.483,18.58,147.3,2,S0_T0,S0_T0,18.58,2.61,12.304635761589402,162.0,0.32976230181868665,1,-8.999900782364245,-9.483518521307587,0.1093252013449058,0.12176870748299319,-0.060080559535416446,-0.3688205714715809,0.5366661102292928,-0.48543616767307185,0.10462123207630013,False,False,False,not applicable,False,0.1724139878379976,0.4805389615717711,0.6809507379415046,0.9762155326126144,52.712059466766405,,2.688528848353247,165.9445132949089,-0.590057399749372,1.0900687623644534,2.2095150145426308
NGC4157,fixed_core,0.01,fullfit_outer_third,False,17,6,3,18.0,2.5,4,82.0,3.0,105.62,2.32,8.226,24.09,184.7,1,spiral_T1_9,spiral_T1_7,29.61,1.74,12.76293103448276,185.0,0.3445311366921031,0,-0.5114848441231837,-0.3402109809391334,0.054715978595568406,0.05510752688172043,-0.0027528858830240623,-0.041307175370461385,0.005544648170408089,-0.001941228747004776,0.017469791947177266,False,False,False,not applicable,False,0.3897836769090796,0.5469509387041354,0.6417449801223969,1.0007906117643606,82.00181123162389,,12.1190444202693,179.16947882395067,-0.019411020694182043,1.1059504224983996,2.2671717284030137
NGC4183,fixed_core,0.01,fullfit_outer_third,False,23,8,6,18.0,2.5,4,82.0,2.0,10.838,2.79,3.506,16.07,110.6,1,spiral_T1_9,spiral_T1_7,21.02,0.87,7.534050179211469,109.0,0.24187166578330843,0,-0.3248621162232741,-0.2956523679478025,0.058339706468791275,0.047727084883048186,-0.002900570613208681,-0.05134788196882722,0.035492094510491366,0.09593691853453207,0.08655046204250465,False,False,False,not applicable,False,4.144597812699642,1.2984636182500462,0.7,1.2684463205094758,82.33184450482553,,19.52535173083101,150.7283163663843,0.00938645649202742,0.8770285084186259,2.037426497940624
NGC4217,fixed_core,0.01,fullfit_outer_third,False,19,7,3,18.0,2.5,4,86.0,2.0,85.299,2.94,2.562,16.7,181.3,1,spiral_T1_9,spiral_T1_7,16.72,0.87,5.687074829931973,179.0,0.5874801832027714,0,-1.459494731121477,0.4919991000609514,0.04260450565016867,0.03826815642458101,-0.008300361168047594,-0.11118139577236771,0.1298194002849204,-0.29949804483802567,-0.17536791938545898,False,False,False,not applicable,False,3.001455862957525,0.4875209367034581,0.3683400341354463,0.5831311301447881,85.87304175276074,,3.918746634105298,193.97676824553847,-0.12413012545256669,0.7548889426908403,2.2528530309798933
NGC4559,fixed_core,0.01,fullfit_outer_third,False,32,11,6,9.0,2.7,1,67.0,1.0,19.377,2.1,5.811,21.16,121.2,1,spiral_T1_9,spiral_T1_7,20.97,0.67,9.985714285714284,119.5,0.33695148481590975,0,0.27962878593416723,0.49568541799133925,0.04613882943850025,0.0468595041322314,0.0023883195085461495,0.031183666914268045,0.043899079927381145,-0.035400559599757,-0.09809829348981777,False,False,False,not applicable,False,0.458626928824886,0.5556901481332108,0.7,1.1333008626104226,67.02484096046537,,6.2819806225911226,111.50912588747389,0.06269773389006078,0.9993791357314245,2.0773679052841563
NGC5005,fixed_core,0.01,fullfit_outer_third,False,18,6,4,16.9,1.5,5,68.0,2.0,178.72,9.45,1.28,10.41,262.2,1,spiral_T1_9,spiral_T1_7,11.47,0.49,1.2137566137566138,260.0,0.682692169642958,0,0.863618854837398,2.282895639719129,0.08355393558223746,0.08355345911949685,0.0032714495045956856,0.038605148251532745,0.027124966050580072,-0.05757477618027474,0.0012803334131806995,False,False,False,not applicable,False,0.7550879620052096,0.5228948259355967,0.5882869896844884,0.9779886680622966,67.84464392745662,,4.442976734761052,191.2340708235764,-0.05885510959345544,0.08413160939200474,2.4149733479708178
NGC5033,fixed_core,0.01,fullfit_outer_third,False,22,8,5,15.7,4.7,1,66.0,1.0,110.509,5.16,11.314,29.53,194.2,1,spiral_T1_9,spiral_T1_7,44.59,0.76,8.641472868217054,217.5,0.2624681385547809,0,-2.9402206413597334,-1.6525209594614552,0.017049702977050066,0.015584520725388601,-0.014941622686658638,-0.5676177218562128,3.93133820745662,-0.41419911575696294,-0.22361727752488253,False,False,False,not applicable,False,2.2335956641878507,0.8362373685335144,0.4606886473575003,0.957464498824075,65.99293480473823,,8.946763648376121,204.30245516091875,-0.1905818382320804,0.9365877707223959,2.337459261290656
NGC5055,fixed_core,0.01,fullfit_outer_third,False,28,10,4,9.9,0.3,2,55.0,6.0,152.922,3.2,11.722,35.06,179.0,1,spiral_T1_9,spiral_T1_7,54.59,0.72,17.059375,189.0,0.30148861265080507,0,0.8402045104964998,0.44925890848560357,0.01908510540475273,0.0180933346176074,0.003962783786688665,0.6850391769193763,17.14170033818591,-0.3059710449651855,-0.08263506663396482,False,False,False,not applicable,False,3.324621908281222,0.3301852568681485,0.7,1.051544877774275,74.94773144968732,,10.823853510236498,184.36473820258223,-0.2233359783312207,1.2319631159860553,2.2764618041732443
NGC5371,fixed_core,0.01,fullfit_outer_third,False,19,7,4,39.7,9.92,1,53.0,2.0,340.393,7.44,11.18,30.03,209.5,1,spiral_T1_9,spiral_T1_7,46.24,1.45,6.21505376344086,215.0,0.5646984860392011,0,-2.16893256185032,-1.8660261777450273,0.018244829677478546,0.019138755980861243,-0.010241620000536506,-0.32183394742414034,1.676391733046089,-0.23281396867869503,-0.11221494018718622,False,True,False,not applicable,False,2.353968648070801,0.8597394775429894,0.7,0.7810451419986111,52.70875388165317,,2042.158646058807,9999.9999966312,-0.1205990284915088,0.7934448898665939,2.3324384599156054
NGC5585,fixed_core,0.01,fullfit_outer_third,False,24,8,7,7.06,2.12,1,51.0,2.0,2.943,1.53,1.683,10.92,90.3,1,spiral_T1_9,spiral_T1_7,10.96,0.09,7.163398692810458,68.69999999999999,0.21595699061500612,0,-0.003941636504196211,0.012286113230608464,0.025822612088564928,0.029259104023705556,-2.215191824521539e-05,-0.009645060780100866,0.044529720362654804,0.024152370380092027,0.021500575291354587,False,False,False,not applicable,False,0.4742873467714101,0.5576975530820276,0.7,1.1330654991208484,51.18779418625263,,3.2308610550753007,92.35433520077788,0.0026517950887374395,0.8551191233307516,1.8369567370595503
NGC5907,fixed_core,0.01,fullfit_outer_third,False,19,7,5,17.3,0.9,2,88.0,2.0,175.425,5.34,21.025,0.0,215.0,1,spiral_T1_9,spiral_T1_7,50.33,5.03,9.425093632958802,218.0,0.2854637785065158,0,-0.024493034823279913,-1.0129717499556818,0.014619038872243386,0.013888888888888888,-2.9166971863946205e-06,0.17501479477891846,1.2820115280115416,-0.0277136496609705,0.03855080285540475,False,False,False,not applicable,False,2.862874582876202,0.9666237523365666,0.7,1.031397582484595,88.05668711290612,,24.30239131891855,197.6367307627772,-0.06626445251637525,0.9742856733685831,2.3384564936046046
NGC5985,fixed_core,0.01,fullfit_outer_third,False,33,11,3,39.7,9.9,1,60.0,2.0,208.728,7.01,11.586,39.5,293.6,1,spiral_T1_9,spiral_T1_7,34.72,3.54,4.9529243937232525,291.0,0.27124533215296626,0,-2.124591820860556,-2.8011770906649076,0.015244266210500833,0.013888888888888888,-0.007136856011065879,-0.44962387851181895,1.3567068694466,-0.03304426835190142,-0.02614661196852798,False,True,False,not applicable,False,4.721142719363105,0.7910776797256772,2.075928120798821,1.829361481752196,61.82470718908306,,1265.25885668023,9999.999998638485,-0.006897656383373439,0.6948616985377957,2.4638929889859074
NGC6015,fixed_core,0.01,fullfit_outer_third,False,44,15,6,17.0,5.1,1,60.0,2.0,32.129,2.3,5.834,21.43,154.1,2,spiral_T1_9,spiral_T1_7,29.23,0.34,12.708695652173914,152.0,0.20998834752909432,1,-2.1251262939022335,-2.70962528498481,0.03903009067061294,0.03795180722891566,-0.012200845928047589,-0.32285427029982705,1.3675396285880337,0.013727257652744754,-0.1752652489012261,False,False,False,not applicable,False,1.7937597375916172,0.7556940070315576,0.7,1.4214933252703792,60.5253627603145,,11.751639106070517,151.1531332711161,0.18899250655397087,1.1041009793398435,2.1818435879447726
NGC6195,fixed_core,0.01,fullfit_outer_third,False,23,8,3,127.8,12.8,1,62.0,5.0,391.076,13.94,20.907,40.89,251.7,1,spiral_T1_9,spiral_T1_7,36.43,1.33,2.6133428981348636,247.0,0.688132100245497,0,0.1611066502313392,-0.02764871272579228,0.03021996464061704,0.02656990134138371,0.0007085078120093148,0.06048886700862263,0.1344589027838519,-0.035939760804339464,-0.03355465654286811,False,False,False,not applicable,False,0.9977138355278652,0.3973732430958315,0.7892246057939483,0.9859459176574916,61.341164318715975,,13.70901228450112,212.04205097625405,-0.0023851042614713575,0.41719639747992526,2.392696953259666
NGC6503,fixed_core,0.01,fullfit_outer_third,False,31,11,6,6.26,0.31,2,74.0,2.0,12.845,2.16,1.744,14.05,116.3,1,spiral_T1_9,spiral_T1_7,23.5,0.76,10.87962962962963,116.0,0.16276716824196596,0,-4.88539009864759,-4.435767361819686,0.0252233444546075,0.017391304347826087,-0.04221168370753563,-1.5463820930447043,4.7284357365142755,-0.3197596012320358,0.016181861344993498,False,False,False,not applicable,False,1.5971639055061813,0.7222480781419033,0.7,1.0131971792306336,74.21521468368186,,5.344768570599821,118.46430280892618,-0.3359414625770293,1.0366141111208054,2.0644579892269186
NGC6674,fixed_core,0.01,fullfit_outer_third,False,15,5,3,51.2,10.2,1,54.0,6.0,214.654,6.04,32.165,50.02,241.3,1,spiral_T1_9,spiral_T1_7,72.41,2.5,11.988410596026489,242.0,0.17472055687751997,0,0.9081114820693472,1.9764681131892416,0.01241184060530898,0.00847457627118644,0.00383347140108234,0.06420492897385544,0.9683981987785633,0.10648834164576974,0.06678730440675053,False,False,False,not applicable,False,2.444046807294656,0.877757775037979,0.7163539603509371,1.3507330779972564,61.98177059235536,,40.94078104744695,257.9019298475211,0.039701037239019216,1.0787616088594338,2.383815365980431
NGC6789,fixed_core,0.01,fullfit_outer_third,False,4,2,11,3.52,0.18,2,43.0,7.0,0.1,0.31,0.017,0.97,0.0,2,irregular_T10_11,late_T8_11,0.71,0.1,2.290322580645161,38.3,0.12654656163302208,1,-0.4096885573804059,-0.4096885573804059,0.12171178581051378,0.12171178581051378,-0.005757772084717978,-0.014558017302378705,0.014022348837578615,0.6875451739977229,0.7775174255266631,False,False,False,not applicable,False,0.0262667301007654,0.5026260108152976,0.7,1.0002637516182886,43.18386711070536,,0.539213394650197,86.75070071834546,-0.08997225152894028,0.35989665488480255,1.5831987739686226
NGC6946,fixed_core,0.01,fullfit_outer_third,False,58,20,6,5.52,1.66,2,38.0,2.0,66.173,2.44,5.67,21.25,158.9,1,spiral_T1_9,spiral_T1_7,20.4,0.19,8.360655737704917,167.0,0.43226802557093225,0,-0.558926250746552,-0.19005087676394794,0.0708936354357135,0.0630921105007563,-0.0033385771941625932,-0.008885501045192862,0.08255208384564036,-0.3049979449365184,-0.2632018850752571,False,False,False,not applicable,False,0.954528238254758,0.6155203839730227,0.5618821249532495,0.9892115308353796,37.97889391433105,,6.130130295778084,133.93278394131167,-0.04179605986126128,0.9222403410871692,2.2227164711475833
NGC7331,fixed_core,0.01,fullfit_outer_third,False,36,12,3,14.7,1.5,3,75.0,2.0,250.631,5.02,11.067,27.01,239.0,1,spiral_T1_9,spiral_T1_7,36.31,2.67,7.2330677290836665,239.0,0.3937968770300031,0,-2.204151882042195,-1.1446727260337184,0.018890929840452528,0.016773331457908432,-0.009182795532147648,-0.2290645950197174,0.9247384191441825,-0.1340304364794676,0.01495909441891942,False,False,False,not applicable,False,1.218730381486331,0.5158664562786722,0.5287191027641215,0.8804881010662878,74.61163198472947,,11.96967072462694,222.5861874944609,-0.148989530898387,0.8593225317678731,2.3783979009481375
NGC7793,fixed_core,0.01,fullfit_outer_third,False,46,16,7,3.61,0.18,2,47.0,9.0,7.05,1.21,0.861,7.35,0.0,1,spiral_T1_9,spiral_T1_7,7.87,0.11,6.5041322314049586,76.2,0.38746126497272737,0,-2.3278438852173906,-2.649975570748161,0.07905209472603564,0.07267187047232687,-0.01912543498081013,-0.24382473984590597,0.4309614452348531,-0.07713040685394336,-0.09778945475832233,False,False,False,not applicable,False,0.8756522287017809,0.5814860111774686,0.7,1.009757754417293,54.88087005831603,,2.138657325023634,82.17365512025424,0.020659047904378974,0.8131893620426145,1.8819549713396004
NGC7814,fixed_core,0.01,fullfit_outer_third,False,18,6,2,14.4,0.66,2,90.0,1.0,74.529,2.54,1.07,12.15,218.9,1,spiral_T1_9,spiral_T1_7,19.53,0.63,7.6889763779527565,221.0,0.2876487837365709,0,-1.675715628718886,-1.108745907439797,0.020140186915887853,0.021588785046728974,-0.007830446863172363,-0.26288146638239723,0.8206578065454307,-0.15165119196849847,1.2252844692538907e-13,True,False,False,not applicable,False,3.5198143719645265,1.1244792389102347,0.6410083869764889,1.0271161927794932,90.0,,6.368945937039679,196.05248706150644,-0.151651191968621,0.8858685266679164,2.3443922736851106
UGC00128,fixed_core,0.01,fullfit_outer_third,False,22,8,8,64.5,9.7,1,57.0,10.0,12.02,5.95,7.431,31.27,129.3,1,spiral_T1_9,late_T8_11,53.75,1.25,9.033613445378151,127.5,0.12419543667642524,0,-0.10000800926354003,0.018136699615723728,0.02097928581700921,0.015449457259158753,-0.0002512864299784234,0.24545965305558032,2.8322706508763726,-0.05599371824865286,0.0318093358483769,False,False,False,not applicable,False,5.25860576367718,1.6781492404600025,0.7,1.5686589262399988,80.36718925643834,,23.93614730197039,119.17716048718182,-0.08780305409702976,0.9558615028590933,2.1055101847699738
UGC00191,fixed_core,0.01,fullfit_outer_third,False,9,3,9,17.1,5.1,1,45.0,5.0,2.004,1.58,1.343,10.03,0.0,1,spiral_T1_9,late_T8_11,9.98,0.62,6.3164556962025316,57.6,0.24472710607981227,0,-0.7612103426611441,-0.7802115317961267,0.011467120422201658,0.0124031007751938,-0.0098482546445087,-0.5103785199631866,2.4692092821201137,0.16594805378965694,0.12924829243295302,False,False,False,not applicable,False,3.1189597181774515,1.0253354575567406,0.7,1.5611174657678772,51.76998836366878,,5.82139571135048,68.78178596044222,0.036699761356703914,0.8004734543329485,1.760422483423212
UGC00634,fixed_core,0.01,fullfit_outer_third,False,4,2,9,30.9,7.7,1,37.0,8.0,2.989,2.45,3.663,16.78,0.0,2,spiral_T1_9,late_T8_11,18.01,4.51,7.351020408163265,102.6,0.16428407044890797,1,-0.7875736024873774,-0.7875736024873774,0.015374031007751938,0.015374031007751938,-0.007340080579914561,-0.15372251470168002,0.6664314813469528,-0.10921510177748842,-0.016140618650010635,False,False,False,not applicable,False,0.4596114545333551,0.5558161348256062,0.7,1.078745695248158,40.56946901941604,,5.436116696486065,112.06484874187576,-0.09307448312747778,0.8663476284550008,2.0111473607757975
UGC00731,fixed_core,0.01,fullfit_outer_third,False,12,4,10,12.5,3.75,1,57.0,3.0,0.323,2.3,1.807,11.57,73.3,1,irregular_T10_11,late_T8_11,10.91,0.91,4.743478260869566,66.35,0.24415296599595537,0,-2.758883429896205,-2.652229830803286,0.04116642405310319,0.04093733977880319,-0.03736338440793883,-0.8842600250404903,0.865176861538788,-0.12148731728897934,0.019094499938272287,False,False,False,not applicable,False,3.1534739238459237,0.5539782930395133,0.7,1.9460421771537768,60.61839956748322,,1.668516958613631,69.31027127828426,-0.14058181722725163,0.676096914570749,1.8218409272004543
UGC00891,fixed_core,0.01,fullfit_outer_third,False,5,2,9,10.2,3.1,1,60.0,5.0,0.374,1.43,0.428,6.23,0.0,2,spiral_T1_9,late_T8_11,7.39,1.48,5.1678321678321675,54.15,0.159863374353806,1,-0.15569534316002276,-0.15569534316002276,0.011441005329812723,0.011441005329812723,-0.0023363108188365553,-0.04755079536727699,0.2704375212123332,0.21023990314269522,0.26612999623608946,False,False,False,not applicable,False,0.3584384190405533,0.5165190739174055,0.7,1.1089371665711485,60.64199937408139,,3.1655169415867883,68.6639744503443,-0.05589009309339424,0.7133084009297639,1.733598460961339
UGC01281,fixed_core,0.01,fullfit_outer_third,False,25,9,8,5.27,0.24,2,90.0,1.0,0.353,1.63,0.294,5.26,55.2,1,spiral_T1_9,late_T8_11,4.99,0.08,3.0613496932515343,37.4,0.17792381466511326,0,-16.430399147115185,-17.186883515475813,0.10202899652533787,0.07393715341959334,-0.3079923160769813,-3.632759822029581,15.377739913290432,0.022370648614078573,0.2749395828795249,True,False,False,not applicable,False,5.999999999999999,1.990535852767486,0.7,1.2656955238272969,89.99999999996064,,0.0437557259067676,8.092036223453244,-0.25256893426544635,0.4859129412194322,1.57287160220048
UGC02259,fixed_core,0.01,fullfit_outer_third,False,8,3,8,10.5,3.1,1,41.0,3.0,1.725,1.62,0.494,7.28,86.2,2,spiral_T1_9,late_T8_11,8.14,1.02,5.0246913580246915,83.25,0.1748218135692565,1,-0.7516565873422915,-0.15418105217152345,0.025607586305787466,0.026047565118912794,-0.008286054323449692,-0.20630775159748502,0.2709134184670855,0.04279635044190868,0.15882201334078364,False,True,False,not applicable,False,4.661489867983527,1.46257784719159,0.7,1.8441525120364683,46.35202352609859,,944.5841563528516,9999.999953323604,-0.11602566289887495,0.7011093903465703,1.9203842421783575
UGC02487,fixed_core,0.01,fullfit_outer_third,False,17,6,0,69.1,10.4,1,36.0,5.0,489.955,7.89,17.963,40.2,332.0,1,S0_T0,S0_T0,80.38,9.93,10.187579214195184,364.0,0.18538000679943453,0,-9.247189816883747,-7.294152512822279,0.01919441082303169,0.008691949894077552,-0.027849830247086555,-0.5931916916758463,4.952019801148945,-0.28864932309615204,0.012208453477836985,False,False,False,not applicable,False,2.741172248971256,0.9399120755151492,0.5206291870878927,1.1732425107723852,44.08461971325824,,23.08725114556695,271.26805214755166,-0.30085777657398904,1.0080709986465957,2.561101383649056
UGC02885,fixed_core,0.01,fullfit_outer_third,False,19,7,5,80.6,8.06,1,64.0,4.0,403.525,11.4,40.075,74.24,289.5,1,spiral_T1_9,spiral_T1_7,74.07,1.7,6.497368421052631,287.0,0.2637727538173956,0,-0.45945762322537576,0.313170238711848,0.03365555103166577,0.03355704697986577,-0.0015197868755489116,-0.04594576232253757,0.04807287584460531,-0.01595346692150811,0.036312056080300824,False,False,False,not applicable,False,1.5552395679847395,0.7153094476271027,0.8965317554581416,1.0991086534299348,66.62906484545586,,25.856693596081037,275.5162850205708,-0.052265523001808936,0.812737493315122,2.4578818967339924
UGC02916,fixed_core,0.01,fullfit_outer_third,False,43,15,2,65.4,9.8,1,50.0,5.0,124.153,6.15,23.273,34.24,182.7,2,spiral_T1_9,spiral_T1_7,38.0,0.37,6.178861788617886,211.0,0.5284761147867493,1,2.0139620516940835,1.933709117011773,0.048299808678273014,0.056906077348066304,0.009043823178541356,0.5188562862222397,1.7272145179710676,-0.14503602876398083,-0.11663812130836626,True,False,False,not applicable,False,5.999999999999934,1.990535852767456,0.1835557275675594,1.184425361321507,55.7748471051635,,0.3432399482321564,214.4775536068201,-0.028397907455614574,0.7909084808413934,2.3242824552976926
UGC02953,fixed_core,0.01,fullfit_outer_third,False,115,39,2,16.5,4.95,1,50.0,4.0,259.518,3.55,7.678,24.0,264.9,2,spiral_T1_9,spiral_T1_7,62.39,0.09,17.574647887323945,266.0,0.25860770708437164,1,-4.061548259296191,-1.2170266345113987,0.010958766408008256,0.006959706959706959,-0.015517348202606335,-0.25286664796950686,14.337690812864057,-0.18237378066460286,-0.11044155086241755,False,False,False,not applicable,False,2.855174560922616,0.4726916635705656,0.3627275845895221,1.5954535916516523,54.244747265675656,,13.427153477393654,247.82960144877276,-0.0719322298021853,1.2448866325752692,2.424881636631067
UGC03205,fixed_core,0.01,fullfit_outer_third,False,48,16,2,50.0,10.0,1,67.0,4.0,113.642,3.19,9.677,28.6,219.6,1,spiral_T1_9,spiral_T1_7,40.04,0.28,12.551724137931034,221.0,0.3771670627882776,0,-3.437418176039129,-3.432580902761316,0.023211674993132446,0.0185940970793912,-0.015472633471694763,-0.5780741463154703,2.2244048431957624,-0.05213530601154661,-0.036100565000581744,False,False,False,not applicable,False,1.5595669863931303,0.6988407826407451,0.8612588050370595,1.311913397278626,69.17345043524868,,14.71174519478539,191.5412521744984,-0.016034741010964866,1.0987033857500998,2.3443922736851106
UGC03546,fixed_core,0.01,fullfit_outer_third,False,30,10,1,28.7,7.2,1,55.0,5.0,101.336,3.79,2.675,18.37,196.9,1,spiral_T1_9,spiral_T1_7,29.23,0.63,7.712401055408971,204.5,0.4117708455180804,0,-5.093053843047656,-0.7162994222091328,0.025942538242124093,0.009556909299177341,-0.026582962069094457,-0.24467034091476866,1.6405988115566152,-0.24645390910442808,-0.07923382458063677,False,False,False,not applicable,False,1.4417597121780776,0.6968607043607347,0.5220634708324753,0.9123759800917708,54.200538959662126,,6.588665179584472,172.15053380560005,-0.1672200845237913,0.8871896053893641,2.3106933123433606
UGC03580,fixed_core,0.01,fullfit_outer_third,False,47,16,1,20.7,5.2,1,63.0,4.0,13.266,2.43,4.37,19.97,126.2,2,spiral_T1_9,spiral_T1_7,27.06,0.11,11.1358024691358,91.4,0.3161361252057884,1,-1.3141475316889286,-3.936484134149154,0.023666684713942253,0.013468396946564886,-0.011497272272038821,-0.27512189966856826,8.316913740506468,0.1748478730972249,0.1543078384759189,False,False,False,not applicable,False,4.869756916888714,1.3014676055088148,0.2280984574606727,0.5999681984579825,61.86414474210649,,7.444714091519726,134.2063426563403,0.02054003462130602,1.0467215186632919,1.9609461957338314
UGC04278,fixed_core,0.01,fullfit_outer_third,False,25,9,7,9.51,2.85,1,90.0,3.0,1.307,2.21,1.116,8.9,91.4,1,spiral_T1_9,spiral_T1_7,6.69,0.14,3.0271493212669687,53.7,0.16641184029013883,0,-0.4011148154520849,-1.0147804788631731,0.09052219243578079,0.05610098176718093,-0.006599976640358378,-0.14654304353031325,0.3078888783659806,0.8464601319272785,0.6560207926059857,True,False,False,not applicable,False,1.1827456427045706,0.6565148720263267,0.7,1.248654600239601,89.9999999999707,,3.570025666835106,100.18952389474774,0.19043933932129287,0.48103384408271244,1.7299742856995557
UGC04325,fixed_core,0.01,fullfit_outer_third,False,8,3,9,9.6,2.88,1,41.0,3.0,2.026,1.86,0.678,6.61,90.9,1,spiral_T1_9,late_T8_11,5.59,0.7,3.005376344086021,89.4,0.2256648989220341,0,-2.576499846678786,-3.2416816597955034,0.03317737014582734,0.03329694323144105,-0.02801125144092616,-0.8447540480914052,1.7005397311741826,-0.28792171097678065,-0.0017127028282443125,False,False,False,not applicable,False,0.7315476860617901,0.5285614030232069,0.7,1.219464305818537,42.03622000229623,,1.1161710168286707,96.07703714641026,-0.28620900814853634,0.4778988636685069,1.9513375187959177
UGC04483,fixed_core,0.01,fullfit_outer_third,False,8,3,10,3.34,0.31,2,58.0,3.0,0.013,0.18,0.032,1.46,0.0,2,irregular_T10_11,late_T8_11,1.21,0.08,6.722222222222222,20.8,0.30536472918516494,1,-0.04136717551138602,-0.3726724450445893,0.07315062960086706,0.07685589519650655,-0.0011924323580791648,-0.04009114635614858,0.08532745766303114,0.040244840399029695,0.18467328846951672,False,False,False,not applicable,False,0.0528470388889545,0.5061214087852534,0.7,1.0032415289436376,58.07389563651032,,0.3731696922947208,23.32078190437593,-0.14442844807048702,0.827512865213144,1.3180633349627615
UGC04499,fixed_core,0.01,fullfit_outer_third,False,9,3,8,12.5,3.75,1,50.0,3.0,1.552,1.73,1.1,8.67,72.8,1,spiral_T1_9,late_T8_11,8.18,0.91,4.728323699421965,66.9,0.2861925053369789,0,-0.6710831852437309,-0.0862116443119163,0.03625436031709959,0.03628922237380628,-0.009043252747381828,-0.2514124407453521,0.16286336961039533,-0.014911044327313928,0.08081925039467622,False,False,False,not applicable,False,0.4174238684643416,0.5504430481930739,0.7,1.1167234559335966,50.37672112370743,,2.2990190286344454,70.4459210765029,-0.09573029472199014,0.6747072005425275,1.825426117767823
UGC05005,fixed_core,0.01,fullfit_outer_third,False,11,4,10,53.7,10.7,1,41.0,10.0,4.1,3.2,3.093,21.61,98.9,1,irregular_T10_11,late_T8_11,28.61,0.78,8.940624999999999,72.5,0.18640914733908062,0,0.2654054458760555,0.6297788160258975,0.10112460175822863,0.10075589764622041,0.0028243827069234194,0.026540544587605547,0.0521120433179522,-0.09866416127553972,0.03909636111121067,False,False,False,not applicable,False,0.2101499649623515,0.5134833835891223,0.7,1.0218894702936263,43.10149964962351,,7.294933886225334,105.25823284549048,-0.13776052238675038,0.9513678794853566,1.8603380065709938
UGC05253,fixed_core,0.01,fullfit_outer_third,False,73,25,2,22.9,5.72,1,37.0,4.0,171.582,8.07,16.396,36.64,213.7,2,spiral_T1_9,spiral_T1_7,53.29,0.13,6.603469640644361,246.0,0.3933591395251978,1,-0.1828756187332692,-1.2451430911888508,0.023403240336267176,0.01695238095238095,-0.0006661443446698512,-0.17163941331477367,1.2276037618367566,-0.06248050048447023,-0.0667285920027875,False,False,False,not applicable,False,0.9722254684636816,0.6254499342231807,0.5837782282205657,1.12983835310851,38.642488708687,,10.220751259930712,224.70960760948657,0.0042480915183172666,0.8197721855188413,2.3909351071033793
UGC05414,fixed_core,0.01,fullfit_outer_third,False,6,2,10,9.4,2.82,1,55.0,3.0,1.123,1.47,0.574,6.65,0.0,1,irregular_T10_11,late_T8_11,4.11,0.68,2.795918367346939,48.9,0.313434746410555,0,-0.025896455225453252,-0.025896455225453252,0.0413485800798275,0.0413485800798275,8.662380205246272e-05,-0.010613301321907076,0.10674569964893886,0.27697876701042,0.42372651905355635,False,False,False,not applicable,False,0.2155443979282104,0.5254415885929862,0.7,1.0617381613693258,55.15926957766897,,1.8012956431565166,58.81847911524416,-0.14674775204313634,0.44652448712789317,1.6893088591236203
UGC05716,fixed_core,0.01,fullfit_outer_third,False,12,4,9,21.3,5.3,1,54.0,10.0,0.588,1.14,1.094,10.64,73.1,2,spiral_T1_9,late_T8_11,12.37,1.03,10.850877192982457,69.95,0.18186381409976057,1,-0.9679679033717932,-0.08729503679615647,0.016628387943814528,0.0141640371164524,-0.01287221693528379,-0.24553139050813505,2.0985304946915746,-0.18777964269782538,0.06784009892025893,False,False,False,not applicable,False,3.642256981734751,1.156633328831777,0.7,1.5477069384597375,70.7187683119395,,3.4101773379621787,63.72882016978846,-0.2556197416180843,1.035464848292648,1.8447877188278465
UGC05721,fixed_core,0.01,fullfit_outer_third,False,23,8,7,6.18,1.85,1,61.0,5.0,0.531,0.38,0.562,6.74,79.7,1,spiral_T1_9,spiral_T1_7,6.74,0.09,17.736842105263158,78.3,0.12487903428935179,0,-0.6682255512944817,-0.08670275084373458,0.05819056653975417,0.058290911161545916,-0.008230470320056544,-0.1462200331060135,1.15855413008649,-0.28302020590723126,0.018958150053645192,False,False,False,not applicable,False,1.7676748338671442,0.6565598598177551,0.7,1.5291583240540805,64.72122424551364,,1.1702027848432206,89.16579743070766,-0.30197835596087647,1.2488762999185097,1.8937617620579434
UGC05750,fixed_core,0.01,fullfit_outer_third,False,11,4,8,58.7,11.7,1,64.0,10.0,3.336,3.46,1.099,16.79,0.0,1,spiral_T1_9,late_T8_11,22.85,0.31,6.604046242774567,49.8,0.24245941896824758,0,0.9065958157560097,1.626086036325738,0.15663260155247055,0.15398255568976657,0.012788435940896507,0.07401403710543566,0.03431176558079706,0.06381152509687586,0.11705870304189178,False,False,False,not applicable,False,0.0504056327484394,0.4942303838610796,0.7,0.9954284728139432,63.80328344475562,,5.052639905209338,85.09222264035428,-0.05324717794501592,0.8198101056130924,1.6972293427597176
UGC05764,fixed_core,0.01,fullfit_outer_third,False,10,4,10,7.47,2.24,1,60.0,10.0,0.085,1.17,0.163,3.51,0.0,2,irregular_T10_11,late_T8_11,3.62,0.36,3.094017094017094,49.95,0.17285138301472214,1,-0.2630701404203215,-0.6287519434582585,0.033786668940876605,0.0333100358422939,-0.004057728170507841,-0.7171249955886069,1.5916330023843102,-0.25248728024559175,-0.35865650185612036,False,False,False,not applicable,False,1.0420850605636405,0.5599088971634626,0.7,1.3124860154836084,66.81797807822802,,0.7924285146103298,56.132010424821885,0.10616922161052861,0.4905227087870041,1.698535492562001
UGC05829,fixed_core,0.01,fullfit_outer_third,False,11,4,10,8.64,2.59,1,34.0,10.0,0.564,1.99,1.023,7.87,0.0,2,irregular_T10_11,late_T8_11,6.91,0.63,3.472361809045226,47.9,0.30503937330639175,1,-1.2515408512009927,-0.6169585861783595,0.08052577307064797,0.08024746855788162,-0.01734298672545162,-0.24734008917015668,0.3249089449894792,0.2588446165593667,0.5676244785679566,False,False,False,not applicable,False,0.8251879137225322,0.5109574172640946,0.7,1.1655604410241875,42.25187913722532,,1.7810255400883492,50.62335221301148,-0.3087798620085899,0.5406249709644918,1.6803355134145632
UGC05918,fixed_core,0.01,fullfit_outer_third,False,8,3,10,7.66,2.3,1,46.0,5.0,0.233,1.66,0.297,5.9,0.0,2,irregular_T10_11,late_T8_11,4.46,0.56,2.6867469879518073,38.099999999999994,0.18491850162004891,1,-0.8316147464635814,-0.5472352925902229,0.09198549246096556,0.09225352112676057,-0.018191400112285722,-0.21160680571592402,0.2388706068297284,-0.07450588468490651,0.2651408013052205,False,False,False,not applicable,False,0.117292682653438,0.5041109518774055,0.7,1.0352184295173508,46.33680507531055,,1.130011023638236,45.17899439255415,-0.33964668599012704,0.4292267706720868,1.5809249756756192
UGC05986,fixed_core,0.01,fullfit_outer_third,False,15,5,9,8.63,2.59,1,90.0,3.0,4.695,1.67,2.667,16.53,113.0,2,spiral_T1_9,late_T8_11,9.41,0.63,5.634730538922156,109.0,0.17039351471744255,1,-1.033202983088799,-1.1167079636486932,0.037172920788809266,0.03294642857142857,-0.009325909886929934,-0.2595099846044907,0.07664403270614233,-0.2891537027504875,-0.2653505606673738,True,False,False,not applicable,False,0.1505137460652855,0.5176323127235392,0.7,1.0173575887352346,89.99999999988282,,2.285243508808356,121.60706848235188,-0.023803142083113737,0.7508731522796737,2.037426497940624
UGC06399,fixed_core,0.01,fullfit_outer_third,False,9,3,9,18.0,2.5,4,75.0,2.0,2.296,2.05,0.674,8.8,85.0,1,spiral_T1_9,late_T8_11,7.85,0.87,3.829268292682927,77.5,0.20608301625687842,0,-0.2194407190814284,0.3834953302174142,0.05714767839203699,0.057242990654205614,-0.002201516283494874,-0.044783820220699676,0.14669231118998285,-0.04284092224959786,0.1620546867634558,False,False,False,not applicable,False,0.089988540291873,0.5104683948815032,0.7,1.0078718627848675,75.01537106120843,,2.386762226431171,89.54519499876835,-0.20489560901305365,0.5831157956894982,1.8893017025063104
UGC06446,fixed_core,0.01,fullfit_outer_third,False,17,6,7,12.0,3.6,1,51.0,3.0,0.988,1.49,1.379,10.33,82.2,1,spiral_T1_9,spiral_T1_7,10.22,0.58,6.859060402684564,80.1,0.20236831410194617,0,-3.760767561291923,-4.529440384233119,0.0767626899939743,0.0650126378531997,-0.04526396970326771,-0.5577782153707177,0.5455813322923594,-0.2933177557441674,-0.03720203517212799,False,False,False,not applicable,False,2.042243271718774,0.7762384940904311,0.7,1.6126729815156322,53.547627227712304,,1.9460904389303129,78.39509695521072,-0.2561157205720394,0.8362646273864199,1.9036325160842376
UGC06614,fixed_core,0.01,fullfit_outer_third,False,13,5,1,88.7,8.87,1,36.0,10.0,124.35,5.1,21.888,60.63,199.8,1,spiral_T1_9,spiral_T1_7,64.59,3.23,12.664705882352942,193.0,0.2647051215567101,0,-0.38686790489674083,1.4873745155161089,0.07910224298733501,0.0784313725490196,-0.0019903361013906607,0.005971662969874813,0.05076732184618478,0.03518501948461086,0.05420769856565156,False,False,False,not applicable,False,0.1761692776948553,0.5206992259902875,0.6757746313966009,1.0008652780524296,36.40987959341852,,17.35456963578532,212.6958072444765,-0.019022679081040696,1.1025951084452132,2.285557309007774
UGC06667,fixed_core,0.01,fullfit_outer_third,False,9,3,6,18.0,2.5,4,89.0,1.0,1.397,5.15,0.809,8.59,83.8,1,spiral_T1_9,spiral_T1_7,7.85,0.87,1.524271844660194,77.3,0.12067435587767156,0,-0.9748582343899462,-0.42620402689854586,0.036893894080385944,0.03571428571428571,-0.011330400647034437,-0.28258078335392345,0.3301495771904592,-0.10697962980272344,0.08015408634757416,False,False,False,not applicable,False,0.0685101536730553,0.5079500643782315,0.7,0.9985113457731916,88.99995291613806,,2.165451087247645,93.49714735146507,-0.1871337161502976,0.18306242770406148,1.888179493918325
UGC06786,fixed_core,0.01,fullfit_outer_third,False,45,15,0,29.3,7.32,1,64.0,3.0,73.407,3.6,5.03,20.31,219.4,1,S0_T0,S0_T0,34.05,0.16,9.458333333333332,218.0,0.21882340962487276,0,-2.7391521996910284,-1.5402226772868062,0.020053621332044604,0.012455357142857143,-0.01232533036143566,-0.5304550052369434,2.1168963650731327,-0.04878495497569323,-0.04915869188380944,False,False,False,not applicable,False,2.0343875298852225,0.7987461122528806,0.6525221321694291,1.3114044625754957,64.96023087286012,,8.85417769787635,217.0425154078719,0.00037373690811620675,0.9758146154815166,2.3384564936046046
UGC06787,fixed_core,0.01,fullfit_outer_third,False,71,24,2,21.3,5.32,1,66.0,3.0,98.256,5.37,5.03,26.44,248.1,2,spiral_T1_9,spiral_T1_7,37.19,0.12,6.925512104283054,238.0,0.22877949993764468,1,-1.380713339871831,-2.4457542752520993,0.010344538869694574,0.010986566554295637,-0.004786763556120616,-0.981917783269136,31.536350984530277,0.06657551413127089,0.04581494646680139,False,False,False,not applicable,False,5.643632726711869,0.9226035632812268,0.190868722762471,2.2068818214220625,70.69782299379676,,18.84214287899658,270.7563562455822,0.020760567664469494,0.840451892659417,2.376576957056512
UGC06818,fixed_core,0.01,fullfit_outer_third,False,8,3,9,18.0,2.5,4,75.0,3.0,1.588,1.39,1.079,6.96,71.2,2,spiral_T1_9,late_T8_11,6.98,0.87,5.02158273381295,55.45,0.2113258565048605,1,-0.0321289696379381,2.6505350164928814,0.080828947739583,0.08064516129032258,-0.0002652095781762176,-0.05395986686117443,0.6242531213381354,0.5896474620056784,0.14204050883293032,False,False,False,not applicable,False,0.5174999786982972,0.4438334257300207,0.7,0.9573813818913458,74.81970317478059,,5.031145738573215,106.00398601805622,0.4476069531727481,0.7008406223690661,1.743901550485179
UGC06917,fixed_core,0.01,fullfit_outer_third,False,11,4,9,18.0,2.5,4,56.0,2.0,6.832,2.76,2.023,12.67,108.7,1,spiral_T1_9,late_T8_11,10.47,1.74,3.793478260869566,100.0,0.25407438842593283,0,-2.471090638310347,-2.7750566665498866,0.042668832304754635,0.04132034632034633,-0.02192202965493726,-0.38674540709155536,0.791089238550301,-0.050505378756532916,0.2826966737281643,False,False,False,not applicable,False,0.8055486573735164,0.6019007300349788,0.7,1.0758225587979526,56.39239674481434,,2.7881147725875017,102.76674032158894,-0.33320205248469725,0.5790375996136247,2.0
UGC06923,fixed_core,0.01,fullfit_outer_third,False,6,2,10,18.0,2.5,4,65.0,2.0,2.89,1.44,0.809,6.75,79.6,2,irregular_T10_11,late_T8_11,5.16,0.93,3.5833333333333335,75.7,0.35294806338760826,1,0.8926206008715667,0.8926206008715667,0.0648600656484063,0.0648600656484063,0.011179199890399793,0.1704559156474416,0.032961268562871605,0.09586565861349836,0.15635749550027625,False,False,False,not applicable,False,0.1925609765169907,0.4783148965668752,0.7,0.9824896988554505,64.9417790916207,,1.8942278210102617,78.14257007699581,-0.060491836886777894,0.5542872095319618,1.8790958795000727
UGC06930,fixed_core,0.01,fullfit_outer_third,False,10,4,7,18.0,2.5,4,32.0,5.0,8.932,3.94,3.237,16.76,107.2,1,spiral_T1_9,spiral_T1_7,16.61,1.74,4.215736040609137,105.0,0.28809079861111114,0,-3.852136181704239,-3.6684792433295073,0.06331549439347604,0.06851851851851852,-0.03569492350671012,-0.5023897497753906,0.6129394785106026,-0.3642617216855031,-0.028485514113480336,False,False,False,not applicable,False,0.7165676452416634,0.5673410038260819,0.7,1.053772878035276,35.58283822620832,,3.5905235145453527,101.1495345384616,-0.33577620757202276,0.6248734106258204,2.0211892990699383
UGC06983,fixed_core,0.01,fullfit_outer_third,False,17,6,6,18.0,2.5,4,49.0,1.0,5.298,3.21,2.967,16.07,109.0,1,spiral_T1_9,spiral_T1_7,15.68,1.74,4.8847352024922115,108.0,0.22347473519283745,0,-4.562189130007975,-4.069460111027745,0.0788791842996736,0.08481991165477404,-0.04202300331494243,-0.4518221810302004,0.2908816836417449,-0.3310153130775917,-0.02579160009491702,False,False,False,not applicable,False,1.9980597266630216,0.792092638339632,0.7,1.157891171487881,49.28470763510493,,3.272357734778508,107.29882708790907,-0.30522371298267464,0.6888410259435476,2.03342375548695
UGC07089,fixed_core,0.01,fullfit_outer_third,False,12,4,8,18.0,2.5,4,80.0,3.0,3.585,2.26,1.214,9.29,0.0,2,spiral_T1_9,late_T8_11,9.16,0.87,4.053097345132744,66.2,0.30942208618302114,1,-0.1190379634408103,-0.06339873467685209,0.08510886248789774,0.08476947989909497,-0.00044767149221950665,-0.0024307788046952633,0.08287675871195901,0.2045618695282652,0.44050909434726304,False,False,False,not applicable,False,0.3826850742517523,0.5460576701489046,0.7,1.032914308959437,80.0966669328949,,3.8520099198485873,74.62742616699539,-0.23594722481899785,0.6077870345204496,1.8208579894397
UGC07125,fixed_core,0.01,fullfit_outer_third,False,13,5,9,19.8,5.9,1,90.0,3.0,2.712,3.38,4.629,23.04,65.2,1,spiral_T1_9,late_T8_11,18.68,1.44,5.5266272189349115,61.5,0.4483119317793022,0,-0.6145249624491086,-0.5195683465639007,0.044497031450004866,0.046564885496183206,-0.009541871174682966,-0.09105928496838663,0.6574858622814221,-0.3021258207719524,-0.028336519551028175,True,False,False,not applicable,False,0.5434387774860254,0.5522699247317657,0.7,1.1619337771296745,89.99999999998535,,4.050490563818403,55.73240521695834,-0.2737893012209242,0.7424601716164199,1.7888751157754168
UGC07151,fixed_core,0.01,fullfit_outer_third,False,11,4,6,6.87,0.34,2,90.0,3.0,2.284,1.25,0.616,6.39,73.5,1,spiral_T1_9,spiral_T1_7,5.5,0.5,4.4,67.2,0.3329463804370862,0,-1.9292537357870039,-1.6096298373052917,0.04319286431360928,0.04293845596886596,-0.025538828663045174,-0.5894745380378211,0.8146408787998132,-0.03764352488429818,0.20471733563260655,True,False,False,not applicable,False,1.6484643444937424,0.7308301216496854,0.7,1.0173734621567874,89.99999999999989,,1.3321105468468164,63.94863777669016,-0.24236086051690472,0.6434526764861874,1.8273692730538253
UGC07232,fixed_core,0.01,fullfit_outer_third,False,4,2,10,2.83,0.17,2,59.0,5.0,0.113,0.29,0.046,1.54,0.0,2,irregular_T10_11,late_T8_11,0.82,0.21,2.8275862068965516,30.700000000000003,0.29340891173811984,1,0.026373394141383955,0.026373394141383955,0.08437499999999999,0.08437499999999999,0.0015960329661836125,0.007991937618601196,0.00972992222589094,0.7383416602340677,0.7981245820787394,False,True,False,not applicable,False,0.0060999179659547,0.5007027724356394,0.7,1.0000624145077412,59.0090668630177,,124.28426482196728,9999.99999999999,-0.05978292184467171,0.45141585448476057,1.4871383754771865
UGC07261,fixed_core,0.01,fullfit_outer_third,False,7,3,8,13.1,3.93,1,30.0,10.0,1.753,1.2,1.388,10.1,74.7,2,spiral_T1_9,late_T8_11,6.67,0.95,5.558333333333334,69.6,0.2424893736682283,1,-1.2249987892230034,-1.592255245893469,0.07575242785276547,0.07576974564926373,-0.016145034298603724,-0.21643088148816314,0.09932466433982969,-0.017952727045001306,0.10670391734642251,False,False,False,not applicable,False,0.9255606839203252,0.5313498197584553,0.7,1.1670938976803455,39.25560683920325,,1.6808248509522428,63.025543651307245,-0.12465664439142382,0.7449445878689241,1.842609239610562
UGC07323,fixed_core,0.01,fullfit_outer_third,False,10,4,8,8.0,2.4,1,47.0,3.0,4.109,2.26,0.722,7.14,0.0,1,spiral_T1_9,late_T8_11,5.82,0.58,2.5752212389380533,62.5,0.3757392656325991,0,-0.29108996661557995,0.04889950224195161,0.04798872900964571,0.04770918785890074,-0.004021399459698626,-0.07521704563710076,0.06672027570636367,0.4201635323562806,0.35485670205481545,False,False,False,not applicable,False,0.4348433720956434,0.5437706353987773,0.7,1.130453011628693,47.47216122545517,,2.809325490923032,77.86610964010752,0.06530683030146517,0.4108145455024876,1.7958800173440752
UGC07399,fixed_core,0.01,fullfit_outer_third,False,10,4,8,8.43,2.53,1,55.0,3.0,1.156,1.64,0.745,7.85,103.0,1,spiral_T1_9,late_T8_11,6.13,0.61,3.7378048780487805,93.4,0.10772522061740031,0,-3.3219661478172533,-2.8808296341365107,0.04251025252321887,0.042898058252427186,-0.031132948444580855,-0.6307032717783118,1.5602754090994226,-0.12188543057583563,0.25264726158755724,False,False,False,not applicable,False,2.6941108770877285,0.9297819096257174,0.7,1.677360146501972,57.52244705897938,,1.5614351468524796,99.52916567576096,-0.37453269216339286,0.5726166264707172,1.9703468762300933
UGC07524,fixed_core,0.01,fullfit_outer_third,False,31,11,9,4.74,0.24,2,46.0,3.0,2.436,3.46,1.779,12.11,79.5,1,spiral_T1_9,late_T8_11,10.69,0.35,3.0895953757225434,70.2,0.2648692110047727,0,-0.7088256751893841,-0.5119436469344691,0.040909003840929055,0.039447236180904524,-0.00828135012019973,-0.15856236101443139,0.27421493994503104,0.06733597981089869,0.21123908687653667,False,False,False,not applicable,False,1.688492612950708,0.7375972105502542,0.7,1.0237583348096633,48.62536944951647,,2.654751510930993,75.64878337811885,-0.14390310706563797,0.4899016064160014,1.8463371121298053
UGC07559,fixed_core,0.01,fullfit_outer_third,False,7,3,10,4.97,0.25,2,61.0,3.0,0.109,0.58,0.169,3.76,0.0,2,irregular_T10_11,late_T8_11,2.53,0.36,4.362068965517241,26.1,0.3392472679149306,1,-0.16172445704733343,-0.0805312917766905,0.10441192753801061,0.10385852090032154,-0.005928732526953401,-0.05006949134592365,0.04652190365471651,0.3896546362463945,0.2289153012000378,False,False,False,not applicable,False,0.048144499650349,0.4944877695042218,0.7,0.9992403458417828,60.94764518918544,,1.0383520805209456,30.81309193700028,0.1607393350463567,0.6396925276128806,1.416640507338281
UGC07577,fixed_core,0.01,fullfit_outer_third,False,9,3,10,2.59,0.13,2,63.0,3.0,0.045,0.9,0.044,2.07,0.0,2,irregular_T10_11,late_T8_11,1.69,0.19,1.8777777777777778,10.7,0.6283380799810133,1,-0.21098379246720592,-0.024557228209822313,0.2007612172861001,0.19937106918238992,-0.008324428970087247,-0.06655640140921322,0.07701232689154679,0.42550624797998676,0.9414571739920785,False,True,False,not applicable,False,0.0657287316128001,0.4924896763481938,0.7,0.9983458006629836,62.89459284597566,,894.5062211953323,9999.99999999928,-0.5159509260120918,0.2736441951743487,1.0293837776852097
UGC07603,fixed_core,0.01,fullfit_outer_third,False,12,4,7,4.7,1.41,1,78.0,3.0,0.376,0.53,0.258,4.37,61.6,1,spiral_T1_9,spiral_T1_7,4.11,0.34,7.754716981132075,60.25,0.13732082370150345,0,-0.426062254786876,0.061604094919662344,0.046253251427603566,0.04643244289585753,-0.006294896164997133,-0.14742638573940342,0.4771715301683971,-0.12927329292819922,0.14789156011343518,False,False,False,not applicable,False,0.4492142104910376,0.5448203622417574,0.7,1.1347642631473114,78.11237165122706,,1.1394403103644832,67.35727192818244,-0.2771648530416344,0.8895659522752801,1.779957051246906
UGC07690,fixed_core,0.01,fullfit_outer_third,False,7,3,10,8.11,2.43,1,41.0,5.0,0.858,0.57,0.39,5.5,57.4,2,irregular_T10_11,late_T8_11,4.13,0.59,7.24561403508772,57.9,0.3331732666998187,1,-1.243067089591025,-1.300346838944705,0.07576252654017332,0.07574692442882248,-0.02233947413113711,-0.2884146379561543,0.28517601129762593,-0.35947785495453893,-0.10420609193347537,False,False,False,not applicable,False,0.4166654457299703,0.5281467153031469,0.7,1.1248455034677962,42.49018212067565,,0.7428255633402534,56.65981705368263,-0.2552717630210636,0.8600751959839097,1.7626785637274363
UGC07866,fixed_core,0.01,fullfit_outer_third,False,7,3,10,4.57,0.23,2,44.0,5.0,0.124,0.61,0.118,3.3,0.0,2,irregular_T10_11,late_T8_11,2.32,0.33,3.80327868852459,26.0,0.33955843518937673,1,-0.029848721458248424,0.37632426757609494,0.1334311673859976,0.13300653594771242,0.002215721693855463,-0.007333838196129834,0.14093182047283967,0.12573781556459707,0.4861276306190677,False,False,False,not applicable,False,0.0499664091371219,0.5048725004350916,0.7,1.000705902772616,44.24983204568561,,0.7185268626159033,29.46617157405476,-0.36038981505447065,0.5801581498801326,1.414973347970818
UGC08286,fixed_core,0.01,fullfit_outer_third,False,17,6,6,6.5,0.21,2,90.0,3.0,1.255,1.05,0.642,8.07,82.4,1,spiral_T1_9,spiral_T1_7,8.04,0.47,7.657142857142856,79.3,0.15096830726675842,0,-0.44396027397969107,-0.27023703382865705,0.024091802134170396,0.02408195694534657,-0.00518242152665353,-0.22332007690320288,0.6081909153416919,-0.07778119790621199,0.06917426440741115,True,False,False,not applicable,False,5.999999999999999,1.990535852767486,0.7,1.0533603903466977,89.999999999999,,2.611374456342551,77.34579970207716,-0.14695546231362314,0.8840667496785131,1.8992731873176039
UGC08490,fixed_core,0.01,fullfit_outer_third,False,30,10,9,4.65,0.53,2,50.0,3.0,1.017,0.67,0.72,7.8,78.6,1,spiral_T1_9,late_T8_11,10.15,0.34,15.149253731343283,78.5,0.12881128674338999,0,-0.5669410031271852,-0.3744614158909414,0.04705805679113445,0.047097916110072136,-0.007398339982273185,-0.1536425482729499,0.14719053692233086,-0.25151457200586186,-0.11677062761462063,False,False,False,not applicable,False,4.06577486434179,1.2751095275101456,0.7,1.205017583451952,54.29394296959979,,2.5318209005193832,80.03316132390367,-0.1347439443912412,1.1803912395484053,1.8948696567452525
UGC08550,fixed_core,0.01,fullfit_outer_third,False,11,4,7,6.7,2.0,1,90.0,3.0,0.289,0.45,0.288,5.59,56.9,1,spiral_T1_9,spiral_T1_7,5.36,0.49,11.911111111111111,51.6,0.16223941297927502,0,-0.3166421367992811,-0.16174376690053904,0.0364115073966162,0.03605454781564853,-0.005510879705586084,-0.14016272616668288,0.09709562885142987,0.147417032776436,0.11676574053892229,True,False,False,not applicable,False,2.746198328001481,0.9410004630501704,0.7,1.6527353873552215,89.9999999999707,,1.663322337143764,54.42652823480223,0.030651292237513714,1.0759522759174263,1.7126497016272113
UGC08699,fixed_core,0.01,fullfit_outer_third,False,41,14,2,39.3,9.82,1,73.0,9.0,50.302,3.09,3.738,19.05,182.4,2,spiral_T1_9,spiral_T1_7,25.7,0.22,8.31715210355987,184.0,0.37627120585364277,1,1.9699383771821684,3.4845949213362957,0.03207710220323413,0.033171999154052986,0.010825351194245048,0.4127922434709256,0.5457467935896377,-0.07454888680695668,-0.038839369731497986,False,False,False,not applicable,False,2.988671650870247,0.9950322787000444,0.4677429943739861,1.2053723897699016,75.83034057873019,,9.538335557968438,165.71920935592917,-0.03570951707545869,0.9199746439064599,2.2648178230095364
UGC08837,fixed_core,0.01,fullfit_outer_third,False,8,3,10,7.21,0.36,2,80.0,5.0,0.501,1.72,0.32,4.75,0.0,2,irregular_T10_11,late_T8_11,4.2,0.52,2.4418604651162794,31.7,0.3679550297458085,1,-1.0158343887109684,-1.7356602950657773,0.06956707256213195,0.06759656652360514,-0.023981951346690723,-0.29142457324178267,0.4821555145700795,0.7600855916277979,0.3862973732714103,False,False,False,not applicable,False,0.2248702882862605,0.4747696794425817,0.7,0.9982043407853188,79.88810540896203,,8.544038115167677,145.79309678885227,0.3737882183563876,0.38772084349035163,1.5010592622177514
UGC09037,fixed_core,0.01,fullfit_outer_third,False,22,8,6,83.6,8.4,1,65.0,5.0,68.614,4.28,19.078,39.72,152.3,2,spiral_T1_9,spiral_T1_7,27.96,2.43,6.5327102803738315,147.0,0.4319028865034747,1,-1.04985780703608,-1.9306004021693042,0.07429745963648093,0.05554524507750314,-0.006109719226387048,-0.1679082765745206,0.09891616728162841,-0.17315564824038998,-0.2407145496654564,False,False,False,not applicable,False,1.5521507215822017,0.3497477523448239,0.7,0.919834621246396,61.545922382424514,,7.297983197044236,150.37133941802642,0.06755890142506643,0.8150933980604718,2.167317334748176
UGC09133,fixed_core,0.01,fullfit_outer_third,False,68,23,2,57.1,11.4,1,53.0,6.0,282.926,6.97,33.428,60.35,226.8,1,spiral_T1_9,spiral_T1_7,108.31,0.32,15.53945480631277,279.0,0.23580249890422966,0,-1.29707139515055,0.9658419621253245,0.010539787610874669,0.009130434782608696,-0.005268904292072134,-0.19748251169764205,9.324471263697976,-0.11134786846008302,-0.08913550757639466,False,False,False,not applicable,False,4.59331652789192,0.5893954203687608,0.24308960460227,1.4960825411807668,64.27380588605034,,26.77165618225479,212.63152656142435,-0.02221236088368836,1.1914357777362312,2.4456042032735974
UGC09992,fixed_core,0.01,fullfit_outer_third,False,5,2,10,10.7,3.21,1,30.0,10.0,0.336,1.04,0.318,5.45,33.6,2,irregular_T10_11,late_T8_11,3.89,0.78,3.7403846153846154,33.0,0.4859173787917478,1,-1.4114104119146216,-1.4114104119146216,0.16723782755189331,0.16723782755189331,-0.04125613071163659,-0.24936579715806034,0.10265487926642818,-0.192519776172593,0.12054546010071916,False,False,False,not applicable,False,0.3193029754717957,0.5052214622088778,0.7,1.0512336085462284,33.193029754717955,,0.5256693801378415,29.41810390815261,-0.3130652362733122,0.5729162620269274,1.5185139398778875
UGC10310,fixed_core,0.01,fullfit_outer_third,False,7,3,9,15.2,4.6,1,34.0,6.0,1.741,1.8,1.196,9.58,71.4,1,spiral_T1_9,late_T8_11,7.74,1.1,4.3,69.2,0.29546292252679984,0,-0.49996505132489705,0.09148162290014739,0.07012776998033898,0.06988950276243093,-0.006456084170175608,-0.09880732239622474,0.29955613373921036,-0.1745523812171848,0.09508414551699229,False,False,False,not applicable,False,0.2131778332086432,0.5062507533158132,0.7,1.0620967552299334,35.27906699925186,,1.695882746251101,72.14855903784196,-0.2696365267341771,0.6334684555795865,1.8401060944567578
UGC11455,fixed_core,0.01,fullfit_outer_third,False,36,12,6,78.6,11.8,1,90.0,1.0,374.322,5.93,13.335,43.44,269.4,1,spiral_T1_9,spiral_T1_7,41.93,0.62,7.070826306913997,262.5,0.4795965716731458,0,2.045546018654079,-0.2648621766758481,0.0253261167601302,0.023743917274939172,0.007975297581781619,0.294524749796611,2.8517800241507723,-0.14268040609130242,-0.09086599819416642,True,False,False,not applicable,False,0.540622862464006,0.5662813915215732,0.7,1.0080957100680112,90.0,,12.85779018335573,232.9570090964025,-0.051814407897136,0.8494701690393056,2.4191293077419758
UGC11557,fixed_core,0.01,fullfit_outer_third,False,12,4,8,24.2,6.05,1,30.0,10.0,12.101,2.75,2.605,16.66,0.0,2,spiral_T1_9,late_T8_11,10.56,0.33,3.8400000000000003,64.9,0.7069414367911382,1,-0.5858249860896052,0.5626067750242356,0.08503160310522015,0.083947647560945,-0.005521758011401291,-0.04553279198775913,0.3826562940905959,0.10973888246762496,0.018719998333616258,False,False,False,not applicable,False,1.218697831789491,0.4729607207456012,0.7,0.9241300949915146,17.813021682105088,,3.319615447118589,86.77916694061325,0.0910188841340087,0.5843312243675308,1.8122446968003694
UGC11820,fixed_core,0.01,fullfit_outer_third,False,10,4,9,18.1,5.43,1,45.0,10.0,0.97,2.08,1.977,12.99,0.0,1,spiral_T1_9,late_T8_11,15.82,0.26,7.605769230769231,51.875,0.22462527073954858,0,-0.11100496555083694,-0.2623257364564324,0.012325428814686592,0.012248376371999818,-0.0016082205142325023,0.025074893579538973,0.7319173392120117,0.29570858281858814,0.28799272942155624,False,False,False,not applicable,False,4.298100573928693,1.3451789471495583,0.7,1.4825085086176606,60.61986925178804,,12.972722496165694,96.16840547420692,0.007715853397031902,0.8811431441988962,1.7149581097201492
UGC11914,fixed_core,0.01,fullfit_outer_third,False,65,22,2,16.9,5.1,1,31.0,5.0,150.028,2.44,0.888,9.26,288.1,1,spiral_T1_9,spiral_T1_7,9.83,0.28,4.028688524590164,288.0,0.6263765522730962,0,0.6953881387680486,1.378347632969195,0.029878715646871435,0.03052474742447618,0.002552256787972335,0.10167289837082573,0.47644783399277946,0.06358140933625817,0.07790860956774666,False,True,False,not applicable,False,0.6245190717758297,0.4833530075514981,0.8082578796143244,1.1240959646975217,33.054123155000816,,277.3609770435581,9999.999999497832,-0.014327200231488493,0.6051636914934062,2.459392487759231
UGC12506,fixed_core,0.01,fullfit_outer_third,False,31,11,6,100.6,10.1,1,86.0,4.0,139.571,7.38,35.556,59.01,234.0,2,spiral_T1_9,spiral_T1_7,49.99,0.82,6.773712737127371,238.0,0.23453830465152922,1,-0.2108826038634933,-0.6856376199421561,0.06767089744102812,0.06140350877192982,-0.0006426139956846883,0.010987379299020272,0.0340538789607345,-0.13067742190942028,-0.18689031396085642,False,False,False,not applicable,False,4.665870829204115,1.464053972258217,0.7,1.1854888357548858,86.70207950024812,,16.22011331112087,166.60230939422004,0.05621289205143615,0.8308267749295487,2.376576957056512
UGC12632,fixed_core,0.01,fullfit_outer_third,False,15,5,9,9.77,2.93,1,46.0,3.0,1.301,2.42,1.744,12.6,71.7,1,spiral_T1_9,late_T8_11,10.66,0.71,4.404958677685951,65.5,0.23331639518552516,0,-1.0553880741709434,-2.102007042174293,0.039673424389901346,0.03968705547652916,-0.014212561105948924,-0.36821591385335806,0.5728286547095071,-0.09795672078190638,0.13216770916915332,False,False,False,not applicable,False,1.48302419639168,0.5617117484526154,0.7,1.4447554652433596,48.01956846362091,,2.3029450963264964,69.85278553054434,-0.2301244299510597,0.6439418387101222,1.816241299991783
UGC12732,fixed_core,0.01,fullfit_outer_third,False,16,6,9,13.2,4.0,1,39.0,6.0,1.667,1.98,3.66,17.41,0.0,1,spiral_T1_9,late_T8_11,15.4,0.96,7.777777777777778,79.8,0.20854321549181762,0,-0.21726628000879109,0.4847235906757703,0.038492797542484046,0.03801301037923552,-0.0016778920312127705,-0.08288570322532943,0.2105153433531054,0.34186289208462756,0.4304988358482974,False,False,False,not applicable,False,2.337226697451284,0.815570083668012,0.7,1.708250514379177,51.956047790233136,,3.9169636885650303,67.08141365872203,-0.08863594376366984,0.8908555305749319,1.9020028913507294
UGCA442,fixed_core,0.01,fullfit_outer_third,False,8,3,9,4.35,0.22,2,64.0,7.0,0.14,1.18,0.263,4.37,56.4,1,spiral_T1_9,late_T8_11,6.33,0.42,5.364406779661017,51.9,0.126702775349912,0,0.4302052931966263,-0.07999345483063536,0.038595170477064754,0.048961937716262977,0.007640364896289741,0.09198246198040998,0.08513118676266945,-0.08313514293896752,0.00905029364081204,False,False,False,not applicable,False,0.2037375469010339,0.5240150484160618,0.7,1.0033454592248037,65.04455802424728,,1.99091426055573,62.88333703792412,-0.09218543657977957,0.7295217027112297,1.7151673578484579
UGCA444,fixed_core,0.01,fullfit_outer_third,False,36,12,10,0.98,0.05,2,78.0,4.0,0.012,0.83,0.067,2.08,37.0,2,irregular_T10_11,late_T8_11,2.62,0.12,3.1566265060240966,27.85,0.2168806326598016,1,-1.4389599617840556,-0.8800592160327483,0.14502723163537531,0.1392608817797131,-0.03811776853404022,-0.2274097036795073,0.16316769451532193,-0.012627537260068683,0.44864938661723847,False,False,False,not applicable,False,0.1156189154637651,0.513489888347462,0.7,0.9962213415156131,77.82575593653512,,0.8338270400790438,34.83073752107911,-0.4612769238773071,0.49922319894367156,1.4448251995097476
CamB,fixed_core,0.01,outer_holdout,True,9,2,10,3.36,0.26,2,65.0,5.0,0.075,0.47,0.012,1.21,0.0,2,irregular_T10_11,late_T8_11,1.79,0.16,3.808510638297873,10.9,0.6791787131519273,1,-5.844726361910303,-5.844726361910303,0.08195628997867804,0.08195628997867804,-0.3097202093913396,-3.8964842412735354,16.90571617761935,-0.2570536069350203,0.9105762754725217,False,True,False,not applicable,False,1.1515598600562655,0.3835429624096726,0.7,0.9547066233326532,61.59123272643062,,1845.913883900665,9999.999478770882,-1.167629882407542,0.5807551730441758,1.0374264979406236
D631-7,fixed_core,0.01,outer_holdout,True,16,4,10,7.72,0.18,2,59.0,3.0,0.196,0.7,0.29,0.0,57.7,1,irregular_T10_11,late_T8_11,7.19,0.45,10.271428571428572,47.2,0.11610138710516488,0,4.730659787609067,4.73293675221316,0.06570317185227556,0.06814113751286527,0.08196399766511946,1.2050240923292388,1.8479547742626021,0.43938651354943953,-0.1011953998143973,False,False,False,not applicable,False,0.7214166401936372,0.4234755495840834,0.7,0.9957587517984324,57.44170595767751,,3.939109246808638,81.0512716447981,0.5405819133638369,1.0116308503686258,1.6739419986340878
DDO064,fixed_core,0.01,outer_holdout,True,14,3,10,6.8,2.04,1,60.0,5.0,0.157,0.69,0.211,3.49,46.1,1,irregular_T10_11,late_T8_11,2.98,0.1,4.3188405797101455,37.9,0.2719541304946145,0,4.422681715880931,3.9523795482584703,0.14308736291465038,0.14504310344827587,0.09490546728540787,0.6651512630687915,0.44548957015054386,0.2327256059509144,0.047141534760912686,False,False,False,not applicable,False,0.0155548791865097,0.4992282600314596,0.7,1.0046664637559528,60.02621792906475,,1.1874916112342977,54.59065726691621,0.18558407119000173,0.635367173339,1.5786392099680724
DDO154,fixed_core,0.01,outer_holdout,True,12,3,10,4.04,0.2,2,64.0,3.0,0.053,0.37,0.275,4.96,47.0,2,irregular_T10_11,late_T8_11,5.92,0.49,16.0,43.3,0.13060439321894962,1,-0.9317813406965622,-1.202718308240101,0.018595831280321013,0.014767932489451477,-0.019542290250103952,-1.4062359375422948,2.8600427682733103,-0.17336105793992074,-0.3163139404013294,False,False,False,not applicable,False,1.4721642917044977,0.7017564830995264,0.7,1.0138354112308192,64.84441770716872,,1.742330406038846,50.404425009727554,0.14295288246140864,1.2041199826559248,1.6364878963533653
DDO161,fixed_core,0.01,outer_holdout,True,31,7,10,7.5,2.25,1,70.0,10.0,0.548,1.22,1.378,10.69,66.3,1,irregular_T10_11,late_T8_11,13.37,0.6,10.959016393442623,55.0,0.2561627792319553,0,-2.040932602506525,-1.9450616732924573,0.022516988673919453,0.014820359281437127,-0.030621483873529625,-1.7903516638145742,3.982072569815501,-0.14291205948997737,-0.06977410289622955,False,False,False,not applicable,False,0.38976934108573,0.5469491332519771,0.7,1.0849446045768605,71.21574244870065,,4.5139003817781,64.73122309784725,-0.07313795659374782,1.0397715765872362,1.7403626894942439
DDO168,fixed_core,0.01,outer_holdout,True,10,2,10,4.25,0.21,2,63.0,6.0,0.191,1.02,0.413,4.3,53.4,2,irregular_T10_11,late_T8_11,4.12,0.41,4.03921568627451,48.0,0.2305924264245383,1,9.171989553833239,9.171989553833239,0.04868881118881119,0.04868881118881119,0.17307641372548224,3.4904739799969917,13.119604293252973,0.41555062222310346,-0.5350961469214678,False,False,False,not applicable,False,0.9747152226162976,0.4629273285317172,0.7,0.9820800519364687,57.15170866430221,,2.285591723271088,76.9771202136971,0.9506467691445712,0.606297044271217,1.6812412373755872
DDO170,fixed_core,0.01,outer_holdout,True,8,2,10,15.4,4.62,1,66.0,7.0,0.543,1.95,0.735,9.14,60.0,2,irregular_T10_11,late_T8_11,12.33,1.87,6.323076923076923,57.1,0.23484281944444443,1,-7.169606595440829,-7.169606595440829,0.01887191854233655,0.01887191854233655,-0.11660277837924315,-6.646686331291972,54.167523308072475,-0.43971895680031003,0.27761142820150814,False,False,False,not applicable,False,0.1974537505845209,0.5158516551225579,0.7,1.0592361251753564,66.5180473619108,,2.7268094510314804,58.329288591246886,-0.7173303850018182,0.8009284652332136,1.7566361082458481
ESO079-G014,fixed_core,0.01,outer_holdout,True,15,3,4,28.7,7.17,1,79.0,5.0,51.733,5.08,3.14,17.67,175.0,1,spiral_T1_9,spiral_T1_7,16.67,0.41,3.2814960629921264,132.0,0.3315464506122449,0,-7.398806804833716,-7.227429725643418,0.012153502431887502,0.012457142857142858,-0.041740384213794855,-3.503950086458019,15.660278987497948,-0.15594099173047277,0.0773274616818912,False,False,False,not applicable,False,0.5151220378795242,0.4592808099070079,0.7,0.871309233045429,78.68632986677946,,4.705880783855651,170.88372954419688,-0.23326845341236396,0.5160718875440862,2.12057393120585
ESO116-G012,fixed_core,0.01,outer_holdout,True,15,3,7,13.0,3.9,1,74.0,3.0,4.292,1.51,1.083,9.58,109.1,1,spiral_T1_9,spiral_T1_7,9.86,0.25,6.52980132450331,102.0,0.2002782636141739,0,-3.716324853172542,-3.0407286386476784,0.027467776217776223,0.02099099099099099,-0.033317346891422524,-1.0939984200223778,1.392664756763087,-0.2240195188836818,0.10604430162247715,False,False,False,not applicable,False,0.8524158786648843,0.6084313623447799,0.7,1.2545821731794582,74.31310696028247,,2.770583025360812,107.73181675518396,-0.33006382050615896,0.8148999676480417,2.0086001717619175
ESO563-G021,fixed_core,0.01,outer_holdout,True,30,6,4,60.8,9.1,1,83.0,3.0,311.177,5.45,24.298,55.71,314.6,1,spiral_T1_9,spiral_T1_7,42.41,0.45,7.7816513761467885,310.5,0.2624532912705312,0,-58.09875317504509,-62.094383246995065,0.03136431244070096,0.02833213141025641,-0.18335239601134581,-6.352798759534463,43.788274011877974,-0.48885906978243354,-0.037644650267524775,False,False,False,not applicable,False,2.7807311826610506,0.2635705519662001,0.7,0.6023320166540661,82.56142001898831,,5.826738181480062,378.5704167156862,-0.45121441951490876,0.8910717701830672,2.492061604512599
F568-3,fixed_core,0.01,outer_holdout,True,18,4,7,82.4,8.24,1,40.0,10.0,8.346,4.99,3.195,16.14,0.0,1,spiral_T1_9,spiral_T1_7,17.98,0.64,3.603206412825651,83.9,0.22469191106035866,0,-16.993166887165764,-17.64674712712651,0.10024752475247525,0.1,-0.1462260512385926,-1.4619176939121852,3.048021125589858,-0.2833691370759256,0.4517039611051207,False,False,False,not applicable,False,0.8244732644845035,0.4684703339154101,0.7,0.9851606890844924,31.755267355154963,,3.471329615583087,109.69551435899793,-0.7350730981810463,0.55668914177382,1.9237619608287002
F568-V1,fixed_core,0.01,outer_holdout,True,15,3,7,80.6,8.06,1,40.0,10.0,3.825,2.85,2.491,14.38,112.3,1,spiral_T1_9,spiral_T1_7,17.63,0.39,6.185964912280701,111.0,0.1326219548980178,0,-18.935628582810878,-14.854961075979602,0.13637435245354848,0.12372881355932203,-0.16367063670361578,-1.311370575147932,2.3733123782032144,-0.3645705752775329,0.10345403735685986,False,False,False,not applicable,False,0.0710553526883128,0.5034388205803002,0.7,1.0017484736059228,40.71055352688313,,2.1885964593543736,124.1528813233238,-0.46802461263439277,0.7914074522908118,2.0453229787866576
F571-8,fixed_core,0.01,outer_holdout,True,13,3,5,53.3,10.7,1,85.0,5.0,10.164,3.56,1.782,24.55,139.7,1,spiral_T1_9,spiral_T1_7,15.55,0.22,4.367977528089888,105.0,0.13552480932784639,0,-7.71630494850299,-4.560170243321153,0.03097442680776014,0.02962962962962963,-0.0540399926167247,-1.6357816737231579,4.5827369353740925,-0.1267063718085648,0.12051983234316586,False,False,False,not applicable,False,2.2691092689873,0.3610018183559486,0.7,0.544475249940636,84.48107507013486,,3.951554400462924,154.42033867878555,-0.2472262041517307,0.6402803953899812,2.0211892990699383
F574-1,fixed_core,0.01,outer_holdout,True,14,3,7,96.8,9.68,1,65.0,10.0,6.537,4.46,3.524,16.19,97.8,1,spiral_T1_9,spiral_T1_7,12.6,0.47,2.8251121076233185,90.95,0.19377821817272864,0,-8.82567731769907,-9.06299556981692,0.047512301040951,0.04676113360323887,-0.08879340437653342,-1.866273374579163,3.55245293368743,-0.19242398133494745,0.05967520260512282,False,False,False,not applicable,False,0.3710641396801371,0.5445984717672704,0.7,1.0205811320949718,67.96721251281568,,2.586682742289909,101.26059723697432,-0.25209918394007025,0.4510356864054211,1.9588027033995024
F583-1,fixed_core,0.01,outer_holdout,True,25,5,9,35.4,8.85,1,63.0,5.0,0.986,2.36,2.126,15.65,85.8,1,spiral_T1_9,late_T8_11,16.26,0.26,6.889830508474577,59.4,0.11657047545509146,0,-10.597044774861185,-10.036766007612599,0.11211436640099007,0.10023310023310024,-0.12450576223290752,-1.5107360308586912,3.6221041211934244,-0.13603411476685434,0.12231259323214916,False,False,False,not applicable,False,0.0748127159741743,0.4926279572518149,0.7,0.9812968210064564,62.868688052859625,,2.6156424352060483,82.3908021866125,-0.2583467079990035,0.8382085382879428,1.7737864449811935
F583-4,fixed_core,0.01,outer_holdout,True,12,3,5,53.3,10.7,1,55.0,10.0,1.715,1.93,0.641,7.8,0.0,1,spiral_T1_9,spiral_T1_7,7.29,0.22,3.77720207253886,58.5,0.2146088087198342,0,-9.845941455171863,-9.528181965479924,0.0730345887499741,0.07291666666666667,-0.1451054759567014,-2.0093758071779315,4.496707119353793,-0.2485617488154159,0.4539368305480994,False,False,False,not applicable,False,0.2208435671120615,0.5232113418498069,0.7,1.0381231934214143,57.20843567112061,,1.5286636157280182,61.51737314151355,-0.7024985793635153,0.5771702193102008,1.7671558660821804
IC2574,fixed_core,0.01,outer_holdout,True,34,7,9,3.91,0.2,2,75.0,7.0,1.016,2.78,1.036,10.81,66.4,2,spiral_T1_9,late_T8_11,10.23,0.85,3.679856115107914,43.65,0.22640774467626615,1,-2.364660083935753,-2.4467457067159444,0.09481091888799838,0.09344262295081968,-0.036112989772139996,-0.7142263486140396,1.480100309635133,0.5373554921683579,0.5119834771158689,False,False,False,not applicable,False,1.752108301978047,0.748481093358642,0.7,1.033570724332725,79.29011442577736,,5.834324778561693,71.56719382663074,0.025372015052488983,0.5658308377940839,1.6399842480415885
IC4202,fixed_core,0.01,outer_holdout,True,32,7,4,100.4,10.0,1,90.0,1.0,179.749,4.78,12.326,32.13,242.6,1,spiral_T1_9,spiral_T1_7,25.9,0.77,5.418410041841003,240.5,0.4458680655702384,0,-37.2070103821215,-40.966059793927,0.05180694210449381,0.040160642570281124,-0.15327917018524556,-4.593084030697887,32.029345343136924,-0.43094776088609094,0.07622785046214445,True,False,False,not applicable,False,5.999999999993903,1.1705124685504196,0.1758320502059174,0.6597503119230037,89.99999999998032,,2.6575094437345768,213.8162736096917,-0.5071756113482354,0.7338718674691329,2.3811150807098507
KK98-251,fixed_core,0.01,outer_holdout,True,15,3,10,6.8,2.04,1,59.0,5.0,0.085,1.34,0.115,2.9,33.7,2,irregular_T10_11,late_T8_11,3.13,0.25,2.335820895522388,21.8,0.34459562836388274,1,6.042865386002774,5.550742298207233,0.05878102014396508,0.05847953216374269,0.17690825458539386,3.021432693001387,10.754350423518687,0.7371220462091829,0.11376130439344363,False,True,False,not applicable,False,0.1345300084170368,0.4977049659253192,0.7,0.959640997474889,58.77231796951151,,461.0495104472277,9999.99999999983,0.6233607418157392,0.3684395391816408,1.3384564936046048
NGC0024,fixed_core,0.01,outer_holdout,True,29,6,5,7.3,0.36,2,64.0,3.0,3.889,1.34,0.676,7.29,106.3,1,spiral_T1_9,spiral_T1_7,11.27,0.21,8.410447761194028,92.4,0.23735984365446766,0,-31.498506200356328,-36.53508532332359,0.05590564020769221,0.0376583450952717,-0.2928328406093091,-9.40939533962475,137.2716434810228,-0.3895364821688514,0.012810577307638533,False,False,False,not applicable,False,0.0188871251901505,0.5021791957864802,0.7,1.0003762999743064,64.02369239934463,,0.7804999469681245,102.10741593811774,-0.4023470594764899,0.9248191176812989,1.9656719712201067
NGC0055,fixed_core,0.01,outer_holdout,True,21,5,9,2.11,0.11,2,77.0,3.0,4.628,6.11,1.565,10.24,85.6,2,spiral_T1_9,late_T8_11,13.5,1.23,2.20949263502455,82.4,0.3066324672563132,1,-0.6787667469486337,-0.49632122277738233,0.05874564875253716,0.06358381502890173,-0.007764532145482723,-0.22989381527328723,0.18555767933078424,-0.10597069487265816,0.07977277874492703,False,False,False,not applicable,False,0.2580879905295598,0.4711521803939628,0.7,0.9966945206367326,76.91145971053774,,4.000748862641686,84.30556077838283,-0.1857434736175852,0.34429255825245186,1.9159272116971158
NGC0100,fixed_core,0.01,outer_holdout,True,21,5,6,13.5,4.05,1,89.0,1.0,3.232,1.66,1.99,16.36,88.1,1,spiral_T1_9,spiral_T1_7,9.62,0.23,5.795180722891566,77.8,0.16738598530612242,0,-7.213131741056259,-7.361346909222391,0.09508027717953627,0.08730337078651684,-0.08059893480864581,-0.9358108684878081,1.0976296223880735,-0.14325790893677462,0.3098878013373376,False,False,False,not applicable,False,0.1474203047095565,0.5158082691844942,0.7,1.044226091412867,89.00031254853006,,2.7410133530741287,86.40242704094237,-0.4531457102741122,0.7630669839977579,1.890979596989689
NGC0247,fixed_core,0.01,outer_holdout,True,26,6,7,3.7,0.19,2,74.0,3.0,7.332,3.74,1.746,12.79,104.9,2,spiral_T1_9,spiral_T1_7,14.54,1.08,3.887700534759358,88.9,0.25259502040816323,1,-7.985333503327145,-7.296012384689043,0.08116651303376161,0.08238095238095239,-0.07514380399332009,-0.9369326821556726,0.9474184615862421,-0.12481518705277296,0.13022088841754906,True,True,False,not applicable,False,5.999999999999999,1.990535852767486,0.7,1.125365168781407,77.6730313927564,,1763.2809303123436,9999.999966840807,-0.25503607547032203,0.5896928043225388,1.9489017609702137
NGC0289,fixed_core,0.01,outer_holdout,True,28,6,4,20.8,5.2,1,46.0,5.0,72.065,6.74,27.469,49.51,163.0,2,spiral_T1_9,spiral_T1_7,71.12,1.5,10.55192878338279,175.0,0.2353007261095904,1,0.011686984648325923,1.300508738958925,0.06067258848150741,0.060236081747709655,0.0006229075850678426,0.17082663902915785,0.6814491904721259,-0.42780927241166916,-0.15548364811763798,False,False,False,not applicable,False,1.2218774669171155,0.6624570877142962,0.7,1.2745594811728844,50.08726613672424,,17.158610236595315,161.1900832789146,-0.2723256242940312,1.0233318514268375,2.2430380486862944
NGC0300,fixed_core,0.01,outer_holdout,True,25,5,7,2.08,0.1,2,42.0,10.0,2.922,1.75,0.936,9.2,93.3,2,spiral_T1_9,spiral_T1_7,11.8,0.91,6.742857142857143,88.2,0.14859433958186558,1,-10.977402421759155,-10.330907819657867,0.08633011744677598,0.11422413793103449,-0.1169077547027815,-2.8988112329921565,14.372749499900328,-0.4374584269613581,-0.1932527297188096,False,False,False,not applicable,False,1.2845111299740564,0.6580052970026674,0.7,1.0119350887237424,54.845111299740566,,2.8201863766485005,85.32700539866714,-0.2442056972425485,0.828843958619831,1.9454685851318196
NGC0801,fixed_core,0.01,outer_holdout,True,13,3,5,80.7,8.07,1,80.0,1.0,312.57,8.72,23.201,44.99,220.1,1,spiral_T1_9,spiral_T1_7,59.82,1.17,6.860091743119265,219.0,0.44167279456721115,0,-22.812641360121876,-24.66267194719191,0.024913464866735898,0.021962616822429906,-0.10578879888315369,-5.220329151971391,36.52180018123594,-0.3413629533747596,0.03562389938023551,False,False,False,not applicable,False,0.9903711612690712,0.6280686562108365,0.7,1.0396408032544535,80.02530128542793,,14.032359069295676,146.54047055914094,-0.3769868527549951,0.8363299237627321,2.3404441148401185
NGC0891,fixed_core,0.01,outer_holdout,True,18,4,3,9.91,0.5,2,90.0,1.0,138.34,2.55,4.462,18.16,216.1,1,spiral_T1_9,spiral_T1_7,17.11,0.92,6.709803921568628,222.5,0.549237392179311,0,-5.699327608084744,-5.936732049753758,0.018868353010490106,0.020711360398860398,-0.026909705765656253,-1.3882700131059895,2.024183701741253,-0.3983853762439441,-0.2683750398256423,True,False,False,not applicable,False,2.8702494416871067,0.2581933545982957,0.669766462759438,0.965022327449384,89.99999999992187,,4.088023825488127,208.3719801408788,-0.1300103364183018,0.8267098291071451,2.3473300153169503
NGC1003,fixed_core,0.01,outer_holdout,True,36,8,6,11.4,3.42,1,67.0,5.0,6.82,1.61,5.88,33.33,109.8,1,spiral_T1_9,spiral_T1_7,30.24,1.25,18.782608695652172,103.5,0.11659439354440493,0,-7.236815000343636,-6.947616378014388,0.020350824278704563,0.020558213716108453,-0.06441324708329342,-3.401706713188693,12.637490540462682,0.12348774329134535,0.19848596046011582,False,False,False,not applicable,False,1.813550317511425,0.6690206092752773,0.7,1.5440650952534276,69.96963857274716,,9.022709217344293,107.6360335939936,-0.07499821716877048,1.273755910797319,2.0149403497929366
NGC1090,fixed_core,0.01,outer_holdout,True,24,5,4,37.0,9.25,1,64.0,3.0,72.045,3.53,8.783,30.49,164.4,1,spiral_T1_9,spiral_T1_7,30.09,0.35,8.524079320113314,165.0,0.34270975108654694,0,-1.2403835346581615,-1.359662593363879,0.013782955578277665,0.013765432098765433,-0.00767698649895477,-0.5562258002951397,0.40897353495058475,-0.1365386721558563,-0.08072253427834408,False,False,False,not applicable,False,1.074941644347124,0.64041894197424,0.7,1.116036313163134,64.31309435109124,,9.935597937268357,138.4587221189152,-0.05581613787751222,0.9306474823522579,2.2174839442139063
NGC2403,fixed_core,0.01,outer_holdout,True,73,15,6,3.16,0.16,2,63.0,3.0,10.041,1.39,3.199,15.11,131.2,1,spiral_T1_9,spiral_T1_7,20.87,0.16,15.014388489208635,114.0,0.2004949237023836,0,-23.033842816079225,-25.03132363285704,0.030535903023744773,0.02875,-0.17132184518232038,-9.360046833820432,152.99930721671677,-0.44550242982385807,0.031459234772276495,False,False,False,not applicable,False,2.4421858832864323,0.657087408644789,0.7,1.1236549814322243,69.39961782422363,,3.7646467536592927,118.73574865750268,-0.47696166459613454,1.176507648811359,2.0569048513364727
NGC2683,fixed_core,0.01,outer_holdout,True,11,3,3,9.81,0.49,2,80.0,5.0,80.415,2.18,1.406,13.79,154.0,2,spiral_T1_9,spiral_T1_7,34.62,2.89,15.880733944954127,172.0,0.25418338475200797,1,-24.175801229203085,-24.137809789553785,0.06882877590258492,0.06451612903225806,-0.15592497979661357,-2.2742282179921207,5.183807969049678,-0.5107115685316508,-0.3177853212778884,False,False,False,not applicable,False,0.7720748965810693,0.5972793418038752,0.7304375041555945,1.0102430567253944,80.59925238482563,,4.704586591795391,159.4984034976988,-0.1929262472537624,1.2008705699347701,2.2355284469075487
NGC2841,fixed_core,0.01,outer_holdout,True,50,10,3,14.1,1.4,3,76.0,10.0,188.121,3.64,9.775,45.12,284.8,1,spiral_T1_9,spiral_T1_7,63.64,3.44,17.483516483516482,301.0,0.18115576613796608,0,-36.483443741925655,-36.322333350012585,0.017859856670647732,0.01539065588026035,-0.12738847409673765,-6.96388792279217,53.576287919200865,-0.38246618835022805,0.16915162949146478,False,False,False,not applicable,False,2.967090132807989,0.99009990220888,0.8950865292086727,1.1448896992038589,83.10371608444979,,12.57079781121194,253.74337167948892,-0.5516178178416928,1.242628787325488,2.4785664955938436
NGC2903,fixed_core,0.01,outer_holdout,True,34,7,4,6.6,1.98,1,66.0,3.0,81.863,2.33,2.552,13.76,184.6,1,spiral_T1_9,spiral_T1_7,24.96,0.32,10.71244635193133,189.5,0.29820008400292186,0,-18.030128441184306,-15.450964083449378,0.021318938516700074,0.016853932584269662,-0.09966483297971639,-4.930908889232707,25.240265727065466,-0.4509483360107165,-0.11587509789217186,False,False,False,not applicable,False,0.341707691850425,0.5214480613588609,0.7,0.8974876924448725,65.85603459585958,,4.749555297670463,179.29233461384536,-0.3350732381185446,1.0298886599843673,2.2776092143040914
NGC2915,fixed_core,0.01,outer_holdout,True,30,6,11,4.06,0.2,2,56.0,4.0,0.641,0.55,0.508,7.16,83.5,2,irregular_T10_11,late_T8_11,10.04,0.34,18.25454545454545,81.15,0.0764037753062881,1,-13.857171573235613,-14.83423656235523,0.07493151713431906,0.07116753451488081,-0.1632654799638293,-2.295497212687697,5.866557488673032,-0.4211941685015578,0.30752732726750026,False,False,False,not applicable,False,0.7141850834678153,0.4241812777558693,0.7,0.992655162754469,54.81702602117202,,1.654394358669962,97.12384959479238,-0.728721495769058,1.2613710233147566,1.9092885241622508
NGC2955,fixed_core,0.01,outer_holdout,True,24,5,3,97.9,9.8,1,56.0,7.0,319.422,18.76,28.949,40.34,0.0,1,spiral_T1_9,spiral_T1_7,35.43,0.75,1.8885927505330489,255.5,0.5584935718233018,0,29.41900424764534,29.347931718781524,0.05344261392480596,0.05354330708661417,0.1190391084204985,2.2802060915926554,5.750786497668462,-0.1628129995089752,-0.3268030260283482,False,False,False,not applicable,False,1.8855602256793085,0.3239022626067344,0.9428864913744526,0.9729682651497862,52.56292151055491,,9.69731634441161,270.590104798279,0.163990026519373,0.2761383182901315,2.4073909044707316
NGC2976,fixed_core,0.01,outer_holdout,True,27,6,5,3.58,0.18,2,61.0,10.0,3.371,1.01,0.172,3.04,85.4,2,spiral_T1_9,spiral_T1_7,2.27,0.11,2.2475247524752477,49.2,0.5898784583113941,1,2.5811203302928405,1.9040611980945314,0.05294922752827507,0.05256260291542557,0.031078405365124157,0.5706291654311678,0.441269370975617,0.37050108287040456,0.297763937630636,False,False,False,not applicable,False,0.1927309930397244,0.4782961719808813,0.7,0.9982030973694496,59.54365623597541,,1.6598451539337815,106.62746069357324,0.07273714523976854,0.35170448341048016,1.6919651027673603
NGC2998,fixed_core,0.01,outer_holdout,True,13,3,5,68.1,10.2,1,58.0,2.0,150.902,6.2,23.451,43.58,209.9,1,spiral_T1_9,spiral_T1_7,42.28,0.33,6.819354838709677,206.0,0.34193970772994775,0,8.926983821021395,6.20417112547517,0.012750834508969527,0.014084507042253521,0.043113934728404434,3.251720602637589,12.50550397177569,0.011569799999872727,-0.1747503217706838,False,False,False,not applicable,False,1.852896230912369,0.7660544283002594,0.7,1.1558546057534858,58.68218129142366,,19.66535789336588,201.6910264414153,0.18632012177055654,0.8337432891371348,2.3138672203691533
NGC3109,fixed_core,0.01,outer_holdout,True,25,5,9,1.33,0.07,2,70.0,5.0,0.194,1.56,0.477,6.0,66.2,1,spiral_T1_9,late_T8_11,6.45,0.26,4.134615384615385,50.6,0.10808169534354384,0,-3.5909354814742356,-3.5281803148178597,0.04745520936839689,0.048048048048048055,-0.05411925737143064,-1.1435239116137192,1.3712930859704489,0.047482776122888266,0.18895598992328522,False,False,False,not applicable,False,0.1142515871318537,0.5133282471598225,0.7,0.9997438245852774,69.9705868024301,,2.234095791412291,68.86238989467479,-0.14147321380039696,0.6164351162808062,1.7041505168397992
NGC3198,fixed_core,0.01,outer_holdout,True,43,9,5,13.8,1.4,3,73.0,3.0,38.279,3.14,10.869,35.66,150.1,1,spiral_T1_9,spiral_T1_7,44.08,0.32,14.038216560509554,146.0,0.23196221382998686,0,-16.161164968438527,-16.545711697475326,0.01497055479639963,0.013513513513513514,-0.10857095931051468,-7.104741201076867,60.47409418264047,-0.3709912420888014,0.0458946547723965,False,False,False,not applicable,False,1.789775813308318,0.7550011022446853,0.7,1.0771690513954293,73.74004629230541,,7.714972704199176,141.18195894444702,-0.4168858968611979,1.1473119377705137,2.164352855784437
NGC3521,fixed_core,0.01,outer_holdout,True,41,9,4,7.7,2.3,1,75.0,5.0,84.836,2.4,4.154,18.85,213.7,1,spiral_T1_9,spiral_T1_7,17.74,0.51,7.391666666666667,213.0,0.6675563224126786,0,-13.38135042445629,-13.04089706379105,0.0728212436399789,0.05194174757281553,-0.06353480249404635,-1.1316206036649887,2.1313721056293575,0.0008375895147351093,-0.03420928318373165,False,True,False,not applicable,False,0.3731695746046996,0.5370444112157294,0.7,1.111466236570235,75.31749942968979,,604.1975613765736,9999.999999998943,0.035046872698466756,0.8687423737841016,2.3283796034387376
NGC3726,fixed_core,0.01,outer_holdout,True,12,3,5,18.0,2.5,4,53.0,2.0,70.234,3.4,6.473,22.2,168.0,2,spiral_T1_9,spiral_T1_7,32.52,3.5,9.564705882352943,159.0,0.26180609751099576,1,-19.54354000465749,-20.53382147229081,0.07227836521940621,0.0630952380952381,-0.11633573034066223,-1.646515023242757,2.765913329084032,-0.17520189008033166,-0.033377004854594064,False,False,False,not applicable,False,0.7796511910569132,0.5983222087412774,0.7,1.0346060082292698,53.193914964090105,,11.499975111549414,136.5675190619377,-0.1418248852257376,0.9806716198797755,2.2013971243204513
NGC3741,fixed_core,0.01,outer_holdout,True,21,5,10,3.21,0.17,2,70.0,4.0,0.028,0.2,0.182,4.2,50.1,1,irregular_T10_11,late_T8_11,7.0,0.23,35.0,36.5,0.08112721999999999,0,-7.571192815601779,-7.564297781506397,0.05102019830312372,0.047808764940239036,-0.15040162684138147,-2.909094526265963,8.76149857006882,-0.2770776057678525,0.16350615604685195,False,False,False,not applicable,False,2.357979791678299,0.860533899687092,0.7,1.0352452711728688,72.31650854288473,,1.6221939215452643,49.07916805846691,-0.4405837618147045,1.5440680443502757,1.5622928644564746
NGC3769,fixed_core,0.01,outer_holdout,True,12,3,3,18.0,2.5,4,70.0,2.0,18.679,3.38,5.529,22.57,118.6,2,spiral_T1_9,spiral_T1_7,37.16,1.74,10.994082840236686,118.0,0.16445895862183707,1,-37.84678780919414,-38.384139392059296,0.08845115595459896,0.08813559322033898,-0.32260169803265953,-3.6521141974128106,13.3547353479816,-0.4905408757469539,-0.4366358833199427,False,False,False,not applicable,False,0.4740773013800163,0.448293326903485,0.7,0.9608746717809108,69.9004214123205,,3.851974026647507,120.05855773064918,-0.05390499242701119,1.0411590050439494,2.0718820073061255
NGC3877,fixed_core,0.01,outer_holdout,True,13,3,5,18.0,2.5,4,76.0,1.0,72.535,2.53,1.483,11.47,168.4,2,spiral_T1_9,spiral_T1_7,11.35,0.87,4.486166007905139,162.0,0.7102281327684605,1,-11.524786453427888,-11.697965765401847,0.034534833622711696,0.033529411764705884,-0.06789242913644013,-1.9201655231935912,3.79555239319758,-0.39549273112905575,-0.07022386982657271,False,False,False,not applicable,False,1.727193411371244,0.3359314489775955,0.7,0.8248188469478996,75.93449066484787,,2.184418929070663,158.65033191949615,-0.32526886130248306,0.6518753403533236,2.2095150145426308
NGC3893,fixed_core,0.01,outer_holdout,True,10,2,5,18.0,2.5,4,49.0,2.0,58.525,2.38,5.799,20.84,174.0,1,spiral_T1_9,spiral_T1_7,19.05,1.74,8.004201680672269,182.5,0.3342177117214111,0,-10.295442235137926,-10.295442235137926,0.07365779804028307,0.07365779804028307,-0.05988586355420236,-0.8282569199806622,0.7104131573804642,-0.4219907749108645,-0.5447266059346096,False,False,False,not applicable,False,0.0920236073642034,0.5107076520902422,0.7,0.9976969707300786,48.98553515794097,,4.032053278264405,168.41676267066936,0.12273583102374513,0.9033180229551262,2.2612628687924934
NGC3917,fixed_core,0.01,outer_holdout,True,17,4,6,18.0,2.5,4,79.0,2.0,21.966,2.63,1.888,14.08,135.9,1,spiral_T1_9,spiral_T1_7,14.86,0.87,5.650190114068441,134.0,0.31395441152965,0,-11.62718333924444,-11.910052942996018,0.03825505130646356,0.03636411721146726,-0.08468589340556329,-2.174262822461399,4.886222933492654,-0.4294521332701403,0.011079832934552987,False,False,False,not applicable,False,0.6886105955658274,0.4266865416698818,0.7,0.9512629680851256,78.93437108681407,,3.2111576717809003,135.32463346916384,-0.4405319662046933,0.7520630609347986,2.1271047983648077
NGC3953,fixed_core,0.01,outer_holdout,True,8,2,4,18.0,2.5,4,62.0,1.0,141.301,4.89,2.832,17.38,220.8,1,spiral_T1_9,spiral_T1_7,15.68,3.5,3.206543967280164,219.5,0.5688839644451532,0,-14.217707486882176,-14.217707486882176,0.03617421096345515,0.03617421096345515,-0.06494165268637628,-1.8522665057338439,3.484097783310485,-0.4980974711685203,-0.34863769161990155,False,False,False,not applicable,False,0.2949583808658702,0.5351380631175549,0.7,1.0265569860068744,62.02620169642589,,2.8708005583844627,157.2007616558453,-0.14945977954861878,0.5060371992247994,2.34143452457814
NGC3972,fixed_core,0.01,outer_holdout,True,10,2,4,18.0,2.5,4,77.0,1.0,14.353,2.18,1.214,10.05,132.7,1,spiral_T1_9,spiral_T1_7,8.72,0.87,4.0,113.0,0.3368280611870436,0,-14.941867721366343,-14.941867721366343,0.041044776119402986,0.041044776119402986,-0.11150647553258465,-2.7927237446780504,8.284912513277575,-0.3447909179488957,0.0,False,False,False,not applicable,False,0.113306303226681,0.5132165284653719,0.7,1.0143962724234867,77.00609792858393,,2.2462945381074317,113.2039090179535,-0.3447909179488957,0.6020599913279624,2.0530784434834195
NGC3992,fixed_core,0.01,outer_holdout,True,9,2,4,23.7,2.3,5,56.0,2.0,226.932,4.96,16.599,32.75,241.0,1,spiral_T1_9,spiral_T1_7,46.02,9.19,9.278225806451614,248.0,0.2588026617999001,0,-3.243600440353859,-3.243600440353859,0.0310065304550309,0.0310065304550309,-0.013579197361815632,-0.445857782754461,0.20094731866450288,-0.17733257460328902,-0.15965729576112495,False,False,False,not applicable,False,2.841685904709565,0.9619192031584908,0.7,1.1056464919110691,57.11946902860187,,19.610380717941734,196.17671490738783,-0.017675278842164077,0.9674649378424272,2.3944516808262164
NGC4010,fixed_core,0.01,outer_holdout,True,12,3,7,18.0,2.5,4,89.0,1.0,17.193,2.81,2.832,17.59,125.8,2,spiral_T1_9,spiral_T1_7,10.47,0.87,3.725978647686833,109.5,0.36410069459969785,1,19.656131735118596,20.22636658538198,0.03775124189592641,0.04015748031496063,0.15895714781929496,4.3963316133586945,22.951239114357737,0.38722332890128097,-0.22013486578216399,False,False,False,not applicable,False,0.0609108366268772,0.4930363285056789,0.7,0.9929468416259504,88.99977894155624,,7.095510330828149,188.26007649373125,0.607358194683445,0.5712403617737625,2.0394141191761372
NGC4013,fixed_core,0.01,outer_holdout,True,36,8,3,18.0,2.5,4,89.0,1.0,79.094,3.53,2.967,31.35,172.9,2,spiral_T1_9,spiral_T1_7,31.01,5.49,8.784702549575071,178.0,0.24156643395061728,1,-3.7388799078566883,-5.307073089860353,0.034634033776238124,0.02841275991217874,-0.020696981580410008,-0.7081594489001313,0.7885942842843815,0.004522322397173573,-0.23499055372971203,False,False,False,not applicable,False,0.7167722644295005,0.5839257743218501,0.8055670974302875,1.0995517033929862,89.00344549301677,,12.777896512815282,173.66236826843075,0.2395128761268856,0.9437270608495039,2.250420002308894
NGC4088,fixed_core,0.01,outer_holdout,True,12,3,4,18.0,2.5,4,69.0,2.0,107.286,2.58,8.226,22.25,171.7,1,spiral_T1_9,spiral_T1_7,21.48,1.74,8.325581395348838,171.0,0.6009229994319083,0,-6.205997187568329,-7.071772502573452,0.042636650839917634,0.04367816091954023,-0.035830506129486926,-0.7694469055165148,1.0970855305661036,-0.11551963684687595,0.25250065109124226,False,False,False,not applicable,False,0.4522415754343612,0.4505529595548132,0.7,0.9594109471327013,68.8911862356198,,9.739946267192426,140.91536330358502,-0.3680202879381182,0.9204145710642879,2.2329961103921536
NGC4100,fixed_core,0.01,outer_holdout,True,24,5,4,18.0,2.5,4,73.0,2.0,59.394,2.15,3.102,18.06,158.2,1,spiral_T1_9,spiral_T1_7,22.76,2.61,10.586046511627908,178.5,0.3063761352878611,0,3.634207565345787,3.0531787839564117,0.04716376273136208,0.04810126582278481,0.02293490474756648,0.5232653556002073,0.5461120358545993,-0.40189152626620567,-0.29341108472731686,False,False,False,not applicable,False,1.5215641624042089,0.709784351956033,0.7,1.1101377089221034,73.26608448499978,,6.045514685519037,147.9103101535908,-0.1084804415388888,1.0247337978074282,2.251638220448212
NGC4157,fixed_core,0.01,outer_holdout,True,17,4,3,18.0,2.5,4,82.0,3.0,105.62,2.32,8.226,24.09,184.7,1,spiral_T1_9,spiral_T1_7,29.61,1.74,12.76293103448276,185.0,0.3445311366921031,0,-3.984422937094884,-3.659382600335576,0.06441040268880381,0.06740191804707935,-0.021512233813453387,-0.33295054928637374,0.11509581177381611,-0.11202645488172389,-0.04222334061252832,False,False,False,not applicable,False,0.366077999584274,0.5432113015704586,0.6434136053302677,0.9980380908258154,81.99551569927809,,11.19859624429893,172.12338189176697,-0.06980311426919557,1.1059504224983996,2.2671717284030137
NGC4183,fixed_core,0.01,outer_holdout,True,23,5,6,18.0,2.5,4,82.0,2.0,10.838,2.79,3.506,16.07,110.6,1,spiral_T1_9,spiral_T1_7,21.02,0.87,7.534050179211469,109.0,0.24187166578330843,0,-18.154305236774945,-17.288224886421403,0.06610454824869862,0.04818181818181818,-0.1633580279262865,-2.605329788354846,6.964780953985004,-0.4578172596411656,0.1492705288542871,False,False,False,not applicable,False,1.3777804230392947,0.6866699569461056,0.7,1.1163313105555883,82.12993272642944,,3.2492334273430985,104.26880029528895,-0.6070877884954526,0.8770285084186259,2.037426497940624
NGC4217,fixed_core,0.01,outer_holdout,True,19,4,3,18.0,2.5,4,86.0,2.0,85.299,2.94,2.562,16.7,181.3,1,spiral_T1_9,spiral_T1_7,16.72,0.87,5.687074829931973,179.0,0.5874801832027714,0,-5.394713024931356,-4.713753340413405,0.048737355871205874,0.04463276836158192,-0.030377102695420828,-0.5531957526069586,0.4211093155995298,-0.3784786389031962,-0.029234965599599035,False,False,False,not applicable,False,3.1077101902387927,0.4853835059724006,0.3675147046467248,0.5683735846890565,85.87183592465537,,3.7919015619624448,193.68112058836212,-0.3492436733035972,0.7548889426908403,2.2528530309798933
NGC4559,fixed_core,0.01,outer_holdout,True,32,7,6,9.0,2.7,1,67.0,1.0,19.377,2.1,5.811,21.16,121.2,1,spiral_T1_9,spiral_T1_7,20.97,0.67,9.985714285714284,119.5,0.33695148481590975,0,4.21529729654034,4.561391617171083,0.049406482452475205,0.0495,0.034874651853632053,0.7041361355668508,0.5205216752937692,-0.03298878532542287,-0.12598735944065334,False,False,False,not applicable,False,0.5492249929754279,0.5584536461603099,0.7,1.1647674978926283,67.0315474903042,,6.948809610404545,114.87171840637808,0.09299857411523046,0.9993791357314245,2.0773679052841563
NGC5005,fixed_core,0.01,outer_holdout,True,18,4,4,16.9,1.5,5,68.0,2.0,178.72,9.45,1.28,10.41,262.2,1,spiral_T1_9,spiral_T1_7,11.47,0.49,1.2137566137566138,260.0,0.682692169642958,0,-12.322103436741564,-10.969721300150283,0.08327008290451686,0.08317610062893081,-0.046576903486990395,-0.5604025321482556,0.42141241916298516,-0.3105490848387876,-0.0007545953232283547,False,False,False,not applicable,False,0.7505410596523999,0.4998044932114836,0.5889032269036589,0.9704083150575722,67.79221728939123,,3.1310782501828123,172.92651063974168,-0.30979448951555927,0.08413160939200474,2.4149733479708178
NGC5033,fixed_core,0.01,outer_holdout,True,22,5,5,15.7,4.7,1,66.0,1.0,110.509,5.16,11.314,29.53,194.2,1,spiral_T1_9,spiral_T1_7,44.59,0.76,8.641472868217054,217.5,0.2624681385547809,0,-9.798497446050533,-8.929361850583604,0.01860092170323266,0.015706806282722512,-0.05034808502722636,-2.408164610900603,9.551767377060267,-0.4751382234661115,0.09805843611030518,False,False,False,not applicable,False,1.8939008188481103,0.7297923069766226,0.4525931307315063,1.022417798908417,66.00397263460958,,8.358824595948672,204.56315721231977,-0.5731966595764166,0.9365877707223959,2.337459261290656
NGC5055,fixed_core,0.01,outer_holdout,True,28,6,4,9.9,0.3,2,55.0,6.0,152.922,3.2,11.722,35.06,179.0,1,spiral_T1_9,spiral_T1_7,54.59,0.72,17.059375,189.0,0.30148861265080507,0,-24.77878953874551,-26.156289469687096,0.01716863385429396,0.0180933346176074,-0.14022254472647752,-14.523446372948065,427.9417898244761,-0.4507637408218156,-0.144776164959038,False,False,False,not applicable,False,0.2561883254518629,0.4713583140564579,0.7,0.9995913610067424,54.60284449517856,,8.671653718003492,174.75500049691306,-0.3059875758627776,1.2319631159860553,2.2764618041732443
NGC5371,fixed_core,0.01,outer_holdout,True,19,4,4,39.7,9.92,1,53.0,2.0,340.393,7.44,11.18,30.03,209.5,1,spiral_T1_9,spiral_T1_7,46.24,1.45,6.21505376344086,215.0,0.5646984860392011,0,-38.275185431173206,-37.73979469215966,0.021465552698430517,0.019277220364176888,-0.1825581164586013,-8.467063316665907,73.74324555070464,-0.6437167195074334,0.08569283345257585,False,False,False,not applicable,False,2.698651662889935,0.3637665346796657,0.7,1.6743230351604068,54.78223312953829,,1.065409166985553,133.00198979671308,-0.7294095529600092,0.7934448898665939,2.3324384599156054
NGC5585,fixed_core,0.01,outer_holdout,True,24,5,7,7.06,2.12,1,51.0,2.0,2.943,1.53,1.683,10.92,90.3,1,spiral_T1_9,spiral_T1_7,10.96,0.09,7.163398692810458,68.69999999999999,0.21595699061500612,0,0.26432970324981114,0.13217231876116387,0.02297771622003794,0.028384279475982536,0.0029524945891618074,0.13821718139532335,0.10119763345065884,-0.08764040523344846,-0.10711950055662457,False,False,False,not applicable,False,0.4902418524213591,0.5597501125534489,0.7,1.1317036714080695,51.18566593869614,,3.2559088286266045,92.66556652202128,0.019479095323176113,0.8551191233307516,1.8369567370595503
NGC5907,fixed_core,0.01,outer_holdout,True,19,4,5,17.3,0.9,2,88.0,2.0,175.425,5.34,21.025,0.0,215.0,1,spiral_T1_9,spiral_T1_7,50.33,5.03,9.425093632958802,218.0,0.2854637785065158,0,-5.832775897984433,-5.241017533248197,0.018562084474167052,0.01849748151323545,-0.027047149120404686,-1.4856883232849365,2.2513949223220138,-0.08823596830416855,-0.03352140655260635,False,False,False,not applicable,False,2.805541671461423,0.9539468350824152,0.7,1.0307227803101509,88.05546445545414,,20.751553824421244,181.5937964597679,-0.054714561751562196,0.9742856733685831,2.3384564936046046
NGC5985,fixed_core,0.01,outer_holdout,True,33,7,3,39.7,9.9,1,60.0,2.0,208.728,7.01,11.586,39.5,293.6,1,spiral_T1_9,spiral_T1_7,34.72,3.54,4.9529243937232525,291.0,0.27124533215296626,0,-30.259412844190063,-30.213486578916502,0.015411381725668787,0.013888888888888888,-0.10396533658570772,-7.092472696307771,56.72713623035387,-0.30568836432225854,-0.08412195059213617,False,False,False,not applicable,False,2.33247083022667,0.8554942351832948,0.645561567333981,1.5655869058189895,61.097644349170174,,2.699896099265707,213.51576743095143,-0.22156641373012237,0.6948616985377957,2.4638929889859074
NGC6015,fixed_core,0.01,outer_holdout,True,44,9,6,17.0,5.1,1,60.0,2.0,32.129,2.3,5.834,21.43,154.1,2,spiral_T1_9,spiral_T1_7,29.23,0.34,12.708695652173914,152.0,0.20998834752909432,1,36.660675931396135,38.3362303021124,0.04146721340430485,0.048734177215189876,0.23870276313469946,7.451059506878719,77.67664181761624,0.6151388878894257,-0.06792319889703084,False,True,False,not applicable,False,2.0336997052782486,0.7986196188826333,0.7,1.3617688178952254,60.43358604780696,,901.875945693334,9999.999999967433,0.6830620867864565,1.1041009793398435,2.1818435879447726
NGC6195,fixed_core,0.01,outer_holdout,True,23,5,3,127.8,12.8,1,62.0,5.0,391.076,13.94,20.907,40.89,251.7,1,spiral_T1_9,spiral_T1_7,36.43,1.33,2.6133428981348636,247.0,0.688132100245497,0,-33.56062119600436,-40.22383009024395,0.025991982644278246,0.02562992125984252,-0.13452706961430064,-5.761242442976155,47.329736260076245,-0.5014622007504951,-0.09072741928316383,False,False,False,not applicable,False,2.209448152982643,0.7500943787394395,0.4208750923745221,1.0048544815880929,62.22352217879248,,0.945804771378736,174.45476716439092,-0.4107347814673312,0.41719639747992526,2.392696953259666
NGC6503,fixed_core,0.01,outer_holdout,True,31,7,6,6.26,0.31,2,74.0,2.0,12.845,2.16,1.744,14.05,116.3,1,spiral_T1_9,spiral_T1_7,23.5,0.76,10.87962962962963,116.0,0.16276716824196596,0,-11.861178786684786,-12.69364188256526,0.030951740900290264,0.017543859649122806,-0.10260835315280421,-4.0616544680273945,18.343645737726778,-0.41863399741307655,0.08749212671408452,False,False,False,not applicable,False,1.3701085208312518,0.6854580109868486,0.7,1.01544255424036,74.25177743622952,,4.856639127954713,117.20144830989422,-0.5061261241271611,1.0366141111208054,2.0644579892269186
NGC6674,fixed_core,0.01,outer_holdout,True,15,3,3,51.2,10.2,1,54.0,6.0,214.654,6.04,32.165,50.02,241.3,1,spiral_T1_9,spiral_T1_7,72.41,2.5,11.988410596026489,242.0,0.17472055687751997,0,0.01557247375450288,1.4464424481539595,0.015106721315147037,0.01652892561983471,0.00015302995461812774,-0.3687294347170971,1.4374328971502364,0.07026211721929725,-0.11214680030163289,False,False,False,not applicable,False,2.4704457040177807,0.8831095367011036,0.7156041562642821,1.3466136452735795,61.89334467475875,,39.96043974852264,252.39047787772552,0.18240891752093014,1.0787616088594338,2.383815365980431
NGC6946,fixed_core,0.01,outer_holdout,True,58,12,6,5.52,1.66,2,38.0,2.0,66.173,2.44,5.67,21.25,158.9,1,spiral_T1_9,spiral_T1_7,20.4,0.19,8.360655737704917,167.0,0.43226802557093225,0,-1.3061406763628203,-2.2946738370621773,0.08478307454980534,0.07211084905660378,-0.008266909896994907,-0.061529959575695715,0.05102371314550133,-0.29674310217159944,-0.07445151873374613,False,False,False,not applicable,False,0.9390082822710076,0.6161461125390904,0.5638936600711465,0.9868474454043052,37.97433080758585,,6.081976774201868,133.62789045269307,-0.22229158343785332,0.9222403410871692,2.2227164711475833
NGC7331,fixed_core,0.01,outer_holdout,True,36,8,3,14.7,1.5,3,75.0,2.0,250.631,5.02,11.067,27.01,239.0,1,spiral_T1_9,spiral_T1_7,36.31,2.67,7.2330677290836665,239.0,0.3937968770300031,0,-15.377297066278633,-14.668348508595571,0.022020465319814067,0.02100877425277616,-0.06445511166758924,-2.9242178605318045,8.728524146626427,-0.3070393053972224,-0.002606098546270516,False,False,False,not applicable,False,0.9880420075179132,0.4803703216166832,0.5575628627464537,0.909621691122768,74.69838111323266,,10.109941598834046,210.9237650096996,-0.3044332068509519,0.8593225317678731,2.3783979009481375
NGC7793,fixed_core,0.01,outer_holdout,True,46,10,7,3.61,0.18,2,47.0,9.0,7.05,1.21,0.861,7.35,0.0,1,spiral_T1_9,spiral_T1_7,7.87,0.11,6.5041322314049586,76.2,0.38746126497272737,0,17.082515660850888,13.032049596463821,0.07921300152144832,0.06780083468583353,0.17744576119902675,2.780785061865643,22.878912586316932,0.4297517485982656,-0.3345021181935579,False,True,False,not applicable,False,0.8899160168144978,0.6131146435143501,0.7,1.0099620118159989,55.00924415133048,,351.7236888255041,9999.999999929663,0.7642538667918235,0.8131893620426145,1.8819549713396004
NGC7814,fixed_core,0.01,outer_holdout,True,18,4,2,14.4,0.66,2,90.0,1.0,74.529,2.54,1.07,12.15,218.9,1,spiral_T1_9,spiral_T1_7,19.53,0.63,7.6889763779527565,221.0,0.2876487837365709,0,-19.399198989507646,-19.54978894100593,0.022406542056074768,0.022546728971962617,-0.09065046256779274,-4.0255383194222025,17.404803410090715,-0.40786727299354464,-2.836781442904321e-15,True,False,False,not applicable,False,0.8327280814775517,0.6056794132901301,0.6671642825267972,1.0052700064965303,90.0,,4.423873155744736,199.78804425520727,-0.4078672729935418,0.8858685266679164,2.3443922736851106
UGC00128,fixed_core,0.01,outer_holdout,True,22,5,8,64.5,9.7,1,57.0,10.0,12.02,5.95,7.431,31.27,129.3,1,spiral_T1_9,late_T8_11,53.75,1.25,9.033613445378151,127.5,0.12419543667642524,0,-7.057462436795734,-5.702244785015594,0.026899571487173014,0.02062015503875969,-0.05386660477120553,-2.4390691017484896,7.220291818200657,-0.24774327582885786,-0.23843011923731472,False,False,False,not applicable,False,5.364887882120288,1.7197241597663802,0.7,1.4947205005184456,79.06004202663152,,18.94747996693034,106.8745227782054,-0.009313156591543137,0.9558615028590933,2.1055101847699738
UGC00191,fixed_core,0.01,outer_holdout,True,9,2,9,17.1,5.1,1,45.0,5.0,2.004,1.58,1.343,10.03,0.0,1,spiral_T1_9,late_T8_11,9.98,0.62,6.3164556962025316,57.6,0.24472710607981227,0,-14.81635651463968,-14.81635651463968,0.010090439276485789,0.010090439276485789,-0.1788106064094664,-17.39286426489668,304.5589278904799,-0.33773693707495467,0.11827631091123418,False,False,False,not applicable,False,0.3823257534778196,0.537793422136015,0.7,1.1140269791074198,46.19530001038205,,1.292573951451966,79.54950593128423,-0.45601324798618886,0.8004734543329485,1.760422483423212
UGC00731,fixed_core,0.01,outer_holdout,True,12,3,10,12.5,3.75,1,57.0,3.0,0.323,2.3,1.807,11.57,73.3,1,irregular_T10_11,late_T8_11,10.91,0.91,4.743478260869566,66.35,0.24415296599595537,0,-6.449707505586716,-6.035302636746778,0.04271781154401042,0.04363143631436315,-0.08727957334902268,-2.033972735087096,4.169937791913174,-0.19685589811181547,-0.007742019480537522,False,False,False,not applicable,False,1.967712882435104,0.5412910396384807,0.7,1.5903138647305313,58.97124044420914,,1.7003423226855263,71.21603687054775,-0.18911387863127796,0.676096914570749,1.8218409272004543
UGC01281,fixed_core,0.01,outer_holdout,True,25,5,8,5.27,0.24,2,90.0,1.0,0.353,1.63,0.294,5.26,55.2,1,spiral_T1_9,late_T8_11,4.99,0.08,3.0613496932515343,37.4,0.17792381466511326,0,-21.14473369063881,-21.884528844443203,0.07193969343836151,0.0718132854578097,-0.3799574604378931,-5.286183422659702,28.01650125940722,-0.002181163833118953,0.13738014082329086,True,False,False,not applicable,False,5.999999999999999,1.990535852767486,0.7,1.123955923569107,89.9999999999982,,0.0458249307186089,7.8148972115640145,-0.1395613046564098,0.4859129412194322,1.57287160220048
UGC02259,fixed_core,0.01,outer_holdout,True,8,2,8,10.5,3.1,1,41.0,3.0,1.725,1.62,0.494,7.28,86.2,2,spiral_T1_9,late_T8_11,8.14,1.02,5.0246913580246915,83.25,0.1748218135692565,1,-12.824413465089734,-12.824413465089734,0.029690449226123065,0.029690449226123065,-0.14352884612779473,-4.765820843615833,23.023419004435603,-0.453950584517942,0.14394410097171248,False,False,False,not applicable,False,1.566562111772697,0.6192138236919844,0.7,1.462508813951939,43.563357346978,,1.4417119096338775,83.7716024624524,-0.5978946854896545,0.7011093903465703,1.9203842421783575
UGC02487,fixed_core,0.01,outer_holdout,True,17,4,0,69.1,10.4,1,36.0,5.0,489.955,7.89,17.963,40.2,332.0,1,S0_T0,S0_T0,80.38,9.93,10.187579214195184,364.0,0.18538000679943453,0,-30.16248234460879,-30.299789872404688,0.025922822879308395,0.025529207740051116,-0.09094893015347502,-4.690548314240003,25.39386135928009,-0.4677052810843419,0.06107524558125139,False,False,False,not applicable,False,1.6851684949808308,0.6252483220720033,0.8113085064048392,1.1814498714443853,44.42584247490416,,16.452905292505093,300.266982128672,-0.5287805266655933,1.0080709986465957,2.561101383649056
UGC02885,fixed_core,0.01,outer_holdout,True,19,4,5,80.6,8.06,1,64.0,4.0,403.525,11.4,40.075,74.24,289.5,1,spiral_T1_9,spiral_T1_7,74.07,1.7,6.497368421052631,287.0,0.2637727538173956,0,-16.40515263894609,-16.29032316632012,0.03355704697986577,0.03355704697986577,-0.055050847781698296,-1.6405152638946092,2.871910582373856,-0.23366809971179273,3.0139548966282777e-13,False,False,False,not applicable,False,1.2101133144399276,0.6606650546860116,0.920240900148829,1.0934214759071603,66.48268854333881,,20.968239598718363,261.73219693702373,-0.23366809971209412,0.812737493315122,2.4578818967339924
UGC02916,fixed_core,0.01,outer_holdout,True,43,9,2,65.4,9.8,1,50.0,5.0,124.153,6.15,23.273,34.24,182.7,2,spiral_T1_9,spiral_T1_7,38.0,0.37,6.178861788617886,211.0,0.5284761147867493,1,1.2066859685134956,1.3004287694033678,0.05988960032953997,0.0613953488372093,0.005066587868978535,0.09942149218548085,0.3117220111204031,-0.23308185774139228,-0.1656396806308216,True,False,False,not applicable,False,5.999999999999999,1.990535852767486,0.1827955065264538,1.185153116034824,55.79651676072493,,0.3439139037516033,214.51269337097355,-0.06744217711057068,0.7909084808413934,2.3242824552976926
UGC02953,fixed_core,0.01,outer_holdout,True,115,23,2,16.5,4.95,1,50.0,4.0,259.518,3.55,7.678,24.0,264.9,2,spiral_T1_9,spiral_T1_7,62.39,0.09,17.574647887323945,266.0,0.25860770708437164,1,-23.760857143186918,-20.182922980612716,0.01557906579032904,0.01698473282442748,-0.09009226358775951,-5.495372232419922,43.063202683178126,-0.39707524974208597,-0.009542616140953985,False,False,False,not applicable,False,1.315933247113694,0.676960500455293,0.5580665986017491,1.1716865742899216,51.010533444433136,,11.354115338345146,238.1194116842562,-0.387532633601132,1.2448866325752692,2.424881636631067
UGC03205,fixed_core,0.01,outer_holdout,True,48,10,2,50.0,10.0,1,67.0,4.0,113.642,3.19,9.677,28.6,219.6,1,spiral_T1_9,spiral_T1_7,40.04,0.28,12.551724137931034,221.0,0.3771670627882776,0,28.80100813584172,22.458053178159673,0.016410173201681595,0.011617326901733118,0.13394668376303795,10.397924513091489,180.91180315077094,0.35763744274030523,-0.02297249593157377,False,True,False,not applicable,False,1.6089734616392946,0.6768668239334832,0.8783561320951033,1.321794692327859,69.25006342186472,,833.20191128548,9999.99999919562,0.380609938671879,1.0987033857500998,2.3443922736851106
UGC03546,fixed_core,0.01,outer_holdout,True,30,6,1,28.7,7.2,1,55.0,5.0,101.336,3.79,2.675,18.37,196.9,1,spiral_T1_9,spiral_T1_7,29.23,0.63,7.712401055408971,204.5,0.4117708455180804,0,-12.271189333669668,-8.87389642814432,0.04008487361184549,0.024435032894736843,-0.06392493230428736,-1.5394688981874383,3.5863262295764478,-0.4217424397398932,-0.027003298710474716,False,False,False,not applicable,False,1.1686022367280724,0.6155753310034016,0.5348571629187143,0.928526568828153,54.33973174894552,,6.045839094706576,174.03874337728277,-0.39473914102941854,0.8871896053893641,2.3106933123433606
UGC03580,fixed_core,0.01,outer_holdout,True,47,10,1,20.7,5.2,1,63.0,4.0,13.266,2.43,4.37,19.97,126.2,2,spiral_T1_9,spiral_T1_7,27.06,0.11,11.1358024691358,91.4,0.3161361252057884,1,-19.718939590195173,-20.37352278193525,0.013175037650649712,0.012943928571428572,-0.15686132475162187,-11.160857144486338,181.97791357637647,-0.3065255208901066,0.16483988132735075,False,False,False,not applicable,False,3.769922247524671,0.970696990157399,0.2938365493520348,0.6457012314698329,61.91980756077708,,4.380335905847344,110.6560057857625,-0.4713654022174574,1.0467215186632919,1.9609461957338314
UGC04278,fixed_core,0.01,outer_holdout,True,25,5,7,9.51,2.85,1,90.0,3.0,1.307,2.21,1.116,8.9,91.4,1,spiral_T1_9,spiral_T1_7,6.69,0.14,3.0271493212669687,53.7,0.16641184029013883,0,9.944640248555226,12.010056352730757,0.12147590370016637,0.09428879310344827,0.11030388167042408,1.4125174366825828,3.2411323422480507,1.1149256892280957,0.5460558706991969,True,False,False,not applicable,False,1.5373809161908512,0.712374058422162,0.7,1.4153270485099587,89.99999999999909,,11.437369689655762,274.3404265954863,0.5688698185288987,0.48103384408271244,1.7299742856995557
UGC04325,fixed_core,0.01,outer_holdout,True,8,2,9,9.6,2.88,1,41.0,3.0,2.026,1.86,0.678,6.61,90.9,1,spiral_T1_9,late_T8_11,5.59,0.7,3.005376344086021,89.4,0.2256648989220341,0,-9.779365428134248,-9.779365428134248,0.033117583603020494,0.033117583603020494,-0.10628138736830256,-3.2063493206997538,10.473932676376332,-0.35250952321687795,-0.09738989498018845,False,False,False,not applicable,False,0.2691409339990425,0.5138042148592433,0.7,1.0807422801997126,41.346156649987606,,1.0180269930790984,95.1432074024192,-0.2551196282366895,0.4778988636685069,1.9513375187959177
UGC04483,fixed_core,0.01,outer_holdout,True,8,2,10,3.34,0.31,2,58.0,3.0,0.013,0.18,0.032,1.46,0.0,2,irregular_T10_11,late_T8_11,1.21,0.08,6.722222222222222,20.8,0.30536472918516494,1,-2.2305899228850485,-2.2305899228850485,0.07129799680304731,0.07129799680304731,-0.0919976703474279,-1.4372979372384727,2.327837298511382,-0.13890086999277268,-0.029075029975753536,False,False,False,not applicable,False,0.0296302855764328,0.4966002979408115,0.7,0.9991202114790622,57.97995335273343,,0.3102990079843075,21.440944454764644,-0.10982584001701914,0.827512865213144,1.3180633349627615
UGC04499,fixed_core,0.01,outer_holdout,True,9,2,8,12.5,3.75,1,50.0,3.0,1.552,1.73,1.1,8.67,72.8,1,spiral_T1_9,late_T8_11,8.18,0.91,4.728323699421965,66.9,0.2861925053369789,0,-4.025187728911284,-4.025187728911284,0.03611230970641861,0.03611230970641861,-0.05443945340323658,-1.5095903833901854,2.4602296050183696,-0.15800077893277542,0.11625079832568981,False,False,False,not applicable,False,0.1659941297342833,0.5194807002830809,0.7,1.0202494498092052,50.060382376455706,,2.0668543314531136,69.99955479474143,-0.2742515772584652,0.6747072005425275,1.825426117767823
UGC05005,fixed_core,0.01,outer_holdout,True,11,3,10,53.7,10.7,1,41.0,10.0,4.1,3.2,3.093,21.61,98.9,1,irregular_T10_11,late_T8_11,28.61,0.78,8.940624999999999,72.5,0.18640914733908062,0,-6.190674460077342,-5.355242158666513,0.10050393176414694,0.10060362173038229,-0.062270014560535936,-0.6190674460077341,0.44593697266905563,-0.22588709974835242,-0.016764685651042364,False,False,False,not applicable,False,0.1031217645338667,0.5064581654518571,0.7,1.0104629680338464,42.03121764533866,,6.61664103530954,100.64970570067496,-0.20912241409731006,0.9513678794853566,1.8603380065709938
UGC05253,fixed_core,0.01,outer_holdout,True,73,15,2,22.9,5.72,1,37.0,4.0,171.582,8.07,16.396,36.64,213.7,2,spiral_T1_9,spiral_T1_7,53.29,0.13,6.603469640644361,246.0,0.3933591395251978,1,-36.251231921515924,-39.68896299831127,0.028606285467253547,0.01889344262295082,-0.16125201962212246,-8.08584837052393,86.12513356345266,-0.37966357187212985,-0.1435404189777359,False,False,False,not applicable,False,0.325238102076088,0.5388821702679611,0.6782590408212533,1.0423286343404206,37.51444460357611,,6.04544391394731,190.9674463122407,-0.23612315289439395,0.8197721855188413,2.3909351071033793
UGC05716,fixed_core,0.01,outer_holdout,True,12,3,9,21.3,5.3,1,54.0,10.0,0.588,1.14,1.094,10.64,73.1,2,spiral_T1_9,late_T8_11,12.37,1.03,10.850877192982457,69.95,0.18186381409976057,1,-2.1617284872440288,-1.5572323573317703,0.01761433726297622,0.014657534246575343,-0.02902664907058861,-1.1121213844141207,3.174546953057739,-0.29736653741338975,0.16366608060499152,False,False,False,not applicable,False,3.327977962281384,1.075889825690564,0.7,1.596176487438656,71.72113373252692,,3.275225162578432,62.59986690332571,-0.46103261801838125,1.035464848292648,1.8447877188278465
UGC05721,fixed_core,0.01,outer_holdout,True,23,5,7,6.18,1.85,1,61.0,5.0,0.531,0.38,0.562,6.74,79.7,1,spiral_T1_9,spiral_T1_7,6.74,0.09,17.736842105263158,78.3,0.12487903428935179,0,-10.884268518217919,-10.937990979922475,0.05807066987967234,0.05814249363867685,-0.13806206944687022,-2.3816780127391506,6.202289062237651,-0.382966078350254,0.05121548684055207,False,False,False,not applicable,False,1.0594817233056022,0.6235359910361079,0.7,1.317158768303457,63.06684482534055,,0.9631560387005308,88.3226057063893,-0.43418156519080603,1.2488762999185097,1.8937617620579434
UGC05750,fixed_core,0.01,outer_holdout,True,11,3,8,58.7,11.7,1,64.0,10.0,3.336,3.46,1.099,16.79,0.0,1,spiral_T1_9,late_T8_11,22.85,0.31,6.604046242774567,49.8,0.24245941896824758,0,-2.4504501362548865,-0.7525794188082671,0.1491273649676602,0.14175257731958765,-0.03079354627043932,-0.22575652793578607,0.16298668553372567,-0.06415435864705994,0.06627077028091537,False,False,False,not applicable,False,0.0485869558400377,0.494437394001241,0.7,0.9912939192802114,63.62397562654504,,4.614174581765294,79.95629054630201,-0.1304251289279753,0.8198101056130924,1.6972293427597176
UGC05764,fixed_core,0.01,outer_holdout,True,10,2,10,7.47,2.24,1,60.0,10.0,0.085,1.17,0.163,3.51,0.0,2,irregular_T10_11,late_T8_11,3.62,0.36,3.094017094017094,49.95,0.17285138301472214,1,0.7989485207741929,0.7989485207741929,0.05425551102204409,0.05425551102204409,0.015976438847615525,0.30252256886346984,0.21271255470052125,-0.36697972237133664,-0.019112775650419644,False,False,False,not applicable,False,1.0424403797783304,0.5615064883091471,0.7,1.3125925636818554,66.82012063710802,,0.7942730070941292,56.16393078720433,-0.347866946720917,0.4905227087870041,1.698535492562001
UGC05829,fixed_core,0.01,outer_holdout,True,11,3,10,8.64,2.59,1,34.0,10.0,0.564,1.99,1.023,7.87,0.0,2,irregular_T10_11,late_T8_11,6.91,0.63,3.472361809045226,47.9,0.30503937330639175,1,-8.216148331571846,-8.508228787115122,0.07808529002012321,0.07713414634146341,-0.12433065468393557,-1.6237447295596537,3.023440441644592,0.020131426891755316,0.6104630227867022,False,False,False,not applicable,False,0.2825680544582104,0.5032891880994902,0.7,1.051787261027693,36.825680544582106,,1.5662407207064593,50.81680744435898,-0.5903315958949469,0.5406249709644918,1.6803355134145632
UGC05918,fixed_core,0.01,outer_holdout,True,8,2,10,7.66,2.3,1,46.0,5.0,0.233,1.66,0.297,5.9,0.0,2,irregular_T10_11,late_T8_11,4.46,0.56,2.6867469879518073,38.099999999999994,0.18491850162004891,1,-5.495091180598628,-5.495091180598628,0.0902840639341668,0.0902840639341668,-0.12555274267189362,-1.3982420306866739,2.076488576643703,-0.16426894177777762,0.3252158919863043,False,False,False,not applicable,False,0.0421660411374821,0.5006746461726044,0.7,1.0126608217514632,46.11934424953561,,0.960415265136148,42.59983915894607,-0.4894848337640819,0.4292267706720868,1.5809249756756192
UGC05986,fixed_core,0.01,outer_holdout,True,15,3,9,8.63,2.59,1,90.0,3.0,4.695,1.67,2.667,16.53,113.0,2,spiral_T1_9,late_T8_11,9.41,0.63,5.634730538922156,109.0,0.17039351471744255,1,-1.9061627141134494,-1.7978282777948635,0.04648501518844698,0.04678899082568807,-0.017410936980998163,-0.4046093702686328,0.18122471707835866,-0.30013614627903595,-0.3211033234235446,True,False,False,not applicable,False,0.0904741879901277,0.5105254809539582,0.7,1.003290266856868,89.99999999976562,,2.2570220608186893,121.58309494983084,0.02096717714450863,0.7508731522796737,2.037426497940624
UGC06399,fixed_core,0.01,outer_holdout,True,9,2,9,18.0,2.5,4,75.0,2.0,2.296,2.05,0.674,8.8,85.0,1,spiral_T1_9,late_T8_11,7.85,0.87,3.829268292682927,77.5,0.20608301625687842,0,-4.531243775602995,-4.531243775602995,0.05658953185678318,0.05658953185678318,-0.052083707253770845,-0.9247436276740806,0.99814389354453,-0.1769548423236066,0.19661848626267184,False,False,False,not applicable,False,0.0350399050013468,0.5040504361112268,0.7,1.0033878524471942,75.00658994114596,,2.196212841186924,86.43564756626104,-0.37357332858627845,0.5831157956894982,1.8893017025063104
UGC06446,fixed_core,0.01,outer_holdout,True,17,4,7,12.0,3.6,1,51.0,3.0,0.988,1.49,1.379,10.33,82.2,1,spiral_T1_9,spiral_T1_7,10.22,0.58,6.859060402684564,80.1,0.20236831410194617,0,-9.27000607935097,-9.519081510249258,0.08724783794129304,0.07468889725339903,-0.11158953886233342,-1.3862827089090881,2.0676891497247056,-0.3856444949330188,-0.26850924601242443,False,False,False,not applicable,False,1.6237633614047735,0.6820953354436775,0.7,1.487129008421432,52.91164553906559,,1.7399452525834846,79.84417076529229,-0.11713524892059435,0.8362646273864199,1.9036325160842376
UGC06614,fixed_core,0.01,outer_holdout,True,13,3,1,88.7,8.87,1,36.0,10.0,124.35,5.1,21.888,60.63,199.8,1,spiral_T1_9,spiral_T1_7,64.59,3.23,12.664705882352942,193.0,0.2647051215567101,0,-12.284290617865906,-9.34202701355909,0.08037787279445305,0.0784313725490196,-0.06016778266676537,-0.7656861211995638,0.9937057734678424,-0.21464383846535595,0.016279740661471122,False,False,False,not applicable,False,0.1433402307303841,0.4967690597271782,0.6945744739553972,0.9971626627579794,34.56659769269616,,14.055268856062144,203.42569097294063,-0.23092357912682707,1.1025951084452132,2.285557309007774
UGC06667,fixed_core,0.01,outer_holdout,True,9,2,6,18.0,2.5,4,89.0,1.0,1.397,5.15,0.809,8.59,83.8,1,spiral_T1_9,spiral_T1_7,7.85,0.87,1.524271844660194,77.3,0.12067435587767156,0,-5.333431213199454,-5.333431213199454,0.03748369826343606,0.03748369826343606,-0.06241261498836494,-1.6416557215735528,2.855565566419442,-0.268229896757292,0.06982161489258355,False,False,False,not applicable,False,0.0291012781962761,0.5033616588198048,0.7,0.9987228211852228,88.9999596988571,,2.021964270962994,90.581396367451,-0.3380515116498755,0.18306242770406148,1.888179493918325
UGC06786,fixed_core,0.01,outer_holdout,True,45,9,0,29.3,7.32,1,64.0,3.0,73.407,3.6,5.03,20.31,219.4,1,S0_T0,S0_T0,34.05,0.16,9.458333333333332,218.0,0.21882340962487276,0,-11.704136321342295,-12.896953054364673,0.019243234182359164,0.012455357142857143,-0.05369247413882859,-3.007202923401401,16.138271742796483,-0.2935544712543948,-0.09690430038353784,False,False,False,not applicable,False,1.6648513803167906,0.7335929387794621,0.677867117632851,1.3050466702483592,64.93707675466327,,7.374756644420485,209.42908077604463,-0.19665017087085698,0.9758146154815166,2.3384564936046046
UGC06787,fixed_core,0.01,outer_holdout,True,71,15,2,21.3,5.32,1,66.0,3.0,98.256,5.37,5.03,26.44,248.1,2,spiral_T1_9,spiral_T1_7,37.19,0.12,6.925512104283054,238.0,0.22877949993764468,1,-65.4668743229958,-69.5004552020336,0.0118925201669066,0.012175732217573223,-0.2640239310080564,-22.84287675218672,600.0160113643976,-0.47041146580922105,0.11969038297577228,False,False,False,not applicable,False,1.7375626090417282,0.3351303371406119,0.8130095922936799,0.7570842236565334,65.57943233797103,,3.8702690842283225,246.84188574441472,-0.5901018487849934,0.840451892659417,2.376576957056512
UGC06818,fixed_core,0.01,outer_holdout,True,8,2,9,18.0,2.5,4,75.0,3.0,1.588,1.39,1.079,6.96,71.2,2,spiral_T1_9,late_T8_11,6.98,0.87,5.02158273381295,55.45,0.2113258565048605,1,11.962725391185366,11.962725391185366,0.08437544408128464,0.08437544408128464,0.16722923116857896,1.993787565197561,4.046691963577109,0.8593286111444752,0.6646432088380934,False,True,False,not applicable,False,0.6044024396047981,0.4350405711111885,0.7,0.9486621951904042,74.78426754926659,,487.72336003897067,9999.999999998448,0.19468540230638187,0.7008406223690661,1.743901550485179
UGC06917,fixed_core,0.01,outer_holdout,True,11,3,9,18.0,2.5,4,56.0,2.0,6.832,2.76,2.023,12.67,108.7,1,spiral_T1_9,late_T8_11,10.47,1.74,3.793478260869566,100.0,0.25407438842593283,0,-10.323738715960195,-11.83791613938034,0.04556491556491557,0.04454545454545455,-0.09426489516324714,-2.019625116327059,4.297988465120601,-0.12455347633840147,0.30707232289456715,False,False,False,not applicable,False,0.237662065056688,0.5281243731834515,0.7,1.021462148336341,56.106603386559584,,2.3946536407251213,101.65058616070336,-0.4316257992329686,0.5790375996136247,2.0
UGC06930,fixed_core,0.01,outer_holdout,True,10,2,7,18.0,2.5,4,32.0,5.0,8.932,3.94,3.237,16.76,107.2,1,spiral_T1_9,spiral_T1_7,16.61,1.74,4.215736040609137,105.0,0.28809079861111114,0,-13.182612178895617,-13.182612178895617,0.06851851851851852,0.06851851851851852,-0.12206122387866312,-1.7814340782291374,3.2089895978562746,-0.5103233020661123,0.0,False,False,False,not applicable,False,0.6103825110843492,0.5469858637559522,0.7,1.045278485253628,35.051912555421744,,3.108802332246002,100.26725420691396,-0.5103233020661123,0.6248734106258204,2.0211892990699383
UGC06983,fixed_core,0.01,outer_holdout,True,17,4,6,18.0,2.5,4,49.0,1.0,5.298,3.21,2.967,16.07,109.0,1,spiral_T1_9,spiral_T1_7,15.68,1.74,4.8847352024922115,108.0,0.22347473519283745,0,-9.040787323884299,-8.55506808525432,0.09330615018688412,0.09074074074074075,-0.0833063680786724,-0.8745854425840828,0.794391997499051,-0.4191842014127064,-0.0017753814133636405,False,False,False,not applicable,False,1.7317928572822838,0.7449880218192707,0.7,1.1395270291134805,49.247924686070974,,3.067044361094031,107.50158601142618,-0.41740881999934276,0.6888410259435476,2.03342375548695
UGC07089,fixed_core,0.01,outer_holdout,True,12,3,8,18.0,2.5,4,80.0,3.0,3.585,2.26,1.214,9.29,0.0,2,spiral_T1_9,late_T8_11,9.16,0.87,4.053097345132744,66.2,0.30942208618302114,1,-5.086724327977099,-5.704030215049869,0.08455482281458913,0.08276797829036635,-0.06540166544646446,-0.766363260347485,0.6821756455149627,-0.0010827615297613114,0.4632747060009431,False,False,False,not applicable,False,0.1709892849239506,0.520078538774227,0.7,1.0158646909007518,80.04606303408804,,3.146655386526107,67.4500018950803,-0.46435746753070445,0.6077870345204496,1.8208579894397
UGC07125,fixed_core,0.01,outer_holdout,True,13,3,9,19.8,5.9,1,90.0,3.0,2.712,3.38,4.629,23.04,65.2,1,spiral_T1_9,late_T8_11,18.68,1.44,5.5266272189349115,61.5,0.4483119317793022,0,-3.5802908226009933,-2.283927588196697,0.049882735467817206,0.049462365591397855,-0.05503979042272399,-1.0724423190954602,1.4754578326372165,-0.5132946023043883,-0.05602366941816949,True,False,False,not applicable,False,0.3995969257296752,0.539365616858267,0.7,1.119071811202277,89.99999999999817,,3.798474594537952,55.81665769632267,-0.4572709328862188,0.7424601716164199,1.7888751157754168
UGC07151,fixed_core,0.01,outer_holdout,True,11,3,6,6.87,0.34,2,90.0,3.0,2.284,1.25,0.616,6.39,73.5,1,spiral_T1_9,spiral_T1_7,5.5,0.5,4.4,67.2,0.3329463804370862,0,-8.770169271547061,-8.68664907365735,0.04398599767293767,0.04427586206896552,-0.11757944620431178,-2.694370368239539,7.782178180770379,-0.13439095374959953,0.24363893794442815,True,False,False,not applicable,False,0.0698611117775295,0.5081080967794663,0.7,1.0011498487992136,89.9999999999707,,1.046232597614272,66.39519425595044,-0.3780298916940277,0.6434526764861874,1.8273692730538253
UGC07323,fixed_core,0.01,outer_holdout,True,10,2,8,8.0,2.4,1,47.0,3.0,4.109,2.26,0.722,7.14,0.0,1,spiral_T1_9,late_T8_11,5.82,0.58,2.5752212389380533,62.5,0.3757392656325991,0,1.029715114510843,1.029715114510843,0.04597470540430719,0.04597470540430719,0.012282382518871295,0.26607625697954596,0.07500753262316215,0.25223339653030147,0.311137973397341,False,False,False,not applicable,False,0.4563192239567711,0.5467396499561336,0.7,1.1368957671870312,47.49785527391184,,2.9628238014675445,80.58040804556757,-0.05890457686703954,0.4108145455024876,1.7958800173440752
UGC07399,fixed_core,0.01,outer_holdout,True,10,2,8,8.43,2.53,1,55.0,3.0,1.156,1.64,0.745,7.85,103.0,1,spiral_T1_9,late_T8_11,6.13,0.61,3.7378048780487805,93.4,0.10772522061740031,0,-15.919517766694575,-15.919517766694575,0.046841454478842276,0.046841454478842276,-0.15195722037640597,-3.2435277950053356,10.840816635515019,-0.3261118677225258,0.273907248877561,False,False,False,not applicable,False,2.0007973990659247,0.7925921090602344,0.7,1.5155753398398382,56.784520576049744,,1.2837320912250552,98.64270343180073,-0.6000191166000868,0.5726166264707172,1.9703468762300933
UGC07524,fixed_core,0.01,outer_holdout,True,31,7,9,4.74,0.24,2,46.0,3.0,2.436,3.46,1.779,12.11,79.5,1,spiral_T1_9,late_T8_11,10.69,0.35,3.0895953757225434,70.2,0.2648692110047727,0,-4.03350645387233,-3.410888220294197,0.04224419142501462,0.04221668742216688,-0.04955313648910463,-1.1389669691133817,1.4496854112301036,-0.05350876732540937,0.16322396722719865,False,False,False,not applicable,False,1.2119874830211577,0.6609502217664573,0.7,1.0133805193578644,47.521441230388895,,2.4991705586589736,75.5236842554847,-0.21673273455260803,0.4899016064160014,1.8463371121298053
UGC07577,fixed_core,0.01,outer_holdout,True,9,2,10,2.59,0.13,2,63.0,3.0,0.045,0.9,0.044,2.07,0.0,2,irregular_T10_11,late_T8_11,1.69,0.19,1.8777777777777778,10.7,0.6283380799810133,1,-4.012738158917421,-4.012738158917421,0.18873047841141966,0.18873047841141966,-0.23530596878736865,-1.2658479996584926,1.7167174715207596,-0.16869588782315134,1.0023128445965936,False,False,False,not applicable,False,0.1434827558041115,0.5167949722919478,0.7,1.0027991000953222,63.176985238674064,,0.1353799571923979,4.733134100263455,-1.171008732419745,0.2736441951743487,1.0293837776852097
UGC07603,fixed_core,0.01,outer_holdout,True,12,3,7,4.7,1.41,1,78.0,3.0,0.376,0.53,0.258,4.37,61.6,1,spiral_T1_9,spiral_T1_7,4.11,0.34,7.754716981132075,60.25,0.13732082370150345,0,-5.228784502254942,-5.303088322642758,0.046007045263905026,0.04587301587301588,-0.08264906198773274,-1.8092679938598415,3.8900468023562635,-0.28866941855925293,0.21721447661984408,False,False,False,not applicable,False,0.0127647108406716,0.5014717534619816,0.7,1.001992977552334,78.00148152926259,,0.9814264219568434,65.42647022852587,-0.505883895179097,0.8895659522752801,1.779957051246906
UGC08286,fixed_core,0.01,outer_holdout,True,17,4,6,6.5,0.21,2,90.0,3.0,1.255,1.05,0.642,8.07,82.4,1,spiral_T1_9,spiral_T1_7,8.04,0.47,7.657142857142856,79.3,0.15096830726675842,0,-12.080898292574624,-11.8751223200113,0.023955304790420594,0.02395240499357444,-0.1442138207522345,-6.027217531191292,37.53690309677445,-0.33952345899130837,0.06609657020885785,True,False,False,not applicable,False,0.4611017945828239,0.5560069033541631,0.7,1.0054282043868652,89.9999999999707,,1.4303051117698706,88.28367200005948,-0.4056200292001662,0.8840667496785131,1.8992731873176039
UGC08490,fixed_core,0.01,outer_holdout,True,30,6,9,4.65,0.53,2,50.0,3.0,1.017,0.67,0.72,7.8,78.6,1,spiral_T1_9,late_T8_11,10.15,0.34,15.149253731343283,78.5,0.12881128674338999,0,-4.471916091157432,-4.263756262471013,0.047544862704096746,0.04755154639175258,-0.057676829268244356,-1.2119013797174611,1.6008953636802208,-0.38016127286605833,-0.09711035129065844,False,False,False,not applicable,False,3.9094118297612384,1.2300172080836032,0.7,1.1906349965509078,53.98946122183845,,2.2607309786941028,78.94562440431106,-0.2830509215753999,1.1803912395484053,1.8948696567452525
UGC08550,fixed_core,0.01,outer_holdout,True,11,3,7,6.7,2.0,1,90.0,3.0,0.289,0.45,0.288,5.59,56.9,1,spiral_T1_9,spiral_T1_7,5.36,0.49,11.911111111111111,51.6,0.16223941297927502,0,-2.791955801590497,-3.031479896026866,0.03614698263892444,0.034904013961605584,-0.048501896847346564,-1.3384936151018882,1.8306450085759316,-0.007934382472761103,-0.02725535751500591,True,False,False,not applicable,False,2.4970298797866617,0.8885318343020295,0.7,1.5959726377324697,90.0,,1.4374147905060348,52.71665497612504,0.01932097504224481,1.0759522759174263,1.7126497016272113
UGC08699,fixed_core,0.01,outer_holdout,True,41,9,2,39.3,9.82,1,73.0,9.0,50.302,3.09,3.738,19.05,182.4,2,spiral_T1_9,spiral_T1_7,25.7,0.22,8.31715210355987,184.0,0.37627120585364277,1,-26.866353548898815,-25.60848525051452,0.031855544279108076,0.03463276836158192,-0.14877814340902154,-4.902501603812198,35.39307681357392,-0.43408689113459803,-0.003013161443096242,False,False,False,not applicable,False,1.881189873650408,0.7710614518232743,0.5545930292230126,1.1953640542711703,75.69634708894175,,3.7803117565478574,125.93316144588944,-0.43107372969150176,0.9199746439064599,2.2648178230095364
UGC08837,fixed_core,0.01,outer_holdout,True,8,2,10,7.21,0.36,2,80.0,5.0,0.501,1.72,0.32,4.75,0.0,2,irregular_T10_11,late_T8_11,4.2,0.52,2.4418604651162794,31.7,0.3679550297458085,1,0.7432660004530902,0.7432660004530902,0.06504828326180256,0.06504828326180256,0.015126958422916885,0.25682806614574116,0.4500350665583688,0.8154167558834045,0.22395454854037516,False,True,False,not applicable,False,0.2997502602492168,0.466653984425598,0.7,0.9972416855603212,79.8272287956346,,583.1607526368275,9999.999999987149,0.5914622073430293,0.38772084349035163,1.5010592622177514
UGC09037,fixed_core,0.01,outer_holdout,True,22,5,6,83.6,8.4,1,65.0,5.0,68.614,4.28,19.078,39.72,152.3,2,spiral_T1_9,spiral_T1_7,27.96,2.43,6.5327102803738315,147.0,0.4319028865034747,1,-2.306745254864461,-3.933009696431867,0.08940179801534784,0.08933333333333333,-0.014391382974031142,-0.26169467248644124,0.1606531989830894,-0.20527197405237788,-0.3006119024640184,False,False,False,not applicable,False,1.6208413606777512,0.3442594481717513,0.7,0.9177658457078316,61.45071884599294,,7.0773072080917006,149.3996889657136,0.09533992841164055,0.8150933980604718,2.167317334748176
UGC09133,fixed_core,0.01,outer_holdout,True,68,14,2,57.1,11.4,1,53.0,6.0,282.926,6.97,33.428,60.35,226.8,1,spiral_T1_9,spiral_T1_7,108.31,0.32,15.53945480631277,279.0,0.23580249890422966,0,15.986840872866383,18.646881932710983,0.012392814798643279,0.013127753303964757,0.07054977811683882,8.093665847194787,99.6782732856102,-0.05454487408427761,-0.12225861669749806,False,False,False,not applicable,False,5.247770025464547,0.5310363596704846,0.2090841143144454,1.6292395716880073,66.8311845567057,,33.20204351935783,235.39648101011525,0.06771374261322044,1.1914357777362312,2.4456042032735974
UGC11455,fixed_core,0.01,outer_holdout,True,36,8,6,78.6,11.8,1,90.0,1.0,374.322,5.93,13.335,43.44,269.4,1,spiral_T1_9,spiral_T1_7,41.93,0.62,7.070826306913997,262.5,0.4795965716731458,0,-37.01531218196424,-38.006066201377934,0.023936067527881473,0.022876800157822057,-0.13699278939513976,-5.783147204250736,41.059539545090594,-0.5149126379210742,0.004967860275470333,True,False,False,not applicable,False,1.4877652135154051,0.3549714977310564,0.7,0.8359422260991201,89.99999999992187,,6.209607519395016,271.37633925884165,-0.5198804981965446,0.8494701690393056,2.4191293077419758
UGC11557,fixed_core,0.01,outer_holdout,True,12,3,8,24.2,6.05,1,30.0,10.0,12.101,2.75,2.605,16.66,0.0,2,spiral_T1_9,late_T8_11,10.56,0.33,3.8400000000000003,64.9,0.7069414367911382,1,35.340983961394585,35.41374057921733,0.08239507865009744,0.08210784313725492,0.4293487667030346,5.274773725581281,31.763017505431907,0.8322765598484878,0.19433114475703797,False,True,False,not applicable,False,1.058554135645981,0.4728813990252278,0.7,0.9280197729111356,19.414458643540183,,469.638682978516,9999.999885294485,0.6379454150914499,0.5843312243675308,1.8122446968003694
UGC11820,fixed_core,0.01,outer_holdout,True,10,2,9,18.1,5.43,1,45.0,10.0,0.97,2.08,1.977,12.99,0.0,1,spiral_T1_9,late_T8_11,15.82,0.26,7.605769230769231,51.875,0.22462527073954858,0,-10.452402151244698,-10.452402151244698,0.012248376371999818,0.012248376371999818,-0.1255297243941822,-10.267041193991671,105.41688155058952,-0.1945690743309579,0.20811378774694256,False,False,False,not applicable,False,1.9234568819819404,0.7700306616307645,0.7,1.577037064594582,62.99112472925185,,3.201926155938525,50.61723711930596,-0.4026828620779005,0.8811431441988962,1.7149581097201492
UGC11914,fixed_core,0.01,outer_holdout,True,65,13,2,16.9,5.1,1,31.0,5.0,150.028,2.44,0.888,9.26,288.1,1,spiral_T1_9,spiral_T1_7,9.83,0.28,4.028688524590164,288.0,0.6263765522730962,0,-14.567019584634266,-6.173283014772608,0.02896761950510017,0.028056537102473498,-0.04956626461069568,-4.4241031386382295,60.40114457488323,-0.2749588931724575,0.14680534225150813,False,False,False,not applicable,False,1.608090881551245,0.7240675633863694,0.5107459966497818,1.1054690857788552,32.737766907922065,,0.4436810499780192,170.83694810692063,-0.42176423542396557,0.6051636914934062,2.459392487759231
UGC12506,fixed_core,0.01,outer_holdout,True,31,7,6,100.6,10.1,1,86.0,4.0,139.571,7.38,35.556,59.01,234.0,2,spiral_T1_9,spiral_T1_7,49.99,0.82,6.773712737127371,238.0,0.23453830465152922,1,20.871914540416274,20.646253938010204,0.06329973802423053,0.05879828326180257,0.0910704205395642,1.5889506130493045,2.9777973653875556,0.12770996732974874,-0.18167940223551438,False,False,False,not applicable,False,4.786108045493462,1.5051535556694788,0.7,1.1907707454553966,86.7211035297116,,29.825544735293928,241.15870945727656,0.3093893695652631,0.8308267749295487,2.376576957056512
UGC12632,fixed_core,0.01,outer_holdout,True,15,3,9,9.77,2.93,1,46.0,3.0,1.301,2.42,1.744,12.6,71.7,1,spiral_T1_9,late_T8_11,10.66,0.71,4.404958677685951,65.5,0.23331639518552516,0,-5.994485911525184,-5.8118569614572095,0.03921455063571708,0.038493150684931504,-0.08200685914127609,-2.098837873242577,4.477864465216995,-0.16392553278863878,-0.009906464206273858,False,False,False,not applicable,False,0.7372107590901544,0.5319425591938952,0.7,1.221087771149862,46.88297709352407,,2.1484741433146057,71.04087759027034,-0.15401906858236492,0.6439418387101222,1.816241299991783
UGC12732,fixed_core,0.01,outer_holdout,True,16,4,9,13.2,4.0,1,39.0,6.0,1.667,1.98,3.66,17.41,0.0,1,spiral_T1_9,late_T8_11,15.4,0.96,7.777777777777778,79.8,0.20854321549181762,0,-5.738718732087598,-5.6283080632729465,0.03544335741741987,0.035151417302857674,-0.06069006640394908,-1.7712334397216098,3.7583072702302465,0.2259556360672308,0.5405791683944547,False,False,False,not applicable,False,1.9961279249922972,0.7917403829744629,0.7,1.5488772105505766,49.08355483340021,,3.259865869273426,71.30588151159328,-0.31462353232722395,0.8908555305749319,1.9020028913507294
UGCA442,fixed_core,0.01,outer_holdout,True,8,2,9,4.35,0.22,2,64.0,7.0,0.14,1.18,0.263,4.37,56.4,1,spiral_T1_9,late_T8_11,6.33,0.42,5.364406779661017,51.9,0.126702775349912,0,-4.455737732458257,-4.455737732458257,0.03023318124751202,0.03023318124751202,-0.07806913088203138,-4.492720952518219,29.695805374228485,-0.29462578455759136,-0.15775939663274577,False,False,False,not applicable,False,0.1050768547266484,0.5122449549946705,0.7,1.0012609575532527,64.40443154360868,,1.7449676661039368,58.578052229307175,-0.1368663879248456,0.7295217027112297,1.7151673578484579
UGCA444,fixed_core,0.01,outer_holdout,True,36,8,10,0.98,0.05,2,78.0,4.0,0.012,0.83,0.067,2.08,37.0,2,irregular_T10_11,late_T8_11,2.62,0.12,3.1566265060240966,27.85,0.2168806326598016,1,-6.423934307193871,-6.62034987991197,0.15086615265107622,0.1426242781021665,-0.17653519544882285,-1.1654236793650075,1.4317258603109213,-0.3584266845833893,0.5462010636563984,False,False,False,not applicable,False,0.0763669175790423,0.5088698218164212,0.7,0.9967837812310764,77.85193667018649,,0.6500493104723658,30.54494782934601,-0.9046277482397878,0.49922319894367156,1.4448251995097476
CamB,nfw,0.01,fullfit_outer_third,False,9,3,10,3.36,0.26,2,65.0,5.0,0.075,0.47,0.012,1.21,0.0,2,irregular_T10_11,late_T8_11,1.79,0.16,3.808510638297873,10.9,0.6791787131519273,1,-2.533969172622762,-1.89838325059098,0.0886511320946289,0.08928571428571429,-0.13395840271668466,-1.689312781748508,4.903114900607406,0.04485578228758686,0.817011099445087,False,True,False,not applicable,False,1.2702388617449458,0.3732038524475825,0.7,0.939951542773219,60.30988910930001,,4999.999999999995,756.9635751771315,-0.7721553171575001,0.5807551730441758,1.0374264979406236
D512-2,nfw,0.01,fullfit_outer_third,False,4,2,10,15.2,4.56,1,56.0,10.0,0.325,1.24,0.081,0.0,0.0,2,irregular_T10_11,late_T8_11,3.83,0.96,3.088709677419355,34.7,0.20002368178903496,1,0.9560044923548112,0.9560044923548112,0.13960411237906972,0.13960411237906972,0.027123123163461542,0.12365151299235976,0.1489731133665441,0.24699366355473096,-0.12477953887937837,False,False,False,not applicable,False,0.0494244327344735,0.5040227747838253,0.7,1.014827329820342,56.3879246835199,,8.486324358863852,95.09575936831384,0.37177320243410933,0.4897770888063877,1.5403294747908738
D564-8,nfw,0.01,fullfit_outer_third,False,6,2,10,8.79,0.28,2,63.0,7.0,0.033,0.61,0.029,0.0,0.0,2,irregular_T10_11,late_T8_11,3.07,0.51,5.032786885245901,20.85,0.13517368798611112,1,-0.3740385772125414,-0.3740385772125414,0.080375,0.080375,-0.015609159433270542,-0.19850408569609398,0.0846370351826401,0.41228803927254476,0.22470372879858577,False,True,False,not applicable,False,0.1448256632779204,0.4836012759062356,0.7,0.9993004523983814,62.38353627578908,,4999.999999999995,1338.425980348909,0.187584310473959,0.7018085404664194,1.3191060593097763
D631-7,nfw,0.01,fullfit_outer_third,False,16,6,10,7.72,0.18,2,59.0,3.0,0.196,0.7,0.29,0.0,57.7,1,irregular_T10_11,late_T8_11,7.19,0.45,10.271428571428572,47.2,0.11610138710516488,0,-2.4976995837365195,-3.5494250302087167,0.05850156776774009,0.06175725910314952,-0.043868299481955225,-0.8925698420058151,1.4365097578433874,0.3934960156787685,0.11466348860659234,False,True,False,not applicable,False,1.9497402490608644,0.3191508308922515,0.7,0.9873666680675556,53.70613812397536,,4999.999999983582,2102.758722356595,0.2788325270721762,1.0116308503686258,1.6739419986340878
DDO064,nfw,0.01,fullfit_outer_third,False,14,5,10,6.8,2.04,1,60.0,5.0,0.157,0.69,0.211,3.49,46.1,1,irregular_T10_11,late_T8_11,2.98,0.1,4.3188405797101455,37.9,0.2719541304946145,0,-0.028923784602417867,-0.07434398583948365,0.12572301430796207,0.09978401727861771,-0.0008723678542009589,-0.10945038931032806,0.21606150781927366,0.410481720003345,0.027555362826052053,False,True,False,not applicable,False,0.5041401510741996,0.4983325921356839,0.7,1.1512420453222598,60.93820957997874,,4999.999999999995,2531.4367519516186,0.38292635717729295,0.635367173339,1.5786392099680724
DDO154,nfw,0.01,fullfit_outer_third,False,12,4,10,4.04,0.2,2,64.0,3.0,0.053,0.37,0.275,4.96,47.0,2,irregular_T10_11,late_T8_11,5.92,0.49,16.0,43.3,0.13060439321894962,1,2.1740969101145247,1.5691101269516317,0.015529151941253419,0.013608032634767231,0.047005929152635496,2.3165246286345282,7.89759157304027,0.23843241764486386,-0.138898837153254,False,False,False,not applicable,False,2.6610323299595326,0.2709360353031887,0.7,1.0439226232621233,66.5496505247899,,15.775112053129696,137.75663707183156,0.37733125479811785,1.2041199826559248,1.6364878963533653
DDO161,nfw,0.01,fullfit_outer_third,False,31,11,10,7.5,2.25,1,70.0,10.0,0.548,1.22,1.378,10.69,66.3,1,irregular_T10_11,late_T8_11,13.37,0.6,10.959016393442623,55.0,0.2561627792319553,0,-0.26921946139112213,-0.3841131544430141,0.02414716385837138,0.019818456883509836,-0.004068900937255099,-0.056328639898906685,0.4499229609898671,0.18433589452565838,0.1262649861337618,False,False,False,not applicable,False,1.6443949562007876,0.3423974398301078,0.7,1.056552058080564,70.80667140180728,,62.8520313417228,211.67244371035375,0.058070908391896575,1.0397715765872362,1.7403626894942439
DDO168,nfw,0.01,fullfit_outer_third,False,10,4,10,4.25,0.21,2,63.0,6.0,0.191,1.02,0.413,4.3,53.4,2,irregular_T10_11,late_T8_11,4.12,0.41,4.03921568627451,48.0,0.2305924264245383,1,0.012019707857206186,-1.1405225085132074,0.042414928409798915,0.04280026542800266,0.0010535708336113642,-0.22021054514326,2.2444608499772754,0.41538434969399096,-0.0313637713623182,False,True,False,not applicable,False,2.359460663297388,0.4411875760240129,0.7,0.9674752555522428,48.84323602021567,,4999.999999901416,2642.2452162484515,0.4467481210563092,0.606297044271217,1.6812412373755872
DDO170,nfw,0.01,fullfit_outer_third,False,8,3,10,15.4,4.62,1,66.0,7.0,0.543,1.95,0.735,9.14,60.0,2,irregular_T10_11,late_T8_11,12.33,1.87,6.323076923076923,57.1,0.23484281944444443,1,0.6556010355835747,1.2694174709294614,0.019360940045173518,0.020338983050847456,0.011215037097307486,0.47664671504152567,1.0092998078135218,0.05807647502850512,0.18838540714954563,False,False,False,not applicable,False,0.0651084214759515,0.4925600245035539,0.7,1.0088518220011258,66.0752925765474,,13.307714436721636,126.85576430512364,-0.1303089321210405,0.8009284652332136,1.7566361082458481
ESO079-G014,nfw,0.01,fullfit_outer_third,False,15,5,4,28.7,7.17,1,79.0,5.0,51.733,5.08,3.14,17.67,175.0,1,spiral_T1_9,spiral_T1_7,16.67,0.41,3.2814960629921264,132.0,0.3315464506122449,0,-0.8510562527616742,-0.7622278229174526,0.014151935454080172,0.012598870056497175,-0.005384517116972758,-0.21357048833393116,0.9220649836884842,0.2550621266955846,0.17377785834650536,False,False,False,not applicable,False,0.8059979738214191,0.6019630052651925,0.7,1.1394617482260725,79.41521306256347,,109.698734160803,565.5360210813407,0.08128426834907923,0.5160718875440862,2.12057393120585
ESO116-G012,nfw,0.01,fullfit_outer_third,False,15,5,7,13.0,3.9,1,74.0,3.0,4.292,1.51,1.083,9.58,109.1,1,spiral_T1_9,spiral_T1_7,9.86,0.25,6.52980132450331,102.0,0.2002782636141739,0,1.5555567218654829,2.141465985505647,0.02422276562872893,0.019444444444444445,0.013880515507227931,0.49442204085089825,1.0637641503436401,0.2532731101823874,0.09813323947856283,False,False,False,not applicable,False,0.2907518601625483,0.4676218743379936,0.7,1.0179893053253963,74.01831069825197,,22.68035698449212,290.70887362994563,0.15513987070382457,0.8148999676480417,2.0086001717619175
ESO444-G084,nfw,0.01,fullfit_outer_third,False,7,3,10,4.83,0.48,2,32.0,6.0,0.071,0.46,0.135,2.95,0.0,2,irregular_T10_11,late_T8_11,4.44,0.26,9.652173913043478,52.8,0.08843471610730333,1,1.516134456123145,0.21809132853871915,0.06413322379951274,0.05362068965517241,0.023706896853923853,0.1829458417992127,0.2294314886200897,0.2769420258027426,0.12669041610969467,False,False,False,not applicable,False,0.3988756236524246,0.4941664908192201,0.7,1.0127139398096203,34.39325374191455,,13.931978022222673,199.28997206507825,0.1502516096930479,0.9846251384330458,1.7226339225338123
ESO563-G021,nfw,0.01,fullfit_outer_third,False,30,10,4,60.8,9.1,1,83.0,3.0,311.177,5.45,24.298,55.71,314.6,1,spiral_T1_9,spiral_T1_7,42.41,0.45,7.7816513761467885,310.5,0.2624532912705312,0,1.3128882446232182,2.787203880038703,0.03256555088719564,0.02833213141025641,0.004369406042259645,0.10389786311106967,0.40048313780407846,-0.028771851928951507,0.0428535015931636,False,True,False,not applicable,False,2.1158517757733244,0.8138702654206683,0.7,1.1663106839356252,83.31865890083309,,4999.999999999995,3862.496330094382,-0.0716253535221151,0.8910717701830672,2.492061604512599
F565-V2,nfw,0.01,fullfit_outer_third,False,7,3,10,51.8,10.4,1,60.0,10.0,0.559,2.17,0.699,7.31,0.0,2,irregular_T10_11,late_T8_11,8.8,1.26,4.055299539170507,68.5,0.13169340579615704,1,0.13013199151583876,0.2953110037056774,0.07704484293966692,0.07220216606498195,0.0007838167642477296,0.037869786881639,0.04654234321228413,0.49360471448306475,0.36551142419418853,False,True,False,not applicable,False,0.0084206121216231,0.4996669244665425,0.7,1.001687129616479,60.08420612121623,,4999.999999998183,2674.983885876924,0.12809329028887623,0.6080229383016391,1.8356905714924256
F568-3,nfw,0.01,fullfit_outer_third,False,18,6,7,82.4,8.24,1,40.0,10.0,8.346,4.99,3.195,16.14,0.0,1,spiral_T1_9,spiral_T1_7,17.98,0.64,3.603206412825651,83.9,0.22469191106035866,0,-0.3446939675212022,-0.46127909633444375,0.10456582810834412,0.1,-0.003783887303637905,-0.023842212676807206,0.03733981127283959,0.4031868841138544,0.35819607470240467,False,True,False,not applicable,False,0.8255043673620196,0.5463483842302939,0.7,1.0258337282326526,48.25504367362019,,4999.999999992757,2429.6740483032795,0.04499080941144973,0.55668914177382,1.9237619608287002
F568-V1,nfw,0.01,fullfit_outer_third,False,15,5,7,80.6,8.06,1,40.0,10.0,3.825,2.85,2.491,14.38,112.3,1,spiral_T1_9,spiral_T1_7,17.63,0.39,6.185964912280701,111.0,0.1326219548980178,0,4.994977178186855,4.9416306892925235,0.1527850361825538,0.12372881355932203,0.04433538353637774,0.31181147592592084,0.1232851218388376,0.07843280194186972,0.07839643254339186,False,False,False,not applicable,False,0.0458675275000986,0.5043406574774818,0.7,0.99891404611059,39.541324724999015,,8.027512760447365,244.8407715067593,3.636939847785625e-05,0.7914074522908118,2.0453229787866576
F571-8,nfw,0.01,fullfit_outer_third,False,13,5,5,53.3,10.7,1,85.0,5.0,10.164,3.56,1.782,24.55,139.7,1,spiral_T1_9,spiral_T1_7,15.55,0.22,4.367977528089888,105.0,0.13552480932784639,0,-0.580180939926106,-3.565839521162758,0.03193282071201982,0.03225806451612903,-0.006549892566861082,-0.24065151364430593,1.2964244523946047,0.33421827652543534,0.23397192268390624,True,False,False,not applicable,False,4.9763271028037375,0.4991623606360249,0.7,0.0010000000000002,84.99759574246693,,30.88957692891948,403.5443053351915,0.1002463538415291,0.6402803953899812,2.0211892990699383
F571-V1,nfw,0.01,fullfit_outer_third,False,7,3,7,80.1,8.0,1,30.0,10.0,1.849,2.47,1.217,10.1,83.6,2,spiral_T1_9,spiral_T1_7,13.59,1.95,5.502024291497976,77.0,0.19307411957239085,1,0.3103570654796594,0.1673968417911027,0.07180511891509139,0.07151370679380215,0.0035909999656485113,0.05172617757994324,0.07257389876994524,0.18988931193040534,0.05233148695419144,False,False,False,not applicable,False,0.1403477735594498,0.5002078631031692,0.7,1.0024424766937376,31.4034777355945,,26.830795069999432,205.6916074084421,0.1375578249762139,0.7405225034728286,1.8864907251724818
F574-1,nfw,0.01,fullfit_outer_third,False,14,5,7,96.8,9.68,1,65.0,10.0,6.537,4.46,3.524,16.19,97.8,1,spiral_T1_9,spiral_T1_7,12.6,0.47,2.8251121076233185,90.95,0.19377821817272864,0,1.990768335795201,1.896751595865382,0.04664344570748506,0.04569055036344757,0.019972329675300864,0.41605816665653117,0.3585745938321619,0.2675203670597323,0.10115070158190652,False,False,False,not applicable,False,0.1863232624097655,0.5219180666239143,0.7,0.9961725224108762,64.36121451640804,,16.033412867870204,221.91256866323903,0.16636966547782578,0.4510356864054211,1.9588027033995024
F583-1,nfw,0.01,fullfit_outer_third,False,25,9,9,35.4,8.85,1,63.0,5.0,0.986,2.36,2.126,15.65,85.8,1,spiral_T1_9,late_T8_11,16.26,0.26,6.889830508474577,59.4,0.11657047545509146,0,-1.0792356816199091,-4.091106198573996,0.10870258922698933,0.08174386920980926,-0.01880383622804094,-0.21015616759012692,1.2189724131460393,0.3701533829795442,0.18232378476016586,False,False,False,not applicable,False,0.3487014594582694,0.508873642360529,0.7,0.9128246351354328,62.41962575349691,,30.65770440180444,229.79071973704836,0.18782959821937834,0.8382085382879428,1.7737864449811935
F583-4,nfw,0.01,fullfit_outer_third,False,12,4,5,53.3,10.7,1,55.0,10.0,1.715,1.93,0.641,7.8,0.0,1,spiral_T1_9,spiral_T1_7,7.29,0.22,3.77720207253886,58.5,0.2146088087198342,0,0.16138772455283856,0.1261874257002802,0.07087626518707604,0.07150840486409156,0.0032988431770849657,0.055991627667233174,0.0862694179614904,0.32135605149693725,0.5228685369609894,False,False,False,not applicable,False,0.0699592407085925,0.5075424685862853,0.7,1.0117033141108602,55.69959240708592,,28.27116507377403,198.0879592444768,-0.2015124854640522,0.5771702193102008,1.7671558660821804
IC2574,nfw,0.01,fullfit_outer_third,False,34,12,9,3.91,0.2,2,75.0,7.0,1.016,2.78,1.036,10.81,66.4,2,spiral_T1_9,late_T8_11,10.23,0.85,3.679856115107914,43.65,0.22640774467626615,1,-5.716062120199279,-5.856812159464823,0.08339867303930902,0.07516197075033226,-0.09197901622407922,-2.4319231734466853,12.49915119852121,0.5229871191844992,0.6135379193102374,True,True,False,not applicable,False,5.9999999989702415,0.267493561829745,0.7,1.3069053707913167,88.16273353895525,,4999.999954994716,1550.6523128944311,-0.09055080012573813,0.5658308377940839,1.6399842480415885
IC4202,nfw,0.01,fullfit_outer_third,False,32,11,4,100.4,10.0,1,90.0,1.0,179.749,4.78,12.326,32.13,242.6,1,spiral_T1_9,spiral_T1_7,25.9,0.77,5.418410041841003,240.5,0.4458680655702384,0,8.052455161870075,6.457957865506103,0.04870497154877851,0.040160642570281124,0.033521003768815054,0.7743553771697539,0.8325747530416456,-0.065468763004079,-0.03148247305406154,True,False,False,not applicable,False,5.999999999999999,0.8741429049864672,0.1758320502056706,0.4975751507964581,89.99999999999753,,11.642837163529736,463.1709363161686,-0.03398628995001746,0.7338718674691329,2.3811150807098507
KK98-251,nfw,0.01,fullfit_outer_third,False,15,5,10,6.8,2.04,1,59.0,5.0,0.085,1.34,0.115,2.9,33.7,2,irregular_T10_11,late_T8_11,3.13,0.25,2.335820895522388,21.8,0.34459562836388274,1,-2.0638472051129093,-1.8581196401563105,0.060739870868698996,0.060060060060060066,-0.0626014388514111,-1.0319236025564547,1.1080097521247174,0.25674190235072253,0.22532995416377408,False,True,False,not applicable,False,1.8804958005683656,0.5092122836514383,0.7,1.5641487401705096,63.30275974589991,,4999.999999876769,1126.4883479183943,0.03141194818694845,0.3684395391816408,1.3384564936046048
NGC0024,nfw,0.01,fullfit_outer_third,False,29,10,5,7.3,0.36,2,64.0,3.0,3.889,1.34,0.676,7.29,106.3,1,spiral_T1_9,spiral_T1_7,11.27,0.21,8.410447761194028,92.4,0.23735984365446766,0,-2.6947856870544555,-4.116703188020189,0.06720080387571986,0.08067027632561613,-0.025193535170187235,-0.21567866331457167,0.8027691981990637,0.04891821435662186,0.01596328156698412,False,False,False,not applicable,False,1.216833157717932,0.6616880937197633,0.7,1.0104748339584078,64.6478413382886,,4.791476961373791,211.88579800319675,0.032954932789637736,0.9248191176812989,1.9656719712201067
NGC0055,nfw,0.01,fullfit_outer_third,False,21,7,9,2.11,0.11,2,77.0,3.0,4.628,6.11,1.565,10.24,85.6,2,spiral_T1_9,late_T8_11,13.5,1.23,2.20949263502455,82.4,0.3066324672563132,1,3.2170649785884353,3.0481654702804946,0.058079417678656924,0.06358381502890173,0.037271263553339824,0.7127534296857413,0.874331395408846,0.25242606639809867,0.02802649297001847,False,False,False,not applicable,False,1.9832296713628093,0.3166992516866846,0.7,1.0228686675696868,77.59476036173149,,101.92505045987728,347.8854110629476,0.2243995734280802,0.34429255825245186,1.9159272116971158
NGC0100,nfw,0.01,fullfit_outer_third,False,21,7,6,13.5,4.05,1,89.0,1.0,3.232,1.66,1.99,16.36,88.1,1,spiral_T1_9,spiral_T1_7,9.62,0.23,5.795180722891566,77.8,0.16738598530612242,0,1.6564746317619725,1.6478119008415462,0.08343908529498825,0.06422764227642278,0.018660050491866403,0.2329297124218645,0.06792804899438941,0.3894145468007626,0.3030330137219761,False,True,False,not applicable,False,0.2293257811678377,0.4915526256594612,0.7,1.0687977343503514,89.00049783343056,,4999.999999999995,2798.366488717423,0.08638153307878649,0.7630669839977579,1.890979596989689
NGC0247,nfw,0.01,fullfit_outer_third,False,26,9,7,3.7,0.19,2,74.0,3.0,7.332,3.74,1.746,12.79,104.9,2,spiral_T1_9,spiral_T1_7,14.54,1.08,3.887700534759358,88.9,0.25259502040816323,1,-2.166073062520818,-1.9979585696361397,0.08331488314682182,0.08476190476190476,-0.020570969478695453,-0.2512586382180465,0.07409161774318901,0.12758688456945172,0.15693897040393234,False,False,False,not applicable,False,0.9877471682029376,0.6276892937977011,0.7,1.0098804611521588,74.33339424827429,,22.964883945784276,223.96128634125333,-0.029352085834480623,0.5896928043225388,1.9489017609702137
NGC0289,nfw,0.01,fullfit_outer_third,False,28,10,4,20.8,5.2,1,46.0,5.0,72.065,6.74,27.469,49.51,163.0,2,spiral_T1_9,spiral_T1_7,71.12,1.5,10.55192878338279,175.0,0.2353007261095904,1,-0.21041663011392586,-1.5814242189662764,0.05320092897102609,0.05052645095017977,9.433970649135991e-05,-0.00965691696423986,0.8052396003424475,-0.15312291628410177,-0.2702269549959189,False,False,False,not applicable,False,0.908194085602278,0.4818281367113005,0.7,1.2270485214005695,49.34105533247198,,26.940738328591056,304.26356857228114,0.11710403871181715,1.0233318514268375,2.2430380486862944
NGC0300,nfw,0.01,fullfit_outer_third,False,25,9,7,2.08,0.1,2,42.0,10.0,2.922,1.75,0.936,9.2,93.3,2,spiral_T1_9,spiral_T1_7,11.8,0.91,6.742857142857143,88.2,0.14859433958186558,1,1.9593028347399393,3.052599885000177,0.07876301635841854,0.07790821771611525,0.02148308258933628,0.23397214880423445,0.24602017594048733,0.1437019340077625,0.09023635217368768,False,False,False,not applicable,False,0.1278315584990545,0.50615645654665,0.7,0.9992708293768492,40.721684415009456,,19.74764189686502,231.78785252998927,0.05346558183407481,0.828843958619831,1.9454685851318196
NGC0801,nfw,0.01,fullfit_outer_third,False,13,5,5,80.7,8.07,1,80.0,1.0,312.57,8.72,23.201,44.99,220.1,1,spiral_T1_9,spiral_T1_7,59.82,1.17,6.860091743119265,219.0,0.44167279456721115,0,0.976633611059657,1.5245340960303508,0.02085453331964662,0.01872146118721461,0.004482185134565047,0.20022035022245427,0.15300744166823407,-0.05206876869363132,-0.045936807257302634,False,False,False,not applicable,False,0.8943669969822986,0.6143370444782754,0.7,1.0294660618521776,80.01863620453112,,324.6335360134622,605.4911728473863,-0.006131961436328687,0.8363299237627321,2.3404441148401185
NGC0891,nfw,0.01,fullfit_outer_third,False,18,6,3,9.91,0.5,2,90.0,1.0,138.34,2.55,4.462,18.16,216.1,1,spiral_T1_9,spiral_T1_7,17.11,0.92,6.709803921568628,222.5,0.549237392179311,0,3.446885477076487,2.3256791655198015,0.016178220883835217,0.0166371181088923,0.0162853874785861,0.9183302645821328,1.1209184394486689,-0.0776707732377077,-0.17831346983983906,True,False,False,not applicable,False,3.785707879050242,0.2091217557105415,0.5282963378849536,0.9328045081957383,89.99999999984375,,8.139576046984853,405.262403414909,0.10064269660213136,0.8267098291071451,2.3473300153169503
NGC1003,nfw,0.01,fullfit_outer_third,False,36,12,6,11.4,3.42,1,67.0,5.0,6.82,1.61,5.88,33.33,109.8,1,spiral_T1_9,spiral_T1_7,30.24,1.25,18.782608695652172,103.5,0.11659439354440493,0,-0.708318314044206,-0.8549561633456264,0.024769231628052748,0.02333467417538214,-0.006359749355153481,-0.2401868686670363,0.31350442602311596,0.223765494361901,0.21940640939635384,False,False,False,not applicable,False,1.0965234670002266,0.6436093594455119,0.7,1.0554452549272528,67.23807471903743,,41.04985053372148,253.611678422442,0.004359084965547155,1.273755910797319,2.0149403497929366
NGC1090,nfw,0.01,fullfit_outer_third,False,24,8,4,37.0,9.25,1,64.0,3.0,72.045,3.53,8.783,30.49,164.4,1,spiral_T1_9,spiral_T1_7,30.09,0.35,8.524079320113314,165.0,0.34270975108654694,0,-0.010792329078487484,0.09535793935037873,0.014477983600059904,0.013765432098765433,-2.286674847194834e-06,0.0068525786272497224,0.2092515244953771,-0.04454011749680884,-0.08870953558715274,False,False,False,not applicable,False,0.6252968325359329,0.5149455100853649,0.7,0.8436757918660167,63.67195462014184,,16.41540381094613,297.37950661905666,0.044169418090343894,0.9306474823522579,2.2174839442139063
NGC2403,nfw,0.01,fullfit_outer_third,False,73,25,6,3.16,0.16,2,63.0,3.0,10.041,1.39,3.199,15.11,131.2,1,spiral_T1_9,spiral_T1_7,20.87,0.16,15.014388489208635,114.0,0.2004949237023836,0,-2.8820746492026728,-2.884997667753794,0.024124533446095473,0.02015748031496063,-0.021290153477264546,-0.6749348588002471,8.453391570502424,-0.013942283448529165,0.07693923806344007,False,False,False,not applicable,False,3.100723725469196,0.3979777754502109,0.7,0.8829715417454267,53.69782882359242,,7.576742786529841,260.51537018913245,-0.09088152151196924,1.176507648811359,2.0569048513364727
NGC2683,nfw,0.01,fullfit_outer_third,False,11,4,3,9.81,0.49,2,80.0,5.0,80.415,2.18,1.406,13.79,154.0,2,spiral_T1_9,spiral_T1_7,34.62,2.89,15.880733944954127,172.0,0.25418338475200797,1,3.4382852199289005,-0.1503706910846887,0.06828824859360536,0.06559139784946236,0.023172847977040806,0.34261028177956776,0.6675261985410086,-0.23140825542391558,0.031962132262654985,False,False,False,not applicable,False,0.1880822337016513,0.4854939975347078,0.67033179101945,0.996630323907176,79.78839834351973,,6.320428964161103,307.0636355617936,-0.26337038768657056,1.2008705699347701,2.2355284469075487
NGC2841,nfw,0.01,fullfit_outer_third,False,50,17,3,14.1,1.4,3,76.0,10.0,188.121,3.64,9.775,45.12,284.8,1,spiral_T1_9,spiral_T1_7,63.64,3.44,17.483516483516482,301.0,0.18115576613796608,0,-2.085193520576621,-3.8204862020356245,0.015529846321860682,0.014982332155477033,-0.00683114510979193,-0.14911353695745813,3.1217994873485058,-0.010265525707279255,0.02673314518284668,False,False,False,not applicable,False,2.7902597616474427,0.9505959956224126,0.8347234850035694,1.0944450776835035,81.48235967939942,,51.96766745659039,542.6899449030061,-0.036998670890125936,1.242628787325488,2.4785664955938436
NGC2903,nfw,0.01,fullfit_outer_third,False,34,12,4,6.6,1.98,1,66.0,3.0,81.863,2.33,2.552,13.76,184.6,1,spiral_T1_9,spiral_T1_7,24.96,0.32,10.71244635193133,189.5,0.29820008400292186,0,-0.352162150208341,-0.1996524495326213,0.020870186246914644,0.01671425910981439,-0.001962408832394147,-0.06082067939103839,0.3282096078866792,-0.15793225176683914,-0.11460111298878303,False,False,False,not applicable,False,1.5718447984254833,0.4340571296030345,0.7,0.528446560472355,65.60552281499388,,4.991652863352633,377.08270265679465,-0.04333113877805611,1.0298886599843673,2.2776092143040914
NGC2915,nfw,0.01,fullfit_outer_third,False,30,10,11,4.06,0.2,2,56.0,4.0,0.641,0.55,0.508,7.16,83.5,2,irregular_T10_11,late_T8_11,10.04,0.34,18.25454545454545,81.15,0.0764037753062881,1,1.4953662079152976,2.05291348663976,0.07780715391200387,0.0773958777952209,0.01913358363237142,0.22030323858961767,0.19225282358473933,0.06008319603121015,0.2892863892314673,False,False,False,not applicable,False,0.9279616002834205,0.4038070010542783,0.7,0.9895604413324276,54.290934991482935,,5.154462061388603,176.14935947415182,-0.22920319320025717,1.2613710233147566,1.9092885241622508
NGC2955,nfw,0.01,fullfit_outer_third,False,24,8,3,97.9,9.8,1,56.0,7.0,319.422,18.76,28.949,40.34,0.0,1,spiral_T1_9,spiral_T1_7,35.43,0.75,1.8885927505330489,255.5,0.5584935718233018,0,-4.12390421159575,-4.2034497774784825,0.04783691038284563,0.04805670029842262,-0.012513543362668814,-0.3840687438582407,1.7403442558204687,-0.02460520216967645,-0.20107103737611234,False,False,False,not applicable,False,2.0807225019555715,0.3096690160269132,0.8770608680647304,0.9499609971594284,48.929118271707,,21.1741112848147,456.587894249103,0.17646583520643588,0.2761383182901315,2.4073909044707316
NGC2976,nfw,0.01,fullfit_outer_third,False,27,9,5,3.58,0.18,2,61.0,10.0,3.371,1.01,0.172,3.04,85.4,2,spiral_T1_9,spiral_T1_7,2.27,0.11,2.2475247524752477,49.2,0.5898784583113941,1,-1.5421378107442523,-0.12833311034438566,0.053193980538409534,0.05439330543933054,-0.0168356160845301,-0.32768562846311045,0.8165621149434763,0.19923107621870734,0.4363889332625294,False,False,False,not applicable,False,1.6549104814815,0.7319156820805605,0.7,1.0305775113287317,73.71315551421503,,293.2363162124032,0.0180751069009276,-0.23715785704382208,0.35170448341048016,1.6919651027673603
NGC2998,nfw,0.01,fullfit_outer_third,False,13,5,5,68.1,10.2,1,58.0,2.0,150.902,6.2,23.451,43.58,209.9,1,spiral_T1_9,spiral_T1_7,42.28,0.33,6.819354838709677,206.0,0.34193970772994775,0,-0.5920634745853419,-0.20699335450385092,0.011397593856186859,0.009389671361502348,-0.0027424718647703233,-0.15638060681447144,1.1077449434009876,-0.08899831240857212,-0.058924524618240944,False,False,False,not applicable,False,1.1805648251699543,0.3809899518368307,0.7,0.9336279971060296,57.75672119283615,,11.649315293569124,391.9902469915476,-0.030073787790331173,0.8337432891371348,2.3138672203691533
NGC3109,nfw,0.01,fullfit_outer_third,False,25,9,9,1.33,0.07,2,70.0,5.0,0.194,1.56,0.477,6.0,66.2,1,spiral_T1_9,late_T8_11,6.45,0.26,4.134615384615385,50.6,0.10808169534354384,0,-5.381574710910874,-5.443082493090152,0.04271681745990967,0.04503105590062111,-0.08496503223695585,-2.073618880805928,4.64159443803995,0.47282472858846175,0.4170770076097215,False,True,False,not applicable,False,0.8364542593539714,0.4124056232869496,0.7,1.0372628333561218,73.5867597410206,,4999.999999999995,2329.1613237860024,0.055747720978740256,0.6164351162808062,1.7041505168397992
NGC3198,nfw,0.01,fullfit_outer_third,False,43,15,5,13.8,1.4,3,73.0,3.0,38.279,3.14,10.869,35.66,150.1,1,spiral_T1_9,spiral_T1_7,44.08,0.32,14.038216560509554,146.0,0.23196221382998686,0,0.24818710098630467,-0.4893147077339961,0.014246256303626609,0.013422818791946308,0.0018179330227036845,0.16728771673296564,1.0051435995384321,-0.03274955268923906,-0.034062814474634856,False,False,False,not applicable,False,0.3540671647575079,0.4608539220500082,0.7,0.9906132138724988,72.91274293200327,,14.726579980522851,288.3481804179791,0.0013132617853957931,1.1473119377705137,2.164352855784437
NGC3521,nfw,0.01,fullfit_outer_third,False,41,14,4,7.7,2.3,1,75.0,5.0,84.836,2.4,4.154,18.85,213.7,1,spiral_T1_9,spiral_T1_7,17.74,0.51,7.391666666666667,213.0,0.6675563224126786,0,-1.4442002798254074,-1.3458223656808883,0.08253827994830819,0.0877314814814815,-0.006762632567014005,-0.12753288634560173,0.13226291470500243,-0.03712575704472966,-0.03588324180988464,False,True,False,not applicable,False,0.2315353828276153,0.5108678293777412,0.7,1.0691599195459112,75.19120278605382,,4999.999999974522,4162.361906810001,-0.001242515234845018,0.8687423737841016,2.3283796034387376
NGC3726,nfw,0.01,fullfit_outer_third,False,12,4,5,18.0,2.5,4,53.0,2.0,70.234,3.4,6.473,22.2,168.0,2,spiral_T1_9,spiral_T1_7,32.52,3.5,9.564705882352943,159.0,0.26180609751099576,1,-3.3717385558413113,-3.2157162112070807,0.06196193847151668,0.06290856579318117,-0.02002615775881601,-0.3119131087358413,0.18229592191438476,0.1286550501694131,0.16526084128880522,False,True,False,not applicable,False,0.4086570963659522,0.5493330314443889,0.7,0.9956459248801098,52.97633382450118,,4999.999999913212,2533.3247281369704,-0.036605791119392134,0.9806716198797755,2.2013971243204513
NGC3741,nfw,0.01,fullfit_outer_third,False,21,7,10,3.21,0.17,2,70.0,4.0,0.028,0.2,0.182,4.2,50.1,1,irregular_T10_11,late_T8_11,7.0,0.23,35.0,36.5,0.08112721999999999,0,0.09624976590127687,-0.4112871095289208,0.050390165686264275,0.04796573875802998,0.0014710348539450403,0.005457181989254275,0.12993465348324645,0.3471318843348389,0.2606590719417613,False,False,False,not applicable,False,0.05691926437974,0.4934896832841329,0.7,1.0004232291151849,70.03063669730675,,25.02761715933755,161.22387092922398,0.08647281239307758,1.5440680443502757,1.5622928644564746
NGC3769,nfw,0.01,fullfit_outer_third,False,12,4,3,18.0,2.5,4,70.0,2.0,18.679,3.38,5.529,22.57,118.6,2,spiral_T1_9,spiral_T1_7,37.16,1.74,10.994082840236686,118.0,0.16445895862183707,1,-0.03545767573280756,-0.6157208924190058,0.09748590794955578,0.09052797360131994,0.00021480632754674288,0.00014964658212036908,0.04476550657984207,-0.04659905512034786,-0.06809543912706072,False,False,False,not applicable,False,0.9983129936029008,0.397318424769897,0.7,0.9272026439076112,69.82044019260643,,11.925254324721912,237.04519557366268,0.02149638400671286,1.0411590050439494,2.0718820073061255
NGC3877,nfw,0.01,fullfit_outer_third,False,13,5,5,18.0,2.5,4,76.0,1.0,72.535,2.53,1.483,11.47,168.4,2,spiral_T1_9,spiral_T1_7,11.35,0.87,4.486166007905139,162.0,0.7102281327684605,1,3.2273302628551392,4.036757386289651,0.03272408367478622,0.03136094674556213,0.018981614780023564,0.5762260234282605,0.3749848730708053,0.04870272299290276,-0.004298535685343285,False,False,False,not applicable,False,1.6976890610526565,0.3382214119526517,0.7,0.8189896283117657,75.93278103405648,,8.688430472547171,306.555787354691,0.05300125867824604,0.6518753403533236,2.2095150145426308
NGC3893,nfw,0.01,fullfit_outer_third,False,10,4,5,18.0,2.5,4,49.0,2.0,58.525,2.38,5.799,20.84,174.0,1,spiral_T1_9,spiral_T1_7,19.05,1.74,8.004201680672269,182.5,0.3342177117214111,0,3.9158847251577953,3.3574261795245093,0.0657903007469064,0.06843416708989333,0.0233269172072708,0.27408608852102095,0.2601042405309962,-0.0790361540167963,-0.2828363615293573,False,False,False,not applicable,False,0.8134401165537256,0.4145968448141793,0.7,0.9286147050106645,48.57663475218898,,9.488554954147483,338.4598088324257,0.203800207512561,0.9033180229551262,2.2612628687924934
NGC3917,nfw,0.01,fullfit_outer_third,False,17,6,6,18.0,2.5,4,79.0,2.0,21.966,2.63,1.888,14.08,135.9,1,spiral_T1_9,spiral_T1_7,14.86,0.87,5.650190114068441,134.0,0.31395441152965,0,0.40239038002845007,0.8787333319340576,0.03405049076649596,0.030983589087809037,0.002966096283615032,0.1670479929308418,0.12972783331749513,-0.05447269207286372,0.024512401586324135,False,True,False,not applicable,False,2.4222161775316686,0.8733566311858179,0.7,1.1728061828916498,79.27777401299463,,4999.999999999933,2488.0818847916034,-0.07898509365918785,0.7520630609347986,2.1271047983648077
NGC3949,nfw,0.01,fullfit_outer_third,False,7,3,4,18.0,2.5,4,55.0,2.0,38.067,3.59,3.371,13.72,163.0,2,spiral_T1_9,spiral_T1_7,7.07,1.74,1.9693593314763234,157.0,0.5717210523415978,1,-4.058035743326077,-4.667004862504484,0.09114158231215086,0.06787878787878787,-0.024334008002852608,-0.262040532126236,0.08390500625205506,0.05161910842823556,0.16187798501325934,False,True,False,not applicable,False,0.3762432388285507,0.4585066938824886,0.7,0.9668523824386472,54.83657985933736,,4999.999999999995,4402.796392433268,-0.11025887658502379,0.2943249652185803,2.1958996524092336
NGC3953,nfw,0.01,fullfit_outer_third,False,8,3,4,18.0,2.5,4,62.0,1.0,141.301,4.89,2.832,17.38,220.8,1,spiral_T1_9,spiral_T1_7,15.68,3.5,3.206543967280164,219.5,0.5688839644451532,0,0.5172484313249109,0.48137034745025176,0.03323422733886546,0.027354260089686097,0.002357176138615555,0.07503237057480708,0.09024598453802428,-0.18240086832865707,-0.14095338643207594,False,False,False,not applicable,False,0.1532827070215617,0.4826604724155615,0.7,0.9854084783888004,61.98615767766393,,7.076650011280249,321.1066098222391,-0.04144748189658112,0.5060371992247994,2.34143452457814
NGC3972,nfw,0.01,fullfit_outer_third,False,10,4,4,18.0,2.5,4,77.0,1.0,14.353,2.18,1.214,10.05,132.7,1,spiral_T1_9,spiral_T1_7,8.72,0.87,4.0,113.0,0.3368280611870436,0,0.6078317103112383,0.45061620913672584,0.0369654774905958,0.03616976095134086,0.004997933850836002,0.15087949203417633,0.12963947047030625,0.19948710661994298,0.2473368676840608,False,False,False,not applicable,False,0.2390797133227486,0.4732188469492048,0.7,0.9791763969625468,76.99147594310597,,50.29891197126596,437.94660111287607,-0.04784976106411781,0.6020599913279624,2.0530784434834195
NGC3992,nfw,0.01,fullfit_outer_third,False,9,3,4,23.7,2.3,5,56.0,2.0,226.932,4.96,16.599,32.75,241.0,1,spiral_T1_9,spiral_T1_7,46.02,9.19,9.278225806451614,248.0,0.2588026617999001,0,-1.416263929894929,-2.076207380962643,0.027911457461823875,0.025726141078838177,-0.005969378520195971,-0.17068342703594594,0.09684202949066557,-0.20781708910675917,-0.12792307558032004,False,False,False,not applicable,False,0.080841782593398,0.4907788358039444,0.7,0.9977283117603584,55.977315672974576,,11.302148890037357,453.5060800797788,-0.07989401352643913,0.9674649378424272,2.3944516808262164
NGC4010,nfw,0.01,fullfit_outer_third,False,12,4,7,18.0,2.5,4,89.0,1.0,17.193,2.81,2.832,17.59,125.8,2,spiral_T1_9,spiral_T1_7,10.47,0.87,3.725978647686833,109.5,0.36410069459969785,1,-0.7415227655606991,-0.3149930359103905,0.03819715235217737,0.03984618201794543,-0.004899145258941596,-0.04351474748364986,1.694370658929715,0.244651836044333,-0.19880033900197142,False,False,False,not applicable,False,0.4623265895021627,0.4495079172041443,0.7,0.9840143049750448,88.99950318783782,,701.3215846796729,1272.909629356369,0.4434521750463044,0.5712403617737625,2.0394141191761372
NGC4013,nfw,0.01,fullfit_outer_third,False,36,12,3,18.0,2.5,4,89.0,1.0,79.094,3.53,2.967,31.35,172.9,2,spiral_T1_9,spiral_T1_7,31.01,5.49,8.784702549575071,178.0,0.24156643395061728,1,-0.14703215053182342,-1.037783059992222,0.032738718947565415,0.028818683143977144,-0.0004579712691626982,-0.0773898575847648,0.3577874255537185,0.16832061463316053,0.06631422727884584,False,False,False,not applicable,False,0.5325612582242194,0.5332841038929702,0.791323687016024,1.059523688663157,89.00198795206418,,255.8473102847624,690.7377282787062,0.10200638735431469,0.9437270608495039,2.250420002308894
NGC4051,nfw,0.01,fullfit_outer_third,False,7,3,4,18.0,2.5,4,49.0,3.0,95.268,4.65,2.697,15.13,157.0,2,spiral_T1_9,spiral_T1_7,12.19,1.74,2.6215053763440856,153.0,0.7461619518468544,1,2.2578651304666266,2.481959101552434,0.04813412409320338,0.048051948051948054,0.014430881604789328,0.3500823549425902,0.17742377299161852,-0.19334867356866747,-0.1551729592520432,False,False,False,not applicable,False,0.3194848415832208,0.4645382934727124,0.7,0.9662847761406445,48.53110101541863,,6.681880208421202,208.8155890199133,-0.03817571431662428,0.41855075272842795,2.184691430817599
NGC4068,nfw,0.01,fullfit_outer_third,False,6,2,10,4.37,0.22,2,44.0,6.0,0.236,0.59,0.154,3.18,0.0,2,irregular_T10_11,late_T8_11,2.33,0.21,3.9491525423728815,26.45,0.41044406069414885,1,-2.8725370835893393,-2.8725370835893393,0.08291898700609918,0.08291898700609918,-0.07115954269724122,-0.8354944967319373,0.7008282433109825,0.39295585876369293,0.763549261625086,False,True,False,not applicable,False,0.313712064742267,0.4707111352012687,0.7,1.003899797527933,45.8822723884536,,4999.999999999995,1763.6066056844002,-0.37059340286139303,0.5965039093838748,1.4224256763712047
NGC4085,nfw,0.01,fullfit_outer_third,False,7,3,5,18.0,2.5,4,82.0,2.0,21.724,1.65,1.349,10.16,131.5,2,spiral_T1_9,spiral_T1_7,6.2,0.87,3.757575757575758,127.0,0.6700300554016622,1,-0.0012034475222435503,0.5659890410057926,0.04197955295478515,0.03769230769230769,-0.00011227595201893151,-0.009176552816555295,0.030909025521344034,0.17845160988403047,0.1358221231953595,False,True,False,not applicable,False,1.4966479671124986,0.3542462060021416,0.7,0.8599931341071211,81.87558524761108,,4999.999999999995,4442.690371757733,0.042629486688670976,0.5749077452843476,2.103803720955957
NGC4088,nfw,0.01,fullfit_outer_third,False,12,4,4,18.0,2.5,4,69.0,2.0,107.286,2.58,8.226,22.25,171.7,1,spiral_T1_9,spiral_T1_7,21.48,1.74,8.325581395348838,171.0,0.6009229994319083,0,-0.7387821790868827,-0.7762581951954246,0.04105486908231917,0.03999384236453202,-0.003996905411661748,-0.03954910325965644,0.2153168701674577,0.004028459324185275,0.13458965771773598,False,True,False,not applicable,False,0.7446566867724774,0.4212154918213697,0.7,0.9250625860494374,68.80543131113858,,4999.999999876724,2845.8005920784717,-0.1305611983935507,0.9204145710642879,2.2329961103921536
NGC4100,nfw,0.01,fullfit_outer_third,False,24,8,4,18.0,2.5,4,73.0,2.0,59.394,2.15,3.102,18.06,158.2,1,spiral_T1_9,spiral_T1_7,22.76,2.61,10.586046511627908,178.5,0.3063761352878611,0,3.720875183778876,3.8566748684605727,0.044706812652690206,0.0439873417721519,0.02404233133171013,0.49727361340339876,0.8632303897411315,-0.20164804262361927,-0.43028446840540185,False,False,False,not applicable,False,0.044494061146196,0.50514889864319,0.7,0.9994663306322884,72.99881972513157,,7.183477068898358,308.4640467321039,0.2286364257817826,1.0247337978074282,2.251638220448212
NGC4138,nfw,0.01,fullfit_outer_third,False,7,3,0,18.0,2.5,4,53.0,3.0,44.111,1.51,1.483,18.58,147.3,2,S0_T0,S0_T0,18.58,2.61,12.304635761589402,162.0,0.32976230181868665,1,0.8636437623361909,0.8624626789508341,0.1093252013449058,0.12176870748299319,0.006479727549166388,0.21149974520549653,0.32712140348393276,-0.2326137157905387,0.10462123207630013,False,False,False,not applicable,False,0.2317958098389613,0.4943085028027227,0.6636184610060668,0.9775074131734244,52.72749064539072,,3.6121997004878295,276.2277280186898,-0.33723494786683883,1.0900687623644534,2.2095150145426308
NGC4157,nfw,0.01,fullfit_outer_third,False,17,6,3,18.0,2.5,4,82.0,3.0,105.62,2.32,8.226,24.09,184.7,1,spiral_T1_9,spiral_T1_7,29.61,1.74,12.76293103448276,185.0,0.3445311366921031,0,0.2952974947577142,-0.7029978213920316,0.054715978595568406,0.05510752688172043,0.0016061151501268408,-0.014208889090366694,0.025467228647355965,0.08586935803857053,0.017469791947177266,False,False,False,not applicable,False,0.3998879941229106,0.5006641874307683,0.6384240524886754,0.9656914457908098,81.9234316473284,,149.8498433445328,577.2254045224425,0.06839956609139326,1.1059504224983996,2.2671717284030137
NGC4183,nfw,0.01,fullfit_outer_third,False,23,8,6,18.0,2.5,4,82.0,2.0,10.838,2.79,3.506,16.07,110.6,1,spiral_T1_9,spiral_T1_7,21.02,0.87,7.534050179211469,109.0,0.24187166578330843,0,-1.218713382369943,-0.9677081746132217,0.058339706468791275,0.047727084883048186,-0.010724299667345762,-0.09136497073331576,0.13822221468209844,-0.0879266400281697,0.08655046204250465,False,False,False,not applicable,False,0.1007386329064258,0.5117335225921615,0.7,0.994733628030723,81.99466737273802,,8.496510961684963,203.6935876779057,-0.17447710207067435,0.8770285084186259,2.037426497940624
NGC4217,nfw,0.01,fullfit_outer_third,False,19,7,3,18.0,2.5,4,86.0,2.0,85.299,2.94,2.562,16.7,181.3,1,spiral_T1_9,spiral_T1_7,16.72,0.87,5.687074829931973,179.0,0.5874801832027714,0,4.19672300052194,6.289261566351314,0.04260450565016867,0.03826815642458101,0.02388819523868945,0.46386168260187544,0.7301301165048705,0.04901213114836669,-0.17536791938545898,False,False,False,not applicable,False,4.403507410736316,0.8327049628450747,0.2539494630769079,0.7786437402810035,85.9108084117842,,24.077592428172142,404.27893295552366,0.22438005053382568,0.7548889426908403,2.2528530309798933
NGC4559,nfw,0.01,fullfit_outer_third,False,32,11,6,9.0,2.7,1,67.0,1.0,19.377,2.1,5.811,21.16,121.2,1,spiral_T1_9,spiral_T1_7,20.97,0.67,9.985714285714284,119.5,0.33695148481590975,0,1.4929286299026707,2.1387119611462992,0.04613882943850025,0.0468595041322314,0.012499356423102386,0.22386940497912447,0.2647858242939975,0.07449861432044043,-0.09809829348981777,False,False,False,not applicable,False,1.0417329314452963,0.4453241740045144,0.7,0.6874801205664111,66.96456787369182,,13.708803921038156,242.2375344719059,0.17259690781025822,0.9993791357314245,2.0773679052841563
NGC5005,nfw,0.01,fullfit_outer_third,False,18,6,4,16.9,1.5,5,68.0,2.0,178.72,9.45,1.28,10.41,262.2,1,spiral_T1_9,spiral_T1_7,11.47,0.49,1.2137566137566138,260.0,0.682692169642958,0,0.33586749375327446,0.23476069273684175,0.08355393558223746,0.08355345911949685,0.0012738036809916595,0.015525705145772797,0.0063202758707545355,0.023781921489429765,0.0012803334131806995,False,False,False,not applicable,False,0.938762698835242,0.5064139276066418,0.563925547848619,0.965502952853148,67.75859368147422,,1040.115009923215,2403.886136506673,0.022501588076249066,0.08413160939200474,2.4149733479708178
NGC5033,nfw,0.01,fullfit_outer_third,False,22,8,5,15.7,4.7,1,66.0,1.0,110.509,5.16,11.314,29.53,194.2,1,spiral_T1_9,spiral_T1_7,44.59,0.76,8.641472868217054,217.5,0.2624681385547809,0,2.376786613952728,3.2370894449211107,0.017049702977050066,0.015584520725388601,0.012843013575146462,0.8271185624611589,3.759774603066463,-0.18544060796333786,-0.22361727752488253,False,False,False,not applicable,False,1.3280821637541782,0.3864571185458806,0.5155725938687137,0.7658020215563779,65.96885121792933,,8.27013829976793,415.5624394358463,0.03817666956154467,0.9365877707223959,2.337459261290656
NGC5055,nfw,0.01,fullfit_outer_third,False,28,10,4,9.9,0.3,2,55.0,6.0,152.922,3.2,11.722,35.06,179.0,1,spiral_T1_9,spiral_T1_7,54.59,0.72,17.059375,189.0,0.30148861265080507,0,1.0198033335746488,0.6342912435201953,0.01908510540475273,0.0180933346176074,0.005615855754379983,0.46575018586875744,1.3473376907102887,-0.12475666633046226,-0.08263506663396482,False,False,False,not applicable,False,2.6836082176063467,0.2695312854683441,0.7,1.0074552388472084,60.75502735316564,,12.86429096229938,347.53681307325303,-0.04212159969649744,1.2319631159860553,2.2764618041732443
NGC5371,nfw,0.01,fullfit_outer_third,False,19,7,4,39.7,9.92,1,53.0,2.0,340.393,7.44,11.18,30.03,209.5,1,spiral_T1_9,spiral_T1_7,46.24,1.45,6.21505376344086,215.0,0.5646984860392011,0,-3.9088081497460627,-1.7817212525447985,0.018244829677478546,0.019138755980861243,-0.018458029172321918,-0.6463101853914951,3.5744951144940957,-0.30997694231557926,-0.11221494018718622,False,False,False,not applicable,False,1.321245134790248,0.3688463505925426,0.7,0.6866321202260854,52.632539337886826,,6.192356278067749,408.2720132146185,-0.19776200212839304,0.7934448898665939,2.3324384599156054
NGC5585,nfw,0.01,fullfit_outer_third,False,24,8,7,7.06,2.12,1,51.0,2.0,2.943,1.53,1.683,10.92,90.3,1,spiral_T1_9,spiral_T1_7,10.96,0.09,7.163398692810458,68.69999999999999,0.21595699061500612,0,-0.9930886554907747,-2.158627770533286,0.025822612088564928,0.029259104023705556,-0.011010182213785417,-0.32406482654434554,2.8188579635169955,0.2592439515558182,0.021500575291354587,False,False,False,not applicable,False,1.4791792861520077,0.3966613544303415,0.7,0.5558271831951478,50.686946819750325,,20.23347486186442,233.63013656625992,0.23774337626446362,0.8551191233307516,1.8369567370595503
NGC5907,nfw,0.01,fullfit_outer_third,False,19,7,5,17.3,0.9,2,88.0,2.0,175.425,5.34,21.025,0.0,215.0,1,spiral_T1_9,spiral_T1_7,50.33,5.03,9.425093632958802,218.0,0.2854637785065158,0,-5.001711960644038,-6.886902051577096,0.014619038872243386,0.013888888888888888,-0.02309819323918061,-1.14254575784468,5.43499546552798,-0.19839162011432082,0.03855080285540475,False,False,False,not applicable,False,2.655007928243418,0.2713121303714135,0.7,0.9606735997745632,87.92953401160351,,7.779815499275452,434.2482079113095,-0.23694242296972556,0.9742856733685831,2.3384564936046046
NGC5985,nfw,0.01,fullfit_outer_third,False,33,11,3,39.7,9.9,1,60.0,2.0,208.728,7.01,11.586,39.5,293.6,1,spiral_T1_9,spiral_T1_7,34.72,3.54,4.9529243937232525,291.0,0.27124533215296626,0,-1.2266514772255628,-1.4939675410049063,0.015244266210500833,0.013888888888888888,-0.0041355212901896315,-0.27514057553415044,1.094553958786692,-0.07844394659181408,-0.02614661196852798,False,False,False,not applicable,False,2.9071098921869543,0.4377337405776623,0.6756331593140118,0.2750532006888956,59.738771011294034,,8.262171157071524,610.4643526433831,-0.052297334623286104,0.6948616985377957,2.4638929889859074
NGC6015,nfw,0.01,fullfit_outer_third,False,44,15,6,17.0,5.1,1,60.0,2.0,32.129,2.3,5.834,21.43,154.1,2,spiral_T1_9,spiral_T1_7,29.23,0.34,12.708695652173914,152.0,0.20998834752909432,1,-7.689745885494009,-7.303390116630311,0.03903009067061294,0.03795180722891566,-0.0480981994372577,-1.4004781140483435,2.5094339805664108,-0.14097982290896827,-0.1752652489012261,False,False,False,not applicable,False,1.103930721938286,0.6447080256036686,0.7,0.7043028102490799,59.81203144573032,,7.639962745710458,294.6313851776972,0.03428542599225784,1.1041009793398435,2.1818435879447726
NGC6195,nfw,0.01,fullfit_outer_third,False,23,8,3,127.8,12.8,1,62.0,5.0,391.076,13.94,20.907,40.89,251.7,1,spiral_T1_9,spiral_T1_7,36.43,1.33,2.6133428981348636,247.0,0.688132100245497,0,-2.4967408703047838,-1.4191259941938625,0.03021996464061704,0.02656990134138371,-0.00969189819102012,-0.24005449522544503,0.27822234009645097,-0.02397147181614127,-0.03355465654286811,False,False,False,not applicable,False,0.9199458085950803,0.404552997582992,0.7318963055006823,0.9922675494449728,61.639693097151785,,608.0316838302497,1117.6030505425622,0.009583184726726836,0.41719639747992526,2.392696953259666
NGC6503,nfw,0.01,fullfit_outer_third,False,31,11,6,6.26,0.31,2,74.0,2.0,12.845,2.16,1.744,14.05,116.3,1,spiral_T1_9,spiral_T1_7,23.5,0.76,10.87962962962963,116.0,0.16276716824196596,0,-1.0646549809513446,-0.13779588050424252,0.0252233444546075,0.017391304347826087,-0.009130755047196966,-0.28724126682403256,0.38682520095591894,-0.08360816762301915,0.016181861344993498,False,False,False,not applicable,False,0.9291592841157872,0.4036956557677458,0.7,0.984986750001382,73.75466123603674,,7.794364201572471,228.1020544763655,-0.09979002896801265,1.0366141111208054,2.0644579892269186
NGC6674,nfw,0.01,fullfit_outer_third,False,15,5,3,51.2,10.2,1,54.0,6.0,214.654,6.04,32.165,50.02,241.3,1,spiral_T1_9,spiral_T1_7,72.41,2.5,11.988410596026489,242.0,0.17472055687751997,0,0.02816605210560965,1.4427831311095929,0.01241184060530898,0.00847457627118644,0.00021344827226394135,-0.26513877717812306,1.4915157781986896,0.09718628790133285,0.06678730440675053,False,True,False,not applicable,False,2.1084904132685414,0.8124919105055702,0.8253925913332174,1.2967549412141806,60.80755751211485,,4999.999999999995,2403.458152420042,0.030398983494582324,1.0787616088594338,2.383815365980431
NGC6789,nfw,0.01,fullfit_outer_third,False,4,2,11,3.52,0.18,2,43.0,7.0,0.1,0.31,0.017,0.97,0.0,2,irregular_T10_11,late_T8_11,0.71,0.1,2.290322580645161,38.3,0.12654656163302208,1,-6.59258856731784,-6.59258856731784,0.12171178581051378,0.12171178581051378,-0.11692308734876397,-0.9214579559976281,0.8688698266318583,0.4460540101706487,0.7775174255266631,False,True,False,not applicable,False,0.0225347510954392,0.4983479509110449,0.7,1.000226078355117,43.15774325766807,,4999.999999999995,5530.266283426398,-0.3314634153560144,0.35989665488480255,1.5831987739686226
NGC6946,nfw,0.01,fullfit_outer_third,False,58,20,6,5.52,1.66,2,38.0,2.0,66.173,2.44,5.67,21.25,158.9,1,spiral_T1_9,spiral_T1_7,20.4,0.19,8.360655737704917,167.0,0.43226802557093225,0,4.975961984094684,5.851385060933197,0.0708936354357135,0.0630921105007563,0.031566914952813295,0.4524789767152651,0.3312566898537932,-0.13907517818611645,-0.2632018850752571,False,False,False,not applicable,False,1.1108537641765728,0.4836299396119694,0.5420166948407513,0.9240468435419136,37.86058443654139,,15.681189971896949,301.0681862754212,0.12412670688914065,0.9222403410871692,2.2227164711475833
NGC7331,nfw,0.01,fullfit_outer_third,False,36,12,3,14.7,1.5,3,75.0,2.0,250.631,5.02,11.067,27.01,239.0,1,spiral_T1_9,spiral_T1_7,36.31,2.67,7.2330677290836665,239.0,0.3937968770300031,0,-1.0027236458163056,-0.9030320932622118,0.018890929840452528,0.016773331457908432,-0.004156190872322951,-0.1676793477193376,0.26592502760356224,-0.0281825230446517,0.01495909441891942,False,False,False,not applicable,False,1.207162753398222,0.4182868627053155,0.59878005260956,0.8768201272042631,74.60109110448272,,41.65273768615522,476.3173594834871,-0.04314161746357112,0.8593225317678731,2.3783979009481375
NGC7793,nfw,0.01,fullfit_outer_third,False,46,16,7,3.61,0.18,2,47.0,9.0,7.05,1.21,0.861,7.35,0.0,1,spiral_T1_9,spiral_T1_7,7.87,0.11,6.5041322314049586,76.2,0.38746126497272737,0,-5.10972228599253,-5.449917831244761,0.07905209472603564,0.07267187047232687,-0.043760727978520084,-0.5361991654141787,1.1945748244697465,0.0022175774155021805,-0.09778945475832233,False,False,False,not applicable,False,0.8325959988993435,0.493567443320091,0.7,1.0091509022446694,54.49336399009409,,11.49919433083044,188.6246400680664,0.10000703217382452,0.8131893620426145,1.8819549713396004
NGC7814,nfw,0.01,fullfit_outer_third,False,18,6,2,14.4,0.66,2,90.0,1.0,74.529,2.54,1.07,12.15,218.9,1,spiral_T1_9,spiral_T1_7,19.53,0.63,7.6889763779527565,221.0,0.2876487837365709,0,-1.1553178103357549,-1.091615805544862,0.020140186915887853,0.021588785046728974,-0.005398681356709134,-0.20881171787897226,0.19766566721977288,-0.07001862480574916,1.2252844692538907e-13,True,False,False,not applicable,False,1.0060872193971837,0.5113689957060785,0.5552509599754917,0.9911820020609324,89.99999999984375,,10.843182506460668,401.1242623856005,-0.07001862480587169,0.8858685266679164,2.3443922736851106
UGC00128,nfw,0.01,fullfit_outer_third,False,22,8,8,64.5,9.7,1,57.0,10.0,12.02,5.95,7.431,31.27,129.3,1,spiral_T1_9,late_T8_11,53.75,1.25,9.033613445378151,127.5,0.12419543667642524,0,-1.0939274326864101,-1.1000284516946763,0.02097928581700921,0.015449457259158753,-0.007904595864100802,-0.11690796831331685,3.3996668772738627,-0.09117372955205136,0.0318093358483769,False,False,False,not applicable,False,0.4466133866698064,0.4643926547416033,0.7,0.9606982237458704,52.533866133301935,,17.01154764195717,261.2731474554151,-0.12298306540042825,0.9558615028590933,2.1055101847699738
UGC00191,nfw,0.01,fullfit_outer_third,False,9,3,9,17.1,5.1,1,45.0,5.0,2.004,1.58,1.343,10.03,0.0,1,spiral_T1_9,late_T8_11,9.98,0.62,6.3164556962025316,57.6,0.24472710607981227,0,-0.5622809304122569,-0.4443468860147135,0.011467120422201658,0.0124031007751938,-0.0073393090891225995,-0.36028898739294407,1.5905631806453646,0.1624482665861657,0.12924829243295302,False,False,False,not applicable,False,0.8110078427479466,0.6026578093635284,0.7,1.0616991663175783,45.628705179726566,,9.395375438705791,160.41367150150904,0.033199974153212686,0.8004734543329485,1.760422483423212
UGC00634,nfw,0.01,fullfit_outer_third,False,4,2,9,30.9,7.7,1,37.0,8.0,2.989,2.45,3.663,16.78,0.0,2,spiral_T1_9,late_T8_11,18.01,4.51,7.351020408163265,102.6,0.16428407044890797,1,1.1698097161074088,1.1698097161074088,0.015374031007751938,0.015374031007751938,0.010898516006459188,0.28149444496960646,1.1997693252215589,0.10788942219924251,-0.016140618650010635,False,False,False,not applicable,False,0.5024091852198501,0.4700610791435882,0.7,1.0892207845379618,41.0192734817588,,23.963838932174998,239.65004075572105,0.12403004084925315,0.8663476284550008,2.0111473607757975
UGC00731,nfw,0.01,fullfit_outer_third,False,12,4,10,12.5,3.75,1,57.0,3.0,0.323,2.3,1.807,11.57,73.3,1,irregular_T10_11,late_T8_11,10.91,0.91,4.743478260869566,66.35,0.24415296599595537,0,1.1385385623193542,1.235619012358491,0.04116642405310319,0.04093733977880319,0.015408907388618925,0.34679070920482513,0.20680254344965882,0.13934770038591543,0.019094499938272287,False,False,False,not applicable,False,0.2943326476069343,0.5034450603848193,0.7,0.9117002057179198,56.81622798020602,,8.589743153223484,149.1998795072752,0.12025320044764315,0.676096914570749,1.8218409272004543
UGC00891,nfw,0.01,fullfit_outer_third,False,5,2,9,10.2,3.1,1,60.0,5.0,0.374,1.43,0.428,6.23,0.0,2,spiral_T1_9,late_T8_11,7.39,1.48,5.1678321678321675,54.15,0.159863374353806,1,0.36230989698275096,0.36230989698275096,0.011441005329812723,0.011441005329812723,0.0054873673605109795,0.1662807738638169,1.1005850948530909,0.3792998081575051,0.26612999623608946,False,True,False,not applicable,False,0.3432094597787094,0.4620075347059519,0.7,1.0491642270884995,60.27821128285596,,4999.999999615254,2212.8759906089667,0.11316981192141562,0.7133084009297639,1.733598460961339
UGC01281,nfw,0.01,fullfit_outer_third,False,25,9,8,5.27,0.24,2,90.0,1.0,0.353,1.63,0.294,5.26,55.2,1,spiral_T1_9,late_T8_11,4.99,0.08,3.0613496932515343,37.4,0.17792381466511326,0,-2.886237307960679,-3.6762871789859233,0.10202899652533787,0.07393715341959334,-0.056628200128524604,-0.5592237704024036,0.5738905877741619,0.44376058626115805,0.2749395828795249,True,True,False,not applicable,False,0.2394592557320024,0.4910878357132072,0.7,1.010905165346429,89.99999999996385,,4999.999999999968,2381.7325610382763,0.16882100338163314,0.4859129412194322,1.57287160220048
UGC02259,nfw,0.01,fullfit_outer_third,False,8,3,8,10.5,3.1,1,41.0,3.0,1.725,1.62,0.494,7.28,86.2,2,spiral_T1_9,late_T8_11,8.14,1.02,5.0246913580246915,83.25,0.1748218135692565,1,-1.3602852221041293,-1.12909977066559,0.025607586305787466,0.026047565118912794,-0.015101766167070573,-0.43160916399567967,0.5751058288872791,4.115526879848212e-05,0.15882201334078364,False,False,False,not applicable,False,0.1286882581973633,0.4930681300603068,0.7,0.9620063237703024,40.84764233586995,,3.721874200423104,170.98545342733337,-0.15878085807198516,0.7011093903465703,1.9203842421783575
UGC02487,nfw,0.01,fullfit_outer_third,False,17,6,0,69.1,10.4,1,36.0,5.0,489.955,7.89,17.963,40.2,332.0,1,S0_T0,S0_T0,80.38,9.93,10.187579214195184,364.0,0.18538000679943453,0,-6.331017707085891,-5.125571027741216,0.01919441082303169,0.008691949894077552,-0.019066109780984192,-0.31331253830517064,2.8584331197986264,-0.20467090137180077,0.012208453477836985,False,False,False,not applicable,False,1.4626123584447657,0.7002147262291061,0.5795042125620856,1.0838289258551077,40.14938736470645,,21.50931419698889,589.0219439807613,-0.21687935484963775,1.0080709986465957,2.561101383649056
UGC02885,nfw,0.01,fullfit_outer_third,False,19,7,5,80.6,8.06,1,64.0,4.0,403.525,11.4,40.075,74.24,289.5,1,spiral_T1_9,spiral_T1_7,74.07,1.7,6.497368421052631,287.0,0.2637727538173956,0,-1.2036943505622568,-1.40788467157779,0.03365555103166577,0.03355704697986577,-0.004045706743959715,-0.12036943505622569,0.024949614125499644,0.051649325719369275,0.036312056080300824,False,False,False,not applicable,False,1.327037430836418,0.4801684603072935,0.9501710258976518,1.045311017652531,65.22112105807997,,70.57376316237611,580.6756547763798,0.015337269639068452,0.812737493315122,2.4578818967339924
UGC02916,nfw,0.01,fullfit_outer_third,False,43,15,2,65.4,9.8,1,50.0,5.0,124.153,6.15,23.273,34.24,182.7,2,spiral_T1_9,spiral_T1_7,38.0,0.37,6.178861788617886,211.0,0.5284761147867493,1,0.3065779404346282,0.13845324123735736,0.048299808678273014,0.056906077348066304,0.0006725011836159696,0.28539614751836745,1.18615542548266,-0.1507475695258873,-0.11663812130836626,True,True,False,not applicable,False,5.999999999999999,1.990535852767486,0.1758320502056706,1.1486092844609157,54.69751032703099,,0.0200000000000006,789.9833421970224,-0.03410944821752104,0.7909084808413934,2.3242824552976926
UGC02953,nfw,0.01,fullfit_outer_third,False,115,39,2,16.5,4.95,1,50.0,4.0,259.518,3.55,7.678,24.0,264.9,2,spiral_T1_9,spiral_T1_7,62.39,0.09,17.574647887323945,266.0,0.25860770708437164,1,-0.4624089864333817,1.0821096810985864,0.010958766408008256,0.006959706959706959,-0.0019420335253531502,0.3427754095081868,6.594540908348458,-0.1392965598442828,-0.11044155086241755,False,False,False,not applicable,False,0.8679995431906707,0.5452896682321486,0.573189314620835,1.106878955044775,50.60299847110888,,21.629122816672687,487.6374936590516,-0.028855008981865243,1.2448866325752692,2.424881636631067
UGC03205,nfw,0.01,fullfit_outer_third,False,48,16,2,50.0,10.0,1,67.0,4.0,113.642,3.19,9.677,28.6,219.6,1,spiral_T1_9,spiral_T1_7,40.04,0.28,12.551724137931034,221.0,0.3771670627882776,0,-1.8851786112671114,2.0299368611499204,0.023211674993132446,0.0185940970793912,-0.008709385033983373,-0.46487429796561874,3.5105168825558706,-0.14881598042401661,-0.036100565000581744,False,False,False,not applicable,False,2.6936018892729736,0.2784023383019048,0.7994605573571557,0.4612796221454053,65.41231672371406,,5.125535064458068,457.74198949584274,-0.11271541542343487,1.0987033857500998,2.3443922736851106
UGC03546,nfw,0.01,fullfit_outer_third,False,30,10,1,28.7,7.2,1,55.0,5.0,101.336,3.79,2.675,18.37,196.9,1,spiral_T1_9,spiral_T1_7,29.23,0.63,7.712401055408971,204.5,0.4117708455180804,0,-0.39597121300770655,0.956824506146333,0.025942538242124093,0.009556909299177341,-0.002030764064213922,0.12066187368429233,1.4164509192055241,-0.1090937211516573,-0.07923382458063677,False,False,False,not applicable,False,0.8395513065418138,0.5063911591814045,0.5809595769600554,0.7893808568954335,53.28042269895703,,11.080212253929258,357.9079977326504,-0.029859896571020533,0.8871896053893641,2.3106933123433606
UGC03580,nfw,0.01,fullfit_outer_third,False,47,16,1,20.7,5.2,1,63.0,4.0,13.266,2.43,4.37,19.97,126.2,2,spiral_T1_9,spiral_T1_7,27.06,0.11,11.1358024691358,91.4,0.3161361252057884,1,-0.46860261881934484,-0.9458352303640893,0.023666684713942253,0.013468396946564886,-0.003620528391530323,-0.03945242887662204,2.682450904622044,0.15762377239936134,0.1543078384759189,False,False,False,not applicable,False,2.9996431118536613,0.8470389958083548,0.3508598948040178,0.4394562143584678,61.8325895094538,,22.90901753856234,273.77445704594066,0.0033159339234424545,1.0467215186632919,1.9609461957338314
UGC04278,nfw,0.01,fullfit_outer_third,False,25,9,7,9.51,2.85,1,90.0,3.0,1.307,2.21,1.116,8.9,91.4,1,spiral_T1_9,spiral_T1_7,6.69,0.14,3.0271493212669687,53.7,0.16641184029013883,0,-4.746870070189345,-5.143712561911528,0.09052219243578079,0.05610098176718093,-0.057589643889658114,-0.8705732691897565,1.1067323043587105,0.7756089173493157,0.6560207926059857,True,True,False,not applicable,False,0.9908756040702412,0.3979994243504868,0.7,0.9600891799885796,89.99999999993771,,4999.999999998779,3035.7346925451707,0.11958812474333003,0.48103384408271244,1.7299742856995557
UGC04325,nfw,0.01,fullfit_outer_third,False,8,3,9,9.6,2.88,1,41.0,3.0,2.026,1.86,0.678,6.61,90.9,1,spiral_T1_9,late_T8_11,5.59,0.7,3.005376344086021,89.4,0.2256648989220341,0,1.6747384241161238,1.1700811819223134,0.03317737014582734,0.03329694323144105,0.01824384870881453,0.549094565283975,0.37196545832526556,0.06294397297934116,-0.0017127028282443125,False,False,False,not applicable,False,0.5873278538752392,0.5724041710042599,0.7,1.1494195576704112,41.67349582787299,,3.961864738168384,176.2257200621784,0.06465667580758548,0.4778988636685069,1.9513375187959177
UGC04483,nfw,0.01,fullfit_outer_third,False,8,3,10,3.34,0.31,2,58.0,3.0,0.013,0.18,0.032,1.46,0.0,2,irregular_T10_11,late_T8_11,1.21,0.08,6.722222222222222,20.8,0.30536472918516494,1,-0.10716928491420792,-0.27658659831876875,0.07315062960086706,0.07685589519650655,-0.004614126154981485,0.0011105533073925145,0.081886715822327,0.285611345642963,0.18467328846951672,False,False,False,not applicable,False,0.0566405828996882,0.4981690930959906,0.7,1.005257060089492,58.119867868833744,,3.699612228938125,62.04266664913744,0.10093805717344626,0.827512865213144,1.3180633349627615
UGC04499,nfw,0.01,fullfit_outer_third,False,9,3,8,12.5,3.75,1,50.0,3.0,1.552,1.73,1.1,8.67,72.8,1,spiral_T1_9,late_T8_11,8.18,0.91,4.728323699421965,66.9,0.2861925053369789,0,0.5438929831634501,0.9967959984773813,0.03625436031709959,0.03628922237380628,0.007256788192214758,0.20354120118011784,0.31572687257760707,0.26215218439747257,0.08081925039467622,False,False,False,not applicable,False,0.269076947080427,0.4699615306627983,0.7,0.9804659685519712,49.94378997441125,,13.960614754844515,165.64423147272976,0.18133293400279635,0.6747072005425275,1.825426117767823
UGC05005,nfw,0.01,fullfit_outer_third,False,11,4,10,53.7,10.7,1,41.0,10.0,4.1,3.2,3.093,21.61,98.9,1,irregular_T10_11,late_T8_11,28.61,0.78,8.940624999999999,72.5,0.18640914733908062,0,-0.920193600634768,-2.381532162302932,0.10112460175822863,0.10075589764622041,-0.009516130360460489,-0.0920193600634768,0.22103501446949103,0.3111818589250986,0.03909636111121067,False,False,False,not applicable,False,0.0649236922936032,0.4925809762193961,0.7,0.9979370545975252,40.7902371052998,,103.547759627595,306.7024022311588,0.2720854978138879,0.9513678794853566,1.8603380065709938
UGC05253,nfw,0.01,fullfit_outer_third,False,73,25,2,22.9,5.72,1,37.0,4.0,171.582,8.07,16.396,36.64,213.7,2,spiral_T1_9,spiral_T1_7,53.29,0.13,6.603469640644361,246.0,0.3933591395251978,1,1.8370820537463646,1.1711818784856405,0.023403240336267176,0.01695238095238095,0.009245455747432282,0.12382682176769294,3.2987101728143347,-0.048818404065015995,-0.0667285920027875,False,False,False,not applicable,False,2.2628931634178278,0.2969481937916529,0.9811978032599358,0.7008309459811826,34.24271727268074,,13.13467572288799,458.1407691447458,0.0179101879377715,0.8197721855188413,2.3909351071033793
UGC05414,nfw,0.01,fullfit_outer_third,False,6,2,10,9.4,2.82,1,55.0,3.0,1.123,1.47,0.574,6.65,0.0,1,irregular_T10_11,late_T8_11,4.11,0.68,2.795918367346939,48.9,0.313434746410555,0,-0.9460451554795029,-0.9460451554795029,0.0413485800798275,0.0413485800798275,-0.01596192779800888,-0.3877234243768454,0.15221557374426803,0.41076723515003266,0.42372651905355635,False,True,False,not applicable,False,0.3603178927568062,0.4601910998000446,0.7,0.9986381368037832,54.99667489144858,,4999.999999999995,2495.09665645921,-0.012959283903523688,0.44652448712789317,1.6893088591236203
UGC05716,nfw,0.01,fullfit_outer_third,False,12,4,9,21.3,5.3,1,54.0,10.0,0.588,1.14,1.094,10.64,73.1,2,spiral_T1_9,late_T8_11,12.37,1.03,10.850877192982457,69.95,0.18186381409976057,1,0.3878335394415906,0.4725381885728268,0.016628387943814528,0.0141640371164524,0.005402610750019918,0.5823406965235095,1.1294851559922696,0.04808952818182813,0.06784009892025893,False,False,False,not applicable,False,0.4066719598168403,0.4553054075574382,0.7,1.0747917180470032,56.94891204485584,,8.644281892409797,146.03621777852706,-0.019750570738430798,1.035464848292648,1.8447877188278465
UGC05721,nfw,0.01,fullfit_outer_third,False,23,8,7,6.18,1.85,1,61.0,5.0,0.531,0.38,0.562,6.74,79.7,1,spiral_T1_9,spiral_T1_7,6.74,0.09,17.736842105263158,78.3,0.12487903428935179,0,1.7812564719823314,1.9046633299396873,0.05819056653975417,0.058290911161545916,0.02271350099179685,0.3897716568889128,0.16997559609410834,0.016170776126003882,0.018958150053645192,False,False,False,not applicable,False,0.4006935376522011,0.4559326046433009,0.7,0.9139595315811052,60.56792990404361,,2.3890917888755747,163.96082111380676,-0.0027873739276413102,1.2488762999185097,1.8937617620579434
UGC05750,nfw,0.01,fullfit_outer_third,False,11,4,8,58.7,11.7,1,64.0,10.0,3.336,3.46,1.099,16.79,0.0,1,spiral_T1_9,late_T8_11,22.85,0.31,6.604046242774567,49.8,0.24245941896824758,0,-1.9078929340081814,-5.687195440671736,0.15663260155247055,0.15398255568976657,-0.028760404053586097,-0.1480177088710639,0.3954523035125873,0.32436427100259774,0.11705870304189178,False,False,False,not applicable,False,0.2681413410454916,0.5318438461030678,0.7,1.052215889925332,66.13564790925324,,68.1252031862653,229.9949352669962,0.20730556796070596,0.8198101056130924,1.6972293427597176
UGC05764,nfw,0.01,fullfit_outer_third,False,10,4,10,7.47,2.24,1,60.0,10.0,0.085,1.17,0.163,3.51,0.0,2,irregular_T10_11,late_T8_11,3.62,0.36,3.094017094017094,49.95,0.17285138301472214,1,3.5015743067400553,4.028771325104202,0.033786668940876605,0.0333100358422939,0.06986059168581063,1.510339861981866,4.476256435518198,0.08209686365506438,-0.35865650185612036,False,False,False,not applicable,False,0.5608521843877421,0.508180361691969,0.7,1.1681805747026162,63.75947989840824,,2.5656960641414663,112.54823795680946,0.4407533655111847,0.4905227087870041,1.698535492562001
UGC05829,nfw,0.01,fullfit_outer_third,False,11,4,10,8.64,2.59,1,34.0,10.0,0.564,1.99,1.023,7.87,0.0,2,irregular_T10_11,late_T8_11,6.91,0.63,3.472361809045226,47.9,0.30503937330639175,1,0.07131214134548713,-0.19446131285589274,0.08052577307064797,0.08024746855788162,0.0014560288681598763,0.014093308566301803,0.020784359039582593,0.5353651171844213,0.5676244785679566,False,False,False,not applicable,False,0.0552339206458661,0.5024104790409886,0.7,0.9905173770638264,33.44766079354134,,201.65276437425624,446.9623925655128,-0.03225936138353536,0.5406249709644918,1.6803355134145632
UGC05918,nfw,0.01,fullfit_outer_third,False,8,3,10,7.66,2.3,1,46.0,5.0,0.233,1.66,0.297,5.9,0.0,2,irregular_T10_11,late_T8_11,4.46,0.56,2.6867469879518073,38.099999999999994,0.18491850162004891,1,0.37247129934369383,0.5027060371269698,0.09198549246096556,0.09225352112676057,0.008576939596937205,0.09477641204674143,0.013467704083677834,0.30488164903673626,0.2651408013052205,False,False,False,not applicable,False,0.018034025519332,0.5020805606782068,0.7,0.996870103321883,45.97080570228788,,7.27662865831053,101.18011391807772,0.03974084773151576,0.4292267706720868,1.5809249756756192
UGC05986,nfw,0.01,fullfit_outer_third,False,15,5,9,8.63,2.59,1,90.0,3.0,4.695,1.67,2.667,16.53,113.0,2,spiral_T1_9,late_T8_11,9.41,0.63,5.634730538922156,109.0,0.17039351471744255,1,6.029502016211526,4.879991569369764,0.037172920788809266,0.03294642857142857,0.05560670304666163,1.1151961755316089,2.341109131077778,0.19412075646654856,-0.2653505606673738,True,False,False,not applicable,False,1.9831860440595612,0.597180342121461,0.7,1.595185614613472,89.99999999988282,,143.78979206083648,616.0365833414833,0.4594713171339223,0.7508731522796737,2.037426497940624
UGC06399,nfw,0.01,fullfit_outer_third,False,9,3,9,18.0,2.5,4,75.0,2.0,2.296,2.05,0.674,8.8,85.0,1,spiral_T1_9,late_T8_11,7.85,0.87,3.829268292682927,77.5,0.20608301625687842,0,1.641438776933948,1.9846971890535343,0.05714767839203699,0.057242990654205614,0.018930336220272098,0.334987505496724,0.16669187326631266,0.28542434351132456,0.1620546867634558,False,False,False,not applicable,False,0.136354339630964,0.5159474119189449,0.7,1.0135756803622558,75.02663735013535,,26.85672910256004,253.31755556246517,0.12336965674786876,0.5831157956894982,1.8893017025063104
UGC06446,nfw,0.01,fullfit_outer_third,False,17,6,7,12.0,3.6,1,51.0,3.0,0.988,1.49,1.379,10.33,82.2,1,spiral_T1_9,spiral_T1_7,10.22,0.58,6.859060402684564,80.1,0.20236831410194617,0,1.097991024530323,0.7959364321396976,0.0767626899939743,0.0650126378531997,0.013584534465582894,0.14295948147685264,0.05006476564229801,0.031336553290759475,-0.03720203517212799,False,False,False,not applicable,False,0.0647644104111226,0.5028287958656852,0.7,0.9805706768766632,50.94604269073249,,5.439815822034188,164.36367277271958,0.06853858846288746,0.8362646273864199,1.9036325160842376
UGC06614,nfw,0.01,fullfit_outer_third,False,13,5,1,88.7,8.87,1,36.0,10.0,124.35,5.1,21.888,60.63,199.8,1,spiral_T1_9,spiral_T1_7,64.59,3.23,12.664705882352942,193.0,0.2647051215567101,0,-0.18321988587713917,-4.411073375143246,0.07910224298733501,0.0784313725490196,-0.0013062627641612326,-0.06247963269557357,0.24032708974490893,0.15654526111848294,0.05420769856565156,False,False,False,not applicable,False,0.609121197234834,0.4834837917305231,0.6869940464301446,0.989859407188864,29.90878802765166,,74.43677253091286,468.6693595323923,0.10233756255283138,1.1025951084452132,2.285557309007774
UGC06667,nfw,0.01,fullfit_outer_third,False,9,3,6,18.0,2.5,4,89.0,1.0,1.397,5.15,0.809,8.59,83.8,1,spiral_T1_9,spiral_T1_7,7.85,0.87,1.524271844660194,77.3,0.12067435587767156,0,1.323525319628634,1.689260035959819,0.036893894080385944,0.03571428571428571,0.01538675734406069,0.39291196327450106,0.5724819069440792,0.3169369960208687,0.08015408634757416,False,False,False,not applicable,False,0.1333141433800351,0.5028057210517114,0.7,1.0185158532472272,89.00059520332601,,19.94869506115409,237.50145215073152,0.23678290967329457,0.18306242770406148,1.888179493918325
UGC06786,nfw,0.01,fullfit_outer_third,False,45,15,0,29.3,7.32,1,64.0,3.0,73.407,3.6,5.03,20.31,219.4,1,S0_T0,S0_T0,34.05,0.16,9.458333333333332,218.0,0.21882340962487276,0,0.8923987197891676,-0.21501833885696442,0.020053621332044604,0.012455357142857143,0.004214542210096274,0.10428272329992166,0.5775105852735185,-0.03487895840408974,-0.04915869188380944,False,False,False,not applicable,False,1.115374371725268,0.3867519990481562,0.7845640047121337,0.7414519912029578,63.51932363828252,,10.447450199089229,453.6311580331691,0.014279733479719697,0.9758146154815166,2.3384564936046046
UGC06787,nfw,0.01,fullfit_outer_third,False,71,24,2,21.3,5.32,1,66.0,3.0,98.256,5.37,5.03,26.44,248.1,2,spiral_T1_9,spiral_T1_7,37.19,0.12,6.925512104283054,238.0,0.22877949993764468,1,-1.266663672121999,-2.099162744012432,0.010344538869694574,0.010986566554295637,-0.004025602916480968,-0.7488485821800374,34.63925082273396,0.050604994972882074,0.04581494646680139,False,True,False,not applicable,False,5.4164199086671125,0.7736994978839347,0.2011203652930111,2.187169296865902,70.60380874187035,,4999.99999998939,3672.4463359335655,0.0047900485060806824,0.840451892659417,2.376576957056512
UGC06818,nfw,0.01,fullfit_outer_third,False,8,3,9,18.0,2.5,4,75.0,3.0,1.588,1.39,1.079,6.96,71.2,2,spiral_T1_9,late_T8_11,6.98,0.87,5.02158273381295,55.45,0.2113258565048605,1,-5.4982699444390235,-4.912329384036582,0.080828947739583,0.08064516129032258,-0.07671214122244928,-0.9904868434004563,1.3245718213515096,0.4054411118766343,0.14204050883293032,False,True,False,not applicable,False,1.1107113041603571,0.3871674819328448,0.7,0.9222993673533714,74.68028352351065,,4999.999999999977,2395.0881250914767,0.26340060304370394,0.7008406223690661,1.743901550485179
UGC06917,nfw,0.01,fullfit_outer_third,False,11,4,9,18.0,2.5,4,56.0,2.0,6.832,2.76,2.023,12.67,108.7,1,spiral_T1_9,late_T8_11,10.47,1.74,3.793478260869566,100.0,0.25407438842593283,0,1.463569123210842,1.8248719642954327,0.042668832304754635,0.04132034632034633,0.013779468829356278,0.3425244967932066,0.16549635216816164,0.259086698590659,0.2826966737281643,False,False,False,not applicable,False,0.2719941655697132,0.469645956743938,0.7,0.97169503051647,55.86503629214901,,16.702951414542675,245.96742855805252,-0.02360997513750529,0.5790375996136247,2.0
UGC06923,nfw,0.01,fullfit_outer_third,False,6,2,10,18.0,2.5,4,65.0,2.0,2.89,1.44,0.809,6.75,79.6,2,irregular_T10_11,late_T8_11,5.16,0.93,3.5833333333333335,75.7,0.35294806338760826,1,2.004934756151272,2.004934756151272,0.0648600656484063,0.0648600656484063,0.024843534481884998,0.3899051661334249,0.20297604337160602,0.3449341213771275,0.15635749550027625,False,False,False,not applicable,False,0.2302669475074258,0.4741800843581794,0.7,0.9823807957278304,64.9414228389868,,86.30344791654275,421.3709549525328,0.18857662587685123,0.5542872095319618,1.8790958795000727
UGC06930,nfw,0.01,fullfit_outer_third,False,10,4,7,18.0,2.5,4,32.0,5.0,8.932,3.94,3.237,16.76,107.2,1,spiral_T1_9,spiral_T1_7,16.61,1.74,4.215736040609137,105.0,0.28809079861111114,0,0.6081926372933992,0.3391518446950812,0.06331549439347604,0.06851851851851852,0.005627392047393151,0.08489464492401261,0.017353959154664138,-0.04213051994641466,-0.028485514113480336,False,False,False,not applicable,False,0.1077661787843292,0.4952948157390047,0.7,0.9926582624808464,31.461169106078355,,9.945023898089966,203.3049257893907,-0.013645005832934324,0.6248734106258204,2.0211892990699383
UGC06983,nfw,0.01,fullfit_outer_third,False,17,6,6,18.0,2.5,4,49.0,1.0,5.298,3.21,2.967,16.07,109.0,1,spiral_T1_9,spiral_T1_7,15.68,1.74,4.8847352024922115,108.0,0.22347473519283745,0,3.019934133442687,3.328584571390735,0.0788791842996736,0.08481991165477404,0.027852569708379443,0.36706431205772055,0.1551545718773255,0.012226290870040768,-0.02579160009491702,False,False,False,not applicable,False,0.118054780423582,0.489485748511041,0.7,0.9836035027189468,48.97460812934104,,8.365537486154087,216.4133595591026,0.038017890964957786,0.6888410259435476,2.03342375548695
UGC07089,nfw,0.01,fullfit_outer_third,False,12,4,8,18.0,2.5,4,80.0,3.0,3.585,2.26,1.214,9.29,0.0,2,spiral_T1_9,late_T8_11,9.16,0.87,4.053097345132744,66.2,0.30942208618302114,1,-0.6639112923964419,-0.6508666013976239,0.08510886248789774,0.08476947989909497,-0.008414901754750728,-0.09846938282164903,0.02126546178570114,0.35363478893324884,0.44050909434726304,False,True,False,not applicable,False,0.3230319335697081,0.4641590375973727,0.7,0.9786958854571032,79.93975684250876,,4999.999999999995,2192.8022325653883,-0.0868743054140142,0.6077870345204496,1.8208579894397
UGC07125,nfw,0.01,fullfit_outer_third,False,13,5,9,19.8,5.9,1,90.0,3.0,2.712,3.38,4.629,23.04,65.2,1,spiral_T1_9,late_T8_11,18.68,1.44,5.5266272189349115,61.5,0.4483119317793022,0,1.4101998369674078,1.4433309477136476,0.044497031450004866,0.046564885496183206,0.021617406846864924,0.4681067460353371,0.2645676777607072,0.021300166570790403,-0.028336519551028175,True,False,False,not applicable,False,1.034034409225723,0.4918266066827221,0.7,0.6918786356347593,89.99999999994141,,14.490282715964293,127.04392447449509,0.04963668612181858,0.7424601716164199,1.7888751157754168
UGC07151,nfw,0.01,fullfit_outer_third,False,11,4,6,6.87,0.34,2,90.0,3.0,2.284,1.25,0.616,6.39,73.5,1,spiral_T1_9,spiral_T1_7,5.5,0.5,4.4,67.2,0.3329463804370862,0,1.2285555732180597,1.3385983528385879,0.04319286431360928,0.04293845596886596,0.016599936182403525,0.37914952847961614,0.165308452657429,0.250050598043565,0.20471733563260655,True,False,False,not applicable,False,1.5412675944683163,0.7130118763557066,0.7,1.0129325210533846,89.99999999994141,,9.815201617076438,152.5903605735949,0.04533326241095845,0.6434526764861874,1.8273692730538253
UGC07232,nfw,0.01,fullfit_outer_third,False,4,2,10,2.83,0.17,2,59.0,5.0,0.113,0.29,0.046,1.54,0.0,2,irregular_T10_11,late_T8_11,0.82,0.21,2.8275862068965516,30.700000000000003,0.29340891173811984,1,-2.1805501329891435,-2.1805501329891435,0.08437499999999999,0.08437499999999999,-0.04894054199683784,-0.6607727675724677,0.9646124299722224,0.38311036368981,0.7981245820787394,False,True,False,not applicable,False,0.2953254634755364,0.4671296757757908,0.7,0.9970211473844915,58.56090366669869,,4999.999999172559,3696.984101689275,-0.4150142183889294,0.45141585448476057,1.4871383754771865
UGC07261,nfw,0.01,fullfit_outer_third,False,7,3,8,13.1,3.93,1,30.0,10.0,1.753,1.2,1.388,10.1,74.7,2,spiral_T1_9,late_T8_11,6.67,0.95,5.558333333333334,69.6,0.2424893736682283,1,-0.5724905201117186,-0.6814838640417378,0.07575242785276547,0.07576974564926373,-0.007696665206051607,-0.1011467350020704,0.01136396599799451,0.12407674136093927,0.10670391734642251,False,False,False,not applicable,False,0.0985393871394982,0.492729649249218,0.7,0.9857041115299054,29.014606128605017,,4.4047999753482765,143.8094597737471,0.017372824014516758,0.7449445878689241,1.842609239610562
UGC07323,nfw,0.01,fullfit_outer_third,False,10,4,8,8.0,2.4,1,47.0,3.0,4.109,2.26,0.722,7.14,0.0,1,spiral_T1_9,late_T8_11,5.82,0.58,2.5752212389380533,62.5,0.3757392656325991,0,-2.122674702496184,-1.7691263800865542,0.04798872900964571,0.04770918785890074,-0.026873887878851085,-0.5484947551669725,0.3633142599489847,0.45428442809323083,0.35485670205481545,False,True,False,not applicable,False,0.4239205567589579,0.4535006863302805,0.7,1.0119651043994486,47.03935919369297,,4999.999999999995,2806.811822970736,0.09942772603841538,0.4108145455024876,1.7958800173440752
UGC07399,nfw,0.01,fullfit_outer_third,False,10,4,8,8.43,2.53,1,55.0,3.0,1.156,1.64,0.745,7.85,103.0,1,spiral_T1_9,late_T8_11,6.13,0.61,3.7378048780487805,93.4,0.10772522061740031,0,0.6896368077675064,0.9396771826751831,0.04251025252321887,0.042898058252427186,0.007174131387622896,0.19563143521472603,0.12100539074159013,0.16832626262768705,0.25264726158755724,False,False,False,not applicable,False,0.1704900921500814,0.4807518842958693,0.7,0.9632698919503344,54.91331078066024,,5.766916429511764,224.78973172010265,-0.08432099895987019,0.5726166264707172,1.9703468762300933
UGC07524,nfw,0.01,fullfit_outer_third,False,31,11,9,4.74,0.24,2,46.0,3.0,2.436,3.46,1.779,12.11,79.5,1,spiral_T1_9,late_T8_11,10.69,0.35,3.0895953757225434,70.2,0.2648692110047727,0,0.6933960826046824,0.7743870143798262,0.040909003840929055,0.039447236180904524,0.008493079269530161,0.2268245238164365,0.5217862222532221,0.37044562821369037,0.21123908687653667,False,False,False,not applicable,False,0.3357454172491971,0.4628022509826491,0.7,0.9948322387138144,45.378270156261244,,19.720627865003,188.70910146022555,0.1592065413371537,0.4899016064160014,1.8463371121298053
UGC07559,nfw,0.01,fullfit_outer_third,False,7,3,10,4.97,0.25,2,61.0,3.0,0.109,0.58,0.169,3.76,0.0,2,irregular_T10_11,late_T8_11,2.53,0.36,4.362068965517241,26.1,0.3392472679149306,1,-0.8071156850235172,-0.9118446778003637,0.10441192753801061,0.10385852090032154,-0.02723761686059854,-0.24988101703514465,0.18424497631206682,0.5029391161296899,0.2289153012000378,False,True,False,not applicable,False,0.1214758426883373,0.4862083578920691,0.7,0.9994760134581266,60.96390279773976,,4999.999999999871,1645.164024428283,0.2740238149296521,0.6396925276128806,1.416640507338281
UGC07577,nfw,0.01,fullfit_outer_third,False,9,3,10,2.59,0.13,2,63.0,3.0,0.045,0.9,0.044,2.07,0.0,2,irregular_T10_11,late_T8_11,1.69,0.19,1.8777777777777778,10.7,0.6283380799810133,1,-1.019461541210653,-0.8142752133473437,0.2007612172861001,0.19937106918238992,-0.05736099699818603,-0.32159670069736684,0.24985055134809178,0.20840059401669095,0.9414571739920785,False,True,False,not applicable,False,0.110267814872723,0.4874647576115812,0.7,0.9996553203557066,62.97808687623644,,4999.999999999995,685.5261246698387,-0.7330565799753875,0.2736441951743487,1.0293837776852097
UGC07603,nfw,0.01,fullfit_outer_third,False,12,4,7,4.7,1.41,1,78.0,3.0,0.376,0.53,0.258,4.37,61.6,1,spiral_T1_9,spiral_T1_7,4.11,0.34,7.754716981132075,60.25,0.13732082370150345,0,1.157565844991817,1.4949907716536863,0.046253251427603566,0.04643244289585753,0.018364070144520895,0.4005418148760612,0.2496401803684099,0.25969835400336433,0.14789156011343518,False,False,False,not applicable,False,0.2532773077160843,0.4716743651308029,0.7,1.0593078913113212,78.04642721031429,,9.47466663968599,169.30296549086552,0.11180679388992915,0.8895659522752801,1.779957051246906
UGC07690,nfw,0.01,fullfit_outer_third,False,7,3,10,8.11,2.43,1,41.0,5.0,0.858,0.57,0.39,5.5,57.4,2,irregular_T10_11,late_T8_11,4.13,0.59,7.24561403508772,57.9,0.3331732666998187,1,0.7297837299059111,0.783159154096424,0.07576252654017332,0.07574692442882248,0.012846767282401387,0.16932337120786803,0.02910520200717745,-0.09337371191412568,-0.10420609193347537,False,False,False,not applicable,False,0.0263355784832231,0.503041207128673,0.7,1.0044844672367814,41.05027943708517,,1.4621658627377483,101.90880811901548,0.010832380019349691,0.8600751959839097,1.7626785637274363
UGC07866,nfw,0.01,fullfit_outer_third,False,7,3,10,4.57,0.23,2,44.0,5.0,0.124,0.61,0.118,3.3,0.0,2,irregular_T10_11,late_T8_11,2.32,0.33,3.80327868852459,26.0,0.33955843518937673,1,0.1653082486638103,0.4408100656422391,0.1334311673859976,0.13300653594771242,0.006293474688629216,0.04061627731297549,0.01431387834791009,0.3871989570566859,0.4861276306190677,False,False,False,not applicable,False,0.0122130855888381,0.5014080623660464,0.7,0.9999695277216106,43.98912478268425,,11.966066021598698,97.37816114390742,-0.09892867356238183,0.5801581498801326,1.414973347970818
UGC08286,nfw,0.01,fullfit_outer_third,False,17,6,6,6.5,0.21,2,90.0,3.0,1.255,1.05,0.642,8.07,82.4,1,spiral_T1_9,spiral_T1_7,8.04,0.47,7.657142857142856,79.3,0.15096830726675842,0,0.17799463917395286,0.26724854944573906,0.024091802134170396,0.02408195694534657,0.0021359992057941235,0.0880565465267471,0.041575100023428194,0.07514840172044832,0.06917426440741115,True,False,False,not applicable,False,1.1346803055976649,0.6492889844631576,0.7,1.0043343615691314,89.99999999988282,,5.390446388638759,168.02644986285722,0.00597413731303717,0.8840667496785131,1.8992731873176039
UGC08490,nfw,0.01,fullfit_outer_third,False,30,10,9,4.65,0.53,2,50.0,3.0,1.017,0.67,0.72,7.8,78.6,1,spiral_T1_9,late_T8_11,10.15,0.34,15.149253731343283,78.5,0.12881128674338999,0,0.07035320977046808,-0.11534488681096633,0.04705805679113445,0.047097916110072136,0.0009982559791558434,0.01906591050690193,0.028075132532402187,-0.06967623381490617,-0.11677062761462063,False,False,False,not applicable,False,0.013250442781282,0.4984768112255889,0.7,0.998710523467729,49.97384482780362,,3.181315617162391,158.46143460577167,0.04709439379971446,1.1803912395484053,1.8948696567452525
UGC08550,nfw,0.01,fullfit_outer_third,False,11,4,7,6.7,2.0,1,90.0,3.0,0.289,0.45,0.288,5.59,56.9,1,spiral_T1_9,spiral_T1_7,5.36,0.49,11.911111111111111,51.6,0.16223941297927502,0,-0.0908929392781399,-0.008767755026628521,0.0364115073966162,0.03605454781564853,-0.0016587855730699017,-0.022995782606076542,0.2534117460131282,0.23888258220042352,0.11676574053892229,True,False,False,not applicable,False,0.3645008855088955,0.5437760715642368,0.7,1.087037909646356,89.99999999953125,,4.671318236414117,117.61992694126054,0.12211684166150123,1.0759522759174263,1.7126497016272113
UGC08699,nfw,0.01,fullfit_outer_third,False,41,14,2,39.3,9.82,1,73.0,9.0,50.302,3.09,3.738,19.05,182.4,2,spiral_T1_9,spiral_T1_7,25.7,0.22,8.31715210355987,184.0,0.37627120585364277,1,0.8944063357904619,1.9990424666133606,0.03207710220323413,0.033171999154052986,0.004987630573583608,0.209984372895394,0.3779084893709875,-0.06564146595071207,-0.038839369731497986,False,False,False,not applicable,False,1.6605133476751368,0.7328605414314904,0.5792025785742813,1.1197460335779728,74.66509961710508,,28.134534507865556,351.60874357294205,-0.02680209621921409,0.9199746439064599,2.2648178230095364
UGC08837,nfw,0.01,fullfit_outer_third,False,8,3,10,7.21,0.36,2,80.0,5.0,0.501,1.72,0.32,4.75,0.0,2,irregular_T10_11,late_T8_11,4.2,0.52,2.4418604651162794,31.7,0.3679550297458085,1,-6.046222808074009,-5.911442605935136,0.06956707256213195,0.06759656652360514,-0.13214377058204838,-1.9058721499312723,3.661120303568603,0.4745640350343899,0.3862973732714103,False,True,False,not applicable,False,0.5547102130704892,0.4400469173934856,0.7,1.0183408622653785,81.03175834325313,,4999.999999999995,1518.9116116714488,0.08826666176297959,0.38772084349035163,1.5010592622177514
UGC09037,nfw,0.01,fullfit_outer_third,False,22,8,6,83.6,8.4,1,65.0,5.0,68.614,4.28,19.078,39.72,152.3,2,spiral_T1_9,spiral_T1_7,27.96,2.43,6.5327102803738315,147.0,0.4319028865034747,1,9.228287238384048,7.405747817029365,0.07429745963648093,0.05554524507750314,0.06230456915802065,0.6760750907888102,0.749692981847188,0.187198677183095,-0.2407145496654564,False,False,False,not applicable,False,2.8935351188934955,0.2568126974109898,0.7,0.8888414853678723,60.086517315675536,,52.27678070814321,388.4718895662775,0.4279132268485514,0.8150933980604718,2.167317334748176
UGC09133,nfw,0.01,fullfit_outer_third,False,68,23,2,57.1,11.4,1,53.0,6.0,282.926,6.97,33.428,60.35,226.8,1,spiral_T1_9,spiral_T1_7,108.31,0.32,15.53945480631277,279.0,0.23580249890422966,0,-2.036498633758729,-0.192911064914,0.010539787610874669,0.009130434782608696,-0.008264819995063014,-0.4669707625475273,13.140886527393436,-0.09974589436700286,-0.08913550757639466,False,False,False,not applicable,False,1.7491671426095412,0.6762600021787271,0.4679304698907048,1.091157368539165,55.18106344050987,,41.04666211276867,416.1615289758334,-0.010610386790608203,1.1914357777362312,2.4456042032735974
UGC09992,nfw,0.01,fullfit_outer_third,False,5,2,10,10.7,3.21,1,30.0,10.0,0.336,1.04,0.318,5.45,33.6,2,irregular_T10_11,late_T8_11,3.89,0.78,3.7403846153846154,33.0,0.4859173787917478,1,-0.0587112470057356,-0.0587112470057356,0.16723782755189331,0.16723782755189331,-0.0014538792345258986,-0.010373011838469184,0.01606885950846433,-0.07112791925054461,0.12054546010071916,False,False,False,not applicable,False,0.0010562070384888,0.4998784144563444,0.7,1.000023224634578,30.001560084927597,,0.9074180675142056,53.6148222525476,-0.19167337935126377,0.5729162620269274,1.5185139398778875
UGC10310,nfw,0.01,fullfit_outer_third,False,7,3,9,15.2,4.6,1,34.0,6.0,1.741,1.8,1.196,9.58,71.4,1,spiral_T1_9,late_T8_11,7.74,1.1,4.3,69.2,0.29546292252679984,0,1.390328074645647,1.735982880555639,0.07012776998033898,0.06988950276243093,0.019160642672396987,0.2747683941987445,0.09286909598593668,0.14744757933993669,0.09508414551699229,False,False,False,not applicable,False,0.1689044675685517,0.5198289365801705,0.7,1.018539485279831,34.3786988903905,,7.275547578550617,141.67738211814756,0.052363433822944394,0.6334684555795865,1.8401060944567578
UGC11455,nfw,0.01,fullfit_outer_third,False,36,12,6,78.6,11.8,1,90.0,1.0,374.322,5.93,13.335,43.44,269.4,1,spiral_T1_9,spiral_T1_7,41.93,0.62,7.070826306913997,262.5,0.4795965716731458,0,-0.7525189999355698,-1.0350163264237722,0.0253261167601302,0.023743917274939172,-0.0017829347729652059,-0.10285738236720181,1.5038357916966962,-0.0263000556849639,-0.09086599819416642,True,False,False,not applicable,False,0.2650064837626126,0.5314600850760762,0.7,1.033357537976245,89.99999999999024,,1086.334757358218,1630.8875669708104,0.06456594250920253,0.8494701690393056,2.4191293077419758
UGC11557,nfw,0.01,fullfit_outer_third,False,12,4,8,24.2,6.05,1,30.0,10.0,12.101,2.75,2.605,16.66,0.0,2,spiral_T1_9,late_T8_11,10.56,0.33,3.8400000000000003,64.9,0.7069414367911382,1,-2.556190291008562,-0.011423165423337878,0.08503160310522015,0.083947647560945,-0.030009997230488965,-0.3156631482243711,0.5542230622079474,0.25948870638232574,0.018719998333616258,False,True,False,not applicable,False,0.6466391733116593,0.4716788469089679,0.7,0.9467397380306428,23.533608266883405,,4999.999999994817,2126.157569747484,0.24076870804870948,0.5843312243675308,1.8122446968003694
UGC11820,nfw,0.01,fullfit_outer_third,False,10,4,9,18.1,5.43,1,45.0,10.0,0.97,2.08,1.977,12.99,0.0,1,spiral_T1_9,late_T8_11,15.82,0.26,7.605769230769231,51.875,0.22462527073954858,0,0.02231393748934707,0.0019656091150181965,0.012325428814686592,0.012248376371999818,0.0008388203652759016,0.07211652367161125,0.3524814903426109,0.25864838965151643,0.28799272942155624,False,False,False,not applicable,False,0.5776192002805717,0.5711259906389171,0.7,0.91197115789688,41.47791556076893,,24.58522344675152,189.60386724723432,-0.029344339770039807,0.8811431441988962,1.7149581097201492
UGC11914,nfw,0.01,fullfit_outer_third,False,65,22,2,16.9,5.1,1,31.0,5.0,150.028,2.44,0.888,9.26,288.1,1,spiral_T1_9,spiral_T1_7,9.83,0.28,4.028688524590164,288.0,0.6263765522730962,0,1.0468987225976862,2.3661038339491824,0.029878715646871435,0.03052474742447618,0.003867699539552261,0.1342112903358758,1.0910247252106429,0.039046392899618754,0.07790860956774666,False,True,False,not applicable,False,1.334289161989794,0.3744611334438305,0.9517589209800736,1.0249069869804688,31.40075741269294,,4999.999999999995,7115.033158304557,-0.038862216668127905,0.6051636914934062,2.459392487759231
UGC12506,nfw,0.01,fullfit_outer_third,False,31,11,6,100.6,10.1,1,86.0,4.0,139.571,7.38,35.556,59.01,234.0,2,spiral_T1_9,spiral_T1_7,49.99,0.82,6.773712737127371,238.0,0.23453830465152922,1,0.15877853506080183,-1.0989166939065171,0.06767089744102812,0.06140350877192982,0.0010700388358076069,0.051722832116415283,0.0793076124252894,-0.09340472666276359,-0.18689031396085642,False,False,False,not applicable,False,0.2736849501245754,0.469463150926608,0.7,0.990802755070208,85.96437675224614,,10.19748414803242,459.3451712399248,0.09348558729809284,0.8308267749295487,2.376576957056512
UGC12632,nfw,0.01,fullfit_outer_third,False,15,5,9,9.77,2.93,1,46.0,3.0,1.301,2.42,1.744,12.6,71.7,1,spiral_T1_9,late_T8_11,10.66,0.71,4.404958677685951,65.5,0.23331639518552516,0,0.5443043685563481,0.5075131316016126,0.039673424389901346,0.03968705547652916,0.007516379268572954,0.19477062838115947,0.08263908463468586,0.17489562065502318,0.13216770916915332,False,False,False,not applicable,False,0.1815944615421147,0.5086706305825102,0.7,0.9455402484832756,45.82523752511485,,8.680544911174925,145.1445019908938,0.04272791148586985,0.6439418387101222,1.816241299991783
UGC12732,nfw,0.01,fullfit_outer_third,False,16,6,9,13.2,4.0,1,39.0,6.0,1.667,1.98,3.66,17.41,0.0,1,spiral_T1_9,late_T8_11,15.4,0.96,7.777777777777778,79.8,0.20854321549181762,0,0.3021371565387672,1.100849570801877,0.038492797542484046,0.03801301037923552,0.004253951820749582,0.062592378357605,0.2501904800250841,0.31677313560915066,0.4304988358482974,False,False,False,not applicable,False,0.2949356410529485,0.5105087299944896,0.7,1.0893744366827116,40.556884412649325,,13.88781437937858,182.68914847579845,-0.11372570023914674,0.8908555305749319,1.9020028913507294
UGCA442,nfw,0.01,fullfit_outer_third,False,8,3,9,4.35,0.22,2,64.0,7.0,0.14,1.18,0.263,4.37,56.4,1,spiral_T1_9,late_T8_11,6.33,0.42,5.364406779661017,51.9,0.126702775349912,0,-1.721574126268095,-2.6261655397035355,0.038595170477064754,0.048961937716262977,-0.030152866557387192,-0.4080006107946414,0.7302816520791202,0.20480456064342922,0.00905029364081204,False,False,False,not applicable,False,0.517798459813025,0.503574569835034,0.7,1.0129978062817375,67.62458921869117,,24.153499150203004,173.36014413762996,0.1957542670026172,0.7295217027112297,1.7151673578484579
UGCA444,nfw,0.01,fullfit_outer_third,False,36,12,10,0.98,0.05,2,78.0,4.0,0.012,0.83,0.067,2.08,37.0,2,irregular_T10_11,late_T8_11,2.62,0.12,3.1566265060240966,27.85,0.2168806326598016,1,-0.63419636787195,-0.3315203810796916,0.14502723163537531,0.1392608817797131,-0.016995424031544602,-0.09898423746377231,0.03703377674046559,0.3413967414712851,0.44864938661723847,False,True,False,not applicable,False,0.0089214151205492,0.4989739383717562,0.7,1.0002596554942893,78.0118327781927,,4999.999999999995,2044.8897376415064,-0.10725264514595334,0.49922319894367156,1.4448251995097476
CamB,nfw,0.01,outer_holdout,True,9,2,10,3.36,0.26,2,65.0,5.0,0.075,0.47,0.012,1.21,0.0,2,irregular_T10_11,late_T8_11,1.79,0.16,3.808510638297873,10.9,0.6791787131519273,1,-6.679475859103584,-6.679475859103584,0.08195628997867804,0.08195628997867804,-0.35405499879069025,-4.452983906069056,22.038687988227206,-0.5005422569953621,0.9105762754725217,False,False,False,not applicable,False,0.9982780983558304,0.3973216172074886,0.7,0.9637632320787952,62.33138594777248,,2122.1028508970307,0.0023685659627838,-1.4111185324678839,0.5807551730441758,1.0374264979406236
D631-7,nfw,0.01,outer_holdout,True,16,4,10,7.72,0.18,2,59.0,3.0,0.196,0.7,0.29,0.0,57.7,1,irregular_T10_11,late_T8_11,7.19,0.45,10.271428571428572,47.2,0.11610138710516488,0,-2.111037899171981,-2.2201530042843913,0.06570317185227556,0.06814113751286527,-0.03610568439143687,-0.5965228683719968,0.7692628172098102,0.4004037915881995,-0.1011953998143973,False,True,False,not applicable,False,1.8957102919404247,0.3231461418794529,0.7,0.9881909990076692,54.12245500809156,,4999.999999999995,2081.5725191857737,0.5015991914025968,1.0116308503686258,1.6739419986340878
DDO064,nfw,0.01,outer_holdout,True,14,3,10,6.8,2.04,1,60.0,5.0,0.157,0.69,0.211,3.49,46.1,1,irregular_T10_11,late_T8_11,2.98,0.1,4.3188405797101455,37.9,0.2719541304946145,0,2.119441341073802,1.0374303535131304,0.14308736291465038,0.14504310344827587,0.04529447931897947,0.2653245975354953,0.1229078000095256,0.40081949275153267,0.047141534760912686,False,True,False,not applicable,False,0.5082779809192383,0.4948659818253928,0.7,1.1524833942757715,60.94660320565824,,4999.999999999995,2559.1841748374186,0.35367795799061996,0.635367173339,1.5786392099680724
DDO154,nfw,0.01,outer_holdout,True,12,3,10,4.04,0.2,2,64.0,3.0,0.053,0.37,0.275,4.96,47.0,2,irregular_T10_11,late_T8_11,5.92,0.49,16.0,43.3,0.13060439321894962,1,4.1234932847252255,3.787120180753611,0.018595831280321013,0.014767932489451477,0.08886709984811231,4.4758874960255275,21.741567215625633,0.2950618946905243,-0.3163139404013294,False,False,False,not applicable,False,2.197110358098461,0.3014803206618023,0.7,1.014074120053555,64.8586391078104,,26.71548520988656,171.6122081817283,0.6113758350918537,1.2041199826559248,1.6364878963533653
DDO161,nfw,0.01,outer_holdout,True,31,7,10,7.5,2.25,1,70.0,10.0,0.548,1.22,1.378,10.69,66.3,1,irregular_T10_11,late_T8_11,13.37,0.6,10.959016393442623,55.0,0.2561627792319553,0,4.17959339108793,4.288882219722666,0.022516988673919453,0.014820359281437127,0.06286252632708343,4.0742103470848745,24.071295212343276,0.33570218064697405,-0.06977410289622955,False,False,False,not applicable,False,1.1995008491655723,0.4399439724635911,0.7,0.6401497452503283,66.02723347674691,,350.39914480062515,520.4927740488367,0.4054762835432036,1.0397715765872362,1.7403626894942439
DDO168,nfw,0.01,outer_holdout,True,10,2,10,4.25,0.21,2,63.0,6.0,0.191,1.02,0.413,4.3,53.4,2,irregular_T10_11,late_T8_11,4.12,0.41,4.03921568627451,48.0,0.2305924264245383,1,3.5016721312992516,3.5016721312992516,0.04868881118881119,0.04868881118881119,0.06695714488778232,1.307725805097514,2.7420987767928673,0.4258400619482741,-0.5350961469214678,False,True,False,not applicable,False,2.760775029080244,0.4356714480887786,0.7,0.964932472287116,46.435349825518536,,4999.99999998709,2696.00771394086,0.960936208869742,0.606297044271217,1.6812412373755872
DDO170,nfw,0.01,outer_holdout,True,8,2,10,15.4,4.62,1,66.0,7.0,0.543,1.95,0.735,9.14,60.0,2,irregular_T10_11,late_T8_11,12.33,1.87,6.323076923076923,57.1,0.23484281944444443,1,-0.35160094075091664,-0.35160094075091664,0.01887191854233655,0.01887191854233655,-0.005417789002000533,-0.44358009000850496,1.3135354676206052,-0.012374013791644755,0.27761142820150814,False,False,False,not applicable,False,0.3654390279505333,0.4905592066259818,0.7,1.10963170838516,66.98220215374387,,12.225829445685488,121.56940001994316,-0.2899854419931529,0.8009284652332136,1.7566361082458481
ESO079-G014,nfw,0.01,outer_holdout,True,15,3,4,28.7,7.17,1,79.0,5.0,51.733,5.08,3.14,17.67,175.0,1,spiral_T1_9,spiral_T1_7,16.67,0.41,3.2814960629921264,132.0,0.3315464506122449,0,13.467641192758379,13.485781630747084,0.012153502431887502,0.012457142857142858,0.07602185830260438,6.358883552404881,48.171101231189986,0.38838976931713926,0.0773274616818912,False,True,False,not applicable,False,1.1727907928706391,0.420038240297317,0.7,0.707006620735802,78.40576362369089,,4999.999999999826,4494.972699596648,0.31106230763524806,0.5160718875440862,2.12057393120585
ESO116-G012,nfw,0.01,outer_holdout,True,15,3,7,13.0,3.9,1,74.0,3.0,4.292,1.51,1.083,9.58,109.1,1,spiral_T1_9,spiral_T1_7,9.86,0.25,6.52980132450331,102.0,0.2002782636141739,0,8.8534180941547,9.298429738275644,0.027467776217776223,0.02099099099099099,0.07965943999011206,3.135169737505054,10.346351363849385,0.2908540918218543,0.10604430162247715,False,False,False,not applicable,False,0.206753307866009,0.4770317610607009,0.7,1.0620259923598028,74.06565044983893,,59.08569567654396,433.1574824996441,0.18480979019937716,0.8148999676480417,2.0086001717619175
ESO563-G021,nfw,0.01,outer_holdout,True,30,6,4,60.8,9.1,1,83.0,3.0,311.177,5.45,24.298,55.71,314.6,1,spiral_T1_9,spiral_T1_7,42.41,0.45,7.7816513761467885,310.5,0.2624532912705312,0,-10.306330406064243,-11.186240716701178,0.03136431244070096,0.02833213141025641,-0.03238974492143435,-1.160964351927069,1.692946744784791,-0.005533732282677137,-0.037644650267524775,False,True,False,not applicable,False,2.2341553389959867,0.8363451412928965,0.7,1.1700970836966973,83.32657448504804,,4999.999999999986,3636.544486612756,0.03211091798484764,0.8910717701830672,2.492061604512599
F568-3,nfw,0.01,outer_holdout,True,18,4,7,82.4,8.24,1,40.0,10.0,8.346,4.99,3.195,16.14,0.0,1,spiral_T1_9,spiral_T1_7,17.98,0.64,3.603206412825651,83.9,0.22469191106035866,0,1.2974345121240631,1.7498235129377733,0.10024752475247525,0.1,0.012479861874499306,0.12418308344158299,0.038487721704269416,0.3859360371169988,0.4517039611051207,False,True,False,not applicable,False,0.795103625938422,0.5384757136621892,0.7,1.0246468081719406,47.95103625938422,,4999.999999999684,2455.172299488965,-0.06576792398812187,0.55668914177382,1.9237619608287002
F568-V1,nfw,0.01,outer_holdout,True,15,3,7,80.6,8.06,1,40.0,10.0,3.825,2.85,2.491,14.38,112.3,1,spiral_T1_9,spiral_T1_7,17.63,0.39,6.185964912280701,111.0,0.1326219548980178,0,15.16953199711971,16.146358453192363,0.13637435245354848,0.12372881355932203,0.1329209642786754,1.0275193955065614,1.1245161148610097,0.12499626903122642,0.10345403735685986,False,False,False,not applicable,False,0.0088714179668078,0.5010224036245874,0.7,0.9998769512001482,39.94872748931081,,12.25709373466957,277.61573301735547,0.021542231674366558,0.7914074522908118,2.0453229787866576
F571-8,nfw,0.01,outer_holdout,True,13,3,5,53.3,10.7,1,85.0,5.0,10.164,3.56,1.782,24.55,139.7,1,spiral_T1_9,spiral_T1_7,15.55,0.22,4.367977528089888,105.0,0.13552480932784639,0,18.46532148442704,13.073270294320452,0.03097442680776014,0.02962962962962963,0.12994842689839742,4.003010624728433,22.25197400932538,0.49340605943106075,0.12051983234316586,False,True,False,not applicable,False,4.605918805383802,0.4561279705986122,0.7,0.0753596394445275,84.86439318746054,,4999.999999954156,4586.317558009384,0.3728862270878949,0.6402803953899812,2.0211892990699383
F574-1,nfw,0.01,outer_holdout,True,14,3,7,96.8,9.68,1,65.0,10.0,6.537,4.46,3.524,16.19,97.8,1,spiral_T1_9,spiral_T1_7,12.6,0.47,2.8251121076233185,90.95,0.19377821817272864,0,8.413029790991937,8.5660420996021,0.047512301040951,0.04676113360323887,0.08463070894226547,1.7756671226726153,3.2455826526292166,0.30739734930434814,0.05967520260512282,False,False,False,not applicable,False,0.1696865212418763,0.5199225529514829,0.7,1.0026629521778658,65.42619366920329,,25.16784411577789,261.86888947526296,0.24772214669922532,0.4510356864054211,1.9588027033995024
F583-1,nfw,0.01,outer_holdout,True,25,5,9,35.4,8.85,1,63.0,5.0,0.986,2.36,2.126,15.65,85.8,1,spiral_T1_9,late_T8_11,16.26,0.26,6.889830508474577,59.4,0.11657047545509146,0,14.721636479513467,10.126600207978754,0.11211436640099007,0.10023310023310024,0.1714330136068676,2.150534581355253,8.652719918624083,0.5024578039167569,0.12231259323214916,False,True,False,not applicable,False,0.2320729092656423,0.473982943222954,0.7,0.979440440827213,62.85584970470193,,4999.999999999995,2754.673215433709,0.3801452106846077,0.8382085382879428,1.7737864449811935
F583-4,nfw,0.01,outer_holdout,True,12,3,5,53.3,10.7,1,55.0,10.0,1.715,1.93,0.641,7.8,0.0,1,spiral_T1_9,spiral_T1_7,7.29,0.22,3.77720207253886,58.5,0.2146088087198342,0,-1.3537127774574789,-0.8987240548852498,0.0730345887499741,0.07291666666666667,-0.01973143768768087,-0.2762679137668324,0.11470738235392092,0.28244434594290574,0.4539368305480994,False,False,False,not applicable,False,0.0818158421128958,0.5094099958246308,0.7,1.0137204277029623,55.81815842112896,,20.577637684286284,173.85269903792607,-0.17149248460519367,0.5771702193102008,1.7671558660821804
IC2574,nfw,0.01,outer_holdout,True,34,7,9,3.91,0.2,2,75.0,7.0,1.016,2.78,1.036,10.81,66.4,2,spiral_T1_9,late_T8_11,10.23,0.85,3.679856115107914,43.65,0.22640774467626615,1,-7.87643230527456,-7.784898904087008,0.09481091888799838,0.09344262295081968,-0.1217805242588539,-2.1598379127734177,9.600929347606408,0.5739131045702378,0.5119834771158689,True,True,False,not applicable,False,5.999999999999999,0.3769394697801442,0.7,1.3069053708439895,88.08692392363291,,4999.999999757478,1478.4437063503742,0.06192962745436892,0.5658308377940839,1.6399842480415885
IC4202,nfw,0.01,outer_holdout,True,32,7,4,100.4,10.0,1,90.0,1.0,179.749,4.78,12.326,32.13,242.6,1,spiral_T1_9,spiral_T1_7,25.9,0.77,5.418410041841003,240.5,0.4458680655702384,0,16.891190808042097,15.849568923750155,0.05180694210449381,0.040160642570281124,0.07041220828311485,1.7631824537583871,4.119906856155298,-0.013279939587847732,0.07622785046214445,True,False,False,not applicable,False,5.999999999999999,0.7078031494321403,0.1758320502056706,0.4277393481250074,89.99999999999993,,14.00119582967441,509.8124303554375,-0.08950779004999218,0.7338718674691329,2.3811150807098507
KK98-251,nfw,0.01,outer_holdout,True,15,3,10,6.8,2.04,1,59.0,5.0,0.085,1.34,0.115,2.9,33.7,2,irregular_T10_11,late_T8_11,3.13,0.25,2.335820895522388,21.8,0.34459562836388274,1,-3.066436987075916,-3.136789458517182,0.05878102014396508,0.05847953216374269,-0.09002403599505937,-1.533218493537958,2.3619687127824363,0.0751976288511329,0.11376130439344363,False,True,False,not applicable,False,1.8450123691819007,0.5204394000125407,0.7,1.5535037107545702,63.20981003121148,,4999.999999972834,1008.8882720734327,-0.03856367554231073,0.3684395391816408,1.3384564936046048
NGC0024,nfw,0.01,outer_holdout,True,29,6,5,7.3,0.36,2,64.0,3.0,3.889,1.34,0.676,7.29,106.3,1,spiral_T1_9,spiral_T1_7,11.27,0.21,8.410447761194028,92.4,0.23735984365446766,0,45.6584634599861,58.6033509269822,0.05590564020769221,0.0376583450952717,0.4249819603620641,13.979724197589768,303.77293560889945,0.35225211999778216,0.012810577307638533,False,False,False,not applicable,False,0.1777181249623265,0.5208849588131299,0.7,1.001887098200028,64.11849548765723,,49.07759128048983,618.3130085947113,0.33944154269014365,0.9248191176812989,1.9656719712201067
NGC0055,nfw,0.01,outer_holdout,True,21,5,9,2.11,0.11,2,77.0,3.0,4.628,6.11,1.565,10.24,85.6,2,spiral_T1_9,late_T8_11,13.5,1.23,2.20949263502455,82.4,0.3066324672563132,1,8.726161597375722,8.866092516987948,0.05874564875253716,0.06358381502890173,0.10100180783927556,1.9942646953288687,4.895323998117295,0.35183852235630986,0.07977277874492703,False,True,False,not applicable,False,2.1785588354780865,0.3027708923208729,0.7,0.9909383432695849,76.75570596366504,,4999.99999999988,2421.9889687934456,0.2720657436113828,0.34429255825245186,1.9159272116971158
NGC0100,nfw,0.01,outer_holdout,True,21,5,6,13.5,4.05,1,89.0,1.0,3.232,1.66,1.99,16.36,88.1,1,spiral_T1_9,spiral_T1_7,9.62,0.23,5.795180722891566,77.8,0.16738598530612242,0,3.7355615599708103,3.7519707249848153,0.09508027717953627,0.08730337078651684,0.04188681142155337,0.4916252698524593,0.27619443535921545,0.41905326838995555,0.3098878013373376,False,True,False,not applicable,False,0.2441171893894078,0.4726702683413353,0.7,1.0000859180142587,89.00000051963247,,4999.99999999988,2883.4419947798824,0.10916546705261793,0.7630669839977579,1.890979596989689
NGC0247,nfw,0.01,outer_holdout,True,26,6,7,3.7,0.19,2,74.0,3.0,7.332,3.74,1.746,12.79,104.9,2,spiral_T1_9,spiral_T1_7,14.54,1.08,3.887700534759358,88.9,0.25259502040816323,1,-3.0029382419516844,-2.726049016347723,0.08116651303376161,0.08238095238095239,-0.028234707036848838,-0.35403582889199225,0.143604582934768,0.038686091360157944,0.13022088841754906,False,False,False,not applicable,False,1.170682233302874,0.6546937992862905,0.7,1.0123268696650318,74.4146890767629,,21.98333404185253,218.19836826688584,-0.09153479705739112,0.5896928043225388,1.9489017609702137
NGC0289,nfw,0.01,outer_holdout,True,28,6,4,20.8,5.2,1,46.0,5.0,72.065,6.74,27.469,49.51,163.0,2,spiral_T1_9,spiral_T1_7,71.12,1.5,10.55192878338279,175.0,0.2353007261095904,1,12.985576280367505,10.757531554513633,0.06067258848150741,0.060236081747709655,0.07987644405768228,1.662940255192695,4.192816884348633,-0.08981624159560743,-0.15548364811763798,False,False,False,not applicable,False,0.7042040261349899,0.5880177107232599,0.7,1.1648744775855933,48.38233852806018,,52.45427707330133,340.3862797499874,0.06566740652203056,1.0233318514268375,2.2430380486862944
NGC0300,nfw,0.01,outer_holdout,True,25,5,7,2.08,0.1,2,42.0,10.0,2.922,1.75,0.936,9.2,93.3,2,spiral_T1_9,spiral_T1_7,11.8,0.91,6.742857142857143,88.2,0.14859433958186558,1,2.9593332440735365,4.464216417510045,0.08633011744677598,0.11422413793103449,0.031809733891711274,0.3157035273090897,0.21833329166220788,0.14232038730583496,-0.1932527297188096,False,False,False,not applicable,False,0.1803701818534983,0.5100548435348916,0.7,0.998989810192822,40.19629818146502,,20.381642491209803,235.0874593987525,0.33557311702464454,0.828843958619831,1.9454685851318196
NGC0801,nfw,0.01,outer_holdout,True,13,3,5,80.7,8.07,1,80.0,1.0,312.57,8.72,23.201,44.99,220.1,1,spiral_T1_9,spiral_T1_7,59.82,1.17,6.860091743119265,219.0,0.44167279456721115,0,-9.832577918333897,-11.609075580653752,0.024913464866735898,0.021962616822429906,-0.04559420499725573,-2.333217826739548,7.740340007818722,-0.10603609842028167,0.03562389938023551,False,False,False,not applicable,False,0.7556841979700848,0.5950293995586577,0.7,1.0300095889624163,80.01898792902357,,57.57103574192677,330.4768244649217,-0.1416599978005172,0.8363299237627321,2.3404441148401185
NGC0891,nfw,0.01,outer_holdout,True,18,4,3,9.91,0.5,2,90.0,1.0,138.34,2.55,4.462,18.16,216.1,1,spiral_T1_9,spiral_T1_7,17.11,0.92,6.709803921568628,222.5,0.549237392179311,0,8.5736997476831,8.409848362131129,0.018868353010490106,0.020711360398860398,0.04054203654872937,2.137527574101059,4.824140716684242,-0.08065137323619376,-0.2683750398256423,True,False,False,not applicable,False,3.597663139194613,0.2183753883967927,0.5559674805845612,0.938603866596512,89.99999999984375,,10.664036999742214,417.4013535025059,0.18772366658944856,0.8267098291071451,2.3473300153169503
NGC1003,nfw,0.01,outer_holdout,True,36,8,6,11.4,3.42,1,67.0,5.0,6.82,1.61,5.88,33.33,109.8,1,spiral_T1_9,spiral_T1_7,30.24,1.25,18.782608695652172,103.5,0.11659439354440493,0,-4.1378042357066995,-3.866089014670081,0.020350824278704563,0.020558213716108453,-0.03688580647358797,-1.862244387242301,3.665998374462581,0.2513298624874401,0.19848596046011582,False,False,False,not applicable,False,0.7852772126715054,0.5990978011326042,0.7,1.0123804282824864,67.05144740804464,,27.95865841880657,229.36267735196904,0.05284390202732428,1.273755910797319,2.0149403497929366
NGC1090,nfw,0.01,outer_holdout,True,24,5,4,37.0,9.25,1,64.0,3.0,72.045,3.53,8.783,30.49,164.4,1,spiral_T1_9,spiral_T1_7,30.09,0.35,8.524079320113314,165.0,0.34270975108654694,0,2.318275734055601,2.1229952685358455,0.013782955578277665,0.013765432098765433,0.014358320855094042,1.039585530966637,1.2075614409932154,-0.018845464616742903,-0.08072253427834408,False,False,False,not applicable,False,0.5568683076925637,0.5079292390397814,0.7,0.8607829230768591,63.70232253862026,,18.31647450739886,302.95542572985795,0.06187706966160118,0.9306474823522579,2.2174839442139063
NGC2403,nfw,0.01,outer_holdout,True,73,15,6,3.16,0.16,2,63.0,3.0,10.041,1.39,3.199,15.11,131.2,1,spiral_T1_9,spiral_T1_7,20.87,0.16,15.014388489208635,114.0,0.2004949237023836,0,-8.065063489265095,-8.146491502793623,0.030535903023744773,0.02875,-0.05996212382973421,-3.2859667688975285,18.994552812426587,-0.10604630661648325,0.031459234772276495,False,False,False,not applicable,False,3.816467705122837,0.2076458395194604,0.7,0.9016419011254256,55.54296911746834,,5.647368742974435,258.41900650891546,-0.13750554138875976,1.176507648811359,2.0569048513364727
NGC2683,nfw,0.01,outer_holdout,True,11,3,3,9.81,0.49,2,80.0,5.0,80.415,2.18,1.406,13.79,154.0,2,spiral_T1_9,spiral_T1_7,34.62,2.89,15.880733944954127,172.0,0.25418338475200797,1,-1.8072640646347697,-1.5919376671934629,0.06882877590258492,0.06451612903225806,-0.011495878439295082,-0.17654346141626368,0.04131804190050522,-0.2384314094332278,-0.3177853212778884,False,False,False,not applicable,False,0.1991476309031746,0.4852856548482402,0.6686260253838385,0.9965410892891736,79.7826932735217,,6.086674872592421,306.0949097727284,0.07935391184466059,1.2008705699347701,2.2355284469075487
NGC2841,nfw,0.01,outer_holdout,True,50,10,3,14.1,1.4,3,76.0,10.0,188.121,3.64,9.775,45.12,284.8,1,spiral_T1_9,spiral_T1_7,63.64,3.44,17.483516483516482,301.0,0.18115576613796608,0,-24.03598941307003,-24.471188890988515,0.017859856670647732,0.01539065588026035,-0.08389407604228118,-4.583610842916647,23.49549871057824,-0.18418178671752555,0.16915162949146478,False,False,False,not applicable,False,0.2342778308024659,0.4737423622371033,0.736935720134024,0.9863412549781828,74.69459803069665,,8.971992521776091,553.6829091769654,-0.35333341620899034,1.242628787325488,2.4785664955938436
NGC2903,nfw,0.01,outer_holdout,True,34,7,4,6.6,1.98,1,66.0,3.0,81.863,2.33,2.552,13.76,184.6,1,spiral_T1_9,spiral_T1_7,24.96,0.32,10.71244635193133,189.5,0.29820008400292186,0,-1.7970120359439608,-1.4976230050002926,0.021318938516700074,0.016853932584269662,-0.009815740454822577,-0.4005881336305151,0.5159669166352387,-0.1708086737882158,-0.11587509789217186,False,False,False,not applicable,False,1.608613109908079,0.4294878327150104,0.7,0.5174160670275764,65.60469214963382,,4.786723994097303,378.5043421969145,-0.05493357589604393,1.0298886599843673,2.2776092143040914
NGC2915,nfw,0.01,outer_holdout,True,30,6,11,4.06,0.2,2,56.0,4.0,0.641,0.55,0.508,7.16,83.5,2,irregular_T10_11,late_T8_11,10.04,0.34,18.25454545454545,81.15,0.0764037753062881,1,-0.5138235927201554,-0.9506413649373471,0.07493151713431906,0.07116753451488081,-0.005689289477783288,-0.10826256203352085,0.07146935079341249,0.037451808440070566,0.30752732726750026,False,False,False,not applicable,False,0.936434365702286,0.403019971309822,0.7,0.9893841770778662,54.26043651729538,,4.950829681050093,174.81549962842794,-0.2700755188274297,1.2613710233147566,1.9092885241622508
NGC2955,nfw,0.01,outer_holdout,True,24,5,3,97.9,9.8,1,56.0,7.0,319.422,18.76,28.949,40.34,0.0,1,spiral_T1_9,spiral_T1_7,35.43,0.75,1.8885927505330489,255.5,0.5584935718233018,0,59.93628188802514,54.726399029671086,0.05344261392480596,0.05354330708661417,0.24594632311489092,4.805296469590944,30.775505050546986,0.28427356361494177,-0.3268030260283482,False,True,False,not applicable,False,2.1921074288693023,0.3018278161635762,0.931407346411524,0.9569510388162332,50.12591380117712,,4999.999999267159,5132.293603656942,0.6110765896432899,0.2761383182901315,2.4073909044707316
NGC2976,nfw,0.01,outer_holdout,True,27,6,5,3.58,0.18,2,61.0,10.0,3.371,1.01,0.172,3.04,85.4,2,spiral_T1_9,spiral_T1_7,2.27,0.11,2.2475247524752477,49.2,0.5898784583113941,1,-3.5409043162810434,-2.063482928503916,0.05294922752827507,0.05256260291542557,-0.04055210326058845,-0.7735135310113604,1.4434228884469607,-0.07647373894304803,0.297763937630636,False,False,False,not applicable,False,1.7058760348893154,0.7405554933405935,0.7,1.02232630569594,71.52823242183983,,712.9588364520515,0.0025308439182415,-0.37423767657368406,0.35170448341048016,1.6919651027673603
NGC2998,nfw,0.01,outer_holdout,True,13,3,5,68.1,10.2,1,58.0,2.0,150.902,6.2,23.451,43.58,209.9,1,spiral_T1_9,spiral_T1_7,42.28,0.33,6.819354838709677,206.0,0.34193970772994775,0,-7.130370940028939,-5.802862080648708,0.012750834508969527,0.014084507042253521,-0.03388562294698267,-2.6991715400456857,7.761412502661433,-0.1743988966537317,-0.1747503217706838,False,False,False,not applicable,False,1.405982355556703,0.3617193725097261,0.7,0.8912773292612857,57.61751595065678,,8.29879145923621,396.65227626773424,0.0003514251169521032,0.8337432891371348,2.3138672203691533
NGC3109,nfw,0.01,outer_holdout,True,25,5,9,1.33,0.07,2,70.0,5.0,0.194,1.56,0.477,6.0,66.2,1,spiral_T1_9,late_T8_11,6.45,0.26,4.134615384615385,50.6,0.10808169534354384,0,-6.948164672952503,-6.992334677551312,0.04745520936839689,0.048048048048048055,-0.10511678101786759,-2.2190549607375565,5.0358357465874075,0.4359469626187202,0.18895598992328522,False,True,False,not applicable,False,0.7551482184716828,0.4424230409001601,0.7,1.0396186528680809,73.77574109235842,,4999.999999999791,2257.5173468618177,0.24699097269543496,0.6164351162808062,1.7041505168397992
NGC3198,nfw,0.01,outer_holdout,True,43,9,5,13.8,1.4,3,73.0,3.0,38.279,3.14,10.869,35.66,150.1,1,spiral_T1_9,spiral_T1_7,44.08,0.32,14.038216560509554,146.0,0.23196221382998686,0,3.122683687149981,3.3492976582978713,0.01497055479639963,0.013513513513513514,0.021160567063144137,1.5297057024675924,3.4084328840015483,-0.04038906383895175,0.0458946547723965,False,False,False,not applicable,False,0.2956178961757554,0.4670982226030908,0.7,0.9922399359261064,72.92782330355307,,16.05982523473954,293.633597202209,-0.08628371861134826,1.1473119377705137,2.164352855784437
NGC3521,nfw,0.01,outer_holdout,True,41,9,4,7.7,2.3,1,75.0,5.0,84.836,2.4,4.154,18.85,213.7,1,spiral_T1_9,spiral_T1_7,17.74,0.51,7.391666666666667,213.0,0.6675563224126786,0,-30.153738182177953,-27.751328145039793,0.0728212436399789,0.05194174757281553,-0.14479740103151018,-3.241436024126487,18.679539255845686,-0.2901396626390339,-0.03420928318373165,False,False,False,not applicable,False,0.3514157334883644,0.4699916214393757,0.7,0.8950316640229561,74.7494682568003,,1.9651252001793689,263.3956460655974,-0.2559303794553023,0.8687423737841016,2.3283796034387376
NGC3726,nfw,0.01,outer_holdout,True,12,3,5,18.0,2.5,4,53.0,2.0,70.234,3.4,6.473,22.2,168.0,2,spiral_T1_9,spiral_T1_7,32.52,3.5,9.564705882352943,159.0,0.26180609751099576,1,-8.479046845071537,-9.621446604477512,0.07227836521940621,0.0630952380952381,-0.05041892213103205,-0.7507566979283388,0.6496500528630514,0.16781389110294498,-0.033377004854594064,False,True,False,not applicable,False,0.4471620049055247,0.5542251183863822,0.7,1.0143074599178663,53.07892682582909,,4999.999997111834,2431.6602427991447,0.20119089595753903,0.9806716198797755,2.2013971243204513
NGC3741,nfw,0.01,outer_holdout,True,21,5,10,3.21,0.17,2,70.0,4.0,0.028,0.2,0.182,4.2,50.1,1,irregular_T10_11,late_T8_11,7.0,0.23,35.0,36.5,0.08112721999999999,0,1.9532943884829634,1.9306266416274696,0.05102019830312372,0.047808764940239036,0.03863230635221558,0.724768613089392,0.7383936268785127,0.381884419570434,0.16350615604685195,False,False,False,not applicable,False,0.067792975526451,0.507866190273505,0.7,1.0016074095417815,70.11595444783434,,47.04907727581392,214.2890821496514,0.21837826352358206,1.5440680443502757,1.5622928644564746
NGC3769,nfw,0.01,outer_holdout,True,12,3,3,18.0,2.5,4,70.0,2.0,18.679,3.38,5.529,22.57,118.6,2,spiral_T1_9,spiral_T1_7,37.16,1.74,10.994082840236686,118.0,0.16445895862183707,1,0.8483135292878407,0.1537111568427605,0.08845115595459896,0.08813559322033898,0.007851987938221408,0.07909604064533496,0.0660393535884969,-0.10219085863038013,-0.4366358833199427,False,False,False,not applicable,False,0.9774543825707044,0.3992312845122248,0.7,0.9289483461409974,69.82445603229249,,12.292426653943965,238.13381936302324,0.33444502468956255,1.0411590050439494,2.0718820073061255
NGC3877,nfw,0.01,outer_holdout,True,13,3,5,18.0,2.5,4,76.0,1.0,72.535,2.53,1.483,11.47,168.4,2,spiral_T1_9,spiral_T1_7,11.35,0.87,4.486166007905139,162.0,0.7102281327684605,1,9.721292335573745,9.682719260804333,0.034534833622711696,0.033529411764705884,0.057210628994401214,1.670378231931925,2.7984025489320623,0.006189512341459523,-0.07022386982657271,False,False,False,not applicable,False,1.85240990919389,0.3263841148346902,0.7,0.8003053743024778,75.92750703658785,,12.03748015302894,342.1487126033624,0.07641338216803223,0.6518753403533236,2.2095150145426308
NGC3893,nfw,0.01,outer_holdout,True,10,2,5,18.0,2.5,4,49.0,2.0,58.525,2.38,5.799,20.84,174.0,1,spiral_T1_9,spiral_T1_7,19.05,1.74,8.004201680672269,182.5,0.3342177117214111,0,12.701976114437855,12.701976114437855,0.07365779804028307,0.07365779804028307,0.07475297642752038,0.9895206276391239,1.0467604364210679,-0.03754461107445244,-0.5447266059346096,False,False,False,not applicable,False,0.7084928289799228,0.4247376124403001,0.7,0.9354789844489524,48.61503651106048,,11.879573267947512,352.2741921416221,0.5071819948601572,0.9033180229551262,2.2612628687924934
NGC3917,nfw,0.01,outer_holdout,True,17,4,6,18.0,2.5,4,79.0,2.0,21.966,2.63,1.888,14.08,135.9,1,spiral_T1_9,spiral_T1_7,14.86,0.87,5.650190114068441,134.0,0.31395441152965,0,-0.19477072289870279,-0.44502179015165666,0.03825505130646356,0.03636411721146726,-0.001405187946544728,0.017696259494782582,0.07398614108510443,-0.10582812633827442,0.011079832934552987,False,True,False,not applicable,False,2.422737931979261,0.8734615611582066,0.7,1.1747610238640531,79.28129109685769,,4999.9999999989295,2487.8535701838955,-0.1169079592728274,0.7520630609347986,2.1271047983648077
NGC3953,nfw,0.01,outer_holdout,True,8,2,4,18.0,2.5,4,62.0,1.0,141.301,4.89,2.832,17.38,220.8,1,spiral_T1_9,spiral_T1_7,15.68,3.5,3.206543967280164,219.5,0.5688839644451532,0,-1.6965689181111685,-1.6965689181111685,0.03617421096345515,0.03617421096345515,-0.007646427072238182,-0.2545356488700775,0.09527020198271394,-0.27942125482613495,-0.34863769161990155,False,False,False,not applicable,False,0.1027130701137614,0.4883134621012236,0.7,0.9886499635418976,61.98919851189365,,6.6719733243375385,314.8259355636737,0.0692164367937666,0.5060371992247994,2.34143452457814
NGC3972,nfw,0.01,outer_holdout,True,10,2,4,18.0,2.5,4,77.0,1.0,14.353,2.18,1.214,10.05,132.7,1,spiral_T1_9,spiral_T1_7,8.72,0.87,4.0,113.0,0.3368280611870436,0,0.42308150996781535,0.42308150996781535,0.041044776119402986,0.041044776119402986,0.003157324701252353,0.1038810375087101,0.07185313638001806,0.1835704956561987,0.0,False,False,False,not applicable,False,0.2735559231166091,0.4694770986805061,0.7,0.9753698110886172,76.98995588939803,,56.53492132038411,462.8176995584012,0.1835704956561987,0.6020599913279624,2.0530784434834195
NGC3992,nfw,0.01,outer_holdout,True,9,2,4,23.7,2.3,5,56.0,2.0,226.932,4.96,16.599,32.75,241.0,1,spiral_T1_9,spiral_T1_7,46.02,9.19,9.278225806451614,248.0,0.2588026617999001,0,-4.646123824219984,-4.646123824219984,0.0310065304550309,0.0310065304550309,-0.01946462641708096,-0.6297605486445195,0.39673649409159917,-0.21726955308697868,-0.15965729576112495,False,False,False,not applicable,False,0.034975349213683,0.502196556734592,0.7,1.0033942322021718,56.03401349334648,,10.853194029502648,448.1634766174876,-0.05761225732585373,0.9674649378424272,2.3944516808262164
NGC4010,nfw,0.01,outer_holdout,True,12,3,7,18.0,2.5,4,89.0,1.0,17.193,2.81,2.832,17.59,125.8,2,spiral_T1_9,spiral_T1_7,10.47,0.87,3.725978647686833,109.5,0.36410069459969785,1,9.125775536836253,9.55880080093641,0.03775124189592641,0.04015748031496063,0.07408162151496239,2.091888436053381,6.2288782566670475,0.29792691712986186,-0.22013486578216399,False,True,False,not applicable,False,1.30994437361832,0.369807374157204,0.7,0.894985435258742,88.9970224803054,,4999.999999998973,3798.9847745119423,0.5180617829120259,0.5712403617737625,2.0394141191761372
NGC4013,nfw,0.01,outer_holdout,True,36,8,3,18.0,2.5,4,89.0,1.0,79.094,3.53,2.967,31.35,172.9,2,spiral_T1_9,spiral_T1_7,31.01,5.49,8.784702549575071,178.0,0.24156643395061728,1,0.02435207740723655,-2.567371187008007,0.034634033776238124,0.02841275991217874,0.0006818837916038514,-0.07192442957341505,0.5341591709585873,0.18572564988238052,-0.23499055372971203,False,False,False,not applicable,False,0.5298275009389848,0.5383239212541143,0.7908257285421629,1.0616634043259434,89.00206429360648,,391.57123507432266,834.0686094913557,0.42071620361209255,0.9437270608495039,2.250420002308894
NGC4088,nfw,0.01,outer_holdout,True,12,3,4,18.0,2.5,4,69.0,2.0,107.286,2.58,8.226,22.25,171.7,1,spiral_T1_9,spiral_T1_7,21.48,1.74,8.325581395348838,171.0,0.6009229994319083,0,-3.204043364530264,-4.471728660972758,0.042636650839917634,0.04367816091954023,-0.018375902447339342,-0.3705322474397466,0.40293349033600007,0.0074748260831443,0.25250065109124226,False,True,False,not applicable,False,0.7137114120469611,0.424227544405413,0.7,0.9368442824400292,68.83418052467908,,4999.999999999018,2765.5918790220235,-0.24502582500809797,0.9204145710642879,2.2329961103921536
NGC4100,nfw,0.01,outer_holdout,True,24,5,4,18.0,2.5,4,73.0,2.0,59.394,2.15,3.102,18.06,158.2,1,spiral_T1_9,spiral_T1_7,22.76,2.61,10.586046511627908,178.5,0.3063761352878611,0,12.951433862788878,14.009102419601504,0.04716376273136208,0.04810126582278481,0.08130007743375205,1.7447806802770949,3.3207234695775925,-0.170377997896134,-0.29341108472731686,False,False,False,not applicable,False,0.1915614898780988,0.4784249887701975,0.7,0.9744960914906698,72.94481188603677,,8.410024355559191,324.6620998685012,0.12303308683118286,1.0247337978074282,2.251638220448212
NGC4157,nfw,0.01,outer_holdout,True,17,4,3,18.0,2.5,4,82.0,3.0,105.62,2.32,8.226,24.09,184.7,1,spiral_T1_9,spiral_T1_7,29.61,1.74,12.76293103448276,185.0,0.3445311366921031,0,3.395477915766506,3.4638427928997686,0.06441040268880381,0.06740191804707935,0.01837915506999127,0.2579562217709348,0.09829428897637957,0.1386192267682115,-0.04222334061252832,False,False,False,not applicable,False,0.4028791653257189,0.5082493772764793,0.637984494021379,0.9711735578943906,81.93539812614884,,516.1230649382622,1006.38608676567,0.18084256738073984,1.1059504224983996,2.2671717284030137
NGC4183,nfw,0.01,outer_holdout,True,23,5,6,18.0,2.5,4,82.0,2.0,10.838,2.79,3.506,16.07,110.6,1,spiral_T1_9,spiral_T1_7,21.02,0.87,7.534050179211469,109.0,0.24187166578330843,0,-4.046418174901729,-3.092693043070483,0.06610454824869862,0.04818181818181818,-0.03624871124450755,-0.5119783609913103,0.27995763977392923,-0.10996642094257035,0.1492705288542871,False,False,False,not applicable,False,0.2124512039817637,0.5250674843499953,0.7,1.012198387582516,82.01254057986942,,7.948382950596172,199.3081948822512,-0.25923694979685746,0.8770285084186259,2.037426497940624
NGC4217,nfw,0.01,outer_holdout,True,19,4,3,18.0,2.5,4,86.0,2.0,85.299,2.94,2.562,16.7,181.3,1,spiral_T1_9,spiral_T1_7,16.72,0.87,5.687074829931973,179.0,0.5874801832027714,0,20.435056721521164,21.116956869431903,0.048737355871205874,0.04463276836158192,0.11501289512055513,2.4143932425370465,5.922182342566897,0.17772568134699818,-0.029234965599599035,False,False,False,not applicable,False,3.9103045483803767,0.6958639966570667,0.2844903798691994,0.7143009358161881,85.89394632331967,,44.39118289692939,525.6401997347302,0.20696064694659722,0.7548889426908403,2.2528530309798933
NGC4559,nfw,0.01,outer_holdout,True,32,7,6,9.0,2.7,1,67.0,1.0,19.377,2.1,5.811,21.16,121.2,1,spiral_T1_9,spiral_T1_7,20.97,0.67,9.985714285714284,119.5,0.33695148481590975,0,8.617407026618409,8.059291662801712,0.049406482452475205,0.0495,0.07134849333613368,1.4359497994587909,2.2371139202388943,0.15982671624287484,-0.12598735944065334,False,False,False,not applicable,False,0.2445679468608602,0.4757431333804695,0.7,0.926629615941742,66.98880068394455,,32.626363694921,281.52239806515723,0.2858140756835282,0.9993791357314245,2.0773679052841563
NGC5005,nfw,0.01,outer_holdout,True,18,4,4,16.9,1.5,5,68.0,2.0,178.72,9.45,1.28,10.41,262.2,1,spiral_T1_9,spiral_T1_7,11.47,0.49,1.2137566137566138,260.0,0.682692169642958,0,4.5795600327448795,4.560957896022387,0.08327008290451686,0.08317610062893081,0.017321415105454117,0.20805001834362233,0.0456410329835147,-0.008373771329099024,-0.0007545953232283547,False,True,False,not applicable,False,0.9333251148936684,0.498428853933119,0.5646320530129294,0.962979090444632,67.74138750472254,,4999.999999999915,5465.163334980742,-0.0076191760058706695,0.08413160939200474,2.4149733479708178
NGC5033,nfw,0.01,outer_holdout,True,22,5,5,15.7,4.7,1,66.0,1.0,110.509,5.16,11.314,29.53,194.2,1,spiral_T1_9,spiral_T1_7,44.59,0.76,8.641472868217054,217.5,0.2624681385547809,0,9.888096965521374,10.999825999036801,0.01860092170323266,0.015706806282722512,0.05137137126517022,3.0823501685016224,12.154930160015446,-0.15685760802817697,0.09805843611030518,False,False,False,not applicable,False,0.9254537620803068,0.4444949127575209,0.5848466451853696,0.7229533323708636,65.96520838786527,,10.595253230377342,416.2282998189234,-0.2549160441384821,0.9365877707223959,2.337459261290656
NGC5055,nfw,0.01,outer_holdout,True,28,6,4,9.9,0.3,2,55.0,6.0,152.922,3.2,11.722,35.06,179.0,1,spiral_T1_9,spiral_T1_7,54.59,0.72,17.059375,189.0,0.30148861265080507,0,-1.525245769191386,-0.9100320981755345,0.01716863385429396,0.0180933346176074,-0.008564100064991106,-0.8910732438564516,1.5012595404274152,-0.15049752620598908,-0.144776164959038,False,False,False,not applicable,False,2.7654324660534257,0.2645006585852417,0.7,1.0063066293490248,60.0119392974177,,11.90941505359697,348.45317481981624,-0.005721361246951079,1.2319631159860553,2.2764618041732443
NGC5371,nfw,0.01,outer_holdout,True,19,4,4,39.7,9.92,1,53.0,2.0,340.393,7.44,11.18,30.03,209.5,1,spiral_T1_9,spiral_T1_7,46.24,1.45,6.21505376344086,215.0,0.5646984860392011,0,-20.75910999464074,-19.945165590565736,0.021465552698430517,0.019277220364176888,-0.0989131293737219,-4.516841625919326,21.607942688273013,-0.4153600905178799,0.08569283345257585,False,False,False,not applicable,False,1.59770685038991,0.346098183018763,0.7,1.080364254261463,53.14553715818052,,4.763425953283692,346.4177913229558,-0.5010529239704558,0.7934448898665939,2.3324384599156054
NGC5585,nfw,0.01,outer_holdout,True,24,5,7,7.06,2.12,1,51.0,2.0,2.943,1.53,1.683,10.92,90.3,1,spiral_T1_9,spiral_T1_7,10.96,0.09,7.163398692810458,68.69999999999999,0.21595699061500612,0,13.0469523577168,12.930945567115572,0.02297771622003794,0.028384279475982536,0.14447884225733387,7.0549910748030085,61.78389502508785,0.42671308690060167,-0.10711950055662457,False,True,False,not applicable,False,0.8632581695390988,0.4391258382393985,0.7,0.7407780000817437,50.75712261800057,,4999.9999998818585,3163.061328092312,0.5338325874572263,0.8551191233307516,1.8369567370595503
NGC5907,nfw,0.01,outer_holdout,True,19,4,5,17.3,0.9,2,88.0,2.0,175.425,5.34,21.025,0.0,215.0,1,spiral_T1_9,spiral_T1_7,50.33,5.03,9.425093632958802,218.0,0.2854637785065158,0,-12.443563278555878,-12.41297836165451,0.018562084474167052,0.01849748151323545,-0.05773587530223022,-3.173585986609296,10.174603994743375,-0.19326547645915054,-0.03352140655260635,False,False,False,not applicable,False,2.378894198214131,0.2891216305594282,0.7,0.9741563629896866,87.95358627830748,,7.17016260811064,429.9218924536761,-0.1597440699065442,0.9742856733685831,2.3384564936046046
NGC5985,nfw,0.01,outer_holdout,True,33,7,3,39.7,9.9,1,60.0,2.0,208.728,7.01,11.586,39.5,293.6,1,spiral_T1_9,spiral_T1_7,34.72,3.54,4.9529243937232525,291.0,0.27124533215296626,0,-10.516820702622933,-12.04855023200787,0.015411381725668787,0.013888888888888888,-0.03606041023471001,-2.486735629937123,6.954402391323634,-0.1320319377317757,-0.08412195059213617,False,False,False,not applicable,False,1.360136505873877,0.5058293903993488,0.6012048293483182,0.6608223826662121,59.70598533679744,,6.996960652832602,564.8383123555267,-0.04790998713963954,0.6948616985377957,2.4638929889859074
NGC6015,nfw,0.01,outer_holdout,True,44,9,6,17.0,5.1,1,60.0,2.0,32.129,2.3,5.834,21.43,154.1,2,spiral_T1_9,spiral_T1_7,29.23,0.34,12.708695652173914,152.0,0.20998834752909432,1,-11.229108265925724,-10.206473712525252,0.04146721340430485,0.048734177215189876,-0.07256135505497135,-2.1696592147193563,6.384722025823624,-0.2072616531042333,-0.06792319889703084,False,False,False,not applicable,False,0.071686837010955,0.5060055750548946,0.7,0.9784939488967136,59.981135372167074,,6.850554270474262,278.21339625850175,-0.13933845420720248,1.1041009793398435,2.1818435879447726
NGC6195,nfw,0.01,outer_holdout,True,23,5,3,127.8,12.8,1,62.0,5.0,391.076,13.94,20.907,40.89,251.7,1,spiral_T1_9,spiral_T1_7,36.43,1.33,2.6133428981348636,247.0,0.688132100245497,0,3.1720166768844194,0.9610970121586035,0.025991982644278246,0.02562992125984252,0.013097990183939498,0.7432586443854247,1.9707533744308645,0.011708226553005878,-0.09072741928316383,False,True,False,not applicable,False,1.2371274941865806,0.3760600980276307,0.7559953829031563,0.9777047085839397,60.94654651228672,,4999.999999889958,3356.2810537678074,0.10243564583616971,0.41719639747992526,2.392696953259666
NGC6503,nfw,0.01,outer_holdout,True,31,7,6,6.26,0.31,2,74.0,2.0,12.845,2.16,1.744,14.05,116.3,1,spiral_T1_9,spiral_T1_7,23.5,0.76,10.87962962962963,116.0,0.16276716824196596,0,-2.6258458374207243,-2.7633837251575244,0.030951740900290264,0.017543859649122806,-0.022613044490773393,-0.8188006966743885,0.9875198157051198,-0.10497011702833339,0.08749212671408452,False,False,False,not applicable,False,1.1594630452297143,0.3828456349532267,0.7,0.9860175438946578,73.77151770305294,,7.143435495752107,227.74615315075377,-0.1924622437424179,1.0366141111208054,2.0644579892269186
NGC6674,nfw,0.01,outer_holdout,True,15,3,3,51.2,10.2,1,54.0,6.0,214.654,6.04,32.165,50.02,241.3,1,spiral_T1_9,spiral_T1_7,72.41,2.5,11.988410596026489,242.0,0.17472055687751997,0,-1.5558700846236964,-0.318641267454268,0.015106721315147037,0.01652892561983471,-0.006298410233449105,-0.900515914695934,2.8742070977108702,0.09331095300547117,-0.11214680030163289,False,True,False,not applicable,False,2.117939885791771,0.8142616724828184,0.8072548422783173,1.306870579040932,61.02997105825021,,4999.999999999995,2368.158637294734,0.20545775330710406,1.0787616088594338,2.383815365980431
NGC6946,nfw,0.01,outer_holdout,True,58,12,6,5.52,1.66,2,38.0,2.0,66.173,2.44,5.67,21.25,158.9,1,spiral_T1_9,spiral_T1_7,20.4,0.19,8.360655737704917,167.0,0.43226802557093225,0,8.435793743357479,8.558667289941823,0.08478307454980534,0.07211084905660378,0.05364270751452215,0.6823121595497379,0.5143566838011614,-0.06138153514967048,-0.07445151873374613,False,False,False,not applicable,False,0.9460655831006892,0.5101502425205672,0.5629780749771522,0.9064116827320752,37.83133603820061,,19.11729298191695,312.1747092400838,0.01306998358407565,0.9222403410871692,2.2227164711475833
NGC7331,nfw,0.01,outer_holdout,True,36,8,3,14.7,1.5,3,75.0,2.0,250.631,5.02,11.067,27.01,239.0,1,spiral_T1_9,spiral_T1_7,36.31,2.67,7.2330677290836665,239.0,0.3937968770300031,0,-5.841620541220614,-5.939304510026261,0.022020465319814067,0.02100877425277616,-0.024450550107275232,-1.1577276718383114,1.4817177054464117,-0.06496717017970192,-0.002606098546270516,False,False,False,not applicable,False,1.0646604584107495,0.3925423113394141,0.6063124771734814,0.8913611777131888,74.64338156813119,,29.56154646590764,442.98915014863616,-0.06236107163343141,0.8593225317678731,2.3783979009481375
NGC7793,nfw,0.01,outer_holdout,True,46,10,7,3.61,0.18,2,47.0,9.0,7.05,1.21,0.861,7.35,0.0,1,spiral_T1_9,spiral_T1_7,7.87,0.11,6.5041322314049586,76.2,0.38746126497272737,0,10.108294196395756,8.159051611330419,0.07921300152144832,0.06780083468583353,0.1068091122861901,1.6953204691841748,10.0451695655163,0.23992589667381953,-0.3345021181935579,False,True,False,not applicable,False,0.0758720620546615,0.4960401952987505,0.7,1.0006590383943124,47.68284855849196,,4999.999999999995,4056.850079132972,0.5744280148673775,0.8131893620426145,1.8819549713396004
NGC7814,nfw,0.01,outer_holdout,True,18,4,2,14.4,0.66,2,90.0,1.0,74.529,2.54,1.07,12.15,218.9,1,spiral_T1_9,spiral_T1_7,19.53,0.63,7.6889763779527565,221.0,0.2876487837365709,0,-5.0129432272739365,-5.064431836957539,0.022406542056074768,0.022546728971962617,-0.023424968351747365,-1.0393726351346781,1.1798553132981158,-0.10867618938182151,-2.836781442904321e-15,True,False,False,not applicable,False,1.1869703829092766,0.5005818583130516,0.5325998033174282,0.9886429055801405,89.99999999998047,,8.74650495569225,393.54277887233593,-0.10867618938181868,0.8858685266679164,2.3443922736851106
UGC00128,nfw,0.01,outer_holdout,True,22,5,8,64.5,9.7,1,57.0,10.0,12.02,5.95,7.431,31.27,129.3,1,spiral_T1_9,late_T8_11,53.75,1.25,9.033613445378151,127.5,0.12419543667642524,0,-5.391946308624492,-4.919073006104284,0.026899571487173014,0.02062015503875969,-0.04097783519531612,-1.9631770014888859,5.144192937276306,-0.15958935484202463,-0.23843011923731472,False,False,False,not applicable,False,0.677574727566429,0.450655855368197,0.7,1.0823417306415573,63.77574727566429,,15.641526361799714,250.6099056391898,0.07884076439529009,0.9558615028590933,2.1055101847699738
UGC00191,nfw,0.01,outer_holdout,True,9,2,9,17.1,5.1,1,45.0,5.0,2.004,1.58,1.343,10.03,0.0,1,spiral_T1_9,late_T8_11,9.98,0.62,6.3164556962025316,57.6,0.24472710607981227,0,5.240778347675068,5.240778347675068,0.010090439276485789,0.010090439276485789,0.06355079910039481,6.603496719184882,45.38145104784255,0.13002859181472293,0.11827631091123418,False,False,False,not applicable,False,0.4838938394822079,0.5589325324394052,0.7,1.1255186516257325,46.32339479956529,,13.924313699970993,186.5707987097176,0.011752280903488746,0.8004734543329485,1.760422483423212
UGC00731,nfw,0.01,outer_holdout,True,12,3,10,12.5,3.75,1,57.0,3.0,0.323,2.3,1.807,11.57,73.3,1,irregular_T10_11,late_T8_11,10.91,0.91,4.743478260869566,66.35,0.24415296599595537,0,3.2683278784174234,3.6147688480210007,0.04271781154401042,0.04363143631436315,0.04423578364589561,1.0197641919176068,1.0817038607632283,0.13824185976220624,-0.007742019480537522,False,False,False,not applicable,False,0.1928341143525009,0.5014271927656784,0.7,0.9421497656942496,56.87586141367231,,9.933021614371944,155.73567305484443,0.14598387924274375,0.676096914570749,1.8218409272004543
UGC01281,nfw,0.01,outer_holdout,True,25,5,8,5.27,0.24,2,90.0,1.0,0.353,1.63,0.294,5.26,55.2,1,spiral_T1_9,late_T8_11,4.99,0.08,3.0613496932515343,37.4,0.17792381466511326,0,-3.033345807566852,-3.3280749361582807,0.07193969343836151,0.0718132854578097,-0.055174335213438105,-0.758336451891713,0.814460031522079,0.4283297261132276,0.13738014082329086,True,True,False,not applicable,False,0.2276193390746133,0.5059116776670843,0.7,1.0103659661058648,89.99999999990696,,4999.99999999948,2298.419034553896,0.29094958528993675,0.4859129412194322,1.57287160220048
UGC02259,nfw,0.01,outer_holdout,True,8,2,8,10.5,3.1,1,41.0,3.0,1.725,1.62,0.494,7.28,86.2,2,spiral_T1_9,late_T8_11,8.14,1.02,5.0246913580246915,83.25,0.1748218135692565,1,-3.694900011693335,-3.694900011693335,0.029690449226123065,0.029690449226123065,-0.04130752424094001,-1.351655236392249,1.9312337699302264,-0.08457891412993916,0.14394410097171248,False,False,False,not applicable,False,0.0678887125318096,0.5078773859313185,0.7,1.0142108678453987,41.05963223126675,,3.281295750919785,166.4230829405204,-0.22852301510165163,0.7011093903465703,1.9203842421783575
UGC02487,nfw,0.01,outer_holdout,True,17,4,0,69.1,10.4,1,36.0,5.0,489.955,7.89,17.963,40.2,332.0,1,S0_T0,S0_T0,80.38,9.93,10.187579214195184,364.0,0.18538000679943453,0,-14.829407777955211,-14.92207576179402,0.025922822879308395,0.025529207740051116,-0.0446973394263874,-2.113206020175325,4.968948096705372,-0.23644975755682465,0.06107524558125139,False,False,False,not applicable,False,1.4818189924924596,0.703318277155566,0.5484198075313589,1.0553447763593105,38.79861237128432,,16.532143967833772,605.9875156839687,-0.29752500313807606,1.0080709986465957,2.561101383649056
UGC02885,nfw,0.01,outer_holdout,True,19,4,5,80.6,8.06,1,64.0,4.0,403.525,11.4,40.075,74.24,289.5,1,spiral_T1_9,spiral_T1_7,74.07,1.7,6.497368421052631,287.0,0.2637727538173956,0,-2.4454659195155557,-2.433642751174972,0.03355704697986577,0.03355704697986577,-0.008206261474884416,-0.2445465919515556,0.06247904081987482,0.023717516617499435,3.0139548966282777e-13,False,False,False,not applicable,False,1.3277327735166462,0.4734955897453141,0.9503231686002652,1.0432654954744014,65.16662312170553,,64.88789657069256,570.255250075044,0.02371751661719804,0.812737493315122,2.4578818967339924
UGC02916,nfw,0.01,outer_holdout,True,43,9,2,65.4,9.8,1,50.0,5.0,124.153,6.15,23.273,34.24,182.7,2,spiral_T1_9,spiral_T1_7,38.0,0.37,6.178861788617886,211.0,0.5284761147867493,1,-1.0150280437479182,-1.1126464458770897,0.05988960032953997,0.0613953488372093,-0.006026092605327001,-0.09215540175461207,0.3083773744350251,-0.23590435393946127,-0.1656396806308216,True,True,False,not applicable,False,5.999999999999999,1.990535852767486,0.1758320502056706,1.1484333287929356,54.692137226582965,,0.020000000000014,790.2393144226347,-0.07026467330863967,0.7909084808413934,2.3242824552976926
UGC02953,nfw,0.01,outer_holdout,True,115,23,2,16.5,4.95,1,50.0,4.0,259.518,3.55,7.678,24.0,264.9,2,spiral_T1_9,spiral_T1_7,62.39,0.09,17.574647887323945,266.0,0.25860770708437164,1,-9.514196214487948,-6.439334205779744,0.01557906579032904,0.01698473282442748,-0.0359940871910646,-2.127511326527622,8.187147156363684,-0.18528270975707006,-0.009542616140953985,False,False,False,not applicable,False,0.3356383280822626,0.4989519949586672,0.6479391281861169,0.9488838519851428,49.7451753202112,,11.36762432638701,502.1540146246848,-0.1757400936161161,1.2448866325752692,2.424881636631067
UGC03205,nfw,0.01,outer_holdout,True,48,10,2,50.0,10.0,1,67.0,4.0,113.642,3.19,9.677,28.6,219.6,1,spiral_T1_9,spiral_T1_7,40.04,0.28,12.551724137931034,221.0,0.3771670627882776,0,-16.890486537974983,-13.778255567517348,0.016410173201681595,0.011617326901733118,-0.0780885447719936,-6.146123951052533,45.95716247831224,-0.21680364511812636,-0.02297249593157377,False,False,False,not applicable,False,2.805833429909716,0.4624621458586542,0.5389456271556462,0.4388333140180568,65.42774738787301,,3.603128652841904,447.1262745270968,-0.1938311491865526,1.0987033857500998,2.3443922736851106
UGC03546,nfw,0.01,outer_holdout,True,30,6,1,28.7,7.2,1,55.0,5.0,101.336,3.79,2.675,18.37,196.9,1,spiral_T1_9,spiral_T1_7,29.23,0.63,7.712401055408971,204.5,0.4117708455180804,0,2.7074747036702007,4.305622669789088,0.04008487361184549,0.024435032894736843,0.014067299849713708,1.1762109743400637,2.585679758106551,-0.10567827292274094,-0.027003298710474716,False,False,False,not applicable,False,0.8325090842880758,0.5070461489239567,0.6038309101595428,0.7911475467988103,53.29174405572205,,13.829517330732925,367.89405732263737,-0.07867497421226623,0.8871896053893641,2.3106933123433606
UGC03580,nfw,0.01,outer_holdout,True,47,10,1,20.7,5.2,1,63.0,4.0,13.266,2.43,4.37,19.97,126.2,2,spiral_T1_9,spiral_T1_7,27.06,0.11,11.1358024691358,91.4,0.3161361252057884,1,-6.983997163217102,-8.301140466367222,0.013175037650649712,0.012943928571428572,-0.05514270572444594,-3.9044240709587568,25.274960642199794,0.018775027077569187,0.16483988132735075,False,False,False,not applicable,False,2.9439113728573703,0.6227374739735033,0.4796911499375203,0.2604667082677138,62.097239023097465,,9.822607217307253,239.7928602329737,-0.14606485424978155,1.0467215186632919,1.9609461957338314
UGC04278,nfw,0.01,outer_holdout,True,25,5,7,9.51,2.85,1,90.0,3.0,1.307,2.21,1.116,8.9,91.4,1,spiral_T1_9,spiral_T1_7,6.69,0.14,3.0271493212669687,53.7,0.16641184029013883,0,-5.217195659162226,-4.781790648818983,0.12147590370016637,0.09428879310344827,-0.05899509723354803,-0.5787702857555435,0.38531242911411834,0.7611605471910772,0.5460558706991969,True,True,False,not applicable,False,0.7571823013951654,0.4200024020530753,0.7,0.8056640126297557,89.9999999999632,,4999.999999999968,3035.332475300609,0.21510467649188025,0.48103384408271244,1.7299742856995557
UGC04325,nfw,0.01,outer_holdout,True,8,2,9,9.6,2.88,1,41.0,3.0,2.026,1.86,0.678,6.61,90.9,1,spiral_T1_9,late_T8_11,5.59,0.7,3.005376344086021,89.4,0.2256648989220341,0,5.695222415295575,5.695222415295575,0.033117583603020494,0.033117583603020494,0.06192663513844114,1.867286037801828,3.6479971916522342,0.09549679596597234,-0.09738989498018845,False,False,False,not applicable,False,0.2576330374786093,0.5305585383471052,0.7,1.055530195407047,41.23343725893526,,5.365788097041089,197.2847035357821,0.1928866909461608,0.4778988636685069,1.9513375187959177
UGC04483,nfw,0.01,outer_holdout,True,8,2,10,3.34,0.31,2,58.0,3.0,0.013,0.18,0.032,1.46,0.0,2,irregular_T10_11,late_T8_11,1.21,0.08,6.722222222222222,20.8,0.30536472918516494,1,1.3572030536064297,1.3572030536064297,0.07129799680304731,0.07129799680304731,0.05603040549771779,0.9911492774286899,1.4935595525712897,0.38079077350102447,-0.029075029975753536,False,False,False,not applicable,False,0.0402262852686447,0.4988467235704225,0.7,1.0037335773752334,58.085116877387065,,35.50712103722507,177.2401764485884,0.40986580347677803,0.827512865213144,1.3180633349627615
UGC04499,nfw,0.01,outer_holdout,True,9,2,8,12.5,3.75,1,50.0,3.0,1.552,1.73,1.1,8.67,72.8,1,spiral_T1_9,late_T8_11,8.18,0.91,4.728323699421965,66.9,0.2861925053369789,0,4.996178881908676,4.996178881908676,0.03611230970641861,0.03611230970641861,0.06762025510852201,1.8741184811935505,3.621633570987103,0.3028189349572808,0.11625079832568981,False,False,False,not applicable,False,0.2032252335664598,0.4771418180097363,0.7,0.9698820482830012,49.91418011569618,,27.71891621254108,217.27917034478256,0.186568136631591,0.6747072005425275,1.825426117767823
UGC05005,nfw,0.01,outer_holdout,True,11,3,10,53.7,10.7,1,41.0,10.0,4.1,3.2,3.093,21.61,98.9,1,irregular_T10_11,late_T8_11,28.61,0.78,8.940624999999999,72.5,0.18640914733908062,0,8.806849490766249,5.698220075421062,0.10050393176414694,0.10060362173038229,0.08866492992829256,0.8806849490766249,1.1810667846097804,0.4292466900132099,-0.016764685651042364,False,True,False,not applicable,False,0.0599504711035069,0.4934982972329084,0.7,0.9941626209061636,40.40049528896493,,4999.999999999995,2042.163400678793,0.4460113756642523,0.9513678794853566,1.8603380065709938
UGC05253,nfw,0.01,outer_holdout,True,73,15,2,22.9,5.72,1,37.0,4.0,171.582,8.07,16.396,36.64,213.7,2,spiral_T1_9,spiral_T1_7,53.29,0.13,6.603469640644361,246.0,0.3933591395251978,1,42.09648440010689,33.81701631071445,0.028606285467253547,0.01889344262295082,0.19206879287605927,8.258863891136054,140.09855126029427,0.16980756639879468,-0.1435404189777359,False,False,False,not applicable,False,0.2958918048786753,0.4670687637361104,0.7251493166998458,0.9603150157966118,36.5396320520346,,91.60151164432637,724.9606068737352,0.3133479853765306,0.8197721855188413,2.3909351071033793
UGC05716,nfw,0.01,outer_holdout,True,12,3,9,21.3,5.3,1,54.0,10.0,0.588,1.14,1.094,10.64,73.1,2,spiral_T1_9,late_T8_11,12.37,1.03,10.850877192982457,69.95,0.18186381409976057,1,2.6381893640621477,3.1294361765144743,0.01761433726297622,0.014657534246575343,0.03607277857233521,2.658431173882913,9.124653948944689,0.049488939328585446,0.16366608060499152,False,False,False,not applicable,False,0.3110768440488624,0.5058285041181926,0.7,1.0774040973454917,57.04775757166293,,10.893778118953648,154.92376209992807,-0.11417714127640607,1.035464848292648,1.8447877188278465
UGC05721,nfw,0.01,outer_holdout,True,23,5,7,6.18,1.85,1,61.0,5.0,0.531,0.38,0.562,6.74,79.7,1,spiral_T1_9,spiral_T1_7,6.74,0.09,17.736842105263158,78.3,0.12487903428935179,0,5.1271572538507,5.274777783976106,0.05807066987967234,0.05814249363867685,0.06518228613725416,1.1219162481073741,1.2688697727939646,0.01047115965930908,0.05121548684055207,False,False,False,not applicable,False,0.3616229498586559,0.4600528329188343,0.7,0.9602685706223812,60.79228433422661,,2.874489889462701,170.69847265494334,-0.04074432718124299,1.2488762999185097,1.8937617620579434
UGC05750,nfw,0.01,outer_holdout,True,11,3,8,58.7,11.7,1,64.0,10.0,3.336,3.46,1.099,16.79,0.0,1,spiral_T1_9,late_T8_11,22.85,0.31,6.604046242774567,49.8,0.24245941896824758,0,5.176741503961186,-2.8629448954748966,0.1491273649676602,0.14175257731958765,0.06430448229228268,0.4810104586921269,1.3688483917233416,0.4181232277384498,0.06627077028091537,False,True,False,not applicable,False,0.147869008490759,0.5097944066353507,0.7,1.0294730391710711,65.23013976560767,,4999.999999999995,1916.7252158311824,0.3518524574575344,0.8198101056130924,1.6972293427597176
UGC05764,nfw,0.01,outer_holdout,True,10,2,10,7.47,2.24,1,60.0,10.0,0.085,1.17,0.163,3.51,0.0,2,irregular_T10_11,late_T8_11,3.62,0.36,3.094017094017094,49.95,0.17285138301472214,1,7.4627627362789255,7.4627627362789255,0.05425551102204409,0.05425551102204409,0.14940967054883184,2.7531546631254242,7.580676271936261,0.06404849137089938,-0.019112775650419644,False,False,False,not applicable,False,0.1122038775936001,0.5050129880379963,0.7,1.0336461426786698,60.75587626354095,,2.9968246334807724,118.50336010280508,0.08316126702131903,0.4905227087870041,1.698535492562001
UGC05829,nfw,0.01,outer_holdout,True,11,3,10,8.64,2.59,1,34.0,10.0,0.564,1.99,1.023,7.87,0.0,2,irregular_T10_11,late_T8_11,6.91,0.63,3.472361809045226,47.9,0.30503937330639175,1,0.3060462789102682,-0.006968977503476026,0.07808529002012321,0.07713414634146341,0.005365324197332429,0.06048345433009252,0.030039420968617333,0.45626841631655013,0.6104630227867022,False,False,False,not applicable,False,0.0207448174365488,0.502394048608282,0.7,0.996886941125724,33.82005943086722,,167.5832611698724,408.0088092234751,-0.15419460647015204,0.5406249709644918,1.6803355134145632
UGC05918,nfw,0.01,outer_holdout,True,8,2,10,7.66,2.3,1,46.0,5.0,0.233,1.66,0.297,5.9,0.0,2,irregular_T10_11,late_T8_11,4.46,0.56,2.6867469879518073,38.099999999999994,0.18491850162004891,1,1.7997878003843688,1.7997878003843688,0.0902840639341668,0.0902840639341668,0.0413060364956325,0.4579612723624348,0.21015283425882397,0.33892674450255816,0.3252158919863043,False,False,False,not applicable,False,0.0154196914089743,0.5016689925035245,0.7,0.9953700665482192,45.95685805845641,,9.796045501440346,113.50273649030852,0.013710852516253869,0.4292267706720868,1.5809249756756192
UGC05986,nfw,0.01,outer_holdout,True,15,3,9,8.63,2.59,1,90.0,3.0,4.695,1.67,2.667,16.53,113.0,2,spiral_T1_9,late_T8_11,9.41,0.63,5.634730538922156,109.0,0.17039351471744255,1,15.536328360917002,15.595871750485685,0.04648501518844698,0.04678899082568807,0.14295173331474467,3.009324834511179,9.135385323162284,0.36468462010021013,-0.3211033234235446,True,True,False,not applicable,False,1.4382014263389349,0.5762702307073783,0.7,1.4316270792836432,89.99999999995437,,4999.9999999502925,3778.476533242269,0.6857879435237547,0.7508731522796737,2.037426497940624
UGC06399,nfw,0.01,outer_holdout,True,9,2,9,18.0,2.5,4,75.0,2.0,2.296,2.05,0.674,8.8,85.0,1,spiral_T1_9,late_T8_11,7.85,0.87,3.829268292682927,77.5,0.20608301625687842,0,8.354475038571756,8.354475038571756,0.05658953185678318,0.05658953185678318,0.0963165152903856,1.7049949058309706,2.9733789997657296,0.40574504454663324,0.19661848626267184,False,True,False,not applicable,False,0.0730842498340632,0.5084853316918896,0.7,1.0063477362441613,75.01237885244085,,4999.999967752128,3182.405694393455,0.2091265582839614,0.5831157956894982,1.8893017025063104
UGC06446,nfw,0.01,outer_holdout,True,17,4,7,12.0,3.6,1,51.0,3.0,0.988,1.49,1.379,10.33,82.2,1,spiral_T1_9,spiral_T1_7,10.22,0.58,6.859060402684564,80.1,0.20236831410194617,0,1.365961119698678,0.5445063872336888,0.08724783794129304,0.07468889725339903,0.016959677185221483,0.13536911451102762,0.05164213943835962,-0.006083381331884482,-0.26850924601242443,False,False,False,not applicable,False,0.0726160847925897,0.5029950889352908,0.7,0.9782151745622232,50.939632648602576,,5.557658323177861,165.189642734311,0.26242586468053997,0.8362646273864199,1.9036325160842376
UGC06614,nfw,0.01,outer_holdout,True,13,3,1,88.7,8.87,1,36.0,10.0,124.35,5.1,21.888,60.63,199.8,1,spiral_T1_9,spiral_T1_7,64.59,3.23,12.664705882352942,193.0,0.2647051215567101,0,21.90532710337239,18.08897138653225,0.08037787279445305,0.0784313725490196,0.10727478920258461,1.3657763969848842,3.088464999733976,0.35225855352045643,0.016279740661471122,False,False,False,not applicable,False,0.3474085747638591,0.4945823050293305,0.6840245364781399,0.993612418864694,32.52591425236141,,645.2898920855441,1115.2580548845483,0.3359788128589853,1.1025951084452132,2.285557309007774
UGC06667,nfw,0.01,outer_holdout,True,9,2,6,18.0,2.5,4,89.0,1.0,1.397,5.15,0.809,8.59,83.8,1,spiral_T1_9,spiral_T1_7,7.85,0.87,1.524271844660194,77.3,0.12067435587767156,0,8.633351439885438,8.633351439885438,0.03748369826343606,0.03748369826343606,0.10107167304639386,2.6748921554953804,7.2908275522059265,0.37400503336636054,0.06982161489258355,False,False,False,not applicable,False,0.060041717695484,0.5023216766985307,0.7,1.008339127457706,89.0002651658723,,66.43073434846066,404.6489192007516,0.304183418473777,0.18306242770406148,1.888179493918325
UGC06786,nfw,0.01,outer_holdout,True,45,9,0,29.3,7.32,1,64.0,3.0,73.407,3.6,5.03,20.31,219.4,1,S0_T0,S0_T0,34.05,0.16,9.458333333333332,218.0,0.21882340962487276,0,-0.8462291382749041,-0.4993351244386872,0.019243234182359164,0.012455357142857143,-0.0036183311142370922,-0.7521625743407833,2.1998826417874593,-0.08515323718307269,-0.09690430038353784,False,False,False,not applicable,False,1.313842592300402,0.3694755847184441,0.7780711039677299,0.687180312817032,63.45957461362539,,9.240256640258854,452.44561371129294,0.01175106320046515,0.9758146154815166,2.3384564936046046
UGC06787,nfw,0.01,outer_holdout,True,71,15,2,21.3,5.32,1,66.0,3.0,98.256,5.37,5.03,26.44,248.1,2,spiral_T1_9,spiral_T1_7,37.19,0.12,6.925512104283054,238.0,0.22877949993764468,1,-33.49695410094966,-36.228406614420294,0.0118925201669066,0.012175732217573223,-0.13488288492241202,-11.621111814997102,160.48783492086815,-0.16986087561195673,0.11969038297577228,False,False,False,not applicable,False,4.205266840438526,0.8451565861483514,0.2658100248037908,1.540657093689365,67.71815286383188,,10.71759527990955,356.10481630978205,-0.289551258587729,0.840451892659417,2.376576957056512
UGC06818,nfw,0.01,outer_holdout,True,8,2,9,18.0,2.5,4,75.0,3.0,1.588,1.39,1.079,6.96,71.2,2,spiral_T1_9,late_T8_11,6.98,0.87,5.02158273381295,55.45,0.2113258565048605,1,-5.552572932189918,-5.552572932189918,0.08437544408128464,0.08437544408128464,-0.07719194236837802,-0.925428822031653,0.9135379502017924,0.392511467649223,0.6646432088380934,False,True,False,not applicable,False,0.9574494529174572,0.4010745076513602,0.7,0.93289683998617,74.72150464212521,,4999.999999999995,2300.487138655573,-0.27213174118887035,0.7008406223690661,1.743901550485179
UGC06917,nfw,0.01,outer_holdout,True,11,3,9,18.0,2.5,4,56.0,2.0,6.832,2.76,2.023,12.67,108.7,1,spiral_T1_9,late_T8_11,10.47,1.74,3.793478260869566,100.0,0.25407438842593283,0,3.451655076708112,3.9779094433910984,0.04556491556491557,0.04454545454545455,0.031835194124097015,0.7116268630833598,0.560849195019971,0.3082146188580517,0.30707232289456715,False,False,False,not applicable,False,0.2578708925018566,0.4711757332526778,0.7,0.9745394865115906,55.87830402160821,,20.963542029520266,267.4910222289727,0.0011422959634845298,0.5790375996136247,2.0
UGC06930,nfw,0.01,outer_holdout,True,10,2,7,18.0,2.5,4,32.0,5.0,8.932,3.94,3.237,16.76,107.2,1,spiral_T1_9,spiral_T1_7,16.61,1.74,4.215736040609137,105.0,0.28809079861111114,0,0.32491261455346887,0.32491261455346887,0.06851851851851852,0.06851851851851852,0.0030084501347543416,0.04390711007479309,0.0035043609973513076,-0.09414994427169143,0.0,False,False,False,not applicable,False,0.1125390075405392,0.4949555962276533,0.7,0.9923377942597486,31.437304962297304,,10.034388345481789,203.8106595002185,-0.09414994427169143,0.6248734106258204,2.0211892990699383
UGC06983,nfw,0.01,outer_holdout,True,17,4,6,18.0,2.5,4,49.0,1.0,5.298,3.21,2.967,16.07,109.0,1,spiral_T1_9,spiral_T1_7,15.68,1.74,4.8847352024922115,108.0,0.22347473519283745,0,4.523051489443738,4.56242158202582,0.09330615018688412,0.09074074074074075,0.04171207011600028,0.4563868678313698,0.21578055282331324,-0.014800222266392575,-0.0017753814133636405,False,False,False,not applicable,False,0.1041492413863297,0.4909878101839103,0.7,0.985534827585232,48.977557351523295,,9.02709621649196,219.9797455657847,-0.013024840853028935,0.6888410259435476,2.03342375548695
UGC07089,nfw,0.01,outer_holdout,True,12,3,8,18.0,2.5,4,80.0,3.0,3.585,2.26,1.214,9.29,0.0,2,spiral_T1_9,late_T8_11,9.16,0.87,4.053097345132744,66.2,0.30942208618302114,1,-1.4637334295697428,-1.7384920425144372,0.08455482281458913,0.08276797829036635,-0.018817595820133193,-0.22110651344145826,0.05737096795903302,0.3350650343312291,0.4632747060009431,False,True,False,not applicable,False,0.2398397067596643,0.4731360432832934,0.7,0.9849541615815928,79.9572577474382,,4999.999999999995,2163.835946236772,-0.12820967166971403,0.6077870345204496,1.8208579894397
UGC07125,nfw,0.01,outer_holdout,True,13,3,9,19.8,5.9,1,90.0,3.0,2.712,3.38,4.629,23.04,65.2,1,spiral_T1_9,late_T8_11,18.68,1.44,5.5266272189349115,61.5,0.4483119317793022,0,3.205216250881913,2.887571965399843,0.049882735467817206,0.049462365591397855,0.04919523196792142,0.9888717361812533,1.0099819395142757,-0.03748767351675339,-0.05602366941816949,True,False,False,not applicable,False,1.022438563545805,0.4910363531093582,0.7,0.6953339633878661,89.9999999999707,,17.534600487842646,134.10088814202456,0.0185359959014161,0.7424601716164199,1.7888751157754168
UGC07151,nfw,0.01,outer_holdout,True,11,3,6,6.87,0.34,2,90.0,3.0,2.284,1.25,0.616,6.39,73.5,1,spiral_T1_9,spiral_T1_7,5.5,0.5,4.4,67.2,0.3329463804370862,0,4.0491026349535275,4.381560774801642,0.04398599767293767,0.04427586206896552,0.05444980671107182,1.2405366592636635,1.5621764917669285,0.3035459868424005,0.24363893794442815,True,False,False,not applicable,False,1.4919303113451643,0.7049576625518931,0.7,1.012185073086378,89.99999999994141,,16.773102812149055,190.5258772944097,0.059907048897972326,0.6434526764861874,1.8273692730538253
UGC07323,nfw,0.01,outer_holdout,True,10,2,8,8.0,2.4,1,47.0,3.0,4.109,2.26,0.722,7.14,0.0,1,spiral_T1_9,late_T8_11,5.82,0.58,2.5752212389380533,62.5,0.3757392656325991,0,-2.170487884660851,-2.170487884660851,0.04597470540430719,0.04597470540430719,-0.025795534452356893,-0.5608495825997031,0.31474599592985797,0.3316630319193501,0.311137973397341,False,True,False,not applicable,False,0.3014479926197331,0.4664715969499224,0.7,1.0179696770688471,47.0594207233022,,4999.999999999995,2740.856623740116,0.020525058522009088,0.4108145455024876,1.7958800173440752
UGC07399,nfw,0.01,outer_holdout,True,10,2,8,8.43,2.53,1,55.0,3.0,1.156,1.64,0.745,7.85,103.0,1,spiral_T1_9,late_T8_11,6.13,0.61,3.7378048780487805,93.4,0.10772522061740031,0,-0.4936575221056998,-0.4936575221056998,0.046841454478842276,0.046841454478842276,-0.004611623650167637,-0.09829008776023912,0.03756126518722264,0.12383603479715206,0.273907248877561,False,False,False,not applicable,False,0.1761318365970292,0.4801277643858005,0.7,0.9616532812833744,54.90963717216762,,5.68817170877602,223.89936978079052,-0.15007121408040897,0.5726166264707172,1.9703468762300933
UGC07524,nfw,0.01,outer_holdout,True,31,7,9,4.74,0.24,2,46.0,3.0,2.436,3.46,1.779,12.11,79.5,1,spiral_T1_9,late_T8_11,10.69,0.35,3.0895953757225434,70.2,0.2648692110047727,0,5.430544561097038,4.712177319965932,0.04224419142501462,0.04221668742216688,0.06752018922588256,1.6598363110120649,3.4543547264371797,0.3843720837772344,0.16322396722719865,False,False,False,not applicable,False,0.2818661068983264,0.4685796176329075,0.7,0.998603635369096,45.834030886451295,,36.93033771377042,243.6960832593085,0.22114811655003577,0.4899016064160014,1.8463371121298053
UGC07577,nfw,0.01,outer_holdout,True,9,2,10,2.59,0.13,2,63.0,3.0,0.045,0.9,0.044,2.07,0.0,2,irregular_T10_11,late_T8_11,1.69,0.19,1.8777777777777778,10.7,0.6283380799810133,1,-3.2579810219452616,-3.2579810219452616,0.18873047841141966,0.18873047841141966,-0.19051744294304634,-1.0277542655978744,1.161471735239571,-0.10209772125520505,1.0023128445965936,False,False,False,not applicable,False,0.0145148694732447,0.4983317033165342,0.7,0.999936836421988,62.99598628972024,,1.5731469493250407,12.184550301701746,-1.1044105658517986,0.2736441951743487,1.0293837776852097
UGC07603,nfw,0.01,outer_holdout,True,12,3,7,4.7,1.41,1,78.0,3.0,0.376,0.53,0.258,4.37,61.6,1,spiral_T1_9,spiral_T1_7,4.11,0.34,7.754716981132075,60.25,0.13732082370150345,0,6.333910873775778,6.220139954235961,0.046007045263905026,0.04587301587301588,0.10059973315110839,2.1916646622061515,4.902440236779492,0.3716050511205751,0.21721447661984408,False,False,False,not applicable,False,0.1909106467675383,0.4784966919471923,0.7,1.0358425904767496,78.0274813356027,,32.636399155563616,292.3275522697127,0.15439057450073104,0.8895659522752801,1.779957051246906
UGC08286,nfw,0.01,outer_holdout,True,17,4,6,6.5,0.21,2,90.0,3.0,1.255,1.05,0.642,8.07,82.4,1,spiral_T1_9,spiral_T1_7,8.04,0.47,7.657142857142856,79.3,0.15096830726675842,0,0.6633296641019761,0.7412521126269311,0.023955304790420594,0.02395240499357444,0.007917724113465807,0.3303448694142941,0.1399963109678607,0.09334236801513915,0.06609657020885785,True,False,False,not applicable,False,1.042626382361313,0.6356713566635469,0.7,1.0040048431957949,89.99999999988282,,5.555455235188069,169.71879865567982,0.027245797806281294,0.8840667496785131,1.8992731873176039
UGC08490,nfw,0.01,outer_holdout,True,30,6,9,4.65,0.53,2,50.0,3.0,1.017,0.67,0.72,7.8,78.6,1,spiral_T1_9,late_T8_11,10.15,0.34,15.149253731343283,78.5,0.12881128674338999,0,0.8639745430350748,0.8509238666902661,0.047544862704096746,0.04755154639175258,0.011174982131539467,0.23413944255693084,0.07223583342512062,-0.0835334122421466,-0.09711035129065844,False,False,False,not applicable,False,0.0314771936878848,0.5036371106176472,0.7,0.9994380292709686,49.98859893974069,,3.279526845829285,159.11477676916024,0.013576939048511844,1.1803912395484053,1.8948696567452525
UGC08550,nfw,0.01,outer_holdout,True,11,3,7,6.7,2.0,1,90.0,3.0,0.289,0.45,0.288,5.59,56.9,1,spiral_T1_9,spiral_T1_7,5.36,0.49,11.911111111111111,51.6,0.16223941297927502,0,0.9643216644151688,1.5129449636453884,0.03614698263892444,0.034904013961605584,0.016826499323162897,0.4970421123664907,0.6451373395991858,0.23727106518145194,-0.02725535751500591,True,False,False,not applicable,False,0.5096730503877074,0.5534653970244582,0.7,1.1521412090709573,89.99999999976562,,5.467259301990481,121.86250410671936,0.2645264226964579,1.0759522759174263,1.7126497016272113
UGC08699,nfw,0.01,outer_holdout,True,41,9,2,39.3,9.82,1,73.0,9.0,50.302,3.09,3.738,19.05,182.4,2,spiral_T1_9,spiral_T1_7,25.7,0.22,8.31715210355987,184.0,0.37627120585364277,1,-4.1540811548771455,-1.8940975000416813,0.031855544279108076,0.03463276836158192,-0.0227934522103125,-0.664162053195484,1.7237598002497618,-0.11425524236348288,-0.003013161443096242,False,False,False,not applicable,False,1.2452800710126215,0.6660364716204179,0.5813791191332504,1.1100035481852952,74.53029873159046,,14.70676717671815,307.7408383682303,-0.11124208092038664,0.9199746439064599,2.2648178230095364
UGC08837,nfw,0.01,outer_holdout,True,8,2,10,7.21,0.36,2,80.0,5.0,0.501,1.72,0.32,4.75,0.0,2,irregular_T10_11,late_T8_11,4.2,0.52,2.4418604651162794,31.7,0.3679550297458085,1,-8.800941857501453,-8.800941857501453,0.06504828326180256,0.06504828326180256,-0.1862592234139387,-2.859942746460457,8.187058603882239,0.4662308915899003,0.22395454854037516,False,True,False,not applicable,False,0.2769863938160927,0.4960544958581083,0.7,1.0138301112030226,80.79533150053366,,4999.999999999995,1293.370032385512,0.2422763430495251,0.38772084349035163,1.5010592622177514
UGC09037,nfw,0.01,outer_holdout,True,22,5,6,83.6,8.4,1,65.0,5.0,68.614,4.28,19.078,39.72,152.3,2,spiral_T1_9,spiral_T1_7,27.96,2.43,6.5327102803738315,147.0,0.4319028865034747,1,20.906799651757307,20.682655693852126,0.08940179801534784,0.08933333333333333,0.1406588621073015,1.5583103514694652,2.4385149404767494,0.2909545744055666,-0.3006119024640184,False,False,False,not applicable,False,2.5940813720910816,0.2751451533242422,0.7,0.8842364691019142,59.86350129328911,,102.76491671671296,506.7659008480036,0.591566476869585,0.8150933980604718,2.167317334748176
UGC09133,nfw,0.01,outer_holdout,True,68,14,2,57.1,11.4,1,53.0,6.0,282.926,6.97,33.428,60.35,226.8,1,spiral_T1_9,spiral_T1_7,108.31,0.32,15.53945480631277,279.0,0.23580249890422966,0,18.89718764712905,21.156904324748538,0.012392814798643279,0.013127753303964757,0.08359170305961704,9.546064249244269,144.9631988317391,0.10321025817268503,-0.12225861669749806,False,False,False,not applicable,False,2.849257536611577,0.707968017424577,0.3632221178558301,1.213317072556023,58.08246294934541,,199.31407516973343,587.5223414655421,0.22546887487018308,1.1914357777362312,2.4456042032735974
UGC11455,nfw,0.01,outer_holdout,True,36,8,6,78.6,11.8,1,90.0,1.0,374.322,5.93,13.335,43.44,269.4,1,spiral_T1_9,spiral_T1_7,41.93,0.62,7.070826306913997,262.5,0.4795965716731458,0,31.195923162907206,29.080452637624234,0.023936067527881473,0.022876800157822057,0.11613957484985132,4.866723246334557,24.86208429569065,0.129525490855206,0.004967860275470333,True,True,False,not applicable,False,0.110256553115252,0.4874760001898395,0.7,0.9834474894814252,89.9999999999967,,4999.999999990989,4227.121626447652,0.12455763057973568,0.8494701690393056,2.4191293077419758
UGC11557,nfw,0.01,outer_holdout,True,12,3,8,24.2,6.05,1,30.0,10.0,12.101,2.75,2.605,16.66,0.0,2,spiral_T1_9,late_T8_11,10.56,0.33,3.8400000000000003,64.9,0.7069414367911382,1,2.988540789873852,3.7719207244812765,0.08239507865009744,0.08210784313725492,0.03621770399809457,0.44605086416027645,0.24391643975435115,0.2848377265130268,0.19433114475703797,False,True,False,not applicable,False,0.8444483223018056,0.4668048811490445,0.7,0.9362019119035466,21.555516776981943,,4999.999999931472,2352.729625913433,0.09050658175598883,0.5843312243675308,1.8122446968003694
UGC11820,nfw,0.01,outer_holdout,True,10,2,9,18.1,5.43,1,45.0,10.0,0.97,2.08,1.977,12.99,0.0,1,spiral_T1_9,late_T8_11,15.82,0.26,7.605769230769231,51.875,0.22462527073954858,0,-4.171784049320443,-4.171784049320443,0.012248376371999818,0.012248376371999818,-0.05011673131817293,-4.117377219325201,16.962077966702005,0.06905635948287467,0.20811378774694256,False,False,False,not applicable,False,0.6101033299501772,0.5354006624899506,0.7,1.167049904360929,51.10103329950177,,13.975421796191709,146.41739964851416,-0.1390574282640679,0.8811431441988962,1.7149581097201492
UGC11914,nfw,0.01,outer_holdout,True,65,13,2,16.9,5.1,1,31.0,5.0,150.028,2.44,0.888,9.26,288.1,1,spiral_T1_9,spiral_T1_7,9.83,0.28,4.028688524590164,288.0,0.6263765522730962,0,-9.115955970327871,-2.661106947698272,0.02896761950510017,0.028056537102473498,-0.030845324832208885,-2.873360803615235,29.205252014516226,-0.16233208179310013,0.14680534225150813,False,False,False,not applicable,False,0.5866439851248796,0.4555334714038224,0.8012396609873702,1.0716178796326488,32.169229567031174,,7.573200882484001,350.65230832354075,-0.30913742404460826,0.6051636914934062,2.459392487759231
UGC12506,nfw,0.01,outer_holdout,True,31,7,6,100.6,10.1,1,86.0,4.0,139.571,7.38,35.556,59.01,234.0,2,spiral_T1_9,spiral_T1_7,49.99,0.82,6.773712737127371,238.0,0.23453830465152922,1,5.052225751534069,3.8586759553444665,0.06329973802423053,0.05879828326180257,0.022197950721570343,0.4019755783618414,0.25280856462808604,-0.05574378368496185,-0.18167940223551438,False,False,False,not applicable,False,0.4206953748005308,0.4538375926271522,0.7,0.9880261258299056,85.95362888987003,,10.935338684685773,464.9053177071317,0.12593561855055252,0.8308267749295487,2.376576957056512
UGC12632,nfw,0.01,outer_holdout,True,15,3,9,9.77,2.93,1,46.0,3.0,1.301,2.42,1.744,12.6,71.7,1,spiral_T1_9,late_T8_11,10.66,0.71,4.404958677685951,65.5,0.23331639518552516,0,1.738936432397826,1.9400070526737778,0.03921455063571708,0.038493150684931504,0.02379666617247488,0.6163727702016065,0.47393272695566385,0.18126543284077898,-0.009906464206273858,False,False,False,not applicable,False,0.1299546359838103,0.5061776611730111,0.7,0.9610269106005564,45.87309827542033,,9.773300745618927,149.929293140377,0.19117189704705284,0.6439418387101222,1.816241299991783
UGC12732,nfw,0.01,outer_holdout,True,16,4,9,13.2,4.0,1,39.0,6.0,1.667,1.98,3.66,17.41,0.0,1,spiral_T1_9,late_T8_11,15.4,0.96,7.777777777777778,79.8,0.20854321549181762,0,-1.9853549360892124,-1.9554916446055586,0.03544335741741987,0.035151417302857674,-0.02043077979405017,-0.6252507700388175,0.8138996531098042,0.26440760444470235,0.5405791683944547,False,False,False,not applicable,False,0.0464767045870884,0.5053795621299803,0.7,0.9898601100780476,38.8293428419109,,12.340930489064286,180.03861989910706,-0.2761715639497524,0.8908555305749319,1.9020028913507294
UGCA442,nfw,0.01,outer_holdout,True,8,2,9,4.35,0.22,2,64.0,7.0,0.14,1.18,0.263,4.37,56.4,1,spiral_T1_9,late_T8_11,6.33,0.42,5.364406779661017,51.9,0.126702775349912,0,4.328683485715587,4.328683485715587,0.03023318124751202,0.03023318124751202,0.07620683671239567,5.447753741812204,52.00501588603052,0.3686630189618236,-0.15775939663274577,False,True,False,not applicable,False,0.0846840615808287,0.4903448272284578,0.7,1.0015110668799436,64.48306087334328,,4999.999999999995,2401.357081726603,0.5264224155945694,0.7295217027112297,1.7151673578484579
UGCA444,nfw,0.01,outer_holdout,True,36,8,10,0.98,0.05,2,78.0,4.0,0.012,0.83,0.067,2.08,37.0,2,irregular_T10_11,late_T8_11,2.62,0.12,3.1566265060240966,27.85,0.2168806326598016,1,-0.9747626168463706,-0.7587411668829702,0.15086615265107622,0.1426242781021665,-0.025990640568503816,-0.15371305297320184,0.048453150910461554,0.2902810964287406,0.5462010636563984,False,True,False,not applicable,False,0.0200270837061699,0.4994570574339612,0.7,1.001021789985009,78.04646022697786,,4999.999990972558,2032.6160009284104,-0.2559199672276578,0.49922319894367156,1.4448251995097476
CamB,variable_core,0.01,fullfit_outer_third,False,9,3,10,3.36,0.26,2,65.0,5.0,0.075,0.47,0.012,1.21,0.0,2,irregular_T10_11,late_T8_11,1.79,0.16,3.808510638297873,10.9,0.6791787131519273,1,-0.8567602567256957,-0.45418227844692893,0.0886511320946289,0.08928571428571429,-0.04281677992819934,-0.5711735044837971,0.8397080911785735,0.45755891256539494,0.817011099445087,False,True,False,none,True,1.706964683750234,0.3374998125534122,0.7,0.9148631145034132,57.87128780865352,3.8752303921705256,700.2407448448813,9999.450651225448,-0.35945218687969205,0.5807551730441758,1.0374264979406236
D512-2,variable_core,0.01,fullfit_outer_third,False,4,2,10,15.2,4.56,1,56.0,10.0,0.325,1.24,0.081,0.0,0.0,2,irregular_T10_11,late_T8_11,3.83,0.96,3.088709677419355,34.7,0.20002368178903496,1,-0.46592563305064516,-0.46592563305064516,0.13960411237906972,0.13960411237906972,-0.012720606650216324,-0.09683541398566536,0.010252625634512031,-0.11398415649680704,-0.12477953887937837,False,False,True,lower,False,0.0046155819945901,0.5001696264373517,0.7,1.001384674598377,56.03622500588888,2.582573148006068e-17,1.117332137123537,42.470420797963456,0.010795382382571328,0.4897770888063877,1.5403294747908738
D564-8,variable_core,0.01,fullfit_outer_third,False,6,2,10,8.79,0.28,2,63.0,7.0,0.033,0.61,0.029,0.0,0.0,2,irregular_T10_11,late_T8_11,3.07,0.51,5.032786885245901,20.85,0.13517368798611112,1,-0.0807673786028591,-0.0807673786028591,0.080375,0.080375,-0.003150984038892138,-0.03742368807796362,0.00915050237588578,0.14588820759452747,0.22470372879858577,False,False,True,lower,False,0.0003243177431933,0.4999626629340823,0.7,0.9999991694491374,62.99928634528793,1.4547360186339852e-14,1.3026832997116713,30.014924756151625,-0.0788155212040583,0.7018085404664194,1.3191060593097763
D631-7,variable_core,0.01,fullfit_outer_third,False,16,6,10,7.72,0.18,2,59.0,3.0,0.196,0.7,0.29,0.0,57.7,1,irregular_T10_11,late_T8_11,7.19,0.45,10.271428571428572,47.2,0.11610138710516488,0,0.03401162943967032,-0.36363977635854994,0.05850156776774009,0.06175725910314952,0.0004890126089114327,-0.042376702787746974,0.08870531540361355,0.2349870454908308,0.11466348860659234,False,False,False,none,False,0.8465724172801194,0.4114459223670162,0.7,0.9946811711615016,57.01575326589597,5.155515549432741,1.1415142803462903,24.17912691104244,0.12032355688423846,1.0116308503686258,1.6739419986340878
DDO064,variable_core,0.01,fullfit_outer_third,False,14,5,10,6.8,2.04,1,60.0,5.0,0.157,0.69,0.211,3.49,46.1,1,irregular_T10_11,late_T8_11,2.98,0.1,4.3188405797101455,37.9,0.2719541304946145,0,0.06378094533126415,0.29512574445820405,0.12572301430796207,0.09978401727861771,0.0014127076255071528,0.016121262954855803,0.03410617795073258,0.03245745439716307,0.027555362826052053,False,False,False,none,False,0.030703639269482,0.4981719214846888,0.7,1.0092110917808446,60.05193120787623,3.949858431901727,0.431448392503622,20.06052474386278,0.004902091571111017,0.635367173339,1.5786392099680724
DDO154,variable_core,0.01,fullfit_outer_third,False,12,4,10,4.04,0.2,2,64.0,3.0,0.053,0.37,0.275,4.96,47.0,2,irregular_T10_11,late_T8_11,5.92,0.49,16.0,43.3,0.13060439321894962,1,-0.292671729907525,-0.41210895684349325,0.015529151941253419,0.013608032634767231,-0.005949075124152551,-0.6996657496386314,1.0681759977060943,-0.07506438186629114,-0.138898837153254,False,False,True,lower,False,1.5559396893985615,0.7154247711810098,0.7,1.011818104532441,64.72379639295067,1.436076569408199e-18,1.947861545346184,56.43354373265937,0.06383445528696285,1.2041199826559248,1.6364878963533653
DDO161,variable_core,0.01,fullfit_outer_third,False,31,11,10,7.5,2.25,1,70.0,10.0,0.548,1.22,1.378,10.69,66.3,1,irregular_T10_11,late_T8_11,13.37,0.6,10.959016393442623,55.0,0.2561627792319553,0,0.26975436107176554,-0.0018576646226904359,0.02414716385837138,0.019818456883509836,0.004322564539149861,0.15621033161440348,0.17718629951305648,0.07118479695411449,0.1262649861337618,False,False,True,lower,False,0.5832187896959439,0.5718628486449903,0.7,1.0919412281132528,71.31670881850258,2.5079070007237186e-18,5.425994469176516,75.20992096204135,-0.05508018917964731,1.0397715765872362,1.7403626894942439
DDO168,variable_core,0.01,fullfit_outer_third,False,10,4,10,4.25,0.21,2,63.0,6.0,0.191,1.02,0.413,4.3,53.4,2,irregular_T10_11,late_T8_11,4.12,0.41,4.03921568627451,48.0,0.2305924264245383,1,0.712749646452826,0.21774891323959622,0.042414928409798915,0.04280026542800266,0.013617940750223167,0.24870377048559053,0.2765701223556101,0.119207153387156,-0.0313637713623182,False,False,False,none,False,1.473394391722971,0.4502497255019374,0.7,0.975626131779352,54.159633649662176,7.242407259412172,0.5076609675425542,18.305214278107368,0.1505709247494742,0.606297044271217,1.6812412373755872
DDO170,variable_core,0.01,fullfit_outer_third,False,8,3,10,15.4,4.62,1,66.0,7.0,0.543,1.95,0.735,9.14,60.0,2,irregular_T10_11,late_T8_11,12.33,1.87,6.323076923076923,57.1,0.23484281944444443,1,0.15545408386321213,0.934907159909443,0.019360940045173518,0.020338983050847456,0.0035374135018299765,-0.07977628798413001,6.044720351874098,-0.18599593638854056,0.18838540714954563,False,False,True,lower,False,0.8680951223996485,0.6106319394499785,0.7,0.958013609185468,65.65408548203104,1.7742923541723758e-29,3.673875669642453,70.10396855642662,-0.37438134353808616,0.8009284652332136,1.7566361082458481
ESO079-G014,variable_core,0.01,fullfit_outer_third,False,15,5,4,28.7,7.17,1,79.0,5.0,51.733,5.08,3.14,17.67,175.0,1,spiral_T1_9,spiral_T1_7,16.67,0.41,3.2814960629921264,132.0,0.3315464506122449,0,0.8738789310325898,1.5342256668817527,0.014151935454080172,0.012598870056497175,0.005272885022865913,0.30851108514063336,0.9024392200388919,0.12559064639752926,0.17377785834650536,False,False,True,lower,False,0.4451444745797101,0.4630245659121395,0.7,0.888791432657264,78.72446412920108,1.0934102601135452e-16,5.784581127693776,197.35072005345964,-0.0481872119489761,0.5160718875440862,2.12057393120585
ESO116-G012,variable_core,0.01,fullfit_outer_third,False,15,5,7,13.0,3.9,1,74.0,3.0,4.292,1.51,1.083,9.58,109.1,1,spiral_T1_9,spiral_T1_7,9.86,0.25,6.52980132450331,102.0,0.2002782636141739,0,-0.4779168528391097,0.6822718802463612,0.02422276562872893,0.019444444444444445,-0.004147584767922219,0.005240805732222386,0.2859805780595957,-0.016957651920322413,0.09813323947856283,False,False,True,lower,False,0.9833803859057636,0.6226668638406132,0.7,1.2950141157717292,74.37302353401637,3.524375367967793e-14,3.2297436120113723,120.30251806932708,-0.11509089139888523,0.8148999676480417,2.0086001717619175
ESO444-G084,variable_core,0.01,fullfit_outer_third,False,7,3,10,4.83,0.48,2,32.0,6.0,0.071,0.46,0.135,2.95,0.0,2,irregular_T10_11,late_T8_11,4.44,0.26,9.652173913043478,52.8,0.08843471610730333,1,-0.37012428303728245,-0.3204013884491914,0.06413322379951274,0.05362068965517241,-0.0051638890873495534,-0.010242499953463177,0.1551721399348047,0.02134941036544215,0.12669041610969467,False,False,True,lower,False,1.5230646283536478,0.6661071565325632,0.7,1.059229822051973,41.13838777012189,3.968957801564375e-22,1.3983089195327671,74.93081871785637,-0.10534100574425252,0.9846251384330458,1.7226339225338123
ESO563-G021,variable_core,0.01,fullfit_outer_third,False,30,10,4,60.8,9.1,1,83.0,3.0,311.177,5.45,24.298,55.71,314.6,1,spiral_T1_9,spiral_T1_7,42.41,0.45,7.7816513761467885,310.5,0.2624532912705312,0,-16.581156884658572,-19.4472952190971,0.03256555088719564,0.02833213141025641,-0.05219809954787922,-1.8226507731922557,9.341582540551862,-0.43919395733547484,0.0428535015931636,False,False,True,lower,False,3.691686651006265,0.213698433806106,0.7,0.8724665063117129,82.8029288097892,9.632640080114465e-24,6.92660632120457,433.4181044693735,-0.48204745892863843,0.8910717701830672,2.492061604512599
F565-V2,variable_core,0.01,fullfit_outer_third,False,7,3,10,51.8,10.4,1,60.0,10.0,0.559,2.17,0.699,7.31,0.0,2,irregular_T10_11,late_T8_11,8.8,1.26,4.055299539170507,68.5,0.13169340579615704,1,0.40079985028374665,1.176515950742541,0.07704484293966692,0.07220216606498195,0.005973618649376219,0.06663306289149461,0.06235871782045261,0.24165095293880526,0.36551142419418853,False,False,True,lower,False,0.0025630866047928,0.4997050008083553,0.7,1.0000877875395644,60.0043887159884,3.3365977567939386e-19,3.517441468688673,97.96552807382392,-0.12386047125538327,0.6080229383016391,1.8356905714924256
F568-3,variable_core,0.01,fullfit_outer_third,False,18,6,7,82.4,8.24,1,40.0,10.0,8.346,4.99,3.195,16.14,0.0,1,spiral_T1_9,spiral_T1_7,17.98,0.64,3.603206412825651,83.9,0.22469191106035866,0,-0.27508185699110044,4.208881859928752,0.10456582810834412,0.1,0.006594432412971932,0.09749161921251366,1.2547183643766118,-0.06453897098771304,0.35819607470240467,False,False,True,lower,False,0.3914209061732549,0.4775421687106957,0.7,0.9917594254987556,36.08579093826745,1.5590149985983416e-18,4.323441394586725,129.04246083219903,-0.4227350456901177,0.55668914177382,1.9237619608287002
F568-V1,variable_core,0.01,fullfit_outer_third,False,15,5,7,80.6,8.06,1,40.0,10.0,3.825,2.85,2.491,14.38,112.3,1,spiral_T1_9,spiral_T1_7,17.63,0.39,6.185964912280701,111.0,0.1326219548980178,0,-4.217026750646792,1.8079174006542331,0.1527850361825538,0.12372881355932203,-0.03518193964770106,-0.32027334694694,0.6611951511730428,-0.3000604692929564,0.07839643254339186,False,False,True,lower,False,0.4737649529244943,0.5091057300260314,0.7,1.0132724807261495,44.73764952924494,1.5881064592372278e-17,2.6759103888477007,142.00811768788623,-0.3784569018363482,0.7914074522908118,2.0453229787866576
F571-8,variable_core,0.01,fullfit_outer_third,False,13,5,5,53.3,10.7,1,85.0,5.0,10.164,3.56,1.782,24.55,139.7,1,spiral_T1_9,spiral_T1_7,15.55,0.22,4.367977528089888,105.0,0.13552480932784639,0,0.23783155674590545,1.2435217146242366,0.03193282071201982,0.03225806451612903,0.00200116571929577,0.10387430101106063,0.35737729328631956,0.21075770649234302,0.23397192268390624,False,False,True,lower,False,2.1192803539630094,0.3626676548253533,0.7,0.5745534749079888,84.489334722366,2.960409816468629e-18,4.866888022839283,181.5079024604803,-0.02321421619156322,0.6402803953899812,2.0211892990699383
F571-V1,variable_core,0.01,fullfit_outer_third,False,7,3,7,80.1,8.0,1,30.0,10.0,1.849,2.47,1.217,10.1,83.6,2,spiral_T1_9,spiral_T1_7,13.59,1.95,5.502024291497976,77.0,0.19307411957239085,1,-0.00504127145174967,0.27316402723548094,0.07180511891509139,0.07151370679380215,3.31991840956195e-05,-0.0008402119086249512,0.04873052422677184,-0.06170897148767183,0.05233148695419144,False,False,True,lower,False,0.0607192098927341,0.5038999231233121,0.7,1.0010253970937,30.607192098927342,2.0974396457835484e-18,4.347383941682775,97.99137881767636,-0.11404045844186327,0.7405225034728286,1.8864907251724818
F574-1,variable_core,0.01,fullfit_outer_third,False,14,5,7,96.8,9.68,1,65.0,10.0,6.537,4.46,3.524,16.19,97.8,1,spiral_T1_9,spiral_T1_7,12.6,0.47,2.8251121076233185,90.95,0.19377821817272864,0,-1.850039169051135,-1.9254698696754957,0.04664344570748506,0.04569055036344757,-0.018507101757499533,-0.3840366630629425,0.38297699191679646,-0.0918520318066889,0.10115070158190652,False,False,True,lower,False,0.732666519066554,0.5918840764583344,0.7,1.0444004473739752,70.6761104358491,1.5019051573937022e-18,3.096534262548882,113.1542966199986,-0.19300273338859542,0.4510356864054211,1.9588027033995024
F583-1,variable_core,0.01,fullfit_outer_third,False,25,9,9,35.4,8.85,1,63.0,5.0,0.986,2.36,2.126,15.65,85.8,1,spiral_T1_9,late_T8_11,16.26,0.26,6.889830508474577,59.4,0.11657047545509146,0,1.2360002300663981,3.029436144825695,0.10870258922698933,0.08174386920980926,0.018499005371115453,0.14823975217614457,0.34153628210214143,0.0788883769231441,0.18232378476016586,False,False,True,lower,False,0.4592624210187651,0.5162542421660077,0.7,1.1148156052546914,63.87644711227024,1.1017872843480844e-16,3.498975374389425,101.44554506779782,-0.10343540783702176,0.8382085382879428,1.7737864449811935
F583-4,variable_core,0.01,fullfit_outer_third,False,12,4,5,53.3,10.7,1,55.0,10.0,1.715,1.93,0.641,7.8,0.0,1,spiral_T1_9,spiral_T1_7,7.29,0.22,3.77720207253886,58.5,0.2146088087198342,0,-0.7672697161851048,-0.4821770283972526,0.07087626518707604,0.07150840486409156,-0.009962032468343162,-0.12837582022190494,0.31529844457318373,0.10087918240595707,0.5228685369609894,False,False,True,lower,False,0.8380513702471315,0.6064222694322461,0.7,1.135446266200724,62.06373810506621,5.139186988749748e-30,2.777382917802236,69.37312885694675,-0.4219893545550324,0.5771702193102008,1.7671558660821804
IC2574,variable_core,0.01,fullfit_outer_third,False,34,12,9,3.91,0.2,2,75.0,7.0,1.016,2.78,1.036,10.81,66.4,2,spiral_T1_9,late_T8_11,10.23,0.85,3.679856115107914,43.65,0.22640774467626615,1,0.26665196663507845,0.3094405455852822,0.08339867303930902,0.07516197075033226,0.005464902880948902,-0.11688606714098558,0.26598911627023025,0.6407752253706025,0.6135379193102374,False,False,True,lower,False,2.0749030798064645,0.8062325210193783,0.7,1.0330315353534216,79.23938083667973,8.496642033543745e-11,8.886913461773561,102.69925631022444,0.02723730606036512,0.5658308377940839,1.6399842480415885
IC4202,variable_core,0.01,fullfit_outer_third,False,32,11,4,100.4,10.0,1,90.0,1.0,179.749,4.78,12.326,32.13,242.6,1,spiral_T1_9,spiral_T1_7,25.9,0.77,5.418410041841003,240.5,0.4458680655702384,0,-18.156501974301825,-16.21463998408879,0.04870497154877851,0.040160642570281124,-0.07450163350659961,-2.3003590815415844,11.091978611861983,-0.3937995308394847,-0.03148247305406154,True,False,False,none,False,5.999999999999999,1.4362808112412362,0.1758320502056706,0.7936793864897982,89.99999999999218,766.7895111686067,0.077075824791968,5.556052973086685,-0.36231705778542317,0.7338718674691329,2.3811150807098507
KK98-251,variable_core,0.01,fullfit_outer_third,False,15,5,10,6.8,2.04,1,59.0,5.0,0.085,1.34,0.115,2.9,33.7,2,irregular_T10_11,late_T8_11,3.13,0.25,2.335820895522388,21.8,0.34459562836388274,1,-0.5646482415176329,-0.0608209886921145,0.060739870868698996,0.060060060060060066,-0.018110892117990097,-0.28232412075881647,0.3198136174948083,0.377174913309972,0.22532995416377408,False,False,False,none,False,0.0577616987760974,0.4933939665799282,0.7,1.004491918387031,59.026261584767184,4.068334342493129,0.6049376602259494,14.061865170378695,0.15184495914619792,0.3684395391816408,1.3384564936046048
NGC0024,variable_core,0.01,fullfit_outer_third,False,29,10,5,7.3,0.36,2,64.0,3.0,3.889,1.34,0.676,7.29,106.3,1,spiral_T1_9,spiral_T1_7,11.27,0.21,8.410447761194028,92.4,0.23735984365446766,0,-1.4746101003063743,-1.3697550864809784,0.06720080387571986,0.08067027632561613,-0.013847200144803323,-0.1409556377372516,0.05384443023637444,0.03241121911002213,0.01596328156698412,False,False,True,lower,False,5.519173868260738,1.7819166718173018,0.7,1.0557133487641668,67.19470658900728,1.738921308348193e-13,6.739555094290224,131.0662467221192,0.01644793754303801,0.9248191176812989,1.9656719712201067
NGC0055,variable_core,0.01,fullfit_outer_third,False,21,7,9,2.11,0.11,2,77.0,3.0,4.628,6.11,1.565,10.24,85.6,2,spiral_T1_9,late_T8_11,13.5,1.23,2.20949263502455,82.4,0.3066324672563132,1,0.789356003387078,0.6915059592976718,0.058079417678656924,0.06358381502890173,0.009241432708293165,0.11427126271405466,0.06791476226822733,-0.05297130433647508,0.02802649297001847,False,False,False,none,False,0.2135873855603054,0.476004727268247,0.7,0.9972832620053588,76.9272788214589,0.0845712259642744,4.385446101178298,92.07542563380764,-0.08099779730649355,0.34429255825245186,1.9159272116971158
NGC0100,variable_core,0.01,fullfit_outer_third,False,21,7,6,13.5,4.05,1,89.0,1.0,3.232,1.66,1.99,16.36,88.1,1,spiral_T1_9,spiral_T1_7,9.62,0.23,5.795180722891566,77.8,0.16738598530612242,0,-1.0146438849632144,-0.7633940239706902,0.08343908529498825,0.06422764227642278,-0.010749646757586533,-0.07340144363540392,0.15538231211959455,0.032806406503150615,0.3030330137219761,False,False,True,lower,False,0.4428717653514163,0.5451667516425508,0.7,1.132861529605425,89.00101780328342,2.6195051624261862e-24,3.483740139181665,100.2438547180341,-0.2702266072188255,0.7630669839977579,1.890979596989689
NGC0247,variable_core,0.01,fullfit_outer_third,False,26,9,7,3.7,0.19,2,74.0,3.0,7.332,3.74,1.746,12.79,104.9,2,spiral_T1_9,spiral_T1_7,14.54,1.08,3.887700534759358,88.9,0.25259502040816323,1,-4.228788901527789,-3.684449879562493,0.08331488314682182,0.08476190476190476,-0.040051562531649286,-0.49067545706870747,0.28656943636827076,0.03119198161380301,0.15693897040393234,True,False,True,upper,True,6.0,1.9905358527674863,0.7,1.111906977466906,77.33206789118485,999.99988687087,102.27114721979876,680.3955466667192,-0.12574698879012933,0.5896928043225388,1.9489017609702137
NGC0289,variable_core,0.01,fullfit_outer_third,False,28,10,4,20.8,5.2,1,46.0,5.0,72.065,6.74,27.469,49.51,163.0,2,spiral_T1_9,spiral_T1_7,71.12,1.5,10.55192878338279,175.0,0.2353007261095904,1,-1.7765555054533677,-1.468353862855892,0.05320092897102609,0.05052645095017977,-0.010098487365673287,-0.1363235027652802,0.38817083819162884,-0.31374333818691613,-0.2702269549959189,False,False,True,lower,False,1.1650586354678152,0.6538465971896561,0.7,1.2726421718978664,50.05697928206328,3.0978050514665855e-13,17.904242983752233,176.87199375892672,-0.04351638319099721,1.0233318514268375,2.2430380486862944
NGC0300,variable_core,0.01,fullfit_outer_third,False,25,9,7,2.08,0.1,2,42.0,10.0,2.922,1.75,0.936,9.2,93.3,2,spiral_T1_9,spiral_T1_7,11.8,0.91,6.742857142857143,88.2,0.14859433958186558,1,1.272768625089728,0.22337728143747881,0.07876301635841854,0.07790821771611525,0.014353159779507506,0.19138063494387964,0.5615424221272227,-0.09664135798225315,0.09023635217368768,False,False,True,lower,False,1.9309610843240612,0.779948833311834,0.7,1.0140901454912834,56.35903825472653,4.425539447300354e-17,4.307731006522227,102.78945522049747,-0.18687771015594085,0.828843958619831,1.9454685851318196
NGC0801,variable_core,0.01,fullfit_outer_third,False,13,5,5,80.7,8.07,1,80.0,1.0,312.57,8.72,23.201,44.99,220.1,1,spiral_T1_9,spiral_T1_7,59.82,1.17,6.860091743119265,219.0,0.44167279456721115,0,0.9039039998171517,1.2068469872056937,0.02085453331964662,0.01872146118721461,0.004142917069716974,0.2532321879724556,0.2889364036206374,-0.07182216703306255,-0.045936807257302634,False,False,True,lower,False,1.076477401316599,0.640645447677885,0.7,1.0423044639924606,80.02706462326927,3.756296517140855e-14,26.70216142717499,205.01223780513612,-0.02588535977575991,0.8363299237627321,2.3404441148401185
NGC0891,variable_core,0.01,fullfit_outer_third,False,18,6,3,9.91,0.5,2,90.0,1.0,138.34,2.55,4.462,18.16,216.1,1,spiral_T1_9,spiral_T1_7,17.11,0.92,6.709803921568628,222.5,0.549237392179311,0,-0.9531455793278999,-1.0645827477414116,0.016178220883835217,0.0166371181088923,-0.004619927328232863,-0.0929862611628981,0.5157928245321957,-0.2765018066776623,-0.17831346983983906,True,False,True,lower,False,2.723203772028054,0.2670850794737139,0.6682868037464336,0.9658869832523552,89.99999999999952,2.321210885457438e-14,4.633292173169296,230.390153359596,-0.09818833683782321,0.8267098291071451,2.3473300153169503
NGC1003,variable_core,0.01,fullfit_outer_third,False,36,12,6,11.4,3.42,1,67.0,5.0,6.82,1.61,5.88,33.33,109.8,1,spiral_T1_9,spiral_T1_7,30.24,1.25,18.782608695652172,103.5,0.11659439354440493,0,-0.18463949449396821,-0.22488360747026093,0.024769231628052748,0.02333467417538214,-0.001456970524128135,-0.11183208559100268,0.28727156787147473,0.16427501322931445,0.21940640939635384,False,False,True,lower,False,2.200156687712873,0.6377383787545764,0.7,1.660047006313862,70.71702397524211,2.0016128533813642e-13,11.484381874116965,127.5132235033409,-0.05513139616703938,1.273755910797319,2.0149403497929366
NGC1090,variable_core,0.01,fullfit_outer_third,False,24,8,4,37.0,9.25,1,64.0,3.0,72.045,3.53,8.783,30.49,164.4,1,spiral_T1_9,spiral_T1_7,30.09,0.35,8.524079320113314,165.0,0.34270975108654694,0,-0.2296582243073395,-0.054436323927674835,0.014477983600059904,0.013765432098765433,-0.0013962093436713074,-0.1051836639615445,0.07611008665547539,-0.0883737868766376,-0.08870953558715274,False,False,True,lower,False,1.0682505664773094,0.6394330225325652,0.7,1.1235691035701412,64.335335534865,2.95605339874758e-13,11.273164451016813,155.22147138196772,0.00033574871051512967,0.9306474823522579,2.2174839442139063
NGC2403,variable_core,0.01,fullfit_outer_third,False,73,25,6,3.16,0.16,2,63.0,3.0,10.041,1.39,3.199,15.11,131.2,1,spiral_T1_9,spiral_T1_7,20.87,0.16,15.014388489208635,114.0,0.2004949237023836,0,-6.145317085388394,-5.355658110524047,0.024124533446095473,0.02015748031496063,-0.04539717662947134,-1.3273968765447486,27.370860780821307,-0.14980621774893502,0.07693923806344007,False,False,True,lower,False,2.757785802652714,0.9435145125563552,0.7,0.9762516641166876,61.45486436297352,3.2098887017632526e-17,5.148659090922745,141.91248877368537,-0.2267454558123751,1.176507648811359,2.0569048513364727
NGC2683,variable_core,0.01,fullfit_outer_third,False,11,4,3,9.81,0.49,2,80.0,5.0,80.415,2.18,1.406,13.79,154.0,2,spiral_T1_9,spiral_T1_7,34.62,2.89,15.880733944954127,172.0,0.25418338475200797,1,-2.3540128690725197,-8.112510216824106,0.06828824859360536,0.06559139784946236,-0.014333393736919404,-0.1897606030806493,1.3296441530374088,-0.4432105436291436,0.031962132262654985,False,False,True,lower,False,1.2647595594763543,0.669030566693573,0.714449458872904,1.0141259363178985,80.81061253543461,9.777378830412548e-21,6.874493180827934,174.59169917616458,-0.47517267589179857,1.2008705699347701,2.2355284469075487
NGC2841,variable_core,0.01,fullfit_outer_third,False,50,17,3,14.1,1.4,3,76.0,10.0,188.121,3.64,9.775,45.12,284.8,1,spiral_T1_9,spiral_T1_7,63.64,3.44,17.483516483516482,301.0,0.18115576613796608,0,-2.694917687296488,-4.6567032628198035,0.015529846321860682,0.014982332155477033,-0.008795619535267748,-0.16095024790850476,5.009473886166413,-0.027123639051442543,0.02673314518284668,False,False,True,lower,False,3.815031536511157,1.2035749993134457,0.7215838935690249,1.1467624765716262,83.15416765978625,4.748175016942005e-25,21.76375504610787,298.8181858411253,-0.05385678423428922,1.242628787325488,2.4785664955938436
NGC2903,variable_core,0.01,fullfit_outer_third,False,34,12,4,6.6,1.98,1,66.0,3.0,81.863,2.33,2.552,13.76,184.6,1,spiral_T1_9,spiral_T1_7,24.96,0.32,10.71244635193133,189.5,0.29820008400292186,0,-1.8871850095999558,-2.106610376907156,0.020870186246914644,0.01671425910981439,-0.010806105112003332,-0.43399642771986763,2.2747495929402173,-0.30567308621021,-0.11460111298878303,False,False,True,lower,False,0.7314520102029222,0.5917185786260859,0.7,0.8278782514944423,65.77620540350863,4.469840559510651e-16,5.938892327162661,204.57194804918305,-0.19107197322142697,1.0298886599843673,2.2776092143040914
NGC2915,variable_core,0.01,fullfit_outer_third,False,30,10,11,4.06,0.2,2,56.0,4.0,0.641,0.55,0.508,7.16,83.5,2,irregular_T10_11,late_T8_11,10.04,0.34,18.25454545454545,81.15,0.0764037753062881,1,-1.8082410610053443,-1.350131876773922,0.07780715391200387,0.0773958777952209,-0.01950884454231187,-0.3226247150118394,1.072447587505309,-0.32610236993946323,0.2892863892314673,False,False,True,lower,False,0.4711737684311641,0.4485931395212084,0.7,0.9975332584086128,55.61240516854146,6.231989590007529e-16,2.145958160847496,109.92282678250577,-0.6153887591709306,1.2613710233147566,1.9092885241622508
NGC2955,variable_core,0.01,fullfit_outer_third,False,24,8,3,97.9,9.8,1,56.0,7.0,319.422,18.76,28.949,40.34,0.0,1,spiral_T1_9,spiral_T1_7,35.43,0.75,1.8885927505330489,255.5,0.5584935718233018,0,0.8630474747291927,0.21385023920366564,0.04783691038284563,0.04805670029842262,0.0031871944646115107,0.027691398249536495,0.12433138402224536,-0.197063816556193,-0.20107103737611234,False,False,False,none,False,1.9625634952338973,0.3182098763495739,0.9513531761136792,0.9715301609983944,52.358815187127945,3.285942844064376,4.082613564505263,114.96859387158852,0.004007220819919333,0.2761383182901315,2.4073909044707316
NGC2976,variable_core,0.01,fullfit_outer_third,False,27,9,5,3.58,0.18,2,61.0,10.0,3.371,1.01,0.172,3.04,85.4,2,spiral_T1_9,spiral_T1_7,2.27,0.11,2.2475247524752477,49.2,0.5898784583113941,1,0.26197133804326556,0.5772575998792462,0.053193980538409534,0.05439330543933054,0.0033858532574213584,0.04521574974491289,0.08918400161309165,0.4412132930145129,0.4363889332625294,False,False,False,none,False,0.2259348751535736,0.4746533133261927,0.7,0.9978430622499568,59.23056319361248,3.3285035625020747,0.5535451019642444,36.36869436722538,0.004824359751983476,0.35170448341048016,1.6919651027673603
NGC2998,variable_core,0.01,fullfit_outer_third,False,13,5,5,68.1,10.2,1,58.0,2.0,150.902,6.2,23.451,43.58,209.9,1,spiral_T1_9,spiral_T1_7,42.28,0.33,6.819354838709677,206.0,0.34193970772994775,0,-0.3667138497334861,-0.45748815077470795,0.011397593856186859,0.009389671361502348,-0.0017100218717366594,-0.13281875940617738,0.2990798691005544,-0.05214453536442253,-0.058924524618240944,False,False,False,none,False,1.8572247005639155,0.7668183100504165,0.7,1.1547307448307462,58.67674561013088,38.98778595485171,2.2213512980336114,23.053523808017204,0.006779989253818411,0.8337432891371348,2.3138672203691533
NGC3109,variable_core,0.01,fullfit_outer_third,False,25,9,9,1.33,0.07,2,70.0,5.0,0.194,1.56,0.477,6.0,66.2,1,spiral_T1_9,late_T8_11,6.45,0.26,4.134615384615385,50.6,0.10808169534354384,0,-0.3608827916268196,-0.651001761405773,0.04271681745990967,0.04503105590062111,-0.004568048064959178,-0.0680899876986373,0.2382619762325619,0.25677318982218617,0.4170770076097215,False,False,True,lower,False,0.2493819248114769,0.5295514930078659,0.7,1.0026387698675496,70.29845786478855,1.8444513655266225e-17,2.636138982611727,79.86534000021396,-0.16030381778753533,0.6164351162808062,1.7041505168397992
NGC3198,variable_core,0.01,fullfit_outer_third,False,43,15,5,13.8,1.4,3,73.0,3.0,38.279,3.14,10.869,35.66,150.1,1,spiral_T1_9,spiral_T1_7,44.08,0.32,14.038216560509554,146.0,0.23196221382998686,0,-0.10039488255569419,0.006061340130344206,0.014246256303626609,0.013422818791946308,-0.0005419554071442017,0.146461816052233,4.536521166008458,-0.08561274692924548,-0.034062814474634856,False,False,True,lower,False,1.8284421858691813,0.7617530870855457,0.7,1.1640448959499174,74.60499840482356,1.816439728422197e-17,11.35162302465464,161.85483339861142,-0.05154993245461062,1.1473119377705137,2.164352855784437
NGC3521,variable_core,0.01,fullfit_outer_third,False,41,14,4,7.7,2.3,1,75.0,5.0,84.836,2.4,4.154,18.85,213.7,1,spiral_T1_9,spiral_T1_7,17.74,0.51,7.391666666666667,213.0,0.6675563224126786,0,-2.5812293904100687,-2.52882131716666,0.08253827994830819,0.0877314814814815,-0.012104857078633065,-0.159276360981326,0.0910307130998571,-0.0321812498973899,-0.03588324180988464,False,False,False,none,False,0.3306828156983849,0.53139062174378,0.7,1.0987753865073098,75.27890479105115,1.870279285538425,4.540215688840931,116.70117025973194,0.003701991912494741,0.8687423737841016,2.3283796034387376
NGC3726,variable_core,0.01,fullfit_outer_third,False,12,4,5,18.0,2.5,4,53.0,2.0,70.234,3.4,6.473,22.2,168.0,2,spiral_T1_9,spiral_T1_7,32.52,3.5,9.564705882352943,159.0,0.26180609751099576,1,-0.8799771759093744,-1.0758125600865043,0.06196193847151668,0.06290856579318117,-0.005186675562269203,-0.10512527403270924,0.06898581362145971,0.19341087872161658,0.16526084128880522,False,False,True,lower,False,0.8898047735235147,0.6136920279329976,0.7,1.0523628055803549,53.29732891227406,1.4254364978619287e-10,23.1410176238973,225.289683297444,0.02815003743281136,0.9806716198797755,2.2013971243204513
NGC3741,variable_core,0.01,fullfit_outer_third,False,21,7,10,3.21,0.17,2,70.0,4.0,0.028,0.2,0.182,4.2,50.1,1,irregular_T10_11,late_T8_11,7.0,0.23,35.0,36.5,0.08112721999999999,0,-0.3622653715751016,-0.7818937628772034,0.050390165686264275,0.04796573875802998,-0.005737733731518188,-0.07117230359265961,0.5140130816325771,0.03675404524353294,0.2606590719417613,False,False,True,lower,False,2.8898795575655387,0.972653065951534,0.7,1.0432449142952784,72.78374732556577,3.1022786142427333e-19,2.196694178101752,60.59962208262415,-0.22390502669822837,1.5440680443502757,1.5622928644564746
NGC3769,variable_core,0.01,fullfit_outer_third,False,12,4,3,18.0,2.5,4,70.0,2.0,18.679,3.38,5.529,22.57,118.6,2,spiral_T1_9,spiral_T1_7,37.16,1.74,10.994082840236686,118.0,0.16445895862183707,1,-3.2923743011609687,-6.455739053608518,0.09748590794955578,0.09052797360131994,-0.02865894586361102,-0.3750685958591676,0.3941886368455336,-0.23371379086183205,-0.06809543912706072,False,False,True,lower,False,0.5088276851487055,0.5487515984285622,0.7,1.0706705118262092,70.1972059530445,1.8322334127043806e-23,7.647317319892168,146.60682869320007,-0.16561835173477135,1.0411590050439494,2.0718820073061255
NGC3877,variable_core,0.01,fullfit_outer_third,False,13,5,5,18.0,2.5,4,76.0,1.0,72.535,2.53,1.483,11.47,168.4,2,spiral_T1_9,spiral_T1_7,11.35,0.87,4.486166007905139,162.0,0.7102281327684605,1,-2.475125363898786,-1.6284604182939404,0.03272408367478622,0.03136094674556213,-0.014593442004280876,-0.3653378181645988,0.7334581785295858,-0.22457103087737326,-0.004298535685343285,False,False,True,lower,False,1.6386753070463411,0.3428486736069711,0.7,0.8408015958908068,75.93933572731721,6.559627598859829e-16,2.5616069932313072,176.56244037832306,-0.22027249519203,0.6518753403533236,2.2095150145426308
NGC3893,variable_core,0.01,fullfit_outer_third,False,10,4,5,18.0,2.5,4,49.0,2.0,58.525,2.38,5.799,20.84,174.0,1,spiral_T1_9,spiral_T1_7,19.05,1.74,8.004201680672269,182.5,0.3342177117214111,0,-3.237351887808046,-2.589395273563113,0.0657903007469064,0.06843416708989333,-0.018459194805529364,-0.27783273299526984,0.09810480564507247,-0.33117160794766126,-0.2828363615293573,False,False,True,lower,False,0.1406092684924847,0.5164531506264223,0.7,1.0024888013704438,49.0156893280973,7.061762224326088e-18,4.68593259457092,188.6696974964377,-0.048335246418303945,0.9033180229551262,2.2612628687924934
NGC3917,variable_core,0.01,fullfit_outer_third,False,17,6,6,18.0,2.5,4,79.0,2.0,21.966,2.63,1.888,14.08,135.9,1,spiral_T1_9,spiral_T1_7,14.86,0.87,5.650190114068441,134.0,0.31395441152965,0,-3.2992774615432716,-2.7082809822658334,0.03405049076649596,0.030983589087809037,-0.02398132960299436,-0.4938631849395296,1.0795921654852252,-0.2822038118358429,0.024512401586324135,False,False,True,lower,False,0.7629301340550282,0.4194469018542409,0.7,0.9460905532362732,78.92775791472143,3.962390760741217e-15,3.756997598160387,154.2605231993154,-0.30671621342216704,0.7520630609347986,2.1271047983648077
NGC3949,variable_core,0.01,fullfit_outer_third,False,7,3,4,18.0,2.5,4,55.0,2.0,38.067,3.59,3.371,13.72,163.0,2,spiral_T1_9,spiral_T1_7,7.07,1.74,1.9693593314763234,157.0,0.5717210523415978,1,-1.7381785524083095,-1.3015284420658588,0.09114158231215086,0.06787878787878787,-0.010520671848072226,-0.14131365700057552,0.027962739606688856,0.1555268627291066,0.16187798501325934,False,False,True,upper,True,0.1979178753108691,0.5233133233754734,0.7,1.0143609522189172,55.07362889840774,1000.0,23.923930122619144,670.9589733053193,-0.006351122284152744,0.2943249652185803,2.1958996524092336
NGC3953,variable_core,0.01,fullfit_outer_third,False,8,3,4,18.0,2.5,4,62.0,1.0,141.301,4.89,2.832,17.38,220.8,1,spiral_T1_9,spiral_T1_7,15.68,3.5,3.206543967280164,219.5,0.5688839644451532,0,-4.444591689038295,-6.372585851889511,0.03323422733886546,0.027354260089686097,-0.020406890443961816,-0.5395562037963688,0.7216316585157564,-0.3606213255431097,-0.14095338643207594,False,False,True,lower,False,0.490728160424749,0.559812794952643,0.7,1.0499394470349754,62.05034216581304,2.9979020140324075e-17,3.545005760773813,166.45480995954838,-0.21966793911103377,0.5060371992247994,2.34143452457814
NGC3972,variable_core,0.01,fullfit_outer_third,False,10,4,4,18.0,2.5,4,77.0,1.0,14.353,2.18,1.214,10.05,132.7,1,spiral_T1_9,spiral_T1_7,8.72,0.87,4.0,113.0,0.3368280611870436,0,-0.7644998439138071,-1.6009631783292093,0.0369654774905958,0.03616976095134086,-0.004507136348012248,-0.0614570487395214,1.2053170703094096,-0.05461992045534409,0.2473368676840608,False,False,True,lower,False,0.1748886497582834,0.5205457071918513,0.7,1.0154073958164485,77.00653273543934,6.80618266318956e-26,3.0224728702146457,135.2089325032671,-0.3019567881394049,0.6020599913279624,2.0530784434834195
NGC3992,variable_core,0.01,fullfit_outer_third,False,9,3,4,23.7,2.3,5,56.0,2.0,226.932,4.96,16.599,32.75,241.0,1,spiral_T1_9,spiral_T1_7,46.02,9.19,9.278225806451614,248.0,0.2588026617999001,0,-0.29288729297004085,-0.16232623760660658,0.027911457461823875,0.025726141078838177,-0.0012084533165534425,-0.051348171715813164,0.007340789861593976,-0.12254008075504604,-0.12792307558032004,False,False,True,lower,False,2.8650853102728644,0.9671159265837684,0.7,1.1067110666654465,57.13132590888382,1.4518470919774387e-11,23.855611476150145,229.83816722600235,0.005382994825274004,0.9674649378424272,2.3944516808262164
NGC4010,variable_core,0.01,fullfit_outer_third,False,12,4,7,18.0,2.5,4,89.0,1.0,17.193,2.81,2.832,17.59,125.8,2,spiral_T1_9,spiral_T1_7,10.47,0.87,3.725978647686833,109.5,0.36410069459969785,1,0.05595650445070888,0.528421345120698,0.03819715235217737,0.03984618201794543,0.0006391435923327608,0.014049913980171474,0.12369853001899624,-0.11019518852928673,-0.19880033900197142,False,False,False,none,False,0.4609851558666847,0.4496467810852726,0.7,0.9591231287453372,88.99876007151211,8.26454160622458,1.1444611200332468,35.612962533667066,0.08860515047268469,0.5712403617737625,2.0394141191761372
NGC4013,variable_core,0.01,fullfit_outer_third,False,36,12,3,18.0,2.5,4,89.0,1.0,79.094,3.53,2.967,31.35,172.9,2,spiral_T1_9,spiral_T1_7,31.01,5.49,8.784702549575071,178.0,0.24156643395061728,1,-0.027825705376820054,-0.6576982117711623,0.032738718947565415,0.028818683143977144,0.00020896061822372734,-0.039841140129523216,0.25931839370405513,0.1072029878092238,0.06631422727884584,False,False,True,lower,False,0.7376037737660064,0.5861823419333584,0.8013627206249447,1.102444968578612,89.0035549361987,3.1387502093259853e-15,15.28167606951136,203.08440210992276,0.04088876053037796,0.9437270608495039,2.250420002308894
NGC4051,variable_core,0.01,fullfit_outer_third,False,7,3,4,18.0,2.5,4,49.0,3.0,95.268,4.65,2.697,15.13,157.0,2,spiral_T1_9,spiral_T1_7,12.19,1.74,2.6215053763440856,153.0,0.7461619518468544,1,-2.2955431738055645,-0.9186151729471987,0.04813412409320338,0.048051948051948054,-0.015322248644249643,-0.1521806666962324,0.4040018827334051,-0.3896757127545192,-0.1551729592520432,False,False,True,upper,False,0.1864213268218811,0.4789915716838695,0.7,0.9898096608779638,48.856479298406505,999.9926526923942,0.078070602518392,3.0022151933328827,-0.23450275350247599,0.41855075272842795,2.184691430817599
NGC4068,variable_core,0.01,fullfit_outer_third,False,6,2,10,4.37,0.22,2,44.0,6.0,0.236,0.59,0.154,3.18,0.0,2,irregular_T10_11,late_T8_11,2.33,0.21,3.9491525423728815,26.45,0.41044406069414885,1,0.030814179552727694,0.030814179552727694,0.08291898700609918,0.08291898700609918,0.0014594238385111972,0.07783856450488379,0.02563785768874556,0.6748895359975711,0.763549261625086,False,False,False,none,False,0.120199663097641,0.4863512518001675,0.7,0.9988180416196804,43.38058692261175,1.9970776965178445,1.8928319273915284,48.59567302265028,-0.0886597256275149,0.5965039093838748,1.4224256763712047
NGC4085,variable_core,0.01,fullfit_outer_third,False,7,3,5,18.0,2.5,4,82.0,2.0,21.724,1.65,1.349,10.16,131.5,2,spiral_T1_9,spiral_T1_7,6.2,0.87,3.757575757575758,127.0,0.6700300554016622,1,0.34588111136965455,2.1871360658549577,0.04197955295478515,0.03769230769230769,0.0029759874724789304,0.17358275266631454,0.2771072034208472,-0.01187384821595632,0.1358221231953595,False,False,False,none,False,1.591352031639324,0.3466049822599811,0.7,0.8392948944621031,81.86036466628619,1.5634329807887637,1.5750601630086374,82.39012819414388,-0.14769597141131582,0.5749077452843476,2.103803720955957
NGC4088,variable_core,0.01,fullfit_outer_third,False,12,4,4,18.0,2.5,4,69.0,2.0,107.286,2.58,8.226,22.25,171.7,1,spiral_T1_9,spiral_T1_7,21.48,1.74,8.325581395348838,171.0,0.6009229994319083,0,0.0007167809174717377,-0.828649336841778,0.04105486908231917,0.03999384236453202,0.00018939143082002713,0.03806212440176132,0.08719875040495965,0.09380696866765632,0.13458965771773598,False,False,True,lower,False,0.3568387317861514,0.4605599095521357,0.7,0.9720788837536788,68.92428987523054,2.1206255344385068e-11,22.380189916424573,263.65178558413186,-0.04078268905007966,0.9204145710642879,2.2329961103921536
NGC4100,variable_core,0.01,fullfit_outer_third,False,24,8,4,18.0,2.5,4,73.0,2.0,59.394,2.15,3.102,18.06,158.2,1,spiral_T1_9,spiral_T1_7,22.76,2.61,10.586046511627908,178.5,0.3063761352878611,0,-0.9811994344672179,-1.0422300490307919,0.044706812652690206,0.0439873417721519,-0.005167339106061598,-0.11884186808271684,0.36736519931677153,-0.39601860866229643,-0.43028446840540185,False,False,True,lower,False,1.324909840399807,0.6783611822153375,0.7,1.099373581203794,73.23817153617274,3.1037130584175797e-15,5.880334459605867,165.31207742451184,0.03426585974310542,1.0247337978074282,2.251638220448212
NGC4138,variable_core,0.01,fullfit_outer_third,False,7,3,0,18.0,2.5,4,53.0,3.0,44.111,1.51,1.483,18.58,147.3,2,S0_T0,S0_T0,18.58,2.61,12.304635761589402,162.0,0.32976230181868665,1,-8.57077744971618,-9.019442964923371,0.1093252013449058,0.12176870748299319,-0.05717185594284702,-0.34050950536653396,0.5240954445131989,-0.4811806463210228,0.10462123207630013,False,False,True,lower,False,0.1812492012325757,0.479678438743276,0.6797950144760114,0.974826499828809,52.69549457530425,6.712584135817227e-17,2.8796325044837894,183.1326584531167,-0.5858018783973229,1.0900687623644534,2.2095150145426308
NGC4157,variable_core,0.01,fullfit_outer_third,False,17,6,3,18.0,2.5,4,82.0,3.0,105.62,2.32,8.226,24.09,184.7,1,spiral_T1_9,spiral_T1_7,29.61,1.74,12.76293103448276,185.0,0.3445311366921031,0,-0.5047525995091698,-0.40577037468403887,0.054715978595568406,0.05510752688172043,-0.0027163886704183286,-0.04320604896563147,0.005201302806083393,0.0020043314644606594,0.017469791947177266,False,False,True,lower,False,0.3831122010921721,0.5461113773376348,0.6421089357678704,1.0001091899637895,82.00024961265414,7.641245125523679e-16,13.34338866158291,199.44627846883927,-0.015465460482716607,1.1059504224983996,2.2671717284030137
NGC4183,variable_core,0.01,fullfit_outer_third,False,23,8,6,18.0,2.5,4,82.0,2.0,10.838,2.79,3.506,16.07,110.6,1,spiral_T1_9,spiral_T1_7,21.02,0.87,7.534050179211469,109.0,0.24187166578330843,0,-0.3264672308156733,-0.2968665415184262,0.058339706468791275,0.047727084883048186,-0.0029148427057713337,-0.05151837510981794,0.035460264165720234,0.09571836929416265,0.08655046204250465,False,False,True,lower,False,4.144028138637338,1.2982933069605962,0.7,1.2683653814501283,82.3317269003388,2.5877585662393787e-09,22.03161736427533,170.29533330256308,0.009167907251658003,0.8770285084186259,2.037426497940624
NGC4217,variable_core,0.01,fullfit_outer_third,False,19,7,3,18.0,2.5,4,86.0,2.0,85.299,2.94,2.562,16.7,181.3,1,spiral_T1_9,spiral_T1_7,16.72,0.87,5.687074829931973,179.0,0.5874801832027714,0,-1.2530580838141654,0.20081893379384042,0.04260450565016867,0.03826815642458101,-0.0071182238457145565,-0.09127185378493885,0.1078301404483355,-0.284049850090461,-0.17536791938545898,False,False,True,lower,False,3.066342864373261,0.4875121553166506,0.3668630025108131,0.5741190466148247,85.87227807188643,1.227860883684957e-19,4.21613620574135,214.92025405560275,-0.10868193070500204,0.7548889426908403,2.2528530309798933
NGC4559,variable_core,0.01,fullfit_outer_third,False,32,11,6,9.0,2.7,1,67.0,1.0,19.377,2.1,5.811,21.16,121.2,1,spiral_T1_9,spiral_T1_7,20.97,0.67,9.985714285714284,119.5,0.33695148481590975,0,0.08224448732710114,-0.25931881948113755,0.04613882943850025,0.0468595041322314,0.0006675145998181092,0.011179140369493808,0.020572019756680302,-0.10528258179475229,-0.09809829348981777,False,False,False,none,False,0.5857976747484891,0.5623493593774481,0.7,1.1757393024245468,67.03396109287063,3.1475341610187124,3.3485528208203506,52.36185342015951,-0.007184288304934519,0.9993791357314245,2.0773679052841563
NGC5005,variable_core,0.01,fullfit_outer_third,False,18,6,4,16.9,1.5,5,68.0,2.0,178.72,9.45,1.28,10.41,262.2,1,spiral_T1_9,spiral_T1_7,11.47,0.49,1.2137566137566138,260.0,0.682692169642958,0,0.8169611988111759,2.2861943609193247,0.08355393558223746,0.08355345911949685,0.0030950286743257702,0.036486043625347075,0.026662074379782113,-0.05812045717527334,0.0012803334131806995,False,False,True,lower,False,0.7526505851485656,0.5209562162016883,0.5886172447519299,0.977453876645575,67.84092691881136,2.9571993047169946e-14,4.83433358828084,212.5431956431037,-0.05940079058845404,0.08413160939200474,2.4149733479708178
NGC5033,variable_core,0.01,fullfit_outer_third,False,22,8,5,15.7,4.7,1,66.0,1.0,110.509,5.16,11.314,29.53,194.2,1,spiral_T1_9,spiral_T1_7,44.59,0.76,8.641472868217054,217.5,0.2624681385547809,0,-2.7673609117199867,-1.6608645961143793,0.017049702977050066,0.015584520725388601,-0.014022464096733564,-0.5246571661140964,3.7388667857396496,-0.4035652764597157,-0.22361727752488253,False,False,True,lower,False,2.0944131034907576,0.8098625464202949,0.4667853870319748,0.9600487972042994,65.99334699280216,1.6313375442447002e-16,9.53583196012838,226.88622781105352,-0.17994799893483315,0.9365877707223959,2.337459261290656
NGC5055,variable_core,0.01,fullfit_outer_third,False,28,10,4,9.9,0.3,2,55.0,6.0,152.922,3.2,11.722,35.06,179.0,1,spiral_T1_9,spiral_T1_7,54.59,0.72,17.059375,189.0,0.30148861265080507,0,0.781579228012049,0.4328510258764453,0.01908510540475273,0.0180933346176074,0.0036764322658463995,0.6446962569731427,15.24739914457217,-0.29389683111294584,-0.08263506663396482,False,False,True,lower,False,3.132356951423199,0.3346117614581437,0.7,1.0452087116160294,73.7941417085392,6.1421774418729536e-27,11.662972849590838,203.38532189269657,-0.21126176447898104,1.2319631159860553,2.2764618041732443
NGC5371,variable_core,0.01,fullfit_outer_third,False,19,7,4,39.7,9.92,1,53.0,2.0,340.393,7.44,11.18,30.03,209.5,1,spiral_T1_9,spiral_T1_7,46.24,1.45,6.21505376344086,215.0,0.5646984860392011,0,-2.168614996462647,-1.8659226782347957,0.018244829677478546,0.019138755980861243,-0.010240099867949683,-0.3217763472244645,1.6761337051325942,-0.23279840560481752,-0.11221494018718622,False,False,False,none,True,2.3539408288210724,0.8597339703971191,0.7,0.7810523999525755,52.70869474214585,992.3508756497298,136.89984179661914,670.3480875771403,-0.12058346541763129,0.7934448898665939,2.3324384599156054
NGC5585,variable_core,0.01,fullfit_outer_third,False,24,8,7,7.06,2.12,1,51.0,2.0,2.943,1.53,1.683,10.92,90.3,1,spiral_T1_9,spiral_T1_7,10.96,0.09,7.163398692810458,68.69999999999999,0.21595699061500612,0,0.08734874048389152,0.24718708544570944,0.025822612088564928,0.029259104023705556,0.0009842377948548436,0.023647357328161533,0.04474609214811246,0.004814508606265538,0.021500575291354587,False,False,False,none,False,0.50358504576346,0.5614725243360599,0.7,1.1338984684157334,51.189092008852825,0.7375921616843537,2.828802582908102,79.41859250796452,-0.016686066685089047,0.8551191233307516,1.8369567370595503
NGC5907,variable_core,0.01,fullfit_outer_third,False,19,7,5,17.3,0.9,2,88.0,2.0,175.425,5.34,21.025,0.0,215.0,1,spiral_T1_9,spiral_T1_7,50.33,5.03,9.425093632958802,218.0,0.2854637785065158,0,-0.017612827332486956,-1.0143681169120953,0.014619038872243386,0.013888888888888888,2.900799522188944e-05,0.1726638569057983,1.2763344177474276,-0.02626992208549272,0.03855080285540475,False,False,True,lower,False,2.858461479201805,0.965642011977665,0.7,1.0312288965105554,88.0563761855187,5.420584373200593e-13,26.92883384839131,220.7150460347372,-0.06482072494089747,0.9742856733685831,2.3384564936046046
NGC5985,variable_core,0.01,fullfit_outer_third,False,33,11,3,39.7,9.9,1,60.0,2.0,208.728,7.01,11.586,39.5,293.6,1,spiral_T1_9,spiral_T1_7,34.72,3.54,4.9529243937232525,291.0,0.27124533215296626,0,-2.1246983388308895,-2.801541125526853,0.015244266210500833,0.013888888888888888,-0.007137209076339724,-0.4496447587085612,1.3568133674179368,-0.033037693489038955,-0.02614661196852798,False,False,True,upper,True,4.721102985622321,0.7910840963258234,2.0759091281530586,1.8293640118588608,61.82472591542218,999.9999999789912,86.33917974743528,682.3402595564943,-0.006891081520510975,0.6948616985377957,2.4638929889859074
NGC6015,variable_core,0.01,fullfit_outer_third,False,44,15,6,17.0,5.1,1,60.0,2.0,32.129,2.3,5.834,21.43,154.1,2,spiral_T1_9,spiral_T1_7,29.23,0.34,12.708695652173914,152.0,0.20998834752909432,1,-1.6100026745402733,-1.016406483634853,0.03903009067061294,0.03795180722891566,-0.00913502834153356,-0.26607848087319635,1.048509931121156,-0.03884730190613545,-0.1752652489012261,False,False,False,none,False,2.1359588911111063,0.81764708625696,0.7,1.317727988399492,60.36945603857063,4.199330710186568,4.751349384755313,60.53626908804243,0.13641794699509066,1.1041009793398435,2.1818435879447726
NGC6195,variable_core,0.01,fullfit_outer_third,False,23,8,3,127.8,12.8,1,62.0,5.0,391.076,13.94,20.907,40.89,251.7,1,spiral_T1_9,spiral_T1_7,36.43,1.33,2.6133428981348636,247.0,0.688132100245497,0,0.08927749806684204,-0.11978754962620997,0.03021996464061704,0.02656990134138371,0.000427915065111026,0.05273731932934182,0.12958358549476862,-0.03613592535690167,-0.03355465654286811,False,False,True,lower,False,1.0228494218219115,0.3950800155170809,0.7905370490161632,0.9850579266266796,61.29894692897451,1.7856800139133412e-17,15.00702946545472,235.6589150578909,-0.0025812688140335605,0.41719639747992526,2.392696953259666
NGC6503,variable_core,0.01,fullfit_outer_third,False,31,11,6,6.26,0.31,2,74.0,2.0,12.845,2.16,1.744,14.05,116.3,1,spiral_T1_9,spiral_T1_7,23.5,0.76,10.87962962962963,116.0,0.16276716824196596,0,-4.662299956212403,-4.208506792269105,0.0252233444546075,0.017391304347826087,-0.040280090503300656,-1.4754365734970265,4.293260599847671,-0.30421861837454167,0.016181861344993498,False,False,True,lower,False,1.551052724527411,0.7146201813231093,0.7,1.0116506292559688,74.19001658198141,1.591414744030944e-16,5.750292452413444,131.2036142856437,-0.32040047971953517,1.0366141111208054,2.0644579892269186
NGC6674,variable_core,0.01,fullfit_outer_third,False,15,5,3,51.2,10.2,1,54.0,6.0,214.654,6.04,32.165,50.02,241.3,1,spiral_T1_9,spiral_T1_7,72.41,2.5,11.988410596026489,242.0,0.17472055687751997,0,0.9190085094662663,1.9600475891284361,0.01241184060530898,0.00847457627118644,0.0038783943962318332,0.0629125906085426,0.9822601707761105,0.1078217026992114,0.06678730440675053,False,False,True,lower,False,2.4415608917877774,0.8772554874489504,0.7174692869711874,1.3503350045664555,61.973291128771365,8.78146599524422e-12,45.69173123913242,289.16534325172057,0.041034398292460875,1.0787616088594338,2.383815365980431
NGC6789,variable_core,0.01,fullfit_outer_third,False,4,2,11,3.52,0.18,2,43.0,7.0,0.1,0.31,0.017,0.97,0.0,2,irregular_T10_11,late_T8_11,0.71,0.1,2.290322580645161,38.3,0.12654656163302208,1,-0.42187154840135577,-0.42187154840135577,0.12171178581051378,0.12171178581051378,-0.005980890560935936,-0.01646037178590582,0.014023067419278081,0.6873163028493768,0.7775174255266631,False,False,True,lower,False,0.0255171742061678,0.502561872961352,0.7,1.0002561794698108,43.178620219443175,5.0068941121566605e-14,0.6065137940339036,97.73668211519023,-0.0902011226772863,0.35989665488480255,1.5831987739686226
NGC6946,variable_core,0.01,fullfit_outer_third,False,58,20,6,5.52,1.66,2,38.0,2.0,66.173,2.44,5.67,21.25,158.9,1,spiral_T1_9,spiral_T1_7,20.4,0.19,8.360655737704917,167.0,0.43226802557093225,0,-0.44620174298332815,0.07023881264119325,0.0708936354357135,0.0630921105007563,-0.0026095789860712624,-0.002178624122767033,0.08122015168704277,-0.2960631670140673,-0.2632018850752571,False,False,True,lower,False,0.9236691873506558,0.615579607032545,0.5658888296572255,0.9848659967427816,37.97051088646955,1.0790278497222706e-14,6.669552509781785,148.7780448107903,-0.032861281938810216,0.9222403410871692,2.2227164711475833
NGC7331,variable_core,0.01,fullfit_outer_third,False,36,12,3,14.7,1.5,3,75.0,2.0,250.631,5.02,11.067,27.01,239.0,1,spiral_T1_9,spiral_T1_7,36.31,2.67,7.2330677290836665,239.0,0.3937968770300031,0,-2.1966056263030183,-1.2021893058318511,0.018890929840452528,0.016773331457908432,-0.009152100244488724,-0.2408188360915262,0.874417614861367,-0.12821964069478603,0.01495909441891942,False,False,True,lower,False,1.178784583550888,0.5136158413368823,0.5336046207016959,0.8799056192174756,74.60995065768506,2.4100190634693047e-12,13.02414748588527,246.9149909023536,-0.14317873511370544,0.8593225317678731,2.3783979009481375
NGC7793,variable_core,0.01,fullfit_outer_third,False,46,16,7,3.61,0.18,2,47.0,9.0,7.05,1.21,0.861,7.35,0.0,1,spiral_T1_9,spiral_T1_7,7.87,0.11,6.5041322314049586,76.2,0.38746126497272737,0,-1.253982261621939,-0.4667186160265757,0.07905209472603564,0.07267187047232687,-0.009789522903349581,-0.142505419778254,0.24637810352407907,-0.09203456286269948,-0.09778945475832233,False,False,True,upper,False,0.8270633282687161,0.5908546938507725,0.7,1.0090745181227505,54.44356995441844,999.9807998707862,0.063294747193806,2.2798729943305007,0.005754891895622852,0.8131893620426145,1.8819549713396004
NGC7814,variable_core,0.01,fullfit_outer_third,False,18,6,2,14.4,0.66,2,90.0,1.0,74.529,2.54,1.07,12.15,218.9,1,spiral_T1_9,spiral_T1_7,19.53,0.63,7.6889763779527565,221.0,0.2876487837365709,0,-1.9336658762751522,-1.405576938886,0.020140186915887853,0.021588785046728974,-0.009035821851753048,-0.3183748501558753,0.8989201011826146,-0.15759452784593567,1.2252844692538907e-13,True,False,True,lower,False,3.178617000466076,1.0395172592582322,0.6508863905057425,1.0247631480829549,89.99999999999999,3.192915906647529e-33,6.724479550464309,218.46507554205425,-0.1575945278460582,0.8858685266679164,2.3443922736851106
UGC00128,variable_core,0.01,fullfit_outer_third,False,22,8,8,64.5,9.7,1,57.0,10.0,12.02,5.95,7.431,31.27,129.3,1,spiral_T1_9,late_T8_11,53.75,1.25,9.033613445378151,127.5,0.12419543667642524,0,-0.09187254190994842,0.011077049508344317,0.02097928581700921,0.015449457259158753,-0.00018601084507685085,0.2410452554962948,2.811301517174372,-0.053697963598562784,0.0318093358483769,False,False,True,lower,False,5.275621497956326,1.6847371560931328,0.7,1.560167968068571,80.22880179070913,8.817337187468551e-11,26.3886939204148,132.94928892994938,-0.08550729944693969,0.9558615028590933,2.1055101847699738
UGC00191,variable_core,0.01,fullfit_outer_third,False,9,3,9,17.1,5.1,1,45.0,5.0,2.004,1.58,1.343,10.03,0.0,1,spiral_T1_9,late_T8_11,9.98,0.62,6.3164556962025316,57.6,0.24472710607981227,0,-0.756296992434855,-0.8208093679112949,0.011467120422201658,0.0124031007751938,-0.009772855565209506,-0.5027753056229595,2.4625228664291967,0.16453829017503166,0.12924829243295302,False,False,True,lower,False,3.1355472701970672,1.0292591377689675,0.7,1.5542711927236414,51.67967648512612,2.0084176543219209e-13,6.355422036908252,76.43803010012995,0.03528999774207864,0.8004734543329485,1.760422483423212
UGC00634,variable_core,0.01,fullfit_outer_third,False,4,2,9,30.9,7.7,1,37.0,8.0,2.989,2.45,3.663,16.78,0.0,2,spiral_T1_9,late_T8_11,18.01,4.51,7.351020408163265,102.6,0.16428407044890797,1,-0.7033238019302601,-0.7033238019302601,0.015374031007751938,0.015374031007751938,-0.0065542805305703845,-0.1453885706387596,0.5052727927244681,-0.09737110535041772,-0.016140618650010635,False,False,True,lower,False,0.3827755700106122,0.54606904869967,0.7,1.062884733894516,39.8781670420108,5.328745370517573e-20,5.87225215484284,124.88213000435027,-0.08123048670040708,0.8663476284550008,2.0111473607757975
UGC00731,variable_core,0.01,fullfit_outer_third,False,12,4,10,12.5,3.75,1,57.0,3.0,0.323,2.3,1.807,11.57,73.3,1,irregular_T10_11,late_T8_11,10.91,0.91,4.743478260869566,66.35,0.24415296599595537,0,-2.724411467655898,-2.617604780485337,0.04116642405310319,0.04093733977880319,-0.03689511460143647,-0.8713859597156713,0.8505924944421277,-0.12713965580666717,0.019094499938272287,False,False,True,lower,False,2.99252205222964,0.5474706049066072,0.7,1.897756615668892,60.381049077921226,2.0306842969178392e-23,1.823730406029134,76.83630537126894,-0.14623415574493945,0.676096914570749,1.8218409272004543
UGC00891,variable_core,0.01,fullfit_outer_third,False,5,2,9,10.2,3.1,1,60.0,5.0,0.374,1.43,0.428,6.23,0.0,2,spiral_T1_9,late_T8_11,7.39,1.48,5.1678321678321675,54.15,0.159863374353806,1,-0.1485389721037116,-0.1485389721037116,0.011441005329812723,0.011441005329812723,-0.002235360342709422,-0.05243051698547971,0.22606011280068755,0.21484702797005556,0.26612999623608946,False,False,True,lower,False,0.2850413792581814,0.513290729627492,0.7,1.0866302231078786,60.50310874526498,2.9876784596939603e-19,3.4725713804299425,76.51691278377356,-0.0512829682660339,0.7133084009297639,1.733598460961339
UGC01281,variable_core,0.01,fullfit_outer_third,False,25,9,8,5.27,0.24,2,90.0,1.0,0.353,1.63,0.294,5.26,55.2,1,spiral_T1_9,late_T8_11,4.99,0.08,3.0613496932515343,37.4,0.17792381466511326,0,-16.43038098213235,-17.186870639179574,0.10202899652533787,0.07393715341959334,-0.3079919367994599,-3.632757168982579,15.377730711086034,0.022367566638799852,0.2749395828795249,True,False,True,lower,False,5.999999999999999,1.990535852767486,0.7,1.2656891304439248,89.99999968017235,1.5693389759829822e-08,0.0467705345145946,8.894395992552829,-0.25257201624072506,0.4859129412194322,1.57287160220048
UGC02259,variable_core,0.01,fullfit_outer_third,False,8,3,8,10.5,3.1,1,41.0,3.0,1.725,1.62,0.494,7.28,86.2,2,spiral_T1_9,late_T8_11,8.14,1.02,5.0246913580246915,83.25,0.1748218135692565,1,-0.7516390020240257,-0.15417093993971775,0.025607586305787466,0.026047565118912794,-0.00828585972841904,-0.20630252726843945,0.27090235521272316,0.04279872963639605,0.15882201334078364,False,False,False,none,True,4.6614940361051085,1.462579250894715,0.7,1.8441515524687155,46.35202995801181,30.93665271199521,397.0472901884851,4203.386107560617,-0.11602328370438758,0.7011093903465703,1.9203842421783575
UGC02487,variable_core,0.01,fullfit_outer_third,False,17,6,0,69.1,10.4,1,36.0,5.0,489.955,7.89,17.963,40.2,332.0,1,S0_T0,S0_T0,80.38,9.93,10.187579214195184,364.0,0.18538000679943453,0,-9.305407280348192,-7.422087793240024,0.01919441082303169,0.008691949894077552,-0.028026466336665834,-0.6155879348483703,5.009133593079676,-0.2887813684654705,0.012208453477836985,False,False,True,lower,False,2.6183968442805816,0.9137127576581424,0.5386020899327802,1.1747657898083597,44.148152515102765,1.3323143338899098e-24,24.468792147439043,302.4881438972694,-0.3009898219433075,1.0080709986465957,2.561101383649056
UGC02885,variable_core,0.01,fullfit_outer_third,False,19,7,5,80.6,8.06,1,64.0,4.0,403.525,11.4,40.075,74.24,289.5,1,spiral_T1_9,spiral_T1_7,74.07,1.7,6.497368421052631,287.0,0.2637727538173956,0,-0.5781842073095292,0.09883085532317182,0.03365555103166577,0.03355704697986577,-0.0019187409980903646,-0.057818420730952926,0.046821949040820834,-0.014976655573711362,0.036312056080300824,False,False,True,lower,False,1.5111059437009766,0.7080771809632638,0.8999074338610673,1.0982085468478355,66.60593625025241,1.117353445813485e-15,27.99997492889421,305.6922468443792,-0.051288711654012185,0.812737493315122,2.4578818967339924
UGC02916,variable_core,0.01,fullfit_outer_third,False,43,15,2,65.4,9.8,1,50.0,5.0,124.153,6.15,23.273,34.24,182.7,2,spiral_T1_9,spiral_T1_7,38.0,0.37,6.178861788617886,211.0,0.5284761147867493,1,2.0122618756324413,1.932464939214242,0.048299808678273014,0.056906077348066304,0.009035505415928876,0.518612343796109,1.7265481357456283,-0.14504023162980553,-0.11663812130836626,True,False,True,lower,False,5.999999999999999,1.990535852767486,0.1834911711179015,1.1844067762902035,55.774297392508025,1.7669677079730376e-12,0.3549738173466829,239.3422463355286,-0.028402110321439272,0.7909084808413934,2.3242824552976926
UGC02953,variable_core,0.01,fullfit_outer_third,False,115,39,2,16.5,4.95,1,50.0,4.0,259.518,3.55,7.678,24.0,264.9,2,spiral_T1_9,spiral_T1_7,62.39,0.09,17.574647887323945,266.0,0.25860770708437164,1,-3.7342158730850064,-1.0246354077135038,0.010958766408008256,0.006959706959706959,-0.014280914998889286,-0.19408238010074066,13.359394861225597,-0.17858941388076685,-0.11044155086241755,False,False,True,lower,False,2.611865110495002,0.4960184761367009,0.3836290876496547,1.5339018884040194,53.72904326806824,2.1861012722726503e-30,14.569342875230689,274.7812615725032,-0.0681478630183493,1.2448866325752692,2.424881636631067
UGC03205,variable_core,0.01,fullfit_outer_third,False,48,16,2,50.0,10.0,1,67.0,4.0,113.642,3.19,9.677,28.6,219.6,1,spiral_T1_9,spiral_T1_7,40.04,0.28,12.551724137931034,221.0,0.3771670627882776,0,-3.367741226596758,-3.3458264980917107,0.023211674993132446,0.0185940970793912,-0.015159520871600057,-0.5674302128618961,2.141360794057661,-0.0519102611655116,-0.036100565000581744,False,False,True,lower,False,1.5512476156051451,0.6970817423483459,0.8646551281966862,1.3102495231210292,69.16052698792684,1.9748609174215727e-14,16.140471644454678,213.04237877270413,-0.015809696164929853,1.0987033857500998,2.3443922736851106
UGC03546,variable_core,0.01,fullfit_outer_third,False,30,10,1,28.7,7.2,1,55.0,5.0,101.336,3.79,2.675,18.37,196.9,1,spiral_T1_9,spiral_T1_7,29.23,0.63,7.712401055408971,204.5,0.4117708455180804,0,-4.875995635359734,-0.6968311703629979,0.025942538242124093,0.009556909299177341,-0.025447145722995036,-0.23013959333006978,1.5467155629932983,-0.23947593437093365,-0.07923382458063677,False,False,True,lower,False,1.3265105730818276,0.6786112602387938,0.530573955832954,0.910579069320137,54.18528718760536,6.141276229104505e-16,7.073923099718302,192.03527860683465,-0.16024210979029688,0.8871896053893641,2.3106933123433606
UGC03580,variable_core,0.01,fullfit_outer_third,False,47,16,1,20.7,5.2,1,63.0,4.0,13.266,2.43,4.37,19.97,126.2,2,spiral_T1_9,spiral_T1_7,27.06,0.11,11.1358024691358,91.4,0.3161361252057884,1,-1.2452729732485466,-3.7285455229520252,0.023666684713942253,0.013468396946564886,-0.01082790581899624,-0.25111041040557686,7.70729474787424,0.17235822634797598,0.1543078384759189,False,False,True,lower,False,4.750719291226261,1.2973663917612763,0.2344369760570643,0.5954623685341104,61.85969121650937,1.1962451441409627e-14,8.080601702095306,148.50382899947172,0.018050387872057094,1.0467215186632919,1.9609461957338314
UGC04278,variable_core,0.01,fullfit_outer_third,False,25,9,7,9.51,2.85,1,90.0,3.0,1.307,2.21,1.116,8.9,91.4,1,spiral_T1_9,spiral_T1_7,6.69,0.14,3.0271493212669687,53.7,0.16641184029013883,0,-0.4958268232070048,-0.9406365391519529,0.09052219243578079,0.05610098176718093,-0.007452543245185384,-0.15479138563226305,0.25312320965155405,0.8186852869635343,0.6560207926059857,True,False,False,none,False,1.1803851669274734,0.656158140257725,0.7,1.2721576036517153,89.999999999625,3.980963853461903,1.4020500020732798,38.77205160794579,0.1626644943575486,0.48103384408271244,1.7299742856995557
UGC04325,variable_core,0.01,fullfit_outer_third,False,8,3,9,9.6,2.88,1,41.0,3.0,2.026,1.86,0.678,6.61,90.9,1,spiral_T1_9,late_T8_11,5.59,0.7,3.005376344086021,89.4,0.2256648989220341,0,-2.331668441828332,-2.9621267760779944,0.03317737014582734,0.03329694323144105,-0.025348995914159723,-0.7644814563371581,1.492507957247325,-0.27560044492727065,-0.0017127028282443125,False,False,True,lower,False,0.5677179949836084,0.5178231198163322,0.7,1.1703153984950825,41.778757895388416,1.6815144372187742e-21,1.2160436199213058,107.03657474423883,-0.27388774209902633,0.4778988636685069,1.9513375187959177
UGC04483,variable_core,0.01,fullfit_outer_third,False,8,3,10,3.34,0.31,2,58.0,3.0,0.013,0.18,0.032,1.46,0.0,2,irregular_T10_11,late_T8_11,1.21,0.08,6.722222222222222,20.8,0.30536472918516494,1,-0.057558647877026914,-0.356182442846972,0.07315062960086706,0.07685589519650655,-0.0019022901245591042,-0.0459364791633168,0.07472553234899293,0.05162015084812451,0.18467328846951672,False,False,True,lower,False,0.0405626333527747,0.5046918221926318,0.7,1.00258090107687,58.05883093228248,2.045179726867489e-15,0.4063687917354856,25.79200752681109,-0.1330531376213922,0.827512865213144,1.3180633349627615
UGC04499,variable_core,0.01,fullfit_outer_third,False,9,3,8,12.5,3.75,1,50.0,3.0,1.552,1.73,1.1,8.67,72.8,1,spiral_T1_9,late_T8_11,8.18,0.91,4.728323699421965,66.9,0.2861925053369789,0,-0.6728082210465468,-0.1441304765005924,0.03625436031709959,0.03628922237380628,-0.009074618203684116,-0.25210177467650746,0.14895104328277678,-0.005748128783475791,0.08081925039467622,False,False,True,lower,False,0.3502143889763703,0.5419902116352965,0.7,1.0949285816514025,50.30120551094158,2.574953101253994e-25,2.4852147442628096,78.38935141253795,-0.086567379178152,0.6747072005425275,1.825426117767823
UGC05005,variable_core,0.01,fullfit_outer_third,False,11,4,10,53.7,10.7,1,41.0,10.0,4.1,3.2,3.093,21.61,98.9,1,irregular_T10_11,late_T8_11,28.61,0.78,8.940624999999999,72.5,0.18640914733908062,0,0.21995888345403358,0.5017486559108306,0.10112460175822863,0.10075589764622041,0.0023485371579708416,0.021995888345403364,0.038701506361824164,-0.07971620089738454,0.03909636111121067,False,False,True,lower,False,0.1865500185945565,0.5119717536363346,0.7,1.0193200372441498,42.86550018594557,8.45956466925924e-17,7.952781373434674,116.3685817491825,-0.11881256200859522,0.9513678794853566,1.8603380065709938
UGC05253,variable_core,0.01,fullfit_outer_third,False,73,25,2,22.9,5.72,1,37.0,4.0,171.582,8.07,16.396,36.64,213.7,2,spiral_T1_9,spiral_T1_7,53.29,0.13,6.603469640644361,246.0,0.3933591395251978,1,-0.29153719373613285,-1.1739574417777021,0.023403240336267176,0.01695238095238095,-0.0010936576389729907,-0.17760829479823947,1.1473385050548104,-0.06233990151665628,-0.0667285920027875,False,False,True,lower,False,0.9342240483239584,0.6200010274039573,0.592223612417703,1.1216214662543371,38.53334421130836,1.5612976402073148e-14,10.962695190809953,248.4587510943309,0.004388690486131212,0.8197721855188413,2.3909351071033793
UGC05414,variable_core,0.01,fullfit_outer_third,False,6,2,10,9.4,2.82,1,55.0,3.0,1.123,1.47,0.574,6.65,0.0,1,irregular_T10_11,late_T8_11,4.11,0.68,2.795918367346939,48.9,0.313434746410555,0,-0.03810241292405436,-0.03810241292405436,0.0413485800798275,0.0413485800798275,-0.00013788631737637544,-0.015615743001661603,0.09982742996436013,0.28197502646887956,0.42372651905355635,False,False,True,lower,False,0.1965692978724424,0.5231508486008775,0.7,1.055102840601807,55.141358364787536,1.0500945109348092e-16,1.985809037032619,65.60478789958013,-0.14175149258467679,0.44652448712789317,1.6893088591236203
UGC05716,variable_core,0.01,fullfit_outer_third,False,12,4,9,21.3,5.3,1,54.0,10.0,0.588,1.14,1.094,10.64,73.1,2,spiral_T1_9,late_T8_11,12.37,1.03,10.850877192982457,69.95,0.18186381409976057,1,-0.9174025063365825,-0.07425434494962246,0.016628387943814528,0.0141640371164524,-0.012192546256163549,-0.2187703783788819,1.95208202027368,-0.1762568868000278,0.06784009892025893,False,False,True,lower,False,3.572893643655352,1.138306900810337,0.7,1.5435492230844416,70.62974424666014,3.381171584487332e-20,3.6913230857578654,70.72365944337895,-0.2440969857202867,1.035464848292648,1.8447877188278465
UGC05721,variable_core,0.01,fullfit_outer_third,False,23,8,7,6.18,1.85,1,61.0,5.0,0.531,0.38,0.562,6.74,79.7,1,spiral_T1_9,spiral_T1_7,6.74,0.09,17.736842105263158,78.3,0.12487903428935179,0,-0.574550519232794,0.061621239110806414,0.05819056653975417,0.058290911161545916,-0.007045021663109257,-0.12572221427413427,1.0736453977825906,-0.271373405272867,0.018958150053645192,False,False,True,lower,False,1.6962039669214388,0.6522385728079046,0.7,1.5077633234311751,64.54835960099015,2.089974010291625e-25,1.2570698884168596,98.56667323061664,-0.2903315553265122,1.2488762999185097,1.8937617620579434
UGC05750,variable_core,0.01,fullfit_outer_third,False,11,4,8,58.7,11.7,1,64.0,10.0,3.336,3.46,1.099,16.79,0.0,1,spiral_T1_9,late_T8_11,22.85,0.31,6.604046242774567,49.8,0.24245941896824758,0,0.7650953009785546,1.2853034888862283,0.15663260155247055,0.15398255568976657,0.010765377781074337,0.06251102843272482,0.022661095361950455,0.07436722733776842,0.11705870304189178,False,False,True,lower,False,0.0515505710377764,0.4941001061968236,0.7,0.9941263181889208,63.74695546819834,3.049878470430202e-18,5.5136084896301645,93.80010570910856,-0.04269147570412336,0.8198101056130924,1.6972293427597176
UGC05764,variable_core,0.01,fullfit_outer_third,False,10,4,10,7.47,2.24,1,60.0,10.0,0.085,1.17,0.163,3.51,0.0,2,irregular_T10_11,late_T8_11,3.62,0.36,3.094017094017094,49.95,0.17285138301472214,1,-0.09727075597876755,-0.4170593896694932,0.033786668940876605,0.0333100358422939,-0.0007919828493406259,-0.6237310384371226,1.491547188548232,-0.23534376787323588,-0.35865650185612036,False,False,True,lower,False,0.8698385340910461,0.5453603523862433,0.7,1.260835115979109,65.750687047926,2.659542451242221e-23,0.8613165765891777,62.56264007733021,0.12331273398288448,0.4905227087870041,1.698535492562001
UGC05829,variable_core,0.01,fullfit_outer_third,False,11,4,10,8.64,2.59,1,34.0,10.0,0.564,1.99,1.023,7.87,0.0,2,irregular_T10_11,late_T8_11,6.91,0.63,3.472361809045226,47.9,0.30503937330639175,1,-1.1416679463365185,-0.510248574858192,0.08052577307064797,0.08024746855788162,-0.015612687353925625,-0.2256260763510906,0.30947180769892074,0.26058328002413017,0.5676244785679566,False,False,True,lower,False,0.7022285732992144,0.5099953557266017,0.7,1.138176824150351,41.02228573299215,2.3110350870463456e-41,2.022989305927431,57.87014032521432,-0.30704119854382644,0.5406249709644918,1.6803355134145632
UGC05918,variable_core,0.01,fullfit_outer_third,False,8,3,10,7.66,2.3,1,46.0,5.0,0.233,1.66,0.297,5.9,0.0,2,irregular_T10_11,late_T8_11,4.46,0.56,2.6867469879518073,38.099999999999994,0.18491850162004891,1,-0.8034917063150999,-0.5177256662607235,0.09198549246096556,0.09225352112676057,-0.01760038210452859,-0.20445081585625954,0.21607355281619503,-0.05597620063806264,0.2651408013052205,False,False,True,lower,False,0.1062353342474865,0.5034462067507905,0.7,1.031898337959428,46.30441975664081,1.3710651304467072e-14,1.2250958034390813,49.89116698553824,-0.32111700194328313,0.4292267706720868,1.5809249756756192
UGC05986,variable_core,0.01,fullfit_outer_third,False,15,5,9,8.63,2.59,1,90.0,3.0,4.695,1.67,2.667,16.53,113.0,2,spiral_T1_9,late_T8_11,9.41,0.63,5.634730538922156,109.0,0.17039351471744255,1,-0.663841166274264,-0.6159204239668838,0.037172920788809266,0.03294642857142857,-0.005944581749741944,-0.18311581032327676,0.04161072307444643,-0.2664959871595617,-0.2653505606673738,True,False,True,lower,False,0.0560019551529217,0.5064892123966807,0.7,0.9906054500415984,89.99999999564731,9.034161821323745e-19,2.47494810930218,135.1582860558232,-0.0011454264921879065,0.7508731522796737,2.037426497940624
UGC06399,variable_core,0.01,fullfit_outer_third,False,9,3,9,18.0,2.5,4,75.0,2.0,2.296,2.05,0.674,8.8,85.0,1,spiral_T1_9,late_T8_11,7.85,0.87,3.829268292682927,77.5,0.20608301625687842,0,-0.18779680784386224,0.39682028078068754,0.05714767839203699,0.057242990654205614,-0.0018604604614331107,-0.03832587915180861,0.124878585070391,-0.02647069432046296,0.1620546867634558,False,False,True,lower,False,0.0718765812208511,0.5083439537955157,0.7,1.0063722715624082,75.01242676647725,7.926412871525191e-15,2.601338304982252,99.14073326780394,-0.18852538108391875,0.5831157956894982,1.8893017025063104
UGC06446,variable_core,0.01,fullfit_outer_third,False,17,6,7,12.0,3.6,1,51.0,3.0,0.988,1.49,1.379,10.33,82.2,1,spiral_T1_9,spiral_T1_7,10.22,0.58,6.859060402684564,80.1,0.20236831410194617,0,-3.753979264921481,-4.498480895031406,0.0767626899939743,0.0650126378531997,-0.045179666727363364,-0.5593245479354092,0.536278395843671,-0.2864117057946502,-0.03720203517212799,False,False,True,lower,False,1.9293098871066348,0.7423562159636731,0.7,1.5787929661319904,53.37138832265737,1.5724265956862505e-30,2.0770369531033883,87.6478782778993,-0.2492096706225222,0.8362646273864199,1.9036325160842376
UGC06614,variable_core,0.01,fullfit_outer_third,False,13,5,1,88.7,8.87,1,36.0,10.0,124.35,5.1,21.888,60.63,199.8,1,spiral_T1_9,spiral_T1_7,64.59,3.23,12.664705882352942,193.0,0.2647051215567101,0,-0.3620475025039241,1.4080227555211877,0.07910224298733501,0.0784313725490196,-0.0018457517554930532,0.004654884184520547,0.04389563872991359,0.034130437497787956,0.05420769856565156,False,False,True,lower,False,0.1443426362398694,0.5168973051329216,0.6785074228215987,1.0003218753676273,36.15382504392483,3.701242110857799e-15,18.68570184621441,235.43894389864997,-0.020077261067863603,1.1025951084452132,2.285557309007774
UGC06667,variable_core,0.01,fullfit_outer_third,False,9,3,6,18.0,2.5,4,89.0,1.0,1.397,5.15,0.809,8.59,83.8,1,spiral_T1_9,spiral_T1_7,7.85,0.87,1.524271844660194,77.3,0.12067435587767156,0,-0.9047953123380287,-0.3627806389780801,0.036893894080385944,0.03571428571428571,-0.010523576655110113,-0.26326136952254287,0.2654015296194976,-0.08449401352072285,0.08015408634757416,False,False,True,lower,False,0.0591591279114203,0.5068575466462485,0.7,0.9984893627761544,88.99995260673953,8.246154894859775e-15,2.3576985655936054,103.29764167557131,-0.164648099868297,0.18306242770406148,1.888179493918325
UGC06786,variable_core,0.01,fullfit_outer_third,False,45,15,0,29.3,7.32,1,64.0,3.0,73.407,3.6,5.03,20.31,219.4,1,S0_T0,S0_T0,34.05,0.16,9.458333333333332,218.0,0.21882340962487276,0,-2.432856223075686,-1.4098599397196097,0.020053621332044604,0.012455357142857143,-0.010924631166426954,-0.4786516250484969,1.8717156373271864,-0.046696733154968695,-0.04915869188380944,False,False,True,lower,False,1.999779421983635,0.7924063489175741,0.6570812254659422,1.3077292718496027,64.94683640454916,7.058541403864181e-14,9.59992596154588,240.82010064105145,0.002461958728840745,0.9758146154815166,2.3384564936046046
UGC06787,variable_core,0.01,fullfit_outer_third,False,71,24,2,21.3,5.32,1,66.0,3.0,98.256,5.37,5.03,26.44,248.1,2,spiral_T1_9,spiral_T1_7,37.19,0.12,6.925512104283054,238.0,0.22877949993764468,1,-1.4450945825791972,-2.2130036875884116,0.010344538869694574,0.010986566554295637,-0.005060702947084738,-1.0051014519898938,31.138049176568487,0.06632500396475009,0.04581494646680139,False,False,False,none,False,5.617458116779311,0.9375177906290584,0.1920225480747777,2.1862015078692743,70.59910925961617,3.941229598191553,7.600521221944257,106.96967130395116,0.0205100574979487,0.840451892659417,2.376576957056512
UGC06818,variable_core,0.01,fullfit_outer_third,False,8,3,9,18.0,2.5,4,75.0,3.0,1.588,1.39,1.079,6.96,71.2,2,spiral_T1_9,late_T8_11,6.98,0.87,5.02158273381295,55.45,0.2113258565048605,1,-0.17037619156737094,2.1298069192605595,0.080828947739583,0.08064516129032258,-0.002112804750751531,-0.0757586360888512,0.5751730852931894,0.5579173723669285,0.14204050883293032,False,False,False,none,False,0.5423032749104525,0.4413058421788463,0.7,0.9551382516710624,74.81053769854081,2.658062598329791,2.2581023701244,47.849936308495344,0.4158768635339982,0.7008406223690661,1.743901550485179
UGC06917,variable_core,0.01,fullfit_outer_third,False,11,4,9,18.0,2.5,4,56.0,2.0,6.832,2.76,2.023,12.67,108.7,1,spiral_T1_9,late_T8_11,10.47,1.74,3.793478260869566,100.0,0.25407438842593283,0,-2.388588858760894,-2.693100672309299,0.042668832304754635,0.04132034632034633,-0.021190534365633566,-0.37414149533913904,0.7394999123654697,-0.03850467632874676,0.2826966737281643,False,False,True,lower,False,0.7045441096142818,0.5880637584966539,0.7,1.067928341175988,56.34952906268353,3.5859220798519625e-18,3.014209168106555,114.28155406309736,-0.3212013500569111,0.5790375996136247,2.0
UGC06923,variable_core,0.01,fullfit_outer_third,False,6,2,10,18.0,2.5,4,65.0,2.0,2.89,1.44,0.809,6.75,79.6,2,irregular_T10_11,late_T8_11,5.16,0.93,3.5833333333333335,75.7,0.35294806338760826,1,0.53731292234324,0.53731292234324,0.0648600656484063,0.0648600656484063,0.006845022797243032,0.09954710886372417,0.048592477195690285,-0.022897681359110907,0.15635749550027625,False,False,False,none,False,0.1675867459544234,0.4810733840784111,0.7,0.9854250347126317,64.95141557779024,3.088128012961977,0.9535173961049788,36.99884825278384,-0.17925517685938716,0.5542872095319618,1.8790958795000727
UGC06930,variable_core,0.01,fullfit_outer_third,False,10,4,7,18.0,2.5,4,32.0,5.0,8.932,3.94,3.237,16.76,107.2,1,spiral_T1_9,spiral_T1_7,16.61,1.74,4.215736040609137,105.0,0.28809079861111114,0,-3.763945345449894,-3.562167666751442,0.06331549439347604,0.06851851851851852,-0.034875589069999685,-0.49232467943721947,0.575522374502965,-0.3514177706068338,-0.028485514113480336,False,False,True,lower,False,0.6412910716467792,0.5582534261730623,0.7,1.0477326464467138,35.206455358233896,1.3662050343927612e-21,3.84974255363321,112.9004232939955,-0.3229322564933535,0.6248734106258204,2.0211892990699383
UGC06983,variable_core,0.01,fullfit_outer_third,False,17,6,6,18.0,2.5,4,49.0,1.0,5.298,3.21,2.967,16.07,109.0,1,spiral_T1_9,spiral_T1_7,15.68,1.74,4.8847352024922115,108.0,0.22347473519283745,0,-4.481710186087753,-3.979872706012678,0.0788791842996736,0.08481991165477404,-0.04127887000724842,-0.4465767920708168,0.2781597650335286,-0.31952384130213984,-0.02579160009491702,False,False,True,lower,False,1.827907153633667,0.7616592481421259,0.7,1.1481634483119918,49.26510606085205,1.896998114097812e-25,3.487537498109712,119.47530903544046,-0.2937322412072228,0.6888410259435476,2.03342375548695
UGC07089,variable_core,0.01,fullfit_outer_third,False,12,4,8,18.0,2.5,4,80.0,3.0,3.585,2.26,1.214,9.29,0.0,2,spiral_T1_9,late_T8_11,9.16,0.87,4.053097345132744,66.2,0.30942208618302114,1,-0.14057105857196817,-0.09241195529979507,0.08510886248789774,0.08476947989909497,-0.0007536718565003785,-0.00614195402700983,0.08002447752714506,0.2085454015435429,0.44050909434726304,False,False,True,lower,False,0.3559714394980499,0.5427091556242152,0.7,1.0307591904989128,80.09020899508724,5.4246474106294976e-15,4.236686012340695,83.08814514935705,-0.23196369280372015,0.6077870345204496,1.8208579894397
UGC07125,variable_core,0.01,fullfit_outer_third,False,13,5,9,19.8,5.9,1,90.0,3.0,2.712,3.38,4.629,23.04,65.2,1,spiral_T1_9,late_T8_11,18.68,1.44,5.5266272189349115,61.5,0.4483119317793022,0,-0.5373427107257754,-0.432418381666551,0.044497031450004866,0.046564885496183206,-0.008354407391925098,-0.06971326880757847,0.6056670446056684,-0.28973002892583244,-0.028336519551028175,True,False,True,lower,False,0.4707141695829611,0.5493970244589309,0.7,1.140263313158559,89.99999998936447,1.0875673638944555e-16,4.386345159410569,62.11103351248834,-0.26139350937480427,0.7424601716164199,1.7888751157754168
UGC07151,variable_core,0.01,fullfit_outer_third,False,11,4,6,6.87,0.34,2,90.0,3.0,2.284,1.25,0.616,6.39,73.5,1,spiral_T1_9,spiral_T1_7,5.5,0.5,4.4,67.2,0.3329463804370862,0,-1.9675872492171322,-1.6559483871146696,0.04319286431360928,0.04293845596886596,-0.026064242520429257,-0.6015853033080024,0.8238541765979057,-0.036573499327254136,0.20471733563260655,True,False,True,lower,False,1.441576726296332,0.6968313434110989,0.7,1.0154183586255277,89.99998401180524,1.7106405259221847e-24,1.4238623324620725,71.65157395552698,-0.2412908349598607,0.6434526764861874,1.8273692730538253
UGC07232,variable_core,0.01,fullfit_outer_third,False,4,2,10,2.83,0.17,2,59.0,5.0,0.113,0.29,0.046,1.54,0.0,2,irregular_T10_11,late_T8_11,0.82,0.21,2.8275862068965516,30.700000000000003,0.29340891173811984,1,0.02637764764857664,0.02637764764857664,0.08437499999999999,0.08437499999999999,0.001596080135114817,0.007993226560174746,0.009728651172465696,0.738345535645623,0.7981245820787394,False,True,False,none,True,0.0061034118785985,0.5007031752527425,0.7,1.0000624960716435,59.00908029713929,4.453942653164729,124.28191511013924,9999.778994934144,-0.05977904643311638,0.45141585448476057,1.4871383754771865
UGC07261,variable_core,0.01,fullfit_outer_third,False,7,3,8,13.1,3.93,1,30.0,10.0,1.753,1.2,1.388,10.1,74.7,2,spiral_T1_9,late_T8_11,6.67,0.95,5.558333333333334,69.6,0.2424893736682283,1,-1.6427130019243255,-2.0074202101062895,0.07575242785276547,0.07576974564926373,-0.021666371417840686,-0.2902319791385734,0.16837473115338222,-0.05272483793200873,0.10670391734642251,False,False,True,lower,False,0.7697417004669433,0.5121147743225156,0.7,1.1351189597901723,37.69741700466943,2.122927300545864e-33,1.6888355630581893,73.58688337952027,-0.15942875527843126,0.7449445878689241,1.842609239610562
UGC07323,variable_core,0.01,fullfit_outer_third,False,10,4,8,8.0,2.4,1,47.0,3.0,4.109,2.26,0.722,7.14,0.0,1,spiral_T1_9,late_T8_11,5.82,0.58,2.5752212389380533,62.5,0.3757392656325991,0,-0.3014919400801155,0.051196823872253105,0.04798872900964571,0.04770918785890074,-0.004165126987962675,-0.07790489407754922,0.06785983269159873,0.4226454384532926,0.35485670205481545,False,False,True,lower,False,0.4279639056241093,0.5427529860406857,0.7,1.1283891716872327,47.46397593267607,6.8542624639035604e-12,3.121708150524421,87.1277330161943,0.06778873639847716,0.4108145455024876,1.7958800173440752
UGC07399,variable_core,0.01,fullfit_outer_third,False,10,4,8,8.43,2.53,1,55.0,3.0,1.156,1.64,0.745,7.85,103.0,1,spiral_T1_9,late_T8_11,6.13,0.61,3.7378048780487805,93.4,0.10772522061740031,0,-3.409266993993281,-2.98456209343162,0.04251025252321887,0.042898058252427186,-0.032027451191027505,-0.6543431357597617,1.5344358374952471,-0.11421348310872342,0.25264726158755724,False,False,True,lower,False,2.578497126043474,0.9053566938486708,0.7,1.6537107293392026,57.41042863933375,1.9196653196679206e-24,1.6731671301120747,110.62286648618168,-0.36686074469628066,0.5726166264707172,1.9703468762300933
UGC07524,variable_core,0.01,fullfit_outer_third,False,31,11,9,4.74,0.24,2,46.0,3.0,2.436,3.46,1.779,12.11,79.5,1,spiral_T1_9,late_T8_11,10.69,0.35,3.0895953757225434,70.2,0.2648692110047727,0,-0.6718492442331684,-0.35664702335728293,0.040909003840929055,0.039447236180904524,-0.007850441517194493,-0.1490852667363393,0.24736650733972096,0.07905809765444509,0.21123908687653667,False,False,True,lower,False,1.547192547449014,0.7139852815110656,0.7,1.0216772723284395,48.40881063345323,3.0772150546039177e-21,2.885558323933356,84.06794135228105,-0.1321809892220916,0.4899016064160014,1.8463371121298053
UGC07559,variable_core,0.01,fullfit_outer_third,False,7,3,10,4.97,0.25,2,61.0,3.0,0.109,0.58,0.169,3.76,0.0,2,irregular_T10_11,late_T8_11,2.53,0.36,4.362068965517241,26.1,0.3392472679149306,1,-0.13294729463912228,0.12439201582410675,0.10441192753801061,0.10385852090032154,-0.004705754374093137,-0.04116015313904715,0.018396199766887552,0.32153148467284387,0.2289153012000378,False,False,False,none,False,0.0439138002350327,0.4949697117151714,0.7,0.999386744908864,60.95774639418276,5.983484057067758,0.3573272555046735,10.260942118941308,0.09261618347280606,0.6396925276128806,1.416640507338281
UGC07577,variable_core,0.01,fullfit_outer_third,False,9,3,10,2.59,0.13,2,63.0,3.0,0.045,0.9,0.044,2.07,0.0,2,irregular_T10_11,late_T8_11,1.69,0.19,1.8777777777777778,10.7,0.6283380799810133,1,-0.2109833818824729,-0.024556878043675567,0.2007612172861001,0.19937106918238992,-0.008324405177565478,-0.06655627188721543,0.07701224647936668,0.42550646909323886,0.9414571739920785,False,False,False,none,False,0.0657287661896873,0.4924896724271769,0.7,0.998345798271132,62.89459275986681,30.0,339.3463051559574,3793.6711262292206,-0.5159507048988397,0.2736441951743487,1.0293837776852097
UGC07603,variable_core,0.01,fullfit_outer_third,False,12,4,7,4.7,1.41,1,78.0,3.0,0.376,0.53,0.258,4.37,61.6,1,spiral_T1_9,spiral_T1_7,4.11,0.34,7.754716981132075,60.25,0.13732082370150345,0,-0.4062138553505594,0.07181028551982749,0.046253251427603566,0.04643244289585753,-0.006003670977819984,-0.14055842745694097,0.430091108869161,-0.11417228428332922,0.14789156011343518,False,False,True,lower,False,0.3782281761898442,0.5364886139541382,0.7,1.1134684528569532,78.09299387731045,4.140446796465566e-25,1.2320690207073564,74.65975017276678,-0.2620638443967644,0.8895659522752801,1.779957051246906
UGC07690,variable_core,0.01,fullfit_outer_third,False,7,3,10,8.11,2.43,1,41.0,5.0,0.858,0.57,0.39,5.5,57.4,2,irregular_T10_11,late_T8_11,4.13,0.59,7.24561403508772,57.9,0.3331732666998187,1,-1.1664795506563077,-1.2061408792348445,0.07576252654017332,0.07574692442882248,-0.020980276686846943,-0.27064490734485097,0.2646342004468764,-0.3522616550360493,-0.10420609193347537,False,False,True,lower,False,0.373290932463472,0.5247095210846962,0.7,1.1118491943139626,42.3271906102604,2.8565086702552827e-21,0.7947943130784116,62.99528990109266,-0.24805556310257393,0.8600751959839097,1.7626785637274363
UGC07866,variable_core,0.01,fullfit_outer_third,False,7,3,10,4.57,0.23,2,44.0,5.0,0.124,0.61,0.118,3.3,0.0,2,irregular_T10_11,late_T8_11,2.32,0.33,3.80327868852459,26.0,0.33955843518937673,1,-0.04991803402373781,0.3452872467246131,0.1334311673859976,0.13300653594771242,0.001478957960589058,-0.012264873224505627,0.1341359991737358,0.13475351409460157,0.4861276306190677,False,False,True,lower,False,0.045517548922206,0.5041741051204077,0.7,1.000642588877246,44.22758774461103,8.074689968102443e-16,0.7812234577019772,32.59336737648524,-0.35137411652446615,0.5801581498801326,1.414973347970818
UGC08286,variable_core,0.01,fullfit_outer_third,False,17,6,6,6.5,0.21,2,90.0,3.0,1.255,1.05,0.642,8.07,82.4,1,spiral_T1_9,spiral_T1_7,8.04,0.47,7.657142857142856,79.3,0.15096830726675842,0,-0.5065372801798844,-0.3577218543874068,0.024091802134170396,0.02408195694534657,-0.005936471106653687,-0.25448089336653723,0.6005186318456458,-0.07483245897362845,0.06917426440741115,True,False,True,lower,False,5.999999999999999,1.990535852767486,0.7,1.0485236229862689,89.99999999998828,6.879031026906311e-17,2.824876390944682,85.65483457389337,-0.1440067233810396,0.8840667496785131,1.8992731873176039
UGC08490,variable_core,0.01,fullfit_outer_third,False,30,10,9,4.65,0.53,2,50.0,3.0,1.017,0.67,0.72,7.8,78.6,1,spiral_T1_9,late_T8_11,10.15,0.34,15.149253731343283,78.5,0.12881128674338999,0,-0.5846474971538556,-0.3843590738571976,0.04705805679113445,0.047097916110072136,-0.0076087740037933905,-0.15844105613925624,0.1330760876454525,-0.24126759721002802,-0.11677062761462063,False,False,True,lower,False,4.024878755495984,1.2631585902442726,0.7,1.2010019103299043,54.20895480627508,2.340894893486346e-24,2.713391407503652,88.61464228302071,-0.12449696959540739,1.1803912395484053,1.8948696567452525
UGC08550,variable_core,0.01,fullfit_outer_third,False,11,4,7,6.7,2.0,1,90.0,3.0,0.289,0.45,0.288,5.59,56.9,1,spiral_T1_9,spiral_T1_7,5.36,0.49,11.911111111111111,51.6,0.16223941297927502,0,-0.34680001024856466,-0.1769391913712468,0.0364115073966162,0.03605454781564853,-0.0060434306328749346,-0.15433839445943093,0.10426479820689602,0.15087280077365975,0.11676574053892229,True,False,True,lower,False,2.687478630534434,0.9283630942923154,0.7,1.642666512671835,90.0,1.7118732003719181e-15,1.792762664779426,60.36757982618656,0.03410706023473746,1.0759522759174263,1.7126497016272113
UGC08699,variable_core,0.01,fullfit_outer_third,False,41,14,2,39.3,9.82,1,73.0,9.0,50.302,3.09,3.738,19.05,182.4,2,spiral_T1_9,spiral_T1_7,25.7,0.22,8.31715210355987,184.0,0.37627120585364277,1,1.9739870404769806,3.6003604635297677,0.03207710220323413,0.033171999154052986,0.010846975964203523,0.41651947052264765,0.5851360599819299,-0.07627938674253468,-0.038839369731497986,False,False,True,lower,False,2.955713502466549,0.9875096643552628,0.4726346153363894,1.2033515848470069,75.803339837475,1.9376318272856696e-18,10.306461503932953,183.4850827423407,-0.03744001701103669,0.9199746439064599,2.2648178230095364
UGC08837,variable_core,0.01,fullfit_outer_third,False,8,3,10,7.21,0.36,2,80.0,5.0,0.501,1.72,0.32,4.75,0.0,2,irregular_T10_11,late_T8_11,4.2,0.52,2.4418604651162794,31.7,0.3679550297458085,1,-1.0212301020930024,-1.7391809805949237,0.06956707256213195,0.06759656652360514,-0.024092479020960154,-0.29324500938559767,0.47996159416878853,0.7587022200515179,0.3862973732714103,False,False,False,none,False,0.2282872495634176,0.4743962849701866,0.7,0.9981721307566808,79.88607875429875,2.017059093757301,4.237438984334244,72.37907750861277,0.3724048467801076,0.38772084349035163,1.5010592622177514
UGC09037,variable_core,0.01,fullfit_outer_third,False,22,8,6,83.6,8.4,1,65.0,5.0,68.614,4.28,19.078,39.72,152.3,2,spiral_T1_9,spiral_T1_7,27.96,2.43,6.5327102803738315,147.0,0.4319028865034747,1,-0.878710231956326,-1.8721328915623872,0.07429745963648093,0.05554524507750314,-0.0049476690671560524,-0.1574859211008601,0.09948700812860589,-0.1600874872657963,-0.2407145496654564,False,False,True,lower,False,1.6127542199624263,0.3449011022761298,0.7,0.9169008836917242,61.410826658842026,5.950972523790978e-15,7.882809845355265,166.87707001089453,0.08062706239966011,0.8150933980604718,2.167317334748176
UGC09133,variable_core,0.01,fullfit_outer_third,False,68,23,2,57.1,11.4,1,53.0,6.0,282.926,6.97,33.428,60.35,226.8,1,spiral_T1_9,spiral_T1_7,108.31,0.32,15.53945480631277,279.0,0.23580249890422966,0,-1.3467885391521726,0.9913932441706379,0.010539787610874669,0.009130434782608696,-0.005470989439879713,-0.21058179237936922,9.451217030442626,-0.11076095986060246,-0.08913550757639466,False,False,True,lower,False,4.415499546593134,0.6063844081857707,0.2532492018848652,1.4625443909506803,63.59131975185274,1.967627426793258e-19,28.896032793807255,235.8276125200934,-0.0216254522842078,1.1914357777362312,2.4456042032735974
UGC09992,variable_core,0.01,fullfit_outer_third,False,5,2,10,10.7,3.21,1,30.0,10.0,0.336,1.04,0.318,5.45,33.6,2,irregular_T10_11,late_T8_11,3.89,0.78,3.7403846153846154,33.0,0.4859173787917478,1,-1.3570625423768181,-1.3570625423768181,0.16723782755189331,0.16723782755189331,-0.039642572019414436,-0.23976370006657563,0.09936827888804413,-0.1976880255647049,0.12054546010071916,False,False,True,lower,False,0.2932878577536011,0.5047178753899955,0.7,1.046792069098974,32.93287857753601,2.925161061108102e-23,0.5749691246237634,32.67830422108876,-0.3182334856654241,0.5729162620269274,1.5185139398778875
UGC10310,variable_core,0.01,fullfit_outer_third,False,7,3,9,15.2,4.6,1,34.0,6.0,1.741,1.8,1.196,9.58,71.4,1,spiral_T1_9,late_T8_11,7.74,1.1,4.3,69.2,0.29546292252679984,0,-0.4060729676629459,0.19739720194208132,0.07012776998033898,0.06988950276243093,-0.005180017599729715,-0.08025157463694584,0.2682913109248833,-0.160340382642589,0.09508414551699229,False,False,True,lower,False,0.1744340583627119,0.5047669241517507,0.7,1.05091119532684,35.046604350176274,1.3635076015671885e-17,1.8405975713712708,79.95284706185649,-0.2554245281595813,0.6334684555795865,1.8401060944567578
UGC11455,variable_core,0.01,fullfit_outer_third,False,36,12,6,78.6,11.8,1,90.0,1.0,374.322,5.93,13.335,43.44,269.4,1,spiral_T1_9,spiral_T1_7,41.93,0.62,7.070826306913997,262.5,0.4795965716731458,0,2.486675808929076,1.9937169752672048,0.0253261167601302,0.023743917274939172,0.009419672551150986,0.34473138055895164,3.4752302805540207,-0.17412717451496304,-0.09086599819416642,True,False,True,lower,False,0.3780613436058078,0.545476617398983,0.7,0.9919082689113284,90.0,1.9387302733309368e-39,12.47375872324429,262.24612494661784,-0.08326117632079662,0.8494701690393056,2.4191293077419758
UGC11557,variable_core,0.01,fullfit_outer_third,False,12,4,8,24.2,6.05,1,30.0,10.0,12.101,2.75,2.605,16.66,0.0,2,spiral_T1_9,late_T8_11,10.56,0.33,3.8400000000000003,64.9,0.7069414367911382,1,-0.5152176248394262,0.3768742794578941,0.08503160310522015,0.083947647560945,-0.0045901171846822,-0.036611546112051724,0.399063449821498,0.09334568772353248,0.018719998333616258,False,False,False,none,False,1.2042907245993677,0.472997403781653,0.7,0.9244027391010112,17.957092754006325,0.773950691204172,2.871977179586995,73.45337631114077,0.07462568938991622,0.5843312243675308,1.8122446968003694
UGC11820,variable_core,0.01,fullfit_outer_third,False,10,4,9,18.1,5.43,1,45.0,10.0,0.97,2.08,1.977,12.99,0.0,1,spiral_T1_9,late_T8_11,15.82,0.26,7.605769230769231,51.875,0.22462527073954858,0,-0.11337669830698971,-0.2720745114556351,0.012325428814686592,0.012248376371999818,-0.0016305845367011555,0.025106618761625198,0.7325541618153222,0.2952513479830634,0.28799272942155624,False,False,True,lower,False,4.3080792528906775,1.3482732857178334,0.7,1.4785587306690864,60.51609154771154,1.1433561257826523e-09,14.320743137662406,107.1053033462772,0.0072586185615071686,0.8811431441988962,1.7149581097201492
UGC11914,variable_core,0.01,fullfit_outer_third,False,65,22,2,16.9,5.1,1,31.0,5.0,150.028,2.44,0.888,9.26,288.1,1,spiral_T1_9,spiral_T1_7,9.83,0.28,4.028688524590164,288.0,0.6263765522730962,0,0.6953431236223314,1.3780603466066452,0.029878715646871435,0.03052474742447618,0.0025520464669777014,0.10167576138462799,0.4761913351367503,0.06359473459894237,0.07790860956774666,False,False,True,upper,True,0.6244107475419649,0.4833670242439468,0.8082377198316605,1.124089053841238,33.05456023037532,1000.0,19.69244632822251,709.9230979291607,-0.014313874968804291,0.6051636914934062,2.459392487759231
UGC12506,variable_core,0.01,fullfit_outer_third,False,31,11,6,100.6,10.1,1,86.0,4.0,139.571,7.38,35.556,59.01,234.0,2,spiral_T1_9,spiral_T1_7,49.99,0.82,6.773712737127371,238.0,0.23453830465152922,1,0.3444418752930419,0.24589080187095647,0.06767089744102812,0.06140350877192982,0.0015962293475995364,0.0297859006886412,0.028858856202604036,-0.17554198195546156,-0.18689031396085642,False,False,False,none,False,4.7067876493336085,1.4779126596363596,0.7,1.1877474133833064,86.71023298937729,5.505247302651941,6.40796381259757,59.598950287929824,0.011348332005394868,0.8308267749295487,2.376576957056512
UGC12632,variable_core,0.01,fullfit_outer_third,False,15,5,9,9.77,2.93,1,46.0,3.0,1.301,2.42,1.744,12.6,71.7,1,spiral_T1_9,late_T8_11,10.66,0.71,4.404958677685951,65.5,0.23331639518552516,0,-0.9851189018736477,-2.0056854287951182,0.039673424389901346,0.03968705547652916,-0.013252627295153844,-0.3436912591524134,0.5269446588745683,-0.09014163934540423,0.13216770916915332,False,False,True,lower,False,1.3455447129027205,0.5525724370195931,0.7,1.4035256917917065,47.79419090366832,1.8109551437678235e-16,2.501336264272794,77.81149112114862,-0.22230934851455755,0.6439418387101222,1.816241299991783
UGC12732,variable_core,0.01,fullfit_outer_third,False,16,6,9,13.2,4.0,1,39.0,6.0,1.667,1.98,3.66,17.41,0.0,1,spiral_T1_9,late_T8_11,15.4,0.96,7.777777777777778,79.8,0.20854321549181762,0,-0.24244193890501245,0.44032632069337296,0.038492797542484046,0.03801301037923552,-0.0019690776858818783,-0.0898605268122215,0.20743991256190317,0.3435411344022372,0.4304988358482974,False,False,True,lower,False,2.311120057828532,0.8053854160333084,0.7,1.7003394114631916,51.816239784098514,3.5577797960089594e-21,4.204466850460985,74.80256437094872,-0.08695770144606019,0.8908555305749319,1.9020028913507294
UGCA442,variable_core,0.01,fullfit_outer_third,False,8,3,9,4.35,0.22,2,64.0,7.0,0.14,1.18,0.263,4.37,56.4,1,spiral_T1_9,late_T8_11,6.33,0.42,5.364406779661017,51.9,0.126702775349912,0,0.31702807842607444,-0.0968981621061431,0.038595170477064754,0.048961937716262977,0.005653838827268443,0.05984362799229274,0.06467296243543884,-0.07057431124503953,0.00905029364081204,False,False,True,lower,False,0.1795390149256689,0.5211033988571171,0.7,1.002605275749576,64.82115356963295,6.008318429940811e-17,2.16719869128219,69.48115597356701,-0.07962460488585157,0.7295217027112297,1.7151673578484579
UGCA444,variable_core,0.01,fullfit_outer_third,False,36,12,10,0.98,0.05,2,78.0,4.0,0.012,0.83,0.067,2.08,37.0,2,irregular_T10_11,late_T8_11,2.62,0.12,3.1566265060240966,27.85,0.2168806326598016,1,-1.4711870868663954,-0.936871748348814,0.14502723163537531,0.1392608817797131,-0.039106835562161234,-0.23521620446615552,0.16117438923719626,-0.0012615880053430607,0.44864938661723847,False,False,True,lower,False,0.1098374277162067,0.5128067665365088,0.7,0.9959526060467372,77.81321632073771,6.288777821947441e-14,0.9100498442810738,38.539651918102045,-0.4499109746225815,0.49922319894367156,1.4448251995097476
CamB,variable_core,0.01,outer_holdout,True,9,2,10,3.36,0.26,2,65.0,5.0,0.075,0.47,0.012,1.21,0.0,2,irregular_T10_11,late_T8_11,1.79,0.16,3.808510638297873,10.9,0.6791787131519273,1,-5.844725669289114,-5.844725669289114,0.08195628997867804,0.08195628997867804,-0.30972017270420776,-3.896483779526076,16.905712165171803,-0.2570534020990943,0.9105762754725217,False,False,False,none,False,1.1515600305371971,0.3835429473538147,0.7,0.9547066233364738,61.59123184109608,30.0,679.8681004436563,3683.0987468255166,-1.167629677571616,0.5807551730441758,1.0374264979406236
D631-7,variable_core,0.01,outer_holdout,True,16,4,10,7.72,0.18,2,59.0,3.0,0.196,0.7,0.29,0.0,57.7,1,irregular_T10_11,late_T8_11,7.19,0.45,10.271428571428572,47.2,0.11610138710516488,0,3.68829279332088,3.7621741783708416,0.06570317185227556,0.06814113751286527,0.06390671539873888,0.9379652138866422,1.1295148033265832,0.33441319232270245,-0.1011953998143973,False,False,False,none,False,0.7168533815973772,0.4239207415235625,0.7,0.9957643673986342,57.44389099499536,2.5159223897491625,1.881520368500346,38.55274348243654,0.43560859213709974,1.0116308503686258,1.6739419986340878
DDO064,variable_core,0.01,outer_holdout,True,14,3,10,6.8,2.04,1,60.0,5.0,0.157,0.69,0.211,3.49,46.1,1,irregular_T10_11,late_T8_11,2.98,0.1,4.3188405797101455,37.9,0.2719541304946145,0,2.45357607403569,2.5506557216421655,0.14308736291465038,0.14504310344827587,0.05277092811150374,0.4011055568026631,0.17936368934642397,-0.014856365722126362,0.047141534760912686,False,False,False,none,False,0.0150713647781059,0.499128428862239,0.7,1.0045214094334318,60.02539982381306,3.765856372095059,0.4758417785556186,21.689750972081995,-0.06199790048303905,0.635367173339,1.5786392099680724
DDO154,variable_core,0.01,outer_holdout,True,12,3,10,4.04,0.2,2,64.0,3.0,0.053,0.37,0.275,4.96,47.0,2,irregular_T10_11,late_T8_11,5.92,0.49,16.0,43.3,0.13060439321894962,1,-0.6869068230610841,-0.9594018049756698,0.018595831280321013,0.014767932489451477,-0.014287359673594352,-1.1239562416943316,2.16424305483443,-0.1460981288136981,-0.3163139404013294,False,False,True,lower,False,1.3011393638188695,0.6746584135108097,0.7,1.011731450169011,64.71859567086385,7.453749329774967e-19,1.9089363485896813,56.0276729806176,0.17021581158763127,1.2041199826559248,1.6364878963533653
DDO161,variable_core,0.01,outer_holdout,True,31,7,10,7.5,2.25,1,70.0,10.0,0.548,1.22,1.378,10.69,66.3,1,irregular_T10_11,late_T8_11,13.37,0.6,10.959016393442623,55.0,0.2561627792319553,0,-3.6067026283755936,-3.325334603968791,0.022516988673919453,0.014820359281437127,-0.054160202439098096,-3.287805725598891,14.211472885833425,-0.2977357050525072,-0.06977410289622955,False,False,False,none,False,0.4289874996421632,0.5519106242613794,0.7,1.111848579389645,71.60410352407584,2.064200658385831,2.67327291740404,36.465746067357614,-0.22796160215627764,1.0397715765872362,1.7403626894942439
DDO168,variable_core,0.01,outer_holdout,True,10,2,10,4.25,0.21,2,63.0,6.0,0.191,1.02,0.413,4.3,53.4,2,irregular_T10_11,late_T8_11,4.12,0.41,4.03921568627451,48.0,0.2305924264245383,1,7.514423252539583,7.514423252539583,0.04868881118881119,0.04868881118881119,0.14179368939664383,2.8597945598568892,8.801851977293767,0.26234388646273493,-0.5350961469214678,False,False,False,none,False,1.0486619330812332,0.4606286549095567,0.7,0.9810239622059628,56.7080284015126,2.816728626027217,1.003889905697669,33.95450524674104,0.7974400333842027,0.606297044271217,1.6812412373755872
DDO170,variable_core,0.01,outer_holdout,True,8,2,10,15.4,4.62,1,66.0,7.0,0.543,1.95,0.735,9.14,60.0,2,irregular_T10_11,late_T8_11,12.33,1.87,6.323076923076923,57.1,0.23484281944444443,1,-6.814957332766678,-6.814957332766678,0.01887191854233655,0.01887191854233655,-0.11081537548988939,-6.325564882179282,49.394424867548416,-0.4186317180246852,0.27761142820150814,False,False,True,lower,False,0.1324319574211185,0.5114804375332966,0.7,1.0397295872263357,66.34389445337492,4.220051205803572e-26,2.9638954556684296,64.78819738586992,-0.6962431462261933,0.8009284652332136,1.7566361082458481
ESO079-G014,variable_core,0.01,outer_holdout,True,15,3,4,28.7,7.17,1,79.0,5.0,51.733,5.08,3.14,17.67,175.0,1,spiral_T1_9,spiral_T1_7,16.67,0.41,3.2814960629921264,132.0,0.3315464506122449,0,-14.54621998616158,-14.714613017347801,0.012153502431887502,0.012457142857142858,-0.08210561959573634,-6.868119288923577,56.44371501749763,-0.32284906634443505,0.0773274616818912,False,False,False,none,False,0.3385559884491628,0.4701632825636448,0.7,0.91541998476723,78.7853505914746,2.318718564352392,2.6629054327142496,91.59275691891564,-0.40017652802632625,0.5160718875440862,2.12057393120585
ESO116-G012,variable_core,0.01,outer_holdout,True,15,3,7,13.0,3.9,1,74.0,3.0,4.292,1.51,1.083,9.58,109.1,1,spiral_T1_9,spiral_T1_7,9.86,0.25,6.52980132450331,102.0,0.2002782636141739,0,-3.6261113070179882,-2.9513501894220866,0.027467776217776223,0.02099099099099099,-0.03250662275474152,-1.0638092913339556,1.3251332124747364,-0.21965604465927643,0.10604430162247715,False,False,False,none,False,0.8466733922025034,0.6076273917434521,0.7,1.253077415380834,74.31092780073264,0.2478381690077954,2.814470083464138,109.77145864493484,-0.3257003462817536,0.8148999676480417,2.0086001717619175
ESO563-G021,variable_core,0.01,outer_holdout,True,30,6,4,60.8,9.1,1,83.0,3.0,311.177,5.45,24.298,55.71,314.6,1,spiral_T1_9,spiral_T1_7,42.41,0.45,7.7816513761467885,310.5,0.2624532912705312,0,-55.90403403138985,-59.88926462999609,0.03136431244070096,0.02833213141025641,-0.17642508981096142,-6.118655373591934,40.70776071537816,-0.48585315820893316,-0.037644650267524775,False,False,True,lower,False,2.933393132310816,0.2636082139657839,0.7,0.5609559621047957,82.54821049605353,1.548503977430572e-29,6.327387440345844,418.4028970510384,-0.4482085079414084,0.8910717701830672,2.492061604512599
F568-3,variable_core,0.01,outer_holdout,True,18,4,7,82.4,8.24,1,40.0,10.0,8.346,4.99,3.195,16.14,0.0,1,spiral_T1_9,spiral_T1_7,17.98,0.64,3.603206412825651,83.9,0.22469191106035866,0,-25.260260490147257,-26.395447306535907,0.10024752475247525,0.1,-0.2205731943867642,-2.2036649770806873,5.766055585054522,-0.3477153857109198,0.4517039611051207,False,False,False,none,False,0.718162864542072,0.4678728418787016,0.7,0.9865508056053588,32.81837135457928,10.009804530377542,0.9590753598696172,29.33126146356372,-0.7994193468160404,0.55668914177382,1.9237619608287002
F568-V1,variable_core,0.01,outer_holdout,True,15,3,7,80.6,8.06,1,40.0,10.0,3.825,2.85,2.491,14.38,112.3,1,spiral_T1_9,spiral_T1_7,17.63,0.39,6.185964912280701,111.0,0.1326219548980178,0,-17.838606099176857,-13.652860842144634,0.13637435245354848,0.12372881355932203,-0.15403890004527745,-1.237477450185964,2.1757849154116555,-0.3608246951480605,0.10345403735685986,False,False,True,lower,False,0.0584031548281639,0.5027669058057664,0.7,1.0014311862621188,40.58403154828164,5.545718363276367e-18,2.384559485001073,137.40714481494413,-0.46427873250492036,0.7914074522908118,2.0453229787866576
F571-8,variable_core,0.01,outer_holdout,True,13,3,5,53.3,10.7,1,85.0,5.0,10.164,3.56,1.782,24.55,139.7,1,spiral_T1_9,spiral_T1_7,15.55,0.22,4.367977528089888,105.0,0.13552480932784639,0,-22.88080521396394,-19.372191158893713,0.03097442680776014,0.02962962962962963,-0.16140740108453566,-5.032053508105816,31.87577143028081,-0.42414347113928047,0.12051983234316586,False,False,False,none,False,2.241015595398754,0.3612584881925683,0.7,0.5501150680906817,84.48231135127253,3.200535842898362,1.766401248005114,67.78140623929202,-0.5446633034824463,0.6402803953899812,2.0211892990699383
F574-1,variable_core,0.01,outer_holdout,True,14,3,7,96.8,9.68,1,65.0,10.0,6.537,4.46,3.524,16.19,97.8,1,spiral_T1_9,spiral_T1_7,12.6,0.47,2.8251121076233185,90.95,0.19377821817272864,0,-8.300012448267642,-8.520803977905686,0.047512301040951,0.04676113360323887,-0.08350370750749973,-1.7548340364362554,3.143457166485696,-0.18114159271259386,0.05967520260512282,False,False,True,lower,False,0.3043715165685804,0.5362992084816313,0.7,1.0174048000558449,67.55355290363691,2.0041661757561508e-17,2.807291148678704,112.12364478624454,-0.2408167953177167,0.4510356864054211,1.9588027033995024
F583-1,variable_core,0.01,outer_holdout,True,25,5,9,35.4,8.85,1,63.0,5.0,0.986,2.36,2.126,15.65,85.8,1,spiral_T1_9,late_T8_11,16.26,0.26,6.889830508474577,59.4,0.11657047545509146,0,-12.59089995405252,-12.647723103951535,0.11211436640099007,0.10023310023310024,-0.14820117732356733,-1.782637097960346,4.874551383898729,-0.16523286523086012,0.12231259323214916,False,False,False,none,False,0.0595968976658159,0.4936059175201691,0.7,0.985100775583546,62.89510773516014,0.8305140893489038,2.1690128825825585,67.62381614092607,-0.2875454584630093,0.8382085382879428,1.7737864449811935
F583-4,variable_core,0.01,outer_holdout,True,12,3,5,53.3,10.7,1,55.0,10.0,1.715,1.93,0.641,7.8,0.0,1,spiral_T1_9,spiral_T1_7,7.29,0.22,3.77720207253886,58.5,0.2146088087198342,0,-9.604558657281038,-9.282972646419715,0.0730345887499741,0.07291666666666667,-0.14153294235009817,-1.9601140116900073,4.287360547008794,-0.23554102672924754,0.4539368305480994,False,False,True,lower,False,0.1947221672816948,0.5199748902163812,0.7,1.033430845396042,56.94722167281695,1.0379823521643262e-25,1.655099410705199,68.10524384612,-0.689477857277347,0.5771702193102008,1.7671558660821804
IC2574,variable_core,0.01,outer_holdout,True,34,7,9,3.91,0.2,2,75.0,7.0,1.016,2.78,1.036,10.81,66.4,2,spiral_T1_9,late_T8_11,10.23,0.85,3.679856115107914,43.65,0.22640774467626615,1,-2.414604555971393,-2.4908317176351744,0.09481091888799838,0.09344262295081968,-0.03688984772255994,-0.7275696434731891,1.5219860769096445,0.5378657387562981,0.5119834771158689,False,False,True,lower,False,1.716372991378624,0.7423475908946418,0.7,1.0334256323028568,79.27645510236398,3.23669872078914e-13,6.477761590774501,79.9578130650611,0.02588226164042917,0.5658308377940839,1.6399842480415885
IC4202,variable_core,0.01,outer_holdout,True,32,7,4,100.4,10.0,1,90.0,1.0,179.749,4.78,12.326,32.13,242.6,1,spiral_T1_9,spiral_T1_7,25.9,0.77,5.418410041841003,240.5,0.4458680655702384,0,-34.22782053899309,-37.93982114832917,0.05180694210449381,0.040160642570281124,-0.14094589111362207,-4.2631090229696245,27.96033111300571,-0.43072151572130607,0.07622785046214445,True,False,False,none,False,5.999999999999999,1.456209083226721,0.1758320502056706,0.6751809732891623,90.0,5.463185327077446,0.9498909673672222,71.06494962852585,-0.5069493661834505,0.7338718674691329,2.3811150807098507
KK98-251,variable_core,0.01,outer_holdout,True,15,3,10,6.8,2.04,1,59.0,5.0,0.085,1.34,0.115,2.9,33.7,2,irregular_T10_11,late_T8_11,3.13,0.25,2.335820895522388,21.8,0.34459562836388274,1,6.042927668995809,5.550800873594071,0.05878102014396508,0.05847953216374269,0.1769100777484872,3.0214638344979043,10.75457144594631,0.737127408866111,0.11376130439344363,False,False,False,none,True,0.1345264993320205,0.497704893597432,0.7,0.9596420502003938,58.772323958303886,4.436556223328126,460.77403019210726,9994.010041999933,0.6233661044726673,0.3684395391816408,1.3384564936046048
NGC0024,variable_core,0.01,outer_holdout,True,29,6,5,7.3,0.36,2,64.0,3.0,3.889,1.34,0.676,7.29,106.3,1,spiral_T1_9,spiral_T1_7,11.27,0.21,8.410447761194028,92.4,0.23735984365446766,0,-30.829806952871802,-35.69699423441981,0.05590564020769221,0.0376583450952717,-0.2865775664226913,-9.23039934715459,132.5794819750253,-0.38337258410244607,0.012810577307638533,False,False,True,lower,False,0.0032740710187936,0.4998753663367368,0.7,1.0001559460101364,64.00982221305638,1.1320414960396466e-15,0.8534907097323272,113.15842067655711,-0.3961831614100846,0.9248191176812989,1.9656719712201067
NGC0055,variable_core,0.01,outer_holdout,True,21,5,9,2.11,0.11,2,77.0,3.0,4.628,6.11,1.565,10.24,85.6,2,spiral_T1_9,late_T8_11,13.5,1.23,2.20949263502455,82.4,0.3066324672563132,1,-3.8083612200638073,-3.7006375940399323,0.05874564875253716,0.06358381502890173,-0.04396727614968597,-0.9667549741401281,1.5396733170525185,-0.25004287783442614,0.07977277874492703,False,False,False,none,False,0.0236380673126602,0.4972859597081769,0.7,1.0001069913816276,77.00285431019071,1.9802852120754768,2.426585010399568,48.82103071071489,-0.3298156565793532,0.34429255825245186,1.9159272116971158
NGC0100,variable_core,0.01,outer_holdout,True,21,5,6,13.5,4.05,1,89.0,1.0,3.232,1.66,1.99,16.36,88.1,1,spiral_T1_9,spiral_T1_7,9.62,0.23,5.795180722891566,77.8,0.16738598530612242,0,-6.825485177232295,-6.9632548252812825,0.09508027717953627,0.08730337078651684,-0.07626507181343851,-0.8854211164752834,0.9835486453067329,-0.11871010085340379,0.3098878013373376,False,False,True,lower,False,0.1100677602481635,0.5118002214364258,0.7,1.033020328074449,89.00023088542476,2.3711007813386816e-15,2.9978524469932863,96.06723712923116,-0.4285979021907414,0.7630669839977579,1.890979596989689
NGC0247,variable_core,0.01,outer_holdout,True,26,6,7,3.7,0.19,2,74.0,3.0,7.332,3.74,1.746,12.79,104.9,2,spiral_T1_9,spiral_T1_7,14.54,1.08,3.887700534759358,88.9,0.25259502040816323,1,-7.985270155689871,-7.295951642308289,0.08116651303376161,0.08238095238095239,-0.07514320824882087,-0.9369252727528812,0.9474032768206588,-0.12481190626497506,0.13022088841754906,True,False,False,none,True,6.0,1.9905358527674863,0.7,1.1253652397692928,77.6730303781753,4.603399337212235,1763.095888426639,9998.931658080652,-0.2550327946825241,0.5896928043225388,1.9489017609702137
NGC0289,variable_core,0.01,outer_holdout,True,28,6,4,20.8,5.2,1,46.0,5.0,72.065,6.74,27.469,49.51,163.0,2,spiral_T1_9,spiral_T1_7,71.12,1.5,10.55192878338279,175.0,0.2353007261095904,1,0.7543478508748601,1.7527807664826724,0.06067258848150741,0.060236081747709655,0.005160591621794553,0.25647803452447193,0.7378305904342359,-0.40789755992043103,-0.15548364811763798,False,False,True,lower,False,1.2112030133140568,0.6608308445643118,0.7,1.2719439093262084,50.04595713432343,3.647060821916945e-20,18.6347909621515,178.80503174692888,-0.25241391180279305,1.0233318514268375,2.2430380486862944
NGC0300,variable_core,0.01,outer_holdout,True,25,5,7,2.08,0.1,2,42.0,10.0,2.922,1.75,0.936,9.2,93.3,2,spiral_T1_9,spiral_T1_7,11.8,0.91,6.742857142857143,88.2,0.14859433958186558,1,-10.717602332501485,-10.127025177657487,0.08633011744677598,0.11422413793103449,-0.11413170078943483,-2.84557699965798,13.916067789826887,-0.419099386911901,-0.1932527297188096,False,False,True,lower,False,1.232026834988232,0.645626948522732,0.7,1.0112353883914256,54.32026834988232,2.291152541424015e-22,3.0370705530800284,94.96189332746266,-0.2258466571930914,0.828843958619831,1.9454685851318196
NGC0801,variable_core,0.01,outer_holdout,True,13,3,5,80.7,8.07,1,80.0,1.0,312.57,8.72,23.201,44.99,220.1,1,spiral_T1_9,spiral_T1_7,59.82,1.17,6.860091743119265,219.0,0.44167279456721115,0,-22.327044659387354,-24.156019217922847,0.024913464866735898,0.021962616822429906,-0.10353732431991274,-5.1117275333435686,35.02467057471902,-0.33108792526674435,0.03562389938023551,False,False,True,lower,False,0.9852451423158384,0.6273277781387726,0.7,1.0394726805729737,80.02519129184539,8.181164981129479e-12,15.201586998510551,162.48210086818236,-0.3667118246469799,0.8363299237627321,2.3404441148401185
NGC0891,variable_core,0.01,outer_holdout,True,18,4,3,9.91,0.5,2,90.0,1.0,138.34,2.55,4.462,18.16,216.1,1,spiral_T1_9,spiral_T1_7,17.11,0.92,6.709803921568628,222.5,0.549237392179311,0,-6.239678937916722,-6.487948276448705,0.018868353010490106,0.020711360398860398,-0.029462292969411955,-1.521976069037787,2.4226618621913256,-0.41041557815157376,-0.2683750398256423,True,False,False,none,False,2.820799879740887,0.2611499916951187,0.6702422946729655,0.9658169148981776,89.99999999692344,0.5059194048269318,3.878690356521672,193.57569890055137,-0.14204053832593144,0.8267098291071451,2.3473300153169503
NGC1003,variable_core,0.01,outer_holdout,True,36,8,6,11.4,3.42,1,67.0,5.0,6.82,1.61,5.88,33.33,109.8,1,spiral_T1_9,spiral_T1_7,30.24,1.25,18.782608695652172,103.5,0.11659439354440493,0,-7.302210031763154,-6.973307074422131,0.020350824278704563,0.020558213716108453,-0.0650013667011142,-3.4279583691264848,12.79503418396394,0.12905065911164404,0.19848596046011582,False,False,True,lower,False,1.697391998067907,0.6788653515475713,0.7,1.509217599420372,69.7492230413747,2.1087288856697043e-25,9.75425282654558,119.30844416532749,-0.06943530134847178,1.273755910797319,2.0149403497929366
NGC1090,variable_core,0.01,outer_holdout,True,24,5,4,37.0,9.25,1,64.0,3.0,72.045,3.53,8.783,30.49,164.4,1,spiral_T1_9,spiral_T1_7,30.09,0.35,8.524079320113314,165.0,0.34270975108654694,0,-1.360701745009146,-1.492210650226184,0.013782955578277665,0.013765432098765433,-0.008419688963499402,-0.6101801547126217,0.46660587316443375,-0.1341192905114585,-0.08072253427834408,False,False,True,lower,False,1.0560546311063788,0.6376398742280942,0.7,1.1109895927562743,64.29832343913846,2.6771693779354283e-16,10.674566650142031,153.61170352533784,-0.053396756233114406,0.9306474823522579,2.2174839442139063
NGC2403,variable_core,0.01,outer_holdout,True,73,15,6,3.16,0.16,2,63.0,3.0,10.041,1.39,3.199,15.11,131.2,1,spiral_T1_9,spiral_T1_7,20.87,0.16,15.014388489208635,114.0,0.2004949237023836,0,-22.133859922077523,-24.076060465573704,0.030535903023744773,0.02875,-0.16462422181599656,-8.965620201645425,139.85871510463983,-0.4296876179811352,0.031459234772276495,False,False,True,lower,False,2.2657365277844157,0.6616908247928832,0.7,1.1147208368498438,69.01179222999639,6.475726328432468e-14,4.094964496502699,131.81416569669017,-0.4611468527534117,1.176507648811359,2.0569048513364727
NGC2683,variable_core,0.01,outer_holdout,True,11,3,3,9.81,0.49,2,80.0,5.0,80.415,2.18,1.406,13.79,154.0,2,spiral_T1_9,spiral_T1_7,34.62,2.89,15.880733944954127,172.0,0.25418338475200797,1,-23.819034642173918,-23.777140172992517,0.06882877590258492,0.06451612903225806,-0.15362682501418298,-2.2405257473377174,5.03111806073449,-0.5092811333625,-0.3177853212778884,False,False,True,lower,False,0.7040768648106631,0.5880004938302825,0.7309300125798184,1.0095523652192435,80.5607917147284,1.3415782252254468e-16,4.9868169711431705,177.5019735865041,-0.19149581208461164,1.2008705699347701,2.2355284469075487
NGC2841,variable_core,0.01,outer_holdout,True,50,10,3,14.1,1.4,3,76.0,10.0,188.121,3.64,9.775,45.12,284.8,1,spiral_T1_9,spiral_T1_7,63.64,3.44,17.483516483516482,301.0,0.18115576613796608,0,-36.356330113766106,-36.19429921266304,0.017859856670647732,0.01539065588026035,-0.12694338666920454,-6.939014537472221,53.20682499836984,-0.3808711033330518,0.16915162949146478,False,False,False,none,False,2.961448051122653,0.988814461639863,0.8962187605805443,1.1446732615184456,83.09785598754488,0.2627338752056267,12.687004027114494,257.0675901959177,-0.5500227328245166,1.242628787325488,2.4785664955938436
NGC2903,variable_core,0.01,outer_holdout,True,34,7,4,6.6,1.98,1,66.0,3.0,81.863,2.33,2.552,13.76,184.6,1,spiral_T1_9,spiral_T1_7,24.96,0.32,10.71244635193133,189.5,0.29820008400292186,0,-17.102715516050953,-14.671436252985558,0.021318938516700074,0.016853932584269662,-0.09453431200535063,-4.667582533251381,22.62180093208804,-0.4380409813540428,-0.11587509789217186,False,False,True,lower,False,0.3449335259666987,0.5170184687822779,0.7,0.8965199422099904,65.85483612045972,9.326864721474892e-15,5.112774198907748,198.85594545113608,-0.3221658834618709,1.0298886599843673,2.2776092143040914
NGC2915,variable_core,0.01,outer_holdout,True,30,6,11,4.06,0.2,2,56.0,4.0,0.641,0.55,0.508,7.16,83.5,2,irregular_T10_11,late_T8_11,10.04,0.34,18.25454545454545,81.15,0.0764037753062881,1,-13.398996352949679,-14.36909646406071,0.07493151713431906,0.07116753451488081,-0.1578440532756395,-2.2210246516503136,5.511385320184154,-0.4134407601247693,0.30752732726750026,False,False,True,lower,False,0.7331541521354525,0.4223325835283757,0.7,0.992341090808214,54.76442591333804,1.6947199051577896e-18,1.7824371928931904,107.07464902294964,-0.7209680873922696,1.2613710233147566,1.9092885241622508
NGC2955,variable_core,0.01,outer_holdout,True,24,5,3,97.9,9.8,1,56.0,7.0,319.422,18.76,28.949,40.34,0.0,1,spiral_T1_9,spiral_T1_7,35.43,0.75,1.8885927505330489,255.5,0.5584935718233018,0,5.025092215083606,2.948039454332104,0.05344261392480596,0.05354330708661417,0.019479815281151103,0.3359876771683383,0.2202153524183045,-0.4119701676418838,-0.3268030260283482,False,False,False,none,False,1.93788944807179,0.3200229023005924,0.9477782042632502,0.9723128704655236,52.47022173756295,3.964428174814712,3.813025058057552,106.14914095969482,-0.08516714161353561,0.2761383182901315,2.4073909044707316
NGC2976,variable_core,0.01,outer_holdout,True,27,6,5,3.58,0.18,2,61.0,10.0,3.371,1.01,0.172,3.04,85.4,2,spiral_T1_9,spiral_T1_7,2.27,0.11,2.2475247524752477,49.2,0.5898784583113941,1,2.3280148199289408,1.8592515125242741,0.05294922752827507,0.05256260291542557,0.028116046406372053,0.5158996398686466,0.3692232492334857,0.35229703069650947,0.297763937630636,False,False,False,none,False,0.191699722089412,0.4784097611551985,0.7,0.99822062155241,59.55870173105176,2.488070371388081,0.7718374503595712,49.52763002067206,0.05453309306587345,0.35170448341048016,1.6919651027673603
NGC2998,variable_core,0.01,outer_holdout,True,13,3,5,68.1,10.2,1,58.0,2.0,150.902,6.2,23.451,43.58,209.9,1,spiral_T1_9,spiral_T1_7,42.28,0.33,6.819354838709677,206.0,0.34193970772994775,0,4.574405638801683,3.7632854033117553,0.012750834508969527,0.014084507042253521,0.02205797435393581,1.7338732908956587,3.505784798025457,-0.10675994248785883,-0.1747503217706838,False,False,False,none,False,1.8475665046943817,0.7651148915821798,0.7,1.1549758819754392,58.67793082424839,2.838303665881983,8.870222263559953,90.79098463085676,0.06799037928282498,0.8337432891371348,2.3138672203691533
NGC3109,variable_core,0.01,outer_holdout,True,25,5,9,1.33,0.07,2,70.0,5.0,0.194,1.56,0.477,6.0,66.2,1,spiral_T1_9,late_T8_11,6.45,0.26,4.134615384615385,50.6,0.10808169534354384,0,-3.276532206934694,-3.2198329898324047,0.04745520936839689,0.048048048048048055,-0.04938705138184579,-1.0433901327244668,1.1383292959498745,0.07857363495203194,0.18895598992328522,False,False,True,lower,False,0.0975880639513611,0.5113624225303708,0.7,0.9994923931406214,69.94164083386947,3.1726196587576383e-18,2.4844631496624654,76.86135462443893,-0.11038235497125327,0.6164351162808062,1.7041505168397992
NGC3198,variable_core,0.01,outer_holdout,True,43,9,5,13.8,1.4,3,73.0,3.0,38.279,3.14,10.869,35.66,150.1,1,spiral_T1_9,spiral_T1_7,44.08,0.32,14.038216560509554,146.0,0.23196221382998686,0,-15.395774763498196,-15.703976312336891,0.01497055479639963,0.013513513513513514,-0.10341892600654731,-6.757431342415628,55.195695811376325,-0.35913673662048035,0.0458946547723965,False,False,True,lower,False,1.756108028604523,0.7491707403312154,0.7,1.0750981665663892,73.71974542091161,1.5299450772925405e-15,8.329707083368676,156.5485987113808,-0.40503139139287686,1.1473119377705137,2.164352855784437
NGC3521,variable_core,0.01,outer_holdout,True,41,9,4,7.7,2.3,1,75.0,5.0,84.836,2.4,4.154,18.85,213.7,1,spiral_T1_9,spiral_T1_7,17.74,0.51,7.391666666666667,213.0,0.6675563224126786,0,-13.3787854874764,-13.040710292595634,0.0728212436399789,0.05194174757281553,-0.06352238562277762,-1.131311540246589,2.1307370913736765,0.0008746841640356454,-0.03420928318373165,False,False,False,none,True,0.3731692323988261,0.5370443971699423,0.7,1.1114661343528962,75.31750094103295,4.500739721401871,601.9264072299835,9962.399828195928,0.035083967347767295,0.8687423737841016,2.3283796034387376
NGC3726,variable_core,0.01,outer_holdout,True,12,3,5,18.0,2.5,4,53.0,2.0,70.234,3.4,6.473,22.2,168.0,2,spiral_T1_9,spiral_T1_7,32.52,3.5,9.564705882352943,159.0,0.26180609751099576,1,-20.272480113854954,-21.28337568011372,0.07227836521940621,0.0630952380952381,-0.12067528415599316,-1.7077337794119078,2.974860197120216,-0.1821509157321601,-0.033377004854594064,False,False,True,lower,False,0.7608005512229294,0.5957308071756464,0.7,1.0318085454782535,53.17786053356537,2.7821371961514073e-24,12.274630756401727,150.24581254253354,-0.14877391087756603,0.9806716198797755,2.2013971243204513
NGC3741,variable_core,0.01,outer_holdout,True,21,5,10,3.21,0.17,2,70.0,4.0,0.028,0.2,0.182,4.2,50.1,1,irregular_T10_11,late_T8_11,7.0,0.23,35.0,36.5,0.08112721999999999,0,-7.242752934590898,-7.223077154711504,0.05102019830312372,0.047808764940239036,-0.14388545706389394,-2.783846887903901,8.009853846496904,-0.24805228618114541,0.16350615604685195,False,False,True,lower,False,2.296499028225337,0.848437600715081,0.7,1.0342790609690922,72.2587435927539,8.033331328653619e-19,1.773438531496114,54.374507670290456,-0.41155844222799737,1.5440680443502757,1.5622928644564746
NGC3769,variable_core,0.01,outer_holdout,True,12,3,3,18.0,2.5,4,70.0,2.0,18.679,3.38,5.529,22.57,118.6,2,spiral_T1_9,spiral_T1_7,37.16,1.74,10.994082840236686,118.0,0.16445895862183707,1,-37.72580141918678,-38.25826182052624,0.08845115595459896,0.08813559322033898,-0.32157065568209753,-3.6404373153838114,13.269464092008972,-0.4905615096952298,-0.4366358833199427,False,False,False,none,False,0.4784447579040364,0.4478427300042158,0.7,0.9604842650245116,69.89946313322328,0.2497117164983074,3.903356246389508,122.15551659985346,-0.05392562637528714,1.0411590050439494,2.0718820073061255
NGC3877,variable_core,0.01,outer_holdout,True,13,3,5,18.0,2.5,4,76.0,1.0,72.535,2.53,1.483,11.47,168.4,2,spiral_T1_9,spiral_T1_7,11.35,0.87,4.486166007905139,162.0,0.7102281327684605,1,-12.056459557785947,-12.246911736060525,0.034534833622711696,0.033529411764705884,-0.07102146403637048,-2.0114499160241226,4.152602056579305,-0.4016596269671025,-0.07022386982657271,False,False,False,none,False,1.6883229379335212,0.3389516173514582,0.7,0.8303648040826941,75.93614674328171,0.510988345071806,2.0559310118641934,147.12295034556485,-0.3314357571405298,0.6518753403533236,2.2095150145426308
NGC3893,variable_core,0.01,outer_holdout,True,10,2,5,18.0,2.5,4,49.0,2.0,58.525,2.38,5.799,20.84,174.0,1,spiral_T1_9,spiral_T1_7,19.05,1.74,8.004201680672269,182.5,0.3342177117214111,0,-9.635138096298292,-9.635138096298292,0.07365779804028307,0.07365779804028307,-0.056020562442477335,-0.7760474989207415,0.6275167270211841,-0.40981362754105627,-0.5447266059346096,False,False,True,lower,False,0.0603097773282546,0.5069918547326093,0.7,0.9950713692634328,48.96910912587979,3.9872653107652756e-17,4.333025734177195,186.75463700980947,0.13491297839355337,0.9033180229551262,2.2612628687924934
NGC3917,variable_core,0.01,outer_holdout,True,17,4,6,18.0,2.5,4,79.0,2.0,21.966,2.63,1.888,14.08,135.9,1,spiral_T1_9,spiral_T1_7,14.86,0.87,5.650190114068441,134.0,0.31395441152965,0,-10.78193030242895,-11.047210510077726,0.03825505130646356,0.03636411721146726,-0.07852850663961283,-2.0102486087842193,4.194556242895712,-0.40779311451882777,0.011079832934552987,False,False,True,lower,False,0.7283068657738979,0.42280422430067,0.7,0.9459028417316704,78.92751708377418,3.173686387402074e-17,3.496355687846445,150.00873889116022,-0.4188729474533808,0.7520630609347986,2.1271047983648077
NGC3953,variable_core,0.01,outer_holdout,True,8,2,4,18.0,2.5,4,62.0,1.0,141.301,4.89,2.832,17.38,220.8,1,spiral_T1_9,spiral_T1_7,15.68,3.5,3.206543967280164,219.5,0.5688839644451532,0,-13.842150522705921,-13.842150522705921,0.03617421096345515,0.03617421096345515,-0.06322487894664842,-1.8037812573047372,3.3049344625290473,-0.49268090747707177,-0.34863769161990155,False,False,True,lower,False,0.2377039734442304,0.5281294694829931,0.7,1.0217699123957913,62.02138277680952,5.623130104684553e-17,3.10167837395857,176.40498462201649,-0.14404321585717023,0.5060371992247994,2.34143452457814
NGC3972,variable_core,0.01,outer_holdout,True,10,2,4,18.0,2.5,4,77.0,1.0,14.353,2.18,1.214,10.05,132.7,1,spiral_T1_9,spiral_T1_7,8.72,0.87,4.0,113.0,0.3368280611870436,0,-14.441914956002648,-14.441914956002648,0.041044776119402986,0.041044776119402986,-0.10777548474628842,-2.6983380458243924,7.723129741032505,-0.32439050526997565,0.0,False,False,True,lower,False,0.0723840443723765,0.5071120302311395,0.7,1.0100533394961635,77.00424093082482,6.433213358169856e-15,2.4464076555727097,125.89332176966074,-0.32439050526997565,0.6020599913279624,2.0530784434834195
NGC3992,variable_core,0.01,outer_holdout,True,9,2,4,23.7,2.3,5,56.0,2.0,226.932,4.96,16.599,32.75,241.0,1,spiral_T1_9,spiral_T1_7,46.02,9.19,9.278225806451614,248.0,0.2588026617999001,0,-3.101216506322814,-3.101216506322814,0.0310065304550309,0.0310065304550309,-0.012980491164602233,-0.4279711336145697,0.18616323386997774,-0.1704903458809263,-0.15965729576112495,False,False,True,lower,False,2.8363006386589587,0.9607271593623856,0.7,1.1054293323102935,57.117053313997374,1.3318829541785625e-12,21.624893235661776,218.72460359001192,-0.010833050119801346,0.9674649378424272,2.3944516808262164
NGC4010,variable_core,0.01,outer_holdout,True,12,3,7,18.0,2.5,4,89.0,1.0,17.193,2.81,2.832,17.59,125.8,2,spiral_T1_9,spiral_T1_7,10.47,0.87,3.725978647686833,109.5,0.36410069459969785,1,18.56401326967773,19.23185331313951,0.03775124189592641,0.04015748031496063,0.15009722678226697,4.1452834553888955,20.221170418516426,0.33727786373028495,-0.22013486578216399,False,False,False,none,False,0.0704576583656996,0.4919537081984804,0.7,0.9921627977368842,88.99975411802055,2.526033966281225,3.278747853912084,87.12533390220666,0.5574127295124489,0.5712403617737625,2.0394141191761372
NGC4013,variable_core,0.01,outer_holdout,True,36,8,3,18.0,2.5,4,89.0,1.0,79.094,3.53,2.967,31.35,172.9,2,spiral_T1_9,spiral_T1_7,31.01,5.49,8.784702549575071,178.0,0.24156643395061728,1,-3.5774840897483706,-5.213380795714755,0.034634033776238124,0.02841275991217874,-0.019777705284554928,-0.6811471691569706,0.7602545675713448,0.01480601660300289,-0.23499055372971203,False,False,True,lower,False,0.7120774259757534,0.5829795762942721,0.8063905598315761,1.0988996424966324,89.00342082800508,4.0390509102124164e-15,14.118820197530368,193.65487707559492,0.24979657033271493,0.9437270608495039,2.250420002308894
NGC4088,variable_core,0.01,outer_holdout,True,12,3,4,18.0,2.5,4,69.0,2.0,107.286,2.58,8.226,22.25,171.7,1,spiral_T1_9,spiral_T1_7,21.48,1.74,8.325581395348838,171.0,0.6009229994319083,0,-6.061232017113345,-6.954674889853209,0.042636650839917634,0.04367816091954023,-0.03499100579399203,-0.7504592255589513,1.050660497936842,-0.10814081880096627,0.25250065109124226,False,False,True,lower,False,0.4543993942233413,0.4503291551554034,0.7,0.9591947418395894,68.89062799198429,2.773787928310938e-13,10.842627911067211,157.80698699065314,-0.3606414698922085,0.9204145710642879,2.2329961103921536
NGC4100,variable_core,0.01,outer_holdout,True,24,5,4,18.0,2.5,4,73.0,2.0,59.394,2.15,3.102,18.06,158.2,1,spiral_T1_9,spiral_T1_7,22.76,2.61,10.586046511627908,178.5,0.3063761352878611,0,3.4221513576522966,2.871847824291507,0.04716376273136208,0.04810126582278481,0.021616074357121078,0.49325779190326474,0.5109051566388365,-0.39794216894804574,-0.29341108472731686,False,False,True,lower,False,1.4590128719104651,0.699634620011624,0.7,1.106431185351242,73.25642851068586,1.3369402696353166e-19,6.391549847524745,164.6415362999498,-0.10453108422072888,1.0247337978074282,2.251638220448212
NGC4157,variable_core,0.01,outer_holdout,True,17,4,3,18.0,2.5,4,82.0,3.0,105.62,2.32,8.226,24.09,184.7,1,spiral_T1_9,spiral_T1_7,29.61,1.74,12.76293103448276,185.0,0.3445311366921031,0,-3.656595092451404,-3.3494447467436856,0.06441040268880381,0.06740191804707935,-0.0197396717539178,-0.30713957180726936,0.09793698364743725,-0.09784263066264741,-0.04222334061252832,False,False,True,lower,False,0.3644100883940682,0.542564470767915,0.6436607562604995,0.9975497574159669,81.99440058863397,1.5740324777384504e-15,12.3729572175999,191.95707419569013,-0.05561929005011909,1.1059504224983996,2.2671717284030137
NGC4183,variable_core,0.01,outer_holdout,True,23,5,6,18.0,2.5,4,82.0,2.0,10.838,2.79,3.506,16.07,110.6,1,spiral_T1_9,spiral_T1_7,21.02,0.87,7.534050179211469,109.0,0.24187166578330843,0,-17.861369071019457,-16.989513910537482,0.06610454824869862,0.04818181818181818,-0.16071524267956677,-2.560265385327161,6.722086058725159,-0.45410173977369866,0.1492705288542871,False,False,True,lower,False,1.1885865765592658,0.6573984291339873,0.7,1.1026231918457563,82.11345626885559,3.91361358847106e-25,3.464082977748184,116.82560919755538,-0.6033722686279858,0.8770285084186259,2.037426497940624
NGC4217,variable_core,0.01,outer_holdout,True,19,4,3,18.0,2.5,4,86.0,2.0,85.299,2.94,2.562,16.7,181.3,1,spiral_T1_9,spiral_T1_7,16.72,0.87,5.687074829931973,179.0,0.5874801832027714,0,-4.424125703393095,-3.72596362084532,0.048737355871205874,0.04463276836158192,-0.024913857070097023,-0.4407321395181184,0.30665858015239394,-0.35763501235621903,-0.029234965599599035,False,False,True,lower,False,3.153954596323934,0.486118000255494,0.3661392131762356,0.5619507505105648,85.8713841291973,2.108370931726777e-17,4.103674763841614,214.6751219297354,-0.32840004675662,0.7548889426908403,2.2528530309798933
NGC4559,variable_core,0.01,outer_holdout,True,32,7,6,9.0,2.7,1,67.0,1.0,19.377,2.1,5.811,21.16,121.2,1,spiral_T1_9,spiral_T1_7,20.97,0.67,9.985714285714284,119.5,0.33695148481590975,0,-0.44623818820572786,-0.8991724830598002,0.049406482452475205,0.0495,-0.0037434476560566574,-0.07029978417332916,0.046254746399794655,-0.252101299188526,-0.12598735944065334,False,False,False,none,False,0.5875316732892457,0.5631337265908641,0.7,1.1762595019867736,67.03407649709129,5.90609307232261,2.4456301553110174,38.0775390266651,-0.12611393974787263,0.9993791357314245,2.0773679052841563
NGC5005,variable_core,0.01,outer_holdout,True,18,4,4,16.9,1.5,5,68.0,2.0,178.72,9.45,1.28,10.41,262.2,1,spiral_T1_9,spiral_T1_7,11.47,0.49,1.2137566137566138,260.0,0.682692169642958,0,-11.624781829988308,-10.273098388845497,0.08327008290451686,0.08317610062893081,-0.043940522474433044,-0.5286976866050593,0.3790382056380545,-0.2977093523791522,-0.0007545953232283547,False,False,True,lower,False,0.7522317037952805,0.4989614858118847,0.5886740202094183,0.9700625729516892,67.7898392450581,4.404613991231601e-12,3.4391492230783416,192.4724240756187,-0.29695475705592383,0.08413160939200474,2.4149733479708178
NGC5033,variable_core,0.01,outer_holdout,True,22,5,5,15.7,4.7,1,66.0,1.0,110.509,5.16,11.314,29.53,194.2,1,spiral_T1_9,spiral_T1_7,44.59,0.76,8.641472868217054,217.5,0.2624681385547809,0,-9.008676018428456,-8.110360565909929,0.01860092170323266,0.015706806282722512,-0.04626498791478443,-2.1851504928477614,8.504505632753814,-0.46424646976788403,0.09805843611030518,False,False,True,lower,False,1.838101547082417,0.7115047702076138,0.4584456806765351,1.0214359814800456,66.00379796654533,1.99565179414193e-16,8.945791898062335,227.2657506865413,-0.5623049058781893,0.9365877707223959,2.337459261290656
NGC5055,variable_core,0.01,outer_holdout,True,28,6,4,9.9,0.3,2,55.0,6.0,152.922,3.2,11.722,35.06,179.0,1,spiral_T1_9,spiral_T1_7,54.59,0.72,17.059375,189.0,0.30148861265080507,0,-23.70144137599296,-25.042885111724686,0.01716863385429396,0.0180933346176074,-0.13413526982717397,-13.845328690288708,386.90583155468147,-0.44357874567913,-0.144776164959038,False,False,True,lower,False,0.2591999857564598,0.471031559034604,0.7,0.9994456908706536,54.45836103688867,5.0389489949779244e-17,9.380054243554737,193.31661892910057,-0.298802580720092,1.2319631159860553,2.2764618041732443
NGC5371,variable_core,0.01,outer_holdout,True,19,4,4,39.7,9.92,1,53.0,2.0,340.393,7.44,11.18,30.03,209.5,1,spiral_T1_9,spiral_T1_7,46.24,1.45,6.21505376344086,215.0,0.5646984860392011,0,-38.27801435547702,-37.74263884852569,0.021465552698430517,0.019277220364176888,-0.18257165278272788,-8.467723588989589,73.75420518567631,-0.6436981248307937,0.08569283345257585,False,False,True,lower,False,2.7092408978373608,0.3628341078793689,0.7,1.676969010240469,54.79145505481806,1.3514134064245527e-16,1.1368650545556878,146.75564322096832,-0.7293909582833695,0.7934448898665939,2.3324384599156054
NGC5585,variable_core,0.01,outer_holdout,True,24,5,7,7.06,2.12,1,51.0,2.0,2.943,1.53,1.683,10.92,90.3,1,spiral_T1_9,spiral_T1_7,10.96,0.09,7.163398692810458,68.69999999999999,0.21595699061500612,0,-3.693823733101817,-3.5001267050679843,0.02297771622003794,0.028384279475982536,-0.040844379672184905,-2.0425840770615395,5.069891307187316,-0.2565030918333088,-0.10711950055662457,False,False,False,none,False,0.4952531470087533,0.5603963772024683,0.7,1.135044028016886,51.19089603849687,1.7342482040323026,2.0298348165683824,56.78675212381172,-0.14938359127668427,0.8551191233307516,1.8369567370595503
NGC5907,variable_core,0.01,outer_holdout,True,19,4,5,17.3,0.9,2,88.0,2.0,175.425,5.34,21.025,0.0,215.0,1,spiral_T1_9,spiral_T1_7,50.33,5.03,9.425093632958802,218.0,0.2854637785065158,0,-5.535881263385129,-4.882200661812149,0.018562084474167052,0.01849748151323545,-0.025667934377208913,-1.4148457011375442,2.052628710955293,-0.07717885957652461,-0.03352140655260635,False,False,True,lower,False,2.801760663040908,0.9531166814586056,0.7,1.030762541736869,88.05554770604259,4.332555652329666e-13,23.03606169361057,202.98944403434015,-0.043657453023918255,0.9742856733685831,2.3384564936046046
NGC5985,variable_core,0.01,outer_holdout,True,33,7,3,39.7,9.9,1,60.0,2.0,208.728,7.01,11.586,39.5,293.6,1,spiral_T1_9,spiral_T1_7,34.72,3.54,4.9529243937232525,291.0,0.27124533215296626,0,-29.242813126340447,-29.22249786041789,0.015411381725668787,0.013888888888888888,-0.10047178724246852,-6.8556035726122335,53.01701411676072,-0.29735601554716984,-0.08412195059213617,False,False,True,upper,False,2.53038255995352,0.8618825911701835,0.727496258137073,1.6310022000891649,61.26686299936701,999.9999991493872,0.0850826569186073,5.490915240485465,-0.21323406495503366,0.6948616985377957,2.4638929889859074
NGC6015,variable_core,0.01,outer_holdout,True,44,9,6,17.0,5.1,1,60.0,2.0,32.129,2.3,5.834,21.43,154.1,2,spiral_T1_9,spiral_T1_7,29.23,0.34,12.708695652173914,152.0,0.20998834752909432,1,36.666598497092245,38.342826227862474,0.04146721340430485,0.048734177215189876,0.23874127454606628,7.452275298807523,77.70260668974875,0.6152667599237964,-0.06792319889703084,False,False,True,upper,True,2.033569289304564,0.7985956371845611,0.7,1.36181142494726,60.43365796976059,1000.0,60.722464094279104,673.266442487528,0.6831899588208272,1.1041009793398435,2.1818435879447726
NGC6195,variable_core,0.01,outer_holdout,True,23,5,3,127.8,12.8,1,62.0,5.0,391.076,13.94,20.907,40.89,251.7,1,spiral_T1_9,spiral_T1_7,36.43,1.33,2.6133428981348636,247.0,0.688132100245497,0,-33.19484720270923,-39.86118019537017,0.025991982644278246,0.02562992125984252,-0.1330719287053574,-5.703141577466729,46.62538240114257,-0.5017487500744063,-0.09072741928316383,False,False,False,none,False,2.196820680174448,0.7559764816419513,0.4221006024383828,1.0047027048794552,62.21655285446289,939.5758897134984,0.0339646931024676,4.878956871530432,-0.4110213307912425,0.41719639747992526,2.392696953259666
NGC6503,variable_core,0.01,outer_holdout,True,31,7,6,6.26,0.31,2,74.0,2.0,12.845,2.16,1.744,14.05,116.3,1,spiral_T1_9,spiral_T1_7,23.5,0.76,10.87962962962963,116.0,0.16276716824196596,0,-11.335961623664963,-12.151526396100124,0.030951740900290264,0.017543859649122806,-0.09805770259436254,-3.8731021729876107,16.70345750299021,-0.4028769384158812,0.08749212671408452,False,False,True,lower,False,1.3227165280459894,0.6780186767539651,0.7,1.014470648656413,74.23594846656358,3.3542280142073753e-16,5.225733713278321,129.853775591865,-0.4903690651299657,1.0366141111208054,2.0644579892269186
NGC6674,variable_core,0.01,outer_holdout,True,15,3,3,51.2,10.2,1,54.0,6.0,214.654,6.04,32.165,50.02,241.3,1,spiral_T1_9,spiral_T1_7,72.41,2.5,11.988410596026489,242.0,0.17472055687751997,0,0.07840362507731886,1.4956896776660926,0.015106721315147037,0.01652892561983471,0.0004126707913843144,-0.355378047465392,1.4504758797493194,0.07412975813201618,-0.11214680030163289,False,False,True,lower,False,2.469121077547753,0.8828402236109555,0.7167421256121932,1.3459894657526887,61.87990085300743,9.962177552203427e-12,44.59637365512618,283.0112701243327,0.18627655843364907,1.0787616088594338,2.383815365980431
NGC6946,variable_core,0.01,outer_holdout,True,58,12,6,5.52,1.66,2,38.0,2.0,66.173,2.44,5.67,21.25,158.9,1,spiral_T1_9,spiral_T1_7,20.4,0.19,8.360655737704917,167.0,0.43226802557093225,0,-0.8816683638806708,-1.6600083723440946,0.08478307454980534,0.07211084905660378,-0.0055676882634453605,-0.030149622457343567,0.04641614624982821,-0.2809169775076102,-0.07445151873374613,False,False,True,lower,False,0.9137107355211108,0.61618659398478,0.5671879119247115,0.9832384089965246,37.96738152648027,4.3886704341722e-14,6.646722996962035,148.6717938042948,-0.20646545877386407,0.9222403410871692,2.2227164711475833
NGC7331,variable_core,0.01,outer_holdout,True,36,8,3,14.7,1.5,3,75.0,2.0,250.631,5.02,11.067,27.01,239.0,1,spiral_T1_9,spiral_T1_7,36.31,2.67,7.2330677290836665,239.0,0.3937968770300031,0,-14.832057456018394,-14.244899836367921,0.022020465319814067,0.02100877425277616,-0.06216767644073452,-2.8253948263673827,8.148595850323193,-0.29047824415199025,-0.002606098546270516,False,False,True,lower,False,0.9578744025473876,0.4776946461570357,0.5614493711753628,0.9101608037598412,74.70003713084053,3.838166780781111e-15,10.984540508650346,234.00914166830407,-0.2878721456057197,0.8593225317678731,2.3783979009481375
NGC7793,variable_core,0.01,outer_holdout,True,46,10,7,3.61,0.18,2,47.0,9.0,7.05,1.21,0.861,7.35,0.0,1,spiral_T1_9,spiral_T1_7,7.87,0.11,6.5041322314049586,76.2,0.38746126497272737,0,17.084059387627754,13.033094547737598,0.07921300152144832,0.06780083468583353,0.17746140778881253,2.78102567277028,22.882357236290524,0.4297910725163276,-0.3345021181935579,False,False,False,none,True,0.8899143480385457,0.6131153449431683,0.7,1.009962046997335,55.00922913234691,5.61081742010066,351.64675870791467,9997.74022570786,0.7642931907098856,0.8131893620426145,1.8819549713396004
NGC7814,variable_core,0.01,outer_holdout,True,18,4,2,14.4,0.66,2,90.0,1.0,74.529,2.54,1.07,12.15,218.9,1,spiral_T1_9,spiral_T1_7,19.53,0.63,7.6889763779527565,221.0,0.2876487837365709,0,-18.72750114206376,-18.86274298494658,0.022406542056074768,0.022546728971962617,-0.0875116875797372,-3.8861473548808503,16.225938611807123,-0.39329194716294974,-2.836781442904321e-15,True,False,True,lower,False,0.7132000823683565,0.5892370038835538,0.6636634088456268,1.0040096803634215,89.99999999999902,4.327903257181628e-18,4.749420427645995,221.98290592808544,-0.3932919471629469,0.8858685266679164,2.3443922736851106
UGC00128,variable_core,0.01,outer_holdout,True,22,5,8,64.5,9.7,1,57.0,10.0,12.02,5.95,7.431,31.27,129.3,1,spiral_T1_9,late_T8_11,53.75,1.25,9.033613445378151,127.5,0.12419543667642524,0,-8.104506840775176,-6.716419839741519,0.026899571487173014,0.02062015503875969,-0.06196397785627653,-2.7426024806777893,8.811815736194717,-0.30069369636928944,-0.23843011923731472,False,False,False,none,False,5.397613844631145,1.7327319712852236,0.7,1.491934444193518,79.00553182607517,1.0550106504642525,14.68551963839998,80.8979676070546,-0.06226357713197472,0.9558615028590933,2.1055101847699738
UGC00191,variable_core,0.01,outer_holdout,True,9,2,9,17.1,5.1,1,45.0,5.0,2.004,1.58,1.343,10.03,0.0,1,spiral_T1_9,late_T8_11,9.98,0.62,6.3164556962025316,57.6,0.24472710607981227,0,-14.601038297387298,-14.601038297387298,0.010090439276485789,0.010090439276485789,-0.17619195434531182,-17.110139507963954,295.10407447525506,-0.33935120225904797,0.11827631091123418,False,False,True,lower,False,0.3354484577378118,0.5323451814440117,0.7,1.1000460312551368,46.041173445599,3.733437430594771e-18,1.4062660237086104,87.80610188827868,-0.45762751317028216,0.8004734543329485,1.760422483423212
UGC00731,variable_core,0.01,outer_holdout,True,12,3,10,12.5,3.75,1,57.0,3.0,0.323,2.3,1.807,11.57,73.3,1,irregular_T10_11,late_T8_11,10.91,0.91,4.743478260869566,66.35,0.24415296599595537,0,-6.347818699322967,-5.938432348059564,0.04271781154401042,0.04363143631436315,-0.08590102971156151,-2.0009695406315173,4.0389848841128435,-0.20059476615173114,-0.007742019480537522,False,False,True,lower,False,1.852971265981873,0.5362454685445178,0.7,1.555891379794562,58.82653209099276,2.7126501414709172e-17,1.8482596124541024,78.76474526726686,-0.19285274667119362,0.676096914570749,1.8218409272004543
UGC01281,variable_core,0.01,outer_holdout,True,25,5,8,5.27,0.24,2,90.0,1.0,0.353,1.63,0.294,5.26,55.2,1,spiral_T1_9,late_T8_11,4.99,0.08,3.0613496932515343,37.4,0.17792381466511326,0,-21.144759701009356,-21.8845516625939,0.07193969343836151,0.0718132854578097,-0.379957922785977,-5.286189925252339,28.016572022105727,-0.0021849088471100975,0.13738014082329086,True,False,True,lower,False,5.999999999999999,1.990535852767486,0.7,1.1239456820687233,89.99999922780985,9.717310719222192e-13,0.0490880033455866,8.586878825597735,-0.13956504967040095,0.4859129412194322,1.57287160220048
UGC02259,variable_core,0.01,outer_holdout,True,8,2,8,10.5,3.1,1,41.0,3.0,1.725,1.62,0.494,7.28,86.2,2,spiral_T1_9,late_T8_11,8.14,1.02,5.0246913580246915,83.25,0.1748218135692565,1,-12.733539737729423,-12.733539737729423,0.029690449226123065,0.029690449226123065,-0.14251275720862322,-4.732503517588798,22.69879235339416,-0.4472378149776067,0.14394410097171248,False,False,True,lower,False,1.3518670137256996,0.5857402794500006,0.7,1.3991226421475875,43.147206830932376,1.1754583881017072e-25,1.5489390343781309,94.559908841764,-0.5911819159493191,0.7011093903465703,1.9203842421783575
UGC02487,variable_core,0.01,outer_holdout,True,17,4,0,69.1,10.4,1,36.0,5.0,489.955,7.89,17.963,40.2,332.0,1,S0_T0,S0_T0,80.38,9.93,10.187579214195184,364.0,0.18538000679943453,0,-29.475050320881778,-29.593017609863693,0.025922822879308395,0.025529207740051116,-0.08887487332171398,-4.570884554365332,24.074722478164478,-0.4581670427144654,0.06107524558125139,False,False,True,lower,False,1.658887632203024,0.6117222270553169,0.8273270856315877,1.1782810958695131,44.29443816101512,1.572635949110943e-15,17.492735336057546,334.85298363813104,-0.5192422882957168,1.0080709986465957,2.561101383649056
UGC02885,variable_core,0.01,outer_holdout,True,19,4,5,80.6,8.06,1,64.0,4.0,403.525,11.4,40.075,74.24,289.5,1,spiral_T1_9,spiral_T1_7,74.07,1.7,6.497368421052631,287.0,0.2637727538173956,0,-16.326081112585115,-16.22257987084484,0.03355704697986577,0.03355704697986577,-0.054785507089211795,-1.6326081112585116,2.8312348816587547,-0.2237952267650792,3.0139548966282777e-13,False,False,True,lower,False,1.2094743315544854,0.650665066149411,0.924795000308818,1.0920865582696615,66.44824243342892,6.478732905986041e-28,22.523397390741668,290.5406858524983,-0.2237952267653806,0.812737493315122,2.4578818967339924
UGC02916,variable_core,0.01,outer_holdout,True,43,9,2,65.4,9.8,1,50.0,5.0,124.153,6.15,23.273,34.24,182.7,2,spiral_T1_9,spiral_T1_7,38.0,0.37,6.178861788617886,211.0,0.5284761147867493,1,1.2045445734163802,1.2981799548157937,0.05988960032953997,0.0613953488372093,0.005055873123184762,0.09923666278200387,0.31168146019894444,-0.23308471155396807,-0.1656396806308216,True,False,True,lower,False,5.999999999999999,1.990535852767486,0.1827320179617873,1.185133476929311,55.795901581854736,3.2878934037712934e-11,0.3556540252403964,239.38726004443544,-0.06744503092314647,0.7909084808413934,2.3242824552976926
UGC02953,variable_core,0.01,outer_holdout,True,115,23,2,16.5,4.95,1,50.0,4.0,259.518,3.55,7.678,24.0,264.9,2,spiral_T1_9,spiral_T1_7,62.39,0.09,17.574647887323945,266.0,0.25860770708437164,1,-37.25481419983331,-35.67978957872353,0.01557906579032904,0.01698473282442748,-0.14137727261449926,-9.25679317470827,104.95836330397808,-0.4956534446842588,-0.009542616140953985,False,False,False,none,False,1.561692489818383,0.7163730731257332,0.5737137107496249,1.134041303439031,50.77021458471275,4.327829317271185,4.966158595220332,94.7758416005075,-0.48611082854330484,1.2448866325752692,2.424881636631067
UGC03205,variable_core,0.01,outer_holdout,True,48,10,2,50.0,10.0,1,67.0,4.0,113.642,3.19,9.677,28.6,219.6,1,spiral_T1_9,spiral_T1_7,40.04,0.28,12.551724137931034,221.0,0.3771670627882776,0,28.813631326713608,22.465193188263783,0.016410173201681595,0.011617326901733118,0.13400506302417423,10.401957884336085,181.04433945277862,0.35778871966522946,-0.02297249593157377,False,False,False,none,True,1.608964215607826,0.6768692707573201,0.8783579031158952,1.3217928431215653,69.25004002218067,999.580156726008,56.75558340636482,681.1540514210363,0.3807612155968032,1.0987033857500998,2.3443922736851106
UGC03546,variable_core,0.01,outer_holdout,True,30,6,1,28.7,7.2,1,55.0,5.0,101.336,3.79,2.675,18.37,196.9,1,spiral_T1_9,spiral_T1_7,29.23,0.63,7.712401055408971,204.5,0.4117708455180804,0,-11.407532385713983,-8.041397354700038,0.04008487361184549,0.024435032894736843,-0.05942687920818007,-1.3755456693199752,3.0123829920102776,-0.4040605060810905,-0.027003298710474716,False,False,True,lower,False,1.128476420327956,0.6079399294752547,0.5398217738849459,0.9258449131306864,54.31633660502082,1.955339045933986e-13,6.5485361536199855,193.7347787719011,-0.37705720737061577,0.8871896053893641,2.3106933123433606
UGC03580,variable_core,0.01,outer_holdout,True,47,10,1,20.7,5.2,1,63.0,4.0,13.266,2.43,4.37,19.97,126.2,2,spiral_T1_9,spiral_T1_7,27.06,0.11,11.1358024691358,91.4,0.3161361252057884,1,-19.165030887161066,-19.72984160903038,0.013175037650649712,0.012943928571428572,-0.15245521603307005,-10.845253310652101,171.89536449631362,-0.2911158510293306,0.16483988132735075,False,False,True,lower,False,3.7223582578414662,0.9604060461088968,0.2970723380233846,0.6446064935916989,61.91823715469548,5.200411835441454e-23,4.750179550365604,122.74470918877051,-0.4559557323566813,1.0467215186632919,1.9609461957338314
UGC04278,variable_core,0.01,outer_holdout,True,25,5,7,9.51,2.85,1,90.0,3.0,1.307,2.21,1.116,8.9,91.4,1,spiral_T1_9,spiral_T1_7,6.69,0.14,3.0271493212669687,53.7,0.16641184029013883,0,9.93898230330004,12.003852224084198,0.12147590370016637,0.09428879310344827,0.11024084573341467,1.4117601407177927,3.237815517694601,1.1147530129530325,0.5460558706991969,True,False,True,lower,False,1.5367230681698307,0.7122661596592958,0.7,1.415239920273882,89.99999999998828,2.7921912328198327e-10,12.993167407418102,311.72043197658144,0.5686971422538356,0.48103384408271244,1.7299742856995557
UGC04325,variable_core,0.01,outer_holdout,True,8,2,9,9.6,2.88,1,41.0,3.0,2.026,1.86,0.678,6.61,90.9,1,spiral_T1_9,late_T8_11,5.59,0.7,3.005376344086021,89.4,0.2256648989220341,0,-9.245912863288645,-9.245912863288645,0.033117583603020494,0.033117583603020494,-0.10048706050516751,-3.0314468404225066,9.374944611385727,-0.3451877001213495,-0.09738989498018845,False,False,True,lower,False,0.2068242842062927,0.5097053747815266,0.7,1.062047285261888,41.26218016961743,1.193134231992074e-17,1.1073211781546035,105.34430729962912,-0.24779780514116106,0.4778988636685069,1.9513375187959177
UGC04483,variable_core,0.01,outer_holdout,True,8,2,10,3.34,0.31,2,58.0,3.0,0.013,0.18,0.032,1.46,0.0,2,irregular_T10_11,late_T8_11,1.21,0.08,6.722222222222222,20.8,0.30536472918516494,1,-2.301676114357127,-2.301676114357127,0.07129799680304731,0.07129799680304731,-0.09493029249862633,-1.4847497224312212,2.4895115262670724,-0.14857311395439537,-0.029075029975753536,False,False,False,none,False,0.0286294984448396,0.4967147475771984,0.7,0.9991688128810656,57.98106067142736,0.423608014320784,0.2983232765395577,20.51964311168265,-0.11949808397864184,0.827512865213144,1.3180633349627615
UGC04499,variable_core,0.01,outer_holdout,True,9,2,8,12.5,3.75,1,50.0,3.0,1.552,1.73,1.1,8.67,72.8,1,spiral_T1_9,late_T8_11,8.18,0.91,4.728323699421965,66.9,0.2861925053369789,0,-3.7259548621522782,-3.7259548621522782,0.03611230970641861,0.03611230970641861,-0.050390826758356363,-1.3973550712734601,2.1131772661711374,-0.14077437524164887,0.11625079832568981,False,False,True,lower,False,0.125717976604168,0.5146853444599354,0.7,1.007717346714069,50.02276039451029,9.502137087678711e-15,2.249467118185989,77.75422954424101,-0.25702517356733867,0.6747072005425275,1.825426117767823
UGC05005,variable_core,0.01,outer_holdout,True,11,3,10,53.7,10.7,1,41.0,10.0,4.1,3.2,3.093,21.61,98.9,1,irregular_T10_11,late_T8_11,28.61,0.78,8.940624999999999,72.5,0.18640914733908062,0,-5.487854896100217,-4.765386753647718,0.10050393176414694,0.10060362173038229,-0.05519970169306491,-0.5487854896100216,0.3488558733308695,-0.19760860736841665,-0.016764685651042364,False,False,True,lower,False,0.0967887375044189,0.5060301660098482,0.7,1.0098049845203705,41.96788737504419,9.043244376429193e-15,7.281277250807819,111.59121916858454,-0.1808439217173743,0.9513678794853566,1.8603380065709938
UGC05253,variable_core,0.01,outer_holdout,True,73,15,2,22.9,5.72,1,37.0,4.0,171.582,8.07,16.396,36.64,213.7,2,spiral_T1_9,spiral_T1_7,53.29,0.13,6.603469640644361,246.0,0.3933591395251978,1,-35.118932141335236,-38.11881737775019,0.028606285467253547,0.01889344262295082,-0.15623572796515586,-7.843234214730398,81.16718565202696,-0.3724536239882614,-0.1435404189777359,False,False,True,lower,False,0.2346482571321388,0.5277580058122202,0.6872862698387572,1.0344745977747,37.417297773357824,6.762667964497509e-15,6.541314235577122,213.8564028317897,-0.22891320501052548,0.8197721855188413,2.3909351071033793
UGC05716,variable_core,0.01,outer_holdout,True,12,3,9,21.3,5.3,1,54.0,10.0,0.588,1.14,1.094,10.64,73.1,2,spiral_T1_9,late_T8_11,12.37,1.03,10.850877192982457,69.95,0.18186381409976057,1,-1.9205873598942798,-1.3124121658508727,0.01761433726297622,0.014657534246575343,-0.025754290218783157,-0.9191446012499648,2.7989056083737567,-0.28067175364256186,0.16366608060499152,False,False,True,lower,False,3.273812559292575,1.0625546109836617,0.7,1.5923172702480437,71.64335239477029,1.0585769744603139e-16,3.5645688349784246,69.58462874843804,-0.44433783424755335,1.035464848292648,1.8447877188278465
UGC05721,variable_core,0.01,outer_holdout,True,23,5,7,6.18,1.85,1,61.0,5.0,0.531,0.38,0.562,6.74,79.7,1,spiral_T1_9,spiral_T1_7,6.74,0.09,17.736842105263158,78.3,0.12487903428935179,0,-10.50503686197726,-10.548942806979525,0.05807066987967234,0.05814249363867685,-0.13324308132788557,-2.298695155793711,5.813761040707033,-0.38073444019342984,0.05121548684055207,False,False,True,lower,False,1.0071219333265766,0.6159665597048456,0.7,1.3014847211414509,62.95104650907204,1.3677900170814824e-15,1.036369904288165,97.68389896514182,-0.4319499270339819,1.2488762999185097,1.8937617620579434
UGC05750,variable_core,0.01,outer_holdout,True,11,3,8,58.7,11.7,1,64.0,10.0,3.336,3.46,1.099,16.79,0.0,1,spiral_T1_9,late_T8_11,22.85,0.31,6.604046242774567,49.8,0.24245941896824758,0,-8.43066619910801,-6.197071822514999,0.1491273649676602,0.14175257731958765,-0.10763328748305383,-0.7632028488397083,1.0023783886974376,-0.20392520832020794,0.06627077028091537,False,False,False,none,False,0.0477456102283764,0.4945331891462708,0.7,0.9914329680855568,63.63002742155616,2.5684383246850166,2.2359209369798982,38.41404578724574,-0.2701959786011233,0.8198101056130924,1.6972293427597176
UGC05764,variable_core,0.01,outer_holdout,True,10,2,10,7.47,2.24,1,60.0,10.0,0.085,1.17,0.163,3.51,0.0,2,irregular_T10_11,late_T8_11,3.62,0.36,3.094017094017094,49.95,0.17285138301472214,1,1.0914833398159622,1.0914833398159622,0.05425551102204409,0.05425551102204409,0.02183380564662757,0.4101923756511269,0.2809074993330024,-0.34978805288154446,-0.019112775650419644,False,False,True,lower,False,0.8628775709562708,0.5472134686456114,0.7,1.2587477588945175,65.70692501054317,3.3606690091615127e-18,0.8643866244578668,62.63408792721954,-0.33067527723112483,0.4905227087870041,1.698535492562001
UGC05829,variable_core,0.01,outer_holdout,True,11,3,10,8.64,2.59,1,34.0,10.0,0.564,1.99,1.023,7.87,0.0,2,irregular_T10_11,late_T8_11,6.91,0.63,3.472361809045226,47.9,0.30503937330639175,1,-7.9756991415541565,-8.259920834756684,0.07808529002012321,0.07713414634146341,-0.1206616412744224,-1.5762251267893592,2.8584668661612693,0.03136614745552438,0.6104630227867022,False,False,True,lower,False,0.2725928860609807,0.5027700356622796,0.7,1.0498688912229437,36.725928860609805,2.699098363374776e-26,1.711586097270967,56.3187522969598,-0.5790968753311778,0.5406249709644918,1.6803355134145632
UGC05918,variable_core,0.01,outer_holdout,True,8,2,10,7.66,2.3,1,46.0,5.0,0.233,1.66,0.297,5.9,0.0,2,irregular_T10_11,late_T8_11,4.46,0.56,2.6867469879518073,38.099999999999994,0.18491850162004891,1,-5.218987664890715,-5.218987664890715,0.0902840639341668,0.0902840639341668,-0.11922914334760773,-1.327986683178299,1.8782099568998234,-0.1480768761761699,0.3252158919863043,False,False,True,lower,False,0.0374608731478438,0.5004696665530778,0.7,1.0112480428511803,46.105928759447,7.395452077279075e-16,1.0455240186120616,47.0881572540704,-0.47329276816247423,0.4292267706720868,1.5809249756756192
UGC05986,variable_core,0.01,outer_holdout,True,15,3,9,8.63,2.59,1,90.0,3.0,4.695,1.67,2.667,16.53,113.0,2,spiral_T1_9,late_T8_11,9.41,0.63,5.634730538922156,109.0,0.17039351471744255,1,-1.11195621912339,-0.9847325326110763,0.04648501518844698,0.04678899082568807,-0.010119970878015668,-0.24625040030742404,0.07661303821416338,-0.2754784400938657,-0.3211033234235446,True,False,True,lower,False,0.0527202825956277,0.5026774793328984,0.7,0.984177806266202,90.0,6.978741884806594e-16,2.456858506709536,135.06425437275473,0.0456248833296789,0.7508731522796737,2.037426497940624
UGC06399,variable_core,0.01,outer_holdout,True,9,2,9,18.0,2.5,4,75.0,2.0,2.296,2.05,0.674,8.8,85.0,1,spiral_T1_9,late_T8_11,7.85,0.87,3.829268292682927,77.5,0.20608301625687842,0,-4.0131400127283,-4.0131400127283,0.05658953185678318,0.05658953185678318,-0.046117361979377526,-0.8190081658629182,0.7945805905131761,-0.14929085631550065,0.19661848626267184,False,False,True,lower,False,0.0270178406086217,0.5031202394298206,0.7,1.002696386248908,75.00524186896858,2.2205535697018527e-15,2.4096250533083534,95.953183880062,-0.3459093425781725,0.5831157956894982,1.8893017025063104
UGC06446,variable_core,0.01,outer_holdout,True,17,4,7,12.0,3.6,1,51.0,3.0,0.988,1.49,1.379,10.33,82.2,1,spiral_T1_9,spiral_T1_7,10.22,0.58,6.859060402684564,80.1,0.20236831410194617,0,-9.144338506471453,-9.379433641223287,0.08724783794129304,0.07468889725339903,-0.11007355093162718,-1.3678950014669606,2.0132180910376674,-0.38150733016994176,-0.26850924601242443,False,False,True,lower,False,1.520611094315517,0.6585019455563498,0.7,1.4561833282946552,52.76246277030276,1.0848535869393754e-30,1.864837470047905,88.92648202702425,-0.11299808415751733,0.8362646273864199,1.9036325160842376
UGC06614,variable_core,0.01,outer_holdout,True,13,3,1,88.7,8.87,1,36.0,10.0,124.35,5.1,21.888,60.63,199.8,1,spiral_T1_9,spiral_T1_7,64.59,3.23,12.664705882352942,193.0,0.2647051215567101,0,-10.82548651159208,-7.939715513919367,0.08037787279445305,0.0784313725490196,-0.053024960035100245,-0.674759333813824,0.7831514561772774,-0.18856945034910036,0.016279740661471122,False,False,True,lower,False,0.1500455760926995,0.4962249248551424,0.6948032072677225,0.997037004893632,34.499544239073,1.3287683951419612e-14,15.46741284855086,226.0758610647531,-0.20484919101057147,1.1025951084452132,2.285557309007774
UGC06667,variable_core,0.01,outer_holdout,True,9,2,6,18.0,2.5,4,89.0,1.0,1.397,5.15,0.809,8.59,83.8,1,spiral_T1_9,spiral_T1_7,7.85,0.87,1.524271844660194,77.3,0.12067435587767156,0,-4.7524317318716385,-4.7524317318716385,0.03748369826343606,0.03748369826343606,-0.055611652152731894,-1.46199717029761,2.2744866791488976,-0.23810760737714148,0.06982161489258355,False,False,True,lower,False,0.0254078040454783,0.5029337549401051,0.7,0.9989546149457754,88.99996711988315,2.088481576710673e-15,2.2133840557570643,100.31665245216304,-0.307929222269725,0.18306242770406148,1.888179493918325
UGC06786,variable_core,0.01,outer_holdout,True,45,9,0,29.3,7.32,1,64.0,3.0,73.407,3.6,5.03,20.31,219.4,1,S0_T0,S0_T0,34.05,0.16,9.458333333333332,218.0,0.21882340962487276,0,-28.55741821859956,-33.090942643095474,0.019243234182359164,0.012455357142857143,-0.1304261855959503,-8.781996401471783,112.47152902319893,-0.4731892982539728,-0.09690430038353784,False,False,False,none,False,1.7302997726190268,0.7447319423499447,0.6740847027617446,1.3113936476871957,64.96020962466156,4.625634652037774,2.896969875357432,77.93182671260507,-0.376284997870435,0.9758146154815166,2.3384564936046046
UGC06787,variable_core,0.01,outer_holdout,True,71,15,2,21.3,5.32,1,66.0,3.0,98.256,5.37,5.03,26.44,248.1,2,spiral_T1_9,spiral_T1_7,37.19,0.12,6.925512104283054,238.0,0.22877949993764468,1,-67.79352735332807,-71.47196475607805,0.0118925201669066,0.012175732217573223,-0.2735626925804849,-23.689881483203727,637.2073095463469,-0.4613901171685729,0.11969038297577228,False,False,False,none,False,1.15590346891856,0.6524697043926684,0.5522639186726527,1.1248949644181483,66.3104263776035,5.364908694994836,1.789087245585622,81.40788992754946,-0.5810805001443452,0.840451892659417,2.376576957056512
UGC06818,variable_core,0.01,outer_holdout,True,8,2,9,18.0,2.5,4,75.0,3.0,1.588,1.39,1.079,6.96,71.2,2,spiral_T1_9,late_T8_11,6.98,0.87,5.02158273381295,55.45,0.2113258565048605,1,11.9634088983668,11.9634088983668,0.08437544408128464,0.08437544408128464,0.16723871745457436,1.9939014830611335,4.047164238438749,0.8593581263697473,0.6646432088380934,False,False,True,upper,True,0.6043954165886452,0.4350412746198803,0.7,0.9486625537824186,74.78427008911518,1000.0,32.66184785825722,669.6752711177622,0.19471491753165393,0.7008406223690661,1.743901550485179
UGC06917,variable_core,0.01,outer_holdout,True,11,3,9,18.0,2.5,4,56.0,2.0,6.832,2.76,2.023,12.67,108.7,1,spiral_T1_9,late_T8_11,10.47,1.74,3.793478260869566,100.0,0.25407438842593283,0,-9.750512594752285,-11.243842188223766,0.04556491556491557,0.04454545454545455,-0.08901196237238455,-1.9049399352787744,3.8418170956720448,-0.10831198545784601,0.30707232289456715,False,False,True,lower,False,0.1842963870673759,0.5216745415303758,0.7,1.0168959088785092,56.08361981158986,7.623696535373429e-18,2.60774099970567,112.78980595614507,-0.41538430835241313,0.5790375996136247,2.0
UGC06930,variable_core,0.01,outer_holdout,True,10,2,7,18.0,2.5,4,32.0,5.0,8.932,3.94,3.237,16.76,107.2,1,spiral_T1_9,spiral_T1_7,16.61,1.74,4.215736040609137,105.0,0.28809079861111114,0,-12.799680928135146,-12.799680928135146,0.06851851851851852,0.06851851851851852,-0.1185155641493995,-1.7296866119101548,3.0263134282422453,-0.5011678852255914,0.0,False,False,True,lower,False,0.550699124469423,0.5408477615646202,0.7,1.04058254400145,34.75349562234712,1.8856584926174746e-18,3.3492319288319763,111.60172949066454,-0.5011678852255914,0.6248734106258204,2.0211892990699383
UGC06983,variable_core,0.01,outer_holdout,True,17,4,6,18.0,2.5,4,49.0,1.0,5.298,3.21,2.967,16.07,109.0,1,spiral_T1_9,spiral_T1_7,15.68,1.74,4.8847352024922115,108.0,0.22347473519283745,0,-8.787110505395336,-8.29228717494805,0.09330615018688412,0.09074074074074075,-0.08096789654860435,-0.8498652471320842,0.7504765979669787,-0.4082565989729355,-0.0017753814133636405,False,False,True,lower,False,1.5619246315883784,0.7164113661653111,0.7,1.1296365288136512,49.22850840434496,1.9710906429065216e-31,3.273839186218447,119.68605543706994,-0.40648121755957184,0.6888410259435476,2.03342375548695
UGC07089,variable_core,0.01,outer_holdout,True,12,3,8,18.0,2.5,4,80.0,3.0,3.585,2.26,1.214,9.29,0.0,2,spiral_T1_9,late_T8_11,9.16,0.87,4.053097345132744,66.2,0.30942208618302114,1,-4.817042165593733,-5.413414734821956,0.08455482281458913,0.08276797829036635,-0.061923734427925765,-0.7255044481990495,0.6138969517447367,0.01924433995330235,0.4632747060009431,False,False,True,lower,False,0.1586643149570592,0.5186046850321188,0.7,1.0147815105372897,80.04288640416189,4.330159516784366e-16,3.4809121856179344,75.25259853421221,-0.4440303660476408,0.6077870345204496,1.8208579894397
UGC07125,variable_core,0.01,outer_holdout,True,13,3,9,19.8,5.9,1,90.0,3.0,2.712,3.38,4.629,23.04,65.2,1,spiral_T1_9,late_T8_11,18.68,1.44,5.5266272189349115,61.5,0.4483119317793022,0,-3.3702409376849594,-2.0899112918449916,0.049882735467817206,0.049462365591397855,-0.051813908458751314,-1.0084090504365737,1.330025963356381,-0.5002001030701575,-0.05602366941816949,True,False,True,lower,False,0.3457807233666451,0.5356440127191724,0.7,1.1030356700941013,89.99999999999854,4.352727398582685e-17,4.116109191108613,62.10610979806672,-0.444176433651988,0.7424601716164199,1.7888751157754168
UGC07151,variable_core,0.01,outer_holdout,True,11,3,6,6.87,0.34,2,90.0,3.0,2.284,1.25,0.616,6.39,73.5,1,spiral_T1_9,spiral_T1_7,5.5,0.5,4.4,67.2,0.3329463804370862,0,-8.361936159478782,-8.265418673225298,0.04398599767293767,0.04427586206896552,-0.11208554672470113,-2.5691873187927463,7.1091461496320925,-0.12817753959377656,0.24363893794442815,True,False,True,lower,False,0.015461800371741,0.5017832780919715,0.7,1.0003533773926487,90.0,4.879821766236123e-18,1.1370732240432766,73.58767910597143,-0.3718164775382047,0.6434526764861874,1.8273692730538253
UGC07323,variable_core,0.01,outer_holdout,True,10,2,8,8.0,2.4,1,47.0,3.0,4.109,2.26,0.722,7.14,0.0,1,spiral_T1_9,late_T8_11,5.82,0.58,2.5752212389380533,62.5,0.3757392656325991,0,1.1121973052505894,1.1121973052505894,0.04597470540430719,0.04597470540430719,0.013254683794574909,0.28738948456087576,0.08561678472540496,0.26039433843020743,0.311137973397341,False,False,True,lower,False,0.4522211821075622,0.5461729441601426,0.7,1.1356663546322687,47.49293582857341,1.0267590596081797e-10,3.316969427952986,90.57694678731048,-0.05074363496713358,0.4108145455024876,1.7958800173440752
UGC07399,variable_core,0.01,outer_holdout,True,10,2,8,8.43,2.53,1,55.0,3.0,1.156,1.64,0.745,7.85,103.0,1,spiral_T1_9,late_T8_11,6.13,0.61,3.7378048780487805,93.4,0.10772522061740031,0,-15.672202536831428,-15.672202536831428,0.046841454478842276,0.046841454478842276,-0.1495950264750089,-3.193104607543727,10.508852598411572,-0.317467238936977,0.273907248877561,False,False,True,lower,False,1.8559077071404468,0.7665858084635582,0.7,1.4858682332326762,56.65676871995639,9.23589441557812e-26,1.3774582789276637,109.7473102291321,-0.5913744878145379,0.5726166264707172,1.9703468762300933
UGC07524,variable_core,0.01,outer_holdout,True,31,7,9,4.74,0.24,2,46.0,3.0,2.436,3.46,1.779,12.11,79.5,1,spiral_T1_9,late_T8_11,10.69,0.35,3.0895953757225434,70.2,0.2648692110047727,0,-3.692424817957053,-3.1071548149883768,0.04224419142501462,0.04221668742216688,-0.04533352665772735,-1.0382157395495994,1.2228179074551717,-0.037751680815275905,0.16322396722719865,False,False,True,lower,False,1.1295917538422544,0.6485286695361755,0.7,1.012524978860226,47.42764644367349,5.086678475667562e-18,2.727838671334554,83.75774086800548,-0.20097564804247456,0.4899016064160014,1.8463371121298053
UGC07577,variable_core,0.01,outer_holdout,True,9,2,10,2.59,0.13,2,63.0,3.0,0.045,0.9,0.044,2.07,0.0,2,irregular_T10_11,late_T8_11,1.69,0.19,1.8777777777777778,10.7,0.6283380799810133,1,-4.008132126862433,-4.008132126862433,0.18873047841141966,0.18873047841141966,-0.2350312019166999,-1.2643949927010831,1.7130753461117587,-0.16885794195355158,1.0023128445965936,False,False,True,lower,False,0.1388477173053089,0.5162437134314157,0.7,1.0027256646006557,63.17236379682922,7.833722556345269e-19,0.1489410610325053,5.233397702049214,-1.1711707865501453,0.2736441951743487,1.0293837776852097
UGC07603,variable_core,0.01,outer_holdout,True,12,3,7,4.7,1.41,1,78.0,3.0,0.376,0.53,0.258,4.37,61.6,1,spiral_T1_9,spiral_T1_7,4.11,0.34,7.754716981132075,60.25,0.13732082370150345,0,-4.760327382948141,-4.826172035918383,0.046007045263905026,0.04587301587301588,-0.07522025963787936,-1.6471721048263464,3.271328376726318,-0.26103795550345377,0.21721447661984408,False,False,True,lower,False,0.0163549521987523,0.4985229160226428,0.7,0.9950935143403744,77.99637648405611,2.6508158647229373e-14,1.0726000143282424,72.53708430140335,-0.4782524321232978,0.8895659522752801,1.779957051246906
UGC08286,variable_core,0.01,outer_holdout,True,17,4,6,6.5,0.21,2,90.0,3.0,1.255,1.05,0.642,8.07,82.4,1,spiral_T1_9,spiral_T1_7,8.04,0.47,7.657142857142856,79.3,0.15096830726675842,0,-11.656264279505056,-11.441979543996396,0.023955304790420594,0.02395240499357444,-0.13914265475221932,-5.815413527292192,34.985556530612236,-0.32979989760403206,0.06609657020885785,True,False,True,lower,False,0.2763191410755298,0.5328462558201648,0.7,1.0044270935719275,89.99999999998828,8.461490859305268e-18,1.5399127608425665,97.7279867538368,-0.3958964678128899,0.8840667496785131,1.8992731873176039
UGC08490,variable_core,0.01,outer_holdout,True,30,6,9,4.65,0.53,2,50.0,3.0,1.017,0.67,0.72,7.8,78.6,1,spiral_T1_9,late_T8_11,10.15,0.34,15.149253731343283,78.5,0.12881128674338999,0,-4.273772499485214,-4.0460954087252645,0.047544862704096746,0.04755154639175258,-0.0551189668104586,-1.158203929399787,1.4629287060952898,-0.36572495067142896,-0.09711035129065844,False,False,True,lower,False,3.862335320617861,1.2167561118096544,0.7,1.187138250997604,53.91540597368338,1.2507666984075244e-26,2.4246415008873154,87.47394895053662,-0.26861459938077054,1.1803912395484053,1.8948696567452525
UGC08550,variable_core,0.01,outer_holdout,True,11,3,7,6.7,2.0,1,90.0,3.0,0.289,0.45,0.288,5.59,56.9,1,spiral_T1_9,spiral_T1_7,5.36,0.49,11.911111111111111,51.6,0.16223941297927502,0,-3.2071619880013693,-3.4789503720880433,0.03614698263892444,0.034904013961605584,-0.05572058437709485,-1.5395534307753518,2.407510514440395,-0.015577356439118947,-0.02725535751500591,True,False,True,lower,False,2.334948629744273,0.8559824633556183,0.7,1.5651707085378186,89.99999999999999,1.220549368021871e-39,1.495837827372313,58.479865613684005,0.011678001075886964,1.0759522759174263,1.7126497016272113
UGC08699,variable_core,0.01,outer_holdout,True,41,9,2,39.3,9.82,1,73.0,9.0,50.302,3.09,3.738,19.05,182.4,2,spiral_T1_9,spiral_T1_7,25.7,0.22,8.31715210355987,184.0,0.37627120585364277,1,-33.58334829660831,-33.88648579389738,0.031855544279108076,0.03463276836158192,-0.18617748049884605,-6.268467456111068,52.39326347670358,-0.48498240445007146,-0.003013161443096242,False,False,False,none,False,1.9397734266947724,0.7815330473405702,0.5497782854479076,1.2009812120840553,75.7716329625934,5.893063169345967,1.3798939340816063,42.04712626058619,-0.4819692430069752,0.9199746439064599,2.2648178230095364
UGC08837,variable_core,0.01,outer_holdout,True,8,2,10,7.21,0.36,2,80.0,5.0,0.501,1.72,0.32,4.75,0.0,2,irregular_T10_11,late_T8_11,4.2,0.52,2.4418604651162794,31.7,0.3679550297458085,1,0.7433484082781554,0.7433484082781554,0.06504828326180256,0.06504828326180256,0.015128693843168697,0.25685506395396906,0.45005902319735946,0.8154226206360422,0.22395454854037516,False,True,False,none,True,0.299749387650662,0.4666540781872391,0.7,0.9972417319102176,79.82722923633875,4.448900663295485,583.1046897295848,9999.023502365606,0.5914680720956671,0.38772084349035163,1.5010592622177514
UGC09037,variable_core,0.01,outer_holdout,True,22,5,6,83.6,8.4,1,65.0,5.0,68.614,4.28,19.078,39.72,152.3,2,spiral_T1_9,spiral_T1_7,27.96,2.43,6.5327102803738315,147.0,0.4319028865034747,1,-1.686483879402033,-3.4398676116428817,0.08940179801534784,0.08933333333333333,-0.010243412231720452,-0.213950951612443,0.13510646398614304,-0.18696708495917785,-0.3006119024640184,False,False,True,lower,False,1.6733183199410833,0.3401247004812147,0.7,0.9151916478393152,61.33182622054037,1.0962032928093697e-13,7.677271074547071,165.94357091798773,0.11364481750484057,0.8150933980604718,2.167317334748176
UGC09133,variable_core,0.01,outer_holdout,True,68,14,2,57.1,11.4,1,53.0,6.0,282.926,6.97,33.428,60.35,226.8,1,spiral_T1_9,spiral_T1_7,108.31,0.32,15.53945480631277,279.0,0.23580249890422966,0,15.81842100364908,18.25981058830925,0.012392814798643279,0.013127753303964757,0.06982278985935637,8.017513008521291,98.08089626883178,-0.047416278374224394,-0.12225861669749806,False,False,True,lower,False,5.145431992744372,0.5402067346181658,0.2140695227001036,1.606845426626967,66.41857122146631,1.3110341950719726e-16,36.24035811244384,261.14528197419634,0.07484233832327367,1.1914357777362312,2.4456042032735974
UGC11455,variable_core,0.01,outer_holdout,True,36,8,6,78.6,11.8,1,90.0,1.0,374.322,5.93,13.335,43.44,269.4,1,spiral_T1_9,spiral_T1_7,41.93,0.62,7.070826306913997,262.5,0.4795965716731458,0,-35.338704588063436,-36.27701064889558,0.023936067527881473,0.022876800157822057,-0.13077115870928474,-5.517243597186015,37.862702932523305,-0.5050395722345428,0.004967860275470333,True,False,True,lower,False,1.5607313564907428,0.3490574154517319,0.7,0.8243340845779205,89.99999962750344,1.2022176271748488e-14,6.715627119654084,302.0942788065797,-0.5100074325100131,0.8494701690393056,2.4191293077419758
UGC11557,variable_core,0.01,outer_holdout,True,12,3,8,24.2,6.05,1,30.0,10.0,12.101,2.75,2.605,16.66,0.0,2,spiral_T1_9,late_T8_11,10.56,0.33,3.8400000000000003,64.9,0.7069414367911382,1,35.342747929940536,35.41527426760251,0.08239507865009744,0.08210784313725492,0.4293700226060338,5.275037004468737,31.766456055180612,0.8323219896798775,0.19433114475703797,False,False,False,none,True,1.0585416367683609,0.4728815434013332,0.7,0.928020069434286,19.414583632316397,3.0299013080683608,376.12863178408526,8008.801283461677,0.6379908449228395,0.5843312243675308,1.8122446968003694
UGC11820,variable_core,0.01,outer_holdout,True,10,2,9,18.1,5.43,1,45.0,10.0,0.97,2.08,1.977,12.99,0.0,1,spiral_T1_9,late_T8_11,15.82,0.26,7.605769230769231,51.875,0.22462527073954858,0,-10.29329468021917,-10.29329468021917,0.012248376371999818,0.012248376371999818,-0.12361475460687077,-10.105365755007416,102.12080737231997,-0.1902085452752572,0.20811378774694256,False,False,True,lower,False,1.903964972299149,0.7683899879675713,0.7,1.5711894916897444,62.85026763858765,6.078093172395436e-13,3.4753854473753645,56.30354230417654,-0.39832233302219977,0.8811431441988962,1.7149581097201492
UGC11914,variable_core,0.01,outer_holdout,True,65,13,2,16.9,5.1,1,31.0,5.0,150.028,2.44,0.888,9.26,288.1,1,spiral_T1_9,spiral_T1_7,9.83,0.28,4.028688524590164,288.0,0.6263765522730962,0,-14.56068502123971,-6.16489674994034,0.02896761950510017,0.028056537102473498,-0.049543657493079686,-4.422809315690196,60.40734532534244,-0.2751586771821847,0.14680534225150813,False,False,False,none,False,1.4552368434136893,0.6990265781841221,0.5356693959352061,1.1229232289434627,33.034141247301406,2.654597669065809,0.271666076397858,82.8855229049378,-0.42196401943369277,0.6051636914934062,2.459392487759231
UGC12506,variable_core,0.01,outer_holdout,True,31,7,6,100.6,10.1,1,86.0,4.0,139.571,7.38,35.556,59.01,234.0,2,spiral_T1_9,spiral_T1_7,49.99,0.82,6.773712737127371,238.0,0.23453830465152922,1,18.28736324576729,18.455551696713798,0.06329973802423053,0.05879828326180257,0.07977201422756153,1.3867361921538266,2.23436089751693,0.062388362045158983,-0.18167940223551438,False,False,False,none,False,4.780185275336649,1.503102274127375,0.7,1.1904300786902282,86.7198845686477,2.704235622102226,13.083411485545216,106.62815315395947,0.24406776428067337,0.8308267749295487,2.376576957056512
UGC12632,variable_core,0.01,outer_holdout,True,15,3,9,9.77,2.93,1,46.0,3.0,1.301,2.42,1.744,12.6,71.7,1,spiral_T1_9,late_T8_11,10.66,0.71,4.404958677685951,65.5,0.23331639518552516,0,-5.735339965118503,-5.547656922666093,0.03921455063571708,0.038493150684931504,-0.0784615594622642,-2.0081103616863856,4.100147288170238,-0.15791684896671138,-0.009906464206273858,False,False,True,lower,False,0.662685620252004,0.5271489884110478,0.7,1.1987378574553094,46.781947143624336,3.453737059807928e-17,2.331620196065652,78.72980699095797,-0.1480103847604375,0.6439418387101222,1.816241299991783
UGC12732,variable_core,0.01,outer_holdout,True,16,4,9,13.2,4.0,1,39.0,6.0,1.667,1.98,3.66,17.41,0.0,1,spiral_T1_9,late_T8_11,15.4,0.96,7.777777777777778,79.8,0.20854321549181762,0,-5.875220827616506,-5.7645691250817706,0.03544335741741987,0.035151417302857674,-0.06215106975369608,-1.8129860630971686,3.919141947855609,0.2235351428732709,0.5405791683944547,False,False,True,lower,False,1.886973734213764,0.7720890225413829,0.7,1.5343057008566507,48.81572264820194,7.812085567411007e-25,3.467998128167478,79.77692237619182,-0.3170440255211838,0.8908555305749319,1.9020028913507294
UGCA442,variable_core,0.01,outer_holdout,True,8,2,9,4.35,0.22,2,64.0,7.0,0.14,1.18,0.263,4.37,56.4,1,spiral_T1_9,late_T8_11,6.33,0.42,5.364406779661017,51.9,0.126702775349912,0,-4.008669273381848,-4.008669273381848,0.03023318124751202,0.03023318124751202,-0.07022045849748246,-3.995586175492309,23.25793275466626,-0.25942889058623997,-0.15775939663274577,False,False,True,lower,False,0.0954497849259523,0.5111107116632257,0.7,1.0010063981504975,64.32386969412835,3.413135168174301e-15,1.9205486296575416,65.09025307899527,-0.1016694939534942,0.7295217027112297,1.7151673578484579
UGCA444,variable_core,0.01,outer_holdout,True,36,8,10,0.98,0.05,2,78.0,4.0,0.012,0.83,0.067,2.08,37.0,2,irregular_T10_11,late_T8_11,2.62,0.12,3.1566265060240966,27.85,0.2168806326598016,1,-6.29022802578634,-6.466160934338996,0.15086615265107622,0.1426242781021665,-0.1728527588493959,-1.1408546543211169,1.3716539201849498,-0.3347013852847892,0.5462010636563984,False,False,True,lower,False,0.0722281454252175,0.5083851062344419,0.7,0.9967729204037208,77.85143200350517,1.988230773090967e-23,0.7087352736831634,33.797517258127286,-0.8809024489411876,0.49922319894367156,1.4448251995097476
