run,galaxy,ml_disk,ml_bulge,n,Q,inclination_deg,Rdisk_kpc,Reff_kpc,L36,SBdisk,MHI,Vflat,r_min_kpc,r_max_kpc,radius_ratio,r_min_over_Rdisk,r_max_over_Rdisk,Vobs_median,baryon_fraction_median,baryon_fraction_outer_median,baryon_negative_points,baryon_overshoot_points,positive_halo_chi2_floor,outer_points,outer_radius_ratio,observed_outer_slope,observed_sample_peak_r_over_Rmax,core_chi2,core_reduced_chi2,core_rms_z,core_length_kpc,core_amplitude_kms,core_bound_hit,core_bound_faces,core_outer_slope,core_halo_outer_slope,core_r_min_over_scale,core_r_max_over_scale,core_peak_radius_kpc,core_r_max_over_peak,core_points_beyond_peak,core_coverage_phase,core_floor_fraction,nfw_chi2,nfw_reduced_chi2,nfw_rms_z,nfw_length_kpc,nfw_amplitude_kms,nfw_bound_hit,nfw_bound_faces,nfw_outer_slope,nfw_halo_outer_slope,nfw_r_min_over_scale,nfw_r_max_over_scale,nfw_peak_radius_kpc,nfw_r_max_over_peak,nfw_points_beyond_peak,nfw_coverage_phase,nfw_floor_fraction,log10_core_over_nfw_chi2,core_lower_chi2,core_outer_slope_error,nfw_outer_slope_error,outer_slope_class,baryon_class,coverage_class
ml_0.3,CamB,0.3,0.42,9,2,65,0.47,1.21,0.075,66.2,0.012,0,0.16,1.79,11.1875,0.3404255319148937,3.808510638297873,10.9,1.061231377830149,0.5000333049886621,0,5,3.907957167967609,3,1.467213114754098,0.8170110994450819,1,16.81321559181184,2.401887941687406,1.36679737553043,227.7356258841176,2999.999999999981,True,excess_amplitude_upper,0.3494497975186905,0.9999914075099698,0.000702569039775162,0.007859991132484626,629.6897210129114,0.002842669874173311,0,before_peak,0.232433655931398,34.62660925047683,4.946658464353832,1.961479295794569,499.9999999997054,234.8284179306111,True,length_upper,0.01413335027619261,0.4980212858170929,0.0003200000000001886,0.00358000000000211,1081.290793531668,0.001655428873257651,0,before_peak,0.1128599436259788,-0.3137591842471882,True,-0.4675613019263914,-0.8028777491688893,rising,median_fraction_ge_0.5,3_to_6_Rdisk
ml_0.3,D512-2,0.3,0.42,4,2,56,1.24,2.37,0.325,93.94,0.081,0,0.96,3.83,3.989583333333333,0.7741935483870968,3.088709677419355,34.7,0.1497388409659347,0.1381920901968304,0,0,0,2,1.329861111111111,,0.7519582245430809,0.1983976925545134,0.0991988462772567,0.2227092794174242,1.004773893746514,39.99162754163246,False,none,,,0.9554388365131925,3.811802858172425,2.778202972758616,1.378588979118758,2,straddles_peak,0,0.7555175768710753,0.3777587884355377,0.4346025704224135,7.650235009411587,96.37562505490747,False,none,,,0.1254863411148774,0.5006382150728964,16.54425736807055,0.2315002671193738,0,before_peak,0,-0.5807079556857806,True,,,unresolved,median_fraction_lt_0.5,3_to_6_Rdisk
ml_0.3,D564-8,0.3,0.42,6,2,63,0.61,0.72,0.033,21.13,0.029,0,0.51,3.07,6.019607843137255,0.8360655737704918,5.032786885245901,20.85,0.155884851189736,0.1142217372916667,0,0,0,2,1.19921875,,1,0.2310637544364843,0.05776593860912108,0.1962412437267305,1.126004756164206,27.06058551149906,False,none,,,0.4529288150943001,2.726453847724512,3.113406688196599,0.9860581374218922,0,before_peak,0,3.175881066602841,0.7939702666507102,0.7275393536438243,499.9999999999994,432.3240648287387,True,length_upper,,,0.001020000000000001,0.006140000000000007,1081.290793532303,0.00283919924072514,0,before_peak,0,-1.138132404497087,True,,,unresolved,median_fraction_lt_0.5,3_to_6_Rdisk
ml_0.3,D631-7,0.3,0.42,16,1,59,0.7,1.22,0.196,115.04,0.29,57.7,0.45,7.19,15.97777777777778,0.6428571428571429,10.27142857142857,47.2,0.2234377438351041,0.1073977948790679,0,1,1.044756107943822,6,1.455465587044534,0.1146634886066203,0.8748261474269818,5.921070237475808,0.4229335883911292,0.6083312336566634,3.163721071156337,68.85015607166531,False,none,0.3112456807731895,0.410495558965397,0.1422375708473963,2.272640298650621,8.747698700741743,0.8219304580518233,0,before_peak,0.1764471735753651,71.62732232184352,5.116237308703108,2.115823160170816,499.999999999042,657.0833036723031,True,length_upper,0.3708429075053556,0.4921005508769685,0.0009000000000017244,0.01438000000002755,1081.290793530233,0.006649460111026986,0,before_peak,0.01458599978440367,-1.082678503184148,True,0.1965821921665692,0.2561794188987354,rising,median_fraction_lt_0.5,at_least_6_Rdisk
ml_0.3,DDO064,0.3,0.42,14,1,60,0.6899999999999999,1.2,0.157,151.65,0.211,46.1,0.1,2.98,29.8,0.1449275362318841,4.318840579710145,37.9,0.182312488375955,0.2421287000446792,1,0,0,4,1.432692307692308,0.0344170022953114,1,3.561260809895007,0.2967717341579172,0.5043567905117939,0.9843675670936336,49.48585818924646,False,none,0.1194424938687103,0.08744237075377032,0.1015880686675325,3.02732444629247,2.721779415455862,1.094871973488303,1,straddles_peak,0,6.593246612745662,0.5494372177288052,0.6862551905994519,499.9999999999994,849.1609894160625,True,length_upper,0.4334259647048678,0.4966377181233359,0.0002000000000000003,0.005960000000000008,1081.290793532303,0.002755965386762513,0,before_peak,0,-0.2674955398167419,True,0.08502549157339889,0.3990089624095564,flat_band,median_fraction_lt_0.5,3_to_6_Rdisk
ml_0.3,DDO154,0.3,0.42,12,2,64,0.37,0.65,0.053,71.26000000000001,0.275,47,0.49,5.92,12.08163265306122,1.324324324324324,16,43.3,0.1646674979620837,0.1295029915118541,0,0,0,5,1.49873417721519,-0.0260934647409813,0.8344594594594595,36.30493760901247,3.630493760901247,1.73937099763613,1.723477375224819,50.96421201206416,False,none,-0.06039835506328137,-0.01417336636843152,0.2843089251090877,3.434915993154692,4.765420356890536,1.242282853692016,3,straddles_peak,0,100.8740579154894,10.08740579154894,2.899339837438421,15.59531230489104,138.2171420526338,False,none,0.2512964101127836,0.3382911170967771,0.03141969781819149,0.3796012471095788,33.7261352350795,0.1755315264774969,0,before_peak,0,-0.4438137970321472,True,-0.03430489032230007,0.2773898748537649,flat_band,median_fraction_lt_0.5,at_least_6_Rdisk
ml_0.3,DDO161,0.3,0.42,31,1,70,1.22,2.04,0.548,169.37,1.378,66.3,0.6,13.37,22.28333333333333,0.4918032786885246,10.95901639344262,55,0.3207875305785124,0.2392258764656316,0,0,0,10,1.46761800219539,0.1018650505733616,0.7868362004487659,18.49385204158249,0.6377190359166375,0.7723832418619092,4.598070970689618,68.87023457589672,False,none,0.001029889709118231,0.1580140097079917,0.1304895039299517,2.907741112572424,12.71368067903616,1.05162307733952,2,straddles_peak,0,25.15230599114889,0.8673208962465135,0.9007578528061244,51.29970568043223,198.0920151916432,False,none,0.1670170639551109,0.3795208292082147,0.01169597353516326,0.2606252769418881,110.9397989263365,0.1205158124441673,0,before_peak,0,-0.1335504290419642,True,-0.1008351608642434,0.06515201338174925,rising,median_fraction_lt_0.5,at_least_6_Rdisk
ml_0.3,DDO168,0.3,0.42,10,2,63,1.02,1.29,0.191,92.22,0.413,53.4,0.41,4.12,10.04878048780488,0.4019607843137254,4.03921568627451,48,0.2575872850445009,0.2104373807065797,0,0,0,4,1.42560553633218,-0.03136377136231972,0.9004854368932038,23.50535558449923,2.938169448062404,1.53314564163028,1.732526824692424,61.35522223890986,False,none,0.2788657215017653,0.3587603690584178,0.2366485725684435,2.378029558492652,4.79044211309778,0.8600458794263078,0,before_peak,0,81.99276898753256,10.24909612344157,2.863437950917263,499.99999999988,797.7746819539283,True,length_upper,0.3799039663923706,0.4954130121317951,0.0008200000000001968,0.008240000000001978,1081.290793532045,0.003810260870290022,0,before_peak,0,-0.5426087277731,True,0.310229492864085,0.4112677377546903,flat_band,median_fraction_lt_0.5,3_to_6_Rdisk
ml_0.3,DDO170,0.3,0.42,8,2,66,1.95,3.03,0.543,73.93000000000001,0.735,60,1.87,12.33,6.593582887700534,0.958974358974359,6.323076923076923,57.1,0.224046252342027,0.2205315694444444,0,0,0,3,1.320128479657388,0.1883854071495452,1,43.78549737390533,7.297582895650888,2.3394843815974,3.295388809344969,64.0588387227593,False,none,-0.2191156180781416,-0.1749241545468249,0.5674595952675168,3.74159187681737,9.111760410474366,1.353196247985859,3,straddles_peak,0,12.75464983589634,2.125774972649391,1.262668297490296,12.2780733922505,126.3229667057756,False,none,0.05742023700040488,0.1727854776725513,0.1523040252536917,1.004229214640651,26.55233544270885,0.4643659322022373,0,before_peak,0,0.5356617473072988,False,-0.4075010252276867,-0.1309651701491403,rising,median_fraction_lt_0.5,at_least_6_Rdisk
ml_0.3,ESO079-G014,0.3,0.42,15,1,79,5.08,7.23,51.733,2295.25,3.14,175,0.41,16.67,40.65853658536586,0.08070866141732283,3.281496062992126,132,0.2160438213877551,0.2118934423418714,0,0,0,4,1.430901287553648,0.1273136783696661,1,13.08618456164794,1.006629581665226,0.9340301409001012,5.182966787732754,184.6434221877657,False,none,0.02648689294649695,0.03459561503824796,0.07910527248031066,3.216304615236046,14.33091945064109,1.16321915404069,2,straddles_peak,0,55.27089930850271,4.251607639115592,1.919564174641433,50.41140470903208,490.8039375325992,False,none,0.2777762036836089,0.3525154818446152,0.008133080249726534,0.3306791408852228,109.0187756018149,0.1529094406718184,0,before_peak,0,-0.6256834899118574,True,-0.1008267854231691,0.1504625253139429,rising,median_fraction_lt_0.5,3_to_6_Rdisk
ml_0.3,ESO116-G012,0.3,0.42,15,1,74,1.51,2.75,4.292,1320.78,1.083,109.1,0.25,9.859999999999999,39.44,0.1655629139072848,6.52980132450331,102,0.1746673221837754,0.1518979572426563,0,0,0,5,1.447870778267254,0.0981332394784519,1,34.73859940606001,2.672199954312309,1.521810312447208,2.406547512833761,120.0070695248649,False,none,-0.1715571642627502,-0.2176622864970686,0.1038832595935825,4.097155758370895,6.654111433279664,1.481790634086244,5,straddles_peak,0,30.17451699982724,2.321116692294404,1.418321002684212,16.44369139358229,271.2480912418254,False,none,0.2428101474352596,0.2704794299541243,0.01520339892158101,0.5996220534671551,35.56082423113386,0.2772714135058622,0,before_peak,0,0.06117197741946425,False,-0.2696904037412021,0.1446769079568077,flat_band,median_fraction_lt_0.5,at_least_6_Rdisk
ml_0.3,ESO444-G084,0.3,0.42,7,2,32,0.46,0.75,0.07099999999999999,66.81,0.135,0,0.26,4.44,17.07692307692308,0.5652173913043478,9.652173913043478,52.8,0.1334267598097503,0.07105356675054891,0,0,0,2,1.309734513274336,,0.7635135135135135,23.0409817956873,4.608196359137461,1.814268124604335,1.151769092180194,69.9982151475289,False,none,,,0.2257396918924466,3.854939353855627,3.18464515822081,1.394189863991167,2,straddles_peak,0,3.206689002675783,0.6413378005351567,0.676829689769652,11.54061369107884,188.4035491114715,False,none,,,0.02252913120218086,0.3847282405295501,24.95751867175285,0.1779023010418593,0,before_peak,0,0.856444138417898,False,,,unresolved,median_fraction_lt_0.5,at_least_6_Rdisk
ml_0.3,ESO563-G021,0.3,0.42,30,1,83,5.45,10.59,311.177,6558.89,24.298,314.6,0.45,42.41,94.24444444444444,0.08256880733944955,7.781651376146788,310.5,0.2316376510417789,0.1647717213867188,0,3,3.510375202597684,9,1.472569444444444,0.04681674366252683,0.8795095496345202,296.2499224357319,10.58035437270471,3.142450861115317,6.525399883177174,377.1715498369251,False,none,-0.4570778746279884,-0.4734397827716248,0.06896129096396433,6.499218555070505,18.04275117686838,2.35052845235551,15,straddles_peak,0.01184937087488764,662.1434745619338,23.64798123435478,4.698026091037007,30.25727717698141,671.8863038744229,False,none,0.03911485913052209,0.1190693345208664,0.01487245522351043,1.401646280064616,65.43383049765025,0.6481356765675357,0,before_peak,0.005301532579355413,-0.3492938581155358,True,-0.5038946182905153,-0.007701884532004738,flat_band,median_fraction_lt_0.5,at_least_6_Rdisk
ml_0.3,F565-V2,0.3,0.42,7,2,60,2.17,3.57,0.5590000000000001,40.26,0.699,0,1.26,8.800000000000001,6.984126984126985,0.5806451612903226,4.055299539170507,68.5,0.119664005842022,0.119664005842022,0,0,0,3,1.399046104928458,0.3655114241942585,1,0.2831064440554731,0.05662128881109463,0.2011063840911334,3.168085028046724,88.72632749470041,False,none,0.2269191039657958,0.1869681915994922,0.3977165981485195,2.777703225164263,8.759765055253261,1.004593153411416,1,straddles_peak,0,1.86183874580783,0.3723677491615661,0.5157295450978476,499.9999999999994,860.2020657460819,True,length_upper,0.4953733386393282,0.4901908191828668,0.002520000000000003,0.01760000000000002,1081.290793532303,0.008138421276345679,0,before_peak,0,-0.8179923090820681,True,-0.1385923202284628,0.1298619144450697,rising,median_fraction_lt_0.5,3_to_6_Rdisk
ml_0.3,F568-3,0.3,0.42,18,1,40,4.99,7.47,8.346,132.08,3.195,0,0.64,17.98,28.09375,0.1282565130260521,3.603206412825651,83.90000000000001,0.1590683610168292,0.1720959206616854,0,0,0,4,1.499582985821518,0.4517039611051215,1,13.9469718205259,0.8716857387828689,0.8802452884321476,3.817962411087589,117.2059320352052,False,none,-0.2191163793562191,-0.317563439832789,0.1676286801937605,4.709318234193458,10.55667806098489,1.703187299653481,4,straddles_peak,0,53.03779369207274,3.314862105754546,1.716550055781666,499.9999999999479,882.2158005282819,True,length_upper,0.4343954802080288,0.4808623395707685,0.001280000000000133,0.03596000000000375,1081.290793532192,0.01662827438053527,0,before_peak,0,-0.5801055262249134,True,-0.6708203404613405,-0.01730848089709269,rising,median_fraction_lt_0.5,3_to_6_Rdisk
ml_0.3,F568-V1,0.3,0.42,15,1,40,2.85,4.4,3.825,90.54000000000001,2.491,112.3,0.39,17.63,45.2051282051282,0.1368421052631579,6.185964912280701,111,0.0745532534278851,0.1238394486633288,0,0,0,2,1.495335029686175,,1,6.561878607198976,0.5047598928614596,0.6614065117711384,2.451652760877297,132.6923053467957,False,none,,,0.1590763611484861,7.191067300122589,6.778827585820527,2.600744712386134,6,straddles_peak,0,2.96051412706868,0.22773185592836,0.4442607437882007,7.812575706044777,247.8441389388836,False,none,,,0.04991951626123094,2.256618132526926,16.89533236944073,1.043483467178669,1,straddles_peak,0,0.3456610540035123,False,,,unresolved,median_fraction_lt_0.5,at_least_6_Rdisk
ml_0.3,F571-8,0.3,0.42,13,1,85,3.56,1.4,10.164,87.26000000000001,1.782,139.7,0.22,15.55,70.68181818181819,0.06179775280898876,4.367977528089888,105,0.2368936662131519,0.06042830789458144,0,3,7.181762131241723,2,1.400900900900901,,1,21.35587129993313,1.941442845448466,1.281701732371493,4.742537366023885,163.600274403319,False,none,,,0.04638866982390203,3.278835526189439,13.11313071598411,1.185834286014209,1,straddles_peak,0.3362898207419058,99.19836537402824,9.018033215820749,2.762361940497636,499.9999999999949,1266.857631678381,True,length_upper,,,0.0004400000000000045,0.03110000000000032,1081.290793532294,0.01438096032354278,0,before_peak,0.07239798865800692,-0.6669872208138329,True,,,unresolved,median_fraction_lt_0.5,3_to_6_Rdisk
ml_0.3,F571-V1,0.3,0.42,7,2,30,2.47,4.38,1.849,64.39,1.217,83.59999999999999,1.95,13.59,6.969230769230769,0.7894736842105262,5.502024291497976,77,0.1692748487650021,0.1692748487650021,0,0,0,3,1.398148148148148,0.05233148695422855,0.8579838116261957,0.6667147966515463,0.1333429593303093,0.3086178396499802,3.875800796827825,90.43392499233354,False,none,-0.09000904062157183,-0.07373689321041078,0.5031218326793241,3.50637215698052,10.71660137925894,1.268125921554036,2,straddles_peak,0,1.611405981108085,0.3222811962216171,0.4797925118673823,22.69664981614233,201.4435690585636,False,none,0.1976538479791534,0.2682529771706371,0.08591576359490374,0.5987667832075599,49.08335698044276,0.2768759277287193,0,before_peak,0,-0.3832648776031529,True,-0.1423405275758004,0.1453223610249249,flat_band,median_fraction_lt_0.5,3_to_6_Rdisk
ml_0.3,F574-1,0.3,0.42,14,1,65,4.46,5.87,6.537,128.48,3.524,97.8,0.47,12.6,26.80851063829787,0.1053811659192825,2.825112107623319,90.95,0.1226369439107743,0.1418779063334918,0,0,0,5,1.412556053811659,0.1011507015818541,1,14.09438324305994,1.174531936921661,1.003365167931679,2.786505478144108,109.7381103502592,False,none,-0.1756313402871046,-0.3149331405732723,0.1686700434240787,4.521792653496579,7.704696401020504,1.635366190202005,6,straddles_peak,0,20.41373448974146,1.701144540811789,1.207528008836396,14.86896394640352,225.5655356108044,False,none,0.2648272077912753,0.2096707821527561,0.03160946530599953,0.8474026869267959,32.15534764921979,0.3918477305066774,0,before_peak,0,-0.160876385535507,True,-0.2767820418689587,0.1636765062094213,rising,median_fraction_lt_0.5,below_3_Rdisk
ml_0.3,F583-1,0.3,0.42,25,1,63,2.36,3.74,0.986,60.93,2.126,85.8,0.26,16.26,62.53846153846154,0.1101694915254237,6.889830508474577,59.4,0.07829397166806494,0.2209411626716206,0,0,0,2,1.049709489993544,,0.9526445264452644,8.716528378481186,0.3789794947165733,0.5904753467666939,3.172201620778569,93.98925296933214,False,none,,,0.08196200339125574,5.125777596699302,8.771147447089303,1.853805342811318,3,straddles_peak,0,36.29467807615113,1.578029481571788,1.204901291826864,27.90679731773644,224.0215611341827,False,none,,,0.009316726568073593,0.5826537461418332,60.35072603328087,0.2694250934285911,0,before_peak,0,-0.619499400250079,True,,,unresolved,median_fraction_lt_0.5,at_least_6_Rdisk
ml_0.3,F583-4,0.3,0.42,12,1,55,1.93,3.31,1.715,83.34,0.641,0,0.22,7.29,33.13636363636363,0.1139896373056995,3.77720207253886,58.5,0.1509028087733262,0.1458135637770606,0,0,0,6,1.458,0.3530738675867516,1,12.96348003095354,1.296348003095354,1.039370002732166,2.048208836425128,69.30610848715629,False,none,-0.01703377120221362,-0.05716003293934702,0.1074109222104423,3.559207376882384,5.663303867270184,1.287234478469529,4,straddles_peak,0,1.772513909773955,0.1772513909773955,0.3843299266010428,21.18401933957493,187.4575005306694,False,none,0.3291606669721601,0.3499952899007779,0.01038518689364142,0.3441273293392999,45.81217016378533,0.1591280215265325,0,before_peak,0,0.8641319510411219,False,-0.3701076387889652,-0.02391320061459151,rising,median_fraction_lt_0.5,3_to_6_Rdisk
ml_0.3,IC2574,0.3,0.42,34,2,75,2.78,3.18,1.016,80.31999999999999,1.036,66.40000000000001,0.85,10.23,12.03529411764706,0.3057553956834532,3.679856115107914,43.65,0.1968754016684599,0.1924885157514397,0,0,0,13,1.497803806734993,0.6051982907421951,1,159.9474209971782,4.998356906161819,2.168948111800213,4.236492507724159,64.40371026318411,False,none,0.4039144882513445,0.3636139086367848,0.200637673370186,2.414733410090592,11.7139150930191,0.8733203133849387,0,before_peak,0,1079.531297066683,33.73535303333383,5.634795515541025,499.9999999999994,515.7997490754258,True,length_upper,0.504495065232197,0.4889398340365987,0.001700000000000002,0.02046000000000003,1081.290793532303,0.00946091473375185,0,before_peak,0,-0.829257995751334,True,-0.2012838024908506,-0.1007032255099981,rising,median_fraction_lt_0.5,3_to_6_Rdisk
ml_0.3,IC4202,0.3,0.42,32,1,90,4.78,8.550000000000001,179.749,8888.530000000001,12.326,242.6,0.77,25.9,33.63636363636363,0.1610878661087866,5.418410041841003,240.5,0.3150371588489409,0.2688308003522498,0,3,271.7988695811808,9,1.448545861297539,0.01237231024374241,0.5447876447876447,578.727027633407,19.29090092111357,4.252672055724961,4.355154590250388,257.1434161272628,False,none,-0.3827837931616065,-0.4531008361328656,0.1768019903871497,5.946976040295035,12.04201612398723,2.150802634154276,17,straddles_peak,0.4696495179992717,887.1497597260935,29.57165865753645,5.265304358860979,21.31519572420324,499.3768594054754,False,none,0.05054056448187558,0.1454341308903195,0.03612446303393175,1.215095574777704,46.09584979784022,0.5618727090093373,0,before_peak,0.3063731535756696,-0.1855231740588962,True,-0.395156103405349,0.03816825423813317,flat_band,median_fraction_lt_0.5,3_to_6_Rdisk
ml_0.3,KK98-251,0.3,0.42,15,2,59,1.34,1.28,0.08500000000000001,52.1,0.115,33.7,0.25,3.13,12.52,0.1865671641791045,2.335820895522388,21.8,0.3397877985818384,0.3147097965184269,0,0,0,3,1.272357723577236,0.1137613043934033,0.8913738019169329,2.824143703733978,0.2172418233641521,0.4339081088382637,1.494223656846582,36.42398968235495,False,none,0.2567032390273672,0.4272448164819484,0.1673109636930802,2.094733265437364,4.131533105362218,0.7575880236655125,0,before_peak,0,24.18252066720473,1.860193897477287,1.269711795834124,499.9999999999173,491.09078795694,True,length_upper,0.2783346205421696,0.4963134743117034,0.0005000000000000827,0.006260000000001036,1081.290793532126,0.002894688476700699,0,before_peak,0,-0.9326147760250568,True,0.1429419346339639,0.1645733161487663,rising,median_fraction_lt_0.5,below_3_Rdisk
ml_0.3,NGC0024,0.3,0.42,29,1,64,1.34,2.01,3.889,1182.58,0.676,106.3,0.21,11.27,53.66666666666666,0.1567164179104477,8.410447761194028,92.40000000000001,0.1566959227880164,0.08987877535560979,0,0,0,3,1.327444051825677,0.1324288919340922,1,100.1041316890381,3.707560432927338,1.85791996866572,1.47755310172277,150.1542106772956,False,none,-0.5090872255268106,-0.4961268045891168,0.1421268716198071,7.627475443596317,4.085438968073461,2.758577496340499,4,straddles_peak,0,29.26899610802518,1.084036892889822,1.004627158632961,3.811201183455984,220.8507224629731,False,none,-0.08549530584978082,-0.0303953997406971,0.05510073855759373,2.95707296925753,8.24203350394076,1.367380998222281,3,straddles_peak,0,0.5340441759793269,False,-0.6415161174609029,-0.217924197783873,rising,median_fraction_lt_0.5,at_least_6_Rdisk
ml_0.3,NGC0055,0.3,0.42,21,2,77,6.11,3.67,4.628,391.59,1.565,85.59999999999999,1.23,13.5,10.97560975609756,0.2013093289689034,2.20949263502455,82.40000000000001,0.2994106934560278,0.2634089593812935,0,0,0,8,1.465798045602606,0.03554401520521736,0.9548148148148149,5.129989335517551,0.26999943871145,0.4942521688907563,3.953818707557236,87.70286747857834,False,none,-0.08582994709456632,-0.02265070206093129,0.3110916536585269,3.414420588935051,10.93232114752309,1.234870419358167,5,straddles_peak,0,45.03006820969937,2.370003589984177,1.464339087222163,90.70367620755476,333.6620133713003,False,none,0.2519626321595967,0.4259654273347618,0.01356064110549857,0.1488363048164477,196.1541000455283,0.06882344033016179,0,before_peak,0,-0.9433861425355673,True,-0.1213739622997837,0.2164186169543793,flat_band,median_fraction_lt_0.5,below_3_Rdisk
ml_0.3,NGC0100,0.3,0.42,21,1,89,1.66,2.81,3.232,1193.52,1.99,88.09999999999999,0.23,9.619999999999999,41.82608695652173,0.1385542168674699,5.795180722891566,77.8,0.1771960137720475,0.1188381426938775,0,0,0,7,1.343575418994413,0.303033013722083,1,7.625411929308424,0.4013374699636013,0.6025901208753688,2.655551728454181,93.91988869551774,False,none,-0.116055891057637,-0.1364428635128712,0.08661100348208427,3.622599363033264,7.342608871729834,1.310161029690478,6,straddles_peak,0,15.45522511677573,0.813432900882933,0.8578829178849781,54.22393283351367,334.2239229615628,False,none,0.3643828724559766,0.410121558427065,0.004241669461825648,0.1774124357511423,117.2636787239848,0.08203733760257984,0,before_peak,0,-0.3068120257655568,True,-0.4190889047797199,0.06134985873389365,rising,median_fraction_lt_0.5,3_to_6_Rdisk
ml_0.3,NGC0247,0.3,0.42,26,2,74,3.74,5.87,7.332,506.79,1.746,104.9,1.08,14.54,13.46296296296296,0.2887700534759358,3.887700534759358,88.90000000000001,0.1756537130438331,0.1997832810508774,0,0,0,9,1.421309872922776,0.1569389704040567,0.9635488308115544,411.6826655998732,17.15344439999472,3.979189449739507,2.436575809074174,95.56982914105502,False,none,-0.3734129187036788,-0.4583015545820646,0.4432449817395042,5.967390772678139,6.737139766719863,2.158185892450194,15,straddles_peak,0,48.05809040948158,2.002420433728399,1.359554372826761,21.42063002567649,237.1988016058658,False,none,0.1697437821266763,0.2484552976869722,0.05041868510428615,0.6787848902002969,46.3238600768513,0.3138771245720485,0,before_peak,0,0.9327960707855327,False,-0.5303518891077355,0.01280481172261966,rising,median_fraction_lt_0.5,3_to_6_Rdisk
ml_0.3,NGC0289,0.3,0.42,28,2,46,6.74,2.69,72.065,69.95999999999999,27.469,163,1.5,71.12,47.41333333333333,0.2225519287833828,10.55192878338279,175,0.2190154055495915,0.1960902056924603,0,0,0,8,1.424679487179487,-0.2603796041424148,0.03543307086614173,280.7478177212323,10.79799298927817,3.1664977144723,9.409363793258732,201.8600562680591,False,none,-0.5188842191199808,-0.4938032215129989,0.1594156664528864,7.558428132086187,26.01692044836667,2.733605621816201,15,straddles_peak,0,62.83198803230915,2.416614924319583,1.497998522223059,12.3130379065487,337.4016320507781,False,none,-0.2222432207686773,-0.1330068612405421,0.1218220890233939,5.775991314229185,26.62794905753079,2.670877875210828,15,straddles_peak,0,0.6501355879297044,False,-0.258504614977566,0.03813638337373759,declining,median_fraction_lt_0.5,at_least_6_Rdisk
ml_0.3,NGC0300,0.3,0.42,25,2,42,1.75,1.77,2.922,437.35,0.9360000000000001,93.3,0.91,11.8,12.96703296703297,0.52,6.742857142857143,88.2,0.1376871095376926,0.1165610669041022,0,0,0,9,1.444308445532436,0.09023635217363922,0.8076271186440677,58.94866396914736,2.562985389962929,1.535560665934725,2.680838990514837,107.3732672583884,False,none,-0.3274010445276078,-0.2855487593011091,0.3394459731523229,4.401607124392759,7.412528230768799,1.591899502118476,10,straddles_peak,0,15.25857228482546,0.6634161862967592,0.7812444504718217,15.03778265128207,220.1113379676558,False,none,0.12432765827555,0.2250221321063467,0.06051424076956029,0.7846901550338586,32.52043187194224,0.3628488098333258,0,before_peak,0,0.5869600671344929,False,-0.4176373967012471,0.03409130610191076,flat_band,median_fraction_lt_0.5,at_least_6_Rdisk
ml_0.3,NGC0801,0.3,0.42,13,1,80,8.720000000000001,7.76,312.57,1558.94,23.201,220.1,1.17,59.82,51.12820512820513,0.1341743119266055,6.860091743119265,219,0.3793686834567901,0.2596816829561043,0,0,0,3,1.306113537117904,0.03562389938036974,0.05884319625543297,666.7891542242078,60.61719583856434,7.161806573893359,7.781737862940255,245.9560248976053,False,none,-0.4031910351532596,-0.4968524502238825,0.150352019125703,7.687228875298761,21.51652963776448,2.780188116163847,6,straddles_peak,0,118.4230811968744,10.76573465426131,3.018189487817979,8.107516896899886,410.4412322754768,False,none,-0.1883989026688856,-0.1716932652653746,0.1443105225531357,7.378337999255196,17.5331667580509,3.411819486205012,7,straddles_peak,0,0.7505521705147129,False,-0.4388149345336294,-0.2240228020492554,flat_band,median_fraction_lt_0.5,at_least_6_Rdisk
ml_0.3,NGC0891,0.3,0.42,18,1,90,2.55,3.68,138.34,5067.92,4.462,216.1,0.92,17.11,18.59782608695652,0.3607843137254902,6.709803921568628,222.5,0.4405827388050048,0.3590714219456773,0,1,0.06945141840313283,7,1.477547495682211,-0.1760078947369231,0.05376972530683811,30.7469353663346,1.921683460395913,1.306967128854998,4.269519339736724,206.6697372927104,False,none,-0.2626922632304078,-0.1883644533795584,0.2154809304732488,4.00747686999705,11.80523438728935,1.449357076588184,6,straddles_peak,0.002258807831598608,64.50362602979962,4.031476626862476,1.893022656872683,13.18392431870344,397.4949856817698,False,none,-0.05015289917644208,0.1342580621124661,0.06978195397366149,1.297792644010161,28.51131197688139,0.6001126855850678,0,before_peak,0.001076705647075521,-0.3217822939920104,True,-0.08668436849348471,0.125854995560481,declining,median_fraction_lt_0.5,at_least_6_Rdisk
ml_0.3,NGC1003,0.3,0.42,36,1,67,1.61,2.76,6.82,1345.33,5.88,109.8,1.25,30.24,24.192,0.7763975155279502,18.78260869565217,103.5,0.1622884294134616,0.09757947676208065,0,0,0,13,1.490389354361755,0.1996471982892928,1,663.4535032059705,19.51333832958737,4.292931862718488,7.616731731619879,125.020105797522,False,none,-0.1306423726016432,-0.1770497182761319,0.1641123836370377,3.970206784947216,21.06028716628828,1.435877856803677,12,straddles_peak,0,117.186063778611,3.446648934665029,1.804208535146298,21.74777133125922,230.916320350741,False,none,0.134502261010345,0.121502479565397,0.05747715390971162,1.390487307383744,47.03132984067278,0.6429756526647986,0,before_peak,0,0.752934524850392,False,-0.330289570890936,-0.06514493727894785,rising,median_fraction_lt_0.5,at_least_6_Rdisk
ml_0.3,NGC1090,0.3,0.42,24,1,64,3.53,6.36,72.045,2055.09,8.782999999999999,164.4,0.35,30.09,85.97142857142858,0.09915014164305949,8.524079320113314,165,0.2882940471262774,0.23970952734375,0,1,0.3488775320326039,9,1.49478390461997,-0.07616739982475483,0.3748753738783649,237.2343593345122,10.78337996975055,3.144004607546137,6.251114437161631,177.447329745691,False,none,-0.3043031430805524,-0.3399800520817688,0.05599001642320282,4.813541697640495,17.28435105695339,1.740881095324373,11,straddles_peak,0.00147060287983272,56.48646129608374,2.567566422549261,1.534145545247741,11.37960700963553,306.5041593961568,False,none,-0.04891896276191485,-0.0002136408627753724,0.03075677391175654,2.644203791442155,24.60932858706916,1.222707067912882,5,straddles_peak,0.006176303560669181,0.623233220998008,False,-0.2281357432557976,0.02724843706283998,flat_band,median_fraction_lt_0.5,at_least_6_Rdisk
ml_0.3,NGC2403,0.3,0.42,73,1,63,1.39,2.16,10.041,1408.74,3.199,131.2,0.16,20.87,130.4375,0.1151079136690648,15.01438848920863,114,0.2692398667221991,0.137528252324827,0,0,0,14,1.448299791811242,0.02810722290984412,0.8332534738859607,10386.15777717935,146.2839123546387,11.92795598306615,3.091295193300961,140.1943474878492,False,none,-0.4823176095533499,-0.4821192491359743,0.05175824047691416,6.751215492207492,8.547440920941963,2.441666481585934,25,straddles_peak,0,639.807183469281,9.011368781257479,2.96048677844246,7.300392968195873,254.5711220054419,False,none,-0.09047833344919497,-0.01742582961949441,0.0219166284194617,2.858750219463535,15.78769541135635,1.32191554601363,11,straddles_peak,0,1.21040580388088,False,-0.510424832463194,-0.1185855563590391,flat_band,median_fraction_lt_0.5,at_least_6_Rdisk
ml_0.3,NGC2683,0.3,0.42,11,2,80,2.18,3.34,80.41500000000001,10205.4,1.406,154,2.89,34.62,11.97923875432526,1.325688073394495,15.88073394495413,172,0.2335672759111111,0.1541145190426639,0,0,0,3,1.2,-0.3177853212780206,0.1666666666666667,38.19673340703065,4.244081489670072,1.863445816150837,3.515356287002886,213.0090053504272,False,none,-0.5068736758118269,-0.4999523836080863,0.8221072813259419,9.848219404672701,9.719971177237792,3.561738956703189,8,straddles_peak,0,7.576366886194462,0.8418185429104957,0.8299160355226777,3.569411957595668,358.3646505447279,False,none,-0.2596599998226283,-0.209306594497409,0.809657174440208,9.699076601771624,7.719144576144635,4.484952919134354,9,straddles_peak,0,0.7025652262902584,False,-0.1890883545338062,0.05812532145539234,declining,median_fraction_lt_0.5,at_least_6_Rdisk
ml_0.3,NGC2841,0.3,0.42,50,1,76,3.64,5.51,188.121,4751.49,9.775,284.8,3.44,63.64,18.5,0.945054945054945,17.48351648351648,301,0.2436022890323602,0.1100083238016196,0,0,0,11,1.477251624883937,0.1799445476041657,0.1346637335009428,2397.367849414875,49.94516352947657,6.924403005913037,6.402834522182435,386.8520727939696,False,none,-0.4594254243675713,-0.4996562728137721,0.5372620498128163,9.939347921537102,17.70385756867246,3.594696791540675,23,straddles_peak,0,201.7656319450841,4.203450665522586,2.00880876115714,7.543114260815373,603.8580591012462,False,none,-0.1919548767826733,-0.1811717020988012,0.4560450605753058,8.436833620643158,16.3126000095638,3.901278763819928,24,straddles_peak,0,1.074887484809954,False,-0.639369971971737,-0.371899424386839,rising,median_fraction_lt_0.5,at_least_6_Rdisk
ml_0.3,NGC2903,0.3,0.42,34,1,66,2.33,4.54,81.863,1193.52,2.552,184.6,0.32,24.96,78,0.1373390557939914,10.71244635193133,189.5,0.3279187805994901,0.185239476816947,0,2,100.462485055228,9,1.444444444444444,-0.1355678141623872,0.1538461538461538,972.9073262354278,30.40335394485712,5.349291668984364,4.093191688804589,203.0236422128277,False,none,-0.4664731683694326,-0.4615049300157797,0.07817860103528539,6.09793088075226,11.3176878785195,2.205397451132491,15,straddles_peak,0.1032600766241097,195.9738412509322,6.124182539091632,2.40081996563265,6.580247065240033,359.4366729966414,False,none,-0.1445203629155588,-0.0666071901560034,0.04863039287542725,3.793170644283326,14.23032114162403,1.754001174786661,12,straddles_peak,0.5126321166843489,0.6958733685095664,False,-0.3309053542070454,-0.008952548753171585,declining,median_fraction_lt_0.5,at_least_6_Rdisk
ml_0.3,NGC2915,0.3,0.42,30,2,56,0.55,0.53,0.641,313.93,0.508,83.5,0.34,10.04,29.52941176470588,0.6181818181818182,18.25454545454545,81.15000000000001,0.06576587010256804,0.06611485707887858,0,1,1.26597004099205,10,1.43019943019943,0.289286389231339,1,26.8441122399806,0.9587182942850214,0.9459406648055081,1.945551790049736,100.6433918818512,False,none,-0.3556481544308207,-0.3986888908293728,0.1747576197862655,5.160489713688547,5.379456811539767,1.866359439574391,14,straddles_peak,0.04716006361747222,22.55211752533293,0.8054327687618903,0.8670278258766734,4.952581823089037,175.9106114635369,False,none,0.05615117621911581,0.04537884645757907,0.06865106163716733,2.027225467168117,10.71036225904323,0.9374099360199313,0,before_peak,0.05613530700919672,0.07566171991176564,False,-0.6449345436621596,-0.2331352130122232,rising,median_fraction_lt_0.5,at_least_6_Rdisk
ml_0.3,NGC2955,0.3,0.42,24,1,56,18.76,7.22,319.422,50.68,28.949,0,0.75,35.43,47.24,0.03997867803837953,1.888592750533049,255.5,0.5000506324040349,0.3608914569089858,0,0,0,4,1.428629032258064,-0.3549683109307632,0.34998588766582,511.5829861526811,23.25377209784914,4.616920808976662,2.450337149952514,237.2864742563629,False,none,-0.4155399085780372,-0.4999996111365178,0.3060803285843887,14.45923472232652,6.77518991748044,5.229373704874051,16,straddles_peak,0,97.77789589228223,4.444449813285556,2.018434788520986,5.364340850700766,413.8495941564161,False,none,-0.239231459560368,-0.1519168641845752,0.1398121448419938,6.60472572233579,11.60082475046398,3.054093201311653,9,straddles_peak,0,0.7186754052695946,False,-0.06057159764727404,0.1157368513703952,declining,median_fraction_ge_0.5,below_3_Rdisk
ml_0.3,NGC2976,0.3,0.42,27,2,61,1.01,1.31,3.371,1502.55,0.172,85.40000000000001,0.11,2.27,20.63636363636364,0.1089108910891089,2.247524752475248,49.2,0.3804437586753916,0.3959195024617098,0,0,0,6,1.455128205128205,0.2977639376306573,0.9251101321585904,6.969815349429657,0.2787926139771863,0.5080760860718948,1.164923848410725,90.93772044347664,False,none,0.3395144669982342,0.5442543209913919,0.09442677317497626,1.948625228247237,3.22101810052458,0.7047461172696621,0,before_peak,0,70.69815864305033,2.827926345722013,1.618162637102024,499.9999999999896,1319.185623080048,True,length_upper,0.2756085039681774,0.4974938646035815,0.0002200000000000046,0.004540000000000094,1081.290793532282,0.002099342761057392,0,before_peak,0,-1.006186830067329,True,0.04175052936757684,-0.02215543366247996,rising,median_fraction_lt_0.5,below_3_Rdisk
ml_0.3,NGC2998,0.3,0.42,13,1,58,6.2,7.06,150.902,774.16,23.451,209.9,0.33,42.28,128.1212121212121,0.05322580645161291,6.819354838709677,206,0.2411863633758734,0.225141226828892,0,0,0,3,1.308168316831683,-0.1747503217707476,0.2956480605487228,188.7461707778353,17.15874279798502,3.810372188340613,9.420403401156037,223.3205407993036,False,none,-0.3332216487541275,-0.3388324284284213,0.0350303469976141,4.488130518360982,26.04744499888422,1.623191833280044,4,straddles_peak,0,22.27792617861436,2.02526601623767,1.309078541999746,10.16023153786469,400.4628916954729,False,none,-0.1422544921159186,-0.08937592511345384,0.03247957477840648,4.161322489790988,21.97232964409931,1.924238380036972,5,straddles_peak,0,0.9280033890529142,False,-0.1584713269833799,0.03249582965482894,declining,median_fraction_lt_0.5,at_least_6_Rdisk
ml_0.3,NGC3109,0.3,0.42,25,1,70,1.56,1.64,0.194,140.87,0.477,66.2,0.26,6.45,24.80769230769231,0.1666666666666667,4.134615384615385,50.6,0.1114347395967367,0.09851082992658718,0,0,0,9,1.472602739726028,0.4170770076097204,1,10.13476384369219,0.4406419062474863,0.6367028771316237,2.321723653163857,71.74361374441987,False,none,0.2218446527695828,0.2104958942495347,0.1119857652506116,2.778108407178633,6.419573194813808,1.004739692852287,1,straddles_peak,0,196.1279742987025,8.527303230378369,2.800913952971083,499.99999999949,747.854016614741,True,length_upper,0.4734105798384329,0.4929373167645684,0.0005200000000005305,0.01290000000001316,1081.290793531202,0.005965092867327625,0,before_peak,0,-1.286725909373974,True,-0.1952323548401376,0.05633357222871255,rising,median_fraction_lt_0.5,3_to_6_Rdisk
ml_0.3,NGC3198,0.3,0.42,43,1,73,3.14,5.84,38.279,1602.62,10.869,150.1,0.32,44.08,137.75,0.1019108280254777,14.03821656050955,146,0.263879523,0.1600158341922328,0,1,0.0816762813606092,8,1.465425531914894,0.06462344620468971,0.3187386569872959,1335.610318151246,32.57586141832308,5.573213173142115,5.297137578345684,187.5840153139342,False,none,-0.409478757205271,-0.497169911467247,0.06040998468836016,8.321475390821611,14.64660204535933,3.00957176712304,15,straddles_peak,6.115277806004495e-05,68.93070714609249,1.681236759660792,1.266112041279096,10.82315828214377,297.5574118449284,False,none,-0.07762646028178637,-0.07718800677430197,0.02956623119223354,4.07274834673017,23.40596281484995,1.883280783990367,11,straddles_peak,0.001184904155814093,1.287267031647037,False,-0.4741022034099608,-0.1422499064864761,flat_band,median_fraction_lt_0.5,at_least_6_Rdisk
ml_0.3,NGC3521,0.3,0.42,41,1,75,2.4,2.45,84.836,2112.66,4.154,213.7,0.51,17.74,34.78431372549019,0.2125,7.391666666666667,213,0.4848449121227709,0.2279704715336036,0,0,0,3,1.331831831831832,0,0.2322435174746336,296.2222057179326,7.595441172254682,2.687923333500947,2.336138580263133,238.863960599413,False,none,-0.4936895700141072,-0.4958765982178301,0.2183089669032201,7.593727593849264,6.45943051352855,2.746372139594282,6,straddles_peak,0,24.50692807831733,0.6283827712389058,0.7731299716927879,3.936658633231869,378.3059429808502,False,none,-0.1967513061782342,-0.1005405728998216,0.129551492144826,4.506359746371007,8.513345474786172,2.083787161291674,5,straddles_peak,0,1.082328735205541,False,-0.4936895700141072,-0.1967513061782342,flat_band,median_fraction_lt_0.5,at_least_6_Rdisk
ml_0.3,NGC3726,0.3,0.42,12,2,53,3.4,7.52,70.23399999999999,1789.91,6.473,168,3.5,32.52,9.291428571428572,1.029411764705882,9.564705882352943,159,0.3876302619114844,0.181482938321731,0,0,0,4,1.458295964125561,0.1652608412889468,0.9249692496924968,65.55894710262314,6.555894710262313,2.337358678484169,5.51845726445489,159.7918609124729,False,none,-0.4842478731767827,-0.4445863953951814,0.6342352277590263,5.892951316206725,15.2585516727386,2.131263877298475,5,straddles_peak,0,28.90224821034842,2.890224821034842,1.551940940949655,18.28700071869032,302.5428518739886,False,none,-0.07549931687176893,0.07440521801011696,0.1913927851724098,1.778312392516219,39.54713103687697,0.8223099665479072,0,before_peak,0,0.3557003436453958,False,-0.6495087144657294,-0.2407601581607157,rising,median_fraction_lt_0.5,at_least_6_Rdisk
ml_0.3,NGC3741,0.3,0.42,21,1,70,0.2,0.32,0.028,143.49,0.182,50.1,0.23,7,30.43478260869565,1.15,35,36.5,0.0959192493901295,0.07845122336366088,0,0,0,6,1.498929336188437,0.2153066538349309,1,57.48287959774746,3.025414715670919,1.654472719885437,1.875347358677836,54.81159706156569,False,none,-0.1026769829976787,-0.1061298792752734,0.1226439458992575,3.732641831716534,5.185341338245587,1.34995934565966,4,straddles_peak,0,6.692316063835649,0.3522271612545078,0.5645190141399199,21.26495198904728,151.784614722516,False,none,0.3226484208649631,0.3554636640092296,0.01081591908218103,0.3291801459794227,45.9871936213266,0.1522162899880402,0,before_peak,0,0.9339620723573064,False,-0.3179836368326096,0.1073417670300322,rising,median_fraction_lt_0.5,at_least_6_Rdisk
ml_0.3,NGC3769,0.3,0.42,12,2,70,3.38,2.18,18.679,160.26,5.529,118.6,1.74,37.16,21.35632183908046,0.514792899408284,10.99408284023669,118,0.2423432181116572,0.1294019617824418,0,0,0,3,1.16781898177247,,0.2346609257265878,37.63062255129324,3.763062255129324,1.770843079611452,4.426078653948397,133.3918952437779,False,none,,,0.3931245095357238,8.39569354847557,12.23812138292386,3.036413746627012,6,straddles_peak,0,5.178280537510338,0.5178280537510338,0.6569043903992889,10.10972546000697,237.5872368662693,False,none,,,0.172111498663664,3.675668557667675,21.86310613008937,1.699666999688488,3,straddles_peak,0,0.861355828246112,False,,,unresolved,median_fraction_lt_0.5,at_least_6_Rdisk
ml_0.3,NGC3877,0.3,0.42,13,2,76,2.53,4.39,72.535,3410.59,1.483,168.4,0.87,11.35,13.04597701149425,0.3438735177865613,4.486166007905139,162,0.4256630058445982,0.4361434326529183,0,1,3.998443232855851,5,1.445859872611465,-0.004298535685289304,0.7682819383259912,21.60664387106157,1.964240351914689,1.289204998649632,2.341144692427005,157.7310080834877,False,none,-0.2354099868388501,-0.3547937736459549,0.371613084323333,4.848055755252678,6.473272429388616,1.753363561291051,6,straddles_peak,0.1850561918230663,48.7141376588182,4.428557968983473,1.935779263854903,8.399444690478321,296.5571405527717,False,none,0.03864202589899828,0.1248604136794254,0.1035782759527233,1.351279806969436,18.16448442919602,0.6248457006441094,0,before_peak,0.08207972931513151,-0.3530677052574915,True,-0.2311114511535608,0.04294056158428758,flat_band,median_fraction_lt_0.5,3_to_6_Rdisk
ml_0.3,NGC3893,0.3,0.42,10,1,49,2.38,2.43,58.525,2055.09,5.799,174,1.74,19.05,10.94827586206897,0.73109243697479,8.004201680672269,182.5,0.3019731504797294,0.226338537005584,0,0,0,4,1.451981707317073,-0.282836361529358,0.2750656167979003,22.36722603704523,2.795903254630654,1.495567652667215,3.034627602388702,195.877073486796,False,none,-0.4495939108146584,-0.465466563212335,0.5733817219056341,6.277541265690995,8.39075485404538,2.270355925225911,6,straddles_peak,0,4.036804366432658,0.5046005458040823,0.6353585103256789,7.003747465986187,343.9311865815084,False,none,-0.09631644619105768,-0.007103425416023944,0.2484384264924368,2.719972427977541,15.14617531039215,1.257743265848069,3,straddles_peak,0,0.7435744237001685,False,-0.1667575492853005,0.1865199153383003,declining,median_fraction_lt_0.5,at_least_6_Rdisk
ml_0.3,NGC3917,0.3,0.42,17,1,79,2.63,5.56,21.966,1226.96,1.888,135.9,0.87,14.86,17.08045977011494,0.3307984790874525,5.650190114068441,134,0.2248847805747382,0.2100073562789706,0,0,0,6,1.419293218720153,0.02451240158642968,0.9380888290713324,22.85404127018769,1.523602751345846,1.159463396936087,3.404692336698703,144.8770115985167,False,none,-0.2991938804424165,-0.2845840934101017,0.2555296966549346,4.364564703784285,9.413985006990165,1.578502620193893,7,straddles_peak,0,80.45855972290811,5.363903981527207,2.175512917518237,23.51388724370395,328.7716640541367,False,none,0.1421602467591789,0.2603835453844825,0.03699941192126582,0.6319669668390919,50.85069959354757,0.2922280345949376,0,before_peak,0,-0.546609246760727,True,-0.3237062820288462,0.1176478451727492,flat_band,median_fraction_lt_0.5,3_to_6_Rdisk
ml_0.3,NGC3949,0.3,0.42,7,2,55,3.59,2.39,38.067,185.71,3.371,163,1.74,7.07,4.063218390804598,0.4846796657381616,1.969359331476323,157,0.4742350845876101,0.3681904554637282,0,0,0,3,1.349236641221374,0.1618779850132859,1,6.024230855375272,1.204846171075054,0.927687667219282,1.668078073983342,140.517324658923,False,none,-0.2722675109629337,-0.2812217123107935,1.043116642523158,4.238410725654441,4.612241114918064,1.532877363486579,3,straddles_peak,0,0.9843208128345639,0.1968641625669128,0.3749896784931103,8.939427120178465,307.7334644349362,False,none,0.03070988865289557,0.2180669936727472,0.1946433453294111,0.7908784203901934,19.33224048900396,0.3657103274719434,0,before_peak,0,0.7867649380877457,False,-0.4341454959762195,-0.1311680963603903,rising,median_fraction_lt_0.5,below_3_Rdisk
ml_0.3,NGC3953,0.3,0.42,8,1,62,4.89,6.17,141.301,1999.08,2.832,220.8,3.5,15.68,4.48,0.7157464212678937,3.206543967280164,219.5,0.3565245321780129,0.3619693929232521,0,0,0,4,1.497612225405922,-0.08437965810163926,0.6677295918367347,10.76462457321951,1.794104095536585,1.159990548087543,3.19704088356683,218.7726543329314,False,none,-0.2950371165627621,-0.347364528261067,1.094762352896522,4.904535340976421,8.839828086732684,1.773790151364305,4,straddles_peak,0,1.385306154907957,0.2308843591513261,0.4161289095502674,6.5898978900384,386.2781630002599,False,none,-0.05905613969294549,0.02023953029979842,0.5311159684721011,2.379399538755012,14.25119183763297,1.100258854041526,1,straddles_peak,0,0.8904531241869718,False,-0.2106574584611228,0.02532351840869377,flat_band,median_fraction_lt_0.5,3_to_6_Rdisk
ml_0.3,NGC3972,0.3,0.42,10,1,77,2.18,3.73,14.353,1587.93,1.214,132.7,0.87,8.720000000000001,10.02298850574713,0.3990825688073394,4,113,0.2180780162369165,0.2220311310316737,0,0,0,4,1.427168576104746,0.2473368676839975,0.900229357798165,15.74527848446867,1.968159810558584,1.254801916019762,2.579609955242306,133.6159719146042,False,none,-0.06375091678425175,-0.02302819571271706,0.3372602893828885,3.380356003929641,7.132629630223963,1.222550511111593,2,straddles_peak,0,8.45398587671397,1.056748234589246,0.9194555930937595,32.99449090642543,395.8169754957848,False,none,0.2488155946226474,0.3770243536053187,0.02636803830273902,0.2642865448274532,71.35327850880633,0.1222088204247516,0,before_peak,0,0.2700888283860247,False,-0.3110877844682493,0.001478726938649921,rising,median_fraction_lt_0.5,3_to_6_Rdisk
ml_0.3,NGC3992,0.3,0.42,9,1,56,4.96,9.99,226.932,3257.09,16.599,241,9.19,46.02,5.007616974972797,1.852822580645161,9.278225806451614,248,0.2236114963556014,0.1786654729914828,0,0,0,4,1.433198380566802,-0.05982923559527019,0.3987396784006954,48.06797808462309,6.866854012089013,2.311035796747209,7.300510200260289,293.7965917769966,False,none,-0.4804004417312586,-0.4688052073533429,1.258816130367483,6.30366902279778,20.18593363865261,2.279805374564373,6,straddles_peak,0,3.809662829251486,0.5442375470359265,0.6506119195932639,8.676004724734254,497.4743171116739,False,none,-0.1932681561047464,-0.1196815676028844,1.059243314356481,5.304284801597961,18.76256806699585,2.452755925291012,6,straddles_peak,0,1.100969313957038,False,-0.4205712061359884,-0.1334389205094762,flat_band,median_fraction_lt_0.5,at_least_6_Rdisk
ml_0.3,NGC4010,0.3,0.42,12,2,89,2.81,6.63,17.193,2611.14,2.832,125.8,0.87,10.47,12.03448275862069,0.3096085409252669,3.725978647686833,109.5,0.2637253416477101,0.2481476061015402,0,0,0,4,1.33375796178344,-0.19880033900188,0.7497612225405921,9.038866360424603,0.9038866360424602,0.8678933479228407,3.42844821414166,127.7270817569497,False,none,-0.01599498087764385,0.0524644005483289,0.2537591194790182,3.053859748213012,9.479670082750266,1.104468816805322,2,straddles_peak,0,20.86274599692936,2.086274599692936,1.318545473774333,67.77049342771583,454.3547306283917,False,none,0.2604240035900589,0.4204035719906792,0.01283744526558515,0.1544920137134213,146.5592212330614,0.07143869837674968,0,before_peak,0,-0.3632575051734268,True,0.1828053581242362,0.4592243425919389,declining,median_fraction_lt_0.5,3_to_6_Rdisk
ml_0.3,NGC4013,0.3,0.42,36,2,89,3.53,4.11,79.09399999999999,10205.4,2.967,172.9,5.49,31.01,5.648451730418944,1.555240793201133,8.784702549575071,178,0.2632141829728553,0.1660974975381896,0,0,0,15,1.491582491582492,0.08226160237473439,0.1770396646243147,344.5666930775238,10.13431450228011,3.093751287665383,5.525664372534044,196.3510120151244,False,none,-0.429672790193038,-0.4280118882326889,0.9935456860696574,5.611994849730433,15.27847934921897,2.029652250803692,22,straddles_peak,0,78.86864542339569,2.319666041864579,1.480133678491722,9.798602237470879,334.6715535532188,False,none,-0.1049542719669465,-0.03305413573234029,0.5602839942829464,3.164737097033546,21.19027677772461,1.463407029803309,14,straddles_peak,0,0.6403689130019219,False,-0.5119343925677724,-0.1872158743416809,flat_band,median_fraction_lt_0.5,at_least_6_Rdisk
ml_0.3,NGC4051,0.3,0.42,7,2,49,4.65,6.87,95.268,1320.78,2.697,157,1.74,12.19,7.005747126436781,0.3741935483870967,2.621505376344086,153,0.4310398039215686,0.4682639850733681,0,0,0,3,1.397935779816514,-0.1551729592520447,0.7153404429860543,1.874191909794939,0.3748383819589878,0.5174376304437831,2.700263245763889,141.6258160956882,False,none,-0.3071443961242164,-0.3146135666636642,0.6443816182476549,4.514374670367192,7.466236357554735,1.632683378375171,3,straddles_peak,0,3.373371078832295,0.674674215766459,0.6941974892772944,7.003875220049289,258.6163785626317,False,none,-0.09187193433469734,0.07325176247170621,0.248433894855676,1.74046504499465,15.14645158897668,0.8048089632341124,0,before_peak,0,-0.2552500583859254,True,-0.1519714368721717,0.06330102491734735,declining,median_fraction_lt_0.5,below_3_Rdisk
ml_0.3,NGC4068,0.3,0.42,6,2,44,0.59,1.11,0.236,261.11,0.154,0,0.21,2.33,11.0952380952381,0.3559322033898305,3.949152542372881,26.45,0.3761954942901234,0.3370658350019481,0,0,0,2,1.219895287958115,,1,0.499538478714614,0.1248846196786535,0.2885418741172628,1.72214378348673,51.52808329082708,False,none,,,0.1219410376843358,1.352964846688107,4.761732971545171,0.4893176526116543,0,before_peak,0,6.601700550180599,1.65042513754515,1.048943957049231,499.9999999999927,624.7434250644721,True,length_upper,,,0.0004200000000000061,0.004660000000000068,1081.290793532289,0.002154831997032464,0,before_peak,0,-1.121086874145657,True,,,unresolved,median_fraction_lt_0.5,3_to_6_Rdisk
ml_0.3,NGC4085,0.3,0.42,7,2,82,1.65,2,21.724,5021.46,1.349,131.5,0.87,6.2,7.126436781609196,0.5272727272727273,3.757575757575758,127,0.4599531201183432,0.4170234626038781,0,1,1.77440590531554,3,1.393258426966292,0.1358221231953212,1,8.858457179465308,1.771691435893062,1.124941724170972,2.37683370203114,125.1177351791348,False,none,0.03764393279985601,0.2528642686393728,0.3660331807212829,2.608512322381556,6.571952653062932,0.9434030230133232,0,before_peak,0.2003064268830887,19.38859299209482,3.877718598418964,1.664271311676882,499.99999999976,1415.315405717518,True,length_upper,0.1782217576549737,0.4930469279708536,0.001740000000000835,0.01240000000000595,1081.290793531786,0.005733887717428109,0,before_peak,0.0915180336210578,-0.3401882037756639,True,-0.09817819039546519,0.04239963445965253,rising,median_fraction_lt_0.5,3_to_6_Rdisk
ml_0.3,NGC4088,0.3,0.42,12,1,69,2.58,6.1,107.286,3988.69,8.226000000000001,171.7,1.74,21.48,12.3448275862069,0.6744186046511628,8.325581395348838,171,0.5488286140959464,0.4005519045155378,0,0,0,4,1.369897959183674,0.1345896577176099,0.4059590316573557,17.99786078225947,1.799786078225946,1.224672091563679,5.56870327420502,152.3045235882159,False,none,-0.3238641932018297,-0.1879057027802129,0.3124605342252501,3.857271422504812,15.39748204754816,1.395033287499133,4,straddles_peak,0,5.050464381648235,0.5050464381648234,0.6487465081247217,21.92988097689493,306.2529391413498,False,none,-0.09705884237803067,0.1805376689402573,0.07934379588440284,0.9794854802281454,47.42515680715142,0.4529241745545678,0,before_peak,0,0.5518895755246741,False,-0.4584538509194396,-0.2316485000956406,rising,median_fraction_ge_0.5,at_least_6_Rdisk
ml_0.3,NGC4100,0.3,0.42,24,1,73,2.15,4.93,59.394,8970.780000000001,3.102,158.2,2.61,22.76,8.720306513409962,1.213953488372093,10.58604651162791,178.5,0.230229997734234,0.2033037075495518,0,0,0,9,1.451530612244898,-0.3734009460632017,0.3449033391915641,44.55503498711378,2.025228863050626,1.362519647979339,3.509207744779138,201.4274017290269,False,none,-0.4904430023520689,-0.4749492824388586,0.7437576199023997,6.485794417233188,9.702970438673164,2.345673435145735,15,straddles_peak,0,26.99148189958966,1.226885540890439,1.060492847288264,5.089238953972012,343.6003972655979,False,none,-0.1796523646683923,-0.09320548743474626,0.5128468172953377,4.472181441242101,11.00589445403183,2.067982760970622,14,straddles_peak,0,0.2176700599765343,False,-0.1170420562888673,0.1937485813948094,declining,median_fraction_lt_0.5,at_least_6_Rdisk
ml_0.3,NGC4138,0.3,0.42,7,2,53,1.51,1.91,44.111,3952.12,1.483,147.3,2.61,18.58,7.118773946360153,1.728476821192053,12.3046357615894,162,0.2529448788294467,0.2075222892313388,0,0,0,3,1.379361544172234,0.1046212320762583,0.2820236813778256,2.215740222802158,0.4431480445604317,0.5626138262993235,2.30411910218019,190.4158877337898,False,none,-0.4849714625608188,-0.4971270345934227,1.132753943808886,8.06381926282341,6.370896556038355,2.916387016579294,5,straddles_peak,0,4.085044027448434,0.8170088054896867,0.7639225865275349,2.068260256014314,326.3709852161101,False,none,-0.2445183754471177,-0.1923250836096659,1.261930162033697,8.98339555961153,4.472781546914091,4.154014633873391,6,straddles_peak,0,-0.2656778999883354,True,-0.5895926946370771,-0.349139607523376,rising,median_fraction_lt_0.5,at_least_6_Rdisk
ml_0.3,NGC4157,0.3,0.42,17,1,82,2.32,4.44,105.62,23813.87,8.226000000000001,184.7,1.74,29.61,17.01724137931035,0.75,12.76293103448276,185,0.3608378189390359,0.2343621396404209,0,0,0,6,1.416746411483254,0.01746979194717597,0.2357311719013847,50.83904481668911,3.389269654445941,1.72931548539893,5.722560564961912,187.6478490282165,False,none,-0.435808019743715,-0.4013106722966143,0.3040596915048256,5.174257164056257,15.82289793984166,1.871338620306888,8,straddles_peak,0,10.8909781810508,0.7260652120700534,0.8004035078358473,13.39022630862629,337.3630181047442,False,none,-0.1082204074966038,0.02833688032348955,0.1299455259302864,2.211314380917115,28.95745686166333,1.022534545815056,1,straddles_peak,0,0.6691304942893921,False,-0.453277811690891,-0.1256901994437798,flat_band,median_fraction_lt_0.5,at_least_6_Rdisk
ml_0.3,NGC4183,0.3,0.42,23,1,82,2.79,4.47,10.838,1098.58,3.506,110.6,0.87,21.02,24.16091954022988,0.3118279569892473,7.534050179211469,109,0.2100022037892355,0.1907134501484417,0,0,0,8,1.496085409252669,0.08655046204247313,0.4567078972407231,57.26823733520294,2.72705892072395,1.577949100066326,3.341523089444179,125.2880995104582,False,none,-0.437992434534189,-0.4634784105516953,0.2603603137588116,6.290544592195655,9.239321839881926,2.275058750444895,13,straddles_peak,0,4.332048575579362,0.2062880274085411,0.4339930161519513,7.472136079975738,212.1948220379184,False,none,-0.07628090408237123,-0.01123724010390039,0.1164325690389227,2.813117932411672,16.15910390259666,1.300814706477766,5,straddles_peak,0,1.121220498369243,False,-0.5245428965766621,-0.1628313661248444,flat_band,median_fraction_lt_0.5,at_least_6_Rdisk
ml_0.3,NGC4217,0.3,0.42,19,1,86,2.94,5.28,85.29900000000001,4373.51,2.562,181.3,0.87,16.72,19.2183908045977,0.2959183673469388,5.687074829931973,179,0.5091574013296398,0.3647654995162448,0,4,88.68138427742051,7,1.473127753303965,-0.1753679193855587,0.5741626794258373,123.4172026074273,7.259835447495724,2.548654986948248,5.790979322122202,175.6493548338408,False,none,-0.06272290642517395,0.1694796070291955,0.1502336567973055,2.887249128334424,16.01207601833095,1.044211879887318,1,straddles_peak,0.7185496219639937,175.6818666361773,10.3342274491869,3.040791678738123,499.9999999980338,1268.01749925314,True,length_upper,0.1374708740851041,0.4819918680715771,0.001740000000006842,0.0334400000001315,1081.290793528053,0.01546300042511757,0,before_peak,0.5047839368708006,-0.1533512388068367,True,0.1126450129603848,0.3128387934706628,declining,median_fraction_ge_0.5,3_to_6_Rdisk
ml_0.3,NGC4559,0.3,0.42,32,1,67,2.1,3.82,19.377,1602.62,5.811,121.2,0.67,20.97,31.29850746268657,0.3190476190476191,9.985714285714284,119.5,0.2890516009732942,0.271429178984144,0,0,0,11,1.45827538247566,-0.09809829348984471,0.6857415355269433,49.36264223289233,1.645421407763078,1.242007475733494,4.412997060649362,125.6062446310043,False,none,-0.2211538216371699,-0.3412805125443448,0.1518242570280369,4.751872641608855,12.20195073635553,1.718577664595891,14,straddles_peak,0,6.676910562060132,0.2225636854020044,0.4567860057667913,12.17462319790163,232.8217217674948,False,none,0.07953892377343999,0.07836725592468667,0.05503250401338734,1.722435237553332,26.32861595723172,0.796471794569974,0,before_peak,0,0.868822839266185,False,-0.1230555281473252,0.1776372172632847,flat_band,median_fraction_lt_0.5,at_least_6_Rdisk
ml_0.3,NGC5005,0.3,0.42,18,1,68,9.449999999999999,3.97,178.72,96.56999999999999,1.28,262.2,0.49,11.47,23.40816326530613,0.05185185185185186,1.213756613756614,260,0.5367382621086474,0.4212213791035354,0,0,0,5,1.400488400488401,-0.005024832922273042,0.7140366172624236,9.808828081820595,0.6130517551137872,0.7381970559643797,2.178988495465497,246.7976494891665,False,none,-0.3657673285830395,-0.4126000472806218,0.2248749825984379,5.263910306947108,6.024910035367912,1.903762866610104,7,straddles_peak,0,0.9650600606524137,0.06031625379077585,0.2315479384793201,7.753907982154278,447.8992874187504,False,none,-0.06496087628790308,0.1043536431942281,0.06319394054298058,1.479254077608138,16.76845863000014,0.6840223214958608,0,before_peak,0,1.007062780207499,False,-0.3607424956607664,-0.05993604336563003,flat_band,median_fraction_ge_0.5,below_3_Rdisk
ml_0.3,NGC5033,0.3,0.42,22,1,66,5.16,2.94,110.509,614.9400000000001,11.314,194.2,0.76,44.59,58.67105263157895,0.1472868217054263,8.641472868217054,217.5,0.2165193013232809,0.1742458583586136,0,0,0,7,1.444444444444444,-0.1299403963118793,0.1536218883157658,272.1817465998279,13.60908732999139,3.517370832414383,7.18400756904499,237.2930451637221,False,none,-0.4832316827859621,-0.465404389205712,0.1057905344190821,6.206842012824827,19.86380349734323,2.244786604235381,11,straddles_peak,0,52.17631346502715,2.608815673251358,1.540016432395021,8.223305950817336,411.4235355170607,False,none,-0.195842717649541,-0.1226793321706102,0.09242025099704111,5.422393410471137,17.7835700340364,2.507370562528116,12,straddles_peak,0,0.7173856060067293,False,-0.3532912864740828,-0.06590232133766169,declining,median_fraction_lt_0.5,at_least_6_Rdisk
ml_0.3,NGC5055,0.3,0.42,28,1,55,3.2,4.18,152.922,3348.34,11.722,179,0.72,54.59,75.81944444444446,0.225,17.059375,189,0.3890018110010324,0.1962121291470304,0,0,0,7,1.459625668449198,-0.1231434411416391,0.1448983330280271,7304.088761664923,280.9264908332663,16.15117063610574,6.807155380371555,223.3660267350764,False,none,-0.4581803699251438,-0.4958737645795528,0.1057710540993557,8.019502560116429,18.82180601176041,2.900359294208568,13,straddles_peak,0,63.98555006832683,2.460982694935647,1.511687208626824,12.44206612240528,351.0534899555856,False,none,-0.1376398522924928,-0.08939674421190541,0.05786820234811699,4.387534953032926,26.90698310135402,2.028841352981446,10,straddles_peak,0,2.05748413442083,False,-0.3350369287835047,-0.01449641115085371,declining,median_fraction_lt_0.5,at_least_6_Rdisk
ml_0.3,NGC5371,0.3,0.42,19,1,53,7.44,9.800000000000001,340.393,1395.82,11.18,209.5,1.45,46.24,31.8896551724138,0.1948924731182796,6.21505376344086,215,0.3931676255604922,0.340873027324338,0,0,0,6,1.455919395465995,-0.002392645488189702,0.3737024221453287,642.6416293932811,37.80244878784006,5.815775412812805,5.336369156910982,234.6211504039841,False,none,-0.5721798780363437,-0.4981976464650267,0.27172033218919,8.665067696846998,14.75507748334042,3.133836474407429,11,straddles_peak,0,74.61871866986831,4.389336392345195,1.981741906158481,6.0729855707522,384.5068883723908,False,none,-0.3528727991014883,-0.1689472337218644,0.2387622995488861,7.614047400786548,13.13332677381777,3.520813941231004,12,straddles_peak,0,0.9351210678988177,False,-0.569787232548154,-0.3504801536132986,flat_band,median_fraction_lt_0.5,at_least_6_Rdisk
ml_0.3,NGC5585,0.3,0.42,24,1,51,1.53,2.27,2.943,297.05,1.683,90.3,0.09,10.96,121.7777777777778,0.05882352941176471,7.163398692810458,68.69999999999999,0.2378390522197087,0.176864050908607,0,0,0,6,1.455511288180611,-0.05344939913085821,0.8120437956204379,321.9181146391984,14.63264157450902,3.662411060576525,2.506599008564987,100.181896229903,False,none,-0.2272357287992405,-0.2750769517597277,0.0359052244465398,4.37245844371196,6.930754133293486,1.581357495766744,6,straddles_peak,0,128.158421203641,5.82538278198368,2.310829768031037,23.56818160613399,234.8730954523142,False,none,0.2539093241948518,0.3089792320535157,0.003818707845350958,0.4650337553894056,50.96811558202018,0.2150363982431855,0,before_peak,0,0.3999982668816068,False,-0.1737863296683823,0.3073587233257101,flat_band,median_fraction_lt_0.5,at_least_6_Rdisk
ml_0.3,NGC5907,0.3,0.42,19,1,88,5.34,7.88,175.425,8646.290000000001,21.025,215,5.03,50.33,10.00596421471173,0.9419475655430712,9.425093632958802,218,0.2552115527556992,0.2028668302040466,0,0,0,7,1.428611978427477,0.03855080285540349,0.2000794754619511,676.6384001928773,39.80225883487513,5.967624936151106,7.924628963914213,246.388145503947,False,none,-0.4555833466460771,-0.4721579238371564,0.6347300325232554,6.351085991430506,21.9116239808573,2.296954349160514,12,straddles_peak,0,77.14958082913185,4.538210637007756,2.015069292645996,8.26216772829455,424.5426347389486,False,none,-0.19952381183483,-0.1403007766334641,0.6087990664694817,6.091621673043541,17.86761179844923,2.816828604053747,13,straddles_peak,0,0.9430230701948693,False,-0.4941341495014806,-0.2380746146902335,flat_band,median_fraction_lt_0.5,at_least_6_Rdisk
ml_0.3,NGC5985,0.3,0.42,33,1,60,7.01,10.71,208.728,1461.61,11.586,293.6,3.54,34.72,9.807909604519773,0.5049928673323824,4.952924393723253,291,0.1706840544173229,0.1643170100329898,0,0,0,7,1.494619027120103,-0.08412195059232216,0.3856566820276498,750.0035185227918,24.19366188783199,4.767324128814351,4.608307063752357,352.2427781355005,False,none,-0.4361379872071241,-0.4909728124742278,0.7681779775147018,7.534220163647019,12.74198350851185,2.724850489471005,20,straddles_peak,0,62.9886078051091,2.031890574358358,1.381573628535198,7.944786627697509,575.2172108571383,False,none,-0.1089499895539682,-0.08614638005492954,0.4455752137708364,4.370161418678938,17.18124927421577,2.020807651752366,14,straddles_peak,0,1.07580129128358,False,-0.352016036614802,-0.02482803896164604,flat_band,median_fraction_lt_0.5,3_to_6_Rdisk
ml_0.3,NGC6015,0.3,0.42,44,2,60,2.3,3.92,32.129,1926.77,5.834,154.1,0.34,29.23,85.97058823529412,0.1478260869565218,12.70869565217391,152,0.2254911707368906,0.1561303016609773,0,0,0,12,1.448463825569871,-0.2214547638134284,0.7198084160109476,2428.765255402401,57.82774417624765,7.429617106557684,2.728116546785026,188.4456982196513,False,none,-0.5027836014912969,-0.499907040940867,0.1246281066696642,10.71435164104201,7.543250822380774,3.874987149210893,25,straddles_peak,0,371.1428227250407,8.836733874405732,2.904318190701879,5.939262781011423,305.2516796260261,False,none,-0.1738833349941425,-0.1082555893246548,0.05724616211409658,4.921486231161891,12.84414033095345,2.275745923575579,20,straddles_peak,0,0.8158444750300795,False,-0.2813288376778684,0.04757142881928589,declining,median_fraction_lt_0.5,at_least_6_Rdisk
ml_0.3,NGC6195,0.3,0.42,23,1,62,13.94,9.52,391.076,174.11,20.907,251.7,1.33,36.43,27.39097744360902,0.09540889526542325,2.613342898134864,247,0.5160597472943984,0.356616020560605,0,0,0,4,1.398464491362764,-0.1472977831123286,0.5242931649739226,681.8681323200735,32.46991106286065,5.444854500871017,4.493081499677731,245.5592851758651,False,none,-0.4782652344758679,-0.4971058633356676,0.2960106555145717,8.108021188267553,12.4233844618584,2.932373228233047,11,straddles_peak,0,130.2641561110577,6.203055052907511,2.379844314519405,8.390488765273552,405.7582324013462,False,none,-0.2403672134867251,-0.09080370662489803,0.1585128157854864,4.341820961703211,18.14511651025306,2.007702732545967,6,straddles_peak,0,0.7188754634664036,False,-0.3309674513635394,-0.09306943037439652,declining,median_fraction_ge_0.5,below_3_Rdisk
ml_0.3,NGC6503,0.3,0.42,31,1,74,2.16,1.62,12.845,398.87,1.744,116.3,0.76,23.5,30.92105263157895,0.3518518518518519,10.87962962962963,116,0.1563010723938929,0.1195464257088847,0,0,0,11,1.47705845380264,0.01618186134499433,0.1612765957446808,1073.827439651871,37.02853240178865,5.885541166917423,3.993574742905994,131.1478678986249,False,none,-0.4423148476738105,-0.4473377446491092,0.1903056907473761,5.884452279688603,11.04224671015806,2.12819008819842,17,straddles_peak,0,48.03604159113089,1.656415227280375,1.244809113376889,6.173992644683471,231.1631257452568,False,none,-0.1090372627523366,-0.06549337531743077,0.123097004440789,3.806288953103345,13.35176281206481,1.760067215900894,14,straddles_peak,0,1.349367285173394,False,-0.4584967090188048,-0.1252191240973309,flat_band,median_fraction_lt_0.5,at_least_6_Rdisk
ml_0.3,NGC6674,0.3,0.42,15,1,54,6.04,7.75,214.654,1370.35,32.165,241.3,2.5,72.41,28.964,0.4139072847682119,11.98841059602649,242,0.1819347105388976,0.1220312243373653,0,0,0,5,1.380552907530982,0.06678730440671217,0.1731804999309488,1035.216506842622,79.63203898789402,8.307492629518737,13.19145208814761,276.9561751598223,False,none,-0.4378066947656523,-0.43460630307898,0.1895166645259793,5.489160671330465,36.47440646536172,1.985227643629098,8,straddles_peak,0,202.6930120059111,15.59177015430086,3.675985237601036,12.18235124918609,494.8511661873957,False,none,-0.1811900798261399,-0.1390946640500773,0.2052149005445092,5.943844379371164,26.34532849864338,2.748494861384198,10,straddles_peak,0,0.7081924120155897,False,-0.5045939991723645,-0.247977384232852,flat_band,median_fraction_lt_0.5,at_least_6_Rdisk
ml_0.3,NGC6789,0.3,0.42,4,2,43,0.31,0.52,0.1,319.76,0.017,0,0.1,0.71,7.1,0.3225806451612904,2.290322580645161,38.3,0.1221701104511566,0.09489027230102348,0,0,0,2,1.392156862745098,,1,0.6874343793915731,0.3437171896957866,0.4145583129644047,0.4803596079043374,81.09702394631259,False,none,,,0.2081773703585727,1.478059329545866,1.328195824930212,0.5345597288241029,0,before_peak,0,4.023912063024857,2.011956031512428,1.002984554096529,499.9999999999972,1796.5451419879,True,length_upper,,,0.0002000000000000011,0.001420000000000008,1081.290793532299,0.0006566226257051655,0,before_peak,0,-0.7674172333368687,True,,,unresolved,median_fraction_lt_0.5,below_3_Rdisk
ml_0.3,NGC6946,0.3,0.42,58,1,38,2.44,4.2,66.173,2232.7,5.67,158.9,0.19,20.4,107.3684210526316,0.0778688524590164,8.360655737704917,167,0.3804989360110206,0.2778377256976737,0,0,0,20,1.493411420204978,-0.2632018850749941,0.3392156862745098,398.8395780388639,7.12213532212257,2.622316618744946,2.891540734828022,167.6151424693518,False,none,-0.5458804590027054,-0.4855017658861523,0.06570891349082118,7.055062290593431,7.995119215725254,2.551556699727019,35,straddles_peak,0,97.31844603102442,1.73782939341115,1.295339431158573,7.839401490684301,307.032771279631,False,none,-0.1721560863831534,0.00249319862283786,0.02423654410681483,2.602239472521171,16.95334531736072,1.203302334620047,10,straddles_peak,0,0.6126030825593085,False,-0.2826785739277113,0.09104579869184071,declining,median_fraction_lt_0.5,at_least_6_Rdisk
ml_0.3,NGC7331,0.3,0.42,36,1,75,5.02,3.99,250.631,1806.47,11.067,239,2.67,36.31,13.59925093632959,0.5318725099601594,7.233067729083666,239,0.4106755452649873,0.2567700035124089,0,0,0,12,1.477818477818478,0.0149590944189932,0.1473423299366566,446.6051021059574,13.13544417958698,3.522172238934524,8.505670962167763,235.3366346098398,False,none,-0.3419717093244558,-0.2501649921943017,0.3139082162801559,4.268916604169462,23.51820693140206,1.543910218406916,12,straddles_peak,0,47.88121891936593,1.408271144687233,1.153270939056073,20.10216170028214,435.7225700769703,False,none,-0.1047408340896087,0.07030759218429478,0.1328215363008708,1.806273401904352,43.47256475322556,0.835239425281571,0,before_peak,0,0.969758482455917,False,-0.356930803743449,-0.1196999285086019,flat_band,median_fraction_lt_0.5,at_least_6_Rdisk
ml_0.3,NGC7793,0.3,0.42,46,1,47,1.21,2.19,7.05,1068.64,0.861,0,0.11,7.87,71.54545454545455,0.09090909090909091,6.504132231404959,76.2,0.3205565228330942,0.2652574624431554,0,1,0.4702155654803999,6,1.499047619047619,-0.4617267002069095,0.5336721728081322,89.46531394399494,2.033302589636249,1.394596045174832,1.430247437773179,110.1846469434978,False,none,-0.405173298594197,-0.4151381142145451,0.0769097689636587,5.502544379490854,3.954638658639635,1.990068038910847,10,straddles_peak,0.005255842121950789,43.56151594463374,0.9900344532871305,0.9731338433418372,5.273361222005216,198.038871956199,False,none,-0.01603981576119425,0.1090186355044084,0.02085956098379547,1.492406772204276,11.40407388064901,0.6901042629471387,0,before_peak,0.01079428838238869,0.312551705426422,False,0.05655340161271255,0.4456868844457153,declining,median_fraction_lt_0.5,at_least_6_Rdisk
ml_0.3,NGC7814,0.3,0.42,18,1,90,2.54,2.08,74.529,2635.3,1.07,218.9,0.63,19.53,31,0.2480314960629921,7.688976377952756,221,0.2612905329008927,0.1773474639706525,0,0,0,6,1.394004282655246,0,0.03225806451612903,167.5935731101242,10.47459831938276,3.051352824842379,3.96171657043975,232.8171203142441,False,none,-0.3939857584887623,-0.379501390842801,0.1590219766605035,4.929681276475609,10.95415876320479,1.78288451191721,8,straddles_peak,0,11.1368145376093,0.6960509086005811,0.7865824297275347,6.402429411963818,412.9077148484019,False,none,-0.1086723222704723,-0.03198342045375639,0.09840014773497674,3.050404579784279,13.84577595879385,1.410538496226059,6,straddles_peak,0,1.177496372883555,False,-0.3939857584887623,-0.1086723222704723,flat_band,median_fraction_lt_0.5,at_least_6_Rdisk
ml_0.3,UGC00128,0.3,0.42,22,1,57,5.95,9.630000000000001,12.02,88.89,7.431,129.3,1.25,53.75,43,0.2100840336134454,9.033613445378151,127.5,0.1182283158818374,0.1098528228444503,0,0,0,8,1.483577146011593,0.03180933584834525,0.8610232558139536,1370.36546363709,68.51827318185452,7.892359549350966,8.380812626740369,146.242940132508,False,none,-0.4827952146004257,-0.4694690175866142,0.1491502143851383,6.413459218560947,23.17297324169635,2.319512452691431,13,straddles_peak,0,60.79132611176981,3.03956630558849,1.662300242432015,15.81931662174751,260.393595004276,False,none,-0.1050121887575159,-0.0455975948326956,0.07901731976725028,3.397744749991762,34.21056284613628,1.571152168461633,8,straddles_peak,0,1.352994787617629,False,-0.514604550448771,-0.1368215246058612,flat_band,median_fraction_lt_0.5,at_least_6_Rdisk
ml_0.3,UGC00191,0.3,0.42,9,1,45,1.58,2.5,2.004,207.41,1.343,0,0.62,9.98,16.09677419354839,0.3924050632911392,6.316455696202532,57.6,0.1631392266305746,0.2173684145711091,0,0,0,2,1.339597315436242,,1,234.3030853869866,33.47186934099808,5.102320663591188,1.655737985552475,94.23279618161703,False,none,,,0.3744553820773295,6.027523730857658,4.578120731639686,2.179933773049623,3,straddles_peak,0,27.79593742086649,3.970848202980928,1.757395086828055,7.552758177677769,163.9735667892291,False,none,,,0.08208921633853106,1.321371579126677,16.3334557665976,0.611015828041081,0,before_peak,0,0.9257966823320598,False,,,unresolved,median_fraction_lt_0.5,at_least_6_Rdisk
ml_0.3,UGC00634,0.3,0.42,4,2,37,2.45,4.26,2.989,126.13,3.663,0,4.51,18.01,3.993348115299336,1.840816326530612,7.351020408163265,102.6,0.1652589299734201,0.1477936433702995,0,0,0,2,1.333086602516655,,0.7501388117712381,4.901933514313299,2.45096675715665,1.107015527704253,5.141092269023817,116.7019008215927,False,none,,,0.8772454887016358,3.503146618961522,14.2151362748599,1.266959363017257,1,straddles_peak,0,5.686106257366928,2.843053128683464,1.192277888892406,19.79433400508155,239.253548759966,False,none,,,0.2278429776340141,0.9098563253189788,42.80686224759623,0.4207269361587308,0,before_peak,0,-0.06444755462280331,True,,,unresolved,median_fraction_lt_0.5,at_least_6_Rdisk
ml_0.3,UGC00731,0.3,0.42,12,1,57,2.3,1.4,0.323,82.56999999999999,1.807,73.3,0.91,10.91,11.98901098901099,0.3956521739130435,4.743478260869566,66.34999999999999,0.1136475196433725,0.2323946457268079,0,0,0,5,1.498626373626374,0.07368279926360451,0.8331805682859762,48.57162164105154,4.857162164105154,2.011873538956735,2.073599153708189,78.2989905742492,False,none,-0.2025175103704807,-0.3915445314115496,0.4388504877486372,5.261383320151244,5.733508174322851,1.902848948373308,6,straddles_peak,0,3.516561416333685,0.3516561416333685,0.5413379579287543,8.15422669681478,147.0876343242232,False,none,0.184539267761049,0.1301877218406517,0.1115985652392355,1.337956425011054,17.63418051128232,0.6186848315984858,0,before_peak,0,1.140264396611016,False,-0.2762003096340852,0.1108564684974445,flat_band,median_fraction_lt_0.5,3_to_6_Rdisk
ml_0.3,UGC00891,0.3,0.42,5,2,60,1.43,1.76,0.374,113.98,0.428,0,1.48,7.39,4.993243243243243,1.034965034965035,5.167832167832167,54.15,0.2164063334211507,0.1440048633393128,0,0,0,2,1.244107744107744,,1,2.831550929672315,0.9438503098907717,0.7525358369768599,3.006795617633512,69.10792738122981,False,none,,,0.492218357416933,2.457765987372388,8.31379932876165,0.8888836147914035,0,before_peak,0,8.184035000777412,2.728011666925804,1.279377583106521,181.2885311586375,436.9226448951332,False,none,,,0.008163781738100787,0.04076374800308433,392.0512394296582,0.01884957693476675,0,before_peak,0,-0.4609431005937216,True,,,unresolved,median_fraction_lt_0.5,3_to_6_Rdisk
ml_0.3,UGC01281,0.3,0.42,25,1,90,1.63,2.01,0.353,135.78,0.294,55.2,0.08,4.99,62.375,0.049079754601227,3.061349693251534,37.4,0.140623291790571,0.1522097322820783,2,0,0,5,1.442196531791908,0.1373801408232712,1,365.8068233189238,15.90464449212712,3.82521540998111,0.4117081441150543,51.82273534853597,False,none,-0.2195336920391669,-0.4999857274665904,0.1943124058717758,12.12023631625202,1.138374311880696,4.383443958565854,18,straddles_peak,0,21.41209542675184,0.9309606707283409,0.9254641090123774,499.999999999931,772.6328706645502,True,length_upper,0.4456101451595035,0.4944783044792569,0.0001600000000000221,0.009980000000001378,1081.290793532156,0.004614854791928464,0,before_peak,0,1.232592631795891,False,-0.3569138328624382,0.3082300043362323,rising,median_fraction_lt_0.5,3_to_6_Rdisk
ml_0.3,UGC02259,0.3,0.42,8,2,41,1.62,2.4,1.725,172.52,0.494,86.2,1.02,8.140000000000001,7.980392156862745,0.6296296296296297,5.024691358024691,83.25,0.1271581331746365,0.140179214440238,0,0,0,3,1.332242225859247,0.1588220133407833,1,84.21283201228383,14.0354720020473,3.244472838772961,1.638273301455449,96.86770385999334,False,none,-0.3439052864000717,-0.3962409412158855,0.6226067403368092,4.968645947393751,4.529830825245194,1.796976601120505,4,straddles_peak,0,4.091172853271535,0.6818621422119224,0.7151199945875809,3.572769376177932,173.7750029012794,False,none,0.007202985033108513,0.0173577376836896,0.2854928187643538,2.278344651707687,7.726405267750708,1.053530033426489,1,straddles_peak,0,1.313530443629356,False,-0.5027272997408551,-0.1516190283076748,rising,median_fraction_lt_0.5,3_to_6_Rdisk
ml_0.3,UGC02487,0.3,0.42,17,1,36,7.89,9.630000000000001,489.955,1150.35,17.963,332,9.93,80.38,8.094662638469284,1.258555133079848,10.18757921419518,364,0.1547317227840841,0.1191344089782558,0,0,0,6,1.454578356858487,0.01220845347794581,0.3749688977357552,485.7269656163992,32.38179770775994,5.345294608159917,12.30384577004494,414.3324990308417,False,none,-0.4748807612064664,-0.4751180427448133,0.8070647328964146,6.5329167402028,34.02017220734638,2.362715847236146,10,straddles_peak,0,71.39561124594941,4.759707416396627,2.049327167144627,9.305738225341893,738.018719279577,False,none,-0.2199682248812421,-0.1847322426711156,1.067083530563764,8.637681186980394,20.12441814016767,3.994152747182497,12,straddles_peak,0,0.8327206983186968,False,-0.4870892146844122,-0.2321766783591879,flat_band,median_fraction_lt_0.5,at_least_6_Rdisk
ml_0.3,UGC02885,0.3,0.42,19,1,64,11.4,12.2,403.525,470.79,40.075,289.5,1.7,74.06999999999999,43.57058823529412,0.1491228070175439,6.497368421052631,287,0.2365137818416687,0.1895410222287284,0,0,0,7,1.460658647209623,0.03631205608032265,0.02295126231942757,346.2689180139373,20.36875988317278,4.26903734997369,14.55547721821484,326.1553390930503,False,none,-0.3336361395753074,-0.383032519021951,0.1167945217125967,5.088806013677669,40.24594023515359,1.840434080238039,9,straddles_peak,0,111.0398505982616,6.531755917544801,2.417478575513421,16.09789187715093,563.1800926264513,False,none,-0.1062528923881603,-0.09686823936133984,0.1056038898119915,4.601223599043654,34.81300456408354,2.127653183845492,11,straddles_peak,0,0.4939346411353097,False,-0.3699481956556301,-0.142564948468483,flat_band,median_fraction_lt_0.5,at_least_6_Rdisk
ml_0.3,UGC02916,0.3,0.42,43,2,50,6.15,2.8,124.153,520.99,23.273,182.7,0.37,38,102.7027027027027,0.06016260162601626,6.178861788617886,211,0.4234683325617448,0.3426199647385582,0,0,0,5,1.499605367008682,-0.374360912977297,0.2239473684210526,988.5232087621268,24.11032216492992,4.794675362490913,3.66265942968539,198.9744596165449,False,none,-0.4541850831867462,-0.4997360375983477,0.1010194933771884,10.37497499549503,10.12726482951541,3.752247091361816,13,straddles_peak,0,421.3920256085986,10.27785428313655,3.130465548291049,11.1757074853264,381.4263741034536,False,none,-0.1492077129139023,-0.04435127233466865,0.03310752366110213,3.400232159788867,24.168379230187,1.572302372371619,5,straddles_peak,0,0.3703005574360383,False,-0.07982417020944915,0.2251532000633947,declining,median_fraction_lt_0.5,at_least_6_Rdisk
ml_0.3,UGC02953,0.3,0.42,115,2,50,3.55,5.03,259.518,4215.31,7.678,264.9,0.09,62.39,693.2222222222223,0.02535211267605634,17.57464788732394,266,0.371443455806213,0.1230203816863905,0,0,0,15,1.486892278360343,0.0608622292301498,0.1322327296041032,14726.25762107214,130.3208639032932,11.3161130294938,4.802554828310455,340.491167629044,False,none,-0.4974103913536351,-0.4999947419506927,0.01874002551089294,12.99100212916234,13.27907918775446,4.698367945386911,38,straddles_peak,0,906.4288442714367,8.021494197092361,2.807488192350309,6.984178828675061,556.1343819865646,False,none,-0.227590462194023,-0.1869868760653265,0.01288626797906226,8.933047324596604,15.10385653565916,4.130733091426122,37,straddles_peak,0,1.210758676609631,False,-0.5582726205837849,-0.2884526914241728,flat_band,median_fraction_lt_0.5,at_least_6_Rdisk
ml_0.3,UGC03205,0.3,0.42,48,1,67,3.19,5.35,113.642,3915.89,9.677,219.6,0.28,40.04,143,0.08777429467084641,12.55172413793103,221,0.2928787634894079,0.159367542279767,0,0,0,4,1.377838953888507,0.205023009548854,0.1448551448551449,1635.351066912626,35.55111015027448,5.836935316929,4.230933422116472,263.485458945777,False,none,-0.5252698936229433,-0.4996243074870029,0.06617924984031857,9.463632727165555,11.69854420384968,3.422648092129608,19,straddles_peak,0,159.9806409636842,3.477840020949655,1.825631403125163,5.664781341903971,422.3845785524495,False,none,-0.2433849927779505,-0.1628649861374367,0.04942820968724102,7.068233985275465,12.25055182474868,3.268424196133828,18,straddles_peak,0,1.009543566160883,False,-0.7302929031717973,-0.4484080023268046,rising,median_fraction_lt_0.5,at_least_6_Rdisk
ml_0.3,UGC03546,0.3,0.42,30,1,55,3.79,2.58,101.336,922.21,2.675,196.9,0.63,29.23,46.3968253968254,0.1662269129287599,7.712401055408971,204.5,0.5813933357262281,0.2022049135602853,0,0,0,4,1.397227533460803,0.02358348648150066,0.02155319876838864,115.9135039830749,4.139767999395531,1.965650901381651,5.346910211255027,199.7193459954952,False,none,-0.4712807369181419,-0.4314234721325391,0.117825056922384,5.466708593398866,14.78422353171698,1.977107552337268,8,straddles_peak,0,23.59369101453198,0.8426318219475709,0.8868237520223882,8.572907821578495,364.9360222250418,False,none,-0.1610595872088179,-0.05185946368599443,0.07348731761867942,3.40957824443492,18.53961260254783,1.576624098174686,5,straddles_peak,0,0.6913381468908498,False,-0.4948642233996426,-0.1846430736903185,flat_band,median_fraction_ge_0.5,at_least_6_Rdisk
ml_0.3,UGC03580,0.3,0.42,47,2,63,2.43,1.84,13.266,302.57,4.37,126.2,0.11,27.06,246,0.04526748971193415,11.1358024691358,91.40000000000001,0.5579056066996134,0.1467959552473632,0,10,34.12459662198476,5,1.494202098288238,-0.04057614832985213,0.7767923133776793,714.0793278571379,15.8684295079364,3.897842632591745,6.015737949667241,133.9085338891539,False,none,-0.3117575599978321,-0.2877580059890676,0.01828537095870085,4.49820125584041,16.63353432958392,1.626834048845042,5,straddles_peak,0.04778824325357293,316.3531718964176,7.030070486587058,2.594401385866807,30.46333106036806,283.3137283209033,False,none,0.1139822416421558,0.2057851890778928,0.003610898617160975,0.8882810598215997,65.87943883180539,0.4107503111719878,0,before_peak,0.1078686722735249,0.3535742674624171,False,-0.27118141166798,0.154558389972008,flat_band,median_fraction_ge_0.5,at_least_6_Rdisk
ml_0.3,UGC04278,0.3,0.42,25,1,90,2.21,2.46,1.307,377.42,1.116,91.40000000000001,0.14,6.69,47.78571428571428,0.06334841628959277,3.027149321266969,53.7,0.1184070416095107,0.1318335984781061,0,0,0,9,1.463894967177243,0.6560207926059864,1,23.41858560137821,1.018199373972966,0.9678550635581386,2.886997467958849,96.3193024651776,False,none,0.6785561710862088,0.3885821065425304,0.04849328811465226,2.317286410621597,7.982557068559082,0.8380773156448729,0,before_peak,0,25.22412368558782,1.096701029808166,1.004472472207931,499.999999999943,976.7388011625828,True,length_upper,0.7901092258806823,0.492617081334892,0.000280000000000032,0.01338000000000153,1081.290793532182,0.006187049811222582,0,before_peak,0,-0.03225542559400629,True,0.02253537848022236,0.1340884332746959,rising,median_fraction_lt_0.5,3_to_6_Rdisk
ml_0.3,UGC04325,0.3,0.42,8,1,41,1.86,2.79,2.026,213.22,0.678,90.90000000000001,0.7,5.59,7.985714285714286,0.3763440860215053,3.005376344086021,89.40000000000001,0.149640615480933,0.1720689417631243,0,0,0,3,1.334128878281623,-0.001712702828170478,0.8747763864042933,14.16005573925716,2.360009289876194,1.330416088074383,1.159886268167468,103.4707637039686,False,none,-0.3018131875045952,-0.3783596762097759,0.603507446558486,4.819438037517052,3.207089175326153,1.743013584719393,4,straddles_peak,0,18.99900288381804,3.16650048063634,1.541063061810663,4.259267632844631,191.7803715820324,False,none,0.1090379849668792,0.1229893697294984,0.1643475029843316,1.312432202403448,9.211013757170067,0.6068821681705354,0,before_peak,0,-0.1276658457655504,True,-0.3001004846764247,0.1107506877950497,flat_band,median_fraction_lt_0.5,3_to_6_Rdisk
ml_0.3,UGC04483,0.3,0.42,8,2,58,0.18,0.26,0.013,82.56999999999999,0.032,0,0.08,1.21,15.125,0.4444444444444445,6.722222222222222,20.8,0.2811440379235619,0.2859702904216167,0,0,0,3,1.359550561797753,0.1846732884695167,0.8677685950413224,2.224112743410601,0.3706854572351002,0.527270417268336,0.3562515143621589,23.72648843023656,False,none,0.01441548973984554,-0.05506020965364346,0.2245604489379754,3.396476790186878,0.9850365563940509,1.228380806931144,2,straddles_peak,0,3.53130179633078,0.5885502993884634,0.664388985866975,2.801493725873653,57.68112934765699,False,none,0.2794018428213552,0.3150216608027026,0.02855619459759874,0.431912443288681,6.058458747851392,0.1997207623851729,0,before_peak,0,-0.2007780368752204,True,-0.1702577987296712,0.0947285543518385,rising,median_fraction_lt_0.5,at_least_6_Rdisk
ml_0.3,UGC04499,0.3,0.42,9,1,50,1.73,2.69,1.552,127.3,1.1,72.8,0.91,8.18,8.989010989010989,0.5260115606936416,4.728323699421965,66.90000000000001,0.2385755461266732,0.244093117484259,0,0,0,3,1.28414442700157,0.08081925039461312,1,7.978059514776199,1.139722787825171,0.9415152984404213,2.128302659090464,75.51427023311629,False,none,-0.08666770338150841,-0.2160698107423343,0.4275707668329893,3.843438321641596,5.884763538558753,1.3900303633956,3,straddles_peak,0,6.374240537743477,0.910605791106211,0.8415752780578598,11.44833063071203,160.9315405031738,False,none,0.2508756591842821,0.2316864412950811,0.0794875715380525,0.714514654045351,24.7579490246056,0.3303989353831505,0,before_peak,0,0.09746882379568281,False,-0.1674869537761215,0.170056408789669,flat_band,median_fraction_lt_0.5,3_to_6_Rdisk
ml_0.3,UGC05005,0.3,0.42,11,1,41,3.2,5.02,4.1,65.59,3.093,98.90000000000001,0.78,28.61,36.67948717948718,0.24375,8.940624999999999,72.5,0.1910625959571938,0.1644773945483768,0,0,0,3,1.357854769814903,-0.01676468565100282,0.7941279272981475,1.037894333088753,0.115321592565417,0.3071710114590823,6.669674916524212,109.0904682318309,False,none,-0.2266645531940242,-0.2966294749206538,0.1169472290272408,4.289564387781229,18.44167209732047,1.551377762765718,3,straddles_peak,0,1.787828957735725,0.1986476619706361,0.4031499786043679,66.80238427278945,266.291803414113,False,none,0.2792226259429688,0.3146304254641205,0.01167622995033901,0.428278126768204,144.4656062003489,0.1980402169933988,0,before_peak,0,-0.2361728266253261,True,-0.2098998675430214,0.2959873115939716,flat_band,median_fraction_lt_0.5,at_least_6_Rdisk
ml_0.3,UGC05253,0.3,0.42,73,2,37,8.07,4.28,171.582,189.16,16.396,213.7,0.13,53.29,409.9230769230769,0.0161090458488228,6.603469640644361,246,0.5011945204864724,0.1783818980970645,0,0,0,6,1.452835332606325,0.004800072451057926,0.06661662600863201,7810.703535237913,110.0099089470128,10.34388412729355,3.327092637430288,269.2198310078565,False,none,-0.4333023367632779,-0.4999999523496597,0.03907315309994096,16.01698714381426,9.1994215947295,5.792755495685807,18,straddles_peak,0,771.3581116059928,10.86419875501398,3.250622936308469,6.171318380459686,443.7777591434983,False,none,-0.2106457834013274,-0.1847440875317499,0.02106519093418036,8.635107883711317,13.3459794974955,3.992962825246387,16,straddles_peak,0,1.005434103016914,False,-0.4381024092143358,-0.2154458558523854,flat_band,median_fraction_ge_0.5,at_least_6_Rdisk
ml_0.3,UGC05414,0.3,0.42,6,1,55,1.47,2.33,1.123,127.3,0.574,0,0.68,4.11,6.044117647058823,0.4625850340136055,2.795918367346939,48.9,0.2704475313763154,0.2465229511320036,0,0,0,2,1.201754385964912,,1,1.971640401791874,0.4929101004479686,0.5732422992347818,1.588146170491474,60.80406259918473,False,none,,,0.4281721749765417,2.587922998755274,4.391229150652811,0.9359566214823923,0,before_peak,0,3.017526475015179,0.7543816187537948,0.709169288089379,499.9999999999994,830.3800800094302,True,length_upper,,,0.001360000000000002,0.00822000000000001,1081.290793532303,0.003801012664293266,0,before_peak,0,-0.1848233802740099,True,,,unresolved,median_fraction_lt_0.5,below_3_Rdisk
ml_0.3,UGC05716,0.3,0.42,12,2,54,1.14,1.84,0.588,90.54000000000001,1.094,73.09999999999999,1.03,12.37,12.00970873786408,0.9035087719298247,10.85087719298246,69.95,0.1397459491890883,0.1705417207731282,0,0,0,5,1.497578692493947,0.02569748641918907,1,237.9502902378721,23.79502902378721,4.45299796240196,2.707982815816083,79.33381187862418,False,none,-0.2500948472333097,-0.2966872824035295,0.380356918804744,4.567975811276391,7.487580993000485,1.652068940765206,5,straddles_peak,0,16.89586297731147,1.689586297731147,1.186586946431917,8.181237523150971,148.1726693932988,False,none,0.08405506242094363,0.1065784777026351,0.1258978237809797,1.511996194340504,17.69259362696836,0.6991626135099112,0,before_peak,0,1.148705860051453,False,-0.2757923336524987,0.05835757600175456,flat_band,median_fraction_lt_0.5,at_least_6_Rdisk
ml_0.3,UGC05721,0.3,0.42,23,1,61,0.38,0.6,0.531,913.76,0.5620000000000001,79.7,0.09,6.74,74.8888888888889,0.2368421052631579,17.73684210526316,78.3,0.119898554695974,0.1149714435336318,0,0,0,5,1.367139959432049,0.05121548684052105,0.2804154302670623,49.39615059669516,2.352197647461674,1.465489243084179,0.953146295878506,100.1281928221167,False,none,-0.4193451662460544,-0.4906184937259992,0.0944241197696182,7.071317413858075,2.635452502462786,2.557435580304174,10,straddles_peak,0,18.61497143422869,0.8864272111537472,0.8996369179268376,2.2125911780028,164.0994874463566,False,none,-0.02697560909161386,-0.03326529797670718,0.04067628981565347,3.046202148416715,4.784908941250449,1.408595248677527,5,straddles_peak,0,0.4238307319092505,False,-0.4705606530865755,-0.07819109593213491,flat_band,median_fraction_lt_0.5,at_least_6_Rdisk
ml_0.3,UGC05750,0.3,0.42,11,1,64,3.46,8.800000000000001,3.336,124.98,1.099,0,0.31,22.85,73.70967741935485,0.08959537572254335,6.604046242774567,49.8,0.1821951254371181,0.2534326841986053,0,0,0,1,1,,1,0.3444476421090997,0.03827196023434441,0.1769559889066153,4.941829151047163,87.03021157954703,False,none,,,0.06272980925176494,4.623794004525255,13.66417312765899,1.672256329491836,1,straddles_peak,0,9.910048624372607,1.101116513819179,0.9491646386726597,59.35500066807825,230.8270290610926,False,none,,,0.005222811835746828,0.3849717756348872,128.3600315449936,0.1780149141829282,0,before_peak,0,-1.458952569220355,True,,,unresolved,median_fraction_lt_0.5,at_least_6_Rdisk
ml_0.3,UGC05764,0.3,0.42,10,2,60,1.17,1.2,0.08500000000000001,33.79,0.163,0,0.36,3.62,10.05555555555556,0.3076923076923077,3.094017094017094,49.95,0.1229910892215099,0.163488542537558,0,0,0,4,1.425196850393701,-0.3586565018561305,0.7016574585635359,39.23658408057299,4.904573010071624,1.980822659416359,0.8172908322588195,59.02807882015127,False,none,-0.2559101584950287,-0.2926432905101113,0.4404796747872919,4.429267840916658,2.25981171875734,1.601903366529412,4,straddles_peak,0,54.04330056953128,6.755412571191409,2.324721500944388,2.707013743697714,116.6768609976562,False,none,0.09934553046486648,0.1256552040899709,0.1329878730162075,1.337266945329642,5.854138078051514,0.6183660090923031,0,before_peak,0,-0.139050673819845,True,0.1027463433611018,0.458002032320997,declining,median_fraction_lt_0.5,3_to_6_Rdisk
ml_0.3,UGC05829,0.3,0.42,11,2,34,1.99,2.91,0.5639999999999999,63.22,1.023,0,0.63,6.91,10.96825396825397,0.3165829145728643,3.472361809045226,47.9,0.1885828382895821,0.2866542266664224,0,0,0,4,1.37375745526839,0.5676244785679575,1,5.221807689717743,0.5802008544130826,0.6889918649551243,2.160650305363329,61.85572915629356,False,none,0.2200632290739448,0.01710842633005817,0.2915788818006165,3.198111227368667,5.974204882125038,1.156639274403676,2,straddles_peak,0,0.8473113807377167,0.09414570897085742,0.2775397401090381,84.42591504103677,299.3482136153977,False,none,0.5339867180773998,0.4561445471710335,0.007462163717074039,0.08184690680155811,182.5779293388272,0.03784685271118645,0,before_peak,0,0.7897778337446739,False,-0.3475612494940127,-0.03363776049055767,rising,median_fraction_lt_0.5,3_to_6_Rdisk
ml_0.3,UGC05918,0.3,0.42,8,2,46,1.66,2.63,0.233,24.94,0.297,0,0.5600000000000001,4.46,7.964285714285714,0.3373493975903615,2.686746987951807,38.09999999999999,0.1274596422356795,0.1497645859507593,0,0,0,3,1.335329341317365,0.2651408013051803,1,2.595672593871832,0.4326120989786387,0.5696130916981974,1.13361311345692,46.33182357036844,False,none,-0.08981021695874926,-0.2181947781210619,0.4939956969025318,3.934322871759449,3.134443820013004,1.422899964428616,3,straddles_peak,0,0.9439679746050184,0.1573279957675031,0.3435054538513578,7.247247636069242,103.0378634609426,False,none,0.3085223743381281,0.2600791043372762,0.07727071408639384,0.6154060443309223,15.67276429466086,0.2845700934530968,0,before_peak,0,0.4392926511687155,False,-0.3549510182639295,0.04338157303294787,rising,median_fraction_lt_0.5,below_3_Rdisk
ml_0.3,UGC05986,0.3,0.42,15,2,90,1.67,3.12,4.695,1725.16,2.667,113,0.63,9.41,14.93650793650794,0.377245508982036,5.634730538922156,109,0.1557537451050196,0.1267088389286775,0,0,0,6,1.498407643312102,-0.2117517023111652,0.6004250797024442,3.850423664166112,0.2961864357050855,0.5066506794078218,2.147272513907561,127.1269184292625,False,none,-0.274262254281752,-0.2628169823973812,0.2933954567571581,4.382303568388664,5.937215246722812,1.584918115474098,6,straddles_peak,0,85.5725392443878,6.582503018799061,2.388479840740938,16.41177436203109,299.2782744412098,False,none,0.2065237573094682,0.2800529464830278,0.03838707418848722,0.5733688382756583,35.49180104638747,0.2651316563986486,0,before_peak,0,-1.346825901465867,True,-0.06251055197058689,0.4182754596206333,declining,median_fraction_lt_0.5,3_to_6_Rdisk
ml_0.3,UGC06399,0.3,0.42,9,1,75,2.05,3.45,2.296,311.05,0.674,85,0.87,7.85,9.022988505747126,0.4243902439024391,3.829268292682927,77.5,0.1516512009757928,0.1532677645142306,0,0,0,4,1.498091603053435,0.134722948435574,1,1.481098373992526,0.2115854819989323,0.4056679504214864,2.313237544473699,92.50098161517975,False,none,0.0242413314827594,0.0005845317995261436,0.3760962647690121,3.393512274065225,6.39610907762597,1.227308650419962,2,straddles_peak,0,5.096040563065831,0.7280057947236901,0.7524803846144674,21.63372222783006,243.4544296580728,False,none,0.315388406967657,0.3440091885250651,0.04021499355671741,0.3628594246209559,46.78468934957565,0.1677899353214622,0,before_peak,0,-0.5366489710503038,True,-0.1104816169528146,0.180665458532083,rising,median_fraction_lt_0.5,3_to_6_Rdisk
ml_0.3,UGC06446,0.3,0.42,17,1,51,1.49,2.06,0.988,86.45999999999999,1.379,82.2,0.58,10.22,17.62068965517242,0.3892617449664429,6.859060402684564,80.09999999999999,0.1395816533801509,0.1837014352353626,0,0,0,6,1.464183381088825,-0.03720203517209749,0.8101761252446182,36.66414201547953,2.444276134365302,1.468575580691943,1.810272412569909,91.05117433520699,False,none,-0.3538575921441811,-0.432017317562817,0.3203937683481666,5.645559159514246,5.005408907820838,2.041791227891788,9,straddles_peak,0,3.313831675289497,0.2209221116859665,0.4415102207390326,5.029844298468439,164.9723273801167,False,none,0.02826598575789474,0.04762324792665858,0.1153117205191832,2.031872040872505,10.87744866566976,0.9395585595595846,0,before_peak,0,1.043911081608422,False,-0.3166555569720836,0.06546802092999224,flat_band,median_fraction_lt_0.5,at_least_6_Rdisk
ml_0.3,UGC06614,0.3,0.42,13,1,36,5.1,3.68,124.35,540.54,21.888,199.8,3.23,64.59,19.9969040247678,0.6333333333333334,12.66470588235294,193,0.4166701023252742,0.1676299232738638,0,0,0,2,1.363233431827775,,0.7335500851525004,13.63428466945116,1.23948042449556,1.02410503778632,10.94399703402668,223.6087368815838,False,none,,,0.2951389688755764,5.901865634573833,30.26018618022027,2.134487858578332,4,straddles_peak,0,2.19512139685372,0.1995564906230655,0.410920298921422,50.77764638581864,433.5376210548403,False,none,,,0.06361066788046493,1.272016420557037,109.8108031084492,0.5881934943705938,0,before_peak,0,0.7931738143258623,False,,,unresolved,median_fraction_lt_0.5,at_least_6_Rdisk
ml_0.3,UGC06667,0.3,0.42,9,1,89,5.15,3.5,1.397,614.9400000000001,0.8090000000000001,83.8,0.87,7.85,9.022988505747126,0.1689320388349514,1.524271844660194,77.3,0.07331452029943317,0.1012938114010035,0,0,0,4,1.498091603053435,0.1455282829990095,1,5.578073172709167,0.7968675961013095,0.7872648271571621,2.170870199627267,94.23724807623236,False,none,-0.03123335061957885,-0.06934285642620484,0.4007609483742403,3.616061430733087,6.002462921871158,1.307796499899562,3,straddles_peak,0,9.230497239254168,1.318642462750595,1.012724446412534,20.34535776766291,241.2062297757778,False,none,0.3335098662786132,0.336323067109503,0.04276159750716135,0.3858374027945017,43.99849609058974,0.178415189097314,0,before_peak,0,-0.2187408897337124,True,-0.1767616336185884,0.1879815832796037,rising,median_fraction_lt_0.5,below_3_Rdisk
ml_0.3,UGC06786,0.3,0.42,45,1,64,3.6,3.42,73.407,1078.52,5.03,219.4,0.16,34.05,212.8125,0.04444444444444445,9.458333333333332,218,0.3071579748128688,0.1024465611203903,0,0,0,6,1.453885567890691,-0.1710795800706233,0.3753303964757709,1956.973193578541,45.51100450182653,6.594565428489905,4.347260383042364,272.881127772996,False,none,-0.5007252780083411,-0.4948258414224346,0.03680478874100162,7.832519103944406,12.02018861625698,2.832734251270258,13,straddles_peak,0,47.54065051015652,1.105596523492012,1.02784186537896,9.07727680574399,452.9949352555676,False,none,-0.1125832386092414,-0.0639826302547109,0.01762643173983126,3.75112500463284,19.63035168079061,1.734558837950918,7,straddles_peak,0,1.614519756788046,False,-0.3296456979377178,0.05849634146138193,declining,median_fraction_lt_0.5,at_least_6_Rdisk
ml_0.3,UGC06787,0.3,0.42,71,2,66,5.37,2.88,98.256,429.37,5.03,248.1,0.12,37.19,309.9166666666667,0.0223463687150838,6.925512104283054,238,0.3581128005673341,0.1093473756980679,0,0,0,8,1.440914374273537,0.03393468952334815,0.01586447969884378,6864.324611415135,99.48296538282804,9.83263079393255,4.657343258518039,273.9921239781956,False,none,-0.4945955824926247,-0.4958991553098001,0.02576576243989022,7.985239209495976,12.87756874108872,2.887967499745282,20,straddles_peak,0,1866.318570236053,27.04809522081236,5.127004685542838,9.425904491952361,475.5859903129106,False,none,-0.1222597750489682,-0.07218044433845225,0.012730873742934,3.945509954164297,20.38428749572577,1.824444440738883,13,straddles_peak,0,0.5656120355552611,False,-0.5285302720159728,-0.1561944645723164,flat_band,median_fraction_lt_0.5,at_least_6_Rdisk
ml_0.3,UGC06818,0.3,0.42,8,2,75,1.39,2.12,1.588,286.31,1.079,71.2,0.87,6.98,8.022988505747128,0.6258992805755396,5.02158273381295,55.45,0.2235289029919693,0.150547447055296,0,0,0,3,1.33206106870229,0.1420405088329554,1,5.008377469053313,0.8347295781755522,0.7912314349364945,4.168480142764537,95.43759171322471,False,none,0.5379792725033675,0.6223944192724177,0.2087091626213231,1.674471212754983,11.52586069024136,0.6055946872505394,0,before_peak,0,15.91694299712397,2.652823832853995,1.410538150721382,499.9999999999901,772.350687685926,True,length_upper,0.4178849925462836,0.4920117114500615,0.001740000000000035,0.01396000000000028,1081.290793532283,0.006455247785101579,0,before_peak,0,-0.5021626078145852,True,0.3959387636704121,0.2758444837133283,rising,median_fraction_lt_0.5,3_to_6_Rdisk
ml_0.3,UGC06917,0.3,0.42,11,1,56,2.76,4.52,6.832,261.11,2.023,108.7,1.74,10.47,6.017241379310345,0.6304347826086957,3.793478260869566,100,0.1812381632653061,0.1825052716599883,0,0,0,4,1.33375796178344,0.282696673728256,1,12.4510907031608,1.383454522573423,1.063916038346533,2.507663568152786,112.4909321908434,False,none,-0.1370877347927294,-0.2741027066198458,0.6938729828426433,4.17520122434625,6.933697643898121,1.510016810325431,5,straddles_peak,0,6.281603722141742,0.6979559691268603,0.755681734482889,13.57434796430722,241.1320933470597,False,none,0.2531555892926637,0.2215417015685044,0.128182952475891,0.7713077657601025,29.35563496401877,0.3566606551973102,0,before_peak,0,0.2971368616031581,False,-0.4197844085209854,-0.02954108443559222,rising,median_fraction_lt_0.5,3_to_6_Rdisk
ml_0.3,UGC06923,0.3,0.42,6,2,65,1.44,1.66,2.89,347.4,0.8090000000000001,79.59999999999999,0.93,5.16,5.548387096774193,0.6458333333333334,3.583333333333333,75.7,0.267414471455597,0.2648115684369379,0,0,0,3,1.387096774193548,0.1015904109548382,1,0.793755789285133,0.1984389473212833,0.3637205404531371,1.736514477277095,81.39365297418242,False,none,0.1275913393286306,0.1082415697022606,0.5355555696018537,2.971469611984479,4.801467985021815,1.074671333037443,1,straddles_peak,0,3.077731736987121,0.7694329342467802,0.7162089705510909,22.58153134221694,248.4562563485554,False,none,0.3358841577391641,0.3900773212960332,0.04118409800939112,0.2285053179875894,48.83440388840074,0.1056632125947915,0,before_peak,0,-0.5885438570679118,True,0.02600092837379241,0.2342937467843259,rising,median_fraction_lt_0.5,3_to_6_Rdisk
ml_0.3,UGC06930,0.3,0.42,10,1,32,3.94,4.38,8.932,189.16,3.237,107.2,1.74,16.61,9.545977011494253,0.4416243654822335,4.215736040609137,105,0.2144841481646258,0.2289876510865739,0,0,0,4,1.36259228876128,-0.02848551411340483,0.7338952438290186,12.31957102823896,1.53994637852987,1.109935630036218,3.336568800747125,115.8478683461716,False,none,-0.3659293575569986,-0.3907522664432805,0.52149381712446,4.978167989906483,9.225623216070414,1.80042037388504,5,straddles_peak,0,2.100624112546264,0.262578014068283,0.4583256606984016,8.791674291845535,208.362224585589,False,none,-0.02191785228451926,0.05489438915179754,0.1979145202881193,1.8892874609113,19.01271294301445,0.8736259811939548,0,before_peak,0,0.7682472394697457,False,-0.3374438434435938,0.006567661828885567,flat_band,median_fraction_lt_0.5,3_to_6_Rdisk
ml_0.3,UGC06983,0.3,0.42,17,1,49,3.21,3.95,5.298,121.57,2.967,109,1.74,15.68,9.011494252873563,0.5420560747663551,4.884735202492211,108,0.1581688418202463,0.1856551628943759,0,0,0,7,1.497612225405922,-0.08074374753859749,0.6677295918367347,33.44304586696588,2.229536391131059,1.402582615097757,2.763932111647298,120.5651174003833,False,none,-0.3390719126373055,-0.429508703848731,0.6295378937375431,5.673077111381998,7.642280971741419,2.051743459574355,10,straddles_peak,0,8.707679959824548,0.5805119973216365,0.7156929985859672,7.266711634669671,218.5667195737948,False,none,0.03219909773884703,0.03799396918939731,0.2394480595182028,2.157784812210011,15.7148567796448,0.9977819219014487,0,before_peak,0,0.5844033657805408,False,-0.258328165098708,0.1129428452774445,flat_band,median_fraction_lt_0.5,3_to_6_Rdisk
ml_0.3,UGC07089,0.3,0.42,12,2,80,2.26,3.9,3.585,520.99,1.214,0,0.87,9.16,10.52873563218391,0.3849557522123894,4.053097345132744,66.2,0.2619601899772525,0.2373804601521586,0,0,0,6,1.499181669394435,0.3356376757309465,1,3.960189365147209,0.3960189365147209,0.5744699995899996,3.11050788723495,76.14904069202969,False,none,0.1480972236070135,0.1532869855536824,0.2796970885591859,2.944856702531199,8.600564080027121,1.065046421928539,2,straddles_peak,0,1.843534303064038,0.1843534303064038,0.3919538985501609,499.9999999999528,743.4670614040488,True,length_upper,0.4049491639269194,0.4900694006671952,0.001740000000000164,0.01832000000000173,1081.290793532203,0.008471356692196973,0,before_peak,0,0.3320647301319881,False,-0.187540452123933,0.06931148819597294,rising,median_fraction_lt_0.5,3_to_6_Rdisk
ml_0.3,UGC07125,0.3,0.42,13,1,90,3.38,3.92,2.712,103,4.629,65.2,1.44,18.68,12.97222222222222,0.4260355029585799,5.526627218934911,61.5,0.3306351005814325,0.3969520095925045,0,0,0,5,1.436923076923077,-0.02833651955107414,0.69593147751606,11.24587642198204,1.022352401998367,0.9300900048250931,3.711932276050306,62.99413088369553,False,none,-0.3167483230741368,-0.3804551850580664,0.3879381122578661,5.032419400678429,10.26350440450761,1.820041114981737,6,straddles_peak,0,9.097224148651323,0.8270203771501202,0.8365324099956789,11.31501856985206,116.8058974560145,False,none,-0.02474722985865191,0.0856674526055996,0.127264484022745,1.650903167739498,24.46965081645619,0.7633946287225903,0,before_peak,0,0.09208441132346511,False,-0.2884118035230626,0.00358928969242223,flat_band,median_fraction_lt_0.5,3_to_6_Rdisk
ml_0.3,UGC07151,0.3,0.42,11,1,90,1.25,2.17,2.284,965.67,0.616,73.5,0.5,5.5,11,0.4,4.4,67.2,0.2439313888888889,0.2490425089979927,0,0,0,4,1.375,0.2047173356326239,1,25.61550188348011,2.846166875942234,1.526001962451976,1.160815611985256,74.81472609788969,False,none,-0.1846382029851565,-0.3577913382964529,0.4307316294143285,4.738047923557613,3.209658813901917,1.713577772247313,5,straddles_peak,0,31.48648730472989,3.498498589414432,1.691865224181178,6.004247080583675,155.7611111218096,False,none,0.2083951668019271,0.1934172149203433,0.08327438782739015,0.9160182661012916,12.98467418065669,0.4235762810431829,0,before_peak,0,-0.08962134317137845,True,-0.3893555386177803,0.003677831169303231,rising,median_fraction_lt_0.5,3_to_6_Rdisk
ml_0.3,UGC07232,0.3,0.42,4,2,59,0.29,0.46,0.113,227.42,0.046,0,0.21,0.82,3.904761904761905,0.7241379310344828,2.827586206896552,30.7,0.2787089616702736,0.2098504148372934,0,0,0,2,1.32258064516129,,1,0.373886155611171,0.1869430778055855,0.305731154615935,0.7114560267495776,67.48152525294408,False,none,,,0.2951693317708264,1.15256596215275,1.967178149038734,0.4168407423601644,0,before_peak,0,3.750706479939793,1.875353239969897,0.9683370384246119,499.9999999999994,1235.615254850641,True,length_upper,,,0.0004200000000000005,0.001640000000000002,1081.290793532303,0.0007583528916594836,0,before_peak,0,-1.001373694536521,True,,,unresolved,median_fraction_lt_0.5,below_3_Rdisk
ml_0.3,UGC07261,0.3,0.42,7,2,30,1.2,2.66,1.753,566.02,1.388,74.7,0.95,6.67,7.021052631578947,0.7916666666666666,5.558333333333334,69.59999999999999,0.1828065192496895,0.1828065192496895,0,0,0,3,1.401260504201681,0.1067039173464214,1,8.474449675588993,1.694889935117799,1.100288902034954,1.350600752559946,82.04859485990642,False,none,-0.203440074524421,-0.3753606061562411,0.7033906935112821,4.938543079705529,3.734415323810837,1.786089500402302,4,straddles_peak,0,0.09957888160359216,0.01991577632071843,0.1192709290430777,3.857222988313717,146.2067176591721,False,none,0.146960909699427,0.07471620760186234,0.2462911796591041,1.729223335080236,8.341559411729573,0.7996106807824096,0,before_peak,0,1.929944260740466,False,-0.3101439918708424,0.0402569923530056,rising,median_fraction_lt_0.5,3_to_6_Rdisk
ml_0.3,UGC07323,0.3,0.42,10,1,47,2.26,3.26,4.109,283.68,0.722,0,0.58,5.82,10.03448275862069,0.2566371681415929,2.575221238938053,62.5,0.2694725476512168,0.2691373856682522,0,0,0,4,1.42997542997543,0.354856702054802,1,4.963301178166565,0.6204126472708207,0.7045070033836829,2.307027422736746,84.50778824438174,False,none,0.3442003419379375,0.3005982105381249,0.2514057675621238,2.522726840019933,6.378938071513872,0.9123775673556237,0,before_peak,0,4.243660099123839,0.5304575123904799,0.6514338108452645,499.9999999998822,964.0412996805984,True,length_upper,0.4865124549910012,0.4935461797605183,0.001160000000000273,0.01164000000000274,1081.29079353205,0.005382455889584426,0,before_peak,0,0.06803003812584715,False,-0.01065636011686455,0.1316557529361991,rising,median_fraction_lt_0.5,below_3_Rdisk
ml_0.3,UGC07399,0.3,0.42,10,1,55,1.64,1.27,1.156,135.78,0.745,103,0.61,6.13,10.04918032786885,0.3719512195121951,3.73780487804878,93.40000000000001,0.08996810569991795,0.08546980794130318,0,0,0,4,1.425581395348837,0.2526472615875269,1,62.29770588224745,7.787213235280931,2.495950838503183,1.252610616977773,112.2218092816249,False,none,-0.3020734803111298,-0.3649670789549991,0.4869829392567125,4.893779373186308,3.463472291085016,1.769900113183706,5,straddles_peak,0,7.511155067014424,0.938894383376803,0.8666692025804553,5.336301281046345,223.5209349456055,False,none,0.1628589117725764,0.1546681032598336,0.1143113868339141,1.148735739822776,11.54018689342012,0.5311872378336568,0,before_peak,0,0.9187653259892112,False,-0.5547207418986567,-0.08978834981495049,rising,median_fraction_lt_0.5,3_to_6_Rdisk
ml_0.3,UGC07524,0.3,0.42,31,1,46,3.46,3.61,2.436,106.86,1.779,79.5,0.35,10.69,30.54285714285714,0.1011560693641618,3.089595375722543,70.2,0.1526460397478594,0.2198634788262923,0,0,0,11,1.47448275862069,0.2112390868765389,0.9681945743685688,27.21844266044347,0.9385669882911543,0.9370241615716983,2.600388344460854,83.03155277378661,False,none,-0.01342692668069493,-0.215133768780602,0.134595281026214,4.110924440486365,7.19008194168964,1.486770260296629,11,straddles_peak,0,22.13982069411237,0.7634420929004266,0.8450963047642591,18.57448768316026,189.1541056969846,False,none,0.3681544275241447,0.2780018496605209,0.01884304999256114,0.5755205840585103,40.16884505276077,0.2661266458111742,0,before_peak,0,0.08968917354462654,False,-0.2246660135572338,0.1569153406476058,rising,median_fraction_lt_0.5,3_to_6_Rdisk
ml_0.3,UGC07559,0.3,0.42,7,2,61,0.58,0.98,0.109,55.06,0.169,0,0.36,2.53,7.027777777777778,0.6206896551724138,4.362068965517241,26.1,0.31398648353568,0.2884725860981586,0,0,0,3,1.405555555555555,0.2289153012000318,1,0.1377924735598478,0.02755849471196955,0.1403019567931191,0.9454693580108964,31.2868470706096,False,none,0.3530224315502917,0.230741895742511,0.3807632653028307,2.675919614489338,2.614225745141345,0.967781762803812,0,before_peak,0,1.783059311234922,0.3566118622469843,0.5047006625197217,499.9999999995504,549.3670555001161,True,length_upper,0.5425235617961773,0.4971600239053415,0.0007200000000006473,0.00506000000000455,1081.290793531333,0.002339796116951483,0,before_peak,0,-1.111940293301237,True,0.1241071303502599,0.3136082605961455,rising,median_fraction_lt_0.5,3_to_6_Rdisk
ml_0.3,UGC07577,0.3,0.42,9,2,63,0.9,0.77,0.045,54.55,0.044,0,0.19,1.69,8.894736842105262,0.2111111111111111,1.877777777777778,10.7,0.496485621613069,0.5374867623180279,0,0,0,4,1.495575221238938,0.8949478408408659,1,0.8806362549196425,0.1258051792742347,0.3128074052333946,4.019686365313722,54.27917326050407,False,none,0.7079803982418642,0.976167128159695,0.04726736932501229,0.420430811364583,11.11444542814646,0.1520543702270748,0,before_peak,0,1.001991734933568,0.1431416764190811,0.333665124027997,499.9999999999772,261.7089245825831,True,length_upper,0.459267363643854,0.4981546591342952,0.0003800000000000173,0.003380000000000154,1081.290793532256,0.001562946813298273,0,before_peak,0,-0.05606757824444891,True,-0.1869674425990017,-0.4356804771970119,rising,median_fraction_lt_0.5,below_3_Rdisk
ml_0.3,UGC07603,0.3,0.42,12,1,78,0.53,0.85,0.376,520.99,0.258,61.6,0.34,4.11,12.08823529411765,0.6415094339622641,7.754716981132075,60.25,0.1485944166800407,0.1104375873841726,0,0,0,4,1.334415584415584,0.1478915601134157,1,7.071291925940828,0.7071291925940828,0.7676420566655632,1.03668016885751,69.94990063748891,False,none,-0.1991422115288655,-0.2271269871232476,0.3279700048421902,3.9645785879453,2.866423923675742,1.433842344829988,4,straddles_peak,0,14.48218005825685,1.448218005825685,1.09856649238363,7.106263415640188,158.6449415599458,False,none,0.2437079527088679,0.269908426896589,0.04784511635913938,0.5783630242237142,15.36787441549433,0.267441019420108,0,before_peak,0,-0.31133517609726,True,-0.3470337716422812,0.09581639259545224,rising,median_fraction_lt_0.5,at_least_6_Rdisk
ml_0.3,UGC07690,0.3,0.42,7,2,41,0.57,0.86,0.858,395.21,0.39,57.4,0.59,4.13,7,1.035087719298246,7.24561403508772,57.9,0.2594935125410708,0.2596468073671628,0,0,0,3,1.4,-0.1042060919334427,0.4285714285714286,3.623091043607382,0.7246182087214764,0.7194334123468652,0.6340235587850385,66.8174841545648,False,none,-0.3850959293029814,-0.4776401573412123,0.9305647902588989,6.513953531812293,1.753077131858653,2.355857551813067,5,straddles_peak,0,1.843711008176564,0.3687422016353127,0.5132127111465248,1.136571596267054,109.0433331718948,False,none,-0.08293980558348558,-0.06132032735319651,0.5191050013371715,3.633735009360201,2.457928806467761,1.680276495044272,3,straddles_peak,0,0.2933863987134619,False,-0.2808898373695387,0.02126628634995716,declining,median_fraction_lt_0.5,at_least_6_Rdisk
ml_0.3,UGC07866,0.3,0.42,7,2,44,0.61,0.95,0.124,97.45999999999999,0.118,0,0.33,2.32,7.030303030303029,0.5409836065573771,3.80327868852459,26,0.251771449704142,0.265932334892611,0,0,0,3,1.389221556886228,0.4861276306190677,1,1.107478227702062,0.2214956455404125,0.3977576842576506,0.6788108480166003,30.7699814648778,False,none,0.08871595360102974,-0.04896063569070475,0.4861442638464285,3.417741491283982,1.876914127285523,1.23607146766767,2,straddles_peak,0,0.2684026561170111,0.05368053122340223,0.1958142910722924,7.994530062316416,87.10130361721266,False,none,0.3917380755063419,0.3658294378842911,0.04127822366389132,0.2901984209097814,17.28882350999997,0.1341907388121636,0,before_peak,0,0.615548387730026,False,-0.397411677018038,-0.09438955511272584,rising,median_fraction_lt_0.5,3_to_6_Rdisk
ml_0.3,UGC08286,0.3,0.42,17,1,90,1.05,2.25,1.255,1488.78,0.642,82.40000000000001,0.47,8.039999999999999,17.1063829787234,0.4476190476190476,7.657142857142856,79.3,0.1239425001342318,0.1288875453903769,0,0,0,6,1.417989417989418,0.0691742644073999,1,132.1417599066052,8.809450660440344,2.788018059552079,1.644875957313928,95.1830620289326,False,none,-0.2986425446630586,-0.3683066912660897,0.2857358318784761,4.887906570857335,4.548087189436476,1.767776136454452,8,straddles_peak,0,40.59874029329379,2.706582686219586,1.545367656489278,4.676349948842915,171.2411862867263,False,none,0.08389877098735629,0.07641010306371748,0.1005057374109253,1.719289635710297,10.11298829403822,0.7950172358787087,0,before_peak,0,0.5125275281840183,False,-0.3678168090704584,0.01472450657995639,flat_band,median_fraction_lt_0.5,at_least_6_Rdisk
ml_0.3,UGC08490,0.3,0.42,30,1,50,0.67,1.14,1.017,576.54,0.72,78.59999999999999,0.34,10.15,29.85294117647059,0.5074626865671642,15.14925373134328,78.5,0.13124445479518,0.1120542212542619,0,0,0,11,1.499261447562777,-0.1091569983103561,0.5665024630541872,170.4271042171078,6.086682293468135,2.383464594640246,1.517381303517512,97.88801323660311,False,none,-0.4431085042496642,-0.4768254046925159,0.2240702447116161,6.689155834773246,4.195564071158293,2.419221784687901,18,straddles_peak,0,3.245854490628966,0.1159233746653202,0.3289303112934899,2.7884937297969,160.8094823111029,False,none,-0.0743415886460342,-0.05652197600130009,0.1219296268687554,3.639957978581962,6.030345195703894,1.683154060107705,13,straddles_peak,0,1.720209618008651,False,-0.3339515059393081,0.03481540966432189,declining,median_fraction_lt_0.5,at_least_6_Rdisk
ml_0.3,UGC08550,0.3,0.42,11,1,90,0.45,1.01,0.289,1284.78,0.288,56.9,0.49,5.36,10.93877551020408,1.088888888888889,11.91111111111111,51.6,0.1385868094923154,0.1449643931861792,0,0,0,4,1.377892030848329,0.1167657405389204,0.8190298507462686,52.49428097366025,5.832697885962251,2.184538248976621,1.148391018629539,63.19175944948646,False,none,-0.1668772762105585,-0.3465184723038127,0.4266839360906477,4.66739979070586,3.175304774240854,1.688026939486922,5,straddles_peak,0,8.259018992329652,0.917668776925517,0.8664986488123365,3.794440739280808,117.0218717205221,False,none,0.2136286189629508,0.1118681309443434,0.1291362900802277,1.412592887408205,8.2057876759765,0.653197500550994,0,before_peak,0,0.8031835266535977,False,-0.2836430167494789,0.09686287842403037,rising,median_fraction_lt_0.5,at_least_6_Rdisk
ml_0.3,UGC08699,0.3,0.42,41,2,73,3.09,1.91,50.302,1370.35,3.738,182.4,0.22,25.7,116.8181818181818,0.07119741100323625,8.31715210355987,184,0.2785693452481584,0.1501349072266646,0,0,0,4,1.348373557187828,0.05578622922770847,0.05914396887159534,1124.497654111231,28.83327318233924,5.237057575728324,1.694706063422148,215.3739992278735,False,none,-0.4986723491779628,-0.4999999580456172,0.1298160222285099,15.1648716876032,4.685867589369575,5.484576657330945,27,straddles_peak,0,141.1772081093708,3.619928413060789,1.855625646312571,3.395063419905525,344.1267846736445,False,none,-0.2337828201153855,-0.173250947257594,0.06479996771492474,7.569814410334391,7.342101638804291,3.500360150855309,20,straddles_peak,0,0.9011939646335134,False,-0.5544585784056713,-0.289569049343094,flat_band,median_fraction_lt_0.5,at_least_6_Rdisk
ml_0.3,UGC08837,0.3,0.42,8,2,80,1.72,2.25,0.501,77.42,0.32,0,0.52,4.2,8.076923076923077,0.3023255813953489,2.441860465116279,31.7,0.3089627581579507,0.2859759896111552,0,0,0,3,1.333333333333333,0.3862973732714526,1,1.573235597996002,0.2622059329993336,0.4434573821118555,3.478086371770457,68.47256315353471,False,none,0.7211094560567372,0.792624890187693,0.1495075005096275,1.207560581039299,9.616919744534746,0.4367302745129845,0,before_peak,0,23.09355940357126,3.848926567261876,1.69902764116609,499.9999999998378,518.7425625239083,True,length_upper,0.5213670999480149,0.4951753509698201,0.001040000000000338,0.008400000000002726,1081.290793531954,0.003884246518257147,0,before_peak,0,-1.166697111019071,True,0.3348120827852845,0.1350697266765623,rising,median_fraction_lt_0.5,below_3_Rdisk
ml_0.3,UGC09037,0.3,0.42,22,2,65,4.28,5.69,68.614,841.0700000000001,19.078,152.3,2.43,27.96,11.50617283950617,0.5677570093457944,6.532710280373832,147,0.4087663570419785,0.3250630506854874,0,1,5.520711709858634,8,1.436793422404933,-0.2407145496654776,0.695994277539342,25.13718198693451,1.256859099346725,1.068924310334598,7.20595123110483,148.000442040191,False,none,-0.174111763283926,-0.1706193849909751,0.3372212664319444,3.880126176723114,19.92447779187584,1.403299012002243,7,straddles_peak,0.2196233337821289,46.55450021618532,2.327725010809266,1.454686786284334,152.9669910285305,542.9436121880226,False,none,0.2339618440178921,0.410396731712916,0.01588578021742463,0.1827845328720957,330.8035982269774,0.08452145064279362,0,before_peak,0.1185859945702796,-0.2676450793242596,True,0.06660278638155162,0.4746763936833697,declining,median_fraction_lt_0.5,at_least_6_Rdisk
ml_0.3,UGC09133,0.3,0.42,68,1,53,6.97,5.92,282.926,864.63,33.428,226.8,0.32,108.31,338.46875,0.04591104734576758,15.53945480631277,279,0.3372582952226638,0.1554340645487109,0,0,0,10,1.448575631937943,-0.007179367309005461,0.09029637152617485,12240.63482133871,185.4641639596774,13.41675577805313,9.42743255161127,313.327079726218,False,none,-0.4721046168539521,-0.4999654363496229,0.03394349397337326,11.48881197580018,26.06688062197539,4.155080984592015,27,straddles_peak,0,1022.024262025517,15.48521609129571,3.876824545836293,10.77676136903989,493.0468540745937,False,none,-0.2288878168216933,-0.202131507830196,0.02969352192573502,10.05032924930112,23.30562570487486,4.647375761181332,28,straddles_peak,0,1.07834273596742,False,-0.4649252495449466,-0.2217084495126878,flat_band,median_fraction_lt_0.5,at_least_6_Rdisk
ml_0.3,UGC09992,0.3,0.42,5,2,30,1.04,1.62,0.336,73.25,0.318,33.6,0.78,3.89,4.987179487179487,0.75,3.740384615384615,33,0.3380377226813591,0.3991293400580213,0,0,0,2,1.246794871794872,,1,0.8184703260366573,0.2728234420122191,0.404591232242286,0.5940951803887012,35.20634649226971,False,none,,,1.312920935479843,6.547772357713579,1.642675040155701,2.36808857802532,3,straddles_peak,0,0.03367178886057623,0.01122392962019208,0.08206313284365425,0.9231237237549677,57.97658270439906,False,none,,,0.8449571600513236,4.213953016153396,1.99633036757501,1.948575277510443,3,straddles_peak,0,1.385736749017386,False,,,unresolved,median_fraction_lt_0.5,3_to_6_Rdisk
ml_0.3,UGC10310,0.3,0.42,7,1,34,1.8,3.12,1.741,158.79,1.196,71.40000000000001,1.1,7.74,7.036363636363636,0.6111111111111112,4.3,69.2,0.1674862278225133,0.2485556358057869,0,0,0,3,1.402173913043478,0.09508414551697586,1,1.683141649134376,0.3366283298268751,0.4903557963552552,1.691395347564087,77.17759192925483,False,none,-0.1948545186256767,-0.3235476691465954,0.6503506123415779,4.576103399567102,4.676713449621253,1.655008390695143,3,straddles_peak,0,3.427930032308283,0.6855860064616566,0.6997887469299251,6.900851207748485,147.6472005044943,False,none,0.1665367866463329,0.1578476589423977,0.1594006256452663,1.121600765903965,14.92365375694945,0.5186397464090012,0,before_peak,0,-0.3089112822420105,True,-0.2899386641426526,0.07145264112935706,flat_band,median_fraction_lt_0.5,3_to_6_Rdisk
ml_0.3,UGC11455,0.3,0.42,36,1,90,5.93,10.06,374.322,9568.200000000001,13.335,269.4,0.62,41.93,67.62903225806451,0.1045531197301855,7.070826306913997,262.5,0.3978527084053751,0.2465644481239186,0,1,0.9490287765474579,7,1.439409543426021,-0.01567121377249551,0.3966134032911996,164.1450629787974,4.82779596996463,2.135318496792545,7.497824292763227,295.5991015632445,False,none,-0.4722512277161099,-0.4332933602251168,0.08269065475412828,5.592288957807417,20.73150772429573,2.022525354046549,10,straddles_peak,0.00578164679049801,233.4292763155217,6.865566950456522,2.546398744171865,32.46658895273426,539.454448335343,False,none,-0.04050601148131191,0.1327795459439838,0.01909655495077148,1.291481530783626,70.21164746397837,0.5971943618259622,0,before_peak,0.00406559447695273,-0.1529274987173084,True,-0.4565800139436144,-0.0248347977088164,flat_band,median_fraction_lt_0.5,at_least_6_Rdisk
ml_0.3,UGC11557,0.3,0.42,12,2,30,2.75,4.18,12.101,337.93,2.605,0,0.33,10.56,32,0.12,3.84,64.90000000000001,0.5625519373940984,0.4749085547372441,0,2,2.163692727840196,2,1.2,,0.5625,5.605792117993042,0.5605792117993043,0.6834832427836741,3.594167906283755,72.63984416276824,False,none,,,0.0918154100210662,2.938093120674119,9.9378855521402,1.062600282987343,1,straddles_peak,0.3859744853711826,10.88496652906465,1.088496652906465,0.9524077614597229,499.9999999999994,639.5805079175024,True,length_upper,,,0.0006600000000000009,0.02112000000000003,1081.290793532303,0.009766105531614814,0,before_peak,0.1987780781927792,-0.2881901093437815,True,,,unresolved,median_fraction_ge_0.5,3_to_6_Rdisk
ml_0.3,UGC11820,0.3,0.42,10,1,45,2.08,2.74,0.97,34.11,1.977,0,0.26,15.82,60.84615384615385,0.125,7.605769230769231,51.875,0.1603224485321909,0.197125518417874,0,0,0,2,1.203957382039574,,1,150.6409680177488,18.8301210022186,3.88124938670203,4.494062876656351,83.27281806205815,False,none,,,0.05785410821698246,3.520199969202548,12.42609797228733,1.273126932950452,2,straddles_peak,0,13.20288671964013,1.650360839955016,1.149038150787002,20.2980968564509,177.142891736449,False,none,,,0.01280908263660048,0.7793834127346908,43.89629051421475,0.3603949175358468,0,before_peak,0,1.057274200725346,False,,,unresolved,median_fraction_lt_0.5,at_least_6_Rdisk
ml_0.3,UGC11914,0.3,0.42,65,1,31,2.44,3.12,150.028,3168.33,0.888,288.1,0.28,9.83,35.10714285714285,0.1147540983606558,4.028688524590164,288,0.4086462944501782,0.3464025325653553,0,0,0,6,1.460624071322437,0.1918956825702357,1,2477.860568189933,39.33112012999894,6.174215077101433,1.180484483945949,317.7643565373157,False,none,-0.4329864127436629,-0.4969242083414063,0.2371907499063922,8.327089541356555,3.26404330666402,3.011602199005946,35,straddles_peak,0,295.1803972333161,4.685403130687558,2.131017803893847,1.961221065010577,503.7030745171091,False,none,-0.1856211701066328,-0.1090014326614336,0.1427681993607844,5.012183570416111,4.241300563355117,2.317685307410493,29,straddles_peak,0,0.9239893516694875,False,-0.6248820953138986,-0.3775168526768685,rising,median_fraction_lt_0.5,3_to_6_Rdisk
ml_0.3,UGC12506,0.3,0.42,31,2,86,7.38,12.36,139.571,5608.28,35.556,234,0.82,49.99,60.96341463414635,0.1111111111111111,6.773712737127371,238,0.1706331475073905,0.1705537736926449,0,0,0,11,1.487797619047619,-0.18689031396073,0.4754950990198039,110.6839550675635,3.816688105778052,1.889563484900624,6.900197781934936,290.692942214014,False,none,-0.3746853436286254,-0.4884039130144622,0.1188371733556393,7.244719873229769,19.07906854438071,2.620148875911628,19,straddles_peak,0,4.230312058212396,0.1458728295935309,0.3694071998447974,9.736370955350262,478.8582489984163,False,none,-0.08328935753444448,-0.1125947265832785,0.08422029149879497,5.134356551249708,21.05569655287114,2.374179352104284,18,straddles_peak,0,1.417712264144124,False,-0.1877950296678954,0.1036009564262855,declining,median_fraction_lt_0.5,at_least_6_Rdisk
ml_0.3,UGC12632,0.3,0.42,15,1,46,2.42,3.94,1.301,66.81,1.744,71.7,0.71,10.66,15.01408450704225,0.2933884297520661,4.404958677685951,65.5,0.1193285939047841,0.202551075200369,0,0,0,6,1.49929676511955,0.1479060206181384,0.8677298311444652,15.46118215323353,1.189321704094887,1.015256360178175,2.378784768205247,78.00225786456282,False,none,-0.1227380291296796,-0.2816331606919397,0.2984717278712369,4.481279745221671,6.577347357163714,1.620714160457052,6,straddles_peak,0,4.721967739760279,0.3632282876738676,0.5610684889720255,8.131251438570549,145.5508979344312,False,none,0.2070651679993454,0.133949916700711,0.08731743266874255,1.310991313026473,17.58449464084529,0.6062158860817607,0,before_peak,0,0.5151196810866449,False,-0.270644049747818,0.05915914738120701,rising,median_fraction_lt_0.5,3_to_6_Rdisk
ml_0.3,UGC12732,0.3,0.42,16,1,39,1.98,3.12,1.667,120.46,3.66,0,0.96,15.4,16.04166666666667,0.4848484848484849,7.777777777777778,79.8,0.12456412203727,0.1926008960363844,0,0,0,6,1.452830188679245,0.4304988358482985,1,78.14133045328614,5.581523603806153,2.209939626625665,3.535614483791784,97.15465752447328,False,none,-0.03518482814249493,-0.2718493865072735,0.2715228157370947,4.355678502449229,9.775985155001274,1.575288807811001,6,straddles_peak,0,3.219252288724563,0.2299465920517545,0.4485568726987529,12.71462697634577,185.9205527515468,False,none,0.293948091967898,0.1461636226127478,0.07550359139800004,1.211203445342917,27.49641818544034,0.5600729482705669,0,before_peak,0,1.385125788227305,False,-0.4656836639907934,-0.1365507438804005,rising,median_fraction_lt_0.5,at_least_6_Rdisk
ml_0.3,UGCA442,0.3,0.42,8,1,64,1.18,1.71,0.14,116.1,0.263,56.4,0.42,6.33,15.07142857142857,0.3559322033898305,5.364406779661017,51.9,0.1735357856687652,0.1180246225500174,0,0,0,3,1.361290322580645,0.009050293640774278,0.8657187993680885,8.018001251823211,1.336333541970535,1.001124446049492,1.961125372739449,63.37316717281959,False,none,-0.09126740540587837,0.002289088445946318,0.2141627485107248,3.227738566840209,5.422517816602046,1.167354394045425,2,straddles_peak,0,12.43264174330473,2.072106957217455,1.246627537764625,20.48091228805162,165.0783111848125,False,none,0.208323261367832,0.3575420818173063,0.02050689901372334,0.3090682637068304,44.29164380042573,0.1429163484769819,0,before_peak,0,-0.1904972995610027,True,-0.1003176990466527,0.1992729677270577,flat_band,median_fraction_lt_0.5,3_to_6_Rdisk
ml_0.3,UGCA444,0.3,0.42,36,2,78,0.83,0.41,0.012,22.74,0.067,37,0.12,2.62,21.83333333333334,0.144578313253012,3.156626506024097,27.85,0.2274567110262963,0.2163371635716973,0,0,0,13,1.497142857142857,0.3960757598130157,1,13.60065580720565,0.400019288447225,0.6146511161989388,0.8288483917074433,34.87362310232801,False,none,0.009655867256899301,0.07293272040419954,0.1447791914668468,3.161012347026156,2.291768406941459,1.143221973068645,5,straddles_peak,0,1.995500277551223,0.05869118463385951,0.2354369624024906,499.999999999999,650.4989778079337,True,length_upper,0.3490891073748987,0.497130775431902,0.0002400000000000005,0.005240000000000011,1081.290793532303,0.002423029970912011,0,before_peak,0,0.8335080575053597,False,-0.3864198925561164,-0.04698665243811695,rising,median_fraction_lt_0.5,3_to_6_Rdisk
ml_0.5,CamB,0.5,0.7,9,2,65,0.47,1.21,0.075,66.2,0.012,0,0.16,1.79,11.1875,0.3404255319148937,3.808510638297873,10.9,1.429954549280364,0.6791787131519273,0,6,15.78873304458804,3,1.467213114754098,0.8170110994450819,1,31.52048598382746,4.502926569118209,1.871436940007671,293.7697700801507,2999.999999999981,True,excess_amplitude_upper,0.1508997654634784,0.9999948362267816,0.0005446441952020671,0.006093206933823126,812.2743371646454,0.002203688973171601,0,before_peak,0.5009038582935849,42.08536535539758,6.012195050771084,2.162441145130958,499.9999999960203,144.8408292651176,True,length_upper,-0.116596042228433,0.4980212858169942,0.000320000000002547,0.003580000000028494,1081.290793523699,0.001655428873269852,0,before_peak,0.3751597000823728,-0.1255381969311436,True,-0.6661113339816035,-0.9336071416735148,rising,median_fraction_ge_0.5,3_to_6_Rdisk
ml_0.5,D512-2,0.5,0.7,4,2,56,1.24,2.37,0.325,93.94,0.081,0,0.96,3.83,3.989583333333333,0.7741935483870968,3.088709677419355,34.7,0.2210721286273657,0.200023681789035,0,0,0,2,1.329861111111111,,0.7519582245430809,0.1844213799677895,0.09221068998389473,0.2147215522297363,1.024805858709965,38.43182069778244,False,none,,,0.9367627944754889,3.73729323212617,2.833591418814018,1.351641586211121,2,straddles_peak,0,0.6267173551921823,0.3133586775960912,0.3958274103672528,8.421253532433886,95.25692953508498,False,none,,,0.1139972803695584,0.4548016498077175,18.21164782924432,0.21030496723365,0,before_peak,0,-0.5312604540540056,True,,,unresolved,median_fraction_lt_0.5,3_to_6_Rdisk
ml_0.5,D564-8,0.5,0.7,6,2,63,0.61,0.72,0.033,21.13,0.029,0,0.51,3.07,6.019607843137255,0.8360655737704918,5.032786885245901,20.85,0.1929247886406366,0.1351736879861111,0,0,0,2,1.19921875,,1,0.1846460211022879,0.04616150527557199,0.1754261578282479,1.179611080548676,26.98798175816066,False,none,,,0.4323458879029707,2.602552697768863,3.261628343526718,0.9412476458554702,0,before_peak,0,3.664524097023373,0.9161310242558434,0.7815075279039622,499.9999999947129,422.947470355161,True,length_upper,,,0.001020000000010786,0.006140000000064925,1081.290793520871,0.002839199240755158,0,before_peak,0,-1.297677628285189,True,,,unresolved,median_fraction_lt_0.5,3_to_6_Rdisk
ml_0.5,D631-7,0.5,0.7,16,1,59,0.7,1.22,0.196,115.04,0.29,57.7,0.45,7.19,15.97777777777778,0.6428571428571429,10.27142857142857,47.2,0.2461665263017845,0.1161013871051649,0,1,2.636367523694372,6,1.455465587044534,0.1146634886066203,0.8748261474269818,10.39437896141756,0.7424556401012544,0.8060078691232472,3.373624135963939,70.603833052637,False,none,0.3531069586761678,0.4684032500933198,0.1333877106233775,2.131239198626854,9.32808133435617,0.7707908778109146,0,before_peak,0.2536339624984031,85.40682684541881,6.100487631815629,2.310395350981878,499.9999999999972,645.9889807482904,True,length_upper,0.3571027307066321,0.4921005508769804,0.0009000000000000051,0.01438000000000008,1081.290793532299,0.006649460111014282,0,before_peak,0.0308683464902172,-0.9146940402315088,True,0.2384434700695475,0.2424392421000118,rising,median_fraction_lt_0.5,at_least_6_Rdisk
ml_0.5,DDO064,0.5,0.7,14,1,60,0.6899999999999999,1.2,0.157,151.65,0.211,46.1,0.1,2.98,29.8,0.1449275362318841,4.318840579710145,37.9,0.2313944233798714,0.2746499040366949,0,0,0,4,1.432692307692308,0.0344170022953114,1,3.619885652796444,0.301657137733037,0.5084911610972522,1.012429485088076,48.76889514920246,False,none,0.1313769771651623,0.119070228674584,0.09877231103290174,2.943414868780471,2.799370706868473,1.064524963659989,1,straddles_peak,0,6.629130953549817,0.5524275794624848,0.6881201594380061,499.9999999999994,825.5744303765752,True,length_upper,0.4098360582726422,0.4966377181233359,0.0002000000000000003,0.005960000000000008,1081.290793532303,0.002755965386762513,0,before_peak,0,-0.2627617462815016,True,0.09695997486985092,0.3754190559773308,flat_band,median_fraction_lt_0.5,3_to_6_Rdisk
ml_0.5,DDO154,0.5,0.7,12,2,64,0.37,0.65,0.053,71.26000000000001,0.275,47,0.49,5.92,12.08163265306122,1.324324324324324,16,43.3,0.1729459851317041,0.1335897066166216,0,0,0,5,1.49873417721519,-0.0260934647409813,0.8344594594594595,23.87386774135073,2.387386774135073,1.410492459549463,1.748717557868001,50.95573156589601,False,none,-0.04871381066026803,0.002024248735604541,0.2802053412201096,3.385338000047039,4.835209541192281,1.224352315978477,3,straddles_peak,0,117.7120807622216,11.77120807622216,3.13198660014989,17.3411678886361,143.1962164740094,False,none,0.2591090546388692,0.3512881267510666,0.02825645903129187,0.3413841580923426,37.5016903741605,0.1578595508878451,0,before_peak,0,-0.6928982530756697,True,-0.02262034591928673,0.2852025193798505,flat_band,median_fraction_lt_0.5,at_least_6_Rdisk
ml_0.5,DDO161,0.5,0.7,31,1,70,1.22,2.04,0.548,169.37,1.378,66.3,0.6,13.37,22.28333333333333,0.4918032786885246,10.95901639344262,55,0.3495570909090909,0.249305309665101,0,0,0,10,1.46761800219539,0.1018650505733616,0.7868362004487659,9.386558797996752,0.3236744413102328,0.5502655897748084,4.740974365722955,68.67093175868921,False,none,0.01840230599687617,0.1919053190677642,0.1265562632732155,2.820095399938151,13.10880901524179,1.019924844770758,1,straddles_peak,0,33.31907556392568,1.148933640135368,1.036729901738583,71.60740211839592,224.0586744554401,False,none,0.1786606793530255,0.4094666015137761,0.00837902203193963,0.1867125409450547,154.8568493187744,0.08633780203339746,0,before_peak,0,-0.5501865384794812,True,-0.08346274457648548,0.07679562877966389,rising,median_fraction_lt_0.5,at_least_6_Rdisk
ml_0.5,DDO168,0.5,0.7,10,2,63,1.02,1.29,0.191,92.22,0.413,53.4,0.41,4.12,10.04878048780488,0.4019607843137254,4.03921568627451,48,0.2828820552788822,0.2305924264245383,0,0,0,4,1.42560553633218,-0.03136377136231972,0.9004854368932038,26.0311183406094,3.253889792576175,1.613416199887971,1.781192668027218,61.22134711607405,False,none,0.2912756534899045,0.3856606033194566,0.2301828473469412,2.313056905047312,4.925003322804765,0.8365476589473,0,before_peak,0,85.78552904549264,10.72319113068658,2.928916677638554,499.9999999987342,782.3226286392179,True,length_upper,0.3668462703219453,0.4954130121318606,0.0008200000000020758,0.008240000000020861,1081.290793529568,0.003810260870298754,0,before_peak,0,-0.5179212074045927,True,0.3226394248522242,0.398210041684265,flat_band,median_fraction_lt_0.5,3_to_6_Rdisk
ml_0.5,DDO170,0.5,0.7,8,2,66,1.95,3.03,0.543,73.93000000000001,0.735,60,1.87,12.33,6.593582887700534,0.958974358974359,6.323076923076923,57.1,0.245099284508724,0.2348428194444444,0,0,0,3,1.320128479657388,0.1883854071495452,1,40.61069310985678,6.768448851642797,2.253072710484972,3.361580015476362,63.38070161772973,False,none,-0.2083912836284227,-0.1545478534977329,0.5562860296023644,3.667918045453023,9.294779303370788,1.326551131292432,3,straddles_peak,0,12.96932632282887,2.161554387138146,1.273250089477165,13.32629675431717,127.0293480825607,False,none,0.0591852224096265,0.1879679824806998,0.1403240550976173,0.9252382884243961,28.81920398464517,0.427839714329702,0,before_peak,0,0.4957229840056195,False,-0.396776690777968,-0.1292001847399187,rising,median_fraction_lt_0.5,at_least_6_Rdisk
ml_0.5,ESO079-G014,0.5,0.7,15,1,79,5.08,7.23,51.733,2295.25,3.14,175,0.41,16.67,40.65853658536586,0.08070866141732283,3.281496062992126,132,0.3339046294553804,0.3223589198702643,0,0,0,4,1.430901287553648,0.1273136783696661,1,13.77829290658815,1.059868685122166,0.958411634131812,5.382141082605823,171.8654149525748,False,none,0.02957495348464147,0.07714242275962716,0.07617786187824975,3.097280384171765,14.88163700168155,1.120172464770937,2,straddles_peak,0,49.49539665201301,3.807338204001001,1.81650574183904,68.21782823824168,509.1464015784681,False,none,0.2385086233810175,0.3849911356540004,0.006010159082873901,0.2443642729548975,147.5266192575576,0.1129965567156181,0,before_peak,0,-0.55536939601526,True,-0.09773872488502462,0.1111949450113514,rising,median_fraction_lt_0.5,3_to_6_Rdisk
ml_0.5,ESO116-G012,0.5,0.7,15,1,74,1.51,2.75,4.292,1320.78,1.083,109.1,0.25,9.859999999999999,39.44,0.1655629139072848,6.52980132450331,102,0.2592183102652826,0.2002782636141739,0,0,0,5,1.447870778267254,0.0981332394784519,1,20.14837325595742,1.549874865842878,1.158975790830203,2.596824031259769,115.8909950985893,False,none,-0.1236148174667442,-0.1420169088398039,0.09627144426829731,3.796945761941646,7.180226604491165,1.373215713530916,4,straddles_peak,0,30.39847775482411,2.338344442678778,1.423574790327133,24.04641244180564,295.5081868159812,False,none,0.255214027031097,0.3260873579939829,0.010396561258567,0.4100403760378824,52.00232878161022,0.1896068932106523,0,before_peak,0,-0.1786118485418303,True,-0.2217480569451961,0.1570807875526451,flat_band,median_fraction_lt_0.5,at_least_6_Rdisk
ml_0.5,ESO444-G084,0.5,0.7,7,2,32,0.46,0.75,0.07099999999999999,66.81,0.135,0,0.26,4.44,17.07692307692308,0.5652173913043478,9.652173913043478,52.8,0.1633661544421488,0.07540088178250402,0,0,0,2,1.309734513274336,,0.7635135135135135,20.02017917470213,4.004035834940425,1.691161020242016,1.16968212991544,69.83945818523974,False,none,,,0.2222826128144715,3.795903080370206,3.234174763833504,1.372838613933533,2,straddles_peak,0,3.349026599496757,0.6698053198993514,0.6916880592844433,12.71437196444427,194.3742053998174,False,none,,,0.02044929947991846,0.3492111141955306,27.49586670139767,0.161478816005982,0,before_peak,0,0.776549363049862,False,,,unresolved,median_fraction_lt_0.5,at_least_6_Rdisk
ml_0.5,ESO563-G021,0.5,0.7,30,1,83,5.45,10.59,311.177,6558.89,24.298,314.6,0.45,42.41,94.24444444444444,0.08256880733944955,7.781651376146788,310.5,0.3808382709709679,0.2499474418945313,0,3,30.68616450078449,9,1.472569444444444,0.04681674366252683,0.8795095496345202,342.680738990525,12.23859782109018,3.379747224229079,6.929834788890412,345.7995603159947,False,none,-0.469815298102313,-0.4593732036030218,0.06493661302307221,6.119915018463316,19.1610149617188,2.21334830564715,14,straddles_peak,0.08954738626740544,577.7054771752343,20.63233847054408,4.388262667522818,39.0606025018239,649.2707747633316,False,none,0.002631985487137434,0.1676669395942097,0.01152055962216629,1.085748741280161,84.4717397500942,0.5020614009545447,0,before_peak,0.05311731619860774,-0.22681679028378,True,-0.5166320417648399,-0.04418475817538939,flat_band,median_fraction_lt_0.5,at_least_6_Rdisk
ml_0.5,F565-V2,0.5,0.7,7,2,60,2.17,3.57,0.5590000000000001,40.26,0.699,0,1.26,8.800000000000001,6.984126984126985,0.5806451612903226,4.055299539170507,68.5,0.131693405796157,0.131693405796157,0,0,0,3,1.399046104928458,0.3655114241942585,1,0.2864280737521653,0.05728561475043307,0.2022827136715081,3.201065532779564,88.25128254964012,False,none,0.2313154042533726,0.1983489128927172,0.3936189331637678,2.749084612572346,8.850956254449539,0.9942428532031303,0,before_peak,0,1.874058268349933,0.3748116536699866,0.5174191818673484,499.9999999999994,853.0343469852847,True,length_upper,0.4859144441443647,0.4901908191828668,0.002520000000000003,0.01760000000000002,1081.290793532303,0.008138421276345679,0,before_peak,0,-0.8157675075315283,True,-0.1341960199408859,0.1204030199501062,rising,median_fraction_lt_0.5,3_to_6_Rdisk
ml_0.5,F568-3,0.5,0.7,18,1,40,4.99,7.47,8.346,132.08,3.195,0,0.64,17.98,28.09375,0.1282565130260521,3.603206412825651,83.90000000000001,0.2109319042864709,0.2117790403044597,0,0,0,4,1.499582985821518,0.4517039611051215,1,14.79238903855973,0.9245243149099834,0.9065315168437865,3.9624989837632,113.8976755569542,False,none,-0.1901552720282359,-0.2885050485549812,0.1615142370061101,4.537540595890406,10.95632213850212,1.641061642101198,4,straddles_peak,0,51.55475684427587,3.222172302767242,1.692380913983411,499.9999999999088,840.5107293909541,True,length_upper,0.4077498158495126,0.4808623395707681,0.001280000000000233,0.03596000000000656,1081.290793532108,0.01662827438053657,0,before_peak,0,-0.5422304226582282,True,-0.6418592331333574,-0.04395414525560881,rising,median_fraction_lt_0.5,3_to_6_Rdisk
ml_0.5,F568-V1,0.5,0.7,15,1,40,2.85,4.4,3.825,90.54000000000001,2.491,112.3,0.39,17.63,45.2051282051282,0.1368421052631579,6.185964912280701,111,0.115854348692602,0.1447348692964519,0,0,0,2,1.495335029686175,,1,6.267627104477636,0.4821251618828951,0.6464068432227306,2.47529052546954,130.5414168763389,False,none,,,0.157557262869586,7.122396267668721,6.844186079177346,2.575908924165177,6,straddles_peak,0,2.823920805712017,0.2172246773624629,0.4338909852111101,8.012882412797529,244.5567124272249,False,none,,,0.04867162400600357,2.200207003143187,17.32851196522978,1.017398379928707,1,straddles_peak,0,0.3462506368465765,False,,,unresolved,median_fraction_lt_0.5,at_least_6_Rdisk
ml_0.5,F571-8,0.5,0.7,13,1,85,3.56,1.4,10.164,87.26000000000001,1.782,139.7,0.22,15.55,70.68181818181819,0.06179775280898876,4.367977528089888,105,0.3905357687074829,0.09630044890971433,0,4,65.2748639899923,2,1.400900900900901,,1,105.4460566625602,9.586005151141837,2.84802302095493,5.35520142827979,163.59157132561,False,none,,,0.04108155462429897,2.903718974581131,14.80714877283774,1.050168417874274,1,straddles_peak,0.6190356098273029,212.1781287798678,19.2889207981698,4.039974569416037,499.9999999990006,1196.696226387021,True,length_upper,,,0.0004400000000008795,0.03110000000006216,1081.290793530144,0.01438096032357137,0,before_peak,0.3076418119311164,-0.3036702718179395,True,,,unresolved,median_fraction_lt_0.5,3_to_6_Rdisk
ml_0.5,F571-V1,0.5,0.7,7,2,30,2.47,4.38,1.849,64.39,1.217,83.59999999999999,1.95,13.59,6.969230769230769,0.7894736842105262,5.502024291497976,77,0.2007405296002698,0.1930741195723908,0,0,0,3,1.398148148148148,0.05233148695422855,0.8579838116261957,0.5056916744014469,0.1011383348802894,0.2687781013617651,3.992257425933586,89.04393453762125,False,none,-0.07527225216392838,-0.04117440533569155,0.4884454562806641,3.404089103002167,11.03860432459094,1.231133900662176,2,straddles_peak,0,1.593860636157493,0.3187721272314986,0.4771733192393803,26.16322765314924,206.3106749189897,False,none,0.1953441948536067,0.2903363104533256,0.07453208854241961,0.5194313247648629,56.58011438088015,0.2401903946060668,0,before_peak,0,-0.4985645413576317,True,-0.1276037391181569,0.1430127078993782,flat_band,median_fraction_lt_0.5,3_to_6_Rdisk
ml_0.5,F574-1,0.5,0.7,14,1,65,4.46,5.87,6.537,128.48,3.524,97.8,0.47,12.6,26.80851063829787,0.1053811659192825,2.825112107623319,90.95,0.1745944308673197,0.1937782181727286,0,0,0,5,1.412556053811659,0.1011507015818541,1,10.77600273714466,0.8980002280953884,0.8773337342337969,2.838546357256098,106.1065272196012,False,none,-0.1443129893853827,-0.3003962064245032,0.165577708040086,4.438891747457625,7.84858959525429,1.605383979768631,6,straddles_peak,0,19.7246791519406,1.643723262661717,1.186973316342892,15.90820234400012,221.934689965284,False,none,0.2678549377907425,0.2216484003778622,0.02954450728226143,0.7920442377797746,34.40278547243273,0.3662494134405628,0,before_peak,0,-0.2625522545359806,True,-0.2454636909672368,0.1667042362088885,rising,median_fraction_lt_0.5,below_3_Rdisk
ml_0.5,F583-1,0.5,0.7,25,1,63,2.36,3.74,0.986,60.93,2.126,85.8,0.26,16.26,62.53846153846154,0.1101694915254237,6.889830508474577,59.4,0.1028703253420843,0.2290948336315168,0,0,0,2,1.049709489993544,,0.9526445264452644,7.955736648624828,0.3459015934184708,0.564118308464628,3.244912619572494,93.43786489053578,False,none,,,0.08012542415834116,5.010920756979336,8.972193587179895,1.81226584580536,3,straddles_peak,0,35.95753615282367,1.56337113707929,1.199292060389356,29.88147822003578,226.1532509405277,False,none,,,0.008701042099907489,0.5441497867095991,64.62113459292154,0.2516204660043386,0,before_peak,0,-0.6551095271356245,True,,,unresolved,median_fraction_lt_0.5,at_least_6_Rdisk
ml_0.5,F583-4,0.5,0.7,12,1,55,1.93,3.31,1.715,83.34,0.641,0,0.22,7.29,33.13636363636363,0.1139896373056995,3.77720207253886,58.5,0.2363709410205058,0.2189509449780187,0,0,0,6,1.458,0.3530738675867516,1,10.75035251609341,1.075035251609341,0.9465002428285216,2.236939902558028,66.68155073481284,False,none,0.05605512554365213,0.04111769733331525,0.09834864126140422,3.258916339980167,6.185145858036122,1.178630248554023,2,straddles_peak,0,1.517128456645259,0.1517128456645259,0.3555662686294988,27.44818359825458,197.0388425323953,False,none,0.3196696408026964,0.3785775369454738,0.008015102318609883,0.2655913450121184,59.35893644795417,0.1228121734693118,0,before_peak,0,0.8504003510352763,False,-0.2970187420430994,-0.03340422678405514,rising,median_fraction_lt_0.5,3_to_6_Rdisk
ml_0.5,IC2574,0.5,0.7,34,2,75,2.78,3.18,1.016,80.31999999999999,1.036,66.40000000000001,0.85,10.23,12.03529411764706,0.3057553956834532,3.679856115107914,43.65,0.2463564517689245,0.2277423809849054,0,0,0,13,1.497803806734993,0.6051982907421951,1,113.1873585063458,3.537104953323305,1.824565689710566,4.976822409923699,68.81630578226988,False,none,0.491738134871075,0.5087883956233669,0.170791708039474,2.055528439110376,13.76092959838576,0.7434090790784978,0,before_peak,0,1093.245464068865,34.16392075215204,5.670474261908489,499.9999999999679,493.2720362994426,True,length_upper,0.4740302906695936,0.4889398340366077,0.001700000000000109,0.02046000000000131,1081.290793532235,0.009460914733752447,0,before_peak,0,-0.9849197593566107,True,-0.1134601558711201,-0.1311680000726015,rising,median_fraction_lt_0.5,3_to_6_Rdisk
ml_0.5,IC4202,0.5,0.7,32,1,90,4.78,8.550000000000001,179.749,8888.530000000001,12.326,242.6,0.77,25.9,33.63636363636363,0.1610878661087866,5.418410041841003,240.5,0.5210459268277927,0.4118153949129853,0,3,758.5164216159998,9,1.448545861297539,0.01237231024374241,0.5447876447876447,997.8183634560279,33.26061211520093,5.584068754770206,5.27296054328373,219.3390954870726,False,none,-0.3418280330209941,-0.3635462195209453,0.1460280223376152,4.911851660447056,14.57975246745961,1.776436195182732,14,straddles_peak,0.760174846841678,1205.243903506811,40.17479678356038,6.137089862841171,50.45477780996502,532.9183568850829,False,none,0.04962428569955167,0.2945560948941224,0.0152611909797752,0.5133309693197112,109.1125734712664,0.2373695274158343,0,before_peak,0.6293468230032105,-0.08202345110471154,True,-0.3542003432647365,0.03725197545580927,flat_band,median_fraction_ge_0.5,3_to_6_Rdisk
ml_0.5,KK98-251,0.5,0.7,15,2,59,1.34,1.28,0.08500000000000001,52.1,0.115,33.7,0.25,3.13,12.52,0.1865671641791045,2.335820895522388,21.8,0.4038566290952151,0.342683267065388,0,0,0,3,1.272357723577236,0.1137613043934033,0.8913738019169329,2.980125306974736,0.2292404082288259,0.4457297616998246,1.536442813126314,36.13927021898596,False,none,0.2642087916484923,0.452481004952731,0.1627135080226686,2.03717312044381,4.248269205109356,0.7367706350236883,0,before_peak,0,23.73226840130906,1.825559107793004,1.257835929982101,499.9999999999736,478.2931746861713,True,length_upper,0.2651540055118047,0.4963134743118398,0.0005000000000000264,0.00626000000000033,1081.290793532248,0.002894688476700373,0,before_peak,0,-0.9011047258888242,True,0.150447487255089,0.1513927011184014,rising,median_fraction_lt_0.5,below_3_Rdisk
ml_0.5,NGC0024,0.5,0.7,29,1,64,1.34,2.01,3.889,1182.58,0.676,106.3,0.21,11.27,53.66666666666666,0.1567164179104477,8.410447761194028,92.40000000000001,0.2444542230331079,0.1211635510478916,0,0,0,3,1.327444051825677,0.1324288919340922,1,94.17376230591499,3.487917122441296,1.802046368437024,1.533339651273439,144.7185962921163,False,none,-0.5106065590362648,-0.4943535442155262,0.1369559574263895,7.349969715216235,4.23968895283741,2.658213874972492,4,straddles_peak,0,25.14247378315946,0.9312027327096096,0.9311186039338413,4.25993789090551,215.8997234625943,False,none,-0.08640611303916441,-0.0104382827322442,0.0492964933710246,2.64557847757832,9.212463244911104,1.223342736941226,2,straddles_peak,0,0.5735219151782783,False,-0.6430354509703571,-0.2188350049732566,rising,median_fraction_lt_0.5,at_least_6_Rdisk
ml_0.5,NGC0055,0.5,0.7,21,2,77,6.11,3.67,4.628,391.59,1.565,85.59999999999999,1.23,13.5,10.97560975609756,0.2013093289689034,2.20949263502455,82.40000000000001,0.3473688687081722,0.3151360277914548,0,0,0,8,1.465798045602606,0.03554401520521736,0.9548148148148149,2.424352624793598,0.1275975065680841,0.3397725166716835,4.129672360836467,85.16866179429569,False,none,-0.0340054006862948,0.02619378570630659,0.2978444516966143,3.269024469840888,11.41855705129357,1.182285987568861,4,straddles_peak,0,56.40452051743247,2.968658974601709,1.63888057784854,209.9696756108538,468.9060007245352,False,none,0.2739378043269924,0.4660536414419392,0.005857988761575335,0.06429499860265611,454.0765543179614,0.02973066957900406,0,before_peak,0,-1.366718123027884,True,-0.06954941589151217,0.238393789121775,flat_band,median_fraction_lt_0.5,below_3_Rdisk
ml_0.5,NGC0100,0.5,0.7,21,1,89,1.66,2.81,3.232,1193.52,1.99,88.09999999999999,0.23,9.619999999999999,41.82608695652173,0.1385542168674699,5.795180722891566,77.8,0.2711361278342068,0.1673859853061224,0,0,0,7,1.343575418994413,0.303033013722083,1,4.089543746534733,0.2152391445544596,0.4412937552316097,2.951115304620769,91.62541002122224,False,none,-0.0398127392780384,-0.0207488353224743,0.0779366362404996,3.259784524493939,8.159843088358812,1.178944238979829,4,straddles_peak,0,14.37229728711226,0.7564366993216979,0.8272817590821809,499.9999999999922,899.8688861671449,True,length_upper,0.3864548838962807,0.4890482928808966,0.0004600000000000072,0.0192400000000003,1081.290793532288,0.008896774168005288,0,before_peak,0,-0.5458513336177528,True,-0.3428457530001214,0.08342187017419772,rising,median_fraction_lt_0.5,3_to_6_Rdisk
ml_0.5,NGC0247,0.5,0.7,26,2,74,3.74,5.87,7.332,506.79,1.746,104.9,1.08,14.54,13.46296296296296,0.2887700534759358,3.887700534759358,88.90000000000001,0.2549768352624331,0.2525950204081632,0,0,0,9,1.421309872922776,0.1569389704040567,0.9635488308115544,356.8916097669544,14.87048374028977,3.704942695326352,2.467242745483963,91.39055560220882,False,none,-0.3594631496181455,-0.4546637535970566,0.4377356066713867,5.893218260187001,6.821933942234705,2.131360421123784,15,straddles_peak,0,44.39268776366127,1.849695323485886,1.306679405146161,22.31247920068612,229.5967932782804,False,none,0.1454363222216919,0.2552317046427281,0.04840340646532858,0.6516532685239607,48.25255668116588,0.3013311832588408,0,before_peak,0,0.9052248979009215,False,-0.5164021200222021,-0.01150264818236471,rising,median_fraction_lt_0.5,3_to_6_Rdisk
ml_0.5,NGC0289,0.5,0.7,28,2,46,6.74,2.69,72.065,69.95999999999999,27.469,163,1.5,71.12,47.41333333333333,0.2225519287833828,10.55192878338279,175,0.284370323401115,0.2340520454080598,0,0,0,8,1.424679487179487,-0.2603796041424148,0.03543307086614173,171.0759796364116,6.579845370631215,2.471812374672909,11.28899433113192,188.6628902867172,False,none,-0.5012324627836655,-0.4710679815882032,0.1328727746689903,6.299941156305728,31.21410479054323,2.278457142283538,14,straddles_peak,0,50.76743679384732,1.952593722840282,1.346522462730349,19.46102088075913,321.3938166401628,False,none,-0.1782709726598715,-0.06145224754612098,0.07707714868560835,3.654484543013644,42.08604542220959,1.689871293121512,10,straddles_peak,0,0.5276037987994605,False,-0.2408528586412507,0.08210863148254338,declining,median_fraction_lt_0.5,at_least_6_Rdisk
ml_0.5,NGC0300,0.5,0.7,25,2,42,1.75,1.77,2.922,437.35,0.9360000000000001,93.3,0.91,11.8,12.96703296703297,0.52,6.742857142857143,88.2,0.2036454759737683,0.1485943395818656,0,0,0,9,1.444308445532436,0.09023635217363922,0.8076271186440677,44.43290621842408,1.931865487757569,1.33316024870867,2.848846167327609,104.0838941739748,False,none,-0.2900377666915161,-0.2318928920887683,0.319427567004657,4.142027791928519,7.877068602459406,1.498019199212733,9,straddles_peak,0,14.88756609909617,0.6472854825693987,0.7716881779344859,20.19559791460412,232.2861570909837,False,none,0.1408360614638604,0.2741267100484553,0.0450593245046708,0.5842857463243027,43.6746281898833,0.270179747122228,0,before_peak,0,0.4748810173102836,False,-0.3802741188651553,0.05059970929022113,flat_band,median_fraction_lt_0.5,at_least_6_Rdisk
ml_0.5,NGC0801,0.5,0.7,13,1,80,8.720000000000001,7.76,312.57,1558.94,23.201,220.1,1.17,59.82,51.12820512820513,0.1341743119266055,6.860091743119265,219,0.6138021056790123,0.3831302854938272,0,2,2.510194315992684,3,1.306113537117904,0.03562389938036974,0.05884319625543297,178.3510911573453,16.21373555975866,3.703959328125942,16.2729975528851,194.5111263723853,False,none,-0.2311286816887459,-0.162488933125851,0.07189824715438284,3.676028328867677,44.9948893561964,1.329484322684793,3,straddles_peak,0.01407445449143978,83.97238614026388,7.633853285478534,2.541537786160544,28.06558547336175,348.9054517916106,False,none,-0.1204312755893621,0.02794731107510665,0.04168806672893025,2.131436027115049,60.69411837488011,0.9855979722865226,0,before_peak,0.02989309261499087,0.3271392765346329,False,-0.2667525810691156,-0.1560551749697319,flat_band,median_fraction_ge_0.5,at_least_6_Rdisk
ml_0.5,NGC0891,0.5,0.7,18,1,90,2.55,3.68,138.34,5067.92,4.462,216.1,0.92,17.11,18.59782608695652,0.3607843137254902,6.709803921568628,222.5,0.7283306708502193,0.5640006026885259,0,4,138.3025756029546,7,1.477547495682211,-0.1760078947369231,0.05376972530683811,217.706800811977,13.60667505074856,3.477761099807181,7.474552137685802,182.5092815298275,False,none,-0.07072212868155928,0.4093240202311236,0.1230842976345659,2.289100361442851,20.66716014239596,0.8278834577229158,0,before_peak,0.6352698909135134,292.5015182854777,18.28134489284236,4.031139336365491,499.9999999999959,1205.0179340399,True,length_upper,-0.04400651546535632,0.4815890910827473,0.001840000000000015,0.03422000000000028,1081.290793532296,0.01582368045889494,0,before_peak,0.4728268639890376,-0.1282561287957757,True,0.1052857660553638,0.1320013792715667,declining,median_fraction_ge_0.5,at_least_6_Rdisk
ml_0.5,NGC1003,0.5,0.7,36,1,67,1.61,2.76,6.82,1345.33,5.88,109.8,1.25,30.24,24.192,0.7763975155279502,18.78260869565217,103.5,0.1997268788720414,0.1190931884430727,0,0,0,13,1.490389354361755,0.1996471982892928,1,425.9519442368967,12.52799835990873,3.439767208842033,8.16047333796001,123.1637656401173,False,none,-0.07572225663266352,-0.1054870151746742,0.153177389133224,3.705667397910955,22.56373441601131,1.340203684481483,10,straddles_peak,0,87.2979270057172,2.567586088403447,1.557222661286907,29.66931288466034,239.9422779463889,False,none,0.1724044506460808,0.180316110633016,0.04213107343804636,1.019234928613217,64.16230974522524,0.4713047288988901,0,before_peak,0,0.6883566739177176,False,-0.2753694549219563,-0.02724274764321202,rising,median_fraction_lt_0.5,at_least_6_Rdisk
ml_0.5,NGC1090,0.5,0.7,24,1,64,3.53,6.36,72.045,2055.09,8.782999999999999,164.4,0.35,30.09,85.97142857142858,0.09915014164305949,8.524079320113314,165,0.4729547085443397,0.3447150306748467,0,2,2.805173783740247,9,1.49478390461997,-0.07616739982475483,0.3748753738783649,116.5654132332113,5.298427874236878,2.203835796526246,7.761432385521313,157.2085937445318,False,none,-0.2080657193360195,-0.1494447691249224,0.04509476893117217,3.876861706111344,21.46038492891039,1.402118372977747,7,straddles_peak,0.02406523261001926,53.19664438893436,2.418029290406107,1.488800473380813,20.02696875216336,291.1174478784935,False,none,-0.04281724993718476,0.1071643012935577,0.0174764341189773,1.502474007542934,43.30995386814678,0.694759456258168,0,before_peak,0.0527321566230926,0.3406854694907093,False,-0.1318983195112647,0.03335014988757008,flat_band,median_fraction_lt_0.5,at_least_6_Rdisk
ml_0.5,NGC2403,0.5,0.7,73,1,63,1.39,2.16,10.041,1408.74,3.199,131.2,0.16,20.87,130.4375,0.1151079136690648,15.01438848920863,114,0.4391312750076947,0.1648065703395329,0,0,0,14,1.448299791811242,0.02810722290984412,0.8332534738859607,5377.306613311469,75.73671286354181,8.582641459884261,3.546670093432206,134.5572554602911,False,none,-0.4613424893263549,-0.451440541771107,0.04511273836726206,5.884392810779745,9.806553950388816,2.128168580480051,23,straddles_peak,0,710.8908681816266,10.01254743917784,3.120613893287855,11.05506489583649,257.5488119229034,False,none,-0.04026555039806943,0.06002920750320292,0.01447300413951062,1.887822477447417,23.90747978754032,0.8729485577512298,0,before_peak,0,0.8787618651053294,False,-0.489449712236199,-0.06837277330791355,flat_band,median_fraction_lt_0.5,at_least_6_Rdisk
ml_0.5,NGC2683,0.5,0.7,11,2,80,2.18,3.34,80.41500000000001,10205.4,1.406,154,2.89,34.62,11.97923875432526,1.325688073394495,15.88073394495413,172,0.3767904702222222,0.249302901144641,0,0,0,3,1.2,-0.3177853212780206,0.1666666666666667,20.06439496219303,2.229377218021448,1.350568734146438,4.71634744534073,182.357099204044,False,none,-0.5074250578485957,-0.4972259732939783,0.6127623194629194,7.340426124500437,13.04071550301819,2.654762309014979,7,straddles_peak,0,7.637813479108984,0.8486459421232204,0.8332746725534136,6.780770564679203,302.7815176386584,False,none,-0.2288487072141186,-0.1274326020044509,0.4262052479778491,5.105614423873058,14.66396956928494,2.360888696367376,6,straddles_peak,0,0.4194570198206693,False,-0.1896397365705751,0.08893661406390202,declining,median_fraction_lt_0.5,at_least_6_Rdisk
ml_0.5,NGC2841,0.5,0.7,50,1,76,3.64,5.51,188.121,4751.49,9.775,284.8,3.44,63.64,18.5,0.945054945054945,17.48351648351648,301,0.3867243385090154,0.1526118098938685,0,0,0,11,1.477251624883937,0.1799445476041657,0.1346637335009428,1650.572705920175,34.38693137333699,5.745559513085171,8.135658009002512,344.034055396677,False,none,-0.458947684374906,-0.4945174039884308,0.4228299660818422,7.822354372514081,22.49511995348518,2.829058041548261,21,straddles_peak,0,160.3303774944386,3.340216197800805,1.79070029594256,11.47017684165733,556.5430691181208,False,none,-0.1613637883003874,-0.1246611377748144,0.2999081921306239,5.548301554416542,24.80519323814305,2.565591785116212,19,straddles_peak,0,1.012618844176752,False,-0.6388922319790717,-0.3413083359045531,rising,median_fraction_lt_0.5,at_least_6_Rdisk
ml_0.5,NGC2903,0.5,0.7,34,1,66,2.33,4.54,81.863,1193.52,2.552,184.6,0.32,24.96,78,0.1373390557939914,10.71244635193133,189.5,0.5349051069280464,0.2893654802966942,0,5,251.6399151047455,9,1.444444444444444,-0.1355678141623872,0.1538461538461538,338.4354858111909,10.57610893159972,3.15499364132477,5.585475779896965,183.4764719928833,False,none,-0.360544998269969,-0.2980120814834286,0.05729144885951023,4.468733011041798,15.44385807847809,1.616176467898472,10,straddles_peak,0.7435388003169751,456.3937211435207,14.26230378573502,3.663788304407791,19.11948525485197,356.3115395292298,False,none,-0.04636538003474441,0.1309682580268346,0.01673685226011999,1.305474476289359,41.34744676629619,0.6036648439522464,0,before_peak,0.5513658568182036,-0.1298637673397328,True,-0.2249771841075818,0.08920243412764278,declining,median_fraction_ge_0.5,at_least_6_Rdisk
ml_0.5,NGC2915,0.5,0.7,30,2,56,0.55,0.53,0.641,313.93,0.508,83.5,0.34,10.04,29.52941176470588,0.6181818181818182,18.25454545454545,81.15000000000001,0.07956729145411157,0.0764037753062881,0,2,3.43585912890471,10,1.43019943019943,0.289286389231339,1,28.25181760170461,1.008993485775165,0.9704263255859014,2.008410427748577,99.35670559777478,False,none,-0.3407919773035066,-0.3808191971331727,0.1692881073024198,4.998978227400867,5.553261142250747,1.807946671841686,14,straddles_peak,0.1216155072690758,26.7903198580294,0.9567971377867641,0.944992413691408,5.423257767872884,175.9625058406668,False,none,0.06686405495695183,0.06272542834365445,0.06269294482260156,1.851285782408587,11.72823739070701,0.8560536136449023,0,before_peak,0.1282500226616346,0.02306849489573001,False,-0.6300783665348456,-0.2224223342743872,rising,median_fraction_lt_0.5,at_least_6_Rdisk
ml_0.5,NGC2955,0.5,0.7,24,1,56,18.76,7.22,319.422,50.68,28.949,0,0.75,35.43,47.24,0.03997867803837953,1.888592750533049,255.5,0.8226494025057202,0.5306970985144379,0,2,0.2747069254605157,4,1.428629032258064,-0.3549683109307632,0.34998588766582,92.27040355151584,4.194109252341629,1.960765194504387,9.003206158234745,207.702136088429,False,none,-0.3011181641201574,-0.1896901645971089,0.08330365725481201,3.93526476871732,24.89389331155999,1.423240613935923,3,straddles_peak,0.00297719436446534,99.65259338899182,4.529663335863265,2.037692663580058,91.29682054136543,523.7121557366514,False,none,-0.04464873643223744,0.3318102873934193,0.008214962969714641,0.3880748506893196,197.4368230602989,0.1794498080491266,0,before_peak,0.002756646025138582,-0.03342618535871192,True,0.05385014681060579,0.3103195744985258,declining,median_fraction_ge_0.5,below_3_Rdisk
ml_0.5,NGC2976,0.5,0.7,27,2,61,1.01,1.31,3.371,1502.55,0.172,85.40000000000001,0.11,2.27,20.63636363636364,0.1089108910891089,2.247524752475248,49.2,0.5898784583113941,0.5754684930929854,0,3,0.3611295752564943,6,1.455128205128205,0.2977639376306573,0.9251101321585904,7.273208985652652,0.2909283594261061,0.5190164839190832,1.358095021454811,84.87039412804397,False,none,0.2714417679326937,0.6512023169934004,0.08099580534664388,1.671458892153469,3.755137000848774,0.6045052416161945,0,before_peak,0.04965202786952351,47.43188930421223,1.897275572168489,1.325419420748296,499.999999999864,1082.985251351179,True,length_upper,0.1532177373877895,0.4974938646037446,0.0002200000000000599,0.004540000000001235,1081.290793532011,0.00209934276105792,0,before_peak,0.007613645177410715,-0.8143443571834552,True,-0.02632216969796364,-0.1445462002428678,rising,median_fraction_ge_0.5,below_3_Rdisk
ml_0.5,NGC2998,0.5,0.7,13,1,58,6.2,7.06,150.902,774.16,23.451,209.9,0.33,42.28,128.1212121212121,0.05322580645161291,6.819354838709677,206,0.3695372129629629,0.3111493045912407,0,0,0,3,1.308168316831683,-0.1747503217707476,0.2956480605487228,96.1977730299318,8.745252093630164,2.720262615007996,10.8566543192692,204.7624796959199,False,none,-0.2731630942902544,-0.2191669938124838,0.03039610457286933,3.894385761639137,30.01868329952415,1.408456179710927,3,straddles_peak,0,27.01491581855,2.45590143805,1.441551403031043,17.21071375596081,369.1562087753202,False,none,-0.1229710905986121,0.001635329223017899,0.01917410310108183,2.456609330647697,37.21957266888045,1.135961457057529,2,straddles_peak,0,0.5515613997068148,False,-0.09841277251950686,0.05177923117213547,declining,median_fraction_lt_0.5,at_least_6_Rdisk
ml_0.5,NGC3109,0.5,0.7,25,1,70,1.56,1.64,0.194,140.87,0.477,66.2,0.26,6.45,24.80769230769231,0.1666666666666667,4.134615384615385,50.6,0.130722923945176,0.1080816953435438,0,0,0,9,1.472602739726028,0.4170770076097204,1,9.137502203590051,0.3972827045039153,0.60456603290592,2.371332252494236,71.74640814384028,False,none,0.2385868270996442,0.2334275203637541,0.109643007523102,2.719989994323108,6.556741127810303,0.9837203992456615,0,before_peak,0,199.340453967741,8.666976259466997,2.823759578772534,499.9999999998746,740.9285622051998,True,length_upper,0.4658091153377838,0.492937316764508,0.0005200000000001304,0.01290000000000324,1081.290793532034,0.005965092867323037,0,before_peak,0,-1.338767948266148,True,-0.1784901805100762,0.04873210772806341,rising,median_fraction_lt_0.5,3_to_6_Rdisk
ml_0.5,NGC3198,0.5,0.7,43,1,73,3.14,5.84,38.279,1602.62,10.869,150.1,0.32,44.08,137.75,0.1019108280254777,14.03821656050955,146,0.4383897126197419,0.2009893336902036,0,3,1.024742388717108,8,1.465425531914894,0.06462344620468971,0.3187386569872959,939.2164530225837,22.90771836640448,4.673568560912363,6.186925151041532,174.1073008549599,False,none,-0.4096602110158259,-0.4874545112378517,0.0517219769413454,7.124702323670328,17.10686747917734,2.57674293985469,14,straddles_peak,0.001091060942788305,57.08608173044184,1.392343456840045,1.152208009023018,16.30526285441978,286.5179773893248,False,none,-0.04107675524188957,-0.006073638449819934,0.01962556524584081,2.703421612614571,35.26146122121676,1.250089998354269,5,straddles_peak,0.01795082720085607,1.216235456899299,False,-0.4742836572205157,-0.1057002014465793,flat_band,median_fraction_lt_0.5,at_least_6_Rdisk
ml_0.5,NGC3521,0.5,0.7,41,1,75,2.4,2.45,84.836,2112.66,4.154,213.7,0.51,17.74,34.78431372549019,0.2125,7.391666666666667,213,0.8075155512145408,0.3475843658686021,0,0,0,3,1.331831831831832,0,0.2322435174746336,42.7911560202332,1.097209128723928,1.021609872799206,4.372729851512587,195.6173885804484,False,none,-0.3416611898455298,-0.248525316001653,0.1166319478491414,4.056962264399546,12.09061177659081,1.467254124753822,3,straddles_peak,0,12.74592599834937,0.3268186153422917,0.5575627712304507,27.95726175794969,425.0003433278361,False,none,-0.01130929580497413,0.2547672857258278,0.01824212987722164,0.6345399686704154,60.45985950248756,0.2934178171431263,0,before_peak,0,0.5259826266037901,False,-0.3416611898455298,-0.01130929580497413,flat_band,median_fraction_ge_0.5,at_least_6_Rdisk
ml_0.5,NGC3726,0.5,0.7,12,2,53,3.4,7.52,70.23399999999999,1789.91,6.473,168,3.5,32.52,9.291428571428572,1.029411764705882,9.564705882352943,159,0.6112020128621679,0.2618060975109958,0,0,0,4,1.458295964125561,0.1652608412889468,0.9249692496924968,35.46125071601343,3.546125071601343,1.719041659278347,9.281479022059051,151.0377087404555,False,none,-0.2242349744244611,-0.04218800924229121,0.3770950719903197,3.503751926035771,25.66331865424289,1.267178280336067,3,straddles_peak,0,20.42555033938449,2.042555033938449,1.304656734527787,141.0177959320422,485.733748918105,False,none,0.08250734790988662,0.3919982915069677,0.02481956250179007,0.2306091921594895,304.9624889310691,0.1066360656813452,0,before_peak,0,0.2395802822218934,False,-0.389495815713408,-0.08275349337906018,rising,median_fraction_ge_0.5,at_least_6_Rdisk
ml_0.5,NGC3741,0.5,0.7,21,1,70,0.2,0.32,0.028,143.49,0.182,50.1,0.23,7,30.43478260869565,1.15,35,36.5,0.1031080502908613,0.08009450038269232,0,0,0,6,1.498929336188437,0.2153066538349309,1,45.09136680143681,2.373229831654569,1.465335436999175,1.914112653680028,54.85232935842402,False,none,-0.083348611989713,-0.08419993452371229,0.1201601167819498,3.657047032494124,5.292527500709843,1.322619485503126,4,straddles_peak,0,6.537494340234495,0.3440786494860261,0.5579509425539854,25.15755689227653,161.5457604088813,False,none,0.3383059388354103,0.3739944816430271,0.009142382186984578,0.2782464143864871,54.40526931076759,0.1286640078926068,0,before_peak,0,0.8386820738729547,False,-0.2986552658246439,0.1229992850004794,rising,median_fraction_lt_0.5,at_least_6_Rdisk
ml_0.5,NGC3769,0.5,0.7,12,2,70,3.38,2.18,18.679,160.26,5.529,118.6,1.74,37.16,21.35632183908046,0.514792899408284,10.99408284023669,118,0.3453234805540683,0.1636342822460647,0,1,0.07308753984492611,3,1.16781898177247,,0.2346609257265878,21.18654233500211,2.118654233500211,1.328738196404208,6.455755225602212,134.8954872674912,False,none,,,0.2695269475365971,5.756104235896522,17.8501834798813,2.081771318590789,3,straddles_peak,0.003449715328214684,11.05330373042056,1.105330373042056,0.9597440514020982,16.79396292125685,235.67667877833,False,none,,,0.103608660335769,2.212699895446653,36.31831498735585,1.023175222004027,1,straddles_peak,0.006612280059198668,0.2825679811635222,False,,,unresolved,median_fraction_lt_0.5,at_least_6_Rdisk
ml_0.5,NGC3877,0.5,0.7,13,2,76,2.53,4.39,72.535,3410.59,1.483,168.4,0.87,11.35,13.04597701149425,0.3438735177865613,4.486166007905139,162,0.6899352820069206,0.7102281327684605,0,2,14.48572376156732,5,1.445859872611465,-0.004298535685289304,0.7682819383259912,33.91715162287007,3.083377420260916,1.61524353064722,1.943679067211459,123.0550255963737,False,none,-0.1986518682052875,-0.446788966442785,0.4476047587671786,5.839441393112043,5.374278727008677,2.111911305038957,7,straddles_peak,0.4270913997329808,61.96962806392661,5.633602551266056,2.183321887962445,6.538042802513199,217.106785660795,False,none,-0.03915857352872408,0.07659677496555123,0.1330673454241651,1.735993529384222,14.13905098015534,0.8027412883601682,0,before_peak,0.233755215484336,-0.2617595166847254,True,-0.1943533325199981,-0.03486003784343478,flat_band,median_fraction_ge_0.5,3_to_6_Rdisk
ml_0.5,NGC3893,0.5,0.7,10,1,49,2.38,2.43,58.525,2055.09,5.799,174,1.74,19.05,10.94827586206897,0.73109243697479,8.004201680672269,182.5,0.4613221358554687,0.3342177117214111,0,0,0,4,1.451981707317073,-0.282836361529358,0.2750656167979003,4.9912584724886,0.6239073090610751,0.7064883914466394,4.203159597820913,172.6990643132896,False,none,-0.3595664670125693,-0.3014445390389321,0.4139742875578852,4.532304699987193,11.62174949241955,1.639168011014661,4,straddles_peak,0,8.86992749140901,1.108740936426126,0.9418029247888865,17.46441908384978,344.8628247881387,False,none,-0.04085576001731737,0.1664319339939665,0.09963114098705206,1.090789215978932,37.76823113951331,0.5043921683710995,0,before_peak,0,-0.2497100092360996,True,-0.0767301054832113,0.2419806015120406,declining,median_fraction_lt_0.5,at_least_6_Rdisk
ml_0.5,NGC3917,0.5,0.7,17,1,79,2.63,5.56,21.966,1226.96,1.888,135.9,0.87,14.86,17.08045977011494,0.3307984790874525,5.650190114068441,134,0.3445655871539792,0.31395441152965,0,1,0.05340669820225448,6,1.419293218720153,0.02451240158642968,0.9380888290713324,25.68907929627993,1.712605286418662,1.22927715001373,3.519066276459239,133.5422512590432,False,none,-0.3044672583317936,-0.2560732368198287,0.2472246703109449,4.222711035426025,9.730229309739732,1.527199362621957,6,straddles_peak,0.002078965056952757,64.16269632179791,4.277513088119861,1.942749663292573,28.53467678866327,321.136037591301,False,none,0.08577892475537288,0.2907421960339532,0.03048921865993058,0.5207698727431821,61.70856661600308,0.2408093529780079,0,before_peak,0.0008323636826981458,-0.3975340667926086,True,-0.3289796599182233,0.06126652316894321,flat_band,median_fraction_lt_0.5,3_to_6_Rdisk
ml_0.5,NGC3949,0.5,0.7,7,2,55,3.59,2.39,38.067,185.71,3.371,163,1.74,7.07,4.063218390804598,0.4846796657381616,1.969359331476323,157,0.761929433242728,0.5717210523415978,0,0,0,3,1.349236641221374,0.1618779850132859,1,2.221845327746605,0.4443690655493211,0.5633883876974854,5.211241144525669,176.3792106042447,False,none,0.1043468815099639,0.7442618063493373,0.3338935872940449,1.356682564464884,14.40909813599887,0.4906622144752222,0,before_peak,0,2.763008347188834,0.5526016694377669,0.6282638603085757,499.9999999999865,1196.54222793152,True,length_upper,-0.04273096673883688,0.4919500746463486,0.003480000000000094,0.01414000000000038,1081.290793532276,0.006538481639064253,0,before_peak,0,-0.0946683744024778,True,-0.05753110350332204,-0.2046089517521228,rising,median_fraction_ge_0.5,below_3_Rdisk
ml_0.5,NGC3953,0.5,0.7,8,1,62,4.89,6.17,141.301,1999.08,2.832,220.8,3.5,15.68,4.48,0.7157464212678937,3.206543967280164,219.5,0.5915907969187977,0.5892911366395164,0,0,0,4,1.497612225405922,-0.08437965810163926,0.6677295918367347,5.58148723885729,0.9302478731428817,0.8352759453361274,3.250074878344872,174.4905220031973,False,none,-0.2794990818718561,-0.3359974764687643,1.076898265735466,4.82450423049489,8.986467248903026,1.74484584049578,4,straddles_peak,0,1.602683882892922,0.2671139804821537,0.4475885223747536,7.174188871468386,310.8481500236765,False,none,-0.124185080045801,0.0362115992496307,0.4878600302703813,2.185612935611308,15.51476875556136,1.010649932786101,1,straddles_peak,0,0.5419020665917035,False,-0.1951194237702168,-0.03980542194416174,flat_band,median_fraction_ge_0.5,3_to_6_Rdisk
ml_0.5,NGC3972,0.5,0.7,10,1,77,2.18,3.73,14.353,1587.93,1.214,132.7,0.87,8.720000000000001,10.02298850574713,0.3990825688073394,4,113,0.3554505893512167,0.3368280611870436,0,0,0,4,1.427168576104746,0.2473368676839975,0.900229357798165,13.75624208401272,1.71953026050159,1.172870073111797,2.75004967236194,123.7046109794166,False,none,-0.061659198594592,0.04883877153790216,0.3163579220926513,3.17085181683669,7.603895983504998,1.146780547618766,2,straddles_peak,0,9.161337757719153,1.145167219714894,0.9571487741056326,57.61567387386165,455.8196954483712,False,none,0.1885224415297836,0.4241263232623895,0.01510005770139383,0.1513477047771888,124.5985954459327,0.06998473753890659,0,before_peak,0,0.1765409150961887,False,-0.3089960662785895,-0.05881442615421389,rising,median_fraction_lt_0.5,3_to_6_Rdisk
ml_0.5,NGC3992,0.5,0.7,9,1,56,4.96,9.99,226.932,3257.09,16.599,241,9.19,46.02,5.007616974972797,1.852822580645161,9.278225806451614,248,0.3465118134469697,0.2737879948511728,0,0,0,4,1.433198380566802,-0.05982923559527019,0.3987396784006954,44.42727291330998,6.346753273329997,2.221792892470953,8.102720662143813,264.4556305757217,False,none,-0.4717782723575229,-0.4380847649877516,1.13418694574231,5.679573802291743,22.40404808594649,2.054093073870307,6,straddles_peak,0,2.906146931077784,0.4151638472968263,0.5682474941116751,11.50667886713147,451.078771688929,False,none,-0.2082401541213874,-0.07547466520970525,0.798666592343252,3.999416385161748,24.88413184632397,1.84937132965715,5,straddles_peak,0,1.18433208779702,False,-0.4119490367622527,-0.1484109185261172,flat_band,median_fraction_lt_0.5,at_least_6_Rdisk
ml_0.5,NGC4010,0.5,0.7,12,2,89,2.81,6.63,17.193,2611.14,2.832,125.8,0.87,10.47,12.03448275862069,0.3096085409252669,3.725978647686833,109.5,0.3951082952021632,0.3641006945996978,0,0,0,4,1.33375796178344,-0.19880033900188,0.7497612225405921,10.86633924204793,1.086633924204793,0.9515924916531555,3.887654495513847,119.1111866342633,False,none,0.02909381976360026,0.194056980029709,0.2237853186295066,2.693140558679235,10.74937689336481,0.974009945307876,0,before_peak,0,22.44154821083228,2.244154821083228,1.367526605799447,499.9999999999483,1043.023401345126,True,length_upper,0.2119364349455335,0.4880846406220228,0.00174000000000018,0.02094000000000217,1081.290793532193,0.009682871677653178,0,before_peak,0,-0.3149695556021384,True,0.2278941587654803,0.4107367739474135,declining,median_fraction_lt_0.5,3_to_6_Rdisk
ml_0.5,NGC4013,0.5,0.7,36,2,89,3.53,4.11,79.09399999999999,10205.4,2.967,172.9,5.49,31.01,5.648451730418944,1.555240793201133,8.784702549575071,178,0.4182034115982,0.2579426246686024,0,0,0,15,1.491582491582492,0.08226160237473439,0.1770396646243147,125.3069755702417,3.685499281477696,1.865676639022851,8.863745208839017,173.7153428003343,False,none,-0.1607547186533493,-0.04243028727550539,0.6193770094525411,3.498521140823916,24.50828334835697,1.265286497598736,9,straddles_peak,0,33.79298636494231,0.9939113636747737,0.9688622532088046,47.12440433307196,382.119318379806,False,none,0.05885696298790403,0.2572277662891171,0.1165001463190297,0.6580454530697833,101.9103691120891,0.3042869952310028,0,before_peak,0,0.5691486748221731,False,-0.2430163210280837,-0.02340463938683036,flat_band,median_fraction_lt_0.5,at_least_6_Rdisk
ml_0.5,NGC4051,0.5,0.7,7,2,49,4.65,6.87,95.268,1320.78,2.697,157,1.74,12.19,7.005747126436781,0.3741935483870967,2.621505376344086,153,0.7152492419738408,0.7461619518468544,0,0,0,3,1.397935779816514,-0.1551729592520447,0.7153404429860543,2.013300827583347,0.4026601655166694,0.5362969363519413,2.485846667837305,102.6757167861329,False,none,-0.354782254945591,-0.3718684868539909,0.6999627219621739,4.903761827999368,6.873373845986888,1.773510400153383,4,straddles_peak,0,3.962339605208515,0.7924679210417029,0.7523619574578367,6.29043133737818,184.0552517524252,False,none,-0.2332221420611758,0.05265752897363433,0.2766106021475505,1.93786393113715,13.60357098490826,0.8960882413539452,0,before_peak,0,-0.2940430233632416,True,-0.1996092956935463,-0.07804918280913115,declining,median_fraction_ge_0.5,below_3_Rdisk
ml_0.5,NGC4068,0.5,0.7,6,2,44,0.59,1.11,0.236,261.11,0.154,0,0.21,2.33,11.0952380952381,0.3559322033898305,3.949152542372881,26.45,0.5183469930619677,0.4104440606941488,0,1,0.004444403223952638,2,1.219895287958115,,1,0.8564629490179825,0.2141157372544956,0.3778145376190948,5.324264843552832,132.8623368260943,False,none,,,0.03944206499312099,0.437619102066533,14.72160901887881,0.1582707431648291,0,before_peak,0.005189253346042086,7.449697639006708,1.862424409751677,1.114278364309289,499.9999999999496,568.1113226356784,True,length_upper,,,0.0004200000000000424,0.00466000000000047,1081.290793532196,0.00215483199703265,0,before_peak,0.0005965884038946344,-0.9394300664607395,True,,,unresolved,median_fraction_ge_0.5,3_to_6_Rdisk
ml_0.5,NGC4085,0.5,0.7,7,2,82,1.65,2,21.724,5021.46,1.349,131.5,0.87,6.2,7.126436781609196,0.5272727272727273,3.757575757575758,127,0.7454110621301776,0.6700300554016622,0,2,15.89101716713697,3,1.393258426966292,0.1358221231953212,1,22.66036904067129,4.532073808134259,1.799220825034758,7.736267226140297,207.5029993513819,False,none,0.1193566614511064,0.9092549040291594,0.1124573356334347,0.8014200930198793,21.39080318416422,0.2898441889545274,0,before_peak,0.7012691249032815,33.40345762943112,6.680691525886223,2.184473052818496,499.9999999998253,990.7993928323566,True,length_upper,-0.05432465527943359,0.493046927970907,0.001740000000000608,0.01240000000000433,1081.290793531927,0.00573388771742736,0,before_peak,0.4757297086854779,-0.1685244450601363,True,-0.01646546174421479,-0.1901467784747548,rising,median_fraction_ge_0.5,3_to_6_Rdisk
ml_0.5,NGC4088,0.5,0.7,12,1,69,2.58,6.1,107.286,3988.69,8.226000000000001,171.7,1.74,21.48,12.3448275862069,0.6744186046511628,8.325581395348838,171,0.8831021997152224,0.6009229994319083,0,3,5.035743414310769,4,1.369897959183674,0.1345896577176099,0.4059590316573557,9.951083968557915,0.9951083968557916,0.9106354909511414,304.2378614557761,2999.999999999965,True,excess_amplitude_upper,0.06508214204361396,0.9992655065042799,0.005719209278142148,0.07060265246809963,841.2186427043034,0.02553438417739683,0,before_peak,0.5060497359103819,26.29018404705518,2.629018404705518,1.480151570140008,499.9999999999994,729.9059726550679,True,length_upper,-0.1804989915496532,0.4762411042531183,0.003480000000000004,0.04296000000000005,1081.290793532303,0.01986514647908013,0,before_peak,0.1915446238526745,-0.4219232355501575,True,-0.06950751567399596,-0.3150886492672632,rising,median_fraction_ge_0.5,at_least_6_Rdisk
ml_0.5,NGC4100,0.5,0.7,24,1,73,2.15,4.93,59.394,8970.780000000001,3.102,158.2,2.61,22.76,8.720306513409962,1.213953488372093,10.58604651162791,178.5,0.3671023035834143,0.3069998879560661,0,0,0,9,1.451530612244898,-0.3734009460632017,0.3449033391915641,41.72988248345462,1.896812840157028,1.31861484273357,4.076517915324181,177.8223499592714,False,none,-0.4739326943324785,-0.4317052391122596,0.6402523070458387,5.583196363357583,11.27158484246464,2.019236896860664,14,straddles_peak,0,18.87585265929881,0.8579933026954003,0.8868448910627591,7.107606724093578,309.2407009991262,False,none,-0.1934300680403891,-0.03741216093764286,0.3672122138036343,3.202203059835524,15.37077942962138,1.480731676894581,9,straddles_peak,0,0.3445405830079332,False,-0.1005317482692768,0.1799708780228126,declining,median_fraction_lt_0.5,at_least_6_Rdisk
ml_0.5,NGC4138,0.5,0.7,7,2,53,1.51,1.91,44.111,3952.12,1.483,147.3,2.61,18.58,7.118773946360153,1.728476821192053,12.3046357615894,162,0.4113730605090687,0.3297623018186867,0,0,0,3,1.379361544172234,0.1046212320762583,0.2820236813778256,2.31243802000329,0.462487604000658,0.574759331000288,2.781034403940198,160.9226616309477,False,none,-0.4835816444222772,-0.4831108679588384,0.9384997166169987,6.680967331319477,7.689568863659029,2.416260303982613,5,straddles_peak,0,4.689420202401845,0.937884040480369,0.8184846802302973,3.997020780382243,269.7477175839039,False,none,-0.2285501185573023,-0.1024513075334361,0.6529863474341008,4.648462197442756,8.643883542769256,2.149496798292992,4,straddles_peak,0,-0.3070490488544294,True,-0.5882028764985355,-0.3331713506335606,rising,median_fraction_lt_0.5,at_least_6_Rdisk
ml_0.5,NGC4157,0.5,0.7,17,1,82,2.32,4.44,105.62,23813.87,8.226000000000001,184.7,1.74,29.61,17.01724137931035,0.75,12.76293103448276,185,0.5552875097471645,0.3445311366921031,0,2,1.236388637994923,6,1.416746411483254,0.01746979194717597,0.2357311719013847,7.711432973589485,0.5140955315726323,0.6735085035311679,10.25840803496055,173.8729772566578,False,none,-0.09756608829819231,0.1487535298304807,0.1696169614300871,2.886412774680966,28.3645304439889,1.043909401513644,1,straddles_peak,0.1603318919102805,6.016323107857688,0.4010882071905125,0.5948960911669754,427.7724114452879,907.1431500407818,False,none,0.1141458076196605,0.46304842443558,0.004067583494038736,0.06921905014855573,925.0927404458059,0.03200760173053657,0,before_peak,0.2055056910723633,0.1078039360448452,False,-0.1150358802453683,0.09667601567248457,flat_band,median_fraction_ge_0.5,at_least_6_Rdisk
ml_0.5,NGC4183,0.5,0.7,23,1,82,2.79,4.47,10.838,1098.58,3.506,110.6,0.87,21.02,24.16091954022988,0.3118279569892473,7.534050179211469,109,0.2929883352652861,0.2418716657833084,0,0,0,8,1.496085409252669,0.08655046204247313,0.4567078972407231,50.70550534378745,2.414547873513688,1.484785233244298,3.524090202453389,118.5169613454067,False,none,-0.4317567629610951,-0.4481627493935817,0.2468722280134392,5.96466003774999,9.744120480896482,2.157198286003347,12,straddles_peak,0,3.555512550221835,0.169310121439135,0.3931761719427539,8.434309987404463,203.956275722686,False,none,-0.08776418192491015,0.01097916391455213,0.1031501096472896,2.492201499754054,18.23988347835603,1.15241964264426,3,straddles_peak,0,1.154152899413012,False,-0.5183072250035682,-0.1743146439673833,flat_band,median_fraction_lt_0.5,at_least_6_Rdisk
ml_0.5,NGC4217,0.5,0.7,19,1,86,2.94,5.28,85.29900000000001,4373.51,2.562,181.3,0.87,16.72,19.2183908045977,0.2959183673469388,5.687074829931973,179,0.8342102930747921,0.5874801832027714,0,8,523.3953520859939,7,1.473127753303965,-0.1753679193855587,0.5741626794258373,572.0799371328209,33.65176100781299,5.487209707621135,211.9960416276352,2999.999999999981,True,excess_amplitude_upper,0.1059948980965708,0.999143124629057,0.004103850210222931,0.07886939714359471,586.1697210970142,0.02852416185658411,0,before_peak,0.9148989819660048,647.4041599236333,38.08259764256667,5.837285598107688,499.9999999999985,837.4726926756263,True,length_upper,-0.1708538688066139,0.4819918680716531,0.001740000000000005,0.03344000000000009,1081.290793532302,0.01546300042505681,0,before_peak,0.8084522536088318,-0.05371876834643602,True,0.2813628174821295,0.004514050578944856,declining,median_fraction_ge_0.5,3_to_6_Rdisk
ml_0.5,NGC4559,0.5,0.7,32,1,67,2.1,3.82,19.377,1602.62,5.811,121.2,0.67,20.97,31.29850746268657,0.3190476190476191,9.985714285714284,119.5,0.4167694948944745,0.3369514848159098,0,0,0,11,1.45827538247566,-0.09809829348984471,0.6857415355269433,11.71632765590228,0.3905442551967425,0.6050910999568132,5.479385746791391,117.0683113525118,False,none,-0.1181024649264993,-0.1500248205887621,0.1222764796934287,3.82707131219582,15.15051880365382,1.384111017699454,9,straddles_peak,0,11.71186557317593,0.3903955191058645,0.6049758665944849,25.54232518868803,248.3879034542209,False,none,0.1283148765492613,0.2177688347949884,0.0262309713407268,0.8209902522612551,55.23736214387332,0.3796343486747384,0,before_peak,0,0.000165429566875165,False,-0.02000417143665455,0.226413170039106,flat_band,median_fraction_lt_0.5,at_least_6_Rdisk
ml_0.5,NGC5005,0.5,0.7,18,1,68,9.449999999999999,3.97,178.72,96.56999999999999,1.28,262.2,0.49,11.47,23.40816326530613,0.05185185185185186,1.213756613756614,260,0.8491778718977224,0.6706517322371442,0,5,5.192544673418187,5,1.400488400488401,-0.005024832922273042,0.7140366172624236,6.690042444878937,0.4181276528049336,0.6096466392226702,6.799623227310532,228.5628129887317,False,none,0.01671947425636325,0.6325617372303646,0.07206281636781375,1.686858170895559,18.80097958488403,0.610074594688772,0,before_peak,0.7761601987133806,11.40811751566111,0.7130073447288193,0.7961057130969588,499.9999999999994,1443.116996564981,True,length_upper,-0.06598848181782208,0.4872585648621403,0.0009800000000000013,0.02294000000000003,1081.290793532303,0.01060769227723692,0,before_peak,0.455162270750616,-0.2317851130710386,True,0.02174430717863629,-0.06096364889554903,flat_band,median_fraction_ge_0.5,below_3_Rdisk
ml_0.5,NGC5033,0.5,0.7,22,1,66,5.16,2.94,110.509,614.9400000000001,11.314,194.2,0.76,44.59,58.67105263157895,0.1472868217054263,8.641472868217054,217.5,0.3276386757318268,0.2512935013020484,0,2,10.30852866717568,7,1.444444444444444,-0.1299403963118793,0.1536218883157658,112.9490708373557,5.647453541867786,2.265843921020435,8.110406499441734,218.5337187701757,False,none,-0.4584599755055013,-0.42513857746773,0.09370677043774728,5.497874860288357,22.4252994502207,1.988379245458021,10,straddles_peak,0.09126705151935025,108.1909430246111,5.409547151230557,2.217604594485303,12.86412741696991,380.1054665264448,False,none,-0.1706886021690359,-0.0511447839553089,0.05907901681675155,3.466228105077569,27.81972508559214,1.602819577217648,8,straddles_peak,0.09528088376890026,0.0186917563465533,False,-0.3285195791936221,-0.04074820585715661,declining,median_fraction_lt_0.5,at_least_6_Rdisk
ml_0.5,NGC5055,0.5,0.7,28,1,55,3.2,4.18,152.922,3348.34,11.722,179,0.72,54.59,75.81944444444446,0.225,17.059375,189,0.6138432852582324,0.2854838004431822,0,6,20.06979718031863,7,1.459625668449198,-0.1231434411416391,0.1448983330280271,381.5466039964643,14.6748693844794,3.691431216810785,11.19975021943159,185.1588534223191,False,none,-0.3686442549956614,-0.3565684386527083,0.06428714800717594,4.874215846821854,30.96734454132681,1.762824704816006,9,straddles_peak,0.05260116842896763,1637.300260232535,62.97308693202056,7.64689540231976,74.8219665818112,386.7471323277006,False,none,0.06220817087657675,0.2385644828633223,0.009622842500574262,0.7295985723699292,161.8086072377884,0.3373738945776623,0,before_peak,0.0122578598854362,-0.632580738435173,True,-0.2455008138540223,0.1853516120182159,declining,median_fraction_ge_0.5,at_least_6_Rdisk
ml_0.5,NGC5371,0.5,0.7,19,1,53,7.44,9.800000000000001,340.393,1395.82,11.18,209.5,1.45,46.24,31.8896551724138,0.1948924731182796,6.21505376344086,215,0.6509670351541373,0.534659503201373,0,0,0,6,1.455919395465995,-0.002392645488189702,0.3737024221453287,449.8225331549356,26.46014900911386,4.865682908497968,7.144269207642755,166.0666687034048,False,none,-0.5981962949849589,-0.4732471624170203,0.2029598770506614,6.472320492981093,19.75392680322592,2.34080041201979,10,straddles_peak,0,149.9217234179021,8.81892490693542,2.809024211713891,8.913439320927166,283.3120097614049,False,none,-0.4471858540471208,-0.1154739542018128,0.1626757021384168,5.18767204612441,19.27603975285477,2.398832986072873,10,straddles_peak,0,0.4771766409625138,False,-0.5958036494967691,-0.4447932085589311,flat_band,median_fraction_ge_0.5,at_least_6_Rdisk
ml_0.5,NGC5585,0.5,0.7,24,1,51,1.53,2.27,2.943,297.05,1.683,90.3,0.09,10.96,121.7777777777778,0.05882352941176471,7.163398692810458,68.69999999999999,0.3701908118874906,0.2139339887246901,0,0,0,6,1.455511288180611,-0.05344939913085821,0.8120437956204379,113.7015645852684,5.16825293569402,2.176594861487284,2.898261188002021,95.60843566178036,False,none,-0.1314521746296815,-0.1364754362969149,0.03105310189867444,3.781577742327465,8.013701289864017,1.367657665735876,5,straddles_peak,0,157.8374942047824,7.174431554762836,2.564480894554023,133.0791513915221,455.2538718200448,False,none,0.3354578237730197,0.4569583434250967,0.0006762892538683074,0.08235700247107389,287.7945224214893,0.03808272620265003,0,before_peak,0,-0.1424437367114826,True,-0.07800277549882323,0.388907222903878,flat_band,median_fraction_lt_0.5,at_least_6_Rdisk
ml_0.5,NGC5907,0.5,0.7,19,1,88,5.34,7.88,175.425,8646.290000000001,21.025,215,5.03,50.33,10.00596421471173,0.9419475655430712,9.425093632958802,218,0.3701498569744082,0.2854637785065158,0,0,0,7,1.428611978427477,0.03855080285540349,0.2000794754619511,501.7827299577481,29.51663117398518,5.139028834925648,9.229741007220008,219.4751747501375,False,none,-0.4348575202167752,-0.42455744077303,0.5449773721781856,5.453024083842561,25.52026288067527,1.972158368247509,10,straddles_peak,0,97.06827392172022,5.709898465983542,2.260277974541141,13.29222456586015,380.502986122396,False,none,-0.1883507010198389,-0.06709113617472412,0.3784167183662464,3.786424142221307,28.74552009725703,1.750881522745613,9,straddles_peak,0,0.7134384029390878,False,-0.4734083230721787,-0.2269015038752424,flat_band,median_fraction_lt_0.5,at_least_6_Rdisk
ml_0.5,NGC5985,0.5,0.7,33,1,60,7.01,10.71,208.728,1461.61,11.586,293.6,3.54,34.72,9.807909604519773,0.5049928673323824,4.952924393723253,291,0.2752346727839334,0.2584344412701652,0,0,0,7,1.494619027120103,-0.08412195059232216,0.3856566820276498,666.959166177668,21.51481181218284,4.495651657275694,4.570442684846306,329.0508046018368,False,none,-0.415315348008472,-0.4916238430520323,0.7745420398197254,7.596638311452222,12.6372883818837,2.747424839158784,20,straddles_peak,0,81.49798160578901,2.628967148573839,1.571507494807464,7.965029689258687,537.0963553461248,False,none,-0.1295657925670895,-0.0857372502074725,0.4444427877995106,4.359054687118364,17.22502654641379,2.015671784681727,14,straddles_peak,0,0.9129523924858446,False,-0.3311933974161498,-0.04544384197476731,flat_band,median_fraction_lt_0.5,3_to_6_Rdisk
ml_0.5,NGC6015,0.5,0.7,44,2,60,2.3,3.92,32.129,1926.77,5.834,154.1,0.34,29.23,85.97058823529412,0.1478260869565218,12.70869565217391,152,0.3617903006031794,0.2071960451722523,0,0,0,12,1.448463825569871,-0.2214547638134284,0.7198084160109476,2103.802273513425,50.09053032174823,6.914744249384501,3.118590008217056,173.9660767455657,False,none,-0.5068945174373134,-0.4993942809261243,0.109023628981093,9.372825515051023,8.622911169933047,3.389806461409593,24,straddles_peak,0,347.8968995742984,8.283259513673771,2.811893973391901,7.817782391883746,285.8874170060841,False,none,-0.1648811822929342,-0.06414739435229805,0.04349059400182086,3.738911949038894,16.90659225236571,1.72891139525234,15,straddles_peak,0,0.7815543617310862,False,-0.285439753623885,0.05657358152049421,declining,median_fraction_lt_0.5,at_least_6_Rdisk
ml_0.5,NGC6195,0.5,0.7,23,1,62,13.94,9.52,391.076,174.11,20.907,251.7,1.33,36.43,27.39097744360902,0.09540889526542325,2.613342898134864,247,0.8333065442732195,0.5527127762267314,0,3,4.515509134407657,4,1.398464491362764,-0.1472977831123286,0.5242931649739226,46.7999653817433,2.228569780083014,1.426457536540803,15.12897453757743,203.3450273165524,False,none,-0.1374620681914091,0.3370273566330749,0.08791078315959475,2.407962278574463,41.83166212486285,0.8708714440095762,0,before_peak,0.0964853092854885,43.7997692747745,2.085703298798786,1.379977461611389,499.9999999999959,932.4831107554796,True,length_upper,-0.1008895831017224,0.4610197637134638,0.002660000000000022,0.07286000000000059,1081.290793532296,0.03369121444287217,0,before_peak,0.1030943589241294,0.02877370905824988,False,0.009835714920919475,0.04640820001060612,declining,median_fraction_ge_0.5,below_3_Rdisk
ml_0.5,NGC6503,0.5,0.7,31,1,74,2.16,1.62,12.845,398.87,1.744,116.3,0.76,23.5,30.92105263157895,0.3518518518518519,10.87962962962963,116,0.2249911088767596,0.162767168241966,0,0,0,11,1.47705845380264,0.01618186134499433,0.1612765957446808,461.1336851131171,15.90116155562473,3.856848475755725,4.62696066818185,124.424692920559,False,none,-0.391934693604544,-0.3799393176877995,0.1642546921192308,5.07892798000253,12.79356078336067,1.836861558555625,15,straddles_peak,0,56.20364839369416,1.938056841161867,1.346484651203131,10.05467345915367,226.9056334777904,False,none,-0.05547502552306475,0.02138879024718881,0.07558674113957461,2.33722160102632,21.74405168671296,1.080755341211778,3,straddles_peak,0,0.9140623397290686,False,-0.4081165549495384,-0.07165688686805909,flat_band,median_fraction_lt_0.5,at_least_6_Rdisk
ml_0.5,NGC6674,0.5,0.7,15,1,54,6.04,7.75,214.654,1370.35,32.165,241.3,2.5,72.41,28.964,0.4139072847682119,11.98841059602649,242,0.2795643839218633,0.17472055687752,0,0,0,5,1.380552907530982,0.06678730440671217,0.1731804999309488,737.6413042108231,56.74163878544793,7.012566359571095,15.09297495285274,258.8352491568691,False,none,-0.3896349264241231,-0.365257216248312,0.1656399754064041,4.797596247671088,41.73212316000448,1.735114212195098,7,straddles_peak,0,176.8655422239602,13.6050417095354,3.433807820519956,19.26123436359676,459.3613258544633,False,none,-0.148029574865524,-0.06855364524178582,0.129794381440316,3.759364464037312,41.65399077885048,1.738368848844267,7,straddles_peak,0,0.6202019971786255,False,-0.4564222308308352,-0.2148168792722362,flat_band,median_fraction_lt_0.5,at_least_6_Rdisk
ml_0.5,NGC6789,0.5,0.7,4,2,43,0.31,0.52,0.1,319.76,0.017,0,0.1,0.71,7.1,0.3225806451612904,2.290322580645161,38.3,0.1713608752013165,0.1265465616330221,0,0,0,2,1.392156862745098,,1,0.605831386078682,0.302915693039341,0.3891758555199314,0.5367791619930982,86.51589134726149,False,none,,,0.1862963525422505,1.322704103049978,1.484196069230603,0.4783734539655931,0,before_peak,0,4.070088194229305,2.035044097114652,1.008722979096504,499.9999999999941,1750.350803371252,True,length_upper,,,0.0002000000000000024,0.001420000000000017,1081.290793532292,0.0006566226257051695,0,before_peak,0,-0.8272520510892104,True,,,unresolved,median_fraction_lt_0.5,below_3_Rdisk
ml_0.5,NGC6946,0.5,0.7,58,1,38,2.44,4.2,66.173,2232.7,5.67,158.9,0.19,20.4,107.3684210526316,0.0778688524590164,8.360655737704917,167,0.6024694790716856,0.4322680255709322,0,3,34.25233838692855,20,1.493411420204978,-0.2632018850749941,0.3392156862745098,136.2944072017662,2.43382870003154,1.532939520152131,4.380114368877442,137.2024599633344,False,none,-0.4653275247124057,-0.3177432631702319,0.04337786276770078,4.657412634005768,12.11102999030348,1.684414952017538,24,straddles_peak,0.2513114007401815,146.5218603081871,2.616461791217627,1.589414662959548,39.84591290968597,365.2704289098604,False,none,-0.06627335930837186,0.2966674666767911,0.004768368601082138,0.5119722076951347,86.1700375782669,0.2367412220456675,0,before_peak,0.2337694751819545,-0.03142438896529046,True,-0.2021256396374115,0.1969285257666223,declining,median_fraction_ge_0.5,at_least_6_Rdisk
ml_0.5,NGC7331,0.5,0.7,36,1,75,5.02,3.99,250.631,1806.47,11.067,239,2.67,36.31,13.59925093632959,0.5318725099601594,7.233067729083666,239,0.6516118567383999,0.3937968770300031,0,8,82.3848009233777,12,1.477818477818478,0.0149590944189932,0.1473423299366566,136.3948037347239,4.011611874550702,1.946469765546533,14.11877928343077,223.601595925186,False,none,-0.05563255500662587,0.2930411155157966,0.1891098335345043,2.57175208076324,39.03846907356633,0.9301081948571128,0,before_peak,0.6040171521754526,207.9045569640127,6.114839910706257,2.403149305044047,499.999999999987,1091.350774631821,True,length_upper,0.04457773634120698,0.4619701314311467,0.005340000000000139,0.07262000000000189,1081.290793532277,0.03358023597092261,0,before_peak,0.396262603025282,-0.1830661833206103,True,-0.07059164942561907,0.02961864192221378,flat_band,median_fraction_ge_0.5,at_least_6_Rdisk
ml_0.5,NGC7793,0.5,0.7,46,1,47,1.21,2.19,7.05,1068.64,0.861,0,0.11,7.87,71.54545454545455,0.09090909090909091,6.504132231404959,76.2,0.5137384628310593,0.3734355864407375,0,4,1.897291756956719,6,1.499047619047619,-0.4617267002069095,0.5336721728081322,46.47581462500268,1.056268514204606,1.005158592559259,1.673803657333819,99.00996417956939,False,none,-0.3561307435964917,-0.3197820586935397,0.06571858026360011,4.701865697041208,4.62807237086935,1.700491990906719,7,straddles_peak,0.04082320605384352,39.23999364965334,0.8918180374921214,0.9236034539832857,7.866913926295732,190.2188767669803,False,none,-0.03757384726879741,0.1848238451226441,0.01398261135568256,1.000392285174743,17.0128432040293,0.4625916964976247,0,before_peak,0.04835097003063556,0.07349808237107731,False,0.1055959566104179,0.4241528529381121,declining,median_fraction_ge_0.5,at_least_6_Rdisk
ml_0.5,NGC7814,0.5,0.7,18,1,90,2.54,2.08,74.529,2635.3,1.07,218.9,0.63,19.53,31,0.2480314960629921,7.688976377952756,221,0.4328410959895513,0.2876487837365708,0,2,3.020873281155997,6,1.394004282655246,0,0.03225806451612903,46.90206450655806,2.931379031659878,1.614208862063499,5.176430658905227,208.8846621738118,False,none,-0.2543040476250225,-0.1569513998732093,0.1217054842444736,3.77287001157868,14.31284703389939,1.364508399603796,5,straddles_peak,0.06440810895933173,19.5897062857806,1.224356642861287,1.04322433631348,17.52284552711081,414.2405539554126,False,none,-0.02687052908829243,0.1579644091346121,0.03595306475910452,1.11454500753224,37.89458308990729,0.5153770910650697,0,before_peak,0.1542071758037909,0.3791640351074292,False,-0.2543040476250225,-0.02687052908829243,flat_band,median_fraction_lt_0.5,at_least_6_Rdisk
ml_0.5,UGC00128,0.5,0.7,22,1,57,5.95,9.630000000000001,12.02,88.89,7.431,129.3,1.25,53.75,43,0.2100840336134454,9.033613445378151,127.5,0.1522551394274783,0.1241954366764252,0,0,0,8,1.483577146011593,0.03180933584834525,0.8610232558139536,1285.938658375606,64.29693291878031,7.645374889362273,8.600367810849296,143.6465835135906,False,none,-0.4799514257597977,-0.4633906520592626,0.1453426210938484,6.249732707035483,23.78004401550158,2.260298591750368,13,straddles_peak,0,61.92911830115783,3.096455915057891,1.67778423010228,17.07102212558122,257.2331620184805,False,none,-0.1020751507615926,-0.03229219968003588,0.0732235006670663,3.148610528683851,36.9174781211545,1.455949938498104,7,straddles_peak,0,1.31732535553675,False,-0.511760761608143,-0.1338844866099378,flat_band,median_fraction_lt_0.5,at_least_6_Rdisk
ml_0.5,UGC00191,0.5,0.7,9,1,45,1.58,2.5,2.004,207.41,1.343,0,0.62,9.98,16.09677419354839,0.3924050632911392,6.316455696202532,57.6,0.2454557095475559,0.2527778619053985,0,0,0,2,1.339597315436242,,1,210.7214823292045,30.10306890417207,4.838749635657778,1.80979509097589,89.30534199674422,False,none,,,0.3425802197671337,5.514436440767733,5.004089112113844,1.994368960344956,2,straddles_peak,0,25.09385347734405,3.58483621104915,1.669792185251541,8.589857451668648,162.8691067257719,False,none,,,0.07217814771531046,1.161835345481933,18.57626756048835,0.5372446304136695,0,before_peak,0,0.9241414548665047,False,,,unresolved,median_fraction_lt_0.5,at_least_6_Rdisk
ml_0.5,UGC00634,0.5,0.7,4,2,37,2.45,4.26,2.989,126.13,3.663,0,4.51,18.01,3.993348115299336,1.840816326530612,7.351020408163265,102.6,0.191607746892292,0.164284070448908,0,0,0,2,1.333086602516655,,0.7501388117712381,3.330599775131567,1.665299887565783,0.9124965445320282,5.280300479778414,115.5325190979154,False,none,,,0.8541180596202095,3.410790743627489,14.6000474149262,1.233557637736688,1,straddles_peak,0,6.404569371017408,3.202284685508704,1.265362534119907,22.28613672339223,242.7771505867404,False,none,,,0.202367958878497,0.8081257071844195,48.19558892481244,0.3736856505290663,0,before_peak,0,-0.2839674856747812,True,,,unresolved,median_fraction_lt_0.5,at_least_6_Rdisk
ml_0.5,UGC00731,0.5,0.7,12,1,57,2.3,1.4,0.323,82.56999999999999,1.807,73.3,0.91,10.91,11.98901098901099,0.3956521739130435,4.743478260869566,66.34999999999999,0.12348629162226,0.2392096785975165,0,0,0,5,1.498626373626374,0.07368279926360451,0.8331805682859762,47.39081031390253,4.739081031390253,1.987268022392855,2.082371961205388,77.85942321764931,False,none,-0.2011106583473478,-0.3892222071321056,0.4370016581827406,5.239217682168901,5.757765014612838,1.894832451882131,6,straddles_peak,0,3.395913776965439,0.3395913776965439,0.531970689744388,8.220889983799575,146.5311221984149,False,none,0.18209710385205,0.1317470692489357,0.1106936112505195,1.327106921695789,17.77834530824884,0.6136679095178759,0,before_peak,0,1.144737479691857,False,-0.2747934576109523,0.1084143045884455,flat_band,median_fraction_lt_0.5,3_to_6_Rdisk
ml_0.5,UGC00891,0.5,0.7,5,2,60,1.43,1.76,0.374,113.98,0.428,0,1.48,7.39,4.993243243243243,1.034965034965035,5.167832167832167,54.15,0.2408223796113699,0.159863374353806,0,0,0,2,1.244107744107744,,1,2.094472820970394,0.6981576069901315,0.647220645679724,3.082688960558197,68.97234245621013,False,none,,,0.4801003341355624,2.39725774950122,8.523644660371293,0.867000009322079,0,before_peak,0,9.313772509476996,3.104590836492332,1.364827645490594,499.9999999999892,707.465049800362,True,length_upper,,,0.002960000000000064,0.01478000000000032,1081.290793532281,0.006834424230931339,0,before_peak,0,-0.6480508969174644,True,,,unresolved,median_fraction_lt_0.5,3_to_6_Rdisk
ml_0.5,UGC01281,0.5,0.7,25,1,90,1.63,2.01,0.353,135.78,0.294,55.2,0.08,4.99,62.375,0.049079754601227,3.061349693251534,37.4,0.1865113614624296,0.1733347322820783,2,0,0,5,1.442196531791908,0.1373801408232712,1,353.6579977425982,15.37643468446079,3.761159383714539,0.399482452311115,49.95713281420541,False,none,-0.1996342200648664,-0.4999916605488217,0.2002591090977293,12.49116192997086,1.104570235635157,4.51759411852214,18,straddles_peak,0,21.61029075233247,0.9395778587970638,0.9297373984589943,499.9999999999883,756.0758477487851,True,length_upper,0.4291147473691363,0.4944783044792538,0.0001600000000000038,0.009980000000000233,1081.29079353228,0.004614854791927935,0,before_peak,0,1.21392287374223,False,-0.3370143608881376,0.291734606545865,rising,median_fraction_lt_0.5,3_to_6_Rdisk
ml_0.5,UGC02259,0.5,0.7,8,2,41,1.62,2.4,1.725,172.52,0.494,86.2,1.02,8.140000000000001,7.980392156862745,0.6296296296296297,5.024691358024691,83.25,0.1659862404895552,0.1748218135692565,0,0,0,3,1.332242225859247,0.1588220133407833,1,80.70313188635441,13.45052198105907,3.176144122327307,1.664769197362173,94.37340309419052,False,none,-0.338130878158603,-0.3872803130764239,0.6126975448705982,4.889566681614382,4.603092060665523,1.768376537492736,4,straddles_peak,0,4.236950684136819,0.7061584473561364,0.7277491570019867,3.711882379612907,170.0218052871233,False,none,-0.002076918943233131,0.02450714683475972,0.2747931900003713,2.192957418238258,8.02724848750044,1.014046097199449,1,straddles_peak,0,1.279836979857339,False,-0.4969528914993863,-0.1608989322840164,rising,median_fraction_lt_0.5,3_to_6_Rdisk
ml_0.5,UGC02487,0.5,0.7,17,1,36,7.89,9.630000000000001,489.955,1150.35,17.963,332,9.93,80.38,8.094662638469284,1.258555133079848,10.18757921419518,364,0.2513107985901461,0.1853800067994346,0,0,0,6,1.454578356858487,0.01220845347794581,0.3749688977357552,319.9934916042004,21.33289944028003,4.338565035233765,13.54215322326416,382.2932123579864,False,none,-0.4627366367397621,-0.4514893668897677,0.7332659612018848,5.935540580202165,37.44409620570487,2.146666848584625,9,straddles_peak,0,66.92219821786686,4.461479881191124,1.984086665236335,12.45573441280368,674.4808853812132,False,none,-0.2158147373036684,-0.1469658978965928,0.7972231641188988,6.453252561115517,26.93654189449625,2.984050451421289,11,straddles_peak,0,0.679570947274898,False,-0.4749450902177079,-0.2280231907816142,flat_band,median_fraction_lt_0.5,at_least_6_Rdisk
ml_0.5,UGC02885,0.5,0.7,19,1,64,11.4,12.2,403.525,470.79,40.075,289.5,1.7,74.06999999999999,43.57058823529412,0.1491228070175439,6.497368421052631,287,0.3640980722128646,0.2637727538173956,0,0,0,7,1.460658647209623,0.03631205608032265,0.02295126231942757,116.5929447955002,6.858408517382363,2.477190097410882,18.14768140609489,300.3925973451003,False,none,-0.220920963695578,-0.2114513314394303,0.09367587858518694,4.081513133414586,50.17839609973842,1.476133271632931,7,straddles_peak,0,44.18693625445648,2.599231544379793,1.525001057022179,43.36179012803049,547.69354110012,False,none,-0.00817098631942528,0.08039185319733839,0.0392050234775954,1.708185934697348,93.77340891303871,0.789882770164506,0,before_peak,0,0.4213783810801555,False,-0.2572330197759006,-0.04448304239974793,flat_band,median_fraction_lt_0.5,at_least_6_Rdisk
ml_0.5,UGC02916,0.5,0.7,43,2,50,6.15,2.8,124.153,520.99,23.273,182.7,0.37,38,102.7027027027027,0.06016260162601626,6.178861788617886,211,0.6960027802671537,0.4644837918125831,0,11,750.8799486503922,5,1.499605367008682,-0.374360912977297,0.2239473684210526,1270.411978776096,30.98565801892916,5.435482004633987,7.820664208769386,194.7099591569746,False,none,-0.379184705473226,-0.3420422128322729,0.04731055957946839,4.858922335188645,21.62416110627117,1.757293603818912,6,straddles_peak,0.5910523209752663,1849.059001444846,45.09900003524016,6.557543147141645,388.7208296792929,972.0536913427904,False,none,0.1550269065551015,0.4501890301485671,0.0009518399111909228,0.0977565314196083,840.640508772917,0.04520362700040306,0,before_peak,0.4060876089208932,-0.1630061891548555,True,-0.004823792495929013,0.5293878195323986,declining,median_fraction_ge_0.5,at_least_6_Rdisk
ml_0.5,UGC02953,0.5,0.7,115,2,50,3.55,5.03,259.518,4215.31,7.678,264.9,0.09,62.39,693.2222222222223,0.02535211267605634,17.57464788732394,266,0.6196458052884614,0.1932276578402367,0,9,0.4416356152510049,15,1.486892278360343,0.0608622292301498,0.1322327296041032,9349.171879496564,82.73603433182799,9.016493042099627,6.863693989240145,284.2494582862219,False,none,-0.4995503213752061,-0.4988245315663676,0.01311247269197728,9.089857458360694,18.97813544290105,3.287467316676654,34,straddles_peak,4.723793946066443e-05,690.9445443030647,6.114553489407652,2.451165728530468,14.33638198851403,498.2019702820209,False,none,-0.1692302827024189,-0.08584462390320116,0.006277734512940983,4.351865069582089,31.00359571348515,2.012347231481386,24,straddles_peak,0.0006391766443375997,1.131329952133419,False,-0.5604125506053559,-0.2300925119325687,flat_band,median_fraction_ge_0.5,at_least_6_Rdisk
ml_0.5,UGC03205,0.5,0.7,48,1,67,3.19,5.35,113.642,3915.89,9.677,219.6,0.28,40.04,143,0.08777429467084641,12.55172413793103,221,0.4888768314726897,0.2297960958663378,0,2,0.2179354287268521,4,1.377838953888507,0.205023009548854,0.1448551448551449,1108.702023531259,24.10221790285346,4.806033585355797,6.757001892440861,215.237654821824,False,none,-0.4995926377173088,-0.4603652118682562,0.0414384966079763,5.92570501494061,18.68313146007225,2.143109686166345,8,straddles_peak,0.0001965680806035867,186.5711706516818,4.055895014166995,1.971522099439087,9.812862936960444,378.8730881192688,False,none,-0.213434574500544,-0.0822451405006849,0.02853397645506405,4.08035863307416,21.2211167038594,1.886799858780197,7,straddles_peak,0.001168108813197757,0.7739703036278062,False,-0.7046156472661629,-0.418457584049398,rising,median_fraction_lt_0.5,at_least_6_Rdisk
ml_0.5,UGC03546,0.5,0.7,30,1,55,3.79,2.58,101.336,922.21,2.675,196.9,0.63,29.23,46.3968253968254,0.1662269129287599,7.712401055408971,204.5,0.968945912465374,0.3196606702546903,0,15,33.95830300686998,4,1.397227533460803,0.02358348648150066,0.02155319876838864,64.54184245796193,2.305065802070069,1.466763358077482,6.418140140552452,175.8128512509175,False,none,-0.4222301535469631,-0.3273901097828674,0.09815927764172687,4.554278865821709,17.74617765154896,1.647115259068123,6,straddles_peak,0.5261439976552894,102.2099907963397,3.650356814154989,1.845805973880062,23.04322988442061,360.2562709170664,False,none,-0.08787752618373897,0.1327392547950517,0.02733991732755916,1.268485370610403,49.83286465454497,0.5865607005061889,0,before_peak,0.3322405446110859,-0.1996519902526058,True,-0.4458136400284637,-0.1114610126652396,flat_band,median_fraction_ge_0.5,at_least_6_Rdisk
ml_0.5,UGC03580,0.5,0.7,47,2,63,2.43,1.84,13.266,302.57,4.37,126.2,0.11,27.06,246,0.04526748971193415,11.1358024691358,91.40000000000001,0.9216139988666765,0.1829068457549094,0,22,720.5447191302069,5,1.494202098288238,-0.04057614832985213,0.7767923133776793,988.1747497759727,21.9594388839105,4.585302026702769,7.304971336839913,132.1086263646877,False,none,-0.1694226891876492,-0.101900462535048,0.01505823841433242,3.704326649925774,20.19826869531017,1.339718785218609,3,straddles_peak,0.7291673049666167,1390.642212348884,30.90316027441964,5.439497419581686,127.7742874323392,444.1280845135578,False,none,0.2505941942724552,0.3996515649081783,0.000860893081154913,0.2117796979641086,276.3223213014778,0.09792911362552048,0,before_peak,0.5181381039147092,-0.1483816556383859,True,-0.1288465408577971,0.2911703426023073,flat_band,median_fraction_ge_0.5,at_least_6_Rdisk
ml_0.5,UGC04278,0.5,0.7,25,1,90,2.21,2.46,1.307,377.42,1.116,91.40000000000001,0.14,6.69,47.78571428571428,0.06334841628959277,3.027149321266969,53.7,0.2073128204876082,0.1664118402901388,0,0,0,9,1.463894967177243,0.6560207926059864,1,17.14244447117546,0.7453236726598027,0.8280687041828223,3.179904035702448,98.68997914158386,False,none,0.7335882074378843,0.476382823490967,0.04402648583987023,2.103837073348084,8.792444648551365,0.7608805363480153,0,before_peak,0,29.79099169053832,1.295260508284275,1.091622493182296,499.9999999999888,945.48948537928,True,length_upper,0.7735457996186194,0.4926170813348871,0.0002800000000000063,0.0133800000000003,1081.290793532281,0.006187049811222016,0,before_peak,0,-0.2400122090199062,True,0.07756741483189789,0.1175250070126329,rising,median_fraction_lt_0.5,3_to_6_Rdisk
ml_0.5,UGC04325,0.5,0.7,8,1,41,1.86,2.79,2.026,213.22,0.678,90.90000000000001,0.7,5.59,7.985714285714286,0.3763440860215053,3.005376344086021,89.40000000000001,0.2080670526319551,0.2256648989220341,0,0,0,3,1.334128878281623,-0.001712702828170478,0.8747763864042933,13.52764658717202,2.25460776452867,1.300367572418085,1.149335006839995,100.1566622812733,False,none,-0.3004238059227681,-0.3837844851006755,0.6090478370832835,4.863682013279364,3.177914904608354,1.759015004427537,4,straddles_peak,0,17.20827807194311,2.868046345323851,1.466640637304479,4.181004863156884,184.9707895661045,False,none,0.08543499963624293,0.1194225526028381,0.1674238664892301,1.336999162392566,9.041764132490666,0.6182421835040907,0,before_peak,0,-0.1045151665896027,True,-0.2987111030945976,0.0871477024644134,flat_band,median_fraction_lt_0.5,3_to_6_Rdisk
ml_0.5,UGC04483,0.5,0.7,8,2,58,0.18,0.26,0.013,82.56999999999999,0.032,0,0.08,1.21,15.125,0.4444444444444445,6.722222222222222,20.8,0.327806728616306,0.3053647291851649,0,0,0,3,1.359550561797753,0.1846732884695167,0.8677685950413224,1.988896723672322,0.3314827872787203,0.4986101588004804,0.3725150368274945,23.35695949199143,False,none,0.03900184555783622,-0.005230476494785407,0.2147564315290893,3.248191026877476,1.030005247103406,1.174751297047056,2,straddles_peak,0,3.558810832168835,0.5931351386948057,0.6669717790289963,3.694656214170103,62.11394651328911,False,none,0.2858388513574363,0.3507246014205614,0.02165289417001134,0.3275000243214215,7.989995499298104,0.1514393844284762,0,before_peak,0,-0.2526926714434674,True,-0.1456714429116805,0.1011655628879195,rising,median_fraction_lt_0.5,at_least_6_Rdisk
ml_0.5,UGC04499,0.5,0.7,9,1,50,1.73,2.69,1.552,127.3,1.1,72.8,0.91,8.18,8.989010989010989,0.5260115606936416,4.728323699421965,66.90000000000001,0.287988457546341,0.2861925053369789,0,0,0,3,1.28414442700157,0.08081925039461312,1,5.598332092358543,0.7997617274797919,0.7886931590618428,2.245274542325232,73.05217357679668,False,none,-0.04622752013239653,-0.1626267886637766,0.4052956477463079,3.643207031389889,6.208191163176147,1.317614065836056,3,straddles_peak,0,7.3121460565795,1.044592293797071,0.9013660038814852,14.61157320223,166.272486983121,False,none,0.2648585860098907,0.2721641773375465,0.06227939917250779,0.5598302035506744,31.59871916518927,0.2588712522566894,0,before_peak,0,-0.1159862004460024,True,-0.1270467705270096,0.1840393356152775,flat_band,median_fraction_lt_0.5,3_to_6_Rdisk
ml_0.5,UGC05005,0.5,0.7,11,1,41,3.2,5.02,4.1,65.59,3.093,98.90000000000001,0.78,28.61,36.67948717948718,0.24375,8.940624999999999,72.5,0.2654994244946492,0.183842375176613,0,0,0,3,1.357854769814903,-0.01676468565100282,0.7941279272981475,0.5225288284039116,0.05805875871154573,0.2179509595390485,7.139100240841938,106.9182305755789,False,none,-0.184528660042122,-0.2374267547128925,0.1092574657430517,4.007507813985523,19.73963459378308,1.449368267891372,3,straddles_peak,0,1.961506262045188,0.2179451402272431,0.4222780495065036,107.0459857281434,310.0069060796118,False,none,0.3122993085989689,0.3722849836127067,0.007286588046196397,0.2672683128226653,231.495677704864,0.1235876206573289,0,before_peak,0,-0.5744794430622188,True,-0.1677639743911192,0.3290639942499717,flat_band,median_fraction_lt_0.5,at_least_6_Rdisk
ml_0.5,UGC05253,0.5,0.7,73,2,37,8.07,4.28,171.582,189.16,16.396,213.7,0.13,53.29,409.9230769230769,0.0161090458488228,6.603469640644361,246,0.8340762288631631,0.268153449967942,0,0,0,6,1.452835332606325,0.004800072451057926,0.06661662600863201,405.1262636658466,5.706003713603474,2.35577478650605,8.213798636291425,237.2251252723618,False,none,-0.4445898581884817,-0.4739206248315749,0.01582702544296797,6.487862968121254,22.71117903342188,2.346421553965921,10,straddles_peak,0,431.6384205085686,6.07941437336012,2.431636295883873,28.4110971881288,444.6377213200817,False,none,-0.03857783272397473,0.06207490914403111,0.004575676861023121,1.875675537876324,61.44131564735046,0.8673316877826009,0,before_peak,0,-0.02752969596886104,True,-0.4493899306395396,-0.04337790517503265,flat_band,median_fraction_ge_0.5,at_least_6_Rdisk
ml_0.5,UGC05414,0.5,0.7,6,1,55,1.47,2.33,1.123,127.3,0.574,0,0.68,4.11,6.044117647058823,0.4625850340136055,2.795918367346939,48.9,0.369848999177637,0.313434746410555,0,0,0,2,1.201754385964912,,1,0.9804254364815097,0.2451063591203774,0.4042329024381674,1.742537683145021,59.50063227355288,False,none,,,0.3902354632427238,2.358629049893522,4.818122168168844,0.8530294285921003,0,before_peak,0,4.234753664984265,1.058688416246066,0.8401144430953307,499.9999999999967,781.6014883217837,True,length_upper,,,0.001360000000000009,0.008220000000000055,1081.290793532298,0.003801012664293286,0,before_peak,0,-0.635413582347735,True,,,unresolved,median_fraction_lt_0.5,below_3_Rdisk
ml_0.5,UGC05716,0.5,0.7,12,2,54,1.14,1.84,0.588,90.54000000000001,1.094,73.09999999999999,1.03,12.37,12.00970873786408,0.9035087719298247,10.85087719298246,69.95,0.1619294757324513,0.1793157534246576,0,0,0,5,1.497578692493947,0.02569748641918907,1,201.8438082432415,20.18438082432415,4.101258020852073,2.77393346614558,78.626175479843,False,none,-0.2373730429873296,-0.2769613503904224,0.3713138806574188,4.459371557021621,7.669934748348945,1.612790774088763,5,straddles_peak,0,18.06867142167233,1.806867142167234,1.227078896596586,9.011766832575232,149.035866859885,False,none,0.09248886341912925,0.1251775991570399,0.1142950121919282,1.372649806615681,19.48868101904675,0.6347274085870923,0,before_peak,0,1.048089211213534,False,-0.2630705294065186,0.06679137699994017,flat_band,median_fraction_lt_0.5,at_least_6_Rdisk
ml_0.5,UGC05721,0.5,0.7,23,1,61,0.38,0.6,0.531,913.76,0.5620000000000001,79.7,0.09,6.74,74.8888888888889,0.2368421052631579,17.73684210526316,78.3,0.152509939778158,0.1280456776839503,0,0,0,5,1.367139959432049,0.05121548684052105,0.2804154302670623,37.31706057268747,1.777002884413689,1.273766420684999,1.011437026576625,97.88089875023678,False,none,-0.4162230615717116,-0.4842563292554762,0.08898230699010476,6.663786101258957,2.79662655596645,2.410046484619328,9,straddles_peak,0,20.23753850698371,0.9636923098563673,0.9380261076134871,2.510776074218009,162.6843287404304,False,none,-0.0132200150117247,-0.01064457803254922,0.03584549053345223,2.684428957727422,5.429758107346233,1.24130759911405,3,straddles_peak,0,0.2657497393661463,False,-0.4674385484122326,-0.06443550185224575,flat_band,median_fraction_lt_0.5,at_least_6_Rdisk
ml_0.5,UGC05750,0.5,0.7,11,1,64,3.46,8.800000000000001,3.336,124.98,1.099,0,0.31,22.85,73.70967741935485,0.08959537572254335,6.604046242774567,49.8,0.2496585745680791,0.2760964529710644,0,0,0,1,1,,1,0.5046425245744949,0.05607139161938832,0.2141882189643863,5.055200657189879,84.91793874252805,False,none,,,0.06132298617248658,4.520097529165543,13.97764569830609,1.634753126041042,1,straddles_peak,0,9.044358179566483,1.004928686618498,0.9067603762629847,66.51231362752195,232.7655431402007,False,none,,,0.004660791109087595,0.3435454091698437,143.8383047639455,0.158858935646519,0,before_peak,0,-1.253393908880286,True,,,unresolved,median_fraction_lt_0.5,at_least_6_Rdisk
ml_0.5,UGC05764,0.5,0.7,10,2,60,1.17,1.2,0.08500000000000001,33.79,0.163,0,0.36,3.62,10.05555555555556,0.3076923076923077,3.094017094017094,49.95,0.1325656805510127,0.1728513830147221,0,0,0,4,1.425196850393701,-0.3586565018561305,0.7016574585635359,38.02412378592687,4.753015473240858,1.949977532843055,0.8193418076660427,58.72002819821069,False,none,-0.2521786955184854,-0.2905957722098204,0.4393770666060448,4.418180503094117,2.265482672201558,1.597893483988622,4,straddles_peak,0,53.87210001630226,6.734012502037782,2.321036406786896,2.733157778758231,116.250338875749,False,none,0.09932936245120655,0.1274997189521449,0.1317157768197197,1.324475311353848,5.910676686884958,0.6124510257907222,0,before_peak,0,-0.1513046902183033,True,0.106477806337645,0.457985864307337,declining,median_fraction_lt_0.5,3_to_6_Rdisk
ml_0.5,UGC05829,0.5,0.7,11,2,34,1.99,2.91,0.5639999999999999,63.22,1.023,0,0.63,6.91,10.96825396825397,0.3165829145728643,3.472361809045226,47.9,0.2279448093409635,0.3050393733063917,0,0,0,4,1.37375745526839,0.5676244785679575,1,4.871809886939001,0.541312209659889,0.6655011704749628,2.215945115346852,61.07405860731394,False,none,0.2350706005579795,0.04571904970356792,0.2843030703408865,3.118308279453216,6.127095205441004,1.127777481548476,2,straddles_peak,0,0.7681068975871229,0.08534521084301366,0.2642496921107904,144.452641404813,378.253836440662,False,none,0.5325412636504525,0.4737080798547068,0.004361290966182424,0.04783574694654056,312.3906225048954,0.02211974208634165,0,before_peak,0,0.8022686673584901,False,-0.332553878009978,-0.03508321491750499,rising,median_fraction_lt_0.5,3_to_6_Rdisk
ml_0.5,UGC05918,0.5,0.7,8,2,46,1.66,2.63,0.233,24.94,0.297,0,0.5600000000000001,4.46,7.964285714285714,0.3373493975903615,2.686746987951807,38.09999999999999,0.163505259108358,0.1849185016200489,0,0,0,3,1.335329341317365,0.2651408013051803,1,2.474583181041851,0.4124305301736419,0.5561680480126771,1.134199955257115,45.42872137618316,False,none,-0.07850694099346549,-0.2177004236631429,0.4937401005919206,3.932287229714225,3.136066439434138,1.42216374752722,3,straddles_peak,0,0.8785242835147973,0.1464207139191329,0.3313842715630144,7.267236587030079,101.1205841732892,False,none,0.3049332834448151,0.2605282707134622,0.07705817655633208,0.6137133347165019,15.71599203195351,0.2837873670928312,0,before_peak,0,0.4497482863956797,False,-0.3436477422986458,0.03979248213963482,rising,median_fraction_lt_0.5,below_3_Rdisk
ml_0.5,UGC05986,0.5,0.7,15,2,90,1.67,3.12,4.695,1725.16,2.667,113,0.63,9.41,14.93650793650794,0.377245508982036,5.634730538922156,109,0.2374430283553875,0.1717557832128302,0,0,0,6,1.498407643312102,-0.2117517023111652,0.6004250797024442,2.170215274026062,0.1669396364635432,0.3803695811554916,2.267767525972065,122.3001583754548,False,none,-0.2570251205015379,-0.2131875012433709,0.2778062534121324,4.149455308901851,6.270384333622519,1.500705459080475,6,straddles_peak,0,75.53808348291287,5.810621806377913,2.244074916796271,22.32929848550823,317.9128212989862,False,none,0.1969293437786924,0.3245817598391662,0.02821405251082435,0.4214194192489796,48.28892975682978,0.1948686799932461,0,before_peak,0,-1.541663146183095,True,-0.0452734181903727,0.4086810460898576,declining,median_fraction_lt_0.5,3_to_6_Rdisk
ml_0.5,UGC06399,0.5,0.7,9,1,75,2.05,3.45,2.296,311.05,0.674,85,0.87,7.85,9.022988505747126,0.4243902439024391,3.829268292682927,77.5,0.2106951984154088,0.2056630993897289,0,0,0,4,1.498091603053435,0.134722948435574,1,1.131251962160472,0.1616074231657818,0.3545344305737804,2.382166942767328,89.77980403251854,False,none,0.04095089799265669,0.03338978061865459,0.3652136986626697,3.295319005174663,6.586699080453145,1.191795754461572,2,straddles_peak,0,4.605951989227127,0.657993141318161,0.7153827250133026,26.26925780914301,252.4131977308831,False,none,0.3067547232749175,0.3665424463479539,0.03311856034612431,0.2988283893299722,56.80941324390587,0.1381813250965428,0,before_peak,0,-0.6097600612244468,True,-0.09377205044291728,0.1720317748393436,rising,median_fraction_lt_0.5,3_to_6_Rdisk
ml_0.5,UGC06446,0.5,0.7,17,1,51,1.49,2.06,0.988,86.45999999999999,1.379,82.2,0.58,10.22,17.62068965517242,0.3892617449664429,6.859060402684564,80.09999999999999,0.1677703329346862,0.2023683141019462,0,0,0,6,1.464183381088825,-0.03720203517209749,0.8101761252446182,32.40938000175719,2.16062533345048,1.380736802490041,1.867627104168499,89.51245615038471,False,none,-0.3465036765850286,-0.4187285541966672,0.310554499185332,5.47218445116223,5.16399481027369,1.979087968808076,9,straddles_peak,0,3.220318023870392,0.2146878682580261,0.4352361106254581,5.417788022953926,163.949053595734,False,none,0.03018411587286135,0.06181851933146491,0.1070547606408137,1.886378713360546,11.71640862105934,0.8722809463669903,0,before_peak,0,1.002771960217841,False,-0.3093016414129311,0.06738615104495885,flat_band,median_fraction_lt_0.5,at_least_6_Rdisk
ml_0.5,UGC06614,0.5,0.7,13,1,36,5.1,3.68,124.35,540.54,21.888,199.8,3.23,64.59,19.9969040247678,0.6333333333333334,12.66470588235294,193,0.6997608875016516,0.2258650222772822,0,1,0.8516255309316551,2,1.363233431827775,,0.7335500851525004,1.533148789602675,0.1393771626911522,0.3434159610110293,17.2958266156214,213.2740984295997,False,none,,,0.1867502532132636,3.734426890106717,47.82301492793303,1.35060493566401,1,straddles_peak,0.5554748089077246,9.72168997228397,0.8837899974803609,0.8647671973197789,499.9999999999994,877.9801117741326,True,length_upper,,,0.006460000000000008,0.1291800000000002,1081.290793532303,0.05973416252717811,0,before_peak,0.08760056465075464,-0.8021574626987298,True,,,unresolved,median_fraction_ge_0.5,at_least_6_Rdisk
ml_0.5,UGC06667,0.5,0.7,9,1,89,5.15,3.5,1.397,614.9400000000001,0.8090000000000001,83.8,0.87,7.85,9.022988505747126,0.1689320388349514,1.524271844660194,77.3,0.08474527596150146,0.115602547836795,0,0,0,4,1.498091603053435,0.1455282829990095,1,5.340182847505873,0.7628832639294104,0.7702945214155912,2.165500647044473,93.51697454436598,False,none,-0.02639192680548264,-0.07202652027635968,0.4017546709983194,3.625027778548054,5.987616092111002,1.311039298318205,3,straddles_peak,0,9.147204765099518,1.30674353787136,1.008144873027214,20.06108133332828,238.2511148947112,False,none,0.3334455325975374,0.3345235849780449,0.04336755260319064,0.3913049286609731,43.38372510806128,0.1809434293723515,0,before_peak,0,-0.2337322736121276,True,-0.1719202098044922,0.1879172495985279,rising,median_fraction_lt_0.5,below_3_Rdisk
ml_0.5,UGC06786,0.5,0.7,45,1,64,3.6,3.42,73.407,1078.52,5.03,219.4,0.16,34.05,212.8125,0.04444444444444445,9.458333333333332,218,0.509740644481975,0.1570234675632463,0,0,0,6,1.453885567890691,-0.1710795800706233,0.3753303964757709,1046.014056668713,24.32590829462123,4.821281656868875,5.322630160053133,247.9206405587141,False,none,-0.4855566330340167,-0.4710633280263998,0.03006032641546577,6.397213215291309,14.7170891138667,2.313636870481235,10,straddles_peak,0,40.87502481763044,0.9505819725030334,0.9530655196974823,15.60786798407079,444.9258203268459,False,none,-0.0542903178872395,0.03328909324254009,0.01025123996200469,2.181592004414122,33.75328791568672,1.008790612785766,1,straddles_peak,0,1.408079491403353,False,-0.3144770529633933,0.1167892621833838,declining,median_fraction_ge_0.5,at_least_6_Rdisk
ml_0.5,UGC06787,0.5,0.7,71,2,66,5.37,2.88,98.256,429.37,5.03,248.1,0.12,37.19,309.9166666666667,0.0223463687150838,6.925512104283054,238,0.5956364760817109,0.1673307676549959,0,16,102.6111633167333,8,1.440914374273537,0.03393468952334815,0.01586447969884378,4697.332895421681,68.07728833944466,8.133856296085874,5.917906742005258,253.6417377756919,False,none,-0.475472402847631,-0.4675175420563475,0.02027744018813965,6.284316671640946,16.3630307330567,2.272806340506867,17,straddles_peak,0.02184455851888731,2013.614717745798,29.18282199631591,5.325483139817083,19.20297485261717,473.6544071872018,False,none,-0.04025378509432583,0.05619191475945477,0.00624903177351426,1.936679097141628,41.52799983313462,0.8955403619108717,0,before_peak,0.05095868758428845,0.3678749624410451,False,-0.5094070923709791,-0.07418847461767397,flat_band,median_fraction_ge_0.5,at_least_6_Rdisk
ml_0.5,UGC06818,0.5,0.7,8,2,75,1.39,2.12,1.588,286.31,1.079,71.2,0.87,6.98,8.022988505747128,0.6258992805755396,5.02158273381295,55.45,0.3371085574518528,0.2113258565048605,0,0,0,3,1.33206106870229,0.1420405088329554,1,6.917739354415579,1.152956559069263,0.9299018331533427,5.876326870246235,117.2350134441708,False,none,0.6176240841540863,0.798711166114401,0.1480516688758576,1.187816837647685,16.24806225701767,0.4295896882709987,0,before_peak,0,21.53957393609348,3.589928989348914,1.640867679617002,499.999999999999,723.7504668357948,True,length_upper,0.3546584467063517,0.4920117114501146,0.001740000000000003,0.01396000000000003,1081.290793532303,0.006455247785101464,0,before_peak,0,-0.4932729137757527,True,0.4755835753211309,0.2126179378733963,rising,median_fraction_lt_0.5,3_to_6_Rdisk
ml_0.5,UGC06917,0.5,0.7,11,1,56,2.76,4.52,6.832,261.11,2.023,108.7,1.74,10.47,6.017241379310345,0.6304347826086957,3.793478260869566,100,0.2572906135865595,0.2540743884259328,0,0,0,4,1.33375796178344,0.282696673728256,1,7.881040396518243,0.8756711551686936,0.8464385493733699,2.662345025037632,107.2339421877644,False,none,-0.09220174893432619,-0.2196147648720331,0.6535591681906088,3.93262327066418,7.361392358124569,1.422285281186588,4,straddles_peak,0,7.231405995990665,0.8034895551100738,0.8108024081674032,17.70848519841745,246.9919908027085,False,none,0.2622226807539262,0.2663594613304522,0.09825798087774885,0.591241988385075,38.29604402490375,0.273396385098978,0,before_peak,0,0.03736080860808001,False,-0.3748984226625822,-0.02047399297432978,rising,median_fraction_lt_0.5,3_to_6_Rdisk
ml_0.5,UGC06923,0.5,0.7,6,2,65,1.44,1.66,2.89,347.4,0.8090000000000001,79.59999999999999,0.93,5.16,5.548387096774193,0.6458333333333334,3.583333333333333,75.7,0.3712502988907281,0.3551476272907121,0,0,0,3,1.387096774193548,0.1015904109548382,1,1.185254823259986,0.2963137058149965,0.4444575013916752,1.925991194669585,77.43001398663731,False,none,0.1712806741236014,0.2230958814777782,0.4828682512017127,2.679139974409503,5.325371703863023,0.9689464486125801,0,before_peak,0,3.819740999408451,0.9549352498521129,0.7978868966848676,197.2991076358977,616.2521368736845,False,none,0.3406777342482013,0.4854770490013205,0.004713655379102134,0.02615318468405055,426.6754173176708,0.01209350197027697,0,before_peak,0,-0.5082221849188573,True,0.06969026316876327,0.2390873232933631,rising,median_fraction_lt_0.5,3_to_6_Rdisk
ml_0.5,UGC06930,0.5,0.7,10,1,32,3.94,4.38,8.932,189.16,3.237,107.2,1.74,16.61,9.545977011494253,0.4416243654822335,4.215736040609137,105,0.2910873851665864,0.2880907986111111,0,0,0,4,1.36259228876128,-0.02848551411340483,0.7338952438290186,10.07759077459538,1.259698846824422,1.003872042373697,3.50368749102329,110.080577427729,False,none,-0.3644555533965211,-0.3610808564072645,0.4966196341591568,4.740719611139996,9.687706919696078,1.714544023439665,5,straddles_peak,0,2.219114068064337,0.2773892585080421,0.4710747359033742,9.988455239258659,201.6830923347901,False,none,-0.04725533141433831,0.0794017367312831,0.1742011110147541,1.662919801123601,21.60084938363981,0.7689512437682283,0,before_peak,0,0.657177092141922,False,-0.3359700392831163,-0.01876981730093348,flat_band,median_fraction_lt_0.5,3_to_6_Rdisk
ml_0.5,UGC06983,0.5,0.7,17,1,49,3.21,3.95,5.298,121.57,2.967,109,1.74,15.68,9.011494252873563,0.5420560747663551,4.884735202492211,108,0.2121128526508866,0.2225140537190082,0,0,0,7,1.497612225405922,-0.08074374753859749,0.6677295918367347,25.90227295071152,1.726818196714101,1.234367495824374,2.926785268916509,116.5727644744801,False,none,-0.3293277524254346,-0.4033121862408682,0.5945089373243105,5.357413871979993,8.09257046320246,1.93757966906784,9,straddles_peak,0,8.951318728000761,0.5967545818667174,0.7256363830946138,8.451087832888831,215.8639795022168,False,none,0.03246519536502781,0.06679865460460836,0.2058906538905556,1.855382444255122,18.27616693807114,0.8579479522775063,0,before_peak,0,0.4614508542850988,False,-0.2485840048868371,0.1132089429036253,flat_band,median_fraction_lt_0.5,3_to_6_Rdisk
ml_0.5,UGC07089,0.5,0.7,12,2,80,2.26,3.9,3.585,520.99,1.214,0,0.87,9.16,10.52873563218391,0.3849557522123894,4.053097345132744,66.2,0.3777644826672253,0.3247043964770834,0,0,0,6,1.499181669394435,0.3356376757309465,1,2.441604133883087,0.2441604133883087,0.4510731771641093,3.616253406831463,74.70208873011138,False,none,0.2251566949875252,0.3146878384643204,0.2405804854152321,2.533008329199455,9.998952030537362,0.9160960040637104,0,before_peak,0,2.799620020168974,0.2799620020168974,0.4830131140532465,499.9999999998266,682.9468588974943,True,length_upper,0.3389338919719472,0.4900694006671872,0.001740000000000603,0.01832000000000635,1081.29079353193,0.00847135669219911,0,before_peak,0,-0.05942383892574277,True,-0.1104809807434213,0.003296216241000738,rising,median_fraction_lt_0.5,3_to_6_Rdisk
ml_0.5,UGC07125,0.5,0.7,13,1,90,3.38,3.92,2.712,103,4.629,65.2,1.44,18.68,12.97222222222222,0.4260355029585799,5.526627218934911,61.5,0.4348876056173883,0.4483119317793022,0,0,0,5,1.436923076923077,-0.02833651955107414,0.69593147751606,6.727530893270717,0.6115937175700652,0.7193763802109712,3.992353698842632,59.95292630934393,False,none,-0.3059415266537812,-0.3326540507703196,0.3606894851068558,4.678944154025046,11.03887051948689,1.692202111350454,6,straddles_peak,0,9.38806032725447,0.8534600297504064,0.8497990860855772,14.40187081955209,115.6989605392533,False,none,-0.03022172663707219,0.1321103484583052,0.09998700988520497,1.297053711566409,31.14522065364645,0.599770995612226,0,before_peak,0,-0.14472017094277,True,-0.277605007102707,-0.001885207085998045,flat_band,median_fraction_lt_0.5,3_to_6_Rdisk
ml_0.5,UGC07151,0.5,0.7,11,1,90,1.25,2.17,2.284,965.67,0.616,73.5,0.5,5.5,11,0.4,4.4,67.2,0.3314143733650416,0.3329463804370862,0,0,0,4,1.375,0.2047173356326239,1,19.29567276116049,2.143963640128943,1.324444060425509,1.224192120856369,70.06244683444918,False,none,-0.1202595294834261,-0.3199860162948248,0.4084326238354081,4.49275886218949,3.38489506003115,1.624865735113628,5,straddles_peak,0,26.31386319613557,2.923762577348397,1.546663952339638,7.217262375770887,152.5183272135953,False,none,0.2270547774078356,0.2263013494178112,0.06927834599425856,0.762061805936844,15.6079187228563,0.352385228143569,0,before_peak,0,-0.134724687251622,True,-0.32497686511605,0.02233744177521171,rising,median_fraction_lt_0.5,3_to_6_Rdisk
ml_0.5,UGC07232,0.5,0.7,4,2,59,0.29,0.46,0.113,227.42,0.046,0,0.21,0.82,3.904761904761905,0.7241379310344828,2.827586206896552,30.7,0.4216697156888133,0.2934089117381198,0,0,0,2,1.32258064516129,,1,0.224155585320319,0.1120777926601595,0.2367253605553907,37.27274410957763,2999.999999999928,True,excess_amplitude_upper,,,0.005634143796405863,0.02199999006215623,103.0592545572485,0.007956587727349584,0,before_peak,0,4.811074818610487,2.405537409305243,1.096708121905104,499.9999999999994,1152.670015504061,True,length_upper,,,0.0004200000000000005,0.001640000000000002,1081.290793532303,0.0007583528916594836,0,before_peak,0,-1.331692546090524,True,,,unresolved,median_fraction_lt_0.5,below_3_Rdisk
ml_0.5,UGC07261,0.5,0.7,7,2,30,1.2,2.66,1.753,566.02,1.388,74.7,0.95,6.67,7.021052631578947,0.7916666666666666,5.558333333333334,69.59999999999999,0.2581812091082866,0.2424893736682283,0,0,0,3,1.401260504201681,0.1067039173464214,1,8.360076370560874,1.672015274112175,1.09283879157259,1.450688937011053,77.77320504029225,False,none,-0.1879023386794711,-0.3274108160700016,0.65486127023023,4.597815444669089,4.01115946825039,1.662860839314713,3,straddles_peak,0,0.24362888548502,0.04872577709700401,0.1865586409091254,4.447726561050397,141.9552147918707,False,none,0.1257591592428411,0.1021726015586291,0.213592267186417,1.499642549614107,9.618571565225785,0.6934501609484494,0,before_peak,0,1.53548146633034,False,-0.2946062560258926,0.01905524189641973,rising,median_fraction_lt_0.5,3_to_6_Rdisk
ml_0.5,UGC07323,0.5,0.7,10,1,47,2.26,3.26,4.109,283.68,0.722,0,0.58,5.82,10.03448275862069,0.2566371681415929,2.575221238938053,62.5,0.4088836566326955,0.3757392656325991,0,0,0,4,1.42997542997543,0.354856702054802,1,2.779782569419317,0.3474728211774147,0.527236433625306,2.590546970567175,80.90605207180117,False,none,0.393285182249166,0.4144625839692401,0.223890941407256,2.246629791362466,7.16287051195643,0.8125234136628773,0,before_peak,0,5.710999619243673,0.7138749524054592,0.7557115600044552,499.999999999574,873.4254524084222,True,length_upper,0.4402715224854455,0.493546179760541,0.001160000000000988,0.01164000000000992,1081.290793531384,0.005382455889587743,0,before_peak,0,-0.3127013038510946,True,0.03842848019436401,0.08541482043064352,rising,median_fraction_lt_0.5,below_3_Rdisk
ml_0.5,UGC07399,0.5,0.7,10,1,55,1.64,1.27,1.156,135.78,0.745,103,0.61,6.13,10.04918032786885,0.3719512195121951,3.73780487804878,93.40000000000001,0.1207457605105007,0.1077252206174003,0,0,0,4,1.425581395348837,0.2526472615875269,1,52.4445437687427,6.555567971092837,2.290077373556245,1.296514322864335,110.6791077517724,False,none,-0.2807364766212355,-0.3419843413790408,0.4704922955670495,4.728061921026252,3.584866175787139,1.709966202198334,5,straddles_peak,0,8.108232858396782,1.013529107299598,0.9004572648602921,5.854598609405802,224.6587358585606,False,none,0.1699692580974409,0.1720951452825246,0.1041916006026433,1.047040183105251,12.66104715235506,0.4841621649643545,0,before_peak,0,0.8107740991031144,False,-0.5333837382087624,-0.08267800349008594,rising,median_fraction_lt_0.5,3_to_6_Rdisk
ml_0.5,UGC07524,0.5,0.7,31,1,46,3.46,3.61,2.436,106.86,1.779,79.5,0.35,10.69,30.54285714285714,0.1011560693641618,3.089595375722543,70.2,0.2062242249841113,0.2648692110047727,0,0,0,11,1.47448275862069,0.2112390868765389,0.9681945743685688,19.31783330711259,0.6661321830038823,0.7894022505241951,2.633213507643069,80.56409679932834,False,none,0.01403721558007531,-0.2030813389896093,0.1329174406040766,4.059678400164513,7.280843621010424,1.468236451219983,10,straddles_peak,0,23.40060237267858,0.8069173231958132,0.8688257253639236,19.7887927598452,187.091620216155,False,none,0.3724149974017106,0.2877499478466208,0.01768677878673878,0.5402047578006787,42.79487885267869,0.2497962440038751,0,before_peak,0,-0.08326862282201461,True,-0.1972018712964636,0.1611759105251717,rising,median_fraction_lt_0.5,3_to_6_Rdisk
ml_0.5,UGC07559,0.5,0.7,7,2,61,0.58,0.98,0.109,55.06,0.169,0,0.36,2.53,7.027777777777778,0.6206896551724138,4.362068965517241,26.1,0.3787453052668355,0.3392472679149306,0,0,0,3,1.405555555555555,0.2289153012000318,1,0.2514752774783982,0.05029505549567964,0.1895390187791716,1.041732688033421,30.79209303297825,False,none,0.3909703803461416,0.33206416521811,0.3455780970832418,2.428646071168338,2.880394155069889,0.8783520114935842,0,before_peak,0,2.139258771258667,0.4278517542517334,0.5528185922109488,499.9999999999408,519.0337046849194,True,length_upper,0.4982102630532316,0.4971600239049975,0.0007200000000000852,0.005060000000000599,1081.290793532177,0.002339796116949656,0,before_peak,0,-0.9297680253104823,True,0.1620550791461098,0.2692949618531998,rising,median_fraction_lt_0.5,3_to_6_Rdisk
ml_0.5,UGC07577,0.5,0.7,9,2,63,0.9,0.77,0.045,54.55,0.044,0,0.19,1.69,8.894736842105262,0.2111111111111111,1.877777777777778,10.7,0.7394663906984229,0.6892052554726253,0,0,0,4,1.495575221238938,0.8949478408408659,1,0.8882134985315794,0.1268876426473685,0.314150264564159,271.4183499154267,2999.999999999992,True,excess_amplitude_upper,0.5579118947328325,0.9999947402941498,0.0007000263617371617,0.006226550270188438,750.4725901910331,0.002251914356485438,0,before_peak,0,1.359116874200569,0.1941595534572242,0.3886038934728851,499.9999999999994,213.5760235915189,True,length_upper,0.3675310288422579,0.4981546591342884,0.0003800000000000005,0.003380000000000004,1081.290793532303,0.001562946813298204,0,before_peak,0,-0.1847394354834045,True,-0.3370359461080333,-0.527416811998608,rising,median_fraction_ge_0.5,below_3_Rdisk
ml_0.5,UGC07603,0.5,0.7,12,1,78,0.53,0.85,0.376,520.99,0.258,61.6,0.34,4.11,12.08823529411765,0.6415094339622641,7.754716981132075,60.25,0.1984394235366437,0.1373208237015034,0,0,0,4,1.334415584415584,0.1478915601134157,1,4.843588502885781,0.4843588502885782,0.6353206869294292,1.099267672289701,68.53223403855694,False,none,-0.159078304053597,-0.1694925581557183,0.3092968242137083,3.73885278681865,3.039478567287653,1.352205619817103,4,straddles_peak,0,15.14624222645879,1.514624222645879,1.12347089513031,9.493463628246069,169.8389785432043,False,none,0.2597523423523675,0.313289135545759,0.03581411519694373,0.4329294513512903,20.53038963991253,0.2001910373882953,0,before_peak,0,-0.4951376583546606,True,-0.3069698641670127,0.1118607822389519,rising,median_fraction_lt_0.5,at_least_6_Rdisk
ml_0.5,UGC07690,0.5,0.7,7,2,41,0.57,0.86,0.858,395.21,0.39,57.4,0.59,4.13,7,1.035087719298246,7.24561403508772,57.9,0.3481288684856566,0.3331732666998187,0,0,0,3,1.4,-0.1042060919334427,0.4285714285714286,2.568395574736868,0.5136791149473735,0.6057339791804965,0.7022972041515819,61.2307103020141,False,none,-0.3813226967743872,-0.4537853012997038,0.840100169148126,5.880701184036882,1.941853975782358,2.126833454784393,4,straddles_peak,0,1.678671877079489,0.3357343754158978,0.4897042660159422,1.451480217723124,102.1772686450954,False,none,-0.09312283373560637,-0.01869420962692957,0.4064815991261032,2.845371193882722,3.138944392836559,1.315728946783876,2,straddles_peak,0,0.1846960982491036,False,-0.2771166048409445,0.01108325819783637,declining,median_fraction_lt_0.5,at_least_6_Rdisk
ml_0.5,UGC07866,0.5,0.7,7,2,44,0.61,0.95,0.124,97.45999999999999,0.118,0,0.33,2.32,7.030303030303029,0.5409836065573771,3.80327868852459,26,0.3395584351893767,0.3395584351893767,0,0,0,3,1.389221556886228,0.4861276306190677,1,0.965305637572486,0.1930611275144972,0.3713499769321361,0.7175781932280501,29.56662631439965,False,none,0.1239087652511782,0.01307926660873961,0.4598801957950864,3.233097134074546,1.984105958584815,1.169292390843262,2,straddles_peak,0,0.2183988448429386,0.04367976896858772,0.1766347501981494,11.9202717709137,97.24867695277028,False,none,0.3872077572449756,0.4042502212771427,0.02768393257653933,0.1946264350835492,25.77856024458402,0.08999726819450372,0,before_peak,0,0.6454145055970325,False,-0.3622188653678896,-0.09891987337409208,rising,median_fraction_lt_0.5,3_to_6_Rdisk
ml_0.5,UGC08286,0.5,0.7,17,1,90,1.05,2.25,1.255,1488.78,0.642,82.40000000000001,0.47,8.039999999999999,17.1063829787234,0.4476190476190476,7.657142857142856,79.3,0.1639390072258078,0.1509683072667584,0,0,0,6,1.417989417989418,0.0691742644073999,1,126.3469829721398,8.423132198142653,2.726201655958231,1.693934918132463,92.98846477447628,False,none,-0.289432604773714,-0.3490058943133537,0.277460482672007,4.746345278048801,4.683735370221005,1.716578620371677,8,straddles_peak,0,36.78028914233904,2.452019276155936,1.47089986747487,5.050209029136575,169.3190416736295,False,none,0.07859444060866308,0.09123443347586056,0.09306545477392944,1.592013311451899,10.9214890572382,0.7361633526219123,0,before_peak,0,0.5359497368503572,False,-0.3586068691811138,0.009420176201263175,flat_band,median_fraction_lt_0.5,at_least_6_Rdisk
ml_0.5,UGC08490,0.5,0.7,30,1,50,0.67,1.14,1.017,576.54,0.72,78.59999999999999,0.34,10.15,29.85294117647059,0.5074626865671642,15.14925373134328,78.5,0.1612302244698998,0.1290147501223943,0,0,0,11,1.499261447562777,-0.1091569983103561,0.5665024630541872,134.7077080957239,4.810989574847281,2.119022637095727,1.646249668853123,94.8798819960158,False,none,-0.4298432041268527,-0.4585404175284973,0.2065300339509648,6.165528954712625,4.551885506157936,2.229845189706278,17,straddles_peak,0,3.147920879005663,0.1124257456787737,0.323930078823896,3.18664964690417,158.4174828246207,False,none,-0.062889051521446,-0.03341836930846788,0.1066951305206426,3.185163455248595,6.891389850820898,1.472852388229196,10,straddles_peak,0,1.631368639045377,False,-0.3206862058164966,0.04626794678891009,declining,median_fraction_lt_0.5,at_least_6_Rdisk
ml_0.5,UGC08550,0.5,0.7,11,1,90,0.45,1.01,0.289,1284.78,0.288,56.9,0.49,5.36,10.93877551020408,1.088888888888889,11.91111111111111,51.6,0.1835838336483932,0.162239412979275,0,0,0,4,1.377892030848329,0.1167657405389204,0.8190298507462686,43.30173075171388,4.811303416857097,1.984066777462022,1.224477961791216,61.90996288425161,False,none,-0.1344526182733158,-0.2983290181305114,0.4001705341296697,4.377375638642918,3.385685411113984,1.583135864426463,5,straddles_peak,0,6.872527099774204,0.7636141221971338,0.790427220488113,4.412770106278771,117.9263923184857,False,none,0.2256445022360428,0.1408403539711452,0.1110413613668196,1.214656524339088,9.54297537978761,0.5616696875643929,0,before_peak,0,0.7993887942350512,False,-0.2512183588122361,0.1088787616971224,rising,median_fraction_lt_0.5,at_least_6_Rdisk
ml_0.5,UGC08699,0.5,0.7,41,2,73,3.09,1.91,50.302,1370.35,3.738,182.4,0.22,25.7,116.8181818181818,0.07119741100323625,8.31715210355987,184,0.4554908320251178,0.221172524035636,0,4,6.898520594959762,4,1.348373557187828,0.05578622922770847,0.05914396887159534,360.1567147281129,9.234787557131101,2.963833685502584,4.461260051847632,183.2894975572332,False,none,-0.468719056035642,-0.4561407455572437,0.04931342209223758,5.760704308047754,12.33539805863944,2.083434995597915,7,straddles_peak,0.01915421901870564,37.85870894243761,0.9707361267291694,0.9609282725248033,11.37108467500213,330.1429921529343,False,none,-0.1017800823910781,0.01942641620381293,0.01934731877282048,2.260118602097666,24.59089834311217,1.045102120362288,1,straddles_peak,0.1822175342917435,0.978325716562529,False,-0.5245052852633504,-0.1575663116187866,flat_band,median_fraction_lt_0.5,at_least_6_Rdisk
ml_0.5,UGC08837,0.5,0.7,8,2,80,1.72,2.25,0.501,77.42,0.32,0,0.52,4.2,8.076923076923077,0.3023255813953489,2.441860465116279,31.7,0.4939525253227925,0.3679550297458085,0,0,0,3,1.333333333333333,0.3862973732714526,1,2.105884146169343,0.3509806910282238,0.5130648285267349,19.73386947011854,328.6486954870638,False,none,0.7658733951051997,0.993190441635592,0.02635063542846452,0.2128320553837519,54.5642110798562,0.07697353112744884,0,before_peak,0,25.16062996293634,4.193438327156056,1.77343698657918,499.9999999999821,471.4035234238522,True,length_upper,0.4516304763851059,0.4951753509698661,0.001040000000000037,0.008400000000000301,1081.290793532266,0.003884246518256026,0,before_peak,0,-1.077287035539193,True,0.3795760218337471,0.06533310311365326,rising,median_fraction_lt_0.5,below_3_Rdisk
ml_0.5,UGC09037,0.5,0.7,22,2,65,4.28,5.69,68.614,841.0700000000001,19.078,152.3,2.43,27.96,11.50617283950617,0.5677570093457944,6.532710280373832,147,0.5803968907372268,0.4319028865034747,0,3,58.42033483224496,8,1.436793422404933,-0.2407145496654776,0.695994277539342,79.54842102546944,3.977421051273472,1.901535516191985,11.7192739896095,151.5762456931,False,none,0.09757074566391565,0.3573369511956213,0.2073507285651378,2.385813321268005,32.40382939797971,0.8628609803057175,0,before_peak,0.7343996785748923,136.3045890298748,6.81522945149374,2.489108904351431,499.999999999999,766.9210945687171,True,length_upper,0.1416036277115505,0.4700264406209865,0.00486000000000001,0.05592000000000012,1081.290793532303,0.02585798396438924,0,before_peak,0.4286013790734557,-0.2338789140156084,True,0.3382852953293933,0.3823181773770281,declining,median_fraction_ge_0.5,at_least_6_Rdisk
ml_0.5,UGC09133,0.5,0.7,68,1,53,6.97,5.92,282.926,864.63,33.428,226.8,0.32,108.31,338.46875,0.04591104734576758,15.53945480631277,279,0.5550737288678602,0.2190841068650023,0,4,0.2404715329768108,10,1.448575631937943,-0.007179367309005461,0.09029637152617485,3124.134947251132,47.33537798865351,6.778138460446735,20.53408319556618,248.1488390958999,False,none,-0.4048176036194316,-0.4024199275149409,0.01558384647380293,5.274645036179985,56.77680454463201,1.90764522358524,16,straddles_peak,7.697219775618118e-05,623.3203234608958,9.444247325165088,3.027618758201431,28.5810837790128,433.669559609776,False,none,-0.1383152260178292,-0.06506735854219622,0.01119621643721492,3.789569382233589,61.80892551884408,1.752335914122611,14,straddles_peak,0.0003857912600083813,0.7000184976289019,False,-0.3976382363104261,-0.1311358587088237,flat_band,median_fraction_ge_0.5,at_least_6_Rdisk
ml_0.5,UGC09992,0.5,0.7,5,2,30,1.04,1.62,0.336,73.25,0.318,33.6,0.78,3.89,4.987179487179487,0.75,3.740384615384615,33,0.4346848484848485,0.4859173787917478,0,0,0,2,1.246794871794872,,1,0.6525777809197056,0.2175259269732352,0.3612693679014886,0.5888934450370067,32.52888322747575,False,none,,,1.324518054282272,6.605609270715432,1.628292225566743,2.389006063482276,3,straddles_peak,0,0.03676241852971797,0.01225413950990599,0.0857466250411268,0.90750475499632,53.61441699491154,False,none,,,0.8594996287409679,4.28647891769534,1.962553073328621,1.982112001385165,3,straddles_peak,0,1.249228207707164,False,,,unresolved,median_fraction_lt_0.5,3_to_6_Rdisk
ml_0.5,UGC10310,0.5,0.7,7,1,34,1.8,3.12,1.741,158.79,1.196,71.40000000000001,1.1,7.74,7.036363636363636,0.6111111111111112,4.3,69.2,0.230199754001136,0.2954629225267998,0,0,0,3,1.402173913043478,0.09508414551697586,1,1.487502965381616,0.2975005930763232,0.4609776823512665,1.719040126483646,74.11055569262884,False,none,-0.1845905060876851,-0.3112237539394166,0.6398919856804547,4.502512699242471,4.753151350181344,1.628393339443041,3,straddles_peak,0,2.843340184425143,0.5686680368850286,0.6373315110034005,7.310391701178826,143.4831357773539,False,none,0.1511916083291982,0.1686887450515046,0.1504707333018313,1.058766796141977,15.80931848719926,0.4895846716142158,0,before_peak,0,-0.2813709827109163,True,-0.2796746516046609,0.05610746281222237,flat_band,median_fraction_lt_0.5,3_to_6_Rdisk
ml_0.5,UGC11455,0.5,0.7,36,1,90,5.93,10.06,374.322,9568.200000000001,13.335,269.4,0.62,41.93,67.62903225806451,0.1045531197301855,7.070826306913997,262.5,0.6583910345470447,0.3889596689824827,0,3,36.14377379730645,7,1.439409543426021,-0.01567121377249551,0.3966134032911996,147.4496439278446,4.3367542331719,2.02381408297307,10.14225967946256,246.0154322921044,False,none,-0.3890084012512206,-0.2311794969204716,0.06113036143764503,4.134187185613639,28.04337987615084,1.495183540114538,7,straddles_peak,0.2451262195993748,170.4788640377215,5.014084236403574,2.176125915715315,130.9846613203045,675.4397003556188,False,none,-0.02910923156010913,0.3563462885865765,0.004733378654802011,0.3201138177352392,283.2650167591846,0.1480239264266312,0,before_peak,0.2120132252248525,-0.06302681473161929,True,-0.3733371874787251,-0.01343801778761362,flat_band,median_fraction_ge_0.5,at_least_6_Rdisk
ml_0.5,UGC11557,0.5,0.7,12,2,30,2.75,4.18,12.101,337.93,2.605,0,0.33,10.56,32,0.12,3.84,64.90000000000001,0.8978353723354643,0.6766799639181069,0,5,7.357536912683125,2,1.2,,0.5625,10.65602320199256,1.065602320199256,0.9423385450565946,11.71641445218183,110.0189379648768,False,none,,,0.0281656134090193,0.9012996290886176,32.3959227680088,0.3259669457672641,0,before_peak,0.6904580417305537,14.78418903994904,1.478418903994904,1.109962050400412,499.9999999999901,424.7666276843266,True,length_upper,,,0.0006600000000000131,0.02112000000000042,1081.290793532283,0.009766105531614996,0,before_peak,0.4976625293955578,-0.1422023496317691,True,,,unresolved,median_fraction_ge_0.5,3_to_6_Rdisk
ml_0.5,UGC11820,0.5,0.7,10,1,45,2.08,2.74,0.97,34.11,1.977,0,0.26,15.82,60.84615384615385,0.125,7.605769230769231,51.875,0.2066155133815956,0.2066155133815956,0,0,0,2,1.203957382039574,,1,124.720832003091,15.59010400038638,3.531583667465505,4.64095112841432,82.815348840388,False,none,,,0.05602299890816444,3.408784010489083,12.83224444985521,1.232831876124251,2,straddles_peak,0,10.65246078687816,1.331557598359771,1.032107590655071,23.52752359789253,182.4252247991379,False,none,,,0.01105088680150296,0.6724039584606801,50.88018932203048,0.3109265160133777,0,before_peak,0,1.068489055155771,False,,,unresolved,median_fraction_lt_0.5,at_least_6_Rdisk
ml_0.5,UGC11914,0.5,0.7,65,1,31,2.44,3.12,150.028,3168.33,0.888,288.1,0.28,9.83,35.10714285714285,0.1147540983606558,4.028688524590164,288,0.681001045576093,0.5713634913459282,0,2,0.05523633124129881,6,1.460624071322437,0.1918956825702357,1,1184.489394123051,18.80141895433415,4.26883049039655,1.925781649970915,223.6258076323099,False,none,-0.3601974972907565,-0.3797920665908615,0.1453955073277538,5.104420846542213,5.324792312112906,1.846081391313346,19,straddles_peak,4.663303151160216e-05,302.7725425657812,4.80591337406002,2.15824908580929,3.771536367347618,400.6735294457032,False,none,-0.1903217739600161,0.001797754148415139,0.07424030228745047,2.606364898162993,8.156255102970505,1.205209973927853,2,straddles_peak,0.0001824350741094629,0.5924146885258799,False,-0.5520931798609922,-0.3822174565302517,rising,median_fraction_ge_0.5,3_to_6_Rdisk
ml_0.5,UGC12506,0.5,0.7,31,2,86,7.38,12.36,139.571,5608.28,35.556,234,0.82,49.99,60.96341463414635,0.1111111111111111,6.773712737127371,238,0.2427717302946727,0.2345383046515292,0,0,0,11,1.487797619047619,-0.18689031396073,0.4754950990198039,100.7596502841875,3.474470699454741,1.802861974608683,7.24203196416108,274.4957741534292,False,none,-0.3676972510405589,-0.4826335730839618,0.1132278901913117,6.902758817882526,20.02424113212588,2.496474132035825,19,straddles_peak,0,4.859293418276351,0.1675618420095294,0.3959184266860533,10.29202680641296,454.9496285089155,False,none,-0.09509024495234268,-0.104106417236997,0.07967332532490669,4.857157967063519,22.25734766512404,2.245999871688728,17,straddles_peak,0,1.316713527663451,False,-0.1808069370798289,0.09180006900838734,declining,median_fraction_lt_0.5,at_least_6_Rdisk
ml_0.5,UGC12632,0.5,0.7,15,1,46,2.42,3.94,1.301,66.81,1.744,71.7,0.71,10.66,15.01408450704225,0.2933884297520661,4.404958677685951,65.5,0.1789070760827702,0.2314021200374459,0,0,0,6,1.49929676511955,0.1479060206181384,0.8677298311444652,13.85962365164332,1.066124896280256,0.9612361364979757,2.411560190591038,76.31009215378637,False,none,-0.1132744023292072,-0.2700934184843095,0.2944152100246726,4.420374843469029,6.667971503026122,1.598687096242415,6,straddles_peak,0,4.427915927158581,0.3406089174737369,0.5433179503236621,8.51638020013934,143.6360364386677,False,none,0.2022167030795859,0.1427852182691166,0.08336875331004873,1.25170550744383,18.41736700926295,0.578801518948859,0,before_peak,0,0.495552071138463,False,-0.2611804229473456,0.05431068246144752,rising,median_fraction_lt_0.5,3_to_6_Rdisk
ml_0.5,UGC12732,0.5,0.7,16,1,39,1.98,3.12,1.667,120.46,3.66,0,0.96,15.4,16.04166666666667,0.4848484848484849,7.777777777777778,79.8,0.1642240461789855,0.2085432154918176,0,0,0,6,1.452830188679245,0.4304988358482985,1,66.91585292417435,4.779703780298168,2.04505276405302,3.701444053389914,95.78302248249069,False,none,-0.01044390039532006,-0.2309382747180159,0.2593582359081715,4.160538367693586,10.23450443590233,1.504713794053112,6,straddles_peak,0,2.921880827353177,0.2087057733823698,0.4273377489873479,14.30299808371264,187.5262742835694,False,none,0.3002734433886282,0.1683933113985324,0.06711879526105705,1.076697340646124,30.93140029565735,0.4978759400738188,0,before_peak,0,1.359866519241972,False,-0.4409427362436185,-0.1302253924596703,rising,median_fraction_lt_0.5,at_least_6_Rdisk
ml_0.5,UGCA442,0.5,0.7,8,1,64,1.18,1.71,0.14,116.1,0.263,56.4,0.42,6.33,15.07142857142857,0.3559322033898305,5.364406779661017,51.9,0.1869752484314539,0.126702775349912,0,0,0,3,1.361290322580645,0.009050293640774278,0.8657187993680885,7.326200258643115,1.221033376440519,0.956961353624267,1.982312834156,63.03012749496222,False,none,-0.0847573091756047,0.01440832317502649,0.211873722836901,3.193239679899008,5.481101213980322,1.154877414752795,1,straddles_peak,0,12.2929384378723,2.048823072978717,1.239603688577135,22.2038747009357,169.0485119547932,False,none,0.2087095696458147,0.3665952929967581,0.01891561746123079,0.285085377451407,48.01769058973326,0.1318264148537253,0,before_peak,0,-0.2247769209621152,True,-0.09380760281637898,0.1996592760050405,flat_band,median_fraction_lt_0.5,3_to_6_Rdisk
ml_0.5,UGCA444,0.5,0.7,36,2,78,0.83,0.41,0.012,22.74,0.067,37,0.12,2.62,21.83333333333334,0.144578313253012,3.156626506024097,27.85,0.2324603258557127,0.221140350877193,0,0,0,13,1.497142857142857,0.3960757598130157,1,13.19782980871407,0.3881714649621784,0.6054802916490269,0.8338480322241348,34.8112143997777,False,none,0.01512649400345601,0.07972383135556639,0.1439111149305255,3.142059342649807,2.305592428676742,1.136367368062406,5,straddles_peak,0,2.026826245981719,0.05961253664652116,0.2372777466494651,499.999999999999,647.8410525291638,True,length_upper,0.3468217999014129,0.4971307754319026,0.0002400000000000005,0.005240000000000011,1081.290793532303,0.002423029970912011,0,before_peak,0,0.8136860041967219,False,-0.3809492658095597,-0.04925395991160275,rising,median_fraction_lt_0.5,3_to_6_Rdisk
ml_0.7,CamB,0.7,0.9799999999999999,9,2,65,0.47,1.21,0.075,66.2,0.012,0,0.16,1.79,11.1875,0.3404255319148937,3.808510638297873,10.9,1.798677720730578,0.8583241213151928,0,7,35.68711403556826,3,1.467213114754098,0.8170110994450819,1,49.70033760990323,7.100048229986176,2.349948879110712,476.5754094973194,2999.999999997877,True,excess_amplitude_upper,-0.04597520784195243,0.9999980379120547,0.0003357286104391418,0.003755963829287898,1317.732504446551,0.001358394054908588,0,before_peak,0.7180457065639185,51.52065144267066,7.360093063238666,2.392596252392661,41.14319449897762,0.0021945006367418,False,none,-0.1880585711895912,0.4766684625262835,0.003888857001708408,0.04350658770661282,88.97551485650695,0.02011789426435776,0,before_peak,0.6926759083254005,-0.01562200687048205,True,-0.8629863072870343,-1.005069670634673,rising,median_fraction_ge_0.5,3_to_6_Rdisk
ml_0.7,D512-2,0.7,0.9799999999999999,4,2,56,1.24,2.37,0.325,93.94,0.081,0,0.96,3.83,3.989583333333333,0.7741935483870968,3.088709677419355,34.7,0.2924054162887967,0.2618552733812395,0,0,0,2,1.329861111111111,,0.7519582245430809,0.1708930175375594,0.08544650876877972,0.2066960434657371,1.049875268635648,36.82425364407279,False,none,,,0.9143943368125586,3.64805240624177,2.902908416015387,1.319366459813143,1,straddles_peak,0,0.5178917343961217,0.2589458671980608,0.359823475608569,9.540710989853473,94.83002221762553,False,none,,,0.1006214317801847,0.401437587206362,20.63256591416209,0.1856288750480185,0,before_peak,0,-0.4815146613041401,True,,,unresolved,median_fraction_lt_0.5,3_to_6_Rdisk
ml_0.7,D564-8,0.7,0.9799999999999999,6,2,63,0.61,0.72,0.033,21.13,0.029,0,0.51,3.07,6.019607843137255,0.8360655737704918,5.032786885245901,20.85,0.2299647260915372,0.1561256386805555,0,0,0,2,1.19921875,,1,0.203613596677905,0.05090339916947626,0.1842161758541239,1.24191292622691,26.99463557361981,False,none,,,0.4106568095312809,2.47199295149222,3.433893142551528,0.8940289847571844,0,before_peak,0,4.273107207300936,1.068276801825234,0.8439102645128544,499.9999999997116,413.4878405191811,True,length_upper,,,0.001020000000000588,0.006140000000003542,1081.290793531681,0.002839199240726774,0,before_peak,0,-1.321937013440866,True,,,unresolved,median_fraction_lt_0.5,3_to_6_Rdisk
ml_0.7,D631-7,0.7,0.9799999999999999,16,1,59,0.7,1.22,0.196,115.04,0.29,57.7,0.45,7.19,15.97777777777778,0.6428571428571429,10.27142857142857,47.2,0.268895308768465,0.1248049793312618,0,2,4.918678723249892,6,1.455465587044534,0.1146634886066203,0.8748261474269818,16.86072729963963,1.204337664259974,1.026545399009453,3.61059718428329,72.73411725036945,False,none,0.3927155859770793,0.5250497223428932,0.124633122176803,1.991360329891585,9.983312557422346,0.7202018326727048,0,before_peak,0.2917239948098218,100.5950258208027,7.185358987200196,2.507426791314189,499.9999999999941,634.9562337664643,True,length_upper,0.3429450940193674,0.4921005508769906,0.0009000000000000107,0.01438000000000017,1081.290793532292,0.006649460111014323,0,before_peak,0.04889584433341558,-0.7757002021470265,True,0.2780520973704591,0.2282816054127471,rising,median_fraction_lt_0.5,at_least_6_Rdisk
ml_0.7,DDO064,0.7,0.9799999999999999,14,1,60,0.6899999999999999,1.2,0.157,151.65,0.211,46.1,0.1,2.98,29.8,0.1449275362318841,4.318840579710145,37.9,0.2881456624631511,0.3071711080287105,0,0,0,4,1.432692307692308,0.0344170022953114,1,3.695355232605465,0.3079462693837887,0.5137644841618625,1.044744254420108,48.09127382107769,False,none,0.1440655163106668,0.1542023952869284,0.09571720502593778,2.852372709772946,2.888721145590072,1.031598361284984,1,straddles_peak,0,6.698831007899287,0.5582359173249406,0.6917282191263151,499.9999999999994,801.3836308715305,True,length_upper,0.385609847457122,0.4966377181233357,0.0002000000000000003,0.005960000000000008,1081.290793532303,0.002755965386762513,0,before_peak,0,-0.2583428286939359,True,0.1096485140153554,0.3511928451618105,flat_band,median_fraction_lt_0.5,3_to_6_Rdisk
ml_0.7,DDO154,0.7,0.9799999999999999,12,2,64,0.37,0.65,0.053,71.26000000000001,0.275,47,0.49,5.92,12.08163265306122,1.324324324324324,16,43.3,0.1812244723013244,0.1376764217213891,0,0,0,5,1.49873417721519,-0.0260934647409813,0.8344594594594595,16.13937456245253,1.613937456245253,1.159718879817164,1.773721337594478,50.95041944437484,False,none,-0.03742918919700373,0.01789893205051474,0.2762553449712334,3.337615596387147,4.904345070686666,1.207092876760226,3,straddles_peak,0,136.1270086682392,13.61270086682392,3.368073245792011,19.41755902732727,148.9202416884168,False,none,0.2667986815235672,0.3642565570744216,0.02523489174465231,0.3048786920986565,41.99205561823815,0.1409790474136447,0,before_peak,0,-0.9260576003794467,True,-0.01133572445602243,0.2928921462645485,flat_band,median_fraction_lt_0.5,at_least_6_Rdisk
ml_0.7,DDO161,0.7,0.9799999999999999,31,1,70,1.22,2.04,0.548,169.37,1.378,66.3,0.6,13.37,22.28333333333333,0.4918032786885246,10.95901639344262,55,0.3783266512396694,0.2593847428645703,0,0,0,10,1.46761800219539,0.1018650505733616,0.7868362004487659,5.651975672425301,0.1948957128422517,0.4269915641844545,4.890760941147829,68.53088487628392,False,none,0.03501357929264568,0.2258722365977501,0.122680296015283,2.733725929540557,13.52296936685389,0.9886881821067466,0,before_peak,0,43.21973070172684,1.490335541438857,1.18075605496903,113.5401933163138,270.2309161559265,False,none,0.1900904547809561,0.4401586377588295,0.005284472242604419,0.1177556564727018,245.5399314576164,0.05445142841178909,0,before_peak,0,-0.8834817726415806,True,-0.06685147128071597,0.08822540420759445,rising,median_fraction_lt_0.5,at_least_6_Rdisk
ml_0.7,DDO168,0.7,0.9799999999999999,10,2,63,1.02,1.29,0.191,92.22,0.413,53.4,0.41,4.12,10.04878048780488,0.4019607843137254,4.03921568627451,48,0.3083016757001967,0.2507474721424969,0,0,0,4,1.42560553633218,-0.03136377136231972,0.9004854368932038,28.83095085972176,3.60386885746522,1.697967928428619,1.834955495727539,61.15117916122964,False,none,0.3035125780501268,0.4137342220888676,0.2234386615667971,2.245286062573669,5.073657710294877,0.8120374363529046,0,before_peak,0,89.79192882233288,11.22399110279161,2.99653014038459,499.9999999999177,766.6069110166052,True,length_upper,0.3535458687158674,0.4954130121317447,0.000820000000000135,0.008240000000001357,1081.290793532127,0.003810260870289735,0,before_peak,0,-0.4933783348672512,True,0.3348763494124465,0.3849096400781871,flat_band,median_fraction_lt_0.5,3_to_6_Rdisk
ml_0.7,DDO170,0.7,0.9799999999999999,8,2,66,1.95,3.03,0.543,73.93000000000001,0.735,60,1.87,12.33,6.593582887700534,0.958974358974359,6.323076923076923,57.1,0.2786687742264173,0.2491540694444444,0,0,0,3,1.320128479657388,0.1883854071495452,1,37.64303593757664,6.27383932292944,2.16918867141544,3.432108109576462,62.71384718421793,False,none,-0.19718614381065,-0.1328234289865847,0.5448546317006216,3.592544175865596,9.489789705125245,1.299291173263915,2,straddles_peak,0,13.21628830646041,2.202714717743401,1.28531554036647,14.57032843817896,128.0644750122871,False,none,0.06133078431645632,0.2042224803617457,0.1283430231469592,0.8462403611775436,31.50952399788967,0.3913102591085093,0,before_peak,0,0.4545751383380256,False,-0.3855715509601952,-0.1270546228330889,rising,median_fraction_lt_0.5,at_least_6_Rdisk
ml_0.7,ESO079-G014,0.7,0.9799999999999999,15,1,79,5.08,7.23,51.733,2295.25,3.14,175,0.41,16.67,40.65853658536586,0.08070866141732283,3.281496062992126,132,0.4586277157589672,0.4328243973986572,0,0,0,4,1.430901287553648,0.1273136783696661,1,18.17779411821516,1.39829185524732,1.100841923808475,5.672507346758212,158.4427529987683,False,none,0.03289712483330351,0.1362278263656776,0.07227844318867412,2.938735726719995,15.68450063426364,1.06283268997315,1,straddles_peak,0,46.32162417003434,3.563201859233411,1.757301419222749,124.0218093222959,595.620226404572,False,none,0.2005313499724218,0.4319177849862369,0.00330587017106428,0.1344118432966867,268.2072812348351,0.06215342075446563,0,before_peak,0,-0.4062425983127386,True,-0.09441655353636258,0.07321767160275566,rising,median_fraction_lt_0.5,3_to_6_Rdisk
ml_0.7,ESO116-G012,0.7,0.9799999999999999,15,1,74,1.51,2.75,4.292,1320.78,1.083,109.1,0.25,9.859999999999999,39.44,0.1655629139072848,6.52980132450331,102,0.3437692983467896,0.2461193041322314,0,0,0,5,1.447870778267254,0.0981332394784519,1,11.02840663847065,0.8483389721900498,0.8574538525374858,2.834250682631751,112.2955906685807,False,none,-0.06805006135907621,-0.04805599377054973,0.08820673539288411,3.478873643895349,7.836712041422882,1.258180720164596,3,straddles_peak,0,33.06644668356184,2.543572821812449,1.484732224646627,44.89833809360122,359.8204857611545,False,none,0.2730391166196506,0.3953827315344547,0.005568134826701509,0.2196072375651075,97.09631925102354,0.101548648559055,0,before_peak,0,-0.476874757189425,True,-0.1661833008375281,0.1749058771411987,flat_band,median_fraction_lt_0.5,at_least_6_Rdisk
ml_0.7,ESO444-G084,0.7,0.9799999999999999,7,2,32,0.46,0.75,0.07099999999999999,66.81,0.135,0,0.26,4.44,17.07692307692308,0.5652173913043478,9.652173913043478,52.8,0.1767525467745638,0.07974819681445913,0,0,0,2,1.309734513274336,,0.7635135135135135,17.28541064776772,3.457082129553544,1.571414769643117,1.187477249180764,69.68765620266407,False,none,,,0.2189515632231042,3.739019002733011,3.283378324506421,1.352265734003544,2,straddles_peak,0,3.515365618510294,0.7030731237020589,0.7086572432132572,14.13896186052492,201.4377109013883,False,none,,,0.0183889031291543,0.314025884205558,30.57665857977997,0.1452088032580554,0,before_peak,0,0.6917092006295232,False,,,unresolved,median_fraction_lt_0.5,at_least_6_Rdisk
ml_0.7,ESO563-G021,0.7,0.9799999999999999,30,1,83,5.45,10.59,311.177,6558.89,24.298,314.6,0.45,42.41,94.24444444444444,0.08256880733944955,7.781651376146788,310.5,0.5278059955547485,0.3351231624023437,0,4,81.79296204573062,9,1.472569444444444,0.04681674366252683,0.8795095496345202,397.2760203944969,14.18842929980346,3.639029267971047,7.658579727428894,311.7900842834804,False,none,-0.471559820398249,-0.424376927620322,0.05875763078999403,5.53758027067477,21.17599700616787,2.002739232898803,13,straddles_peak,0.2058844678430625,516.7589667973659,18.45567738562021,4.150337202354229,63.41640198419665,664.1859259800336,False,none,-0.02149781986935973,0.2537425308831747,0.0070959560290434,0.6687544337594012,137.1431432489113,0.3092389382021596,0,before_peak,0.1582806826800621,-0.1141956694346958,True,-0.5183765640607758,-0.06831456353188656,flat_band,median_fraction_ge_0.5,at_least_6_Rdisk
ml_0.7,F565-V2,0.7,0.9799999999999999,7,2,60,2.17,3.57,0.5590000000000001,40.26,0.699,0,1.26,8.800000000000001,6.984126984126985,0.5806451612903226,4.055299539170507,68.5,0.1424532708175016,0.1417994615971652,0,0,0,3,1.399046104928458,0.3655114241942585,1,0.2938174768404788,0.05876349536809575,0.2048753895979835,3.235520379766225,87.78436792766836,False,none,0.2357015950832337,0.2100556924582514,0.3894273106358979,2.719809788568176,8.946224014609351,0.9836552254481261,0,before_peak,0,1.893780609559302,0.3787561219118604,0.5201346816737952,499.9999999999994,845.821124887133,True,length_upper,0.476422884814162,0.4901908191828668,0.002520000000000003,0.01760000000000002,1081.290793532303,0.008138421276345679,0,before_peak,0,-0.8092520405815785,True,-0.1298098291110248,0.1109114606199034,rising,median_fraction_lt_0.5,3_to_6_Rdisk
ml_0.7,F568-3,0.7,0.9799999999999999,18,1,40,4.99,7.47,8.346,132.08,3.195,0,0.64,17.98,28.09375,0.1282565130260521,3.603206412825651,83.90000000000001,0.2717427158035893,0.2514621599472341,0,0,0,4,1.499582985821518,0.4517039611051215,1,15.98543222670138,0.9990895141688363,0.9423797367038813,4.139839168412611,110.5917499960068,False,none,-0.1579915809090707,-0.2513417843055446,0.1545953777343005,4.343163893223005,11.44666830618117,1.570762733667302,4,straddles_peak,0,50.69258830457078,3.168286769035674,1.678170106338892,499.9999999999985,797.2307539741132,True,length_upper,0.3790252045445214,0.4808623395707949,0.001280000000000004,0.03596000000000011,1081.290793532302,0.01662827438053358,0,before_peak,0,-0.501220082797834,True,-0.6096955420141921,-0.07267875656060008,rising,median_fraction_lt_0.5,3_to_6_Rdisk
ml_0.7,F568-V1,0.7,0.9799999999999999,15,1,40,2.85,4.4,3.825,90.54000000000001,2.491,112.3,0.39,17.63,45.2051282051282,0.1368421052631579,6.185964912280701,111,0.1483779790290146,0.1656302899295751,0,0,0,2,1.495335029686175,,1,5.987653017992211,0.4605886936917086,0.6318044538194927,2.501075758142535,128.3662875896595,False,none,,,0.1559329015645811,7.048966806624525,6.915482328523828,2.549352187233957,6,straddles_peak,0,2.695936982729318,0.2073797679022552,0.4239447277440238,8.236470675511638,241.2795585788938,False,none,,,0.04735037801561453,2.140479908757138,17.81203982525908,0.9897799563079278,0,before_peak,0,0.3465468888254885,False,,,unresolved,median_fraction_lt_0.5,at_least_6_Rdisk
ml_0.7,F571-8,0.7,0.9799999999999999,13,1,85,3.56,1.4,10.164,87.26000000000001,1.782,139.7,0.22,15.55,70.68181818181819,0.06179775280898876,4.367977528089888,105,0.5441778712018139,0.1321725899248472,0,5,184.9649576079792,2,1.400900900900901,,1,239.9183375963782,21.81075796330711,4.295958186270315,6.026540218249085,164.6688730585557,False,none,,,0.03650519071188037,2.580253252589726,16.6634026361486,0.9331827562197139,0,before_peak,0.7709496467050021,365.5811360057792,33.23464872779811,5.30298273112391,499.9999999998266,1130.34770938896,True,length_upper,,,0.0004400000000001526,0.03110000000001079,1081.29079353193,0.01438096032354762,0,before_peak,0.5059477620449629,-0.182920334517338,True,,,unresolved,median_fraction_ge_0.5,3_to_6_Rdisk
ml_0.7,F571-V1,0.7,0.9799999999999999,7,2,30,2.47,4.38,1.849,64.39,1.217,83.59999999999999,1.95,13.59,6.969230769230769,0.7894736842105262,5.502024291497976,77,0.2365461089559791,0.2168733903797796,0,0,0,3,1.398148148148148,0.05233148695422855,0.8579838116261957,0.3849844353953809,0.07699688707907618,0.234516047393466,4.118551160568956,87.69835957693427,False,none,-0.06041501163600091,-0.006463528283977706,0.4734674704710036,3.299704063436379,11.38780689761608,1.193381668848365,2,straddles_peak,0,1.594917574861716,0.3189835149723432,0.4773315072749629,30.91114417332451,213.454111643252,False,none,0.1935223854424067,0.3145076728715311,0.06308404467547332,0.4396472651998372,66.84787122433107,0.2032974237039512,0,before_peak,0,-0.6172950719952038,True,-0.1127464985902294,0.1411908984881781,flat_band,median_fraction_lt_0.5,3_to_6_Rdisk
ml_0.7,F574-1,0.7,0.9799999999999999,14,1,65,4.46,5.87,6.537,128.48,3.524,97.8,0.47,12.6,26.80851063829787,0.1053811659192825,2.825112107623319,90.95,0.2292374338880627,0.2456785300119654,0,0,0,5,1.412556053811659,0.1011507015818541,1,8.204734697587719,0.6837278914656433,0.7655406445115261,2.894203832746849,102.3869441394748,False,none,-0.1136977766596648,-0.2845012273765585,0.162393537967894,4.353528890203117,8.002482689837073,1.574511372077273,5,straddles_peak,0,19.14016308127213,1.595013590106011,1.169253824370548,17.20544249664828,218.6306467201609,False,none,0.2709093253162036,0.2352631510625862,0.02731693765455661,0.7323264137179007,37.20817314055052,0.3386352765131638,0,before_peak,0,-0.367881091224787,True,-0.2148484782415189,0.1697586237343495,rising,median_fraction_lt_0.5,below_3_Rdisk
ml_0.7,F583-1,0.7,0.9799999999999999,25,1,63,2.36,3.74,0.986,60.93,2.126,85.8,0.26,16.26,62.53846153846154,0.1101694915254237,6.889830508474577,59.4,0.1371635233774252,0.2372485045914131,0,1,0.00066522957860353,2,1.049709489993544,,0.9526445264452644,7.337237204170076,0.3190103132247859,0.5417467011129861,3.31993017544408,92.86705900688509,False,none,,,0.07831490009130146,4.897693367248315,9.179617364836387,1.771315660964896,3,straddles_peak,9.066485927774704e-05,35.67904256683975,1.551262720297381,1.194638733121269,32.21894086480025,228.8909152378905,False,none,,,0.008069787305890445,0.5046720830529948,69.67608826894053,0.2333655692213739,0,before_peak,1.864482706780358e-05,-0.686880632210938,True,,,unresolved,median_fraction_lt_0.5,at_least_6_Rdisk
ml_0.7,F583-4,0.7,0.9799999999999999,12,1,55,1.93,3.31,1.715,83.34,0.641,0,0.22,7.29,33.13636363636363,0.1139896373056995,3.77720207253886,58.5,0.3185443483609843,0.2927477856022437,0,0,0,6,1.458,0.3530738675867516,1,8.601915025420109,0.8601915025420108,0.8466559230988362,2.478645402626945,64.51834495662715,False,none,0.1274166098690206,0.1562862907108687,0.08875815789012707,2.941122595541029,6.853462325057093,1.063695932688923,1,straddles_peak,0,1.324851649043003,0.1324851649043003,0.3322714313432873,42.24394650053773,222.8057627440118,False,none,0.3124772354018282,0.4162356642276755,0.005207846762072752,0.1725691040705017,91.35598086700536,0.07979773114814093,0,before_peak,0,0.812427897389482,False,-0.2256572577177309,-0.04059663218492338,rising,median_fraction_lt_0.5,3_to_6_Rdisk
ml_0.7,IC2574,0.7,0.9799999999999999,34,2,75,2.78,3.18,1.016,80.31999999999999,1.036,66.40000000000001,0.85,10.23,12.03529411764706,0.3057553956834532,3.679856115107914,43.65,0.3039176194135023,0.2630223809849054,0,0,0,13,1.497803806734993,0.6051982907421951,1,83.85587943207339,2.620496232252294,1.570461522948265,6.170995214772574,77.46573561737425,False,none,0.5776574564685458,0.6617343968337716,0.1377411536416701,1.657755296181512,17.06282115534894,0.599549154671474,0,before_peak,0,1109.387416037914,34.6683567511848,5.712183614711097,499.9999999999994,469.7108379416104,True,length_upper,0.4424289683708145,0.4889398340365992,0.001700000000000002,0.02046000000000003,1081.290793532303,0.00946091473375185,0,before_peak,0,-1.121549717367083,True,-0.02754083427364928,-0.1627693223713806,rising,median_fraction_lt_0.5,3_to_6_Rdisk
ml_0.7,IC4202,0.7,0.9799999999999999,32,1,90,4.78,8.550000000000001,179.749,8888.530000000001,12.326,242.6,0.77,25.9,33.63636363636363,0.1610878661087866,5.418410041841003,240.5,0.7235720760579746,0.559423892840438,0,4,1430.094512502119,9,1.448545861297539,0.01237231024374241,0.5447876447876447,1560.854205166128,52.0284735055376,6.98403135097785,8.634076103134603,189.789304069105,False,none,-0.1526493948950364,0.119290077600894,0.08918151644742295,2.999741916867862,23.87324754956681,1.08489638647717,2,straddles_peak,0.916225556345225,1685.252700120795,56.17509000402651,7.257006743745995,499.9999999999967,1072.930353750784,True,length_upper,-0.01679949557433468,0.4723123714443118,0.00154000000000001,0.05180000000000034,1081.290793532298,0.02395285352924479,0,before_peak,0.8485935150257368,-0.03330269286290755,True,-0.1650217051387788,-0.02917180581807708,flat_band,median_fraction_ge_0.5,3_to_6_Rdisk
ml_0.7,KK98-251,0.7,0.9799999999999999,15,2,59,1.34,1.28,0.08500000000000001,52.1,0.115,33.7,0.25,3.13,12.52,0.1865671641791045,2.335820895522388,21.8,0.4522798561466602,0.3706567376123492,0,0,0,3,1.272357723577236,0.1137613043934033,0.8913738019169329,3.156305065533604,0.2427926973487387,0.4587159662604303,1.585692072710958,35.91049189960336,False,none,0.2718498531089322,0.4800962367602445,0.157659866188642,1.973901524681798,4.384443562580008,0.7138876245810687,0,before_peak,0,23.30662147561807,1.792817036586005,1.246505020062577,499.9999999999736,465.1597996017287,True,length_upper,0.2518868687940128,0.4963134743118398,0.0005000000000000264,0.00626000000000033,1081.290793532248,0.002894688476700373,0,before_peak,0,-0.8683003505018447,True,0.1580885487155289,0.1381255644006095,rising,median_fraction_lt_0.5,below_3_Rdisk
ml_0.7,NGC0024,0.7,0.9799999999999999,29,1,64,1.34,2.01,3.889,1182.58,0.676,106.3,0.21,11.27,53.66666666666666,0.1567164179104477,8.410447761194028,92.40000000000001,0.3308038581345675,0.1524483267401734,0,0,0,3,1.327444051825677,0.1324288919340922,1,88.39741222113608,3.273978230412447,1.745905675663791,1.602327124964514,138.9716789850079,False,none,-0.5112386580447168,-0.4913905272413016,0.1310593802777013,7.033520074903302,4.430439534320973,2.543765672163108,4,straddles_peak,0,21.75951351939881,0.8059079081258818,0.8662147842152443,4.883774555334022,211.5408187259388,False,none,-0.08433578203931957,0.0146996541751085,0.04299952784893388,2.307641327892785,10.56156092874001,1.06707711824416,1,straddles_peak,0,0.6087903699503503,False,-0.643667549978809,-0.2167646739734118,rising,median_fraction_lt_0.5,at_least_6_Rdisk
ml_0.7,NGC0055,0.7,0.9799999999999999,21,2,77,6.11,3.67,4.628,391.59,1.565,85.59999999999999,1.23,13.5,10.97560975609756,0.2013093289689034,2.20949263502455,82.40000000000001,0.3953270439603165,0.3708135881543412,0,0,0,8,1.465798045602606,0.03554401520521736,0.9548148148148149,7.597483654354464,0.3998675607554981,0.6014856074102199,4.325059522609142,82.5192412208166,False,none,0.01453931982507996,0.07840500370568487,0.2843891496915141,3.121344325882472,11.95880316741396,1.128875507942599,3,straddles_peak,0,70.2987170669404,3.699932477207389,1.829633284450354,499.9999999999967,674.8906756214791,True,length_upper,0.2755134628878955,0.4853456476930926,0.002460000000000016,0.02700000000000018,1081.290793532298,0.012485078094394,0,before_peak,0,-0.9662776249444315,True,-0.0210046953801374,0.2399694476826782,flat_band,median_fraction_lt_0.5,below_3_Rdisk
ml_0.7,NGC0100,0.7,0.9799999999999999,21,1,89,1.66,2.81,3.232,1193.52,1.99,88.09999999999999,0.23,9.619999999999999,41.82608695652173,0.1385542168674699,5.795180722891566,77.8,0.365076241896366,0.2159338279183673,0,1,0.02272637945022754,7,1.343575418994413,0.303033013722083,1,2.624340018687392,0.1381231588782838,0.3535089423458015,3.372814929861643,90.49312574584997,False,none,0.05419672549722164,0.1308560885545811,0.06819229776400298,2.852216976042212,9.325843876941159,1.031542038119056,2,straddles_peak,0.008659845632958234,17.33849311154297,0.9125522690285773,0.9086487380286696,499.9999999997569,842.1334229422162,True,length_upper,0.3308259142356325,0.489048292880861,0.0004600000000002236,0.01924000000000935,1081.290793531779,0.008896774168009474,0,before_peak,0.001310747093419417,-0.8199912471825624,True,-0.2488362882248613,0.02779290051354955,rising,median_fraction_lt_0.5,3_to_6_Rdisk
ml_0.7,NGC0247,0.7,0.9799999999999999,26,2,74,3.74,5.87,7.332,506.79,1.746,104.9,1.08,14.54,13.46296296296296,0.2887700534759358,3.887700534759358,88.90000000000001,0.3153782564136522,0.3039372426303855,0,0,0,9,1.421309872922776,0.1569389704040567,0.9635488308115544,306.9588098219662,12.78995040924859,3.43600175641335,2.504607132613558,87.03607731426929,False,none,-0.3460987205008351,-0.4499823356484413,0.4312053519040408,5.805301682115512,6.925246590030205,2.099564226482884,15,straddles_peak,0,41.55402653139305,1.731417772141377,1.264211924350092,23.51374933662233,222.1452354387,False,none,0.1208130616955595,0.2637969135616721,0.04593057383315367,0.6183616143833837,50.85040135823213,0.2859367794871128,0,before_peak,0,0.8684669895617527,False,-0.5030376909048917,-0.03612590870849716,rising,median_fraction_lt_0.5,3_to_6_Rdisk
ml_0.7,NGC0289,0.7,0.9799999999999999,28,2,46,6.74,2.69,72.065,69.95999999999999,27.469,163,1.5,71.12,47.41333333333333,0.2225519287833828,10.55192878338279,175,0.3539827244475774,0.2719617140423357,0,3,0.3318074535180626,8,1.424679487179487,-0.2603796041424148,0.03543307086614173,90.78538860708099,3.491745715656961,1.800648579650052,13.52158203269399,177.8864947873185,False,none,-0.4565363275949155,-0.4089872347521588,0.1109337647305717,5.259739565092172,37.38721679915287,1.902254462589777,12,straddles_peak,0.003654855242776177,48.93210736993517,1.882004129612891,1.321958873494925,32.67372338115289,317.1683625584411,False,none,-0.1220605453036553,0.03165429115187069,0.0459084501176025,2.176672648242593,70.65959256492366,1.006515851823704,1,straddles_peak,0.006780976159672442,0.2684220368942224,False,-0.1961567234525006,0.1383190588387596,declining,median_fraction_lt_0.5,at_least_6_Rdisk
ml_0.7,NGC0300,0.7,0.9799999999999999,25,2,42,1.75,1.77,2.922,437.35,0.9360000000000001,93.3,0.91,11.8,12.96703296703297,0.52,6.742857142857143,88.2,0.2711947303320965,0.1806276122596289,0,0,0,9,1.444308445532436,0.09023635217363922,0.8076271186440677,32.0829705241669,1.3949117619203,1.1328366258939,3.057509068899747,100.9558228069786,False,none,-0.2437279756684743,-0.1628254379934394,0.2976278988855023,3.859350776757062,8.454022180831737,1.395785313499033,8,straddles_peak,0,14.95445932620123,0.6501938837478798,0.7734199202555164,31.15058586277301,259.8195893345153,False,none,0.1644651956220553,0.3360540494025103,0.02921293371523743,0.3788050745492326,67.36568341310804,0.1751633680851808,0,before_peak,0,0.3315038564144211,False,-0.3339643278421135,0.07422884344841608,flat_band,median_fraction_lt_0.5,at_least_6_Rdisk
ml_0.7,NGC0801,0.7,0.9799999999999999,13,1,80,8.720000000000001,7.76,312.57,1558.94,23.201,220.1,1.17,59.82,51.12820512820513,0.1341743119266055,6.860091743119265,219,0.8482355279012345,0.5065788880315499,0,2,55.06838827720784,3,1.306113537117904,0.03562389938036974,0.05884319625543297,62.34988196124496,5.668171087385906,2.190010220581085,27.25904672731961,188.8367517375952,False,none,-0.01231123401299012,0.3960808606165018,0.04292153029795427,2.194500805490278,75.37134983675332,0.7936702756360876,0,before_peak,0.883215597929069,71.42431929912406,6.493119936284006,2.343966383637984,499.9999999999856,680.5386361427259,True,length_upper,-0.001855020671124223,0.4362496817836198,0.002340000000000067,0.1196400000000034,1081.290793532274,0.05532276826716043,0,before_peak,0.7710033335646111,-0.05901047445998432,True,-0.04793513339335986,-0.03747892005149397,flat_band,median_fraction_ge_0.5,at_least_6_Rdisk
ml_0.7,NGC0891,0.7,0.9799999999999999,18,1,90,2.55,3.68,138.34,5067.92,4.462,216.1,0.92,17.11,18.59782608695652,0.3607843137254902,6.709803921568628,222.5,1.016078602895434,0.7689297834313745,0,9,979.507847152522,7,1.477547495682211,-0.1760078947369231,0.05376972530683811,1090.00990286753,68.12561892922064,7.781780369225463,266.1003028841403,2999.999999999171,True,excess_amplitude_upper,-0.1772941981317292,0.999430774914463,0.003457342926815708,0.06429906247588778,735.7681734426046,0.02325460738529037,0,before_peak,0.8986228882652293,1219.980279279254,76.24876745495338,8.232659484163108,499.9999999999967,681.5235156419627,True,length_upper,-0.3174608590431687,0.4815890910827734,0.001840000000000012,0.03422000000000022,1081.290793532298,0.01582368045889492,0,before_peak,0.8028882628588065,-0.04892236687917118,True,-0.001286303394806149,-0.1414529643062456,declining,median_fraction_ge_0.5,at_least_6_Rdisk
ml_0.7,NGC1003,0.7,0.9799999999999999,36,1,67,1.61,2.76,6.82,1345.33,5.88,109.8,1.25,30.24,24.192,0.7763975155279502,18.78260869565217,103.5,0.2377490441220414,0.1383653396045919,0,1,0.008899051757779247,13,1.490389354361755,0.1996471982892928,1,265.5179952940401,7.809352802765886,2.71578715463471,8.711091308726902,121.5376806777404,False,none,-0.02341874873864365,-0.0341415495548358,0.1434952241572455,3.471436462812084,24.08619483497679,1.255490965143525,8,straddles_peak,3.351581405216717e-05,76.19352388873803,2.240985996727589,1.454815031090608,42.07509191989921,255.6093784665456,False,none,0.2108580937169996,0.2424641478962802,0.02970878833443068,0.7187150073865469,90.99081906002496,0.3323412220308868,0,before_peak,0.0001167953823841267,0.5421759006104599,False,-0.2230659470279365,0.01121089542770681,rising,median_fraction_lt_0.5,at_least_6_Rdisk
ml_0.7,NGC1090,0.7,0.9799999999999999,24,1,64,3.53,6.36,72.045,2055.09,8.782999999999999,164.4,0.35,30.09,85.97142857142858,0.09915014164305949,8.524079320113314,165,0.649977732676449,0.4497955568519704,0,3,21.14815982732793,9,1.49478390461997,-0.07616739982475483,0.3748753738783649,61.55272703307305,2.797851228776048,1.601467127265301,10.03830091217397,142.7236980956079,False,none,-0.1033229923914958,0.1342543271195175,0.03486645828434341,2.997519227931123,27.755933558006,1.084092521590604,2,straddles_peak,0.3435779509162081,66.06850016636736,3.003113643925789,1.659172737721615,69.39252029435464,346.3447000118006,False,none,-0.005158106693708655,0.3203752300549838,0.005043771266922465,0.4336202212048486,150.0669866685786,0.2005104564833667,0,before_peak,0.3200944440099997,-0.03074714923455383,True,-0.02715559256674098,0.07100929313104618,flat_band,median_fraction_ge_0.5,at_least_6_Rdisk
ml_0.7,NGC2403,0.7,0.9799999999999999,73,1,63,1.39,2.16,10.041,1408.74,3.199,131.2,0.16,20.87,130.4375,0.1151079136690648,15.01438848920863,114,0.6021750561711297,0.1920848883542388,0,0,0,14,1.448299791811242,0.02810722290984412,0.8332534738859607,2527.486577098418,35.59840249434392,5.884140021776227,4.06724286624751,130.2137057841419,False,none,-0.4204788343787358,-0.3925075105264131,0.03933868845840968,5.131240175793812,11.2459393026296,1.8557809568757,20,straddles_peak,0,1069.468080668328,15.06293071363842,3.827564196769017,19.34170213460622,277.0875383922465,False,none,0.03226790114423302,0.1672006052730909,0.008272281254591738,1.07901568614581,41.82800889878766,0.498947966911351,0,before_peak,0,0.3735210306777569,False,-0.4485860572885799,0.004160678234388905,flat_band,median_fraction_ge_0.5,at_least_6_Rdisk
ml_0.7,NGC2683,0.7,0.9799999999999999,11,2,80,2.18,3.34,80.41500000000001,10205.4,1.406,154,2.89,34.62,11.97923875432526,1.325688073394495,15.88073394495413,172,0.5200136645333334,0.3444912832466181,0,1,0.1177137447158545,3,1.2,-0.3177853212780206,0.1666666666666667,10.8236909770982,1.202632330788689,0.991953581075711,6.811464850337032,154.1821304878162,False,none,-0.4715433954714141,-0.4358314707443591,0.4242846529343835,5.082607157297009,18.83372170975338,1.838192181743421,5,straddles_peak,0.01087556407189789,12.63278455603896,1.403642728448773,1.07165057721251,20.77550608995498,276.2209085208702,False,none,-0.1365496762968023,0.06655154059380282,0.1391061179201465,1.666385398752758,44.92872693208531,0.7705537718068869,0,before_peak,0.009318115431611854,-0.06712370519457382,True,-0.1537580741933935,0.1812356449812184,declining,median_fraction_ge_0.5,at_least_6_Rdisk
ml_0.7,NGC2841,0.7,0.9799999999999999,50,1,76,3.64,5.51,188.121,4751.49,9.775,284.8,3.44,63.64,18.5,0.945054945054945,17.48351648351648,301,0.5298463879856706,0.1952152959861174,0,0,0,11,1.477251624883937,0.1799445476041657,0.1346637335009428,927.7661496464954,19.32846145096865,4.307589000001034,10.8253292770908,305.7081467798222,False,none,-0.4272838797795155,-0.4468707120099911,0.317773243838405,5.878805011010493,29.93206945949164,2.12614767870049,17,straddles_peak,0,104.1021874348902,2.168795571560212,1.442928878599983,20.52456266321716,525.7818845240404,False,none,-0.1047114348504816,-0.03006990426536347,0.1676040584370138,3.100675081084755,44.3860412980272,1.433784093803125,10,straddles_peak,0,0.949978667692752,False,-0.6072284273836812,-0.2846559824546473,rising,median_fraction_ge_0.5,at_least_6_Rdisk
ml_0.7,NGC2903,0.7,0.9799999999999999,34,1,66,2.33,4.54,81.863,1193.52,2.552,184.6,0.32,24.96,78,0.1373390557939914,10.71244635193133,189.5,0.7418914332566025,0.3934914837764414,0,14,899.1673941967579,9,1.444444444444444,-0.1355678141623872,0.1538461538461538,1165.27426812387,36.41482087887094,5.854295225890008,7.908477069560947,168.667828403014,False,none,-0.1670942037514455,0.05734873031712116,0.04046291051808858,3.156107020410909,21.86696394222851,1.141447896742463,4,straddles_peak,0.7716358447049955,1494.69984941079,46.70937029408717,6.630366526579652,499.9999999995953,1041.276897103449,True,length_upper,0.09689641117542991,0.4731800708365774,0.0006400000000005181,0.04992000000004041,1081.29079353143,0.02308352216565367,0,before_peak,0.6015705390959994,-0.1081258344050441,True,-0.03152638958905832,0.2324642253378171,declining,median_fraction_ge_0.5,at_least_6_Rdisk
ml_0.7,NGC2915,0.7,0.9799999999999999,30,2,56,0.55,0.53,0.641,313.93,0.508,83.5,0.34,10.04,29.52941176470588,0.6181818181818182,18.25454545454545,81.15000000000001,0.09788732700226918,0.08665224874418506,0,3,6.566284954946848,10,1.43019943019943,0.289286389231339,1,30.71424902725008,1.096937465258931,1.011834127171216,2.06905329128569,98.15842146653898,False,none,-0.3256878886383694,-0.3623749375978615,0.1643263619318027,4.852460805280291,5.720938850443579,1.75495670596471,13,straddles_peak,0.2137862771484713,31.40153454788344,1.121483376710123,1.023092282378663,5.937863874122866,176.2530553490055,False,none,0.0773323805276359,0.0801555462818916,0.05725964879082453,1.690843746646701,12.84111508067424,0.7818635637889506,0,before_peak,0.2091071359883409,-0.009610970786307457,True,-0.6149742778697085,-0.2119540087037031,rising,median_fraction_lt_0.5,at_least_6_Rdisk
ml_0.7,NGC2955,0.7,0.9799999999999999,24,1,56,18.76,7.22,319.422,50.68,28.949,0,0.75,35.43,47.24,0.03997867803837953,1.888592750533049,255.5,1.145248172607405,0.70050274011989,0,13,507.8631911821756,4,1.428629032258064,-0.3549683109307632,0.34998588766582,548.0405403474911,24.91093365215869,4.778600476549467,452.8417057078293,2999.999999999065,True,excess_amplitude_upper,-0.08341414202535459,0.9991236236465494,0.001656207876939443,0.07823926010661929,1252.108738907945,0.02829626445295884,0,before_peak,0.9266890928546261,578.9141385332504,26.31427902423865,4.911356476462021,499.9466579249566,0.0010016859922178,False,none,-0.423775000455535,0.4621889540144424,0.001500160043299214,0.07086756044545485,1081.175436943,0.03276988987113651,0,before_peak,0.877268591969284,-0.02380147040237137,True,0.2715541689054086,-0.06880668952477181,declining,median_fraction_ge_0.5,below_3_Rdisk
ml_0.7,NGC2976,0.7,0.9799999999999999,27,2,61,1.01,1.31,3.371,1502.55,0.172,85.40000000000001,0.11,2.27,20.63636363636364,0.1089108910891089,2.247524752475248,49.2,0.7851526113746392,0.755017483724261,0,3,2.149302770065153,6,1.455128205128205,0.2977639376306573,0.9251101321585904,9.02881242545442,0.3611524970181768,0.5782736897023896,3.412028210793462,143.9142423057691,False,none,0.2196912660258206,0.9396317005637819,0.03223888936557757,0.6652934441805552,9.434268721908202,0.2406121838281561,0,before_peak,0.2380493323801639,30.81772476721733,1.232708990688693,1.068361930059585,499.9999999999266,783.3882838552719,True,length_upper,0.03596352721937699,0.4974938646037258,0.0002200000000000323,0.004540000000000667,1081.290793532146,0.002099342761057657,0,before_peak,0.06974242213855762,-0.5331699415631628,True,-0.07807267160483672,-0.2618004104112803,rising,median_fraction_ge_0.5,below_3_Rdisk
ml_0.7,NGC2998,0.7,0.9799999999999999,13,1,58,6.2,7.06,150.902,774.16,23.451,209.9,0.33,42.28,128.1212121212121,0.05322580645161291,6.819354838709677,206,0.5171515932098765,0.3971573823535895,0,0,0,3,1.308168316831683,-0.1747503217707476,0.2956480605487228,41.08212142571161,3.734738311428329,1.777684782685952,12.6915827488278,188.6479822719982,False,none,-0.2075258498716788,-0.05596002913716101,0.02600148512055985,3.331341790597789,35.09226617177688,1.20482387181948,2,straddles_peak,0,27.50921309687092,2.500837554260993,1.454679798149379,37.89929674315779,367.9113443694167,False,none,-0.08346289441073135,0.1521318012975467,0.008707285579370996,1.115587982714563,81.96032129945077,0.5158593735318034,0,before_peak,0,0.174174694348769,False,-0.03277552810093126,0.09128742736001622,declining,median_fraction_ge_0.5,at_least_6_Rdisk
ml_0.7,NGC3109,0.7,0.9799999999999999,25,1,70,1.56,1.64,0.194,140.87,0.477,66.2,0.26,6.45,24.80769230769231,0.1666666666666667,4.134615384615385,50.6,0.1562567959547252,0.117479558080321,0,0,0,9,1.472602739726028,0.4170770076097204,1,8.220751508747011,0.3574239786411744,0.5734370587517695,2.425022871818318,71.79974246096837,False,none,0.2558397556075189,0.2574081182717038,0.1072154836234794,2.659768728351702,6.705195858913267,0.9619405809639352,0,before_peak,0,202.7394142928555,8.814757143167633,2.847731829318593,499.9999999971004,733.9649575716946,True,length_upper,0.458131152716318,0.4929373167645112,0.0005200000000030156,0.01290000000007481,1081.290793526034,0.005965092867356132,0,before_peak,0,-1.392026666651598,True,-0.1612372520022015,0.04105414510659766,rising,median_fraction_lt_0.5,3_to_6_Rdisk
ml_0.7,NGC3198,0.7,0.9799999999999999,43,1,73,3.14,5.84,38.279,1602.62,10.869,150.1,0.32,44.08,137.75,0.1019108280254777,14.03821656050955,146,0.6087730010643714,0.2424594413908023,0,5,4.060282224244975,8,1.465425531914894,0.06462344620468971,0.3187386569872959,465.2463129496372,11.34747104755213,3.289328456767915,7.797177765143759,159.9646225521604,False,none,-0.3799928912062198,-0.4338149282116229,0.04104049050035992,5.653327566424578,21.55922101586242,2.044600775119272,12,straddles_peak,0.008727166903275381,112.9970510346613,2.756025634991738,1.621060886011045,30.55508102542661,291.1784547847046,False,none,0.02691989940719474,0.1131047302958481,0.01047288991751355,1.442640586137492,66.07785561685482,0.6670918659284744,0,before_peak,0.0359326388349684,0.614615830521808,False,-0.4446163374109094,-0.03770354679749498,flat_band,median_fraction_ge_0.5,at_least_6_Rdisk
ml_0.7,NGC3521,0.7,0.9799999999999999,41,1,75,2.4,2.45,84.836,2112.66,4.154,213.7,0.51,17.74,34.78431372549019,0.2125,7.391666666666667,213,1.131448296488631,0.4671982602036007,0,31,74.49780614314822,3,1.331831831831832,0,0.2322435174746336,98.0221878929087,2.513389433151505,1.546216372490845,179.6836088665834,2999.999999999923,True,excess_amplitude_upper,0.2805512006032948,0.9985292520994097,0.002838322333444891,0.09872909450061246,496.825743001516,0.03570668438560735,0,before_peak,0.7600096237857763,166.3218180061616,4.26466200015799,2.01410767027668,499.9999999999994,1036.846985680484,True,length_upper,-0.07098613850596831,0.4800271355410371,0.001020000000000001,0.03548000000000004,1081.290793532303,0.01640631743663322,0,before_peak,0.4479136113121873,-0.2296248315673021,True,0.2805512006032948,-0.07098613850596831,flat_band,median_fraction_ge_0.5,at_least_6_Rdisk
ml_0.7,NGC3726,0.7,0.9799999999999999,12,2,53,3.4,7.52,70.23399999999999,1789.91,6.473,168,3.5,32.52,9.291428571428572,1.029411764705882,9.564705882352943,159,0.8305611654940683,0.3421292567002606,0,3,8.520132986599165,4,1.458295964125561,0.1652608412889468,0.9249692496924968,19.81207571776982,1.981207571776981,1.284914903724815,51.4679222226444,426.4459587119818,False,none,0.3175788543216371,0.9461073914619336,0.06800352236601657,0.6318498706693884,142.3089666347692,0.228516872611839,0,before_peak,0.4300474674118725,48.06871807817587,4.806871807817587,2.00143111460641,499.9999999999914,663.9966534901999,True,length_upper,-0.05137608393401254,0.4659064974215797,0.00700000000000012,0.06504000000000112,1081.290793532286,0.0300751658984961,0,before_peak,0.1772490161427349,-0.3849325611899267,True,0.1523180130326903,-0.2166369252229594,rising,median_fraction_ge_0.5,at_least_6_Rdisk
ml_0.7,NGC3741,0.7,0.9799999999999999,21,1,70,0.2,0.32,0.028,143.49,0.182,50.1,0.23,7,30.43478260869565,1.15,35,36.5,0.1102968511915932,0.08173777740172378,0,0,0,6,1.498929336188437,0.2153066538349309,1,35.59638936762016,1.873494177243166,1.3019470651155,1.949787068836954,54.89071860443047,False,none,-0.06579158839855134,-0.06415294112278451,0.1179615988207342,3.590135616283214,5.391167370691776,1.298420085797074,4,straddles_peak,0,7.120155326311865,0.3747450171743087,0.5822843081679775,30.13184616609817,173.2218489231861,False,none,0.3531593160918348,0.3917230382539661,0.007633120079405448,0.2323123502427745,65.16257570306726,0.1074236235212308,0,before_peak,0,0.6989164807302656,False,-0.2810982422334822,0.1378526622569039,rising,median_fraction_lt_0.5,at_least_6_Rdisk
ml_0.7,NGC3769,0.7,0.9799999999999999,12,2,70,3.38,2.18,18.679,160.26,5.529,118.6,1.74,37.16,21.35632183908046,0.514792899408284,10.99408284023669,118,0.4483037429964793,0.1978666027096875,0,2,6.002458638505978,3,1.16781898177247,,0.2346609257265878,19.91626206629666,1.991626206629666,1.288288983700754,7.768283097794159,131.6392006233994,False,none,,,0.2239877175040237,4.783553783016965,21.47932716986668,1.730035568904212,3,straddles_peak,0.3013847989409444,25.33822368905885,2.533822368905885,1.453106548314646,29.41035004234205,242.8759697931961,False,none,,,0.05916284564770306,1.263500772568187,63.60228147069379,0.5842557710311432,0,before_peak,0.2368934267913131,-0.1045683335674674,True,,,unresolved,median_fraction_lt_0.5,at_least_6_Rdisk
ml_0.7,NGC3877,0.7,0.9799999999999999,13,2,76,2.53,4.39,72.535,3410.59,1.483,168.4,0.87,11.35,13.04597701149425,0.3438735177865613,4.486166007905139,162,0.95321903633218,0.9843128328840026,0,3,30.97804238820419,5,1.445859872611465,-0.004298535685289304,0.7682819383259912,62.97349177278318,5.724862888434834,2.200934972177177,1.491653943101926,76.37559053950065,False,none,-0.1342367634333596,-0.4932336227482554,0.5832451984076256,7.609003450490287,4.124427838785355,2.751896855429668,9,straddles_peak,0.4919219423305465,80.98243191681625,7.362039265165114,2.495880173356705,4.09970921453421,111.3178752742306,False,none,-0.09402068164667168,-0.01116908135996003,0.21221017259363,2.768489033261725,8.865955659670796,1.280177843842436,3,straddles_peak,0.3825279342070673,-0.1092330397101696,True,-0.1299382277480703,-0.08972214596138238,flat_band,median_fraction_ge_0.5,3_to_6_Rdisk
ml_0.7,NGC3893,0.7,0.9799999999999999,10,1,49,2.38,2.43,58.525,2055.09,5.799,174,1.74,19.05,10.94827586206897,0.73109243697479,8.004201680672269,182.5,0.6206711212312079,0.442096886437238,0,2,13.79540602041001,4,1.451981707317073,-0.282836361529358,0.2750656167979003,18.56656213481864,2.32082026685233,1.362591726630491,6.039868534934773,156.649548001822,False,none,-0.1870165097877319,0.06631918912416154,0.2880857405977945,3.154042159993095,16.70025547365613,1.140701112629713,2,straddles_peak,0.7430242561997473,29.32526132668542,3.665657665835678,1.712462009116857,499.999999999971,1088.645340834509,True,length_upper,0.0468111683978505,0.479473646500336,0.003480000000000202,0.03810000000000222,1081.290793532242,0.01761783242209022,0,before_peak,0.4704273856839072,-0.1985103956065779,True,0.09581985174162605,0.3296475299272085,declining,median_fraction_ge_0.5,at_least_6_Rdisk
ml_0.7,NGC3917,0.7,0.9799999999999999,17,1,79,2.63,5.56,21.966,1226.96,1.888,135.9,0.87,14.86,17.08045977011494,0.3307984790874525,5.650190114068441,134,0.472522342790052,0.4179014667803292,0,1,2.002270966483999,6,1.419293218720153,0.02451240158642968,0.9380888290713324,29.11168280988339,1.940778853992226,1.308606866095827,3.705375204170701,121.3850324766341,False,none,-0.3046009111664572,-0.2081979856119983,0.2347940362478662,4.010390090394587,10.24537408016112,1.450410681321487,6,straddles_peak,0.06877894965948962,51.72726862773683,3.448484575182455,1.744356760388749,39.97206163856172,326.375432337102,False,none,0.03034465441688258,0.3375184505556681,0.02176520210207763,0.3717596588929581,86.4428444965652,0.171905495319401,0,before_peak,0.03870822913333483,-0.2496522361256612,True,-0.3291133127528869,0.0058322528304529,flat_band,median_fraction_lt_0.5,3_to_6_Rdisk
ml_0.7,NGC3949,0.7,0.9799999999999999,7,2,55,3.59,2.39,38.067,185.71,3.371,163,1.74,7.07,4.063218390804598,0.4846796657381616,1.969359331476323,157,1.049623781897846,0.7752516492194673,0,4,15.49957965144993,3,1.349236641221374,0.1618779850132859,1,20.65191783382591,4.130383566765182,1.717636159453114,499.9999999999918,2549.581527053981,True,length_upper,-0.3495079410461561,0.9999701349621127,0.003480000000000057,0.01414000000000023,1382.501570776011,0.005113918240274797,0,before_peak,0.7505152681782935,20.68506907809782,4.137013815619563,1.719014214106355,499.6800629573671,0.0010024129180532,False,none,-0.3704022853339072,0.4919449778554441,0.003482228187576212,0.01414905361273783,1080.598903574887,0.006542668122844379,0,before_peak,0.7493124433343813,-0.0006965870818222399,True,-0.511385926059442,-0.5322802703471931,rising,median_fraction_ge_0.5,below_3_Rdisk
ml_0.7,NGC3953,0.7,0.9799999999999999,8,1,62,4.89,6.17,141.301,1999.08,2.832,220.8,3.5,15.68,4.48,0.7157464212678937,3.206543967280164,219.5,0.8278969920160235,0.8166128803557806,0,0,0,4,1.497612225405922,-0.08437965810163926,0.6677295918367347,3.807175533956136,0.6345292556593559,0.6898528406439427,3.420628044203205,114.611661020187,False,none,-0.2644395457707368,-0.2975980138776307,1.023203913074181,4.583953530572328,9.458047288302966,1.657847494523727,4,straddles_peak,0,2.717835551222334,0.4529725918703891,0.582863143373118,10.06053560819004,213.4828732393177,False,none,-0.1884605798433377,0.1010002804383018,0.3478940024973159,1.558565131187975,21.75672906227963,0.7206965695585621,0,before_peak,0,0.1463797256709225,False,-0.1800598876690975,-0.1040809217416984,flat_band,median_fraction_ge_0.5,3_to_6_Rdisk
ml_0.7,NGC3972,0.7,0.9799999999999999,10,1,77,2.18,3.73,14.353,1587.93,1.214,132.7,0.87,8.720000000000001,10.02298850574713,0.3990825688073394,4,113,0.4882497374383106,0.4516249913424135,0,1,0.02150991456783098,4,1.427168576104746,0.2473368676839975,0.900229357798165,13.25778727737372,1.657223409671715,1.151424651350392,3.049028194888977,114.0183735777509,False,none,-0.05152187355084032,0.1647610732058773,0.2853368169760985,2.859927636817907,8.43057253754885,1.034330700692281,1,straddles_peak,0.001622436242022126,10.45665979573012,1.307082474466265,1.022578104387636,499.9999999999945,1131.42304569807,True,length_upper,0.1271087884143843,0.4903650946901263,0.001740000000000019,0.01744000000000019,1081.290793532293,0.008064435628378979,0,before_peak,0.00205705406774488,0.1030780678267654,False,-0.2988587412348378,-0.1202280792696132,rising,median_fraction_lt_0.5,3_to_6_Rdisk
ml_0.7,NGC3992,0.7,0.9799999999999999,9,1,56,4.96,9.99,226.932,3257.09,16.599,241,9.19,46.02,5.007616974972797,1.852822580645161,9.278225806451614,248,0.4694121305383379,0.3689105167108629,0,0,0,4,1.433198380566802,-0.05982923559527019,0.3987396784006954,35.1875311098506,5.026790158550085,1.977302627033173,9.650917594152771,233.6424899280936,False,none,-0.4307035276989483,-0.3458193421823347,0.9522410600177511,4.768458496410981,26.68481746669253,1.724576158613087,5,straddles_peak,0,4.172358568452506,0.5960512240646437,0.6808784006669054,18.24380549501303,410.5374755514687,False,none,-0.2095931417613655,0.005208510857210726,0.5037326232463999,2.522500035016249,39.45371784150333,1.166429997418121,2,straddles_peak,0,0.9260071719568957,False,-0.3708742921036781,-0.1497639061660954,flat_band,median_fraction_lt_0.5,at_least_6_Rdisk
ml_0.7,NGC4010,0.7,0.9799999999999999,12,2,89,2.81,6.63,17.193,2611.14,2.832,125.8,0.87,10.47,12.03448275862069,0.3096085409252669,3.725978647686833,109.5,0.5264912487566162,0.4800537830978554,0,1,0.6292644914288267,4,1.33375796178344,-0.19880033900188,0.7497612225405921,16.28363521118282,1.628363521118282,1.164890381508879,4.719604705299356,113.1861533083562,False,none,0.07002256935298339,0.3948672501409274,0.1843374719546173,2.218406128005567,13.04972183703664,0.8023159520753089,0,before_peak,0.03864398110544002,29.64915886978302,2.964915886978302,1.571866164515473,499.9999999998351,917.1559426509372,True,length_upper,0.1058551107190026,0.4880846406220269,0.001740000000000574,0.02094000000000691,1081.290793531948,0.00968287167765537,0,before_peak,0.02122368780148237,-0.260261012505,True,0.2688229083548634,0.3046554497208827,declining,median_fraction_ge_0.5,3_to_6_Rdisk
ml_0.7,NGC4013,0.7,0.9799999999999999,36,2,89,3.53,4.11,79.09399999999999,10205.4,2.967,172.9,5.49,31.01,5.648451730418944,1.555240793201133,8.784702549575071,178,0.5731926402235448,0.3497877517990152,0,3,0.6826305298456176,15,1.491582491582492,0.08226160237473439,0.1770396646243147,42.12613226697282,1.239003890205083,1.08174411981265,17.05660981785899,198.3058789461644,False,none,0.1958261275698217,0.6000934128765646,0.321869354967113,1.818063515032819,47.16157973060795,0.6575267448022836,0,before_peak,0.01620444349173742,122.0588593008439,3.58996645002482,1.841337521875847,499.9999999999914,861.3168490006116,True,length_upper,0.09819174106105492,0.4674068830628091,0.01098000000000019,0.06202000000000107,1081.290793532286,0.02867868679312312,0,before_peak,0.005592634027187719,-0.4620177199357695,True,0.1135645251950873,0.01593013868632054,flat_band,median_fraction_ge_0.5,at_least_6_Rdisk
ml_0.7,NGC4051,0.7,0.9799999999999999,7,2,49,4.65,6.87,95.268,1320.78,2.697,157,1.74,12.19,7.005747126436781,0.3741935483870967,2.621505376344086,153,1.001348938763377,1.024059918620341,0,4,2.977555029539791,3,1.397935779816514,-0.1551729592520447,0.7153404429860543,7.140584074379174,1.428116814875835,1.009991801549411,1.83837776639652,37.09425684434962,False,none,-0.3743419856602881,-0.4806600889848199,0.9464866426287593,6.630846076807226,5.083120299445852,2.398133288588295,5,straddles_peak,0.4169904028192076,7.643590694811462,1.528718138962292,1.044960060399539,3.528659648727027,53.48680755273814,False,none,-0.3638005145907072,-0.05282704094881756,0.4931050804595761,3.454569500461053,7.631014383354941,1.597428518361765,3,straddles_peak,0.389549250924828,-0.02956368607976479,True,-0.2191690264082435,-0.2086275553386625,declining,median_fraction_ge_0.5,below_3_Rdisk
ml_0.7,NGC4068,0.7,0.9799999999999999,6,2,44,0.59,1.11,0.236,261.11,0.154,0,0.21,2.33,11.0952380952381,0.3559322033898305,3.949152542372881,26.45,0.6684480894129817,0.4838222863863495,0,2,0.2678471018657142,2,1.219895287958115,,1,1.729902054130842,0.4324755135327104,0.5369515890858383,135.3141117472365,2999.999999998239,True,excess_amplitude_upper,,,0.001551944562827822,0.01721919443518488,374.1439440774365,0.00622754968210246,0,before_peak,0.1548336804538273,8.459331471654011,2.114832867913503,1.187387290907647,499.9999999999994,505.4995714659002,True,length_upper,,,0.0004200000000000005,0.004660000000000006,1081.290793532303,0.002154831997032435,0,before_peak,0.03166291600739738,-0.6893145283812964,True,,,unresolved,median_fraction_ge_0.5,3_to_6_Rdisk
ml_0.7,NGC4085,0.7,0.9799999999999999,7,2,82,1.65,2,21.724,5021.46,1.349,131.5,0.87,6.2,7.126436781609196,0.5272727272727273,3.757575757575758,127,1.030869004142012,0.923036648199446,0,4,51.67421291950221,3,1.393258426966292,0.1358221231953212,1,56.38756776620308,11.27751355324061,2.838197812652123,286.9307713563776,2999.999999999992,True,excess_amplitude_upper,-0.2265763267469067,0.9999324349994562,0.003032090270023464,0.02160799962545457,793.3644842083422,0.007814819195223571,0,before_peak,0.9164114532082034,58.300954591725,11.660190918345,2.885950068663326,452.9777690301951,0.0013897992472819,False,none,-0.306761913467187,0.4923328213924098,0.001920624055928022,0.01368720591580889,979.6013826543054,0.006329104990849056,0,before_peak,0.8863356231706819,-0.01449230370741998,True,-0.3623984499422279,-0.4425840366625082,rising,median_fraction_ge_0.5,3_to_6_Rdisk
ml_0.7,NGC4088,0.7,0.9799999999999999,12,1,69,2.58,6.1,107.286,3988.69,8.226000000000001,171.7,1.74,21.48,12.3448275862069,0.6744186046511628,8.325581395348838,171,1.217315011824855,0.8012940943482786,0,8,115.0223933690352,4,1.369897959183674,0.1345896577176099,0.4059590316573557,138.829809402278,13.8829809402278,3.4013454372532,499.9999999999994,2731.113961315896,True,length_upper,-0.3524128533284853,0.9997280274947535,0.003480000000000004,0.04296000000000005,1382.501570776032,0.01553705287144285,0,before_peak,0.828513659020754,150.0144482084463,15.00144482084463,3.535704175602156,499.9999999999994,239.5553549498045,True,length_upper,-0.514961419453387,0.4762411042531201,0.003480000000000004,0.04296000000000005,1081.290793532303,0.01986514647908013,0,before_peak,0.7667421021287941,-0.03365036146676043,True,-0.4870025110460952,-0.6495510771709969,rising,median_fraction_ge_0.5,at_least_6_Rdisk
ml_0.7,NGC4100,0.7,0.9799999999999999,24,1,73,2.15,4.93,59.394,8970.780000000001,3.102,158.2,2.61,22.76,8.720306513409962,1.213953488372093,10.58604651162791,178.5,0.5039746094325943,0.4106960683625803,0,0,0,9,1.451530612244898,-0.3734009460632017,0.3449033391915641,32.20233972779154,1.463742714899615,1.158345438685994,5.11825068328357,155.1555372868424,False,none,-0.4095493982436885,-0.2928584837191196,0.5099398527947007,4.446831819772946,14.15197921853009,1.608255612063003,10,straddles_peak,0,25.18430684142845,1.14474122006493,1.024375965352981,13.09715439555081,285.2586205280761,False,none,-0.185928357188211,0.07610159220458332,0.1992799291490855,1.737782064150647,28.3236649387605,0.8035683252576996,0,before_peak,0,0.1067574253253451,False,-0.03614845218048679,0.1874725888749907,declining,median_fraction_ge_0.5,at_least_6_Rdisk
ml_0.7,NGC4138,0.7,0.9799999999999999,7,2,53,1.51,1.91,44.111,3952.12,1.483,147.3,2.61,18.58,7.118773946360153,1.728476821192053,12.3046357615894,162,0.5698012421886908,0.4520023144060345,0,1,2.601815408582205,3,1.379361544172234,0.1046212320762583,0.2820236813778256,5.754642318975932,1.150928463795186,0.9066927593477874,3.682170802949288,130.0898442679723,False,none,-0.4469866398199928,-0.3933000016988032,0.708821002520981,5.045936485379244,10.18121383788608,1.824929747655487,4,straddles_peak,0.4521246090313413,7.160365130218206,1.432073026043641,1.01138978851721,12.85871730098647,241.2473621939423,False,none,-0.1709118086843562,0.1077630123584095,0.2029751443248364,1.444934169178338,27.80802526838248,0.6681524423499904,0,before_peak,0.3633635102771521,-0.09491683381703961,True,-0.5516078718962512,-0.2755330407606145,rising,median_fraction_ge_0.5,at_least_6_Rdisk
ml_0.7,NGC4157,0.7,0.9799999999999999,17,1,82,2.32,4.44,105.62,23813.87,8.226000000000001,184.7,1.74,29.61,17.01724137931035,0.75,12.76293103448276,185,0.749737200555293,0.4547001337437853,0,6,24.80705259033557,6,1.416746411483254,0.01746979194717597,0.2357311719013847,38.13977860558481,2.542651907038987,1.497837237006682,93.902807412697,884.4912206600885,False,none,0.2739055713199605,0.9858594152108178,0.01852979743569123,0.3153260356728835,259.641557496666,0.1140418363126643,0,before_peak,0.6504246615291855,71.26254883525509,4.750836589017006,2.04741657641232,499.9999999999985,778.6864223867618,True,length_upper,-0.06333859863091382,0.4681518109807523,0.00348000000000001,0.05922000000000018,1081.290793532302,0.02738393795370408,0,before_peak,0.3481078490145584,-0.2714831839108492,True,0.2564357793727846,-0.08080839057808979,flat_band,median_fraction_ge_0.5,at_least_6_Rdisk
ml_0.7,NGC4183,0.7,0.9799999999999999,23,1,82,2.79,4.47,10.838,1098.58,3.506,110.6,0.87,21.02,24.16091954022988,0.3118279569892473,7.534050179211469,109,0.3873407799691584,0.2930298814181752,0,0,0,8,1.496085409252669,0.08655046204247313,0.4567078972407231,44.56313480215641,2.122054038197924,1.391951004918548,3.783916935443808,111.4883677147739,False,none,-0.4191474276099615,-0.4208443086336545,0.229920480508106,5.555090230207341,10.4625422138742,2.009071941628654,12,straddles_peak,0,3.534211168489214,0.1682957699280578,0.3919966264544951,9.950086669282324,196.5066942480738,False,none,-0.09581766334592913,0.0420145178905806,0.08743642431636739,2.112544412793152,21.51787422068698,0.9768622952443724,0,before_peak,0,1.100683238803723,False,-0.5056978896524347,-0.1823681253884022,flat_band,median_fraction_lt_0.5,at_least_6_Rdisk
ml_0.7,NGC4217,0.7,0.9799999999999999,19,1,86,2.94,5.28,85.29900000000001,4373.51,2.562,181.3,0.87,16.72,19.2183908045977,0.2959183673469388,5.687074829931973,179,1.159263184819944,0.8101948668892979,0,11,1388.423090574163,7,1.473127753303965,-0.1753679193855587,0.5741626794258373,1421.147682326193,83.59692248977608,8.648540133353183,440.4784008736222,2999.999999987368,True,excess_amplitude_upper,-0.3422902066295929,0.9998014835620308,0.001975125223562578,0.03795872843444403,1217.924162201396,0.01372827678348923,0,before_peak,0.9769731237935348,1433.671091631687,84.33359362539332,8.686562798010096,499.6279349382327,0.0010041026844905,False,none,-0.497236409069693,0.4819787923157914,0.001741295750622021,0.03346490224183929,1080.486172480537,0.01547451547817118,0,before_peak,0.968439064356089,-0.003810317133835268,True,-0.1669222872440341,-0.3218684896841343,declining,median_fraction_ge_0.5,3_to_6_Rdisk
ml_0.7,NGC4559,0.7,0.9799999999999999,32,1,67,2.1,3.82,19.377,1602.62,5.811,121.2,0.67,20.97,31.29850746268657,0.3190476190476191,9.985714285714284,119.5,0.5444873888156547,0.4042453574307981,0,2,0.2672551274201663,11,1.45827538247566,-0.09809829348984471,0.6857415355269433,4.857448982788193,0.1619149660929398,0.3896091383837538,6.890217864933739,112.1720482667711,False,none,0.001573337123669977,0.1030578645721515,0.09723930551018117,3.043445129176864,19.05147404251997,1.100702231921697,3,straddles_peak,0.055019646807852,28.65990016291546,0.9553300054305154,0.9463730131883031,131.4665950592106,406.4549400359064,False,none,0.1962357987455871,0.421005835823682,0.005096351660269609,0.1595082004714234,284.307237789128,0.07375823479933194,0,before_peak,0.009325054375659747,-0.7708664252420216,True,0.09967163061351468,0.2943340922354318,flat_band,median_fraction_ge_0.5,at_least_6_Rdisk
ml_0.7,NGC5005,0.7,0.9799999999999999,18,1,68,9.449999999999999,3.97,178.72,96.56999999999999,1.28,262.2,0.49,11.47,23.40816326530613,0.05185185185185186,1.213756613756614,260,1.161617481686798,0.9200820853707531,0,13,93.21814398283345,5,1.400488400488401,-0.005024832922273042,0.7140366172624236,95.76605779414305,5.985378612133941,2.306585472970611,363.990246638906,2999.999999999395,True,excess_amplitude_upper,-0.262247231488277,0.9998568686437483,0.001346189917242758,0.03151183336892742,1006.434175450887,0.01139667181399259,0,before_peak,0.9733943959895839,96.01940335409807,6.00121270963113,2.309634451044124,499.9551720445046,0.0010004392393085,True,length_upper,-0.3064535274461718,0.4872574425546314,0.000980087870670896,0.02294205689101057,1081.193849421165,0.01060864340482575,0,before_peak,0.9708261114585954,-0.001147392946714966,True,-0.257222398566004,-0.3014286945238988,flat_band,median_fraction_ge_0.5,below_3_Rdisk
ml_0.7,NGC5033,0.7,0.9799999999999999,22,1,66,5.16,2.94,110.509,614.9400000000001,11.314,194.2,0.76,44.59,58.67105263157895,0.1472868217054263,8.641472868217054,217.5,0.4387580501403727,0.3283411442454831,0,4,93.3223833366422,7,1.444444444444444,-0.1299403963118793,0.1536218883157658,141.9147724986864,7.09573862493432,2.539817213346862,9.264630315587301,200.6475366255532,False,none,-0.4171016528837446,-0.3518034796259485,0.0820324151219867,4.812928145117614,25.61673192791741,1.74065919592988,9,straddles_peak,0.6575945667496033,247.7423145605057,12.38711572802529,3.355743479201711,21.63117324715588,361.6009090933227,False,none,-0.1401106291284746,0.04341039410418688,0.03513447889840773,2.06137686063158,46.77917697090388,0.9532018921096982,0,before_peak,0.3766913355201185,-0.2419725853936849,True,-0.2871612565718653,-0.01017023281659529,declining,median_fraction_lt_0.5,at_least_6_Rdisk
ml_0.7,NGC5055,0.7,0.9799999999999999,28,1,55,3.2,4.18,152.922,3348.34,11.722,179,0.72,54.59,75.81944444444446,0.225,17.059375,189,0.8386847595154325,0.374755471739334,0,13,12596.39267521793,7,1.459625668449198,-0.1231434411416391,0.1448983330280271,14267.54236373226,548.7516293743178,22.57332683542701,27.64895953152676,194.9799687823027,False,none,0.1739052101395462,0.5325399346590072,0.0260407629147498,1.974396177105822,76.44945996531747,0.7140665221803481,0,before_peak,0.8828705290714711,18317.30802126726,704.5118469718176,25.57712986611509,499.9999999999994,653.5223766845277,True,length_upper,0.08546010255998739,0.4440904853121051,0.001440000000000002,0.1091800000000001,1081.290793532303,0.05048595653133075,0,before_peak,0.6876770680818888,-0.1085124777656396,True,0.2970486512811853,0.2086035437016265,declining,median_fraction_ge_0.5,at_least_6_Rdisk
ml_0.7,NGC5371,0.7,0.9799999999999999,19,1,53,7.44,9.800000000000001,340.393,1395.82,11.18,209.5,1.45,46.24,31.8896551724138,0.1948924731182796,6.21505376344086,215,0.9113538492157922,0.7284459790784079,0,5,48.46883467682832,6,1.455919395465995,-0.002392645488189702,0.3737024221453287,163.8566696962033,9.638627629188429,2.936670776094691,499.9999999999972,2145.520912450097,True,length_upper,-0.2978025089122649,0.9988088703727064,0.002900000000000016,0.09248000000000052,1382.501570776026,0.0334466166096611,0,before_peak,0.2958001939542129,238.5241082020701,14.03082989423942,3.543148378446477,499.9999999999741,447.6150035126475,True,length_upper,-0.4681364481742932,0.4520397761632705,0.00290000000000015,0.09248000000000479,1081.290793532249,0.04276370452480037,0,before_peak,0.2032030851815074,-0.1630681569787637,True,-0.2954098634240752,-0.4657438026861035,flat_band,median_fraction_ge_0.5,at_least_6_Rdisk
ml_0.7,NGC5585,0.7,0.9799999999999999,24,1,51,1.53,2.27,2.943,297.05,1.683,90.3,0.09,10.96,121.7777777777778,0.05882352941176471,7.163398692810458,68.69999999999999,0.506348265931958,0.247882559251782,0,4,9.21799331105697,6,1.455511288180611,-0.05344939913085821,0.8120437956204379,84.00908383586287,3.818594719811948,1.87092984720458,3.472223483840139,92.77071931495637,False,none,-0.0006715649239673998,0.06245137828721317,0.02591999058207614,3.156478853106161,9.600708840988849,1.141582374960467,2,straddles_peak,0.1097261497228931,275.2527407833956,12.51148821742707,3.386571156687565,499.999999999959,807.7951671784746,True,length_upper,0.3105366611393364,0.4880211324655824,0.0001800000000000148,0.0219200000000018,1081.290793532216,0.01013603377144953,0,before_peak,0.03348919718227576,-0.5154054035602624,True,0.05277783420689081,0.3639860602701946,flat_band,median_fraction_ge_0.5,at_least_6_Rdisk
ml_0.7,NGC5907,0.7,0.9799999999999999,19,1,88,5.34,7.88,175.425,8646.290000000001,21.025,215,5.03,50.33,10.00596421471173,0.9419475655430712,9.425093632958802,218,0.488931909992139,0.3680607268089849,0,0,0,7,1.428611978427477,0.03855080285540349,0.2000794754619511,304.3586666642378,17.90345098024929,4.002358953524111,11.71258778367788,194.0616950929588,False,none,-0.3578544080370551,-0.2691917110331879,0.4294524910207783,4.297086257072717,32.38534201757369,1.554098146398724,8,straddles_peak,0,101.1140506291417,5.947885331125983,2.306900981484875,30.81487582242199,361.8723071515077,False,none,-0.1386219731380761,0.08692251339756592,0.163232849906213,1.633302054826978,66.6396830612522,0.7552556928240329,0,before_peak,0,0.4785741642982181,False,-0.3964052108924586,-0.1771727759934796,flat_band,median_fraction_lt_0.5,at_least_6_Rdisk
ml_0.7,NGC5985,0.7,0.9799999999999999,33,1,60,7.01,10.71,208.728,1461.61,11.586,293.6,3.54,34.72,9.807909604519773,0.5049928673323824,4.952924393723253,291,0.3792994657087324,0.3525518725073405,0,0,0,7,1.494619027120103,-0.08412195059232216,0.3856566820276498,594.1134783739061,19.16495091528729,4.243045926996691,4.509734636763183,304.3178164442559,False,none,-0.3948610784245045,-0.4925951012645324,0.7849685813311622,7.698900888084166,12.46943043821637,2.784409454147157,21,straddles_peak,0,106.5935004156066,3.438500013406663,1.797249585672563,7.992742450064918,496.1274596180887,False,none,-0.1506427244038789,-0.08517827395897672,0.4429017977391787,4.343940795905165,17.28495765266007,2.008682965714803,14,straddles_peak,0,0.7461386809180994,False,-0.3107391278321823,-0.06652077381155674,flat_band,median_fraction_lt_0.5,3_to_6_Rdisk
ml_0.7,NGC6015,0.7,0.9799999999999999,44,2,60,2.3,3.92,32.129,1926.77,5.834,154.1,0.34,29.23,85.97058823529412,0.1478260869565218,12.70869565217391,152,0.4874856596708579,0.2575120143279305,0,0,0,12,1.448463825569871,-0.2214547638134284,0.7198084160109476,1664.481694614155,39.63051653843227,6.150538953868107,3.984136772761723,158.7561145493973,False,none,-0.5049890869119588,-0.4912158121508831,0.08533843574961382,7.336595520474152,11.01615069305928,2.653376920344449,23,straddles_peak,0,361.4572077200935,8.60612399333556,2.86617105893787,13.05962548061312,276.3196400535469,False,none,-0.1225766165783515,0.0276847274337115,0.02603443724360446,2.238195884207524,28.24250559833374,1.034964829810444,2,straddles_peak,0,0.6632221339828237,False,-0.2835343230985303,0.0988781472350769,declining,median_fraction_lt_0.5,at_least_6_Rdisk
ml_0.7,NGC6195,0.7,0.9799999999999999,23,1,62,13.94,9.52,391.076,174.11,20.907,251.7,1.33,36.43,27.39097744360902,0.09540889526542325,2.613342898134864,247,1.155119067188671,0.7488095318928578,0,19,567.4921474566872,4,1.398464491362764,-0.1472977831123286,0.5242931649739226,621.6669089870787,29.60318614224185,5.198941819535632,499.9999999999994,2939.989547023757,True,length_upper,-0.223705395156438,0.9992343593634752,0.002660000000000004,0.07286000000000009,1382.501570776032,0.02635078380384838,0,before_peak,0.9128556454473958,715.3352262260862,34.0635822012422,5.576874713945726,499.9999999999994,385.1659329750744,True,length_upper,-0.4291044833401205,0.4610197637134583,0.002660000000000004,0.07286000000000009,1081.290793532303,0.03369121444287194,0,before_peak,0.7933233631602643,-0.060951861415931,True,-0.07640761204410948,-0.281806700227792,declining,median_fraction_ge_0.5,below_3_Rdisk
ml_0.7,NGC6503,0.7,0.9799999999999999,31,1,74,2.16,1.62,12.845,398.87,1.744,116.3,0.76,23.5,30.92105263157895,0.3518518518518519,10.87962962962963,116,0.2937338896868716,0.2059879107750472,0,2,24.14349190873727,11,1.47705845380264,0.01618186134499433,0.1612765957446808,229.8410111898397,7.925552109994472,2.722907667809209,5.239051314663123,119.2839810837439,False,none,-0.3308719430283543,-0.2922798238824876,0.1450644313929322,4.48554491807093,14.48599334379603,1.622256716696922,12,straddles_peak,0.1050443164331351,186.4857288361969,6.430542373661961,2.452686011729871,16.98285523908606,233.0316156969259,False,none,0.002747215233964199,0.121705904857211,0.04475101443783489,1.383748472748842,36.72681003583124,0.6398595461210227,0,before_peak,0.1294656275276922,0.09078192144343832,False,-0.3470538043733486,-0.01343464611103013,flat_band,median_fraction_lt_0.5,at_least_6_Rdisk
ml_0.7,NGC6674,0.7,0.9799999999999999,15,1,54,6.04,7.75,214.654,1370.35,32.165,241.3,2.5,72.41,28.964,0.4139072847682119,11.98841059602649,242,0.3771940573048289,0.2274098894176746,0,0,0,5,1.380552907530982,0.06678730440671217,0.1731804999309488,474.8380932341365,36.52600717185666,5.62635520406202,17.3970856162409,243.6872682406414,False,none,-0.318541886738486,-0.2557540722285163,0.1437022300830748,4.162191392126178,48.10299638275637,1.505311632228321,5,straddles_peak,0,131.3161343080291,10.10124110061762,2.958785046918516,34.22101902836746,443.3536162784457,False,none,-0.09707493878130408,0.03434167064201698,0.07305451652177947,2.11595101653682,74.00574564133511,0.9784375439027557,0,before_peak,0,0.5582274628993751,False,-0.3853291911451982,-0.1638622431880162,flat_band,median_fraction_lt_0.5,at_least_6_Rdisk
ml_0.7,NGC6789,0.7,0.9799999999999999,4,2,43,0.31,0.52,0.1,319.76,0.017,0,0.1,0.71,7.1,0.3225806451612904,2.290322580645161,38.3,0.2205516399514765,0.1582028509650207,0,0,0,2,1.392156862745098,,1,0.5313575745213833,0.2656787872606917,0.3644713893165633,0.6232442145877437,95.6426474846084,False,none,,,0.1604507473304776,1.139200306046391,1.723272211289262,0.4120068758427985,0,before_peak,0,4.122405311132549,2.061202655566274,1.015185366217981,499.9999999999967,1702.988957601735,True,length_upper,,,0.0002000000000000013,0.001420000000000009,1081.290793532298,0.000656622625705166,0,before_peak,0,-0.8897638131375933,True,,,unresolved,median_fraction_lt_0.5,below_3_Rdisk
ml_0.7,NGC6946,0.7,0.9799999999999999,58,1,38,2.44,4.2,66.173,2232.7,5.67,158.9,0.19,20.4,107.3684210526316,0.0778688524590164,8.360655737704917,167,0.8244400221323507,0.5866983254441906,0,17,505.6616945043025,20,1.493411420204978,-0.2632018850749941,0.3392156862745098,670.7024668853697,11.97682976581017,3.40056401732928,18.15653769015876,233.6021712908366,False,none,0.05761625862657868,0.8355671629511525,0.01046455019356384,1.123562231308959,50.20288375299749,0.4063511590363962,0,before_peak,0.7539284846416489,956.6963806404652,17.08386394000831,4.061374789828722,499.9999999999981,704.6975882705264,True,length_upper,-0.2345227351165314,0.4782577774868598,0.0003800000000000015,0.04080000000000016,1081.290793532301,0.01886634023152866,0,before_peak,0.5285498144832373,-0.1542442272436044,True,0.3208181437015728,0.0286791499584628,declining,median_fraction_ge_0.5,at_least_6_Rdisk
ml_0.7,NGC7331,0.7,0.9799999999999999,36,1,75,5.02,3.99,250.631,1806.47,11.067,239,2.67,36.31,13.59925093632959,0.5318725099601594,7.233067729083666,239,0.8925481682118126,0.5308237505475972,0,14,1167.740784832395,12,1.477818477818478,0.0149590944189932,0.1473423299366566,1278.346254658079,37.59841925464939,5.958994729394099,329.971208039115,2999.99999999964,True,excess_amplitude_upper,0.1416421565587496,0.9983309257884074,0.008091615071104919,0.1100399038321422,912.3714268498838,0.03979738835680815,0,before_peak,0.9134776908661042,1684.44666011282,49.54254882684766,6.84033515283673,499.999999999999,848.0477528046412,True,length_upper,-0.1511698635830305,0.4619701314311318,0.005340000000000011,0.07262000000000016,1081.290793532303,0.0335802359709218,0,before_peak,0.6932488944198343,-0.119808759745971,True,0.1266830621397564,-0.1661289580020237,flat_band,median_fraction_ge_0.5,at_least_6_Rdisk
ml_0.7,NGC7793,0.7,0.9799999999999999,46,1,47,1.21,2.19,7.05,1068.64,0.861,0,0.11,7.87,71.54545454545455,0.09090909090909091,6.504132231404959,76.2,0.7096499111869612,0.4831258128139865,0,5,5.373938814450402,6,1.499047619047619,-0.4617267002069095,0.5336721728081322,27.46458542206437,0.6241951232287357,0.7726941211291091,2.064325132010317,86.64150796095916,False,none,-0.2772187381536963,-0.1284693287861901,0.05328617972735616,3.812383949584482,5.707865475193413,1.378799138522675,5,straddles_peak,0.1956679386149813,39.46525858643966,0.8969376951463559,0.9262507241848915,22.74899735472172,224.1773519999479,False,none,-0.03710007741487624,0.3495988028420453,0.004835377941488428,0.3459493127228539,49.1965628035027,0.1599705254091384,0,before_peak,0.1361688484234815,-0.1574419050275603,True,0.1845079620532132,0.4246266227920333,declining,median_fraction_ge_0.5,at_least_6_Rdisk
ml_0.7,NGC7814,0.7,0.9799999999999999,18,1,90,2.54,2.08,74.529,2635.3,1.07,218.9,0.63,19.53,31,0.2480314960629921,7.688976377952756,221,0.6043916590782099,0.3979501035024893,0,4,67.27326018081293,6,1.394004282655246,0,0.03225806451612903,93.4096984325125,5.838106152032031,2.278031538564631,7.090513723536776,197.1847093166424,False,none,-0.08491834814636014,0.1919707279520628,0.08885110791179085,2.754384345265517,19.60529272079723,0.9961595717100739,0,before_peak,0.7201956682197955,117.8077910007609,7.362986937547554,2.55829577606266,206.4730672012312,875.691300842978,False,none,0.07473629489922962,0.4500706525393269,0.003051245416846519,0.09458860792224209,446.5148533541364,0.04373874654626667,0,before_peak,0.571042539795848,-0.100782042675863,True,-0.08491834814636014,0.07473629489922962,flat_band,median_fraction_ge_0.5,at_least_6_Rdisk
ml_0.7,UGC00128,0.7,0.9799999999999999,22,1,57,5.95,9.630000000000001,12.02,88.89,7.431,129.3,1.25,53.75,43,0.2100840336134454,9.033613445378151,127.5,0.1871579867696866,0.1385380505084002,0,0,0,8,1.483577146011593,0.03180933584834525,0.8610232558139536,1199.420344520896,59.97101722604479,7.383705476868077,8.842578627640901,141.0776821169156,False,none,-0.4760972342687386,-0.4558685970883657,0.1413614797942131,6.078543631151164,24.44975768484826,2.198385795590497,12,straddles_peak,0,63.97948699543782,3.198974349771891,1.705332372234993,18.55350747422308,254.3825691103914,False,none,-0.09821546276574944,-0.0174529929854937,0.06737270576664067,2.897026347965549,40.12347363922044,1.339614822069137,6,straddles_peak,0,1.272930657576969,False,-0.5079065701170838,-0.1300247986140947,flat_band,median_fraction_lt_0.5,at_least_6_Rdisk
ml_0.7,UGC00191,0.7,0.9799999999999999,9,1,45,1.58,2.5,2.004,207.41,1.343,0,0.62,9.98,16.09677419354839,0.3924050632911392,6.316455696202532,57.6,0.3130835284255449,0.2881873092396878,0,0,0,2,1.339597315436242,,1,179.976526667035,25.710932381005,4.471844345669108,2.090650360698673,83.87370547267371,False,none,,,0.2965584354300174,4.77363417030899,5.780654815218795,1.726448009613987,2,straddles_peak,0,22.87521764655867,3.267888235222668,1.594268123502954,10.09674228438722,163.0595755681925,False,none,,,0.06140594486191031,0.9884376285836531,21.83502895355247,0.4570637401594238,0,before_peak,0,0.8958506313349173,False,,,unresolved,median_fraction_lt_0.5,at_least_6_Rdisk
ml_0.7,UGC00634,0.7,0.9799999999999999,4,2,37,2.45,4.26,2.989,126.13,3.663,0,4.51,18.01,3.993348115299336,1.840816326530612,7.351020408163265,102.6,0.217956563811164,0.1807744975275165,0,0,0,2,1.333086602516655,,0.7501388117712381,2.079156794175561,1.039578397087781,0.7209640757651453,5.427831570442131,114.4303737099174,False,none,,,0.8309027171291964,3.318083799444973,15.00797134408798,1.200028943758251,1,straddles_peak,0,7.244802257051992,3.622401128525996,1.345808516938052,25.36928943651216,247.5558490647921,False,none,,,0.177773997623642,0.7099134583595994,54.86315821231391,0.3282712951066988,0,before_peak,0,-0.5421392943869042,True,,,unresolved,median_fraction_lt_0.5,at_least_6_Rdisk
ml_0.7,UGC00731,0.7,0.9799999999999999,12,1,57,2.3,1.4,0.323,82.56999999999999,1.807,73.3,0.91,10.91,11.98901098901099,0.3956521739130435,4.743478260869566,66.34999999999999,0.1333250636011475,0.246024711468225,0,0,0,5,1.498626373626374,0.07368279926360451,0.8331805682859762,46.22485086056065,4.622485086056065,1.962669331560138,2.091349110394062,77.41839032497118,False,none,-0.1996803453720463,-0.3868225096748513,0.4351258216417694,5.21672825726561,5.782586860321705,1.886698853563445,6,straddles_peak,0,3.278090471806635,0.3278090471806635,0.5226606987175201,8.289937762428419,145.9762530827518,False,none,0.1796610829198363,0.1333479144045121,0.1097716323184347,1.316053306147388,17.92766676293929,0.6085566038383501,0,before_peak,0,1.149254583164531,False,-0.2733631446356508,0.1059782836562318,flat_band,median_fraction_lt_0.5,3_to_6_Rdisk
ml_0.7,UGC00891,0.7,0.9799999999999999,5,2,60,1.43,1.76,0.374,113.98,0.428,0,1.48,7.39,4.993243243243243,1.034965034965035,5.167832167832167,54.15,0.2652384258015891,0.1757218853682992,0,0,0,2,1.244107744107744,,1,1.703183618361744,0.567727872787248,0.5836409201489806,3.164565494628692,68.89334446822365,False,none,,,0.4676787389965689,2.335233703503138,8.750033534295605,0.8445681917714969,0,before_peak,0,10.93019098856236,3.643396996187453,1.47852568381901,499.9999999999057,698.8393806897259,True,length_upper,,,0.002960000000000558,0.01478000000000279,1081.290793532101,0.00683442423093248,0,before_peak,0,-0.8073662793560856,True,,,unresolved,median_fraction_lt_0.5,3_to_6_Rdisk
ml_0.7,UGC01281,0.7,0.9799999999999999,25,1,90,1.63,2.01,0.353,135.78,0.294,55.2,0.08,4.99,62.375,0.049079754601227,3.061349693251534,37.4,0.2452533628121284,0.1962385950413223,2,0,0,5,1.442196531791908,0.1373801408232712,1,341.0500847923057,14.82826455618721,3.693508276922123,0.3859545317385196,47.94981839910103,False,none,-0.179586307326054,-0.499995596636861,0.2072783020311812,12.92898408919493,1.067165492753264,4.675938299996853,18,straddles_peak,0,22.00683974530298,0.9568191193609989,0.9382289644922069,499.9999999999888,739.312972764375,True,length_upper,0.4122745531275102,0.4944783044792303,0.0001600000000000036,0.009980000000000225,1081.290793532281,0.004614854791927931,0,before_peak,0,1.190260480929661,False,-0.3169664481493253,0.2748944123042389,rising,median_fraction_lt_0.5,3_to_6_Rdisk
ml_0.7,UGC02259,0.7,0.9799999999999999,8,2,41,1.62,2.4,1.725,172.52,0.494,86.2,1.02,8.140000000000001,7.980392156862745,0.6296296296296297,5.024691358024691,83.25,0.2076914665476374,0.2082322656854207,0,0,0,3,1.332242225859247,0.1588220133407833,1,77.18169515666381,12.86361585944397,3.106076607970733,1.695495872504657,91.8315253050031,False,none,-0.3316019646151045,-0.376470415868588,0.6015939151141746,4.800955361793511,4.688051413963941,1.73632908029848,4,straddles_peak,0,4.587170517097171,0.7645284195161951,0.7572293672574687,3.877451862707086,166.2667835781852,False,none,-0.01112893274136161,0.03272316806466709,0.2630593585984265,2.099316842148227,8.385306003019716,0.970745730336928,0,before_peak,0,1.225969428543643,False,-0.4904239779558879,-0.1699509460821449,rising,median_fraction_lt_0.5,3_to_6_Rdisk
ml_0.7,UGC02487,0.7,0.9799999999999999,17,1,36,7.89,9.630000000000001,489.955,1150.35,17.963,332,9.93,80.38,8.094662638469284,1.258555133079848,10.18757921419518,364,0.3478898743962082,0.2516256046206132,0,0,0,6,1.454578356858487,0.01220845347794581,0.3749688977357552,198.2517627196625,13.21678418131084,3.414947788074404,14.90837784856556,352.308857086925,False,none,-0.4438438452126098,-0.4140111068401177,0.6660684415746434,5.391599328677728,41.22171158672904,1.949943292162512,8,straddles_peak,0,65.34924180873043,4.356616120582029,1.960630777982529,17.87021398696814,617.8986734421885,False,none,-0.2051650637014885,-0.09350606950699479,0.5556732564725557,4.497987548364958,38.64579572512174,2.079915770701776,9,straddles_peak,0,0.4819765042586129,False,-0.4560522986905556,-0.2173735171794343,flat_band,median_fraction_lt_0.5,at_least_6_Rdisk
ml_0.7,UGC02885,0.7,0.9799999999999999,19,1,64,11.4,12.2,403.525,470.79,40.075,289.5,1.7,74.06999999999999,43.57058823529412,0.1491228070175439,6.497368421052631,287,0.4916823625840605,0.3380044854060628,0,1,0.9345710629001414,7,1.460658647209623,0.03631205608032265,0.02295126231942757,25.44967841972854,1.497039907042855,1.157349022090173,22.76704773328529,282.960780292591,False,none,-0.08476739250766453,0.0301417967005554,0.07466932120121178,3.253386247866915,62.95095850639971,1.176630217512413,3,straddles_peak,0.03672231324446378,15.00892796728167,0.8828781157224511,0.8887877008742588,156.8843709100716,677.3368111989287,False,none,0.0974762403320583,0.3070601327368573,0.01083600609887689,0.4721311598493006,339.2752518283356,0.2183183111672333,0,before_peak,0.06226767594177517,0.2293326257063516,False,-0.1210794485879872,0.06116418425173565,flat_band,median_fraction_lt_0.5,at_least_6_Rdisk
ml_0.7,UGC02916,0.7,0.9799999999999999,43,2,50,6.15,2.8,124.153,520.99,23.273,182.7,0.37,38,102.7027027027027,0.06016260162601626,6.178861788617886,211,0.9685372279725626,0.5863476188866078,0,21,8151.480903792155,5,1.499605367008682,-0.374360912977297,0.2239473684210526,8518.290746562516,207.7631889405492,14.07479253146488,499.999999999999,2693.145358923227,True,length_upper,-0.003072962575450302,0.99921722240722,0.0007400000000000015,0.07600000000000015,1382.501570776031,0.02748640638337192,0,before_peak,0.9569385627136073,8579.005430626079,209.244034893319,14.12486297988786,296.7020480012423,0.007054034600196,False,none,-0.4434565136347897,0.4361014092011288,0.00124704228532474,0.1280746130874058,641.6423858518466,0.05922302023353877,0,before_peak,0.950166189974923,-0.003084483397264771,True,0.3712879504018467,-0.06909560065749271,declining,median_fraction_ge_0.5,at_least_6_Rdisk
ml_0.7,UGC02953,0.7,0.9799999999999999,115,2,50,3.55,5.03,259.518,4215.31,7.678,264.9,0.09,62.39,693.2222222222223,0.02535211267605634,17.57464788732394,266,0.8678481547707099,0.2634349339940829,0,41,596.0326994123247,15,1.486892278360343,0.0608622292301498,0.1322327296041032,2206.595938815337,19.5273976886313,4.380387057362315,11.42316949022341,256.780822369772,False,none,-0.4431241546482106,-0.4135039063606404,0.007878724033380319,5.461706582695535,31.58509952694946,1.975298508930351,23,straddles_peak,0.2701141105753683,1908.510954671884,16.88947747497243,4.073787848173912,49.62878706182691,530.7082391862272,False,none,-0.01630595435357943,0.1419931108848332,0.001813463623196738,1.257133282791605,107.3263010882572,0.5813113781746292,0,before_peak,0.3123024774645824,0.06302815743381171,False,-0.5039863838783604,-0.07716818358372923,flat_band,median_fraction_ge_0.5,at_least_6_Rdisk
ml_0.7,UGC03205,0.7,0.9799999999999999,48,1,67,3.19,5.35,113.642,3915.89,9.677,219.6,0.28,40.04,143,0.08777429467084641,12.55172413793103,221,0.6848748994559715,0.3002246494529086,0,4,17.40035615272612,4,1.377838953888507,0.205023009548854,0.1448551448551449,425.6497716776668,9.253255906036234,2.977868965656155,9.729059565023205,195.4033020654421,False,none,-0.3622245927557156,-0.246826172878724,0.02877976007122248,4.115505690184815,26.90088026163635,1.488427129914462,4,straddles_peak,0.04087951482775126,161.7272479824527,3.515809738748971,1.835570120235426,30.00850086713322,382.4351650608312,False,none,-0.1010489808887985,0.1225768788502414,0.009330689368313955,1.334288579668895,64.89583143067468,0.616988782134226,0,before_peak,0.107590751526385,0.4202692082918502,False,-0.5672476023045696,-0.3060719904376525,rising,median_fraction_ge_0.5,at_least_6_Rdisk
ml_0.7,UGC03546,0.7,0.9799999999999999,30,1,55,3.79,2.58,101.336,922.21,2.675,196.9,0.63,29.23,46.3968253968254,0.1662269129287599,7.712401055408971,204.5,1.35649848920452,0.4371164269490952,0,17,301.9726708999346,4,1.397227533460803,0.02358348648150066,0.02155319876838864,345.0598943241376,12.32356765443349,3.391459343331607,9.193676125574433,162.0552255360969,False,none,-0.2490534662277863,0.02702392846765163,0.06852536367335181,3.179359333606465,25.42054336962554,1.149857403714127,1,straddles_peak,0.8751311753902982,399.1241113344745,14.25443254765981,3.647483659248179,499.9999999999515,976.792245892594,True,length_upper,0.03750655716083287,0.4681972855911568,0.001260000000000122,0.05846000000000567,1081.2907935322,0.02703250612586443,0,before_peak,0.7565883952495043,-0.06321347959773374,True,-0.272636952709287,0.01392307067933221,flat_band,median_fraction_ge_0.5,at_least_6_Rdisk
ml_0.7,UGC03580,0.7,0.9799999999999999,47,2,63,2.43,1.84,13.266,302.57,4.37,126.2,0.11,27.06,246,0.04526748971193415,11.1358024691358,91.40000000000001,1.285322391033739,0.2190177362624555,0,27,2501.864341792363,5,1.494202098288238,-0.04057614832985213,0.7767923133776793,2819.649522238436,62.65887827196524,7.745485331878803,8.703252361854448,131.956035479998,False,none,-0.0324834719974413,0.09220575700697312,0.01263895328166282,3.109182507289055,24.064520122248,1.124477025202868,1,straddles_peak,0.8872962125470856,3526.543952924481,78.3676433983218,8.662150429438581,499.9999999999985,769.3889264837354,True,length_upper,0.264031741705686,0.4714178845348984,0.0002200000000000007,0.05412000000000015,1081.290793532302,0.025025645424763,0,before_peak,0.7094380150054914,-0.09715417143456502,True,0.008092676332410828,0.3046078900355381,flat_band,median_fraction_ge_0.5,at_least_6_Rdisk
ml_0.7,UGC04278,0.7,0.9799999999999999,25,1,90,2.21,2.46,1.307,377.42,1.116,91.40000000000001,0.14,6.69,47.78571428571428,0.06334841628959277,3.027149321266969,53.7,0.2806023975431703,0.2009900821021716,0,0,0,9,1.463894967177243,0.6560207926059864,1,12.49578385722697,0.543294950314216,0.706987520603496,3.559326894146268,102.6139227080763,False,none,0.7854705653911929,0.5668022797301355,0.03933327962380934,1.879568862023461,9.841550044125194,0.6797709679882716,0,before_peak,0,35.1087676636424,1.5264681592888,1.185053039549579,499.9999999999461,913.4838217475528,True,length_upper,0.7563844542664706,0.4926170813348686,0.0002800000000000302,0.01338000000000144,1081.290793532188,0.006187049811222544,0,before_peak,0,-0.4486520812709929,True,0.1294497727852064,0.1003636616604842,rising,median_fraction_lt_0.5,3_to_6_Rdisk
ml_0.7,UGC04325,0.7,0.9799999999999999,8,1,41,1.86,2.79,2.026,213.22,0.678,90.90000000000001,0.7,5.59,7.985714285714286,0.3763440860215053,3.005376344086021,89.40000000000001,0.2606337854809628,0.2789684649301955,0,0,0,3,1.334128878281623,-0.001712702828170478,0.8747763864042933,12.9210604901994,2.1535100816999,1.270878657179719,1.137110508064084,96.73418968695481,False,none,-0.2989187398345226,-0.3899309169487239,0.6155954017096731,4.915968993652961,3.144114127089058,1.777925283257906,4,straddles_peak,0,15.60935610961145,2.601559351601909,1.396842694687355,4.092746002189492,177.9263287704309,False,none,0.06168046934807747,0.1153151834626498,0.1710343128123567,1.365831155172963,8.850897144867288,0.6315743939292854,0,before_peak,0,-0.08208682901553943,True,-0.2972060370063521,0.06339317217624794,flat_band,median_fraction_lt_0.5,3_to_6_Rdisk
ml_0.7,UGC04483,0.7,0.9799999999999999,8,2,58,0.18,0.26,0.013,82.56999999999999,0.032,0,0.08,1.21,15.125,0.4444444444444445,6.722222222222222,20.8,0.3758253166605029,0.3231669284884912,0,0,0,3,1.359550561797753,0.1846732884695167,0.8677685950413224,1.856413861027549,0.3094023101712582,0.4817174821702485,0.3909204560511544,23.01888360014853,False,none,0.06462807503260258,0.04926482678037931,0.2046452130136968,3.095258846832165,1.080896289078409,1.119441349023103,1,straddles_peak,0,3.643305003042852,0.607217500507142,0.6748430375875241,5.41058356523959,70.22087530889208,False,none,0.2935676636441382,0.3910585786711109,0.01478583576713642,0.2236357659779383,11.70082839346153,0.1034114815901542,0,before_peak,0,-0.2928207277297569,True,-0.1200452134369141,0.1088943751746215,rising,median_fraction_lt_0.5,at_least_6_Rdisk
ml_0.7,UGC04499,0.7,0.9799999999999999,9,1,50,1.73,2.69,1.552,127.3,1.1,72.8,0.91,8.18,8.989010989010989,0.5260115606936416,4.728323699421965,66.90000000000001,0.3615898391504174,0.327776940090463,0,0,0,3,1.28414442700157,0.08081925039461312,1,4.33565519624676,0.6193793137495371,0.6940745394045513,2.38161372327253,70.67249570599708,False,none,-0.00385596840657043,-0.1000963464182325,0.3820938681649795,3.434645979768717,6.585169426812061,1.242185199775492,2,straddles_peak,0,8.51079819649383,1.215828313784833,0.9724424116907232,20.3039725731336,177.7551861782119,False,none,0.2808658485056146,0.3206865559267463,0.04481881546688653,0.4028768247462987,43.90899723092357,0.186294393310333,0,before_peak,0,-0.2929155563227783,True,-0.08467521880118355,0.2000465981110015,flat_band,median_fraction_lt_0.5,3_to_6_Rdisk
ml_0.7,UGC05005,0.7,0.9799999999999999,11,1,41,3.2,5.02,4.1,65.59,3.093,98.90000000000001,0.78,28.61,36.67948717948718,0.24375,8.940624999999999,72.5,0.3399362530321046,0.2025526489159245,0,0,0,3,1.357854769814903,-0.01676468565100282,0.7941279272981475,0.190915623574367,0.02121284706381855,0.1317420425660993,7.722511553274308,105.0609371400692,False,none,-0.1299452031899164,-0.1606185964758828,0.1010034099164648,3.704753279115458,21.3527687054756,1.339873081314434,2,straddles_peak,0,2.27921934262047,0.2532465936244967,0.455194198579071,249.9375800675987,433.6754724339181,False,none,0.3508839809055585,0.4392437309760462,0.003120779195305642,0.1144685804842236,540.5104085696755,0.05293145061851658,0,before_peak,0,-1.076944651568083,True,-0.1131805175389135,0.3676486665565613,flat_band,median_fraction_lt_0.5,at_least_6_Rdisk
ml_0.7,UGC05253,0.7,0.9799999999999999,73,2,37,8.07,4.28,171.582,189.16,16.396,213.7,0.13,53.29,409.9230769230769,0.0161090458488228,6.603469640644361,246,1.166957937239854,0.3579250018388195,0,50,4052.345363833555,6,1.452835332606325,0.004800072451057926,0.06661662600863201,4713.134065519626,66.38216993689615,8.035140344112474,11.97063103935185,221.1004775143914,False,none,-0.3311268524206209,-0.290305808642128,0.01085991202741462,4.451728553391733,33.09883243016857,1.610026580618227,7,straddles_peak,0.8597984499273481,6481.370698694519,91.28691124921858,9.422627021277915,238.2101547310565,715.2658753368955,False,none,0.1495107624175326,0.393833821064091,0.0005457366003005721,0.2237100263847499,515.1488944731943,0.1034458203671306,0,before_peak,0.62522968554318,-0.1383570679344281,True,-0.3359269248716788,0.1447106899664747,flat_band,median_fraction_ge_0.5,at_least_6_Rdisk
ml_0.7,UGC05414,0.7,0.9799999999999999,6,1,55,1.47,2.33,1.123,127.3,0.574,0,0.68,4.11,6.044117647058823,0.4625850340136055,2.795918367346939,48.9,0.4602941583339671,0.3803465416891064,0,0,0,2,1.201754385964912,,1,0.4339100879707861,0.1084775219926965,0.2689207094946967,1.979916808046764,59.22251103380903,False,none,,,0.3434487738254198,2.075844794738935,5.474476194261043,0.7507567581184408,0,before_peak,0,6.013221415950044,1.503305353987511,1.001101178365607,499.9999999993821,730.0441272702764,True,length_upper,,,0.001360000000001681,0.008220000000010158,1081.290793530969,0.003801012664297958,0,before_peak,0,-1.141707448368543,True,,,unresolved,median_fraction_lt_0.5,below_3_Rdisk
ml_0.7,UGC05716,0.7,0.9799999999999999,12,2,54,1.14,1.84,0.588,90.54000000000001,1.094,73.09999999999999,1.03,12.37,12.00970873786408,0.9035087719298247,10.85087719298246,69.95,0.1885708336372124,0.1880897860761869,0,0,0,5,1.497578692493947,0.02569748641918907,1,168.4259823872219,16.84259823872219,3.746398074453446,2.843283572906929,77.92949103319779,False,none,-0.22376776526178,-0.2557394922344954,0.3622572190177092,4.350603688591322,7.861688011411045,1.57345343417918,5,straddles_peak,0,19.71394031975532,1.971394031975532,1.281728660824751,9.99802975554138,150.3149454225428,False,none,0.1015876095405635,0.1450307070038318,0.1030202975170308,1.237243767267642,21.62155505625787,0.5721142613384685,0,before_peak,0,0.9316356516891083,False,-0.249465251680969,0.07589012312137447,flat_band,median_fraction_lt_0.5,at_least_6_Rdisk
ml_0.7,UGC05721,0.7,0.9799999999999999,23,1,61,0.38,0.6,0.531,913.76,0.5620000000000001,79.7,0.09,6.74,74.8888888888889,0.2368421052631579,17.73684210526316,78.3,0.1890336645854525,0.1436312932934766,0,0,0,5,1.367139959432049,0.05121548684052105,0.2804154302670623,28.32382040190863,1.34875335247184,1.109716383702114,1.071011744091061,95.72803262498772,False,none,-0.410722176167946,-0.4751515414744525,0.08403269198171173,6.293114932852635,2.961350837050942,2.275988348179651,9,straddles_peak,0,22.56368168791112,1.074461032757672,0.9904694031643941,2.88027944518788,161.7699877722691,False,none,0.00228229297721691,0.01460441199063816,0.0312469681198344,2.340050723640932,6.228839293763979,1.08206355664815,2,straddles_peak,0,0.09874186752759745,False,-0.4619376630084671,-0.04893319386330414,flat_band,median_fraction_lt_0.5,at_least_6_Rdisk
ml_0.7,UGC05750,0.7,0.9799999999999999,11,1,64,3.46,8.800000000000001,3.336,124.98,1.099,0,0.31,22.85,73.70967741935485,0.08959537572254335,6.604046242774567,49.8,0.2997490366805316,0.2987602217435235,0,1,0.009256664425161314,1,1,,1,0.7039044244127628,0.07821160271252919,0.2529650396996612,5.187417807973535,82.77504334789934,False,none,,,0.05975998299645378,4.404889069254739,14.34322653558996,1.593086460936952,1,straddles_peak,0.01315045637464738,8.250694016035839,0.9167437795595377,0.8660618294134054,77.03862996836844,237.5418519628181,False,none,,,0.004023955256308218,0.2966044438923961,166.6023226622774,0.1371529498200313,0,before_peak,0.001121925550404644,-1.068976786252654,True,,,unresolved,median_fraction_lt_0.5,at_least_6_Rdisk
ml_0.7,UGC05764,0.7,0.9799999999999999,10,2,60,1.17,1.2,0.08500000000000001,33.79,0.163,0,0.36,3.62,10.05555555555556,0.3076923076923077,3.094017094017094,49.95,0.1421402718805154,0.1822142234918864,0,0,0,4,1.425196850393701,-0.3586565018561305,0.7016574585635359,36.85847688859472,4.607309611074339,1.919856163586083,0.8214278386679457,58.41054776738683,False,none,-0.248458036351135,-0.2885076317275515,0.4382612605189858,4.406960452996469,2.271250554475194,1.593835604296178,4,straddles_peak,0,53.71197247497719,6.713996559372148,2.317584356069422,2.7601407213587,115.8249061486801,False,none,0.09931568353839647,0.12938378885458,0.1304281325999883,1.311527333366549,5.969029501717555,0.6064637474079104,0,before_peak,0,-0.1635337165451246,True,0.1101984655049954,0.4579721853945269,declining,median_fraction_lt_0.5,3_to_6_Rdisk
ml_0.7,UGC05829,0.7,0.9799999999999999,11,2,34,1.99,2.91,0.5639999999999999,63.22,1.023,0,0.63,6.91,10.96825396825397,0.3165829145728643,3.472361809045226,47.9,0.2673067803923448,0.323424519946361,0,0,0,4,1.37375745526839,0.5676244785679575,1,4.521373164356065,0.5023747960395628,0.641119274419643,2.279076349040032,60.33277452312841,False,none,0.2510746323702188,0.07756802871504156,0.2764277731482589,3.031930019768998,6.301653264932704,1.096537640122571,1,straddles_peak,0,0.6960835144441919,0.07734261271602133,0.251555797975174,499.9999999999994,678.9845391441479,True,length_upper,0.5309317366619357,0.4922026540076316,0.001260000000000002,0.01382000000000002,1081.290793532303,0.006390510343130527,0,before_peak,0,0.8126090039637287,False,-0.3165498461977387,-0.03669274190602179,rising,median_fraction_lt_0.5,3_to_6_Rdisk
ml_0.7,UGC05918,0.7,0.9799999999999999,8,2,46,1.66,2.63,0.233,24.94,0.297,0,0.5600000000000001,4.46,7.964285714285714,0.3373493975903615,2.686746987951807,38.09999999999999,0.1995508759810365,0.2200724172893385,0,0,0,3,1.335329341317365,0.2651408013051803,1,2.358758786199099,0.3931264643665165,0.5429961770352415,1.134812060666516,44.50781821334318,False,none,-0.06721098787591266,-0.2171846624952647,0.4934737824967176,3.930166196313144,3.137758912814091,1.421396647711236,3,straddles_peak,0,0.8185787805416381,0.1364297967569397,0.319878645063569,7.287605126740029,99.16236803792027,False,none,0.3013002089031184,0.2609842233251833,0.07684280230074778,0.6119980326095269,15.76004066088564,0.2829941937313105,0,before_peak,0,0.4596230483542072,False,-0.3323517891810929,0.03615940759793812,rising,median_fraction_lt_0.5,below_3_Rdisk
ml_0.7,UGC05986,0.7,0.9799999999999999,15,2,90,1.67,3.12,4.695,1725.16,2.667,113,0.63,9.41,14.93650793650794,0.377245508982036,5.634730538922156,109,0.3145604287334593,0.216802727496983,0,0,0,6,1.498407643312102,-0.2117517023111652,0.6004250797024442,2.385887909516941,0.1835298391936108,0.3988222586162865,2.4258253040974,117.6614398083307,False,none,-0.2312128550973905,-0.1464739299647751,0.2597054284724803,3.879092193533396,6.70741458668581,1.402925058289793,5,straddles_peak,0,68.42804340136539,5.263695646258876,2.13585335641074,36.30656809281668,364.7525631279183,False,none,0.1918071270068224,0.3812268963854517,0.01735223220188213,0.2591817539995411,78.51591564703283,0.1198483125676394,0,before_peak,0,-1.457584085774424,True,-0.01946115278622537,0.4035588293179876,declining,median_fraction_lt_0.5,3_to_6_Rdisk
ml_0.7,UGC06399,0.7,0.9799999999999999,9,1,75,2.05,3.45,2.296,311.05,0.674,85,0.87,7.85,9.022988505747126,0.4243902439024391,3.829268292682927,77.5,0.2741849440166493,0.2595869235505032,0,0,0,4,1.498091603053435,0.134722948435574,1,0.8618097237378912,0.1231156748196987,0.3094456914724728,2.464223309773365,87.05218805343831,False,none,0.05819908250749589,0.07137028638853506,0.3530524188085917,3.185587916836143,6.813585193009187,1.152110053317332,2,straddles_peak,0,4.178068478890092,0.5968669255557274,0.6813441355055373,34.28857724074853,269.6530248199208,False,none,0.2987152692750663,0.3932054756626468,0.02537288129196835,0.2289392162551167,74.15184578748541,0.1058638516227581,0,before_peak,0,-0.685564163931546,True,-0.07652386592807808,0.1639923208394923,rising,median_fraction_lt_0.5,3_to_6_Rdisk
ml_0.7,UGC06446,0.7,0.9799999999999999,17,1,51,1.49,2.06,0.988,86.45999999999999,1.379,82.2,0.58,10.22,17.62068965517242,0.3892617449664429,6.859060402684564,80.09999999999999,0.2019161467749225,0.2204806912681787,0,0,0,6,1.464183381088825,-0.03720203517209749,0.8101761252446182,28.42081190013392,1.894720793342262,1.292985871815218,1.928884875188254,88.00004101177872,False,none,-0.3378036219067349,-0.4031778397961927,0.3006918699299737,5.298398121869537,5.333372739587789,1.916235841560531,8,straddles_peak,0,3.139868065992213,0.2093245377328142,0.4297651934823872,5.880246450048946,163.1922264610346,False,none,0.03285615459396501,0.0775540609736648,0.09863532165308686,1.738022391887151,12.71651270027789,0.8036794552783852,0,before_peak,0,0.9567250804501531,False,-0.3006015867346374,0.07005818976606251,flat_band,median_fraction_lt_0.5,at_least_6_Rdisk
ml_0.7,UGC06614,0.7,0.9799999999999999,13,1,36,5.1,3.68,124.35,540.54,21.888,199.8,3.23,64.59,19.9969040247678,0.6333333333333334,12.66470588235294,193,0.9828516726780289,0.2841001212807005,0,6,15.97744379311221,2,1.363233431827775,,0.7335500851525004,33.68729075774537,3.062480977976852,1.609760869908356,26.64769557000695,225.4068449139771,False,none,,,0.1212112316246773,2.423849365522572,73.68096196619233,0.8766172193793614,0,before_peak,0.4742869917325922,65.60686648151204,5.964260589228368,2.246482147055567,499.9999999999994,737.4924649261159,True,length_upper,,,0.006460000000000008,0.1291800000000002,1081.290793532303,0.05973416252717811,0,before_peak,0.2435331033164743,-0.2894832104566421,True,,,unresolved,median_fraction_ge_0.5,at_least_6_Rdisk
ml_0.7,UGC06667,0.7,0.9799999999999999,9,1,89,5.15,3.5,1.397,614.9400000000001,0.8090000000000001,83.8,0.87,7.85,9.022988505747126,0.1689320388349514,1.524271844660194,77.3,0.09617603162356973,0.1299112842725864,0,0,0,4,1.498091603053435,0.1455282829990095,1,5.108262119872728,0.7297517314103897,0.7533821606501303,2.160002116369986,92.79187768097016,False,none,-0.02153601175200297,-0.074777433148157,0.4027773831361274,3.634255698412184,5.972412637522126,1.314376697732135,3,straddles_peak,0,9.064927543547471,1.29498964907821,1.003600603579569,19.77614415749212,235.292425546052,False,none,0.3333913616635542,0.3326796025547273,0.04399239776326184,0.3969428993581672,42.76752521812782,0.1835504850926616,0,before_peak,0,-0.2490911630228196,True,-0.1670642947510125,0.1878630786645447,rising,median_fraction_lt_0.5,below_3_Rdisk
ml_0.7,UGC06786,0.7,0.9799999999999999,45,1,64,3.6,3.42,73.407,1078.52,5.03,219.4,0.16,34.05,212.8125,0.04444444444444445,9.458333333333332,218,0.712323314151081,0.2116003740061022,0,6,38.42276126521126,6,1.453885567890691,-0.1710795800706233,0.3753303964757709,321.2267780647676,7.470390187552734,2.67177335226694,6.900870890995469,228.5868589864137,False,none,-0.4091751267524533,-0.3653228080083882,0.0231854794166305,4.934159838351677,19.08092969304769,1.784504243124298,8,straddles_peak,0.1196125724532973,172.4273726928349,4.00993889983337,1.957477814222708,37.09688723505882,493.3223081497776,False,none,0.05356342218363763,0.1978032842753459,0.00431303033556924,0.9178667682883288,80.22504527195036,0.4244310474936576,0,before_peak,0.2228344645351537,0.2702055308893127,False,-0.2380955466818299,0.224643002254261,declining,median_fraction_ge_0.5,at_least_6_Rdisk
ml_0.7,UGC06787,0.7,0.9799999999999999,71,2,66,5.37,2.88,98.256,429.37,5.03,248.1,0.12,37.19,309.9166666666667,0.0223463687150838,6.925512104283054,238,0.8331601515960876,0.2253141596119238,0,25,918.5052178098197,8,1.440914374273537,0.03393468952334815,0.01586447969884378,4154.20864320365,60.2059223652703,7.649181713764699,8.278031749651342,241.9757425550736,False,none,-0.3519000516188061,-0.2974096092223347,0.01449619953499867,4.49261383922167,22.88878379365372,1.624813285636938,10,straddles_peak,0.2211023318033167,3301.228834923172,47.84389615830684,6.818810803473419,65.07327450876724,588.9039924898791,False,none,0.107712436132682,0.2784789479425743,0.001844075020134918,0.57150958332348,140.7262652626609,0.2642719177588214,0,before_peak,0.2782313083216467,0.09981267514216882,False,-0.3858347411421543,0.07377774660933382,flat_band,median_fraction_ge_0.5,at_least_6_Rdisk
ml_0.7,UGC06818,0.7,0.9799999999999999,8,2,75,1.39,2.12,1.588,286.31,1.079,71.2,0.87,6.98,8.022988505747128,0.6258992805755396,5.02158273381295,55.45,0.4531994737727627,0.2721042659544249,0,1,0.7996975470127531,3,1.33206106870229,0.1420405088329554,1,10.45755594135495,1.742925990225825,1.143326065770115,30.39039446052688,522.9330045286504,False,none,0.6865950792127304,0.9920614948284882,0.02862746652170031,0.2296778348522623,84.02953615636339,0.08306603034213486,0,before_peak,0.07647078834647274,28.12035833269759,4.686726388782932,1.874845271372334,499.9999999997614,673.3199448284568,True,length_upper,0.2873290115967478,0.4920117114500495,0.001740000000000831,0.01396000000000666,1081.290793531789,0.006455247785104532,0,before_peak,0.02843838394772112,-0.4295906540584264,True,0.5445545703797751,0.1452885027637924,rising,median_fraction_lt_0.5,3_to_6_Rdisk
ml_0.7,UGC06917,0.7,0.9799999999999999,11,1,56,2.76,4.52,6.832,261.11,2.023,108.7,1.74,10.47,6.017241379310345,0.6304347826086957,3.793478260869566,100,0.3388719190006574,0.3182881389331969,0,0,0,4,1.33375796178344,0.282696673728256,1,5.171339441672481,0.5745932712969424,0.6856542623106568,2.856786615382656,102.0526974906407,False,none,-0.04362175213516781,-0.1490918191668042,0.6090759424000359,3.664956963751941,7.899023966276941,1.325480216884928,3,straddles_peak,0,8.550615163863815,0.9500683515404239,0.8816624361173311,26.21806529691219,265.2878565072038,False,none,0.2745791026057095,0.3243296011223246,0.06636645306566261,0.3993429675847629,56.69870525955992,0.1846603013608439,0,before_peak,0,-0.2183943152799286,True,-0.3263184258634238,-0.008117571122546463,rising,median_fraction_lt_0.5,3_to_6_Rdisk
ml_0.7,UGC06923,0.7,0.9799999999999999,6,2,65,1.44,1.66,2.89,347.4,0.8090000000000001,79.59999999999999,0.93,5.16,5.548387096774193,0.6458333333333334,3.583333333333333,75.7,0.4800787168715189,0.4489219033504069,0,1,0.1523215356761132,3,1.387096774193548,0.1015904109548382,1,2.475109802450428,0.618777450612607,0.6422758756238667,2.206228207459677,74.34394400410167,False,none,0.2076247302114014,0.3637999127433526,0.4215339088021327,2.338833300450542,6.100227924606793,0.8458700336729799,0,before_peak,0.06154132456075711,5.259316966787271,1.314829241696818,0.9362440001398559,499.9999999999794,885.3406824881694,True,length_upper,0.276374940711,0.4941986187027431,0.001860000000000077,0.01032000000000042,1081.29079353226,0.004772074293857429,0,before_peak,0.028962227726153,-0.3273348753647201,True,0.1060343192565633,0.1747845297561619,rising,median_fraction_lt_0.5,3_to_6_Rdisk
ml_0.7,UGC06930,0.7,0.9799999999999999,10,1,32,3.94,4.38,8.932,189.16,3.237,107.2,1.74,16.61,9.545977011494253,0.4416243654822335,4.215736040609137,105,0.3713920906236796,0.3436544414437586,0,0,0,4,1.36259228876128,-0.02848551411340483,0.7338952438290186,8.337993426204246,1.042249178275531,0.9131261373000034,3.71428162122425,104.2216814434568,False,none,-0.3583772888018154,-0.3197472407301275,0.4684620546964571,4.471928004889743,10.27000035129416,1.617331979731327,5,straddles_peak,0,2.415791461589389,0.3019739326986736,0.491507015371031,11.8095328070827,196.0369609392357,False,none,-0.07057969006449585,0.1117042193168974,0.1473385974216055,1.406490863892452,25.53907820043247,0.6503758620277348,0,before_peak,0,0.5380021064297144,False,-0.3298917746884105,-0.04209417595109102,flat_band,median_fraction_lt_0.5,3_to_6_Rdisk
ml_0.7,UGC06983,0.7,0.9799999999999999,17,1,49,3.21,3.95,5.298,121.57,2.967,109,1.74,15.68,9.011494252873563,0.5420560747663551,4.884735202492211,108,0.2631286801652892,0.2567026388888889,0,0,0,7,1.497612225405922,-0.08074374753859749,0.6677295918367347,19.62207515590974,1.308138343727316,1.074355488213056,3.107273818390119,112.7141637746243,False,none,-0.315414504250574,-0.3696223012837713,0.5599763978642524,5.04622409109855,8.591621869511169,1.825033764072316,9,straddles_peak,0,9.439752757303022,0.6293168504868681,0.7451708354189671,10.08785851641737,214.5316337458003,False,none,0.03487099802056144,0.1008910340440865,0.1724845761038636,1.554343766269299,21.81581708051711,0.7187445669409843,0,before_peak,0,0.3177843152444146,False,-0.2346707567119766,0.1156147455591589,flat_band,median_fraction_lt_0.5,3_to_6_Rdisk
ml_0.7,UGC07089,0.7,0.9799999999999999,12,2,80,2.26,3.9,3.585,520.99,1.214,0,0.87,9.16,10.52873563218391,0.3849557522123894,4.053097345132744,66.2,0.4935687753571981,0.4120283328020081,0,0,0,6,1.499181669394435,0.3356376757309465,1,1.379190762524836,0.1379190762524836,0.3390170549452289,4.613267227661132,77.48876844721089,False,none,0.310151876024051,0.5354716729298837,0.1885865173349342,1.98557758481379,12.75569837730223,0.7181104263408664,0,before_peak,0,5.039343470241,0.5039343470241,0.6480318581572592,499.9999999999701,617.8371252382302,True,length_upper,0.2688772281080704,0.4900694006672434,0.001740000000000104,0.0183200000000011,1081.29079353224,0.008471356692196678,0,before_peak,0,-0.5627496201986981,True,-0.02548579970689546,-0.06676044762287608,rising,median_fraction_lt_0.5,3_to_6_Rdisk
ml_0.7,UGC07125,0.7,0.9799999999999999,13,1,90,3.38,3.92,2.712,103,4.629,65.2,1.44,18.68,12.97222222222222,0.4260355029585799,5.526627218934911,61.5,0.4840787610222724,0.4840787610222724,0,0,0,5,1.436923076923077,-0.02833651955107414,0.69593147751606,4.314780585078047,0.3922527804616406,0.576113008751024,4.341996847894467,56.9904450962209,False,none,-0.2881025965343764,-0.2656951539804668,0.3316446442604602,4.302168024156526,12.00563492503738,1.555936034756766,5,straddles_peak,0,10.32065704622283,0.9382415496566213,0.8910088079605583,19.92138437600846,117.3768305226591,False,none,-0.03173931851983665,0.1930327518462157,0.07228413311146224,0.9376858378625798,43.0816190403925,0.4335955893970928,0,before_peak,0,-0.3787486308549349,True,-0.2597660769833023,-0.003402798968762506,flat_band,median_fraction_lt_0.5,3_to_6_Rdisk
ml_0.7,UGC07151,0.7,0.9799999999999999,11,1,90,1.25,2.17,2.284,965.67,0.616,73.5,0.5,5.5,11,0.4,4.4,67.2,0.4186624671292914,0.4144406363769922,0,0,0,4,1.375,0.2047173356326239,1,14.36561050196231,1.596178944662479,1.142788077942486,1.31213075698359,65.14607840940698,False,none,-0.05301023369733356,-0.2630508948725748,0.3810595836877048,4.191655420564754,3.62804566518672,1.515967688272451,4,straddles_peak,0,22.03268636925722,2.448076263250803,1.415263752137492,9.50100077610924,152.6572160712838,False,none,0.2480351841334589,0.2721332786830175,0.05262603506540869,0.5788863857194955,20.54668933710041,0.267683027166272,0,before_peak,0,-0.1857433652708272,True,-0.2577275693299574,0.04331784850083506,rising,median_fraction_lt_0.5,3_to_6_Rdisk
ml_0.7,UGC07232,0.7,0.9799999999999999,4,2,59,0.29,0.46,0.113,227.42,0.046,0,0.21,0.82,3.904761904761905,0.7241379310344828,2.827586206896552,30.7,0.5646304697073531,0.3769674086389463,0,0,0,2,1.32258064516129,,1,0.5831771500435434,0.2915885750217717,0.381830181508594,40.07851982714796,2999.999999999992,True,excess_amplitude_upper,,,0.005239714463151217,0.02045983742754285,110.8172332308209,0.00739957113251532,0,before_peak,0,6.031488571048087,3.015744285524044,1.22795445467738,499.9999999999994,1064.423053832644,True,length_upper,,,0.0004200000000000005,0.001640000000000002,1081.290793532303,0.0007583528916594836,0,before_peak,0,-1.01462401003871,True,,,unresolved,median_fraction_ge_0.5,below_3_Rdisk
ml_0.7,UGC07261,0.7,0.9799999999999999,7,2,30,1.2,2.66,1.753,566.02,1.388,74.7,0.95,6.67,7.021052631578947,0.7916666666666666,5.558333333333334,69.59999999999999,0.3147839522900905,0.3012638256944577,0,0,0,3,1.401260504201681,0.1067039173464214,1,7.985563832129808,1.597112766425961,1.068079975077429,1.605788205166176,73.5253302764407,False,none,-0.1532203744660242,-0.2437113884492138,0.5916097757746878,4.153723373070703,4.440009431951734,1.502249061004361,3,straddles_peak,0,0.6628126539273678,0.1325625307854736,0.3077133763579737,5.431564289357755,139.0960340479713,False,none,0.1081920688594096,0.1405572962545631,0.1749035727813011,1.228007189948714,11.74620092112275,0.5678431728513675,0,before_peak,0,1.080914794484287,False,-0.2599242918124456,0.001488151512988201,rising,median_fraction_lt_0.5,3_to_6_Rdisk
ml_0.7,UGC07323,0.7,0.9799999999999999,10,1,47,2.26,3.26,4.109,283.68,0.722,0,0.58,5.82,10.03448275862069,0.2566371681415929,2.575221238938053,62.5,0.558810548308257,0.4915295457828863,0,0,0,4,1.42997542997543,0.354856702054802,1,1.644504253934606,0.2055630317418257,0.4055248764175393,3.157032444317499,80.33087293340466,False,none,0.4414973013416739,0.5783982398679174,0.1837168322561813,1.843503385743061,8.729204626519687,0.6667274109165224,0,before_peak,0,7.720442608796907,0.9650553260996134,0.8786604923858194,499.999999999756,772.7503924454321,True,length_upper,0.3929099619627716,0.493546179760607,0.001160000000000566,0.01164000000000568,1081.290793531777,0.005382455889585785,0,before_peak,0,-0.671607197682216,True,0.0866405992868719,0.03805325990796959,rising,median_fraction_ge_0.5,below_3_Rdisk
ml_0.7,UGC07399,0.7,0.9799999999999999,10,1,55,1.64,1.27,1.156,135.78,0.745,103,0.61,6.13,10.04918032786885,0.3719512195121951,3.73780487804878,93.40000000000001,0.150412912011812,0.1279880423276463,0,0,0,4,1.425581395348837,0.2526472615875269,1,43.7618640433262,5.470233005415775,2.091933651991052,1.341555168198398,109.1740016262748,False,none,-0.2586754397588301,-0.317053366350257,0.4546961723677616,4.569323830515374,3.709404254633982,1.652556469773302,4,straddles_peak,0,8.839841107088489,1.104980138386061,0.9402042920072472,6.484524804923092,226.5215789657232,False,none,0.1777052010163893,0.1909972450578992,0.09407011590685629,0.9453275582115231,14.02331394399041,0.4371291995945771,0,before_peak,0,0.6946513537608621,False,-0.511322701346357,-0.07494206057113753,rising,median_fraction_lt_0.5,3_to_6_Rdisk
ml_0.7,UGC07524,0.7,0.9799999999999999,31,1,46,3.46,3.61,2.436,106.86,1.779,79.5,0.35,10.69,30.54285714285714,0.1011560693641618,3.089595375722543,70.2,0.2634801501851723,0.309874943183253,0,0,0,11,1.47448275862069,0.2112390868765389,0.9681945743685688,13.64622240340158,0.470559393220744,0.6634762412403126,2.667462805245324,78.03285678445673,False,none,0.04075195271927254,-0.1904491315927328,0.1312108267495826,4.007553537008682,7.375543036476612,1.449384804228157,10,straddles_peak,0,24.77434393433158,0.8542877218735029,0.893964420420879,21.290968309741,185.3656425914669,False,none,0.3766505990837856,0.2986781133890024,0.01643889535263028,0.5020908323417649,46.04345603742201,0.2321719723061548,0,before_peak,0,-0.2589897174261476,True,-0.1704871341572664,0.1654115122072467,rising,median_fraction_lt_0.5,3_to_6_Rdisk
ml_0.7,UGC07559,0.7,0.9799999999999999,7,2,61,0.58,0.98,0.109,55.06,0.169,0,0.36,2.53,7.027777777777778,0.6206896551724138,4.362068965517241,26.1,0.4423454881754524,0.3900219497317025,0,0,0,3,1.405555555555555,0.2289153012000318,1,0.4932714093890297,0.09865428187780595,0.2654568593923179,1.181273817684679,30.7883384011306,False,none,0.4278481495574499,0.4514149363110775,0.3047557599351584,2.141755757322085,3.266225816931341,0.7745943305221209,0,before_peak,0,2.684397002643709,0.5368794005287418,0.6192618881313127,499.9999999995442,487.3999194358205,True,length_upper,0.452507337156457,0.4971600239051273,0.0007200000000006563,0.005060000000004613,1081.290793531319,0.002339796116951513,0,before_peak,0,-0.7357608012628909,True,0.1989328483574181,0.2235920359564252,rising,median_fraction_lt_0.5,3_to_6_Rdisk
ml_0.7,UGC07577,0.7,0.9799999999999999,9,2,63,0.9,0.77,0.045,54.55,0.044,0,0.19,1.69,8.894736842105262,0.2111111111111111,1.877777777777778,10.7,0.9216569589054877,0.8409237486272227,0,3,0.1620418669666435,4,1.495575221238938,0.8949478408408659,1,1.355812527144707,0.1936875038778152,0.3881312102233108,358.2249178008317,2999.999999999965,True,excess_amplitude_upper,0.3950088846384103,0.9999969805451951,0.0005303930311895206,0.004717706435317315,990.493023101531,0.001706221003665531,0,before_peak,0.1195164255547173,1.797944993122266,0.2568492847317522,0.4469582373135928,499.9999999999559,152.0248662605457,True,length_upper,0.2755327253653655,0.4981546591342566,0.0003800000000000335,0.003380000000000298,1081.290793532209,0.00156294681329834,0,before_peak,0.09012615379586543,-0.1225767583699407,True,-0.4999389562024555,-0.6194151154755003,rising,median_fraction_ge_0.5,below_3_Rdisk
ml_0.7,UGC07603,0.7,0.9799999999999999,12,1,78,0.53,0.85,0.376,520.99,0.258,61.6,0.34,4.11,12.08823529411765,0.6415094339622641,7.754716981132075,60.25,0.2437088614165699,0.1637226653463509,0,0,0,4,1.334415584415584,0.1478915601134157,1,3.717184113177547,0.3717184113177547,0.5565656679717098,1.16988938566863,67.26326656377796,False,none,-0.1151694109935104,-0.1039924002120176,0.290625766987089,3.51315265387334,3.234747826642181,1.270578178041895,3,straddles_peak,0,16.30315649280958,1.630315649280958,1.165588424102092,14.12254016514285,191.0297135885506,False,none,0.2788490100267753,0.3631821675187362,0.02407498906175431,0.2910241324817947,30.54114532371832,0.1345725563477204,0,before_peak,0,-0.6420576249733481,True,-0.2630609711069261,0.1309574499133596,rising,median_fraction_lt_0.5,at_least_6_Rdisk
ml_0.7,UGC07690,0.7,0.9799999999999999,7,2,41,0.57,0.86,0.858,395.21,0.39,57.4,0.59,4.13,7,1.035087719298246,7.24561403508772,57.9,0.4559882371780084,0.4066997260324746,0,0,0,3,1.4,-0.1042060919334427,0.4285714285714286,1.765002307598352,0.3530004615196703,0.5021386131336292,0.8016713253171129,55.52212573988575,False,none,-0.3627939542447035,-0.3996038836467861,0.7359624591369995,5.151737213958997,2.216623732994027,1.863193982147591,4,straddles_peak,0,1.672438565347341,0.3344877130694682,0.4887942256713147,2.060750626278835,96.53764170084774,False,none,-0.09663030365293088,0.04634993965081879,0.2863034432581406,2.004124102806984,4.456541359922471,0.9267276272000868,0,before_peak,0,0.02339510398667387,False,-0.2585878623112607,0.007575788280511864,declining,median_fraction_lt_0.5,at_least_6_Rdisk
ml_0.7,UGC07866,0.7,0.9799999999999999,7,2,44,0.61,0.95,0.124,97.45999999999999,0.118,0,0.33,2.32,7.030303030303029,0.5409836065573771,3.80327868852459,26,0.4123771992787241,0.3976573860481011,0,0,0,3,1.389221556886228,0.4861276306190677,1,0.8182616775363563,0.1636523355072713,0.3418984138049438,0.7732268519987318,28.45352879723824,False,none,0.1656349131928943,0.09742596327071841,0.4267829022582124,3.000413131027432,2.137974674908909,1.085139139966121,1,straddles_peak,0,0.1826202962700735,0.03652405925401469,0.161519700819645,28.15209431352658,134.4982764614614,False,none,0.3862248285637087,0.4561333425560633,0.01172204086576397,0.08240949941991638,60.88120079973889,0.03810700133250246,0,before_peak,0,0.651343168893123,False,-0.3204927174261735,-0.09990280205535901,rising,median_fraction_lt_0.5,3_to_6_Rdisk
ml_0.7,UGC08286,0.7,0.9799999999999999,17,1,90,1.05,2.25,1.255,1488.78,0.642,82.40000000000001,0.47,8.039999999999999,17.1063829787234,0.4476190476190476,7.657142857142856,79.3,0.2120745972102076,0.1757686499264414,0,0,0,6,1.417989417989418,0.0691742644073999,1,120.0309055062096,8.002060367080638,2.657186764298902,1.750849471189888,90.78624173997299,False,none,-0.2777334354195013,-0.3253824956975746,0.2684411239994179,4.592056674373022,4.841104288224815,1.660778103780158,7,straddles_peak,0,33.59834614504399,2.239889743002933,1.405835446504905,5.516547601311649,167.7365177973719,False,none,0.07416521470158921,0.1082711150841133,0.0851982134420901,1.457433268243413,11.92998426676201,0.6739321544958068,0,before_peak,0,0.5529751823278821,False,-0.3469076998269012,0.004990950294189306,flat_band,median_fraction_lt_0.5,at_least_6_Rdisk
ml_0.7,UGC08490,0.7,0.9799999999999999,30,1,50,0.67,1.14,1.017,576.54,0.72,78.59999999999999,0.34,10.15,29.85294117647059,0.5074626865671642,15.14925373134328,78.5,0.1912159941446195,0.1462762906155789,0,0,0,11,1.499261447562777,-0.1091569983103561,0.5665024630541872,102.617566867642,3.664913102415787,1.849482512016465,1.778772669443473,92.1446816188446,False,none,-0.4104806224998279,-0.4325677974363517,0.191143031282562,5.7061816691706,4.91831201911816,2.063716161265399,16,straddles_peak,0,3.38330708329247,0.1208323958318739,0.3358227252233172,3.700028668405928,156.5463177601531,False,none,-0.04906556539519857,-0.006641715851544265,0.09189117989901445,2.743221988161755,8.001613869905846,1.268494101942891,7,straddles_peak,0,1.481880295038571,False,-0.3013236241894718,0.06009143291515753,declining,median_fraction_lt_0.5,at_least_6_Rdisk
ml_0.7,UGC08550,0.7,0.9799999999999999,11,1,90,0.45,1.01,0.289,1284.78,0.288,56.9,0.49,5.36,10.93877551020408,1.088888888888889,11.91111111111111,51.6,0.1982484778827977,0.1795144327723708,0,0,0,4,1.377892030848329,0.1167657405389204,0.8190298507462686,34.21930753117979,3.802145281242199,1.763759093299922,1.307035601724302,60.75280686003979,False,none,-0.09635714455366769,-0.2420210468267491,0.3748941492898656,4.100882939170775,3.613957544888093,1.483138618377426,4,straddles_peak,0,5.80377206117349,0.64486356235261,0.7263715591382022,5.265525962348424,119.8755868528788,False,none,0.240146401752978,0.17419925425039,0.0930581300906662,1.017941994461165,11.38712949238536,0.4707068628300278,0,before_peak,0,0.7705608693149218,False,-0.2131228850925881,0.1233806612140576,rising,median_fraction_lt_0.5,at_least_6_Rdisk
ml_0.7,UGC08699,0.7,0.9799999999999999,41,2,73,3.09,1.91,50.302,1370.35,3.738,182.4,0.22,25.7,116.8181818181818,0.07119741100323625,8.31715210355987,184,0.6324123188020772,0.2922101408446073,0,13,125.0614116445749,4,1.348373557187828,0.05578622922770847,0.05914396887159534,203.4380928893299,5.216361356136664,2.227533322897281,6.282527017439961,172.1718535607028,False,none,-0.3326275137809729,-0.2526013541814792,0.03501775629285663,4.090710621483707,17.37120694010723,1.479459664985221,4,straddles_peak,0.6147394023822675,274.8541981338648,7.047543541893968,2.589162206215413,87.19519384291924,515.4176362470303,False,none,0.1234657350092412,0.3621043536497337,0.002523074842821343,0.2947410157295842,188.5667206852266,0.1362912814446239,0,before_peak,0.4550100107390941,-0.1306700988482209,True,-0.3884137430086814,0.06767950578153271,flat_band,median_fraction_ge_0.5,at_least_6_Rdisk
ml_0.7,UGC08837,0.7,0.9799999999999999,8,2,80,1.72,2.25,0.501,77.42,0.32,0,0.52,4.2,8.076923076923077,0.3023255813953489,2.441860465116279,31.7,0.6438366497976646,0.4309946918402777,0,1,0.3777139019132274,3,1.333333333333333,0.3862973732714526,1,4.293260722294356,0.715543453715726,0.7325691709912413,198.8568568660065,2999.999999999981,True,excess_amplitude_upper,0.6664536885281146,0.9999328263265083,0.002614946289482922,0.02112072003043898,549.8398339536777,0.007638588077185105,0,before_peak,0.08797832844201779,27.46379548602805,4.577299247671342,1.852828765901886,499.9999999998751,419.0523070719127,True,length_upper,0.3799993817652574,0.4951753509697099,0.00104000000000026,0.008400000000002098,1081.290793532035,0.003884246518256857,0,before_peak,0.01375315739244366,-0.8059732931470224,True,0.280156315256662,-0.006297991506195255,rising,median_fraction_ge_0.5,below_3_Rdisk
ml_0.7,UGC09037,0.7,0.9799999999999999,22,2,65,4.28,5.69,68.614,841.0700000000001,19.078,152.3,2.43,27.96,11.50617283950617,0.5677570093457944,6.532710280373832,147,0.7520274244324749,0.54431221408189,0,7,209.8998277069094,8,1.436793422404933,-0.2407145496654776,0.695994277539342,254.0827208645904,12.70413604322952,3.398413539396597,372.344793517673,2999.999999999816,True,excess_amplitude_upper,0.3108667634884348,0.9992049169965048,0.006526209154270509,0.07509169051580389,1029.534523816922,0.02715790423068126,0,before_peak,0.8261082335416758,337.6833169114083,16.88416584557041,3.91781082720839,499.999999999999,570.8693257772567,True,length_upper,-0.03578124962564872,0.4700264406209855,0.00486000000000001,0.05592000000000012,1081.290793532303,0.02585798396438924,0,before_peak,0.621587793044502,-0.1235344735985891,True,0.5515813131539125,0.2049333000398289,declining,median_fraction_ge_0.5,at_least_6_Rdisk
ml_0.7,UGC09133,0.7,0.9799999999999999,68,1,53,6.97,5.92,282.926,864.63,33.428,226.8,0.32,108.31,338.46875,0.04591104734576758,15.53945480631277,279,0.7728891625130567,0.2827341491812936,0,25,1717.81114863201,10,1.448575631937943,-0.007179367309005461,0.09029637152617485,2752.771219824553,41.70865484582657,6.362541135686453,23.92747347939009,231.8405308481983,False,none,-0.3394356757557054,-0.3014790691247121,0.01337374797534022,4.526595760028434,66.15953933991739,1.637103297281442,13,straddles_peak,0.624029754547308,3060.333110579109,46.36868349362287,6.708569048984061,67.25513270628002,431.9061669874404,False,none,-0.04651806581721966,0.09213041491325361,0.004758001168438995,1.610434707980086,145.444711626188,0.7446815961131054,0,before_peak,0.5613150877902134,-0.04599858196556853,True,-0.3322563084467,-0.0393386985082142,flat_band,median_fraction_ge_0.5,at_least_6_Rdisk
ml_0.7,UGC09992,0.7,0.9799999999999999,5,2,30,1.04,1.62,0.336,73.25,0.318,33.6,0.78,3.89,4.987179487179487,0.75,3.740384615384615,33,0.5313319742883379,0.5727054175254742,0,0,0,2,1.246794871794872,,1,0.5061291992350916,0.1687097330783639,0.3181600852511489,0.5810936968299116,29.62505377537515,False,none,,,1.342296439034184,6.694273266465353,1.60672589727081,2.421072571623801,3,straddles_peak,0,0.041005929356881,0.01366864311896033,0.09056039902394535,0.8852634223445681,48.86915520900708,False,none,,,0.8810936725864217,4.394172290206641,1.914454376864164,2.031910526053767,3,straddles_peak,0,1.091414733852702,False,,,unresolved,median_fraction_ge_0.5,3_to_6_Rdisk
ml_0.7,UGC10310,0.7,0.9799999999999999,7,1,34,1.8,3.12,1.741,158.79,1.196,71.40000000000001,1.1,7.74,7.036363636363636,0.6111111111111112,4.3,69.2,0.310799896684512,0.3552410972366172,0,0,0,3,1.402173913043478,0.09508414551697586,1,1.305223445755111,0.2610446891510222,0.4318107134506161,1.752762350144567,70.9262769519612,False,none,-0.1737067602182935,-0.2958472023672865,0.6275808011903454,4.415886728375702,4.846393404543913,1.597063909987803,3,straddles_peak,0,2.32482635341254,0.4649652706825079,0.5762968423369207,7.83485205944916,139.3887887228084,False,none,0.1358626883107179,0.1815859361432147,0.1403983115001328,0.9878935736463889,16.94350680113999,0.4568121635527799,0,before_peak,0,-0.2507056535646478,True,-0.2687909057352693,0.04077854279374202,flat_band,median_fraction_lt_0.5,3_to_6_Rdisk
ml_0.7,UGC11455,0.7,0.9799999999999999,36,1,90,5.93,10.06,374.322,9568.200000000001,13.335,269.4,0.62,41.93,67.62903225806451,0.1045531197301855,7.070826306913997,262.5,0.9189293606887143,0.5313548898410466,0,12,146.3884942364537,7,1.439409543426021,-0.01567121377249551,0.3966134032911996,191.1944804508701,5.623367072084416,2.304551537783859,42.22149029733193,398.2902811263116,False,none,0.03354695420564732,0.8659790233154155,0.01468446508244592,0.9930961627531574,116.7425533131329,0.3591663777263222,0,before_peak,0.7656523027821929,326.0180819592633,9.588767116448921,3.009328468645747,499.9999999999981,911.9714640072436,True,length_upper,-0.1934482874766772,0.4559909860492578,0.001240000000000005,0.08386000000000032,1081.290793532301,0.03877772774058808,0,before_peak,0.4490195554697646,-0.2317663374609424,True,0.04921816797814283,-0.1777770737041817,flat_band,median_fraction_ge_0.5,at_least_6_Rdisk
ml_0.7,UGC11557,0.7,0.9799999999999999,12,2,30,2.75,4.18,12.101,337.93,2.605,0,0.33,10.56,32,0.12,3.84,64.90000000000001,1.24634875335542,0.8784513730989696,0,9,21.76498342952111,2,1.2,,0.5625,24.022183901513,2.4022183901513,1.414867010873961,499.9999999999994,1864.77067970999,True,length_upper,,,0.0006600000000000009,0.02112000000000003,1382.501570776032,0.007638327668642296,0,before_peak,0.9060368332352279,24.48867886507498,2.448867886507498,1.428538847478867,498.8976683811272,0.0010118240572355,False,none,,,0.0006614582927813972,0.02116666536900471,1078.906911470491,0.009787684078886189,0,before_peak,0.8887773631823672,-0.008352868706476226,True,,,unresolved,median_fraction_ge_0.5,3_to_6_Rdisk
ml_0.7,UGC11820,0.7,0.9799999999999999,10,1,45,2.08,2.74,0.97,34.11,1.977,0,0.26,15.82,60.84615384615385,0.125,7.605769230769231,51.875,0.2411971063530961,0.2161055083453173,0,0,0,2,1.203957382039574,,1,103.3944984167682,12.92431230209602,3.215501491474824,4.794119623801717,82.42813592489067,False,none,,,0.05423310647259592,3.299875939986413,13.25575582078816,1.193443830278655,1,straddles_peak,0,8.364254786479332,1.045531848309917,0.9145629987310515,27.69046559454402,189.3122531639879,False,none,,,0.009389513481175593,0.5713157818161456,59.88289103200698,0.2641823019457147,0,before_peak,0,1.092070177180398,False,,,unresolved,median_fraction_lt_0.5,at_least_6_Rdisk
ml_0.7,UGC11914,0.7,0.9799999999999999,65,1,31,2.44,3.12,150.028,3168.33,0.888,288.1,0.28,9.83,35.10714285714285,0.1147540983606558,4.028688524590164,288,0.9533557967020078,0.7963244501265012,0,7,6.042535676246601,6,1.460624071322437,0.1918956825702357,1,57.11600032832431,0.9066031798146716,0.9373940992767319,93.44765604495475,2999.999999999992,True,excess_amplitude_upper,0.02435172387568159,0.9984812506475164,0.002996329836944233,0.1051925796327207,258.3830625349769,0.03804428937237064,0,before_peak,0.1057940969520244,233.8859256227356,3.712475009884693,1.896904059139668,499.9999999999994,1519.967905125799,True,length_upper,-0.1513941710054854,0.4893248611754507,0.0005600000000000007,0.01966000000000002,1081.290793532303,0.009090986493917956,0,before_peak,0.02583539672238925,-0.6122463009625347,True,-0.1675439586945541,-0.3432898535757212,rising,median_fraction_ge_0.5,3_to_6_Rdisk
ml_0.7,UGC12506,0.7,0.9799999999999999,31,2,86,7.38,12.36,139.571,5608.28,35.556,234,0.82,49.99,60.96341463414635,0.1111111111111111,6.773712737127371,238,0.3095877878064061,0.2958784354104882,0,0,0,11,1.487797619047619,-0.18689031396073,0.4754950990198039,90.32647726413468,3.114706112556368,1.706973148910409,7.726075201213693,257.5023649467861,False,none,-0.3584608332051916,-0.4714803950838708,0.1061340950798907,6.47029684517529,21.36262220322338,2.340068532993907,18,straddles_peak,0,6.660788939916562,0.2296823772385021,0.463534420892502,11.05886668247118,430.1200898935306,False,none,-0.1064681597532704,-0.09286151263788101,0.07414864683193423,4.520354701376088,23.91570146131447,2.090258572631155,16,straddles_peak,0,1.132289400654741,False,-0.1715705192444615,0.08042215420745961,declining,median_fraction_lt_0.5,at_least_6_Rdisk
ml_0.7,UGC12632,0.7,0.9799999999999999,15,1,46,2.42,3.94,1.301,66.81,1.744,71.7,0.71,10.66,15.01408450704225,0.2933884297520661,4.404958677685951,65.5,0.2332786720237896,0.2603104617422553,0,0,0,6,1.49929676511955,0.1479060206181384,0.8677298311444652,12.37601178557703,0.9520009065828484,0.9083322367789233,2.447673000077893,74.59055215864142,False,none,-0.1035315638217061,-0.2572186756839803,0.2900714270155391,4.355156918289643,6.767823534707547,1.575100169992929,6,straddles_peak,0,4.161114942474808,0.3200857648057545,0.5266950377890928,8.968087799354731,141.8077689323695,False,none,0.1975480041639646,0.1526037273637296,0.07916960849235728,1.188659192293702,19.39422154606332,0.5496482534594842,0,before_peak,0,0.4733710017918945,False,-0.2514375844398444,0.04964198354582625,rising,median_fraction_lt_0.5,3_to_6_Rdisk
ml_0.7,UGC12732,0.7,0.9799999999999999,16,1,39,1.98,3.12,1.667,120.46,3.66,0,0.96,15.4,16.04166666666667,0.4848484848484849,7.777777777777778,79.8,0.2083360178032538,0.2244855349472508,0,0,0,6,1.452830188679245,0.4304988358482985,1,56.58756094181362,4.041968638700973,1.880617600381149,3.87434209512945,94.5082716582658,False,none,0.01586006425047016,-0.187177578201894,0.2477840047234973,3.974868409106103,10.71256806448035,1.437563794909436,5,straddles_peak,0,2.63007052092022,0.18786218006573,0.4054373041020199,16.36212727225011,190.2238342421855,False,none,0.3079543507053223,0.1932860985887578,0.05867207753775047,0.9411979105014138,35.38443516417578,0.4352196079589086,0,before_peak,0,1.332753581693353,False,-0.4146387715978283,-0.1225444851429762,rising,median_fraction_lt_0.5,at_least_6_Rdisk
ml_0.7,UGCA442,0.7,0.9799999999999999,8,1,64,1.18,1.71,0.14,116.1,0.263,56.4,0.42,6.33,15.07142857142857,0.3559322033898305,5.364406779661017,51.9,0.2035596620683912,0.1353809281498067,0,0,0,3,1.361290322580645,0.009050293640774278,0.8657187993680885,6.679093802132552,1.113182300355425,0.9137213608461657,2.004286073284479,62.6917545558554,False,none,-0.07817553171251493,0.02686585556061303,0.2095509246899742,3.158231793541754,5.541857289200641,1.142216349081237,1,straddles_peak,0,12.1810600497194,2.030176674953234,1.233949960985017,24.25413763372997,173.7150734522069,False,none,0.2091957090015377,0.3759715574071586,0.01731663299444258,0.2609863972733846,52.45155145683524,0.1206827982049157,0,before_peak,0,-0.2609675413677193,True,-0.08722582535328921,0.2001454153607634,flat_band,median_fraction_lt_0.5,3_to_6_Rdisk
ml_0.7,UGCA444,0.7,0.9799999999999999,36,2,78,0.83,0.41,0.012,22.74,0.067,37,0.12,2.62,21.83333333333334,0.144578313253012,3.156626506024097,27.85,0.237463940685129,0.2259435381826887,0,0,0,13,1.497142857142857,0.3960757598130157,1,12.81078949196025,0.3767879262341251,0.5965360539527872,0.8388421939142585,34.74846634135532,False,none,0.02048794919696874,0.08646425372320997,0.1430543204318901,3.123352662762933,2.319401301439354,1.129601849569587,5,straddles_peak,0,2.06005487030909,0.06058984912673795,0.2392148540485618,499.9999999999732,645.1737417203179,True,length_upper,0.3445481940127701,0.4971307754318911,0.0002400000000000129,0.005240000000000281,1081.290793532247,0.002423029970912136,0,before_peak,0,0.7936971067698034,False,-0.375587810616047,-0.05152756580024553,rising,median_fraction_lt_0.5,3_to_6_Rdisk
wide_ml_0.5,CamB,0.5,0.7,9,2,65,0.47,1.21,0.075,66.2,0.012,0,0.16,1.79,11.1875,0.3404255319148937,3.808510638297873,10.9,1.429954549280364,0.6791787131519273,0,6,15.78873304458804,3,1.467213114754098,0.8170110994450819,1,31.52042635694531,4.502918050992188,1.871435169920707,979.23253371976,9999.999998719875,True,excess_amplitude_upper,0.1509025275567524,0.9999995352597912,0.0001633932641026706,0.001827962142148627,2707.581032045127,0.0006611067143752122,0,before_peak,0.5009048058485128,42.06251418955232,6.008930598507474,2.161853993156808,4999.999999999995,458.219603078186,True,length_upper,-0.1159026415424733,0.4998016370188131,3.200000000000003e-05,0.0003580000000000004,10812.90793532304,0.0001655428873256677,0,before_peak,0.375363511877512,-0.125303144789833,True,-0.6661085718883295,-0.9329137409875552,rising,median_fraction_ge_0.5,3_to_6_Rdisk
wide_ml_0.5,D512-2,0.5,0.7,4,2,56,1.24,2.37,0.325,93.94,0.081,0,0.96,3.83,3.989583333333333,0.7741935483870968,3.088709677419355,34.7,0.2210721286273657,0.200023681789035,0,0,0,2,1.329861111111111,,0.7519582245430809,0.1844213799677884,0.0922106899838942,0.2147215522297357,1.024805853568118,38.43182063830989,False,none,,,0.9367627991755902,3.737293250877615,2.833591404596794,1.35164159299283,2,straddles_peak,0,0.6267173551921796,0.3133586775960898,0.395827410367252,8.421254186285594,95.25693222917091,False,none,,,0.1139972715184639,0.4548016144955384,18.21164924325199,0.2103049509049347,0,before_peak,0,-0.5312604540540061,True,,,unresolved,median_fraction_lt_0.5,3_to_6_Rdisk
wide_ml_0.5,D564-8,0.5,0.7,6,2,63,0.61,0.72,0.033,21.13,0.029,0,0.51,3.07,6.019607843137255,0.8360655737704918,5.032786885245901,20.85,0.1929247886406366,0.1351736879861111,0,0,0,2,1.19921875,,1,0.1846460211022889,0.04616150527557223,0.1754261578282483,1.179611078089186,26.98798173488489,False,none,,,0.4323458888044122,2.602552703195187,3.26162833672622,0.9412476478179722,0,before_peak,0,3.622392725302692,0.905598181325673,0.7770020082881266,4999.999999999995,1334.196537099835,True,length_upper,,,0.0001020000000000001,0.0006140000000000005,10812.90793532304,0.0002839199240725139,0,before_peak,0,-1.292655579429187,True,,,unresolved,median_fraction_lt_0.5,3_to_6_Rdisk
wide_ml_0.5,D631-7,0.5,0.7,16,1,59,0.7,1.22,0.196,115.04,0.29,57.7,0.45,7.19,15.97777777777778,0.6428571428571429,10.27142857142857,47.2,0.2461665263017845,0.1161013871051649,0,1,2.636367523694372,6,1.455465587044534,0.1146634886066203,0.8748261474269818,10.39437896141756,0.7424556401012543,0.8060078691232472,3.373624120404601,70.60383284007629,False,none,0.35310695499315,0.4684032460845596,0.1333877112385689,2.131239208456246,9.328081291334552,0.7707908813658441,0,before_peak,0.2536339624984031,84.01357410172488,6.000969578694635,2.291472971989372,4999.999999961102,2033.033584380132,True,length_upper,0.3637429866028238,0.4992021872577265,9.000000000070017e-05,0.001438000000011187,10812.90793523893,0.0006649460111065975,0,before_peak,0.03138025672496945,-0.9075509144228895,True,0.2384434663865297,0.2490794979962035,rising,median_fraction_lt_0.5,at_least_6_Rdisk
wide_ml_0.5,DDO064,0.5,0.7,14,1,60,0.6899999999999999,1.2,0.157,151.65,0.211,46.1,0.1,2.98,29.8,0.1449275362318841,4.318840579710145,37.9,0.2313944233798714,0.2746499040366949,0,0,0,4,1.432692307692308,0.0344170022953114,1,3.619885652796446,0.3016571377330372,0.5084911610972523,1.012429485463402,48.76889515296312,False,none,0.1313769774696563,0.1190702290907211,0.09877231099628511,2.943414867689296,2.799370707906248,1.064524963265352,1,straddles_peak,0,6.595885035689624,0.5496570863074687,0.6863924864145889,4999.999999999995,2605.60798580847,True,length_upper,0.4122105724951091,0.4996623535717495,2.000000000000002e-05,0.0005960000000000005,10812.90793532304,0.0002755965386762513,0,before_peak,0,-0.2605782254299274,True,0.09695997517434496,0.3777935701997977,flat_band,median_fraction_lt_0.5,3_to_6_Rdisk
wide_ml_0.5,DDO154,0.5,0.7,12,2,64,0.37,0.65,0.053,71.26000000000001,0.275,47,0.49,5.92,12.08163265306122,1.324324324324324,16,43.3,0.1729459851317041,0.1335897066166216,0,0,0,5,1.49873417721519,-0.0260934647409813,0.8344594594594595,23.87386774135089,2.387386774135089,1.410492459549468,1.748717561228342,50.95573159640603,False,none,-0.04871380877322809,0.002024250880763868,0.2802053406816661,3.385337993541762,4.835209550483636,1.224352313625758,3,straddles_peak,0,117.7120807622204,11.77120807622204,3.131986600149874,17.34116772223445,143.1962159505858,False,none,0.2591090536049,0.3512881256121769,0.02825645930243401,0.3413841613681823,37.50169001430336,0.1578595524026271,0,before_peak,0,-0.6928982530756623,True,-0.02262034403224679,0.2852025183458813,flat_band,median_fraction_lt_0.5,at_least_6_Rdisk
wide_ml_0.5,DDO161,0.5,0.7,31,1,70,1.22,2.04,0.548,169.37,1.378,66.3,0.6,13.37,22.28333333333333,0.4918032786885246,10.95901639344262,55,0.3495570909090909,0.249305309665101,0,0,0,10,1.46761800219539,0.1018650505733616,0.7868362004487659,9.386558797996736,0.3236744413102323,0.550265589774808,4.740974375506535,68.67093179272184,False,none,0.01840230772999379,0.1919053213383697,0.1265562630120511,2.82009539411854,13.10880904229342,1.019924842666019,1,straddles_peak,0,33.31907556392583,1.148933640135373,1.036729901738586,71.60738029197067,224.0586462004285,False,none,0.1786606608154529,0.4094665773365224,0.008379024585923553,0.1867125978563298,154.856802117349,0.08633782834975723,0,before_peak,0,-0.550186538479484,True,-0.08346274284336785,0.07679561024209125,rising,median_fraction_lt_0.5,at_least_6_Rdisk
wide_ml_0.5,DDO168,0.5,0.7,10,2,63,1.02,1.29,0.191,92.22,0.413,53.4,0.41,4.12,10.04878048780488,0.4019607843137254,4.03921568627451,48,0.2828820552788822,0.2305924264245383,0,0,0,4,1.42560553633218,-0.03136377136231972,0.9004854368932038,26.03111834060911,3.253889792576139,1.613416199887962,1.781192642196209,61.22134657169607,False,none,0.2912756421952035,0.3856605894234201,0.2301828506850726,2.313056938591461,4.925003251381947,0.8365476710789858,0,before_peak,0,85.203725082123,10.65046563526538,2.918967712773182,4999.999999999995,2466.919982749236,True,length_upper,0.3702371066003721,0.4995386584652444,8.200000000000007e-05,0.0008240000000000007,10812.90793532304,0.0003810260870289111,0,before_peak,0,-0.5149657558792846,True,0.3226394135575232,0.4016008779626918,flat_band,median_fraction_lt_0.5,3_to_6_Rdisk
wide_ml_0.5,DDO170,0.5,0.7,8,2,66,1.95,3.03,0.543,73.93000000000001,0.735,60,1.87,12.33,6.593582887700534,0.958974358974359,6.323076923076923,57.1,0.245099284508724,0.2348428194444444,0,0,0,3,1.320128479657388,0.1883854071495452,1,40.61069310985667,6.768448851642778,2.253072710484969,3.36157984579813,63.3807011705134,False,none,-0.2083913253288639,-0.1545479057696699,0.5562860576813138,3.667918230593903,9.294778834209943,1.326551198251082,3,straddles_peak,0,12.96932632282907,2.161554387138178,1.273250089477175,13.3262962175451,127.0293468754047,False,none,0.05918521626077744,0.187967975074178,0.1403240607497528,0.9252383256922206,28.81920282383179,0.4278397315627279,0,before_peak,0,0.4957229840056119,False,-0.3967767324784091,-0.1292001908887677,rising,median_fraction_lt_0.5,at_least_6_Rdisk
wide_ml_0.5,ESO079-G014,0.5,0.7,15,1,79,5.08,7.23,51.733,2295.25,3.14,175,0.41,16.67,40.65853658536586,0.08070866141732283,3.281496062992126,132,0.3339046294553804,0.3223589198702643,0,0,0,4,1.430901287553648,0.1273136783696661,1,13.77829290658814,1.059868685122165,0.9584116341318116,5.382141078072142,171.8654149314068,False,none,0.02957495283130456,0.07714242180922685,0.07617786194241866,3.097280386780779,14.88163698914591,1.120172465714522,2,straddles_peak,0,49.49539665201264,3.807338204000973,1.816505741839033,68.21782693981504,509.1463978314931,False,none,0.2385086221177817,0.3849911338082698,0.006010159197268497,0.2443642776060143,147.5266164496041,0.1129965588663424,0,before_peak,0,-0.555369396015257,True,-0.09773872553836152,0.1111949437481156,rising,median_fraction_lt_0.5,3_to_6_Rdisk
wide_ml_0.5,ESO116-G012,0.5,0.7,15,1,74,1.51,2.75,4.292,1320.78,1.083,109.1,0.25,9.859999999999999,39.44,0.1655629139072848,6.52980132450331,102,0.2592183102652826,0.2002782636141739,0,0,0,5,1.447870778267254,0.0981332394784519,1,20.14837325595742,1.549874865842878,1.158975790830203,2.596824032260196,115.8909951006548,False,none,-0.1236148171486666,-0.1420169084402319,0.09627144423120872,3.796945760478871,7.18022660725735,1.373215713001884,4,straddles_peak,0,30.39847775482421,2.338344442678785,1.423574790327135,24.04641077760741,295.508179638241,False,none,0.2552140193639733,0.3260873487846014,0.01039656197808972,0.4100404044158584,52.00232518264578,0.1896069063329207,0,before_peak,0,-0.1786118485418319,True,-0.2217480566271185,0.1570807798855214,flat_band,median_fraction_lt_0.5,at_least_6_Rdisk
wide_ml_0.5,ESO444-G084,0.5,0.7,7,2,32,0.46,0.75,0.07099999999999999,66.81,0.135,0,0.26,4.44,17.07692307692308,0.5652173913043478,9.652173913043478,52.8,0.1633661544421488,0.07540088178250402,0,0,0,2,1.309734513274336,,0.7635135135135135,20.02017917470214,4.004035834940427,1.691161020242017,1.16968212403923,69.83945810103683,False,none,,,0.2222826139311673,3.795903099439935,3.234174747585767,1.372838620830353,2,straddles_peak,0,3.349026599496533,0.6698053198993066,0.6916880592844202,12.71436883737283,194.3741869826471,False,none,,,0.02044930450937931,0.3492112000832466,27.49585993885056,0.1614788557213465,0,before_peak,0,0.7765493630498913,False,,,unresolved,median_fraction_lt_0.5,at_least_6_Rdisk
wide_ml_0.5,ESO563-G021,0.5,0.7,30,1,83,5.45,10.59,311.177,6558.89,24.298,314.6,0.45,42.41,94.24444444444444,0.08256880733944955,7.781651376146788,310.5,0.3808382709709679,0.2499474418945313,0,3,30.68616450078449,9,1.472569444444444,0.04681674366252683,0.8795095496345202,342.6807389905244,12.23859782109016,3.379747224229077,6.92983480741138,345.799560523753,False,none,-0.4698152975604574,-0.459373202871714,0.06493661284951989,6.119915002106974,19.16101501292933,2.213348299731662,14,straddles_peak,0.08954738626740558,577.7054771752354,20.63233847054412,4.388262667522822,39.06058592791958,649.2706960318699,False,none,0.002631913491103688,0.1676668600769915,0.01152056451048654,1.085749201977186,84.47170390767387,0.5020616139855946,0,before_peak,0.05311731619860764,-0.2268167902837817,True,-0.5166320412229842,-0.04418483017142314,flat_band,median_fraction_lt_0.5,at_least_6_Rdisk
wide_ml_0.5,F565-V2,0.5,0.7,7,2,60,2.17,3.57,0.5590000000000001,40.26,0.699,0,1.26,8.800000000000001,6.984126984126985,0.5806451612903226,4.055299539170507,68.5,0.131693405796157,0.131693405796157,0,0,0,3,1.399046104928458,0.3655114241942585,1,0.2864280737521649,0.05728561475043298,0.202282713671508,3.201065533087339,88.251282549712,False,none,0.2313154043463352,0.1983489129981243,0.3936189331259222,2.749084612308029,8.850956255300538,0.9942428531075361,0,before_peak,0,1.869770947093391,0.3739541894186782,0.516826987781265,4999.99999094332,2675.61353956306,True,length_upper,0.4936070000305294,0.4990069239178714,0.0002520000004564566,0.001760000003187951,10812.90791573724,0.0008138421291087083,0,before_peak,0,-0.8147728249909277,True,-0.1341960198479233,0.1280955758362709,rising,median_fraction_lt_0.5,3_to_6_Rdisk
wide_ml_0.5,F568-3,0.5,0.7,18,1,40,4.99,7.47,8.346,132.08,3.195,0,0.64,17.98,28.09375,0.1282565130260521,3.603206412825651,83.90000000000001,0.2109319042864709,0.2117790403044597,0,0,0,4,1.499582985821518,0.4517039611051215,1,14.79238903855974,0.924524314909984,0.9065315168437867,3.96249890060083,113.8976744299567,False,none,-0.1901552827262273,-0.2885050656272765,0.1615142403958667,4.537540691121381,10.95632190855791,1.641061676542741,4,straddles_peak,0,51.03379404284257,3.189612127677661,1.683808415514639,4999.999999999844,2636.323885881321,True,length_upper,0.4225036206405267,0.4980392967835916,0.000128000000000004,0.003596000000000112,10812.90793532271,0.001662827438053405,0,before_peak,0,-0.5378195363973381,True,-0.6418592438313487,-0.02920034046459474,rising,median_fraction_lt_0.5,3_to_6_Rdisk
wide_ml_0.5,F568-V1,0.5,0.7,15,1,40,2.85,4.4,3.825,90.54000000000001,2.491,112.3,0.39,17.63,45.2051282051282,0.1368421052631579,6.185964912280701,111,0.115854348692602,0.1447348692964519,0,0,0,2,1.495335029686175,,1,6.267627104478176,0.4821251618829366,0.6464068432227584,2.475290908311955,130.5414226651793,False,none,,,0.1575572385008935,7.122395166078851,6.844187137737827,2.575908525760613,6,straddles_peak,0,2.823920805712058,0.217224677362466,0.4338909852111132,8.012883159992054,244.5567174950006,False,none,,,0.04867161946741612,2.200206797975759,17.3285135810989,1.017398285057176,1,straddles_peak,0,0.3462506368466077,False,,,unresolved,median_fraction_lt_0.5,at_least_6_Rdisk
wide_ml_0.5,F571-8,0.5,0.7,13,1,85,3.56,1.4,10.164,87.26000000000001,1.782,139.7,0.22,15.55,70.68181818181819,0.06179775280898876,4.367977528089888,105,0.3905357687074829,0.09630044890971433,0,4,65.2748639899923,2,1.400900900900901,,1,105.4460566625605,9.586005151141864,2.848023020954934,5.355201497901671,163.591572132411,False,none,,,0.04108155409020606,2.903718936830474,14.80714896534246,1.050168404221248,1,straddles_peak,0.6190356098273012,210.3383716718355,19.12167015198505,4.022421502526475,4999.999999949333,3742.913235513513,True,length_upper,,,4.400000000044587e-05,0.003110000000031515,10812.90793521348,0.001438096032368836,0,before_peak,0.3103326486326158,-0.2998881643316448,True,,,unresolved,median_fraction_lt_0.5,3_to_6_Rdisk
wide_ml_0.5,F571-V1,0.5,0.7,7,2,30,2.47,4.38,1.849,64.39,1.217,83.59999999999999,1.95,13.59,6.969230769230769,0.7894736842105262,5.502024291497976,77,0.2007405296002698,0.1930741195723908,0,0,0,3,1.398148148148148,0.05233148695422855,0.8579838116261957,0.5056916744014475,0.1011383348802895,0.2687781013617652,3.992257428705504,89.043934545616,False,none,-0.07527225153117909,-0.04117440456646822,0.4884454559415249,3.404089100638628,11.0386043322553,1.23113389980737,2,straddles_peak,0,1.593860636157462,0.3187721272314923,0.4771733192393756,26.16322829669347,206.3106764972691,False,none,0.1953441979538678,0.2903363141594592,0.074532086709133,0.5194313119882654,56.58011577259708,0.2401903886980365,0,before_peak,0,-0.4985645413576227,True,-0.1276037384854076,0.1430127109996392,flat_band,median_fraction_lt_0.5,3_to_6_Rdisk
wide_ml_0.5,F574-1,0.5,0.7,14,1,65,4.46,5.87,6.537,128.48,3.524,97.8,0.47,12.6,26.80851063829787,0.1053811659192825,2.825112107623319,90.95,0.1745944308673197,0.1937782181727286,0,0,0,5,1.412556053811659,0.1011507015818541,1,10.77600273714483,0.8980002280954027,0.8773337342338039,2.838546331559113,106.1065271728399,False,none,-0.1443129944119047,-0.300396213683643,0.1655777095390392,4.438891787642327,7.848589524202043,1.605383994301961,6,straddles_peak,0,19.72467915193986,1.643723262661655,1.18697331634287,15.90819749366648,221.9346713113861,False,none,0.2678548953796412,0.2216483468166315,0.02954451629024097,0.7920444792702899,34.40277498319051,0.3662495251082643,0,before_peak,0,-0.2625522545359574,True,-0.2454636959937588,0.1667041937977872,rising,median_fraction_lt_0.5,below_3_Rdisk
wide_ml_0.5,F583-1,0.5,0.7,25,1,63,2.36,3.74,0.986,60.93,2.126,85.8,0.26,16.26,62.53846153846154,0.1101694915254237,6.889830508474577,59.4,0.1028703253420843,0.2290948336315168,0,0,0,2,1.049709489993544,,0.9526445264452644,7.955736648624924,0.345901593418475,0.5641183084646313,3.244912598755352,93.437864590408,False,none,,,0.08012542467237113,5.01092078912598,8.972193529620432,1.81226585743162,3,straddles_peak,0,35.95753615282302,1.563371137079262,1.199292060389345,29.88147683782801,226.153246909754,False,none,,,0.008701042502385854,0.5441498118799769,64.62113160378448,0.2516204776433805,0,before_peak,0,-0.6551095271356114,True,,,unresolved,median_fraction_lt_0.5,at_least_6_Rdisk
wide_ml_0.5,F583-4,0.5,0.7,12,1,55,1.93,3.31,1.715,83.34,0.641,0,0.22,7.29,33.13636363636363,0.1139896373056995,3.77720207253886,58.5,0.2363709410205058,0.2189509449780187,0,0,0,6,1.458,0.3530738675867516,1,10.75035251608913,1.075035251608913,0.9465002428283333,2.236939629098662,66.68154949261897,False,none,0.05605501889810256,0.04111755968996786,0.09834865328423967,3.258916738373215,6.185145101920117,1.178630392638144,2,straddles_peak,0,1.517128456645239,0.1517128456645239,0.3555662686294964,27.44817669679918,197.0388232035924,False,none,0.3196696206042413,0.3785775114676767,0.008015104333893875,0.2655914117913016,59.35892152299382,0.1228122043486939,0,before_peak,0,0.8504003510351094,False,-0.297018848688649,-0.03340424698251032,rising,median_fraction_lt_0.5,3_to_6_Rdisk
wide_ml_0.5,IC2574,0.5,0.7,34,2,75,2.78,3.18,1.016,80.31999999999999,1.036,66.40000000000001,0.85,10.23,12.03529411764706,0.3057553956834532,3.679856115107914,43.65,0.2463564517689245,0.2277423809849054,0,0,0,13,1.497803806734993,0.6051982907421951,1,113.1873585063469,3.537104953323339,1.824565689710575,4.976822315769884,68.81630486174912,False,none,0.4917381230369477,0.508788380105909,0.1707917112705902,2.055528477997809,13.76092933805017,0.7434090931426528,0,before_peak,0,1064.660102120097,33.27062819125303,5.595849570467113,4999.999999999995,1551.16555499908,True,length_upper,0.481149964881272,0.4988785024356927,0.0001700000000000001,0.002046000000000002,10812.90793532304,0.0009460914733751847,0,before_peak,0,-0.9734130545374065,True,-0.1134601677052474,-0.1240483258609231,rising,median_fraction_lt_0.5,3_to_6_Rdisk
wide_ml_0.5,IC4202,0.5,0.7,32,1,90,4.78,8.550000000000001,179.749,8888.530000000001,12.326,242.6,0.77,25.9,33.63636363636363,0.1610878661087866,5.418410041841003,240.5,0.5210459268277927,0.4118153949129853,0,3,758.5164216159998,9,1.448545861297539,0.01237231024374241,0.5447876447876447,997.8183634562115,33.26061211520705,5.584068754770719,5.272961595078979,219.3391035723105,False,none,-0.3418279660082247,-0.3635460913714634,0.146027993209472,4.911850680682242,14.57975537567678,1.776435840837813,14,straddles_peak,0.7601748468415381,1205.243903506499,40.17479678354997,6.137089862840376,50.45446087216818,532.9171847277364,False,none,0.04962362340714641,0.2945551602834813,0.01526128684539665,0.5133341938906144,109.1118880674227,0.2373710184906323,0,before_peak,0.6293468230033735,-0.08202345110451911,True,-0.3542002762519671,0.037251313163404,flat_band,median_fraction_ge_0.5,3_to_6_Rdisk
wide_ml_0.5,KK98-251,0.5,0.7,15,2,59,1.34,1.28,0.08500000000000001,52.1,0.115,33.7,0.25,3.13,12.52,0.1865671641791045,2.335820895522388,21.8,0.4038566290952151,0.342683267065388,0,0,0,3,1.272357723577236,0.1137613043934033,0.8913738019169329,2.980125306974744,0.2292404082288264,0.4457297616998251,1.536442832800646,36.13927051016967,False,none,0.2642087997970435,0.4524810163686663,0.1627135059391029,2.037173094357568,4.248269259508945,0.7367706255892535,0,before_peak,0,23.52367205264304,1.809513234818695,1.252295813100697,4999.999999999995,1509.280824013187,True,length_upper,0.2675451027776405,0.4996296501754381,5.000000000000004e-05,0.0006260000000000006,10812.90793532304,0.0002894688476700223,0,before_peak,0,-0.8972705907217186,True,0.1504474954036402,0.1537837983842372,rising,median_fraction_lt_0.5,below_3_Rdisk
wide_ml_0.5,NGC0024,0.5,0.7,29,1,64,1.34,2.01,3.889,1182.58,0.676,106.3,0.21,11.27,53.66666666666666,0.1567164179104477,8.410447761194028,92.40000000000001,0.2444542230331079,0.1211635510478916,0,0,0,3,1.327444051825677,0.1324288919340922,1,94.17376230591492,3.487917122441293,1.802046368437024,1.533339649861118,144.7185962964372,False,none,-0.510606559092147,-0.4943535442670092,0.1369559575525361,7.349969721986107,4.23968894893234,2.658213877420906,4,straddles_peak,0,25.14247378315946,0.9312027327096095,0.9311186039338412,4.259937835880644,215.8997231453839,False,none,-0.08640611529577151,-0.01043828507676868,0.04929649400777872,2.645578511750791,9.212463125915342,1.223342752742929,2,straddles_peak,0,0.5735219151782781,False,-0.6430354510262393,-0.2188350072298637,rising,median_fraction_lt_0.5,at_least_6_Rdisk
wide_ml_0.5,NGC0055,0.5,0.7,21,2,77,6.11,3.67,4.628,391.59,1.565,85.59999999999999,1.23,13.5,10.97560975609756,0.2013093289689034,2.20949263502455,82.40000000000001,0.3473688687081722,0.3151360277914548,0,0,0,8,1.465798045602606,0.03554401520521736,0.9548148148148149,2.424352624793599,0.1275975065680842,0.3397725166716836,4.129672357831542,85.16866176647346,False,none,-0.03400540127215374,0.02619378488584049,0.2978444519133385,3.269024472219569,11.41855704298495,1.182285988429142,4,straddles_peak,0,56.40452051743785,2.968658974601992,1.638880577848618,209.9698954093372,468.9062361720423,False,none,0.2739378317028429,0.4660536753119839,0.005857982629376987,0.06429493129804011,454.0770296501145,0.0297306384566564,0,before_peak,0,-1.366718123027926,True,-0.0695494164773711,0.2383938164976255,flat_band,median_fraction_lt_0.5,below_3_Rdisk
wide_ml_0.5,NGC0100,0.5,0.7,21,1,89,1.66,2.81,3.232,1193.52,1.99,88.09999999999999,0.23,9.619999999999999,41.82608695652173,0.1385542168674699,5.795180722891566,77.8,0.2711361278342068,0.1673859853061224,0,0,0,7,1.343575418994413,0.303033013722083,1,4.089543746534706,0.2152391445544582,0.4412937552316082,2.951115350093251,91.62541050883516,False,none,-0.03981272484871945,-0.02074881796732937,0.0779366350396071,3.259784474265305,8.159843214090367,1.178944220813979,4,straddles_peak,0,14.34502877448309,0.7550015144464787,0.826496586991573,4999.999999998751,2825.697994676841,True,length_upper,0.3951611411878683,0.4988897089002756,4.600000000001149e-05,0.00192400000000048,10812.90793532035,0.0008896774168007371,0,before_peak,0,-0.5450265654552594,True,-0.3428457385708024,0.09212812746578536,rising,median_fraction_lt_0.5,3_to_6_Rdisk
wide_ml_0.5,NGC0247,0.5,0.7,26,2,74,3.74,5.87,7.332,506.79,1.746,104.9,1.08,14.54,13.46296296296296,0.2887700534759358,3.887700534759358,88.90000000000001,0.2549768352624331,0.2525950204081632,0,0,0,9,1.421309872922776,0.1569389704040567,0.9635488308115544,356.8916097669398,14.87048374028916,3.704942695326276,2.467242779574946,91.39055613342494,False,none,-0.3594631484308818,-0.4546637494506303,0.4377356006230004,5.893218178757802,6.821934036496381,2.131360391673836,15,straddles_peak,0,44.39268776366178,1.849695323485907,1.306679405146169,22.31247954876351,229.5967946584976,False,none,0.1454363245040431,0.255231707215484,0.04840340571022957,0.6516532583580906,48.25255743391163,0.3013311785580378,0,before_peak,0,0.9052248979008989,False,-0.5164021188349385,-0.01150264590001354,rising,median_fraction_lt_0.5,3_to_6_Rdisk
wide_ml_0.5,NGC0289,0.5,0.7,28,2,46,6.74,2.69,72.065,69.95999999999999,27.469,163,1.5,71.12,47.41333333333333,0.2225519287833828,10.55192878338279,175,0.284370323401115,0.2340520454080598,0,0,0,8,1.424679487179487,-0.2603796041424148,0.03543307086614173,171.0759796363904,6.5798453706304,2.471812374672756,11.28899479036031,188.662889969414,False,none,-0.5012324556274897,-0.4710679729581635,0.132872769263819,6.299940900028537,31.21410606031118,2.278457049597498,14,straddles_peak,0,50.76743679384742,1.952593722840285,1.34652246273035,19.46102101074209,321.3938167593075,False,none,-0.1782709716438299,-0.06145224642039272,0.07707714817079898,3.654484518604816,42.08604570330834,1.689871281834619,10,straddles_peak,0,0.5276037987994059,False,-0.2408528514850749,0.08210863249858497,declining,median_fraction_lt_0.5,at_least_6_Rdisk
wide_ml_0.5,NGC0300,0.5,0.7,25,2,42,1.75,1.77,2.922,437.35,0.9360000000000001,93.3,0.91,11.8,12.96703296703297,0.52,6.742857142857143,88.2,0.2036454759737683,0.1485943395818656,0,0,0,9,1.444308445532436,0.09023635217363922,0.8076271186440677,44.43290621842408,1.931865487757569,1.33316024870867,2.848846170421921,104.083894183607,False,none,-0.2900377658073052,-0.2318928910791634,0.3194275666577065,4.1420277874296,7.877068611015188,1.49801919758564,9,straddles_peak,0,14.88756609909613,0.6472854825693971,0.771688177934485,20.19559903636869,232.2861611132571,False,none,0.1408360693496649,0.2741267188041911,0.04505932200185057,0.5842857138701503,43.67463061579071,0.2701797321150936,0,before_peak,0,0.4748810173102847,False,-0.3802741179809444,0.05059971717602564,flat_band,median_fraction_lt_0.5,at_least_6_Rdisk
wide_ml_0.5,NGC0801,0.5,0.7,13,1,80,8.720000000000001,7.76,312.57,1558.94,23.201,220.1,1.17,59.82,51.12820512820513,0.1341743119266055,6.860091743119265,219,0.6138021056790123,0.3831302854938272,0,2,2.510194315992684,3,1.306113537117904,0.03562389938036974,0.05884319625543297,178.3510911573424,16.21373555975839,3.703959328125911,16.27299785591111,194.511126767106,False,none,-0.2311286700180377,-0.1624889139670628,0.07189824581553678,3.67602826041488,44.99489019406428,1.329484297927933,3,straddles_peak,0.01407445449144001,83.97238614026452,7.633853285478593,2.541537786160553,28.06553121658847,348.9053900869957,False,none,-0.1204315095152752,0.02794694721047624,0.04168814732102621,2.131440147644263,60.69400104018123,0.9855998776616717,0,before_peak,0.02989309261499064,0.3271392765346224,False,-0.2667525693984074,-0.1560554088956449,flat_band,median_fraction_ge_0.5,at_least_6_Rdisk
wide_ml_0.5,NGC0891,0.5,0.7,18,1,90,2.55,3.68,138.34,5067.92,4.462,216.1,0.92,17.11,18.59782608695652,0.3607843137254902,6.709803921568628,222.5,0.7283306708502193,0.5640006026885259,0,4,138.3025756029546,7,1.477547495682211,-0.1760078947369231,0.05376972530683811,217.7068008119535,13.6066750507471,3.477761099806994,7.474550663909244,182.5092642315228,False,none,-0.07072221537268715,0.4093238360664291,0.1230843219034164,2.289100812790711,20.66715606739915,0.8278836209588463,0,before_peak,0.6352698909135818,290.0744534851586,18.12965334282241,4.014380078647529,4999.999999999418,3754.469307544726,True,length_upper,-0.03595362683752209,0.4981156196489397,0.0001840000000000214,0.003422000000000398,10812.90793532179,0.001582368045889666,0,before_peak,0.4767830256725132,-0.124637486766817,True,0.1052856793642359,0.140054267899401,declining,median_fraction_ge_0.5,at_least_6_Rdisk
wide_ml_0.5,NGC1003,0.5,0.7,36,1,67,1.61,2.76,6.82,1345.33,5.88,109.8,1.25,30.24,24.192,0.7763975155279502,18.78260869565217,103.5,0.1997268788720414,0.1190931884430727,0,0,0,13,1.490389354361755,0.1996471982892928,1,425.9519442369021,12.52799835990889,3.439767208842055,8.160474017322029,123.1637672143238,False,none,-0.07572218030859856,-0.1054869260855334,0.1531773763811584,3.705667089412983,22.56373629444943,1.340203572909106,10,straddles_peak,0,87.29792700571753,2.567586088403456,1.55722266128691,29.66931365245219,239.942279360413,False,none,0.1724044548172849,0.1803161154269469,0.04213107234776517,1.019234902237135,64.16231140563775,0.4713047167023179,0,before_peak,0,0.6883566739177215,False,-0.2753693785978913,-0.02724274347200786,rising,median_fraction_lt_0.5,at_least_6_Rdisk
wide_ml_0.5,NGC1090,0.5,0.7,24,1,64,3.53,6.36,72.045,2055.09,8.782999999999999,164.4,0.35,30.09,85.97142857142858,0.09915014164305949,8.524079320113314,165,0.4729547085443397,0.3447150306748467,0,2,2.805173783740247,9,1.49478390461997,-0.07616739982475483,0.3748753738783649,116.565413233212,5.298427874236909,2.203835796526252,7.761432351643131,157.2085937857893,False,none,-0.2080657222552022,-0.1494447736166661,0.0450947691280081,3.876861723033611,21.46038483523711,1.402118379097909,7,straddles_peak,0.02406523261001911,53.19664438893427,2.418029290406103,1.488800473380811,20.02696951455077,291.1174492553217,False,none,-0.04281724509030364,0.1071643086306891,0.01747643345368377,1.502473950346699,43.30995551687175,0.6947594298100397,0,before_peak,0.05273215662309269,0.3406854694907127,False,-0.1318983224304474,0.03335015473445119,flat_band,median_fraction_lt_0.5,at_least_6_Rdisk
wide_ml_0.5,NGC2403,0.5,0.7,73,1,63,1.39,2.16,10.041,1408.74,3.199,131.2,0.16,20.87,130.4375,0.1151079136690648,15.01438848920863,114,0.4391312750076947,0.1648065703395329,0,0,0,14,1.448299791811242,0.02810722290984412,0.8332534738859607,5377.306613311482,75.736712863542,8.58264145988427,3.546670088655056,134.5572554353375,False,none,-0.4613424896595891,-0.4514405421960236,0.04511273842802619,5.884392818705667,9.806553937179979,2.128168583346566,23,straddles_peak,0,710.8908681816268,10.01254743917784,3.120613893287856,11.05506528102315,257.5488136889887,False,none,-0.04026554416068136,0.06002921417805714,0.01447300363523425,1.887822411670868,23.90748062053791,0.872948527335476,0,before_peak,0,0.8787618651053303,False,-0.4894497125694333,-0.06837276707052548,flat_band,median_fraction_lt_0.5,at_least_6_Rdisk
wide_ml_0.5,NGC2683,0.5,0.7,11,2,80,2.18,3.34,80.41500000000001,10205.4,1.406,154,2.89,34.62,11.97923875432526,1.325688073394495,15.88073394495413,172,0.3767904702222222,0.249302901144641,0,0,0,3,1.2,-0.3177853212780206,0.1666666666666667,20.0643949621929,2.229377218021433,1.350568734146434,4.716347456682076,182.3570992118729,False,none,-0.507425057780019,-0.4972259732192459,0.6127623179894169,7.340426106849001,13.04071553437704,2.654762302631103,7,straddles_peak,0,7.637813479109004,0.8486459421232228,0.8332746725534147,6.780770589616214,302.7815176240085,False,none,-0.2288487067495211,-0.1274326014682264,0.4262052464104337,5.105614405096613,14.66396962321326,2.360888687684955,6,straddles_peak,0,0.4194570198206654,False,-0.1896397365019984,0.08893661452849955,declining,median_fraction_lt_0.5,at_least_6_Rdisk
wide_ml_0.5,NGC2841,0.5,0.7,50,1,76,3.64,5.51,188.121,4751.49,9.775,284.8,3.44,63.64,18.5,0.945054945054945,17.48351648351648,301,0.3867243385090154,0.1526118098938685,0,0,0,11,1.477251624883937,0.1799445476041657,0.1346637335009428,1650.572705918344,34.38693137329883,5.745559513081982,8.135656198298808,344.0340752663467,False,none,-0.4589476908512802,-0.4945174159036793,0.4228300601885457,7.822356113488096,22.49511494688375,2.829058671194567,21,straddles_peak,0,160.3303774944387,3.340216197800805,1.79070029594256,11.47017723076501,556.5430683310184,False,none,-0.161363784048639,-0.1246611327947954,0.2999081819567112,5.548301366199158,24.80519407962015,2.565591698082554,19,straddles_peak,0,1.01261884417627,False,-0.6388922384554458,-0.3413083316528047,rising,median_fraction_lt_0.5,at_least_6_Rdisk
wide_ml_0.5,NGC2903,0.5,0.7,34,1,66,2.33,4.54,81.863,1193.52,2.552,184.6,0.32,24.96,78,0.1373390557939914,10.71244635193133,189.5,0.5349051069280464,0.2893654802966942,0,5,251.6399151047455,9,1.444444444444444,-0.1355678141623872,0.1538461538461538,338.4354858111909,10.57610893159971,3.15499364132477,5.585475779605066,183.4764719807232,False,none,-0.3605449983062602,-0.2980120815256286,0.05729144886250431,4.468733011275337,15.44385807767099,1.616176467982934,10,straddles_peak,0.7435388003169752,456.3937211435187,14.26230378573496,3.663788304407783,19.11948489230055,356.3115379725268,False,none,-0.04636538312719893,0.1309682543926799,0.01673685257749096,1.305474501044295,41.34744598224915,0.6036648553991839,0,before_peak,0.5513658568182059,-0.129863767339731,True,-0.224977184143873,0.08920243103518827,declining,median_fraction_ge_0.5,at_least_6_Rdisk
wide_ml_0.5,NGC2915,0.5,0.7,30,2,56,0.55,0.53,0.641,313.93,0.508,83.5,0.34,10.04,29.52941176470588,0.6181818181818182,18.25454545454545,81.15000000000001,0.07956729145411157,0.0764037753062881,0,2,3.43585912890471,10,1.43019943019943,0.289286389231339,1,28.25181760170449,1.00899348577516,0.9704263255858991,2.008410423893892,99.35670561853767,False,none,-0.3407919783116672,-0.3808191982692075,0.1692881076273297,4.998978236995263,5.553261131592532,1.807946675311626,14,straddles_peak,0.1216155072690763,26.79031985802625,0.956797137786652,0.9449924136913527,5.423261028742064,175.9625176938509,False,none,0.0668641615592785,0.06272554365098397,0.06269290712692538,1.851284669277443,11.72824444260266,0.8560530989215964,0,before_peak,0.1282500226616496,0.02306849489577902,False,-0.6300783675430062,-0.2224222276720605,rising,median_fraction_lt_0.5,at_least_6_Rdisk
wide_ml_0.5,NGC2955,0.5,0.7,24,1,56,18.76,7.22,319.422,50.68,28.949,0,0.75,35.43,47.24,0.03997867803837953,1.888592750533049,255.5,0.8226494025057202,0.5306970985144379,0,2,0.2747069254605157,4,1.428629032258064,-0.3549683109307632,0.34998588766582,92.27040355151698,4.194109252341681,1.960765194504399,9.003205840407285,207.7021340221137,False,none,-0.3011181825810126,-0.1896901993122844,0.08330366019556337,3.935264907638414,24.89389243276606,1.423240664178576,3,straddles_peak,0.002977194364465304,99.65259338899112,4.529663335863233,2.037692663580051,91.29684224633796,523.7122036134809,False,none,-0.04464871667586017,0.3318103182874069,0.008214961016683833,0.3880747584281443,197.4368699990729,0.1794497653866088,0,before_peak,0.002756646025138602,-0.03342618535870354,True,0.05385012834975061,0.310319594254903,declining,median_fraction_ge_0.5,below_3_Rdisk
wide_ml_0.5,NGC2976,0.5,0.7,27,2,61,1.01,1.31,3.371,1502.55,0.172,85.40000000000001,0.11,2.27,20.63636363636364,0.1089108910891089,2.247524752475248,49.2,0.5898784583113941,0.5754684930929854,0,3,0.3611295752564943,6,1.455128205128205,0.2977639376306573,0.9251101321585904,7.273208985652656,0.2909283594261062,0.5190164839190833,1.358095012096623,84.87039366621376,False,none,0.271441765612239,0.6512023127090508,0.08099580590475942,1.671458903670944,3.755136974973357,0.6045052457816419,0,before_peak,0.04965202786952348,47.18307900345895,1.887323160138358,1.32193851769761,4999.999999999995,3420.626140770368,True,length_upper,0.1543377410503953,0.4997485995987912,2.200000000000002e-05,0.0004540000000000004,10812.90793532304,0.000209934276105735,0,before_peak,0.007653794175450488,-0.8120602114150396,True,-0.0263221720184183,-0.1434261965802621,rising,median_fraction_ge_0.5,below_3_Rdisk
wide_ml_0.5,NGC2998,0.5,0.7,13,1,58,6.2,7.06,150.902,774.16,23.451,209.9,0.33,42.28,128.1212121212121,0.05322580645161291,6.819354838709677,206,0.3695372129629629,0.3111493045912407,0,0,0,3,1.308168316831683,-0.1747503217707476,0.2956480605487228,96.19777302993094,8.745252093630086,2.720262615007984,10.85665351522352,204.7624792768109,False,none,-0.2731631432299733,-0.2191670646687522,0.03039610682401021,3.894386050058036,30.01868107633532,1.408456284021441,3,straddles_peak,0,27.01491581854981,2.455901438049982,1.441551403031038,17.2107135022464,369.15620850659,False,none,-0.1229710925515303,0.001635326511639318,0.01917410338373986,2.456609366862185,37.21957212020233,1.135961473803481,2,straddles_peak,0,0.5515613997068141,False,-0.09841282145922575,0.05177922921921728,declining,median_fraction_lt_0.5,at_least_6_Rdisk
wide_ml_0.5,NGC3109,0.5,0.7,25,1,70,1.56,1.64,0.194,140.87,0.477,66.2,0.26,6.45,24.80769230769231,0.1666666666666667,4.134615384615385,50.6,0.130722923945176,0.1080816953435438,0,0,0,9,1.472602739726028,0.4170770076097204,1,9.137502203590051,0.3972827045039153,0.60456603290592,2.371332244061828,71.74640803269146,False,none,0.2385868236881919,0.2334275165293362,0.1096430079129903,2.719990003995336,6.556741104494668,0.9837204027437508,0,before_peak,0,194.7229089478341,8.466213432514527,2.790863013104256,4999.999999998956,2333.72785531368,True,length_upper,0.4714635263847362,0.4992874503473032,5.200000000001086e-05,0.001290000000000269,10812.90793532079,0.0005965092867322786,0,before_peak,0,-1.328589554120321,True,-0.1784901839215285,0.05438651877501577,rising,median_fraction_lt_0.5,3_to_6_Rdisk
wide_ml_0.5,NGC3198,0.5,0.7,43,1,73,3.14,5.84,38.279,1602.62,10.869,150.1,0.32,44.08,137.75,0.1019108280254777,14.03821656050955,146,0.4383897126197419,0.2009893336902036,0,3,1.024742388717108,8,1.465425531914894,0.06462344620468971,0.3187386569872959,939.2164530225812,22.90771836640442,4.673568560912357,6.18692516126964,174.1073008651382,False,none,-0.4096602109825305,-0.4874545110605132,0.0517219768558396,7.124702311891904,17.10686750745809,2.576742935594867,14,straddles_peak,0.001091060942788308,57.08608173044198,1.392343456840048,1.152208009023019,16.30526279153809,286.5179772317962,False,none,-0.04107675583290765,-0.006073639152977313,0.01962556532152734,2.703421623040391,35.26146108522997,1.250090003175276,5,straddles_peak,0.01795082720085603,1.216235456899296,False,-0.4742836571872202,-0.1057002020375974,flat_band,median_fraction_lt_0.5,at_least_6_Rdisk
wide_ml_0.5,NGC3521,0.5,0.7,41,1,75,2.4,2.45,84.836,2112.66,4.154,213.7,0.51,17.74,34.78431372549019,0.2125,7.391666666666667,213,0.8075155512145408,0.3475843658686021,0,0,0,3,1.331831831831832,0,0.2322435174746336,42.7911560202331,1.097209128723926,1.021609872799205,4.372729843178808,195.6173885795389,False,none,-0.3416611910034001,-0.2485253177310174,0.1166319480714247,4.056962272131519,12.09061175354788,1.467254127550192,3,straddles_peak,0,12.7459259983493,0.3268186153422897,0.557562771230449,27.95726292672729,425.0003485403165,False,none,-0.01130929076183215,0.2547672926284903,0.01824212911459359,0.6345399421429222,60.45986203006447,0.2934178048765402,0,before_peak,0,0.5259826266037918,False,-0.3416611910034001,-0.01130929076183215,flat_band,median_fraction_ge_0.5,at_least_6_Rdisk
wide_ml_0.5,NGC3726,0.5,0.7,12,2,53,3.4,7.52,70.23399999999999,1789.91,6.473,168,3.5,32.52,9.291428571428572,1.029411764705882,9.564705882352943,159,0.6112020128621679,0.2618060975109958,0,0,0,4,1.458295964125561,0.1652608412889468,0.9249692496924968,35.46125071601794,3.546125071601794,1.719041659278456,9.281484949697866,151.0377439884602,False,none,-0.2242344460172722,-0.04218730507312311,0.3770948311578023,3.503749688357638,25.66333504418283,1.267177471050139,3,straddles_peak,0,20.42555033938452,2.042555033938452,1.304656734527788,141.0178436022696,485.73381823621,False,none,0.08250737342312589,0.3919983226285199,0.0248195541116874,0.2306091142034498,304.9625920218251,0.1066360296336695,0,before_peak,0,0.2395802822219479,False,-0.3894952873062191,-0.08275346786582091,rising,median_fraction_ge_0.5,at_least_6_Rdisk
wide_ml_0.5,NGC3741,0.5,0.7,21,1,70,0.2,0.32,0.028,143.49,0.182,50.1,0.23,7,30.43478260869565,1.15,35,36.5,0.1031080502908613,0.08009450038269232,0,0,0,6,1.498929336188437,0.2153066538349309,1,45.09136680143692,2.373229831654575,1.465335436999176,1.914112658865573,54.85232940314059,False,none,-0.08334860931259629,-0.08419993159943873,0.1201601164564226,3.657047022586775,5.29252751504789,1.322619481920003,4,straddles_peak,0,6.537494340234629,0.3440786494860331,0.5579509425539911,25.15756141494404,161.5457722520683,False,none,0.3383059565031598,0.3739945004068493,0.009142380543424845,0.278246364365104,54.40527909140507,0.128663984762204,0,before_peak,0,0.8386820738729469,False,-0.2986552631475272,0.1229993026682289,rising,median_fraction_lt_0.5,at_least_6_Rdisk
wide_ml_0.5,NGC3769,0.5,0.7,12,2,70,3.38,2.18,18.679,160.26,5.529,118.6,1.74,37.16,21.35632183908046,0.514792899408284,10.99408284023669,118,0.3453234805540683,0.1636342822460647,0,1,0.07308753984492611,3,1.16781898177247,,0.2346609257265878,21.18654233500092,2.118654233500092,1.328738196404171,6.45575531851877,134.8954879435304,False,none,,,0.2695269436573429,5.756104153049919,17.85018373679587,2.081771288628218,3,straddles_peak,0.003449715328214878,11.05330373042049,1.105330373042049,0.9597440514020953,16.7939632071655,235.6766795344802,False,none,,,0.1036086585718845,2.212699857776567,36.31831560565662,1.023175204584991,1,straddles_peak,0.006612280059198708,0.2825679811635005,False,,,unresolved,median_fraction_lt_0.5,at_least_6_Rdisk
wide_ml_0.5,NGC3877,0.5,0.7,13,2,76,2.53,4.39,72.535,3410.59,1.483,168.4,0.87,11.35,13.04597701149425,0.3438735177865613,4.486166007905139,162,0.6899352820069206,0.7102281327684605,0,2,14.48572376156732,5,1.445859872611465,-0.004298535685289304,0.7682819383259912,33.91715162287073,3.083377420260975,1.615243530647236,1.943678613023759,123.0550292415086,False,none,-0.1986518807278175,-0.4467890445987522,0.4476048633608983,5.839442757639305,5.374277471178259,2.11191179853831,7,straddles_peak,0.4270913997329726,61.96962806384235,5.633602551258395,2.18332188796096,6.538039485405028,217.1067700483679,False,none,-0.0391586085075497,0.07659667731692898,0.1330674129365715,1.735994410149524,14.13904380663829,0.8027416956351155,0,before_peak,0.2337552154846538,-0.2617595166841264,True,-0.1943533450425282,-0.0348600728222604,flat_band,median_fraction_ge_0.5,3_to_6_Rdisk
wide_ml_0.5,NGC3893,0.5,0.7,10,1,49,2.38,2.43,58.525,2055.09,5.799,174,1.74,19.05,10.94827586206897,0.73109243697479,8.004201680672269,182.5,0.4613221358554687,0.3342177117214111,0,0,0,4,1.451981707317073,-0.282836361529358,0.2750656167979003,4.991258472488676,0.6239073090610845,0.7064883914466448,4.203159572392782,172.6990641533283,False,none,-0.3595664702775422,-0.3014445438336782,0.4139742900623327,4.532304727406574,11.62174942211069,1.639168020931244,4,straddles_peak,0,8.86992749140958,1.108740936426198,0.9418029247889168,17.46441147552547,344.8627882865452,False,none,-0.04085582397751876,0.1664318522933849,0.09963118439109306,1.090789691178346,37.76821468589126,0.5043923881082031,0,before_peak,0,-0.2497100092361209,True,-0.07673010874818426,0.2419805375518392,declining,median_fraction_lt_0.5,at_least_6_Rdisk
wide_ml_0.5,NGC3917,0.5,0.7,17,1,79,2.63,5.56,21.966,1226.96,1.888,135.9,0.87,14.86,17.08045977011494,0.3307984790874525,5.650190114068441,134,0.3445655871539792,0.31395441152965,0,1,0.05340669820225448,6,1.419293218720153,0.02451240158642968,0.9380888290713324,25.68907929627999,1.712605286418666,1.229277150013731,3.519066268350046,133.5422512252511,False,none,-0.3044672597709485,-0.2560732388694347,0.2472246708806394,4.222711045156669,9.730229287317787,1.527199366141173,6,straddles_peak,0.002078965056952751,64.16269632179716,4.27751308811981,1.942749663292562,28.53467436709255,321.13602844334,False,none,0.08577891464551061,0.2907421832600546,0.03048922124737203,0.5207699169378717,61.70856137915884,0.2408093734140875,0,before_peak,0.0008323636826981555,-0.3975340667926025,True,-0.3289796613573782,0.06126651305908094,flat_band,median_fraction_lt_0.5,3_to_6_Rdisk
wide_ml_0.5,NGC3949,0.5,0.7,7,2,55,3.59,2.39,38.067,185.71,3.371,163,1.74,7.07,4.063218390804598,0.4846796657381616,1.969359331476323,157,0.761929433242728,0.5717210523415978,0,0,0,3,1.349236641221374,0.1618779850132859,1,2.221845327746603,0.4443690655493207,0.5633883876974852,5.211240810934394,176.3792015581063,False,none,0.1043468670563691,0.7442617760653559,0.3338936086678389,1.356682651311277,14.40909721361794,0.4906622458843702,0,before_peak,0,2.716163379082188,0.5432326758164375,0.6229151947648123,4999.999999999995,3765.349181736993,True,length_upper,-0.03923436803542069,0.4991868518058703,0.0003480000000000003,0.001414000000000001,10812.90793532304,0.0006538481639064081,0,before_peak,0,-0.08724206696208674,True,-0.0575311179569168,-0.2011123530487066,rising,median_fraction_ge_0.5,below_3_Rdisk
wide_ml_0.5,NGC3953,0.5,0.7,8,1,62,4.89,6.17,141.301,1999.08,2.832,220.8,3.5,15.68,4.48,0.7157464212678937,3.206543967280164,219.5,0.5915907969187977,0.5892911366395164,0,0,0,4,1.497612225405922,-0.08437965810163926,0.6677295918367347,5.581487238857147,0.930247873142858,0.8352759453361167,3.250074909204139,174.4905219974191,False,none,-0.2794990793068431,-0.3359974697682626,1.076898255510382,4.824504184686511,8.986467334228994,1.744845823928573,4,straddles_peak,0,1.602683882892925,0.2671139804821542,0.447588522374754,7.174188940430402,310.8481503254239,False,none,-0.1241850791944408,0.0362116010670455,0.4878600255808184,2.185612914602066,15.51476890469735,1.010649923071211,1,straddles_peak,0,0.5419020665916916,False,-0.1951194212052039,-0.03980542109280155,flat_band,median_fraction_ge_0.5,3_to_6_Rdisk
wide_ml_0.5,NGC3972,0.5,0.7,10,1,77,2.18,3.73,14.353,1587.93,1.214,132.7,0.87,8.720000000000001,10.02298850574713,0.3990825688073394,4,113,0.3554505893512167,0.3368280611870436,0,0,0,4,1.427168576104746,0.2473368676839975,0.900229357798165,13.75624208401298,1.719530260501622,1.172870073111808,2.750049263844877,123.7046064760424,False,none,-0.06165931240455065,0.04883860387947373,0.3163579690873037,3.170852287863551,7.603894853954035,1.146780717971868,2,straddles_peak,0,9.161337757719343,1.145167219714918,0.9571487741056426,57.61563038725872,455.819545429809,False,none,0.188522404780346,0.42412627195679,0.01510006909847843,0.1513478190100367,124.5985014026059,0.06998479036135202,0,before_peak,0,0.1765409150961878,False,-0.3089961800885481,-0.05881446290365144,rising,median_fraction_lt_0.5,3_to_6_Rdisk
wide_ml_0.5,NGC3992,0.5,0.7,9,1,56,4.96,9.99,226.932,3257.09,16.599,241,9.19,46.02,5.007616974972797,1.852822580645161,9.278225806451614,248,0.3465118134469697,0.2737879948511728,0,0,0,4,1.433198380566802,-0.05982923559527019,0.3987396784006954,44.42727291330865,6.346753273329807,2.22179289247092,8.102720736388912,264.455630282337,False,none,-0.4717782698328389,-0.4380847615654723,1.134186935349773,5.6795737502499,22.40404829123442,2.054093055048686,6,straddles_peak,0,2.906146931077791,0.4151638472968274,0.5682474941116759,11.50667873200016,451.0787717086536,False,none,-0.2082401556687805,-0.07547466713799535,0.798666601722575,3.999416432129805,24.88413155409151,1.849371351375664,5,straddles_peak,0,1.184332087797006,False,-0.4119490342375687,-0.1484109200735103,flat_band,median_fraction_lt_0.5,at_least_6_Rdisk
wide_ml_0.5,NGC4010,0.5,0.7,12,2,89,2.81,6.63,17.193,2611.14,2.832,125.8,0.87,10.47,12.03448275862069,0.3096085409252669,3.725978647686833,109.5,0.3951082952021632,0.3641006945996978,0,0,0,4,1.33375796178344,-0.19880033900188,0.7497612225405921,10.8663392420478,1.08663392420478,0.9515924916531496,3.887654549488123,119.1111871304207,False,none,0.02909382982521607,0.1940569953596276,0.2237853155225817,2.693140521289001,10.74937704260385,0.9740099317852029,0,before_peak,0,22.33431453180314,2.233431453180314,1.364255429767557,4999.999999999995,3266.870605254733,True,length_upper,0.2191288420173421,0.4987905347688479,0.0001740000000000002,0.002094000000000002,10812.90793532304,0.0009682871677652184,0,before_peak,0,-0.3128893685879406,True,0.2278941688270961,0.4179291810192222,declining,median_fraction_lt_0.5,3_to_6_Rdisk
wide_ml_0.5,NGC4013,0.5,0.7,36,2,89,3.53,4.11,79.09399999999999,10205.4,2.967,172.9,5.49,31.01,5.648451730418944,1.555240793201133,8.784702549575071,178,0.4182034115982,0.2579426246686024,0,0,0,15,1.491582491582492,0.08226160237473439,0.1770396646243147,125.3069755702417,3.685499281477696,1.865676639022851,8.863745211154704,173.7153428113131,False,none,-0.160754718431472,-0.04243028698601223,0.6193770092907266,3.498521139909915,24.50828335475985,1.265286497268175,9,straddles_peak,0,33.79298636494237,0.9939113636747756,0.9688622532088056,47.12440371698031,382.1193169080458,False,none,0.05885696128789535,0.2572277641431525,0.116500147842121,0.6580454616728908,101.9103677797407,0.3042869992091684,0,before_peak,0,0.5691486748221724,False,-0.2430163208062063,-0.02340464108683903,flat_band,median_fraction_lt_0.5,at_least_6_Rdisk
wide_ml_0.5,NGC4051,0.5,0.7,7,2,49,4.65,6.87,95.268,1320.78,2.697,157,1.74,12.19,7.005747126436781,0.3741935483870967,2.621505376344086,153,0.7152492419738408,0.7461619518468544,0,0,0,3,1.397935779816514,-0.1551729592520447,0.7153404429860543,2.013300827583341,0.4026601655166682,0.5362969363519404,2.485846615892348,102.6757168460939,False,none,-0.3547822582893937,-0.3718684997143215,0.6999627365887938,4.903761930469768,6.873373702358918,1.77351043721316,4,straddles_peak,0,3.962339605208479,0.7924679210416958,0.7523619574578334,6.29043145768803,184.055252138935,False,none,-0.2332221408301832,0.05265753262501307,0.2766105968571376,1.937863894073855,13.60357124508812,0.8960882242154958,0,before_peak,0,-0.2940430233632391,True,-0.199609299037349,-0.07804918157813856,declining,median_fraction_ge_0.5,below_3_Rdisk
wide_ml_0.5,NGC4068,0.5,0.7,6,2,44,0.59,1.11,0.236,261.11,0.154,0,0.21,2.33,11.0952380952381,0.3559322033898305,3.949152542372881,26.45,0.5183469930619677,0.4104440606941488,0,1,0.004444403223952638,2,1.219895287958115,,1,0.8564629490179806,0.2141157372544951,0.3778145376190944,5.324266406592701,132.8623749301409,False,none,,,0.03944205341415117,0.4376189735951058,14.72161334068895,0.1582706967014363,0,before_peak,0.005189253346042097,7.408743658905154,1.852185914726288,1.11121132545413,4999.999999999995,1793.256457828987,True,length_upper,,,4.200000000000004e-05,0.0004660000000000004,10812.90793532304,0.0002154831997032434,0,before_peak,0.0005998862193876231,-0.9370359886090533,True,,,unresolved,median_fraction_ge_0.5,3_to_6_Rdisk
wide_ml_0.5,NGC4085,0.5,0.7,7,2,82,1.65,2,21.724,5021.46,1.349,131.5,0.87,6.2,7.126436781609196,0.5272727272727273,3.757575757575758,127,0.7454110621301776,0.6700300554016622,0,2,15.89101716713697,3,1.393258426966292,0.1358221231953212,1,22.66036904067099,4.532073808134198,1.799220825034746,7.736275258807095,207.5031958830291,False,none,0.1193567291330544,0.9092550878861848,0.1124572188676429,0.8014192608958458,21.39082539451315,0.2898438880058518,0,before_peak,0.7012691249032909,33.24800398351351,6.649600796702702,2.179384053990403,4999.999999999622,3117.636650143811,True,length_upper,-0.05191888866378578,0.4992986059582425,0.0001740000000000132,0.001240000000000094,10812.90793532223,0.0005733887717425791,0,before_peak,0.4779540201877007,-0.166498599522814,True,-0.0164653940622668,-0.187741011859107,rising,median_fraction_ge_0.5,3_to_6_Rdisk
wide_ml_0.5,NGC4088,0.5,0.7,12,1,69,2.58,6.1,107.286,3988.69,8.226000000000001,171.7,1.74,21.48,12.3448275862069,0.6744186046511628,8.325581395348838,171,0.8831021997152224,0.6009229994319083,0,3,5.035743414310769,4,1.369897959183674,0.1345896577176099,0.4059590316573557,9.945975568484643,0.9945975568484643,0.9104017230726885,1014.434730361592,9999.999999999991,True,excess_amplitude_upper,0.06537804281306984,0.9999339246789735,0.001715240959248095,0.02117435391071786,2804.915216349328,0.007657985480201714,0,before_peak,0.5063096505351671,25.46170175797891,2.546170175797891,1.456642879992065,4999.999999996602,2267.808745987433,True,length_upper,-0.1708183751620569,0.4975517231055646,0.0003480000000002365,0.00429600000000292,10812.9079353157,0.001986514647909361,0,before_peak,0.1977771738188207,-0.408240038701323,True,-0.06921161490454007,-0.3054080328796668,rising,median_fraction_ge_0.5,at_least_6_Rdisk
wide_ml_0.5,NGC4100,0.5,0.7,24,1,73,2.15,4.93,59.394,8970.780000000001,3.102,158.2,2.61,22.76,8.720306513409962,1.213953488372093,10.58604651162791,178.5,0.3671023035834143,0.3069998879560661,0,0,0,9,1.451530612244898,-0.3734009460632017,0.3449033391915641,41.72988248345428,1.896812840157013,1.318614842733564,4.076517931173793,177.8223499315745,False,none,-0.4739326932001194,-0.4317052375445552,0.6402523045565204,5.583196341649964,11.27158488628887,2.019236889009816,14,straddles_peak,0,18.87585265929876,0.8579933026953984,0.8868448910627581,7.107606642085488,309.240700815709,False,none,-0.1934300696787626,-0.03741216295876523,0.3672122180405559,3.202203096782779,15.3707792522722,1.480731693979372,9,straddles_peak,0,0.3445405830079305,False,-0.1005317471369177,0.1799708763844391,declining,median_fraction_lt_0.5,at_least_6_Rdisk
wide_ml_0.5,NGC4138,0.5,0.7,7,2,53,1.51,1.91,44.111,3952.12,1.483,147.3,2.61,18.58,7.118773946360153,1.728476821192053,12.3046357615894,162,0.4113730605090687,0.3297623018186867,0,0,0,3,1.379361544172234,0.1046212320762583,0.2820236813778256,2.312438020003288,0.4624876040006576,0.5747593310002878,2.781034399635592,160.9226616341931,False,none,-0.4835816445558389,-0.4831108681720829,0.9384997180696494,6.680967341660569,7.68956885175678,2.416260307722605,5,straddles_peak,0,4.689420202401982,0.9378840404803965,0.8184846802303093,3.997022676214967,269.747717953931,False,none,-0.2285500609163338,-0.1024512339684008,0.652986037715346,4.648459992624954,8.643887642662197,2.149495778762531,4,straddles_peak,0,-0.3070490488544425,True,-0.5882028766320972,-0.3331712929925921,rising,median_fraction_lt_0.5,at_least_6_Rdisk
wide_ml_0.5,NGC4157,0.5,0.7,17,1,82,2.32,4.44,105.62,23813.87,8.226000000000001,184.7,1.74,29.61,17.01724137931035,0.75,12.76293103448276,185,0.5552875097471645,0.3445311366921031,0,2,1.236388637994923,6,1.416746411483254,0.01746979194717597,0.2357311719013847,7.711432973589601,0.5140955315726401,0.673508503531173,10.25840781291895,173.8729758933497,False,none,-0.09756610524655773,0.1487535056250366,0.1696169651014192,2.88641283715691,28.36452983004317,1.043909424108897,1,straddles_peak,0.1603318919102781,6.016323107857708,0.4010882071905139,0.5948960911669765,427.7722750705083,907.1430135042522,False,none,0.1141457990271756,0.4630484132554559,0.004067584790793657,0.06921907221574723,925.0924455242185,0.03200761193463321,0,before_peak,0.2055056910723626,0.1078039360448503,False,-0.1150358971937337,0.09667600707999963,flat_band,median_fraction_ge_0.5,at_least_6_Rdisk
wide_ml_0.5,NGC4183,0.5,0.7,23,1,82,2.79,4.47,10.838,1098.58,3.506,110.6,0.87,21.02,24.16091954022988,0.3118279569892473,7.534050179211469,109,0.2929883352652861,0.2418716657833084,0,0,0,8,1.496085409252669,0.08655046204247313,0.4567078972407231,50.70550534378746,2.414547873513688,1.484785233244298,3.524090202260116,118.5169613443771,False,none,-0.431756762973228,-0.4481627494115082,0.2468722280269784,5.964660038077111,9.744120480362083,2.157198286121655,12,straddles_peak,0,3.555512550221839,0.1693101214391352,0.3931761719427542,8.434309977064043,203.9562756991766,False,none,-0.08776418211118649,0.01097916368717728,0.1031501097737511,2.49220150280948,18.23988345599403,1.15241964405712,3,straddles_peak,0,1.154152899413011,False,-0.5183072250157011,-0.1743146441536596,flat_band,median_fraction_lt_0.5,at_least_6_Rdisk
wide_ml_0.5,NGC4217,0.5,0.7,19,1,86,2.94,5.28,85.29900000000001,4373.51,2.562,181.3,0.87,16.72,19.2183908045977,0.2959183673469388,5.687074829931973,179,0.8342102930747921,0.5874801832027714,0,8,523.3953520859939,7,1.473127753303965,-0.1753679193855587,0.5741626794258373,572.0712117585405,33.65124775050238,5.487167861947213,706.9002533332429,9999.999999845448,True,excess_amplitude_upper,0.1063495707565509,0.9999229198040139,0.001230725262719448,0.02365255907203354,1954.581421230369,0.008554261192902929,0,before_peak,0.914912936235827,645.2061098979327,37.95330058223134,5.827367871553804,4999.999999990296,2619.197724841891,True,length_upper,-0.1631085266100261,0.4981577959769262,0.0001740000000003377,0.00334400000000649,10812.90793530206,0.001546300042508678,0,before_peak,0.8112064409445712,-0.05224837797904035,True,0.2817174901421096,0.01225939277553265,declining,median_fraction_ge_0.5,3_to_6_Rdisk
wide_ml_0.5,NGC4559,0.5,0.7,32,1,67,2.1,3.82,19.377,1602.62,5.811,121.2,0.67,20.97,31.29850746268657,0.3190476190476191,9.985714285714284,119.5,0.4167694948944745,0.3369514848159098,0,0,0,11,1.45827538247566,-0.09809829348984471,0.6857415355269433,11.71632765590227,0.3905442551967424,0.6050910999568131,5.479385751125995,117.0683113637979,False,none,-0.1181024643979274,-0.1500248197712367,0.1222764795966988,3.82707130916832,15.15051881563901,1.384111016604519,9,straddles_peak,0,11.71186557317599,0.3903955191058663,0.6049758665944862,25.54232920313832,248.3879138709705,False,none,0.1283148962023953,0.2177688625733667,0.02623096721804364,0.8209901232274256,55.2373708254496,0.3796342890081665,0,before_peak,0,0.0001654295668730443,False,-0.02000417090808268,0.22641318969224,flat_band,median_fraction_lt_0.5,at_least_6_Rdisk
wide_ml_0.5,NGC5005,0.5,0.7,18,1,68,9.449999999999999,3.97,178.72,96.56999999999999,1.28,262.2,0.49,11.47,23.40816326530613,0.05185185185185186,1.213756613756614,260,0.8491778718977224,0.6706517322371442,0,5,5.192544673418187,5,1.400488400488401,-0.005024832922273042,0.7140366172624236,6.690042444878934,0.4181276528049334,0.60964663922267,6.799622257544599,228.5627921248261,False,none,0.01671944120010329,0.6325616444709673,0.07206282664545297,1.686858411476216,18.80097690347818,0.6100746816979522,0,before_peak,0.776160198713381,11.26514730864173,0.7040717067901079,0.7911014581877363,4999.999999999551,4525.274174781568,True,length_upper,-0.06140037209905837,0.4987052995339207,9.800000000000881e-05,0.002294000000000206,10812.90793532208,0.001060769227723786,0,before_peak,0.4609389057376,-0.22630800199486,True,0.02174427412237633,-0.05637553917678532,flat_band,median_fraction_ge_0.5,below_3_Rdisk
wide_ml_0.5,NGC5033,0.5,0.7,22,1,66,5.16,2.94,110.509,614.9400000000001,11.314,194.2,0.76,44.59,58.67105263157895,0.1472868217054263,8.641472868217054,217.5,0.3276386757318268,0.2512935013020484,0,2,10.30852866717568,7,1.444444444444444,-0.1299403963118793,0.1536218883157658,112.9490708373567,5.647453541867834,2.265843921020445,8.11040670771883,218.5337187517233,False,none,-0.4584599668501616,-0.4251385664234983,0.09370676803133601,5.497874719101675,22.42530002610753,1.988379194395987,10,straddles_peak,0.09126705151934947,108.1909430246119,5.409547151230595,2.21760459448531,12.86412712578023,380.1054662110953,False,none,-0.1706886054805338,-0.05114478783707597,0.05907901815405178,3.46622818353838,27.8197244558707,1.602819613498736,8,straddles_peak,0.09528088376889959,0.01869175634655395,False,-0.3285195705382823,-0.04074820916865454,declining,median_fraction_lt_0.5,at_least_6_Rdisk
wide_ml_0.5,NGC5055,0.5,0.7,28,1,55,3.2,4.18,152.922,3348.34,11.722,179,0.72,54.59,75.81944444444446,0.225,17.059375,189,0.6138432852582324,0.2854838004431822,0,6,20.06979718031863,7,1.459625668449198,-0.1231434411416391,0.1448983330280271,381.5466039964654,14.67486938447944,3.69143121681079,11.19975023589671,185.1588534197467,False,none,-0.3686442543078175,-0.3565684376825065,0.06428714791266529,4.874215839656109,30.96734458685292,1.76282470222442,9,straddles_peak,0.05260116842896749,1637.300260232513,62.97308693201972,7.64689540231971,74.82196233309845,386.7471259540874,False,none,0.06220816314048389,0.2385644731787962,0.009622843047000637,0.7295986137996733,161.8085980496005,0.3373739137352026,0,before_peak,0.01225785988543636,-0.632580738435166,True,-0.2455008131661784,0.185351604282123,declining,median_fraction_ge_0.5,at_least_6_Rdisk
wide_ml_0.5,NGC5371,0.5,0.7,19,1,53,7.44,9.800000000000001,340.393,1395.82,11.18,209.5,1.45,46.24,31.8896551724138,0.1948924731182796,6.21505376344086,215,0.6509670351541373,0.534659503201373,0,0,0,6,1.455919395465995,-0.002392645488189702,0.3737024221453287,449.8225331551082,26.46014900912401,4.865682908498902,7.14426878773999,166.0666698237737,False,none,-0.5981963010368117,-0.4732471740313792,0.2029598889795818,6.472320873390251,19.75392564219345,2.340800549599799,10,straddles_peak,0,149.9217234178606,8.818924906932974,2.809024211713502,8.91342037042382,283.3120151399633,False,none,-0.4471860420544811,-0.1154742737576729,0.1626760479973924,5.187683075447877,19.27599877084517,2.398838086145644,10,straddles_peak,0,0.4771766409628009,False,-0.5958036555486219,-0.4447933965662915,flat_band,median_fraction_ge_0.5,at_least_6_Rdisk
wide_ml_0.5,NGC5585,0.5,0.7,24,1,51,1.53,2.27,2.943,297.05,1.683,90.3,0.09,10.96,121.7777777777778,0.05882352941176471,7.163398692810458,68.69999999999999,0.3701908118874906,0.2139339887246901,0,0,0,6,1.455511288180611,-0.05344939913085821,0.8120437956204379,113.7015645852684,5.16825293569402,2.176594861487284,2.89826120598899,95.60843569424824,False,none,-0.1314521695570902,-0.1364754298235467,0.03105310170595503,3.781577718858524,8.013701339598041,1.367657657248023,5,straddles_peak,0,157.8374942047865,7.174431554763022,2.564480894554056,133.0790221557731,455.2536658059514,False,none,0.3354577911460733,0.4569583041073356,0.0006762899106265767,0.08235708244963645,287.7942429386381,0.03808276318556112,0,before_peak,0,-0.1424437367114939,True,-0.07800277042623197,0.3889071902769315,flat_band,median_fraction_lt_0.5,at_least_6_Rdisk
wide_ml_0.5,NGC5907,0.5,0.7,19,1,88,5.34,7.88,175.425,8646.290000000001,21.025,215,5.03,50.33,10.00596421471173,0.9419475655430712,9.425093632958802,218,0.3701498569744082,0.2854637785065158,0,0,0,7,1.428611978427477,0.03855080285540349,0.2000794754619511,501.7827299578016,29.51663117398833,5.139028834925922,9.229740592731035,219.47517586058,False,none,-0.4348575333207584,-0.424557460242067,0.5449773966520166,5.453024328726838,25.52026173461195,1.97215845681315,10,straddles_peak,0,97.06827392172002,5.709898465983531,2.260277974541138,13.2922245858294,380.5029861224349,False,none,-0.188350700830903,-0.06709113592407469,0.3784167177977412,3.786424136532865,28.74552014044216,1.750881520115219,9,straddles_peak,0,0.713438402939135,False,-0.4734083361761619,-0.2269015036863065,flat_band,median_fraction_lt_0.5,at_least_6_Rdisk
wide_ml_0.5,NGC5985,0.5,0.7,33,1,60,7.01,10.71,208.728,1461.61,11.586,293.6,3.54,34.72,9.807909604519773,0.5049928673323824,4.952924393723253,291,0.2752346727839334,0.2584344412701652,0,0,0,7,1.494619027120103,-0.08412195059232216,0.3856566820276498,666.9591661776594,21.51481181218256,4.495651657275666,4.570442660954757,329.0508050062587,False,none,-0.4153153481448418,-0.4916238434516755,0.7745420438685692,7.596638351162916,12.6372883158235,2.747424853520683,20,straddles_peak,0,81.49798160578906,2.628967148573841,1.571507494807464,7.965029645848989,537.0963553436824,False,none,-0.1295657932411562,-0.08573725108407841,0.4444427902217397,4.359054710875368,17.22502645253677,2.015671795667211,14,straddles_peak,0,0.9129523924858388,False,-0.3311933975525196,-0.04544384264883405,flat_band,median_fraction_lt_0.5,3_to_6_Rdisk
wide_ml_0.5,NGC6015,0.5,0.7,44,2,60,2.3,3.92,32.129,1926.77,5.834,154.1,0.34,29.23,85.97058823529412,0.1478260869565218,12.70869565217391,152,0.3617903006031794,0.2071960451722523,0,0,0,12,1.448463825569871,-0.2214547638134284,0.7198084160109476,2103.802273513476,50.09053032174943,6.914744249384585,3.118590038014714,173.9660771298923,False,none,-0.506894517314659,-0.4993942808518365,0.1090236279393886,9.372825425495085,8.622911252323666,3.389806429020503,24,straddles_peak,0,347.8968995742979,8.283259513673759,2.811893973391899,7.817782160371204,285.8874158177171,False,none,-0.1648811871153079,-0.06414739931960214,0.04349059528973319,3.738912059761474,16.90659175170095,1.728911446451601,15,straddles_peak,0,0.7815543617310972,False,-0.2854397535012305,0.05657357669812052,declining,median_fraction_lt_0.5,at_least_6_Rdisk
wide_ml_0.5,NGC6195,0.5,0.7,23,1,62,13.94,9.52,391.076,174.11,20.907,251.7,1.33,36.43,27.39097744360902,0.09540889526542325,2.613342898134864,247,0.8333065442732195,0.5527127762267314,0,3,4.515509134407657,4,1.398464491362764,-0.1472977831123286,0.5242931649739226,46.79996538174339,2.228569780083018,1.426457536540805,15.12897451185936,203.3450271565654,False,none,-0.1374620690147214,0.3370273549258312,0.08791078330903619,2.407962282667811,41.8316620537523,0.8708714454899894,0,before_peak,0.09648530928548832,42.08731454105039,2.004157835288114,1.35273176975897,4999.999999999684,2856.089655574835,True,length_upper,-0.08447479551921444,0.4959033252370066,0.0002660000000000168,0.00728600000000046,10812.90793532237,0.003369121444287402,0,before_peak,0.1072890770924193,0.04609431615426048,False,0.009835714097607168,0.06282298759311411,declining,median_fraction_ge_0.5,below_3_Rdisk
wide_ml_0.5,NGC6503,0.5,0.7,31,1,74,2.16,1.62,12.845,398.87,1.744,116.3,0.76,23.5,30.92105263157895,0.3518518518518519,10.87962962962963,116,0.2249911088767596,0.162767168241966,0,0,0,11,1.47705845380264,0.01618186134499433,0.1612765957446808,461.1336851130893,15.90116155562377,3.856848475755609,4.626961504445355,124.4246934149691,False,none,-0.3919346057425238,-0.3799392109229437,0.1642546624323175,5.078927062051924,12.79356309563189,1.836861226566633,15,straddles_peak,0,56.20364839369429,1.938056841161872,1.346484651203133,10.05467330767207,226.9056331113244,False,none,-0.05547502803949098,0.02138878742740859,0.07558674227834865,2.337221636238412,21.74405135912163,1.080755357494212,3,straddles_peak,0,0.9140623397290414,False,-0.4081164670875181,-0.07165688938448531,flat_band,median_fraction_lt_0.5,at_least_6_Rdisk
wide_ml_0.5,NGC6674,0.5,0.7,15,1,54,6.04,7.75,214.654,1370.35,32.165,241.3,2.5,72.41,28.964,0.4139072847682119,11.98841059602649,242,0.2795643839218633,0.17472055687752,0,0,0,5,1.380552907530982,0.06678730440671217,0.1731804999309488,737.6413042108152,56.74163878544732,7.012566359571058,15.09297501812451,258.8352491044278,False,none,-0.3896349241577183,-0.3652572134771115,0.1656399746900698,4.797596226923182,41.73212334048115,1.735114204691343,7,straddles_peak,0,176.8655422239598,13.60504170953537,3.433807820519953,19.26123396023175,459.3613259176522,False,none,-0.1480295778525117,-0.06855364872676767,0.1297943841584447,3.759364542765192,41.65398990654072,1.738368885248849,7,straddles_peak,0,0.6202019971786217,False,-0.4564222285644305,-0.2148168822592239,flat_band,median_fraction_lt_0.5,at_least_6_Rdisk
wide_ml_0.5,NGC6789,0.5,0.7,4,2,43,0.31,0.52,0.1,319.76,0.017,0,0.1,0.71,7.1,0.3225806451612904,2.290322580645161,38.3,0.1713608752013165,0.1265465616330221,0,0,0,2,1.392156862745098,,1,0.6058313860786823,0.3029156930393411,0.3891758555199314,0.5367791629419524,86.51589147156922,False,none,,,0.186296352212938,1.32270410071186,1.484196071854188,0.4783734531199815,0,before_peak,0,4.05936901160674,2.02968450580337,1.007393792368052,4999.999999999613,5532.464558051787,True,length_upper,,,2.000000000000155e-05,0.000142000000000011,10812.90793532221,6.566226257052124e-05,0,before_peak,0,-0.8261067631705904,True,,,unresolved,median_fraction_lt_0.5,below_3_Rdisk
wide_ml_0.5,NGC6946,0.5,0.7,58,1,38,2.44,4.2,66.173,2232.7,5.67,158.9,0.19,20.4,107.3684210526316,0.0778688524590164,8.360655737704917,167,0.6024694790716856,0.4322680255709322,0,3,34.25233838692855,20,1.493411420204978,-0.2632018850749941,0.3392156862745098,136.2944072017664,2.433828700031543,1.532939520152132,4.3801143844259,137.2024601012068,False,none,-0.4653275229978965,-0.3177432604669856,0.04337786261371876,4.657412617472962,12.11103003329501,1.68441494603823,24,straddles_peak,0.2513114007401812,146.5218603081909,2.616461791217695,1.589414662959568,39.84590852150077,365.2704138634348,False,none,-0.06627337288948812,0.2966674503992625,0.004768369126217223,0.5119722640780596,86.17002808845838,0.2367412481177127,0,before_peak,0.2337694751819485,-0.03142438896530114,True,-0.2021256379229024,0.196928512185506,declining,median_fraction_ge_0.5,at_least_6_Rdisk
wide_ml_0.5,NGC7331,0.5,0.7,36,1,75,5.02,3.99,250.631,1806.47,11.067,239,2.67,36.31,13.59925093632959,0.5318725099601594,7.233067729083666,239,0.6516118567383999,0.3937968770300031,0,8,82.3848009233777,12,1.477818477818478,0.0149590944189932,0.1473423299366566,136.3948037347239,4.011611874550703,1.946469765546533,14.11877929674082,223.6015960228613,False,none,-0.05563255436169227,0.2930411164954605,0.1891098333562267,2.571752078338798,39.03846911036866,0.9301081939802816,0,before_peak,0.6040171521754524,200.9849735200801,5.911322750590591,2.362819487627723,4999.999999999933,3351.16284011515,True,length_upper,0.06760758241986096,0.4960080698993948,0.0005340000000000071,0.007262000000000098,10812.9079353229,0.003358023597092218,0,before_peak,0.4099052754068043,-0.1683657637410625,True,-0.07059164878068548,0.05264848800086776,flat_band,median_fraction_ge_0.5,at_least_6_Rdisk
wide_ml_0.5,NGC7793,0.5,0.7,46,1,47,1.21,2.19,7.05,1068.64,0.861,0,0.11,7.87,71.54545454545455,0.09090909090909091,6.504132231404959,76.2,0.5137384628310593,0.3734355864407375,0,4,1.897291756956719,6,1.499047619047619,-0.4617267002069095,0.5336721728081322,46.47581462500266,1.056268514204606,1.005158592559259,1.673803636793871,99.0099639842532,False,none,-0.3561307495550112,-0.3197820678894649,0.06571858107006044,4.701865754739779,4.628072314076329,1.700492011774171,7,straddles_peak,0.04082320605384354,39.23999364965307,0.8918180374921153,0.9236034539832825,7.866914452654713,190.2188804915749,False,none,-0.03757383749705422,0.1848238574552379,0.01398261042013495,1.000392218240564,17.01284434232354,0.4625916655465707,0,before_peak,0.0483509700306359,0.07349808237108008,False,0.1055959506518984,0.4241528627098553,declining,median_fraction_ge_0.5,at_least_6_Rdisk
wide_ml_0.5,NGC7814,0.5,0.7,18,1,90,2.54,2.08,74.529,2635.3,1.07,218.9,0.63,19.53,31,0.2480314960629921,7.688976377952756,221,0.4328410959895513,0.2876487837365708,0,2,3.020873281155997,6,1.394004282655246,0,0.03225806451612903,46.90206450655825,2.93137903165989,1.614208862063502,5.176430645256217,208.8846621125902,False,none,-0.2543040496098667,-0.156951402588496,0.1217054845653818,3.772870021526836,14.31284699615984,1.364508403201679,5,straddles_peak,0.06440810895933147,19.58970628578058,1.224356642861286,1.043224336313479,17.522845317071,414.2405529299363,False,none,-0.02687053084509546,0.1579644068705666,0.03595306519006051,1.114545020891876,37.89458263567906,0.5153770972427028,0,before_peak,0.1542071758037911,0.3791640351074315,False,-0.2543040496098667,-0.02687053084509546,flat_band,median_fraction_lt_0.5,at_least_6_Rdisk
wide_ml_0.5,UGC00128,0.5,0.7,22,1,57,5.95,9.630000000000001,12.02,88.89,7.431,129.3,1.25,53.75,43,0.2100840336134454,9.033613445378151,127.5,0.1522551394274783,0.1241954366764252,0,0,0,8,1.483577146011593,0.03180933584834525,0.8610232558139536,1285.938658375653,64.29693291878263,7.645374889362412,8.600369248277383,143.6465844652889,False,none,-0.4799513885323625,-0.463390609972282,0.1453425968019187,6.249731662482502,23.78004798999476,2.260298213973952,13,straddles_peak,0,61.92911830115769,3.096455915057885,1.677784230102279,17.07102189357821,257.2331617038207,False,none,-0.102075153041345,-0.03229220207774836,0.07322350166220724,3.148610571474912,36.91747761942905,1.455949958285131,7,straddles_peak,0,1.317325355536767,False,-0.5117607243807077,-0.1338844888896902,flat_band,median_fraction_lt_0.5,at_least_6_Rdisk
wide_ml_0.5,UGC00191,0.5,0.7,9,1,45,1.58,2.5,2.004,207.41,1.343,0,0.62,9.98,16.09677419354839,0.3924050632911392,6.316455696202532,57.6,0.2454557095475559,0.2527778619053985,0,0,0,2,1.339597315436242,,1,210.7214823291189,30.10306890415984,4.838749635656795,1.80979498298303,89.30534329966129,False,none,,,0.3425802402093485,5.514436769821448,5.004088813513247,1.994369079351589,2,straddles_peak,0,25.09385347734405,3.58483621104915,1.669792185251541,8.589857277339203,162.8691060789846,False,none,,,0.07217814918015163,1.16183536906115,18.5762671834867,0.5372446413169425,0,before_peak,0,0.9241414548663281,False,,,unresolved,median_fraction_lt_0.5,at_least_6_Rdisk
wide_ml_0.5,UGC00634,0.5,0.7,4,2,37,2.45,4.26,2.989,126.13,3.663,0,4.51,18.01,3.993348115299336,1.840816326530612,7.351020408163265,102.6,0.191607746892292,0.164284070448908,0,0,0,2,1.333086602516655,,0.7501388117712381,3.330599775131585,1.665299887565793,0.9124965445320307,5.280300445902114,115.5325189958513,False,none,,,0.85411806509989,3.41079076550976,14.60004732125813,1.233557645650701,1,straddles_peak,0,6.404569371017335,3.202284685508667,1.2653625341199,22.28613621151124,242.777149219547,False,none,,,0.2023679635266024,0.8081257257459223,48.19558781782805,0.3736856591120964,0,before_peak,0,-0.2839674856747739,True,,,unresolved,median_fraction_lt_0.5,at_least_6_Rdisk
wide_ml_0.5,UGC00731,0.5,0.7,12,1,57,2.3,1.4,0.323,82.56999999999999,1.807,73.3,0.91,10.91,11.98901098901099,0.3956521739130435,4.743478260869566,66.34999999999999,0.12348629162226,0.2392096785975165,0,0,0,5,1.498626373626374,0.07368279926360451,0.8331805682859762,47.390810313904,4.7390810313904,1.987268022392886,2.082371981630848,77.85942323018054,False,none,-0.2011106553465799,-0.3892222016988268,0.4370016538963019,5.239217630778739,5.757765071089299,1.894832433296199,6,straddles_peak,0,3.395913776965448,0.3395913776965448,0.5319706897443888,8.220890323657997,146.531123488691,False,none,0.1820971097517293,0.1317470771640137,0.1106936066743539,1.327106866832089,17.7783460432204,0.6136678841483357,0,before_peak,0,1.144737479691869,False,-0.2747934546101844,0.1084143104881248,flat_band,median_fraction_lt_0.5,3_to_6_Rdisk
wide_ml_0.5,UGC00891,0.5,0.7,5,2,60,1.43,1.76,0.374,113.98,0.428,0,1.48,7.39,4.993243243243243,1.034965034965035,5.167832167832167,54.15,0.2408223796113699,0.159863374353806,0,0,0,2,1.244107744107744,,1,2.094472820970385,0.6981576069901282,0.6472206456797225,3.082688975932489,68.97234259781492,False,none,,,0.4801003317411585,2.397257737545379,8.523644702881256,0.8670000049980908,0,before_peak,0,9.291645078942366,3.097215026314122,1.363205419512582,1953.667571583024,1390.467261072222,False,none,,,0.0007575495552709514,0.003782629198278602,4224.965517550679,0.001749126701579371,0,before_peak,0,-0.6470178832304535,True,,,unresolved,median_fraction_lt_0.5,3_to_6_Rdisk
wide_ml_0.5,UGC01281,0.5,0.7,25,1,90,1.63,2.01,0.353,135.78,0.294,55.2,0.08,4.99,62.375,0.049079754601227,3.061349693251534,37.4,0.1865113614624296,0.1733347322820783,2,0,0,5,1.442196531791908,0.1373801408232712,1,353.6579977425521,15.37643468445879,3.761159383714294,0.3994824728312356,49.95713526251269,False,none,-0.1996342440702839,-0.4999916605410457,0.2002590988110675,12.49116128834034,1.104570292373355,4.517593886467965,18,straddles_peak,0,21.33924430571077,0.9277932306830772,0.9238883981458101,4999.999999999995,2382.313713800724,True,length_upper,0.4332907071263911,0.4994439971015462,1.600000000000002e-05,0.0009980000000000011,10812.90793532304,0.0004614854791927831,0,before_peak,0,1.219404448278034,False,-0.3370143848935552,0.2959105663031198,rising,median_fraction_lt_0.5,3_to_6_Rdisk
wide_ml_0.5,UGC02259,0.5,0.7,8,2,41,1.62,2.4,1.725,172.52,0.494,86.2,1.02,8.140000000000001,7.980392156862745,0.6296296296296297,5.024691358024691,83.25,0.1659862404895552,0.1748218135692565,0,0,0,3,1.332242225859247,0.1588220133407833,1,80.70313188635407,13.45052198105901,3.176144122327301,1.664768803327296,94.37340291844524,False,none,-0.3381309806398878,-0.3872804488650118,0.6126976898902557,4.889567838928119,4.603090971157851,1.768376956050574,4,straddles_peak,0,4.236950684136898,0.7061584473561497,0.7277491570019936,3.711882394666913,170.021805360601,False,none,-0.002076918297065748,0.02450714759600473,0.2747931888859129,2.192957409344443,8.027248520055958,1.014046093086857,1,straddles_peak,0,1.279836979857329,False,-0.4969529939806711,-0.160898931637849,rising,median_fraction_lt_0.5,3_to_6_Rdisk
wide_ml_0.5,UGC02487,0.5,0.7,17,1,36,7.89,9.630000000000001,489.955,1150.35,17.963,332,9.93,80.38,8.094662638469284,1.258555133079848,10.18757921419518,364,0.2513107985901461,0.1853800067994346,0,0,0,6,1.454578356858487,0.01220845347794581,0.3749688977357552,319.9934916041904,21.33289944027936,4.338565035233698,13.54215533796768,382.2931974321645,False,none,-0.4627365975283984,-0.4514893180964933,0.7332658466972088,5.935539653325443,37.44410205286675,2.146666513367385,9,straddles_peak,0,66.92219821786655,4.461479881191104,1.98408666523633,12.45573431654284,674.4808859104816,False,none,-0.2158147382025473,-0.1469658989617497,0.7972231702800265,6.453252610987768,26.93654168632433,2.984050474482732,11,straddles_peak,0,0.6795709472748864,False,-0.4749450510063442,-0.2280231916804931,flat_band,median_fraction_lt_0.5,at_least_6_Rdisk
wide_ml_0.5,UGC02885,0.5,0.7,19,1,64,11.4,12.2,403.525,470.79,40.075,289.5,1.7,74.06999999999999,43.57058823529412,0.1491228070175439,6.497368421052631,287,0.3640980722128646,0.2637727538173956,0,0,0,7,1.460658647209623,0.03631205608032265,0.02295126231942757,116.5929447955259,6.858408517383876,2.477190097411155,18.14767932298428,300.3925960734441,False,none,-0.2209210438141461,-0.2114514412188589,0.09367588933792363,4.081513601917648,50.17839033993103,1.476133441073268,7,straddles_peak,0,44.18693625445701,2.599231544379824,1.525001057022188,43.36178828523712,547.6935379583849,False,none,-0.008170992582759141,0.08039184501139295,0.03920502514373419,1.708186007291995,93.77340492784769,0.7898828037330186,0,before_peak,0,0.4213783810802462,False,-0.2572330998944688,-0.0444830486630818,flat_band,median_fraction_lt_0.5,at_least_6_Rdisk
wide_ml_0.5,UGC02916,0.5,0.7,43,2,50,6.15,2.8,124.153,520.99,23.273,182.7,0.37,38,102.7027027027027,0.06016260162601626,6.178861788617886,211,0.6960027802671537,0.4644837918125831,0,11,750.8799486503922,5,1.499605367008682,-0.374360912977297,0.2239473684210526,1270.41197877615,30.9856580189305,5.435482004634103,7.820663843677479,194.7099532151921,False,none,-0.3791847262227854,-0.342042245148427,0.04731056178806637,4.858922562017628,21.6241600967909,1.757293685854617,6,straddles_peak,0.591052320975241,1849.059001444846,45.09900003524016,6.557543147141645,388.7179299686684,972.0501827352656,False,none,0.1550265781697782,0.4501886841167935,0.0009518470116102514,0.09775726065186366,840.6342379121127,0.04520396420490889,0,before_peak,0.4060876089208932,-0.1630061891548369,True,-0.004823813245488418,0.5293874911470752,declining,median_fraction_ge_0.5,at_least_6_Rdisk
wide_ml_0.5,UGC02953,0.5,0.7,115,2,50,3.55,5.03,259.518,4215.31,7.678,264.9,0.09,62.39,693.2222222222223,0.02535211267605634,17.57464788732394,266,0.6196458052884614,0.1932276578402367,0,9,0.4416356152510049,15,1.486892278360343,0.0608622292301498,0.1322327296041032,9349.171879497588,82.73603433183706,9.016493042100121,6.86367839300712,284.249510188846,False,none,-0.4995503443998464,-0.4988245634464423,0.01311250248725146,9.089878113106876,18.97809231926773,3.287474786739119,34,straddles_peak,4.723793946065925e-05,690.9445443030636,6.114553489407642,2.451165728530466,14.33638198525909,498.2019702633968,False,none,-0.1692302827391392,-0.08584462393971823,0.006277734514366283,4.351865070570138,31.00359570644608,2.01234723193827,24,straddles_peak,0.0006391766443376007,1.131329952133468,False,-0.5604125736299962,-0.230092511969289,flat_band,median_fraction_ge_0.5,at_least_6_Rdisk
wide_ml_0.5,UGC03205,0.5,0.7,48,1,67,3.19,5.35,113.642,3915.89,9.677,219.6,0.28,40.04,143,0.08777429467084641,12.55172413793103,221,0.4888768314726897,0.2297960958663378,0,2,0.2179354287268521,4,1.377838953888507,0.205023009548854,0.1448551448551449,1108.702023531209,24.10221790285237,4.806033585355689,6.757001952461848,215.2376545632312,False,none,-0.4995926358759504,-0.4603652094558258,0.04143849623988709,5.925704962303853,18.68313162603046,2.143109667129565,8,straddles_peak,0.0001965680806035955,186.5711706516818,4.055895014166995,1.971522099439087,9.812861052048929,378.8730873435958,False,none,-0.2134346010357165,-0.08224517162971925,0.02853398193603648,4.080359416853216,21.22111262758447,1.886800221207705,7,straddles_peak,0.001168108813197757,0.7739703036277864,False,-0.7046156454248045,-0.4184576105845705,rising,median_fraction_lt_0.5,at_least_6_Rdisk
wide_ml_0.5,UGC03546,0.5,0.7,30,1,55,3.79,2.58,101.336,922.21,2.675,196.9,0.63,29.23,46.3968253968254,0.1662269129287599,7.712401055408971,204.5,0.968945912465374,0.3196606702546903,0,15,33.95830300686998,4,1.397227533460803,0.02358348648150066,0.02155319876838864,64.54184245796179,2.305065802070064,1.46676335807748,6.418140149250481,175.8128513091087,False,none,-0.422230152817585,-0.32739010878177,0.09815927750869889,4.554278859649632,17.74617767559904,1.64711525683591,6,straddles_peak,0.5261439976552906,102.2099907963385,3.650356814154948,1.845805973880051,23.04322794515065,360.2562637747006,False,none,-0.08787753999644281,0.1327392386787483,0.02733991962842952,1.268485477363484,49.83286046071546,0.586560749869913,0,before_peak,0.3322405446110897,-0.1996519902526019,True,-0.4458136392990857,-0.1114610264779435,flat_band,median_fraction_ge_0.5,at_least_6_Rdisk
wide_ml_0.5,UGC03580,0.5,0.7,47,2,63,2.43,1.84,13.266,302.57,4.37,126.2,0.11,27.06,246,0.04526748971193415,11.1358024691358,91.40000000000001,0.9216139988666765,0.1829068457549094,0,22,720.5447191302069,5,1.494202098288238,-0.04057614832985213,0.7767923133776793,988.1747497759989,21.95943888391109,4.585302026702831,7.304970987796715,132.1086243547826,False,none,-0.1694227325169434,-0.1019005134883942,0.01505823913383913,3.704326826924427,20.19826773020463,1.339718849232516,3,straddles_peak,0.7291673049665974,1390.642212348833,30.90316027441851,5.439497419581587,127.7748695831091,444.1289444362985,False,none,0.2505945477640807,0.3996519593233069,0.000860889158869008,0.2117787330817759,276.3235802500137,0.09792866745399179,0,before_peak,0.518138103914728,-0.1483816556383585,True,-0.1288465841870912,0.2911706960939329,flat_band,median_fraction_ge_0.5,at_least_6_Rdisk
wide_ml_0.5,UGC04278,0.5,0.7,25,1,90,2.21,2.46,1.307,377.42,1.116,91.40000000000001,0.14,6.69,47.78571428571428,0.06334841628959277,3.027149321266969,53.7,0.2073128204876082,0.1664118402901388,0,0,0,9,1.463894967177243,0.6560207926059864,1,17.14244447117544,0.7453236726598019,0.8280687041828219,3.179904076046134,98.68997991182532,False,none,0.7335882156471006,0.4763828344032245,0.04402648528130284,2.103837046656543,8.792444760101786,0.7608805266946657,0,before_peak,0,28.94937726369234,1.258668576682276,1.076092510218194,4999.999999999604,2975.487209201931,True,length_upper,0.7780523500454828,0.4992548422645157,2.800000000000222e-05,0.001338000000000106,10812.90793532219,0.0006187049811222366,0,before_peak,0,-0.2275664746143188,True,0.07756742304111419,0.1220315574394963,rising,median_fraction_lt_0.5,3_to_6_Rdisk
wide_ml_0.5,UGC04325,0.5,0.7,8,1,41,1.86,2.79,2.026,213.22,0.678,90.90000000000001,0.7,5.59,7.985714285714286,0.3763440860215053,3.005376344086021,89.40000000000001,0.2080670526319551,0.2256648989220341,0,0,0,3,1.334128878281623,-0.001712702828170478,0.8747763864042933,13.52764658717201,2.254607764528668,1.300367572418084,1.14933500710353,100.1566622821605,False,none,-0.3004238058327376,-0.3837844849665504,0.6090478369436328,4.863682012164154,3.177914905337029,1.759015004024207,4,straddles_peak,0,17.20827807194294,2.868046345323824,1.466640637304472,4.18100468156105,184.9707879510878,False,none,0.08543499291545138,0.1194225442454069,0.1674238737610413,1.336999220463173,9.041763739774858,0.6182422103565374,0,before_peak,0,-0.1045151665895989,True,-0.2987111030045672,0.08714769574362186,flat_band,median_fraction_lt_0.5,3_to_6_Rdisk
wide_ml_0.5,UGC04483,0.5,0.7,8,2,58,0.18,0.26,0.013,82.56999999999999,0.032,0,0.08,1.21,15.125,0.4444444444444445,6.722222222222222,20.8,0.327806728616306,0.3053647291851649,0,0,0,3,1.359550561797753,0.1846732884695167,0.8677685950413224,1.98889672367232,0.33148278727872,0.4986101588004801,0.3725150412750535,23.35695955287179,False,none,0.0390018547183646,-0.005230463065586859,0.2147564289650535,3.248190988096434,1.030005259400921,1.174751283021379,2,straddles_peak,0,3.558810832168876,0.5931351386948127,0.6669717790290003,3.694655669132895,62.11394309689917,False,none,0.2858388388851569,0.3507245838517972,0.02165289736425569,0.3275000726343673,7.989994320610673,0.1514394067688799,0,before_peak,0,-0.2526926714434729,True,-0.1456714337511521,0.1011655504156402,rising,median_fraction_lt_0.5,at_least_6_Rdisk
wide_ml_0.5,UGC04499,0.5,0.7,9,1,50,1.73,2.69,1.552,127.3,1.1,72.8,0.91,8.18,8.989010989010989,0.5260115606936416,4.728323699421965,66.90000000000001,0.287988457546341,0.2861925053369789,0,0,0,3,1.28414442700157,0.08081925039461312,1,5.59833209235852,0.7997617274797886,0.7886931590618411,2.245274562532896,73.0521736571431,False,none,-0.04622751391851614,-0.1626267793829058,0.4052956440986123,3.643206998600713,6.208191219050401,1.317614053977417,3,straddles_peak,0,7.312146056579452,1.044592293797064,0.9013660038814824,14.61157184085574,166.2724821759153,False,none,0.2648585752575861,0.2721641625677972,0.06227940497513957,0.5598302557105952,31.59871622110636,0.2588712763759741,0,before_peak,0,-0.1159862004460014,True,-0.1270467643131293,0.184039324862973,flat_band,median_fraction_lt_0.5,3_to_6_Rdisk
wide_ml_0.5,UGC05005,0.5,0.7,11,1,41,3.2,5.02,4.1,65.59,3.093,98.90000000000001,0.78,28.61,36.67948717948718,0.24375,8.940624999999999,72.5,0.2654994244946492,0.183842375176613,0,0,0,3,1.357854769814903,-0.01676468565100282,0.7941279272981475,0.5225288284039108,0.05805875871154564,0.2179509595390484,7.139100258198632,106.9182306108315,False,none,-0.1845286583017868,-0.237426752466098,0.1092574654774232,4.007507804242406,19.73963464177439,1.449368264367645,3,straddles_peak,0,1.961506262045339,0.2179451402272599,0.4222780495065198,107.0459551956024,310.006870115636,False,none,0.3122992829335602,0.3722849535054077,0.007286590124537876,0.2672683890551649,231.4956116757529,0.1235876559080219,0,before_peak,0,-0.5744794430622528,True,-0.167763972650784,0.329063968584563,flat_band,median_fraction_lt_0.5,at_least_6_Rdisk
wide_ml_0.5,UGC05253,0.5,0.7,73,2,37,8.07,4.28,171.582,189.16,16.396,213.7,0.13,53.29,409.9230769230769,0.0161090458488228,6.603469640644361,246,0.8340762288631631,0.268153449967942,0,0,0,6,1.452835332606325,0.004800072451057926,0.06661662600863201,405.1262636658382,5.706003713603355,2.355774786506025,8.213798584654535,237.2251248015922,False,none,-0.4445898588314359,-0.4739206260501853,0.0158270255424662,6.487863008907873,22.71117889064572,2.346421568716941,10,straddles_peak,0,431.6384205085474,6.079414373359823,2.431636295883814,28.41109583174748,444.637716117585,False,none,-0.03857784113424803,0.0620748999937664,0.004575677079471668,1.875675627423425,61.44131271406518,0.8673317291901027,0,before_peak,0,-0.02752969596884876,True,-0.4493899312824938,-0.04337791358530596,flat_band,median_fraction_ge_0.5,at_least_6_Rdisk
wide_ml_0.5,UGC05414,0.5,0.7,6,1,55,1.47,2.33,1.123,127.3,0.574,0,0.68,4.11,6.044117647058823,0.4625850340136055,2.795918367346939,48.9,0.369848999177637,0.313434746410555,0,0,0,2,1.201754385964912,,1,0.9804254364815065,0.2451063591203766,0.4042329024381667,1.742537706534025,59.50063262823819,False,none,,,0.3902354580048351,2.358629018235106,4.818122232839514,0.8530294171424148,0,before_peak,0,4.118350232111067,1.029587558027767,0.8284876012058626,4999.999999999995,2462.973296493342,True,length_upper,,,0.0001360000000000001,0.0008220000000000008,10812.90793532304,0.0003801012664293264,0,before_peak,0,-0.6233087068517381,True,,,unresolved,median_fraction_lt_0.5,below_3_Rdisk
wide_ml_0.5,UGC05716,0.5,0.7,12,2,54,1.14,1.84,0.588,90.54000000000001,1.094,73.09999999999999,1.03,12.37,12.00970873786408,0.9035087719298247,10.85087719298246,69.95,0.1619294757324513,0.1793157534246576,0,0,0,5,1.497578692493947,0.02569748641918907,1,201.8438082432411,20.18438082432412,4.101258020852069,2.773933404300494,78.62617499538547,False,none,-0.2373730574637721,-0.2769613691107087,0.371313888935894,4.459371656443698,7.669934577347087,1.612790810046074,5,straddles_peak,0,18.0686714216724,1.80686714216724,1.227078896596588,9.011766817440922,149.0358668029669,False,none,0.09248886314342383,0.1251775988347402,0.1142950123838746,1.372649808920901,19.48868098631758,0.6347274096530499,0,before_peak,0,1.048089211213531,False,-0.2630705438829612,0.06679137672423477,flat_band,median_fraction_lt_0.5,at_least_6_Rdisk
wide_ml_0.5,UGC05721,0.5,0.7,23,1,61,0.38,0.6,0.531,913.76,0.5620000000000001,79.7,0.09,6.74,74.8888888888889,0.2368421052631579,17.73684210526316,78.3,0.152509939778158,0.1280456776839503,0,0,0,5,1.367139959432049,0.05121548684052105,0.2804154302670623,37.31706057268689,1.777002884413661,1.273766420684989,1.011437033199624,97.88089874505404,False,none,-0.4162230611976008,-0.4842563283963699,0.08898230640743904,6.663786057623768,2.796626574279062,2.410046468838083,9,straddles_peak,0,20.23753850698372,0.9636923098563677,0.9380261076134873,2.510776029825129,162.6843284655597,False,none,-0.0132200178401569,-0.01064458124090124,0.03584549116723418,2.684429005190649,5.429758011343008,1.241307621061535,3,straddles_peak,0,0.2657497393661394,False,-0.4674385480381219,-0.06443550468067795,flat_band,median_fraction_lt_0.5,at_least_6_Rdisk
wide_ml_0.5,UGC05750,0.5,0.7,11,1,64,3.46,8.800000000000001,3.336,124.98,1.099,0,0.31,22.85,73.70967741935485,0.08959537572254335,6.604046242774567,49.8,0.2496585745680791,0.2760964529710644,0,0,0,1,1,,1,0.5046425245744954,0.05607139161938838,0.2141882189643864,5.055200646728954,84.91793863344097,False,none,,,0.06132298629938464,4.520097538519158,13.9776456693816,1.6347531294239,1,straddles_peak,0,9.044358179566805,1.004928686618534,0.9067603762630008,66.51236345681416,232.7656186343758,False,none,,,0.004660787617346962,0.343545151794768,143.8384125238553,0.1588588166336331,0,before_peak,0,-1.253393908880301,True,,,unresolved,median_fraction_lt_0.5,at_least_6_Rdisk
wide_ml_0.5,UGC05764,0.5,0.7,10,2,60,1.17,1.2,0.08500000000000001,33.79,0.163,0,0.36,3.62,10.05555555555556,0.3076923076923077,3.094017094017094,49.95,0.1325656805510127,0.1728513830147221,0,0,0,4,1.425196850393701,-0.3586565018561305,0.7016574585635359,38.02412378592686,4.753015473240858,1.949977532843055,0.8193418122702557,58.72002826572391,False,none,-0.2521786918687869,-0.2905957676071753,0.4393770641370073,4.418180478266574,2.265482684932221,1.597893475009412,4,straddles_peak,0,53.87210001630104,6.73401250203763,2.32103640678687,2.733157496466958,116.2503362871798,False,none,0.09932934511195951,0.1274996991375455,0.131715790423844,1.324475448150876,5.910676076407048,0.6124510890470769,0,before_peak,0,-0.1513046902182935,True,0.1064778099873436,0.45798584696809,declining,median_fraction_lt_0.5,3_to_6_Rdisk
wide_ml_0.5,UGC05829,0.5,0.7,11,2,34,1.99,2.91,0.5639999999999999,63.22,1.023,0,0.63,6.91,10.96825396825397,0.3165829145728643,3.472361809045226,47.9,0.2279448093409635,0.3050393733063917,0,0,0,4,1.37375745526839,0.5676244785679575,1,4.871809886939387,0.5413122096599319,0.6655011704749892,2.215945008092526,61.07405766901893,False,none,0.2350705657217955,0.0457189948385362,0.2843030841014871,3.118308430382978,6.127094908882457,1.127777536134223,2,straddles_peak,0,0.7681068975869538,0.08534521084299487,0.2642496921107613,144.452996413617,378.2542820969166,False,none,0.5325413065202398,0.4737081421252247,0.00436128024783993,0.04783562938503796,312.3913902403982,0.02211968772469199,0,before_peak,0,0.80226866735862,False,-0.332553912846162,-0.03508317204771771,rising,median_fraction_lt_0.5,3_to_6_Rdisk
wide_ml_0.5,UGC05918,0.5,0.7,8,2,46,1.66,2.63,0.233,24.94,0.297,0,0.5600000000000001,4.46,7.964285714285714,0.3373493975903615,2.686746987951807,38.09999999999999,0.163505259108358,0.1849185016200489,0,0,0,3,1.335329341317365,0.2651408013051803,1,2.474583181041856,0.4124305301736427,0.5561680480126776,1.134199955551876,45.42872137897783,False,none,-0.07850694081916346,-0.2177004234148072,0.4937401004636053,3.932287228692285,3.136066440249153,1.422163747157622,3,straddles_peak,0,0.8785242835147915,0.1464207139191319,0.3313842715630133,7.267236497017616,101.1205837841791,False,none,0.3049332818374025,0.2605282686946381,0.07705817751077966,0.6137133423179951,15.71599183729421,0.28378737060784,0,before_peak,0,0.4497482863956834,False,-0.3436477421243437,0.03979248053222223,rising,median_fraction_lt_0.5,below_3_Rdisk
wide_ml_0.5,UGC05986,0.5,0.7,15,2,90,1.67,3.12,4.695,1725.16,2.667,113,0.63,9.41,14.93650793650794,0.377245508982036,5.634730538922156,109,0.2374430283553875,0.1717557832128302,0,0,0,6,1.498407643312102,-0.2117517023111652,0.6004250797024442,2.170215274026049,0.1669396364635422,0.3803695811554905,2.267767523457598,122.3001583546512,False,none,-0.2570251213888638,-0.2131875022946295,0.2778062537201598,4.149455313502704,6.270384326670011,1.500705460744435,6,straddles_peak,0,75.53808348291167,5.810621806377821,2.244074916796253,22.32929287136991,317.912792142798,False,none,0.1969293135326286,0.3245817261873497,0.02821405960453728,0.4214195252042791,48.28891761579762,0.1948687289880678,0,before_peak,0,-1.541663146183091,True,-0.04527341907769863,0.4086810158437937,declining,median_fraction_lt_0.5,3_to_6_Rdisk
wide_ml_0.5,UGC06399,0.5,0.7,9,1,75,2.05,3.45,2.296,311.05,0.674,85,0.87,7.85,9.022988505747126,0.4243902439024391,3.829268292682927,77.5,0.2106951984154088,0.2056630993897289,0,0,0,4,1.498091603053435,0.134722948435574,1,1.131251962160472,0.1616074231657817,0.3545344305737804,2.382166950415929,89.7798041076253,False,none,0.04095090084377034,0.0333897842148904,0.3652136974900508,3.295318994594136,6.586699101601552,1.191795750634984,2,straddles_peak,0,4.605951989227093,0.6579931413181562,0.7153827250133,26.26925682867049,252.4131940989331,False,none,0.3067547199526308,0.3665424422721239,0.03311856158223991,0.2988284004834291,56.80941112355406,0.1381813302540161,0,before_peak,0,-0.6097600612244437,True,-0.09377204759180363,0.1720317715170568,rising,median_fraction_lt_0.5,3_to_6_Rdisk
wide_ml_0.5,UGC06446,0.5,0.7,17,1,51,1.49,2.06,0.988,86.45999999999999,1.379,82.2,0.58,10.22,17.62068965517242,0.3892617449664429,6.859060402684564,80.09999999999999,0.1677703329346862,0.2023683141019462,0,0,0,6,1.464183381088825,-0.03720203517209749,0.8101761252446182,32.40938000175778,2.160625333450519,1.380736802490054,1.867627117659029,89.51245618897707,False,none,-0.3465036744280262,-0.4187285509237847,0.3105544969420871,5.472184411634708,5.163994847575048,1.979087954512424,9,straddles_peak,0,3.220318023870405,0.214687868258027,0.435236110625459,5.417787930842949,163.9490531284627,False,none,0.03018411314873469,0.06181851607345645,0.1070547624609142,1.886378745431972,11.71640842186183,0.8722809611971482,0,before_peak,0,1.002771960217847,False,-0.3093016392559287,0.06738614832083217,flat_band,median_fraction_lt_0.5,at_least_6_Rdisk
wide_ml_0.5,UGC06614,0.5,0.7,13,1,36,5.1,3.68,124.35,540.54,21.888,199.8,3.23,64.59,19.9969040247678,0.6333333333333334,12.66470588235294,193,0.6997608875016516,0.2258650222772822,0,1,0.8516255309316551,2,1.363233431827775,,0.7335500851525004,1.533148789602673,0.1393771626911521,0.3434159610110292,17.29582661835618,213.2740984480194,False,none,,,0.186750253183735,3.734426889516236,47.82301493549472,1.350604935450455,1,straddles_peak,0.5554748089077253,9.715004565506954,0.8831822332279049,0.8644698048518149,570.8252328138578,932.993194616655,False,none,,,0.005658474458246804,0.1131519706681613,1234.456137915118,0.05232263667876165,0,before_peak,0.08766084721723598,-0.8018587045553236,True,,,unresolved,median_fraction_ge_0.5,at_least_6_Rdisk
wide_ml_0.5,UGC06667,0.5,0.7,9,1,89,5.15,3.5,1.397,614.9400000000001,0.8090000000000001,83.8,0.87,7.85,9.022988505747126,0.1689320388349514,1.524271844660194,77.3,0.08474527596150146,0.115602547836795,0,0,0,4,1.498091603053435,0.1455282829990095,1,5.340182847505875,0.7628832639294106,0.7702945214155914,2.165500645447004,93.5169745338286,False,none,-0.02639192749887174,-0.07202652107516627,0.4017546712946899,3.625027781222202,5.987616087693996,1.311039299285346,3,straddles_peak,0,9.147204765099513,1.306743537871359,1.008144873027214,20.06108070051829,238.2511121519123,False,none,0.3334455290052376,0.3345235809281097,0.04336755397118376,0.3913049410043592,43.38372373955806,0.1809434350800604,0,before_peak,0,-0.2337322736121273,True,-0.1719202104978813,0.187917246006228,rising,median_fraction_lt_0.5,below_3_Rdisk
wide_ml_0.5,UGC06786,0.5,0.7,45,1,64,3.6,3.42,73.407,1078.52,5.03,219.4,0.16,34.05,212.8125,0.04444444444444445,9.458333333333332,218,0.509740644481975,0.1570234675632463,0,0,0,6,1.453885567890691,-0.1710795800706233,0.3753303964757709,1046.014056668733,24.3259082946217,4.821281656868922,5.322630191859392,247.920640418254,False,none,-0.4855566319765972,-0.4710633267699649,0.03006032623583531,6.397213177063701,14.7170892018111,2.313636856655715,10,straddles_peak,0,40.87502481763038,0.950581972503032,0.9530655196974815,15.60786791423096,444.9258200406676,False,none,-0.05429031867613107,0.03328909239770193,0.01025124000787545,2.181592014175994,33.75328776465239,1.008790617299756,1,straddles_peak,0,1.408079491403362,False,-0.3144770519059738,0.1167892613944923,declining,median_fraction_ge_0.5,at_least_6_Rdisk
wide_ml_0.5,UGC06787,0.5,0.7,71,2,66,5.37,2.88,98.256,429.37,5.03,248.1,0.12,37.19,309.9166666666667,0.0223463687150838,6.925512104283054,238,0.5956364760817109,0.1673307676549959,0,16,102.6111633167333,8,1.440914374273537,0.03393468952334815,0.01586447969884378,4697.332895422851,68.0772883394616,8.133856296086885,5.917906306628731,253.6417346418326,False,none,-0.4754724164873399,-0.4675175591274931,0.02027744167993777,6.284317133974046,16.36302952923923,2.272806507715755,17,straddles_peak,0.02184455851888187,2013.614717745798,29.18282199631591,5.325483139817083,19.20297414190872,473.6544036738595,False,none,-0.04025379179100078,0.05619190768132721,0.006249032004793001,1.936679168818764,41.52799829616962,0.8955403950551177,0,before_peak,0.05095868758428845,0.3678749624411533,False,-0.5094071060106881,-0.07418848131434894,flat_band,median_fraction_ge_0.5,at_least_6_Rdisk
wide_ml_0.5,UGC06818,0.5,0.7,8,2,75,1.39,2.12,1.588,286.31,1.079,71.2,0.87,6.98,8.022988505747128,0.6258992805755396,5.02158273381295,55.45,0.3371085574518528,0.2113258565048605,0,0,0,3,1.33206106870229,0.1420405088329554,1,6.917739354415497,1.152956559069249,0.9299018331533373,5.876329003094591,117.2350486305525,False,none,0.6176241956187428,0.7987113038859391,0.148051615139629,1.187816406522541,16.24806815435008,0.4295895323488813,0,before_peak,0,21.25233171349857,3.542055285583095,1.629890015978784,4999.999999999995,2276.778010688046,True,length_upper,0.36043682653422,0.4991931454608866,0.0001740000000000002,0.001396000000000001,10812.90793532304,0.0006455247785101456,0,before_peak,0,-0.4874423912022478,True,0.4755836867857874,0.2183963177012646,rising,median_fraction_lt_0.5,3_to_6_Rdisk
wide_ml_0.5,UGC06917,0.5,0.7,11,1,56,2.76,4.52,6.832,261.11,2.023,108.7,1.74,10.47,6.017241379310345,0.6304347826086957,3.793478260869566,100,0.2572906135865595,0.2540743884259328,0,0,0,4,1.33375796178344,0.282696673728256,1,7.881040396518274,0.8756711551686971,0.8464385493733716,2.662345014731965,107.2339421262994,False,none,-0.09220175136830366,-0.2196147685689946,0.6535591707204699,3.932623285886966,7.361392329629368,1.422285286692109,4,straddles_peak,0,7.231405995990666,0.803489555110074,0.8108024081674035,17.7084862443437,246.9919954557492,False,none,0.2622226879116267,0.266359470827134,0.09825797507428265,0.591241953464218,38.2960462868046,0.2733963689512141,0,before_peak,0,0.03736080860808161,False,-0.3748984250965596,-0.02047398581662929,rising,median_fraction_lt_0.5,3_to_6_Rdisk
wide_ml_0.5,UGC06923,0.5,0.7,6,2,65,1.44,1.66,2.89,347.4,0.8090000000000001,79.59999999999999,0.93,5.16,5.548387096774193,0.6458333333333334,3.583333333333333,75.7,0.3712502988907281,0.3551476272907121,0,0,0,3,1.387096774193548,0.1015904109548382,1,1.185254823259983,0.2963137058149957,0.4444575013916747,1.925991172175642,77.43001370530844,False,none,0.1712806658732887,0.2230958688106832,0.4828682568412044,2.679140005699586,5.325371641667198,0.9689464599290528,0,before_peak,0,3.819740999408665,0.9549352498521662,0.7978868966848899,197.2997877475844,616.2531704073997,False,none,0.340677766658343,0.4854770980569539,0.004713639130670511,0.02615309453146219,426.6768881146817,0.01209346028279156,0,before_peak,0,-0.5082221849188826,True,0.06969025491845053,0.2390873557035048,rising,median_fraction_lt_0.5,3_to_6_Rdisk
wide_ml_0.5,UGC06930,0.5,0.7,10,1,32,3.94,4.38,8.932,189.16,3.237,107.2,1.74,16.61,9.545977011494253,0.4416243654822335,4.215736040609137,105,0.2910873851665864,0.2880907986111111,0,0,0,4,1.36259228876128,-0.02848551411340483,0.7338952438290186,10.07759077459525,1.259698846824406,1.00387204237369,3.503687475126544,110.0805774233805,False,none,-0.3644555554643383,-0.3610808593720589,0.4966196364123931,4.740719632649339,9.687706875741526,1.714544031218804,5,straddles_peak,0,2.219114068064333,0.2773892585080416,0.4710747359033737,9.988454831149422,201.6830910615829,False,none,-0.04725533763325666,0.07940172885928344,0.1742011181322797,1.662919869067336,21.60084850107028,0.7689512751861114,0,before_peak,0,0.6571770921419171,False,-0.3359700413509334,-0.01876982351985183,flat_band,median_fraction_lt_0.5,3_to_6_Rdisk
wide_ml_0.5,UGC06983,0.5,0.7,17,1,49,3.21,3.95,5.298,121.57,2.967,109,1.74,15.68,9.011494252873563,0.5420560747663551,4.884735202492211,108,0.2121128526508866,0.2225140537190082,0,0,0,7,1.497612225405922,-0.08074374753859749,0.6677295918367347,25.90227295071126,1.726818196714084,1.234367495824368,2.92678528126791,116.5727645053168,False,none,-0.3293277510142355,-0.4033121840958213,0.5945089348154081,5.357413849371034,8.092570497354123,1.937579660891011,9,straddles_peak,0,8.951318728000698,0.5967545818667133,0.7256363830946112,8.451087966836104,215.8639800576231,False,none,0.032465197861594,0.06679865764662951,0.205890650627249,1.855382414847853,18.27616722774305,0.8579479386792822,0,before_peak,0,0.4614508542850975,False,-0.248584003475638,0.1132089454001915,flat_band,median_fraction_lt_0.5,3_to_6_Rdisk
wide_ml_0.5,UGC07089,0.5,0.7,12,2,80,2.26,3.9,3.585,520.99,1.214,0,0.87,9.16,10.52873563218391,0.3849557522123894,4.053097345132744,66.2,0.3777644826672253,0.3247043964770834,0,0,0,6,1.499181669394435,0.3356376757309465,1,2.441604133883078,0.2441604133883078,0.4510731771641085,3.616253423731313,74.70208889377272,False,none,0.2251566983021119,0.3146878432303817,0.2405804842909264,2.533008317361938,9.9989520772655,0.9160959997825157,0,before_peak,0,2.642705295731682,0.2642705295731682,0.4692818356925542,4999.999999999995,2144.743817074668,True,length_upper,0.3453089003447763,0.4989944599194856,0.0001740000000000002,0.001832000000000002,10812.90793532304,0.0008471356692196179,0,before_peak,0,-0.03437348341190069,True,-0.1104809774288346,0.009671224613829799,rising,median_fraction_lt_0.5,3_to_6_Rdisk
wide_ml_0.5,UGC07125,0.5,0.7,13,1,90,3.38,3.92,2.712,103,4.629,65.2,1.44,18.68,12.97222222222222,0.4260355029585799,5.526627218934911,61.5,0.4348876056173883,0.4483119317793022,0,0,0,5,1.436923076923077,-0.02833651955107414,0.69593147751606,6.727530893270709,0.6115937175700644,0.7193763802109707,3.992353697756495,59.95292630524749,False,none,-0.3059415267599257,-0.3326540509671854,0.3606894852049829,4.678944155297972,11.03887051648372,1.692202111810825,6,straddles_peak,0,9.388060327254387,0.8534600297503988,0.8497990860855734,14.40187038588033,115.6989598097879,False,none,-0.03022173053478544,0.1321103426911006,0.09998701289603212,1.297053750623528,31.14521971579589,0.5997710136726402,0,before_peak,0,-0.1447201709427667,True,-0.2776050072088516,-0.001885210983711295,flat_band,median_fraction_lt_0.5,3_to_6_Rdisk
wide_ml_0.5,UGC07151,0.5,0.7,11,1,90,1.25,2.17,2.284,965.67,0.616,73.5,0.5,5.5,11,0.4,4.4,67.2,0.3314143733650416,0.3329463804370862,0,0,0,4,1.375,0.2047173356326239,1,19.29567276116063,2.143963640128959,1.324444060425513,1.224192123484588,70.06244685441408,False,none,-0.1202595286852755,-0.3199860146630076,0.4084326229585441,4.492758852543985,3.384895067298181,1.624865731625203,5,straddles_peak,0,26.3138631961344,2.923762577348266,1.546663952339604,7.217263950793679,152.518337141215,False,none,0.2270548032101773,0.2263013874698453,0.06927833087565201,0.7620616396321722,15.60792212897159,0.3523851512425759,0,before_peak,0,-0.1347246872515995,True,-0.3249768643178993,0.02233746757755345,rising,median_fraction_lt_0.5,3_to_6_Rdisk
wide_ml_0.5,UGC07232,0.5,0.7,4,2,59,0.29,0.46,0.113,227.42,0.046,0,0.21,0.82,3.904761904761905,0.7241379310344828,2.827586206896552,30.7,0.4216697156888133,0.2934089117381198,0,0,0,2,1.32258064516129,,1,0.2241299652884845,0.1120649826442423,0.2367118318169185,124.246707643207,9999.999999999847,True,excess_amplitude_upper,,,0.001690185631341205,0.006599772465237085,343.5425369609687,0.002386895105490717,0,before_peak,0,4.797293242833632,2.398646621416816,1.095136206464022,4999.999999999995,3642.535801123293,True,length_upper,,,4.200000000000004e-05,0.0001640000000000001,10812.90793532304,7.583528916594833e-05,0,before_peak,0,-1.330496342408821,True,,,unresolved,median_fraction_lt_0.5,below_3_Rdisk
wide_ml_0.5,UGC07261,0.5,0.7,7,2,30,1.2,2.66,1.753,566.02,1.388,74.7,0.95,6.67,7.021052631578947,0.7916666666666666,5.558333333333334,69.59999999999999,0.2581812091082866,0.2424893736682283,0,0,0,3,1.401260504201681,0.1067039173464214,1,8.360076370560277,1.672015274112055,1.092838791572551,1.450688907033961,77.77320503384183,False,none,-0.187902348497735,-0.3274108312869867,0.6548612837623085,4.597815539678524,4.011159385363638,1.662860873676133,3,straddles_peak,0,0.2436288854850193,0.04872577709700387,0.1865586409091252,4.44772655714744,141.9552147704345,False,none,0.1257591591187376,0.1021726013894069,0.2135922673738479,1.499642550930069,9.618571556785325,0.6934501615569638,0,before_peak,0,1.53548146633031,False,-0.2946062658441564,0.01905524177231614,rising,median_fraction_lt_0.5,3_to_6_Rdisk
wide_ml_0.5,UGC07323,0.5,0.7,10,1,47,2.26,3.26,4.109,283.68,0.722,0,0.58,5.82,10.03448275862069,0.2566371681415929,2.575221238938053,62.5,0.4088836566326955,0.3757392656325991,0,0,0,4,1.42997542997543,0.354856702054802,1,2.77978256941932,0.347472821177415,0.5272364336253063,2.590546968787264,80.90605204071912,False,none,0.3932851818477918,0.4144625833310707,0.2238909415610869,2.246629792906079,7.162870507034969,0.8125234142211454,0,before_peak,0,5.511202921368529,0.6889003651710661,0.7423747652882962,4999.999999999968,2748.994716982552,True,length_upper,0.4438718789671534,0.4993493740150546,0.0001160000000000007,0.001164000000000007,10812.90793532298,0.0005382455889583192,0,before_peak,0,-0.2972355745952276,True,0.03842847979298974,0.08901517691235139,rising,median_fraction_lt_0.5,below_3_Rdisk
wide_ml_0.5,UGC07399,0.5,0.7,10,1,55,1.64,1.27,1.156,135.78,0.745,103,0.61,6.13,10.04918032786885,0.3719512195121951,3.73780487804878,93.40000000000001,0.1207457605105007,0.1077252206174003,0,0,0,4,1.425581395348837,0.2526472615875269,1,52.44454376872757,6.555567971090946,2.290077373555915,1.296514749054527,110.6791133090867,False,none,-0.2807362923614243,-0.341984111614162,0.4704921409068717,4.728060366818235,3.584867354204357,1.709965640098425,5,straddles_peak,0,8.10823285839683,1.013529107299604,0.9004572648602948,5.85459838682466,224.6587336543787,False,none,0.1699692517294742,0.172095138185403,0.1041916045638177,1.047040222911807,12.66104667100518,0.4841621833713161,0,before_peak,0,0.8107740991029866,False,-0.5333835539489511,-0.08267800985805268,rising,median_fraction_lt_0.5,3_to_6_Rdisk
wide_ml_0.5,UGC07524,0.5,0.7,31,1,46,3.46,3.61,2.436,106.86,1.779,79.5,0.35,10.69,30.54285714285714,0.1011560693641618,3.089595375722543,70.2,0.2062242249841113,0.2648692110047727,0,0,0,11,1.47448275862069,0.2112390868765389,0.9681945743685688,19.31783330711258,0.6661321830038822,0.789402250524195,2.633213506391463,80.56409679464289,False,none,0.01403721528850049,-0.203081339450266,0.1329174406672543,4.059678402094138,7.280843617549731,1.468236451917858,10,straddles_peak,0,23.40060237267894,0.8069173231958255,0.8688257253639301,19.78879371148553,187.0916231813295,False,none,0.3724150026223986,0.2877499551482087,0.01768677793618405,0.5402047318223072,42.79488091067854,0.2497962319912085,0,before_peak,0,-0.08326862282202133,True,-0.1972018715880384,0.1611759157458597,rising,median_fraction_lt_0.5,3_to_6_Rdisk
wide_ml_0.5,UGC07559,0.5,0.7,7,2,61,0.58,0.98,0.109,55.06,0.169,0,0.36,2.53,7.027777777777778,0.6206896551724138,4.362068965517241,26.1,0.3787453052668355,0.3392472679149306,0,0,0,3,1.405555555555555,0.2289153012000318,1,0.2514752774783973,0.05029505549567945,0.1895390187791713,1.041732694513057,30.79209311703561,False,none,0.3909703843588366,0.3320641714822229,0.3455780949337264,2.428646056062022,2.880394172986104,0.8783520060301849,0,before_peak,0,2.125214110381425,0.425042822076285,0.5510009217494786,4999.999999999995,1637.852850155947,True,length_upper,0.4998318754919397,0.4997149913191035,7.200000000000007e-05,0.0005060000000000004,10812.90793532304,0.0002339796116949381,0,before_peak,0,-0.9269073947277391,True,0.1620550831588048,0.2709165742919079,rising,median_fraction_lt_0.5,3_to_6_Rdisk
wide_ml_0.5,UGC07577,0.5,0.7,9,2,63,0.9,0.77,0.045,54.55,0.044,0,0.19,1.69,8.894736842105262,0.2111111111111111,1.877777777777778,10.7,0.7394663906984229,0.6892052554726253,0,0,0,4,1.495575221238938,0.8949478408408659,1,0.8882100167947076,0.1268871452563868,0.3141496488396551,904.729708923137,9999.999999999991,True,excess_amplitude_upper,0.5579137695458533,0.9999995266278262,0.0002100074730895587,0.001867961208007128,2501.580487427961,0.0006755729062060281,0,before_peak,0,1.356085208189275,0.1937264583127536,0.388170238739722,4999.999999999995,674.6063465176445,True,length_upper,0.3680949920121576,0.4998150384181438,3.800000000000004e-05,0.0003380000000000003,10812.90793532304,0.0001562946813298203,0,before_peak,0,-0.1837713122015292,True,-0.3370340712950126,-0.5268528488287083,rising,median_fraction_ge_0.5,below_3_Rdisk
wide_ml_0.5,UGC07603,0.5,0.7,12,1,78,0.53,0.85,0.376,520.99,0.258,61.6,0.34,4.11,12.08823529411765,0.6415094339622641,7.754716981132075,60.25,0.1984394235366437,0.1373208237015034,0,0,0,4,1.334415584415584,0.1478915601134157,1,4.843588502885785,0.4843588502885785,0.6353206869294294,1.099267658986751,68.53223393145399,False,none,-0.1590783146178893,-0.169492570496866,0.3092968279567095,3.73885283206493,3.039478530504954,1.352205636181019,4,straddles_peak,0,15.14624222645851,1.514624222645851,1.123470895130299,9.493462958056137,169.8389744137844,False,none,0.2597523335743013,0.3132891256752446,0.03581411772523709,0.4329294819138954,20.53038819057213,0.2001910515207587,0,before_peak,0,-0.4951376583546522,True,-0.306969874731305,0.1118607734608856,rising,median_fraction_lt_0.5,at_least_6_Rdisk
wide_ml_0.5,UGC07690,0.5,0.7,7,2,41,0.57,0.86,0.858,395.21,0.39,57.4,0.59,4.13,7,1.035087719298246,7.24561403508772,57.9,0.3481288684856566,0.3331732666998187,0,0,0,3,1.4,-0.1042060919334427,0.4285714285714286,2.568395574736876,0.5136791149473752,0.6057339791804975,0.7022972035863566,61.2307103080475,False,none,-0.3813226969076726,-0.4537853015426594,0.8401001698242584,5.880701188769809,1.941853974219508,2.126833456496118,4,straddles_peak,0,1.678671877079479,0.3357343754158958,0.4897042660159408,1.45148022904805,102.1772686926398,False,none,-0.09312283272729212,-0.01869420822530209,0.4064815959546003,2.845371171682202,3.138944417327634,1.315728936518127,2,straddles_peak,0,0.1846960982491074,False,-0.2771166049742299,0.01108325920615062,declining,median_fraction_lt_0.5,at_least_6_Rdisk
wide_ml_0.5,UGC07866,0.5,0.7,7,2,44,0.61,0.95,0.124,97.45999999999999,0.118,0,0.33,2.32,7.030303030303029,0.5409836065573771,3.80327868852459,26,0.3395584351893767,0.3395584351893767,0,0,0,3,1.389221556886228,0.4861276306190677,1,0.9653056375724494,0.1930611275144899,0.3713499769321291,0.7175781815993665,29.56662619932246,False,none,0.123908753531046,0.01307924836336744,0.4598802032476559,3.233097186468369,1.984105926431468,1.169292409792181,2,straddles_peak,0,0.2183988448429264,0.04367976896858529,0.1766347501981445,11.92026981414404,97.24867019122752,False,none,0.3872077479220708,0.4042502076168203,0.02768393712099011,0.1946264670324153,25.77855601290997,0.08999728296798849,0,before_peak,0,0.6454145055970402,False,-0.3622188770880217,-0.09891988269699692,rising,median_fraction_lt_0.5,3_to_6_Rdisk
wide_ml_0.5,UGC08286,0.5,0.7,17,1,90,1.05,2.25,1.255,1488.78,0.642,82.40000000000001,0.47,8.039999999999999,17.1063829787234,0.4476190476190476,7.657142857142856,79.3,0.1639390072258078,0.1509683072667584,0,0,0,6,1.417989417989418,0.0691742644073999,1,126.3469829721442,8.423132198142946,2.726201655958278,1.693935221344265,92.98846479554112,False,none,-0.2894325087392146,-0.3490057718329805,0.277460433007007,4.74634442846029,4.683736208602589,1.716578313106742,8,straddles_peak,0,36.78028914233927,2.452019276155951,1.470899867474875,5.050208824219478,169.3190405841046,False,none,0.07859443393284724,0.091234425648711,0.09306545855015007,1.592013376049376,10.92148861408826,0.7361633824924508,0,before_peak,0,0.5359497368503696,False,-0.3586067731466145,0.009420169525447331,flat_band,median_fraction_lt_0.5,at_least_6_Rdisk
wide_ml_0.5,UGC08490,0.5,0.7,30,1,50,0.67,1.14,1.017,576.54,0.72,78.59999999999999,0.34,10.15,29.85294117647059,0.5074626865671642,15.14925373134328,78.5,0.1612302244698998,0.1290147501223943,0,0,0,11,1.499261447562777,-0.1091569983103561,0.5665024630541872,134.7077080957223,4.810989574847224,2.119022637095715,1.646249674151535,94.87988196053988,False,none,-0.4298432034164475,-0.4585404166363981,0.2065300332862532,6.165528934869029,4.551885520808061,2.22984518252958,17,straddles_peak,0,3.147920879005671,0.112425745678774,0.3239300788238964,3.186649618056999,158.417482745361,False,none,-0.06288905295097186,-0.0334183709030696,0.1066951314865011,3.185163484082312,6.891389788436538,1.472852401562203,10,straddles_peak,0,1.631368639045371,False,-0.3206862051060914,0.04626794535938424,declining,median_fraction_lt_0.5,at_least_6_Rdisk
wide_ml_0.5,UGC08550,0.5,0.7,11,1,90,0.45,1.01,0.289,1284.78,0.288,56.9,0.49,5.36,10.93877551020408,1.088888888888889,11.91111111111111,51.6,0.1835838336483932,0.162239412979275,0,0,0,4,1.377892030848329,0.1167657405389204,0.8190298507462686,43.3017307517139,4.811303416857101,1.984066777462023,1.224477962061387,61.90996288448915,False,none,-0.134452618143218,-0.298329017952105,0.4001705340413753,4.377375637677085,3.385685411861007,1.583135864077157,5,straddles_peak,0,6.872527099774221,0.7636141221971356,0.790427220488114,4.412769890982961,117.9263911530619,False,none,0.2256444948096661,0.1408403446605883,0.1110413667844463,1.21465658360129,9.542974914192857,0.5616697149678453,0,before_peak,0,0.7993887942350504,False,-0.2512183586821384,0.1088787542707457,rising,median_fraction_lt_0.5,at_least_6_Rdisk
wide_ml_0.5,UGC08699,0.5,0.7,41,2,73,3.09,1.91,50.302,1370.35,3.738,182.4,0.22,25.7,116.8181818181818,0.07119741100323625,8.31715210355987,184,0.4554908320251178,0.221172524035636,0,4,6.898520594959762,4,1.348373557187828,0.05578622922770847,0.05914396887159534,360.156714728144,9.234787557131899,2.963833685502712,4.461256631804906,183.2894654675328,False,none,-0.4687192260521235,-0.4561409710045802,0.0493134598963866,5.760708724259707,12.33538860221056,2.083436592779447,7,straddles_peak,0.01915421901870398,37.8587089424378,0.9707361267291744,0.9609282725248057,11.37108429562105,330.1429901750867,False,none,-0.1017800881585237,0.01942640996684319,0.01934731941831801,2.260118677503513,24.59089752266962,1.045102155230728,1,straddles_peak,0.1822175342917426,0.9783257165625643,False,-0.5245054552798319,-0.1575663173862322,flat_band,median_fraction_lt_0.5,at_least_6_Rdisk
wide_ml_0.5,UGC08837,0.5,0.7,8,2,80,1.72,2.25,0.501,77.42,0.32,0,0.52,4.2,8.076923076923077,0.3023255813953489,2.441860465116279,31.7,0.4939525253227925,0.3679550297458085,0,0,0,3,1.333333333333333,0.3862973732714526,1,2.105884146169343,0.3509806910282239,0.513064828526735,19.73384643784368,328.6483142276621,False,none,0.7658733850825433,0.9931904257673602,0.02635066618349648,0.2128323037897793,54.56414739554386,0.07697362096677801,0,before_peak,0,24.92594496992524,4.154324161654206,1.765146770453,4999.999999999986,1486.968370571889,True,length_upper,0.4539365350095428,0.4995146182743549,0.0001040000000000003,0.0008400000000000023,10812.90793532302,0.0003884246518255898,0,before_peak,0,-1.073217156794665,True,0.3795760118110907,0.0676391617380902,rising,median_fraction_lt_0.5,below_3_Rdisk
wide_ml_0.5,UGC09037,0.5,0.7,22,2,65,4.28,5.69,68.614,841.0700000000001,19.078,152.3,2.43,27.96,11.50617283950617,0.5677570093457944,6.532710280373832,147,0.5803968907372268,0.4319028865034747,0,3,58.42033483224496,8,1.436793422404933,-0.2407145496654776,0.695994277539342,79.54842102546937,3.977421051273468,1.901535516191984,11.71927402051634,151.5762458776711,False,none,0.09757074726614355,0.3573369537974101,0.2073507280182989,2.385813314975983,32.40382948343721,0.8628609780301242,0,before_peak,0.734399678574893,133.2588663391803,6.662943316959014,2.461142254571131,4999.999999999489,2381.162332799332,True,length_upper,0.1599529942146574,0.496886489555285,0.0004860000000000497,0.005592000000000572,10812.90793532194,0.002585798396439183,0,before_peak,0.438397357242626,-0.224064550655445,True,0.3382852969316212,0.400667543880135,declining,median_fraction_ge_0.5,at_least_6_Rdisk
wide_ml_0.5,UGC09133,0.5,0.7,68,1,53,6.97,5.92,282.926,864.63,33.428,226.8,0.32,108.31,338.46875,0.04591104734576758,15.53945480631277,279,0.5550737288678602,0.2190841068650023,0,4,0.2404715329768108,10,1.448575631937943,-0.007179367309005461,0.09029637152617485,3124.134947251614,47.33537798866082,6.778138460447257,20.53409043337632,248.1488373279168,False,none,-0.4048174618626144,-0.4024197450636663,0.01558384098084368,5.274643176984933,56.77682455719979,1.90764455118273,16,straddles_peak,7.697219775616929e-05,623.3203234608955,9.444247325165083,3.02761875820143,28.58108362278254,433.6695595682154,False,none,-0.1383152267920418,-0.06506735945751135,0.01119621649841582,3.789569402948179,61.80892518098339,1.75233592370125,14,straddles_peak,0.0003857912600083815,0.7000184976289692,False,-0.3976380945536089,-0.1311358594830364,flat_band,median_fraction_ge_0.5,at_least_6_Rdisk
wide_ml_0.5,UGC09992,0.5,0.7,5,2,30,1.04,1.62,0.336,73.25,0.318,33.6,0.78,3.89,4.987179487179487,0.75,3.740384615384615,33,0.4346848484848485,0.4859173787917478,0,0,0,2,1.246794871794872,,1,0.6525777809196976,0.2175259269732326,0.3612693679014864,0.5888936850510521,32.52888225684188,False,none,,,1.324517514451493,6.605606578482447,1.628292889206333,2.389005089800567,3,straddles_peak,0,0.03676241852971847,0.01225413950990616,0.08574662504112739,0.9075047489192304,53.61441699247279,False,none,,,0.8594996344965921,4.28647894639967,1.962553060186419,1.982112014658343,3,straddles_peak,0,1.249228207707153,False,,,unresolved,median_fraction_lt_0.5,3_to_6_Rdisk
wide_ml_0.5,UGC10310,0.5,0.7,7,1,34,1.8,3.12,1.741,158.79,1.196,71.40000000000001,1.1,7.74,7.036363636363636,0.6111111111111112,4.3,69.2,0.230199754001136,0.2954629225267998,0,0,0,3,1.402173913043478,0.09508414551697586,1,1.487502965381617,0.2975005930763234,0.4609776823512667,1.719040166284038,74.11055578251424,False,none,-0.1845904950040234,-0.3112237360066784,0.6398919708652383,4.502512594997222,4.753151460229554,1.628393301741366,3,straddles_peak,0,2.843340184425109,0.5686680368850218,0.6373315110033967,7.310392342113331,143.4831387502443,False,none,0.1511916201933085,0.1686887614669164,0.1504707201093951,1.058766703315198,15.80931987327242,0.4895846286901573,0,before_peak,0,-0.2813709827109107,True,-0.2796746405209992,0.05610747467633262,flat_band,median_fraction_lt_0.5,3_to_6_Rdisk
wide_ml_0.5,UGC11455,0.5,0.7,36,1,90,5.93,10.06,374.322,9568.200000000001,13.335,269.4,0.62,41.93,67.62903225806451,0.1045531197301855,7.070826306913997,262.5,0.6583910345470447,0.3889596689824827,0,3,36.14377379730645,7,1.439409543426021,-0.01567121377249551,0.3966134032911996,147.4496439278391,4.336754233171738,2.023814082973032,10.1422572729614,246.0154289652761,False,none,-0.3890085420142359,-0.2311797174450307,0.06113037594233383,4.134188166551706,28.04337322216758,1.495183894883779,7,straddles_peak,0.2451262195993839,170.4788640377216,5.014084236403577,2.176125915715316,130.984700881564,675.4397786111545,False,none,-0.02910920673418639,0.3563463235205359,0.004733377225181451,0.3201137210513843,283.2651023136359,0.1480238817190209,0,before_peak,0.2120132252248523,-0.06302681473163579,True,-0.3733373282417404,-0.01343799296169088,flat_band,median_fraction_ge_0.5,at_least_6_Rdisk
wide_ml_0.5,UGC11557,0.5,0.7,12,2,30,2.75,4.18,12.101,337.93,2.605,0,0.33,10.56,32,0.12,3.84,64.90000000000001,0.8978353723354643,0.6766799639181069,0,5,7.357536912683125,2,1.2,,0.5625,10.65602320199258,1.065602320199258,0.9423385450565956,11.71641776763144,110.0189656760485,False,none,,,0.02816560543886374,0.9012993740436398,32.39593193523741,0.3259668535268705,0,before_peak,0.6904580417305523,14.69299430496262,1.469299430496262,1.106533412093922,4999.999999999986,1333.791326906595,True,length_upper,,,6.600000000000018e-05,0.002112000000000006,10812.90793532302,0.0009766105531614827,0,before_peak,0.5007513621779659,-0.1395151528207396,True,,,unresolved,median_fraction_ge_0.5,3_to_6_Rdisk
wide_ml_0.5,UGC11820,0.5,0.7,10,1,45,2.08,2.74,0.97,34.11,1.977,0,0.26,15.82,60.84615384615385,0.125,7.605769230769231,51.875,0.2066155133815956,0.2066155133815956,0,0,0,2,1.203957382039574,,1,124.7208320030902,15.59010400038628,3.531583667465493,4.640950463860283,82.81534675750305,False,none,,,0.05602300693029491,3.408784498604867,12.83224261236121,1.232832052657788,2,straddles_peak,0,10.65246078687833,1.331557598359791,1.032107590655079,23.52752382558907,182.4252252945487,False,none,,,0.01105088669455381,0.6724039519532355,50.88018981444284,0.3109265130042683,0,before_peak,0,1.068489055155761,False,,,unresolved,median_fraction_lt_0.5,at_least_6_Rdisk
wide_ml_0.5,UGC11914,0.5,0.7,65,1,31,2.44,3.12,150.028,3168.33,0.888,288.1,0.28,9.83,35.10714285714285,0.1147540983606558,4.028688524590164,288,0.681001045576093,0.5713634913459282,0,2,0.05523633124129881,6,1.460624071322437,0.1918956825702357,1,1184.489394123136,18.8014189543355,4.268830490396703,1.925817925447333,223.6254037929106,False,none,-0.3601929846210679,-0.3797809743712404,0.1453927685998463,5.104324697630316,5.324892613919161,1.846046617786165,19,straddles_peak,4.663303151159881e-05,302.7725425657868,4.805913374060108,2.15824908580931,3.77153950305408,400.6735547601265,False,none,-0.1903216948974505,0.001797906982259829,0.07424024056310809,2.606362731197687,8.156261884191562,1.205208971900776,2,straddles_peak,0.0001824350741094595,0.5924146885259031,False,-0.5520886671913037,-0.3822173774676862,rising,median_fraction_ge_0.5,3_to_6_Rdisk
wide_ml_0.5,UGC12506,0.5,0.7,31,2,86,7.38,12.36,139.571,5608.28,35.556,234,0.82,49.99,60.96341463414635,0.1111111111111111,6.773712737127371,238,0.2427717302946727,0.2345383046515292,0,0,0,11,1.487797619047619,-0.18689031396073,0.4754950990198039,100.7596502842315,3.474470699456259,1.802861974609077,7.242038079104591,274.49575290981,False,none,-0.3676972192962014,-0.4826334549963694,0.113227794585331,6.902752989415486,20.0242580399639,2.496472024093539,19,straddles_peak,0,4.859293418276367,0.1675618420095299,0.3959184266860539,10.29202678941935,454.9496284922675,False,none,-0.09509024514270124,-0.1041064174920819,0.07967332545645872,4.85715797508338,22.25734762837398,2.245999875397195,17,straddles_peak,0,1.316713527663639,False,-0.1808069053354713,0.09180006881802878,declining,median_fraction_lt_0.5,at_least_6_Rdisk
wide_ml_0.5,UGC12632,0.5,0.7,15,1,46,2.42,3.94,1.301,66.81,1.744,71.7,0.71,10.66,15.01408450704225,0.2933884297520661,4.404958677685951,65.5,0.1789070760827702,0.2314021200374459,0,0,0,6,1.49929676511955,0.1479060206181384,0.8677298311444652,13.85962365164342,1.066124896280263,0.9612361364979792,2.411560095948642,76.31009205540376,False,none,-0.113274425374545,-0.2700934520145662,0.2944152215790855,4.420375016947959,6.6679712413396,1.598687158983367,6,straddles_peak,0,4.427915927158572,0.3406089174737363,0.5433179503236616,8.51638041762236,143.636037159199,False,none,0.2022167067308616,0.1427852231341848,0.08336875118105878,1.251705475478995,18.41736747958772,0.5788015041679901,0,before_peak,0,0.4955520711384671,False,-0.2611804459926833,0.05431068611272319,rising,median_fraction_lt_0.5,3_to_6_Rdisk
wide_ml_0.5,UGC12732,0.5,0.7,16,1,39,1.98,3.12,1.667,120.46,3.66,0,0.96,15.4,16.04166666666667,0.4848484848484849,7.777777777777778,79.8,0.1642240461789855,0.2085432154918176,0,0,0,6,1.452830188679245,0.4304988358482985,1,66.91585292418092,4.779703780298638,2.04505276405312,3.701444201728058,95.78302278840428,False,none,-0.01044387519554027,-0.2309382375627931,0.2593582255141963,4.160538200956899,10.23450484605777,1.504713733750581,6,straddles_peak,0,2.921880827353165,0.2087057733823689,0.427337748987347,14.30299833490978,187.5262750266673,False,none,0.3002734458112414,0.1683933146876588,0.06711879408227978,1.076697321736571,30.93140083889166,0.4978759313298471,0,before_peak,0,1.359866519242017,False,-0.4409427110438388,-0.130225390037057,rising,median_fraction_lt_0.5,at_least_6_Rdisk
wide_ml_0.5,UGCA442,0.5,0.7,8,1,64,1.18,1.71,0.14,116.1,0.263,56.4,0.42,6.33,15.07142857142857,0.3559322033898305,5.364406779661017,51.9,0.1869752484314539,0.126702775349912,0,0,0,3,1.361290322580645,0.009050293640774278,0.8657187993680885,7.326200258643119,1.22103337644052,0.9569613536242673,1.982312834627862,63.03012749402642,False,none,-0.08475730894572747,0.01440832344377692,0.2118737227864674,3.193239679138901,5.481101215285022,1.154877414477892,1,straddles_peak,0,12.29293843787206,2.048823072978676,1.239603688577122,22.20387497353792,169.0485127027003,False,none,0.2087095707725405,0.366595294337888,0.01891561722899929,0.2850853739513465,48.0176911792578,0.1318264132352613,0,before_peak,0,-0.2247769209621064,True,-0.09380760258650175,0.1996592771317662,flat_band,median_fraction_lt_0.5,3_to_6_Rdisk
wide_ml_0.5,UGCA444,0.5,0.7,36,2,78,0.83,0.41,0.012,22.74,0.067,37,0.12,2.62,21.83333333333334,0.144578313253012,3.156626506024097,27.85,0.2324603258557127,0.221140350877193,0,0,0,13,1.497142857142857,0.3960757598130157,1,13.19782980871399,0.3881714649621763,0.6054802916490253,0.8338480363609979,34.81121447371059,False,none,0.0151264985554655,0.07972383695689472,0.1439111142165578,3.142059327061512,2.305592440115182,1.136367362424693,5,straddles_peak,0,2.005187151839722,0.05897609270116828,0.2360077183200985,4999.999999999995,2044.965789355442,True,length_upper,0.3490460612471032,0.4997120457957627,2.400000000000002e-05,0.0005240000000000005,10812.90793532304,0.0002423029970912008,0,before_peak,0,0.8183476104368463,False,-0.3809492612575502,-0.04702969856591244,rising,median_fraction_lt_0.5,3_to_6_Rdisk
