r,vc_total,vc_total_sphere,vc_total_unchanged_field,disk_minus_sphere_percent
0.1,0.156784733392617,0.15787931119391,0.150609289224474,-0.69330033999716
0.1074375,0.167857749742587,0.169036186148894,0.161209502580946,-0.697150375404354
0.114875,0.178813284765749,0.18007615411419,0.171687892468874,-0.701297378685517
0.1223125,0.189645334699711,0.190993226917021,0.182038479941001,-0.705727757505936
0.12975,0.20034839251737,0.201781916083724,0.192255710267044,-0.710432130974092
0.1371875,0.210917427576933,0.212437210823557,0.202334460794222,-0.715403502395673
0.144625,0.221347989439138,0.222954687456309,0.212270046118871,-0.720638814775076
0.1520625,0.231636209613385,0.233330510973871,0.222058220649411,-0.726137937732318
0.1595,0.241778346819722,0.243560954244833,0.231695178663532,-0.73189375967021
0.1669375,0.251771103608251,0.253642732988293,0.241177551982372,-0.737899863320057
0.174375,0.261611628780147,0.263573008566538,0.250502405401406,-0.744150471650507
0.1818125,0.271297535019113,0.273349406950347,0.25966723003187,-0.750640710775785
0.18925,0.280827010650402,0.282970137159616,0.268669934717603,-0.757368438495254
0.1966875,0.290198454677545,0.292433606327985,0.277508835700434,-0.76432790283778
0.204125,0.299410625845501,0.301738577905796,0.286182644712644,-0.771512902477389
0.2115625,0.308462666421899,0.310884197524649,0.294690455677814,-0.77891739819258
0.219,0.317354089008614,0.319869979874602,0.303031730201706,-0.786535475124595
0.2264375,0.326084871383713,0.3286959095686,0.311206282032891,-0.794362846898244
0.233875,0.3346552347068,0.33736220803602,0.319214260668955,-0.80239376691863
0.2413125,0.343065652890832,0.345869344444183,0.327056134278384,-0.810621582510374
0.24875,0.351316896968856,0.354218083494173,0.334732672101099,-0.819039642668284
0.2561875,0.359410015698253,0.362409465965141,0.342244926482152,-0.827641259010614
0.263625,0.36734637798771,0.370444854374748,0.349594214683651,-0.836420414657435
0.2710625,0.375127594475722,0.378325851322238,0.356782100609829,-0.845370950818569
0.2785,0.38275541598964,0.386054193605886,0.363810376569369,-0.854485632038782
0.2859375,0.390231797304943,0.393631820399525,0.370681045188076,-0.863757175710722
0.293375,0.397558878839437,0.401060854957571,0.377396301573758,-0.873178240869232
0.3008125,0.40473899388459,0.408343613149514,0.383958515823963,-0.882741678539278
0.30825,0.411774672072444,0.415482607970977,0.390370215956232,-0.892440700861463
0.3156875,0.418668499272187,0.422480403169102,0.396634071329782,-0.902267624325537
0.323125,0.425423174363883,0.429339673842211,0.402752876617225,-0.912214667533318
0.3305625,0.432041499150311,0.436063196674737,0.408729536375086,-0.922274008697488
0.338,0.438526371134542,0.44265384313661,0.414567050252626,-0.932437855463231
0.3454375,0.444880815732988,0.449114613995413,0.420268498869794,-0.942698841340228
0.352875,0.451107863669974,0.455448511379885,0.425837030387118,-0.953049049772869
0.3603125,0.457210579118698,0.461658569037175,0.431275847782955,-0.963480419686247
0.36775,0.463192062807797,0.467747856242178,0.436588196846867,-0.973984888136292
0.3751875,0.469055441685674,0.473719467562381,0.4417773548918,-0.98455440320121
0.382625,0.474803900884473,0.479576556859986,0.446846620182411,-0.995181250468502
0.3900625,0.480440606570681,0.485322257007242,0.451799302072111,-1.00585752375402
0.3975,0.485968695254639,0.490959669227345,0.456638711837265,-1.01657514568578
0.4049375,0.491391291835132,0.496491882451657,0.461368154193427,-1.02732608463586
0.412375,0.496711501951896,0.501921965736476,0.46599091947544,-1.03810236257235
0.4198125,0.501932428745509,0.507252986141485,0.470510276460755,-1.04889621970444
0.42725,0.507057151476983,0.512487986708562,0.47492946581324,-1.05970000710811
0.4346875,0.512088674618737,0.517629933630752,0.47925169412312,-1.07050590624606
0.442125,0.517029959260778,0.522681749372916,0.483480128517505,-1.08130619041483
0.4495625,0.521883918836801,0.52764630847593,0.487617891815009,-1.09209323491201
0.457,0.526653425213983,0.532526444137145,0.491668058197461,-1.10285958337299
0.4644375,0.53134132050136,0.537324960703864,0.495633649371366,-1.11359803472866
0.471875,0.535950352685729,0.542044566789245,0.499517631191775,-1.12430129862097
0.4793125,0.540483205387425,0.546687906482924,0.503322910721345,-1.13496220090468
0.48675,0.544942499129416,0.551257560827395,0.507052333697761,-1.14557371122493
0.4941875,0.549330792459405,0.555756049115389,0.510708682383164,-1.15612896453607
0.501625,0.553650606003932,0.560185854002911,0.514294673769903,-1.16662139043306
0.5090625,0.557904367264013,0.564549364192056,0.517812958117638,-1.17704444456372
0.5165,0.562094426274047,0.568848890827661,0.52126611779766,-1.1873917067478
0.5239375,0.566223064034728,0.573086676341599,0.524656666421229,-1.19765693222637
0.531375,0.570292492364551,0.57726489435756,0.527987048229621,-1.20783405697459
0.5388125,0.574304876069844,0.581385672736998,0.531259637724601,-1.21791729641694
0.54625,0.578262301416567,0.585451060883819,0.534476739519049,-1.22790100617445
0.5536875,0.582166769705913,0.589463023128413,0.537640588388461,-1.23777966322259
0.561125,0.586020213698233,0.593423455795155,0.540753349505094,-1.24754793977631
0.5685625,0.589824498226293,0.597334187849549,0.543817118837529,-1.25720070540263
0.576,0.593581433024915,0.601196994186755,0.546833923699427,-1.26673307343153
0.5834375,0.597292769940636,0.60501359272396,0.549805723432246,-1.27614038365034
0.590875,0.600960173661752,0.608785614093413,0.552734410207637,-1.28541809308594
0.5983125,0.604585244365211,0.612514625090744,0.555621809936164,-1.29456186035687
0.60575,0.608169519324685,0.616202130321232,0.558469683269904,-1.30356754728502
0.6131875,0.611714479278129,0.619849578759941,0.561279726687341,-1.3124312350243
0.620625,0.615221561554553,0.623458377284275,0.564053573649785,-1.32114925868847
0.6280625,0.618692123675834,0.627029853022404,0.566792795819364,-1.32971808381709
0.6355,0.622127462941051,0.630565273576139,0.56949890432937,-1.33813436747532
0.6429375,0.625528820624154,0.634065851324437,0.572173351098457,-1.34639496551519
0.650375,0.628897384819986,0.637532746324286,0.574817530180898,-1.35449693432806
0.6578125,0.632234308548802,0.640967084951426,0.577432779145693,-1.36243757404261
0.66525,0.635540679162068,0.644369928280256,0.580020380477984,-1.37021433351991
0.6726875,0.638817527477925,0.647742281480026,0.582581562996772,-1.37782483207807
0.680125,0.642065835858505,0.651085102107807,0.585117503283447,-1.38526687526778
0.6875625,0.645286539756055,0.654399301658133,0.587629327116196,-1.3925384515215
0.695,0.648480542733583,0.65768576099813,0.590118110905763,-1.39963776174448
0.7024375,0.651648701137124,0.660945314516906,0.592584883128508,-1.40656317180756
0.709875,0.654791817477059,0.664178743263528,0.595030625753114,-1.41331319041405
0.7173125,0.657910653323324,0.667386788192883,0.597456275657653,-1.41988649418996
0.72475,0.661005930747808,0.670570151603958,0.599862726034082,-1.42628192341595
0.7321875,0.664078340801791,0.67372950582149,0.602250827777591,-1.43249849328346
0.739625,0.667128545381391,0.676865495065489,0.604621390858462,-1.43853538924383
0.7470625,0.670157156088698,0.679978713638944,0.606975185674447,-1.44439191304757
0.7545,0.673164750099576,0.683069722222169,0.609312944381899,-1.45006751146427
0.7619375,0.676151871985824,0.686139049701206,0.611635362204091,-1.45556177275302
0.769375,0.679119037890964,0.689187197418026,0.613943098715459,-1.46087442784515
0.7768125,0.682066746332089,0.692214650238483,0.616236779100613,-1.46600536450608
0.78425,0.684995453237106,0.69522185081758,0.618516995387199,-1.47095456917076
0.7916875,0.687905584547105,0.698209212524183,0.620784307651862,-1.47572214635038
0.799125,0.69079753974683,0.701177123028471,0.623039245198658,-1.48030831878976
0.8065625,0.693671693660212,0.704125946104221,0.625282307709482,-1.48471342404723
0.814,0.696528409458207,0.707056034966852,0.627513966366132,-1.48893793249892
0.8214375,0.699368018520893,0.709967711512384,0.629734664943788,-1.4929824018211
0.828875,0.702190824790229,0.712861270752579,0.631944820875765,-1.49684747932571
0.8363125,0.704997111087237,0.715736987271369,0.634144826289513,-1.50053390772434
0.84375,0.70778714007517,0.718595116173827,0.636335049013888,-1.50404252066243
0.8511875,0.710561164128839,0.721435903199427,0.638515833557833,-1.50737425492133
0.858625,0.71331941691257,0.724259576018377,0.640687502060644,-1.51053012870749
0.8660625,0.716062105528116,0.72706633611212,0.642850355214065,-1.51351122138975
0.8735,0.718789420491825,0.729856368998812,0.645004673156515,-1.51631868639697
0.8809375,0.721501536544629,0.732629845028471,0.647150716339791,-1.51895374715577
0.888375,0.724198617991038,0.735386924840742,0.649288726368626,-1.5214177015898
0.8958125,0.726880821737239,0.738127762458087,0.651418926813536,-1.52371192263439
0.90325,0.72954827987928,0.740852487327633,0.653541523997386,-1.52583782085006
0.9106875,0.732201111133122,0.743561216048532,0.655656707756183,-1.52779686059749
0.918125,0.734839422093066,0.746254053632826,0.657764652174561,-1.52959055755785
0.9255625,0.737463309656427,0.748931095968929,0.659865516296504,-1.53122047865639
0.933,0.7400728698144,0.751592438846033,0.661959444811832,-1.53268825446408
0.9404375,0.742668178372534,0.75423815806544,0.664046568718988,-1.53399553830355
0.947875,0.745249299255254,0.756868317959019,0.66612700596469,-1.53514401753493
0.9553125,0.74781628727164,0.759482974207117,0.668200862061014,-1.53613541470851
0.96275,0.75036918897627,0.762082174695856,0.670268230680455,-1.53697148529427
0.9701875,0.752908052450858,0.764665969574719,0.672329194229562,-1.53765403348604
0.977625,0.755432912610028,0.767234396082187,0.674383824401697,-1.53818487966935
0.9850625,0.757943792522119,0.769787479874993,0.676432182709486,-1.53856585908592
0.9925,0.760440708585457,0.772325240337015,0.67847432099755,-1.5387988286349
0.9999375,0.762923670954042,0.774847690992075,0.680510281936054,-1.53888566445448
1.007375,0.765392690349828,0.777354846511225,0.68254009949564,-1.53882827322467
1.0148125,0.767847773299557,0.779846717776498,0.684563799404308,-1.53862857962042
1.02225,0.770288913328334,0.782323302762154,0.686581399586766,-1.53828850442395
1.0296875,0.772716099239644,0.784784595055947,0.688592910586807,-1.53780997898439
1.037125,0.775129315475496,0.787230584208204,0.690598335973235,-1.53719494331885
1.0445625,0.777528545649651,0.789661259362152,0.692597672729853,-1.53644535155513
1.052,0.77991377613446,0.792076612945499,0.694590911630033,-1.53556317813869
1.0594375,0.78228498061878,0.794476624685308,0.69657803759637,-1.53455038042903
1.066875,0.784642128970459,0.796861270744761,0.698559030045888,-1.53340891606917
1.0743125,0.786985188193296,0.799230524692732,0.700533863221314,-1.53214074301576
1.08175,0.789314123856058,0.801584358964073,0.702502506508857,-1.53074782096208
1.0891875,0.791628907756213,0.803922752779789,0.704464924742959,-1.52923212846838
1.096625,0.793929501814947,0.806245675456915,0.706421078498485,-1.52759562213932
1.1040625,0.796215863828442,0.808553092339869,0.708370924370744,-1.52584024825433
1.1115,0.798487949907553,0.810844967309146,0.710314415243811,-1.52396794699242
1.1189375,0.800745714838035,0.813121263138431,0.712251500547539,-1.52198065177017
1.126375,0.80298912002668,0.815381949722092,0.714182126503654,-1.51988030880943
1.1338125,0.805218122081794,0.817626992221782,0.716106236361354,-1.51766884631203
1.14125,0.807432672112516,0.819856350318861,0.718023770622761,-1.51534817062924
1.1486875,0.809632720460199,0.822069983105713,0.719934667258608,-1.51292017724911
1.156125,0.811818216852944,0.824267849232371,0.721838861914524,-1.51038675001351
1.1635625,0.813989115529651,0.826449912217755,0.723736288108247,-1.50774977453445
1.171,0.816145372725256,0.828616137830324,0.72562687741812,-1.5050111306934
1.1784375,0.818286937106666,0.830766484134752,0.727510559663179,-1.50217266420938
1.185875,0.820413757208917,0.832900909202723,0.729387263075164,-1.49923620635239
1.1933125,0.822525781621739,0.835019371295298,0.73125691446274,-1.49620357359839
1.20075,0.824622961527213,0.837121831493319,0.733119439368247,-1.49307657450645
1.2081875,0.826705254813135,0.839208257973519,0.734974762217236,-1.48985702197154
1.215625,0.828772611588856,0.841278610921383,0.7368228064611,-1.48654668859705
1.2230625,0.830824981605829,0.843332850240001,0.738663494713039,-1.48314732796345
1.2305,0.83286231517366,0.845370936493834,0.740496748877628,-1.47966067677384
1.2379375,0.834884564053537,0.847392831831078,0.742322490274246,-1.47608845716956
1.245375,0.836891688640384,0.849398507467917,0.744140639754591,-1.47243239981858
1.2528125,0.83888364369122,0.851387928800435,0.745951117814525,-1.46869419758313
1.26025,0.840860382438816,0.853361059679996,0.747753844700466,-1.46487551774014
1.2676875,0.842821859045473,0.855317864963475,0.749548740510547,-1.46097800944871
1.275125,0.844768028727721,0.857258310635858,0.751335725290754,-1.4570033038085
1.2825625,0.846698854666991,0.859182371024566,0.753114719126236,-1.45295303751262
1.29,0.848614298810172,0.861090019186829,0.754885642227981,-1.44882882145561
1.2974375,0.850514319528754,0.862981224451663,0.756648415015063,-1.44463223181139
1.304875,0.852398876389596,0.864855957395902,0.75840295819261,-1.44036482604735
1.3123125,0.85426793019613,0.866714189881062,0.760149192825692,-1.43602814286904
1.31975,0.856121447152451,0.868555899406492,0.761887040409286,-1.43162371731496
1.3271875,0.857959397983238,0.870381068188325,0.763616422934471,-1.42715307801233
1.334625,0.859781747516758,0.872189672247517,0.765337262951026,-1.42261770869003
1.3420625,0.861588461813302,0.873981688862415,0.767049483626571,-1.4180190737457
1.3495,0.863379508337213,0.8757570967438,0.768753008802375,-1.41335861880068
1.3569375,0.8651548579174,0.877515878086013,0.770447763046014,-1.40863777822168
1.364375,0.866914489475976,0.87925802352552,0.772133671700964,-1.40385799381741
1.3718125,0.868658375820653,0.880983517238608,0.773810660933283,-1.39902066006719
1.37925,0.870386490226791,0.882692343834185,0.775478657775506,-1.39412714898387
1.3866875,0.87209880747793,0.884384489440675,0.777137590167857,-1.3891788141281
1.394125,0.873795304452853,0.88605994231889,0.778787386996895,-1.38417699303041
1.4015625,0.875475967222967,0.887718700317281,0.780427978131717,-1.37912303637823
1.409,0.877140777848883,0.889360757001507,0.782059294457795,-1.37401825484447
1.4164375,0.878789717252842,0.890986104662941,0.783681267908609,-1.36886393023076
1.423875,0.880422767919578,0.892594737152029,0.785293831495039,-1.36366132644777
1.4313125,0.882039913917129,0.894186649897184,0.786896919332793,-1.35841168971278
1.43875,0.883641147184888,0.895761846521089,0.788490466667815,-1.35311627563454
1.4461875,0.885226460073904,0.897320330992638,0.790074409899828,-1.34777631811321
1.453625,0.886795841357668,0.898862103421001,0.791648686604049,-1.34239301194357
1.4610625,0.888349281387507,0.900387165476975,0.793213235551205,-1.33696753474828
1.4685,0.889886772090853,0.901895520388854,0.794767996725887,-1.33150104713057
1.4759375,0.891408310554012,0.903387176718301,0.796312911343346,-1.32599470891366
1.483375,0.892913899519993,0.904862148888735,0.797847921864776,-1.3204496821329
1.4908125,0.894403535895419,0.906320445063122,0.799372972011147,-1.31486707958725
1.49825,0.895877217894958,0.907762074671331,0.800888006775673,-1.30924799658282
1.5056875,0.897334945289341,0.909187048669861,0.80239297243497,-1.30359351223268
1.513125,0.898776720997853,0.910595381222525,0.803887816558958,-1.2979046971229
1.5205625,0.90020255654751,0.91198709547007,0.805372488019573,-1.29218263954555
1.528,0.901612457653297,0.913362208297804,0.806846936998332,-1.28642837833248
1.5354375,0.903006430259719,0.914720736710889,0.808311114992798,-1.28064293079124
1.542875,0.904384481825217,0.916062699189541,0.80976497482202,-1.27482729890166
1.5503125,0.905746621713392,0.917388116101936,0.811208470630969,-1.26898247145494
1.55775,0.907092868456784,0.918697017393673,0.812641557894046,-1.26310946015794
1.5651875,0.908423237181508,0.919989429281886,0.814064193417675,-1.25720923874163
1.572625,0.909737741328898,0.921265376070425,0.815476335342034,-1.25128275098071
1.5800625,0.911036395795298,0.922524883470991,0.81687794314197,-1.2453309261933
1.5875,0.91231921691777,0.923767978587226,0.818268977627138,-1.23935467940403
1.5949375,0.913586228336228,0.924994696132148,0.81964940094139,-1.2333549417768
1.602375,0.914837455139998,0.926205072226469,0.821019176561476,-1.22733263154621
1.6098125,0.916072917959263,0.927399138126923,0.822378269295047,-1.22128862342215
1.61725,0.917292638807741,0.928576926419336,0.823726645278027,-1.21522377850883
1.6246875,0.918496641066264,0.929738471000757,0.825064271971378,-1.20913894445951
1.632125,0.919684952694748,0.930883810493165,0.826391118157288,-1.20303497302041
1.6395625,0.920857608047135,0.932012990178754,0.827707153934809,-1.19691273074212
1.647,0.922014634990153,0.933126048307738,0.829012350714974,-1.19077302983187
1.6544375,0.923156062282352,0.934223023935574,0.83030668121541,-1.18461666750622
1.661875,0.924281919967158,0.935303957340391,0.831590119454488,-1.17844442833056
1.6693125,0.925392240708189,0.936368891445398,0.832862640745021,-1.17225709199558
1.67675,0.926487066135968,0.937417878585247,0.834124221687551,-1.16605546992294
1.6841875,0.927566431795796,0.938450964474071,0.835374840163228,-1.15984032094577
1.691625,0.928630372781469,0.939468194199668,0.836614475326308,-1.15361238252786
1.6990625,0.929678925383295,0.940469613978523,0.837843107596294,-1.14737238022808
1.7065,0.930712127340733,0.941455271425674,0.839060718649738,-1.14112102943276
1.7139375,0.931730025479564,0.942425223714948,0.840267291411723,-1.13485908125681
1.721375,0.932732663483567,0.943379524526486,0.841462810047049,-1.12858725106026
1.7288125,0.93372008234705,0.944318224521744,0.842647259951125,-1.12230622045461
1.73625,0.934692324168342,0.945241375393318,0.843820627740595,-1.11601665982786
1.7436875,0.935649432129748,0.946149029843692,0.844982901243711,-1.10971922844741
1.751125,0.936591456111857,0.947041247600662,0.84613406949047,-1.10341461000557
1.7585625,0.937518448388646,0.947918090817239,0.847274122702527,-1.09710348703511
1.766,0.938430455421878,0.94877961527608,0.848403052282904,-1.09078648904043
1.7734375,0.939327524664925,0.949625877672733,0.849520850805491,-1.08446423480443
1.780875,0.940209704559525,0.950456935612434,0.850627512004373,-1.07813733257742
1.7883125,0.941077047522879,0.951272850821013,0.851723030762981,-1.0718064001652
1.79575,0.941929613183275,0.952073692633413,0.852807403103089,-1.06547208778345
1.8031875,0.94276745361505,0.952859522125882,0.853880626173656,-1.05913498018216
1.810625,0.9435906211667,0.953630400519663,0.85494269823954,-1.05279564782037
1.8180625,0.944399169078219,0.954386389844502,0.855993618670069,-1.04645465113037
1.8255,0.945193152629622,0.955127554178003,0.85703338792751,-1.04011254883442
1.8329375,0.945972636653331,0.955853967758863,0.858062007555418,-1.03376995219261
1.840375,0.946737679318092,0.956565697502106,0.859079480166894,-1.02742741138201
1.8478125,0.947488337406342,0.957262808678649,0.86008580943275,-1.02108545152814
1.85525,0.948224668494682,0.957945367266402,0.861081000069583,-1.0147445881448
1.8626875,0.948946731101984,0.958613440111111,0.862065057827792,-1.00840532843001
1.870125,0.949654592982775,0.959267103918345,0.863037989479505,-1.00206823483325
1.8775625,0.950348318975107,0.959906432103791,0.863999802806467,-0.995733834988022
1.885,0.951027969837363,0.960531493517388,0.864950506587864,-0.989402611383761
1.8924375,0.951693607024806,0.961142357614579,0.865890110588099,-0.983075037211312
1.899875,0.952345292667828,0.961739094432959,0.866818625544535,-0.976751576337764
1.9073125,0.952983095216753,0.962321780743507,0.867736063155198,-0.970432729844162
1.91475,0.953607086647881,0.962890497030664,0.868642436066455,-0.964119015756304
1.9221875,0.954217331322156,0.96344531534616,0.869537757860664,-0.957810876965937
1.929625,0.954813894122463,0.963986308160896,0.870422043043817,-0.951508746626539
1.9370625,0.955396840509405,0.964513548425691,0.871295307033157,-0.945213048709026
1.9445,0.955966239438019,0.965027112769026,0.872157566144795,-0.938924224108872
1.9519375,0.95652216838647,0.965527087032817,0.873008837581329,-0.932642777948445
1.959375,0.957064695713779,0.966013546937655,0.873849139419449,-0.926369123108561
1.9668125,0.957593889288674,0.966486567518314,0.874678490597566,-0.920103654670934
1.97425,0.958109817460277,0.966946224186564,0.875496910903434,-0.913846758512482
1.9816875,0.958612550081992,0.967392593861672,0.8763044209618,-0.907598821346345
1.989125,0.959102167810921,0.967825765260839,0.877101042222062,-0.901360323628786
1.9965625,0.959578743718401,0.968245818612211,0.877886796945948,-0.895131662559856
2.004,0.960042348228097,0.96865283107448,0.878661708195227,-0.888913196777785
2.0114375,0.960493052146356,0.969046880078656,0.879425799819438,-0.882705275477069
2.018875,0.960930926727767,0.969428043400218,0.880179096443659,-0.876508239089924
2.0263125,0.961356053225103,0.969796409817837,0.880921623456298,-0.870322524118172
2.03375,0.961768510343917,0.970152065174543,0.881653406996934,-0.864148532129139
2.0411875,0.962168370643732,0.970495088324936,0.882374473944187,-0.857986586575721
2.048625,0.962555706967712,0.970825558287646,0.883084851903633,-0.851837000925337
2.0560625,0.962930592416096,0.971143554213456,0.883784569195764,-0.845700078194067
2.0635,0.963293106515166,0.971449162348612,0.884473654843996,-0.839576186748425
2.0709375,0.963643334174162,0.971742474923653,0.885152138562718,-0.833465754404383
2.078375,0.963981349897128,0.972023572315504,0.885820050745407,-0.82736907287323
2.0858125,0.964307228154109,0.972292534707075,0.88647742245278,-0.821286420282152
2.09325,0.964621043567028,0.972549442292529,0.887124285401009,-0.815218063033551
2.1006875,0.964922874029899,0.972794378848284,0.887760671949998,-0.809164299212417
2.108125,0.965212808654246,0.973027440905027,0.888386615091703,-0.803125577168962
2.1155625,0.965490924709038,0.973248711351956,0.889002148438533,-0.797102174647812
2.123,0.965757297890322,0.973458271117621,0.889607306211796,-0.791094334064957
2.1304375,0.966012003933112,0.973656201004756,0.890202123230215,-0.785102283922812
2.137875,0.966255119596411,0.973842582832415,0.890786634898514,-0.779126254053919
2.1453125,0.966486735528537,0.974017514531333,0.891360877196063,-0.773166692635896
2.15275,0.966706933032266,0.974181083091832,0.891924886665593,-0.767223895976754
2.1601875,0.96691578863501,0.974333369767967,0.892478700401982,-0.761298069337724
2.167625,0.96711337877644,0.974474455521683,0.893022356041112,-0.755389400259032
2.1750625,0.967299779792136,0.974604420986542,0.893555891748795,-0.749498056556275
2.1825,0.967475080537505,0.974723361663774,0.894079346209771,-0.743624438619905
2.1899375,0.967639368191997,0.974831371094996,0.894592758616785,-0.737768922528581
2.197375,0.967792719721378,0.974928530428361,0.895096168659733,-0.731931673375885
2.2048125,0.967935211852211,0.975014920298559,0.895589616514884,-0.726112831604708
2.21225,0.968066921005462,0.975090620710396,0.896073142834186,-0.720312507961274
2.2196875,0.968187931453121,0.975155721223235,0.896546788734639,-0.714530983971895
2.227125,0.968298337357179,0.975210323870444,0.897010595787753,-0.708768800337634
2.2345625,0.968398216296139,0.975254509951456,0.897464606009082,-0.703026090662018
2.242,0.968487644839453,0.975288359206589,0.897908861847841,-0.697302936402189
2.2494375,0.96856669901786,0.975311950318956,0.898343406176597,-0.691599369708384
2.256875,0.96863545852012,0.975325366402793,0.89876828228105,-0.685915501956769
2.2643125,0.968694022375619,0.975328716394962,0.899183533849887,-0.68025209427508
2.27175,0.968742470620006,0.975322084321363,0.899589204964722,-0.674609322102582
2.2791875,0.96878087916492,0.975305548295239,0.899985340090122,-0.668987184756997
2.286625,0.968809323017974,0.975279184530338,0.900371984063706,-0.663385583839771
2.2940625,0.968827877398244,0.975243068671694,0.900749182086341,-0.65780434432483
2.3015,0.968836642962651,0.975197313867633,0.901116979712411,-0.652244506268818
2.3089375,0.968835705698759,0.975142013011275,0.901475422840176,-0.646706554365573
2.316375,0.968825140251895,0.975077241595773,0.901824557702215,-0.641190366995559
2.3238125,0.968805019678726,0.975003070983364,0.902164430855953,-0.635695567439265
2.33125,0.968775414918872,0.974919565880355,0.902495089174271,-0.630221320456748
2.3386875,0.968736422108967,0.974826835798744,0.902816579836211,-0.624768775962814
2.346125,0.968688141031569,0.974725004725743,0.903128950317756,-0.619340189787432
2.3535625,0.968630644340713,0.974614147677647,0.903432248382701,-0.613935612487404
2.361,0.968564001444077,0.974494327212215,0.903726522073612,-0.608554160094776
2.3684375,0.968488276705985,0.974365559259909,0.904011819702872,-0.603190711952939
2.375875,0.968403552707067,0.974227676840334,0.904288189843804,-0.597819613599548
2.3833125,0.968309959020564,0.97408195374583,0.904555681321898,-0.592557402697924
2.39075,0.968207570735957,0.973926884286127,0.904814343206108,-0.587242599259552
2.3981875,0.968096451452938,0.973763363466074,0.905064224800249,-0.581959870924376
2.405625,0.967976640653896,0.973591468735757,0.905305375634471,-0.576712950160896
2.4130625,0.967848143960326,0.973411236161566,0.90553784545683,-0.571504827001634
2.4205,0.967710671775409,0.97322266374589,0.905761684224938,-0.56636494152994
2.4279375,0.967566301215747,0.973025854966667,0.905976942097706,-0.561090306393519
2.435375,0.967412348408516,0.972820914995951,0.906183669427166,-0.555967342402108
2.4428125,0.967250421293145,0.97260793893107,0.906381916750398,-0.55084041816621
2.45025,0.967080387290106,0.972387015121649,0.906571734781519,-0.545732074680016
2.4576875,0.966902220827569,0.972158194377702,0.906753174403783,-0.540650028002632
2.465125,0.966716000676548,0.97192155412824,0.906926286661752,-0.535593992085204
2.4725625,0.966521834617999,0.971677187007673,0.907091122753563,-0.530562254481892
2.48,0.966319816560898,0.971425182207804,0.907247734023275,-0.525554179612886
2.4874375,0.966110033539941,0.97116562641992,0.907396171953312,-0.520569585912578
2.494875,0.965892543494641,0.970898588886745,0.907536488156984,-0.515609503341019
2.5023125,0.965667405125447,0.97062413749429,0.907668734371097,-0.510674748068729
2.50975,0.965434708813787,0.970342359311126,0.907792962448655,-0.505764841681589
2.5171875,0.965194541065633,0.97005333960482,0.907909224351638,-0.500879522889575
2.524625,0.964946985590902,0.969757162125517,0.908017572143876,-0.496018665546316
2.5320625,0.964692115757071,0.96945390349514,0.908118057984004,-0.491182481281616
2.5395,0.964429989161421,0.969143628724931,0.9082107341185,-0.486371619623804
2.5469375,0.964160688173197,0.968826419941092,0.908295652874819,-0.481585934473028
2.554375,0.963884295057421,0.968502359330629,0.908372866654595,-0.476825299258976
2.5618125,0.963600890480282,0.968171527988886,0.90844242792695,-0.47208964284442
2.56925,0.963310551549518,0.967834004335658,0.908504389221865,-0.467378989152745
2.5766875,0.96301333883144,0.967489854012329,0.908558803123654,-0.462693759766508
2.584125,0.962709328319151,0.9671391541032,0.908605722264513,-0.458033961840443
2.5915625,0.962398599168883,0.966781984084555,0.908645199318151,-0.453399524177345
2.599,0.962081229427629,0.966418422557571,0.908677286993513,-0.44879040265644
2.6064375,0.961757295926411,0.966048547124411,0.90870203802858,-0.44420657851757
2.613875,0.961426863113761,0.965672425400989,0.908719505184255,-0.439648288130867
2.6213125,0.961090001340342,0.965290129484531,0.908729741238328,-0.435115621293336
2.62875,0.960746787120978,0.964901736313055,0.908732798979528,-0.430608530973642
2.6361875,0.960397296102445,0.964507322071642,0.908728731201655,-0.4261269847459
2.643625,0.960041603136688,0.964106962233871,0.908717590697795,-0.421670961462983
2.6510625,0.959679776369839,0.963700726663032,0.908699430254615,-0.417240558395815
2.6585,0.959311881204695,0.963288682791233,0.908674302646735,-0.412835908651432
2.6659375,0.95893799164258,0.9628709050297,0.908642260631192,-0.408456976586968
2.673375,0.958558181035372,0.96244746718119,0.908603356941975,-0.404103733288308
2.6808125,0.958172522043992,0.962018442396617,0.908557644284639,-0.399776156374343
2.68825,0.957781084224002,0.961583901127586,0.908505175331008,-0.395474268976903
2.6956875,0.95738393040671,0.961143908023721,0.908446002713945,-0.391198194736742
2.703125,0.95698113149323,0.960698534424921,0.908380179022211,-0.386947913261482
2.7105625,0.956572758587893,0.960247851763047,0.9083077567954,-0.382723394632567
2.718,0.956158882167989,0.959791930857469,0.90822878851894,-0.378524612749542
2.7254375,0.955739571406625,0.959330841328727,0.908143326619196,-0.374351554999286
2.732875,0.955314888265873,0.958864646502426,0.908051423458626,-0.370204308762512
2.7403125,0.954884900110082,0.958393414226651,0.907953131331024,-0.366082869987239
2.74775,0.954449675814226,0.957917213563752,0.907848502456842,-0.361987205201764
2.7551875,0.954009283667758,0.95743611299093,0.907737588978586,-0.357917283114229
2.762625,0.953563791342427,0.956950180369424,0.907620442956277,-0.353873074739353
2.7700625,0.953113260883418,0.956459478574295,0.907497116363007,-0.349854621741541
2.7775,0.952657755893762,0.955964071728909,0.907367661080552,-0.345861934870362
2.7849375,0.952197343023397,0.955464026524393,0.907232128895055,-0.341894975667378
2.792375,0.951732088365117,0.954959409086827,0.907090571492811,-0.337953706827754
2.7998125,0.95126205746658,0.95445028498612,0.906943040456099,-0.334038091841105
2.80725,0.950787312692301,0.953936716910598,0.906789587259095,-0.330148128535879
2.8146875,0.950307914069015,0.953418765394692,0.906630263263849,-0.326283836503716
2.822125,0.949823925925364,0.952896494673828,0.906465119716343,-0.322445172758767
2.8295625,0.949335412148451,0.952369968517779,0.906294207742619,-0.318632093581395
2.837,0.948842436097663,0.951839250153942,0.906117578344982,-0.314844555506033
2.8444375,0.94834505951788,0.951304401300934,0.905935282398262,-0.311082528263995
2.851875,0.947843340037808,0.95076547993665,0.905747370646154,-0.307346023862431
2.8593125,0.947337339262451,0.950222547486315,0.905553893697611,-0.30363499913747
2.86675,0.946827118866637,0.949675665363191,0.905354902023328,-0.299949403827759
2.8741875,0.946312740011111,0.949124894449938,0.90515044595229,-0.296289187573862
2.881625,0.945794263061692,0.948570294846903,0.904940575668373,-0.292654303038076
2.8890625,0.945271744137422,0.948011922778544,0.90472534120703,-0.289044744615807
2.8965,0.944745241832619,0.947449836603591,0.904504792452023,-0.285460471518739
2.9039375,0.94421481560728,0.946884095384201,0.904278979132233,-0.281901426999687
2.911375,0.94368052441867,0.946314757662594,0.90404795081854,-0.278367553987069
2.9188125,0.943142426719438,0.945741881459196,0.903811756920767,-0.274858795060118
2.92625,0.942600577714779,0.945165521801209,0.903570446684679,-0.27137512184553
2.9336875,0.942055032813473,0.944585733823934,0.903324069189052,-0.267916497131093
2.941125,0.941505849263008,0.944002574249694,0.903072673342793,-0.264482857864135
2.9485625,0.94095308381819,0.943416099290999,0.902816307882146,-0.261074140526119
2.956,0.940396792745561,0.942826364654559,0.902555021367948,-0.257690281061307
2.9634375,0.939837030428442,0.942233424278141,0.902288862182947,-0.254331229178673
2.970875,0.93927384929752,0.941637330262998,0.902017878529178,-0.250996948561688
2.9783125,0.938707304294189,0.941038136917163,0.901742118425401,-0.247687371163297
2.98575,0.938137449977752,0.940435898140401,0.901461629704595,-0.244402427341839
2.9931875,0.937564340428087,0.939830667336292,0.90117646001153,-0.241142046857068
3.000625,0.936988028690819,0.93922249690779,0.900886656800379,-0.237906164335699
3.0080625,0.93640856495096,0.938611436593529,0.9005922673324,-0.234694737000429
3.0155,0.935826001599454,0.937997538075284,0.900293338673661,-0.231507694602917
3.0229375,0.935240391012847,0.937380852962926,0.899989917692831,-0.228344961742455
3.030375,0.934651785097031,0.936761432379975,0.899682051059032,-0.225206462395078
3.0378125,0.934060235164629,0.93613932685191,0.899369785239748,-0.222092121081208
3.04525,0.933465789710189,0.935514584273671,0.899053166498785,-0.219001883874703
3.0526875,0.932868498407925,0.934887253557994,0.898732240894283,-0.215935680199508
3.060125,0.932268411469953,0.934257384053239,0.898407054276779,-0.212893429287775
3.0675625,0.931665578646642,0.933625024631552,0.898077652287337,-0.209875049748554
3.075,0.931060049229724,0.932990223692039,0.897744080355729,-0.206880459548275
3.0824375,0.930451870432346,0.932353027676338,0.897406383698662,-0.203909590847806
3.089875,0.92984108910963,0.931713482642946,0.897064607318064,-0.200962373969715
3.0973125,0.929227753332856,0.93107163571218,0.896718795999412,-0.198038723187344
3.10475,0.928611910720712,0.930427533538655,0.896368994310117,-0.195138552170548
3.1121875,0.927993608442273,0.929781222314363,0.896015246597961,-0.192261773973124
3.119625,0.927372892418709,0.929132747035252,0.895657596989592,-0.189408308140915
3.1270625,0.926749806943193,0.928482151150378,0.895296089389055,-0.18657808392315
3.1345,0.926124397870991,0.927829479494891,0.894930767476376,-0.18377101197814
3.1419375,0.925496710717938,0.927174776544377,0.894561674706189,-0.180987001468425
3.149375,0.92486679055965,0.926518086322644,0.894188854306424,-0.178225960979084
3.1568125,0.92423468173238,0.925859452126419,0.893812349277037,-0.175487801124397
3.16425,0.923600426462656,0.92519891526179,0.893432202388785,-0.172772446310254
3.1716875,0.92296406825207,0.924536518163333,0.89304845618205,-0.170079805434564
3.179125,0.92232565054695,0.923872303170289,0.892661152965698,-0.167409783584982
3.1865625,0.921685216363214,0.92320631218137,0.892270334815997,-0.164762285318698
3.194,0.921042808234577,0.922538586607327,0.89187604357558,-0.162137215121849
3.2014375,0.920398466708307,0.921869165981327,0.891478320852432,-0.159534490065527
3.208875,0.919752232844277,0.921198090266726,0.891077208018956,-0.156954018655242
3.2163125,0.919104148056762,0.9205253997128,0.890672746211039,-0.154395702332799
3.22375,0.918454253339816,0.919851134139928,0.8902649763272,-0.151859442062652
3.2311875,0.917802589270009,0.91917533294252,0.889853939027757,-0.149345138333523
3.238625,0.917149195009398,0.918498034166341,0.889439674734033,-0.146852699381816
3.2460625,0.916494109136538,0.917819275277044,0.889022223627628,-0.144382034263379
3.2535,0.915837371071622,0.917139094480669,0.888601625649696,-0.141933041223585
3.2609375,0.915179019828319,0.916457529569213,0.888177920500298,-0.139505618061164
3.268375,0.914519094013365,0.915774617920664,0.887751147637759,-0.137099662158124
3.2758125,0.913857631349918,0.915090396057329,0.887321346278095,-0.134715074349101
3.28325,0.913194668208554,0.914404899210478,0.886888555394463,-0.132351762656735
3.2906875,0.912530241962578,0.913718163505241,0.886452813716639,-0.13000962332913
3.298125,0.911864389689945,0.913030224757937,0.886014159730562,-0.127688551416971
3.3055625,0.91119714807257,0.912341118383121,0.885572631677882,-0.12538844161476
3.313,0.91052855323182,0.911650879241159,0.88512826755557,-0.123109189591586
3.3204375,0.909858639685702,0.910959540669494,0.88468110511555,-0.120850700238972
3.327875,0.90918744269145,0.910267136658794,0.884231181864365,-0.118612869108581
3.3353125,0.908514997438751,0.90957370110471,0.883778535062894,-0.116395588908602
3.34275,0.907841338732446,0.908879267513612,0.883323201726076,-0.114198752052741
3.3501875,0.907166500973521,0.908183868985294,0.882865218622715,-0.112022250836674
3.357625,0.906490517117213,0.907487537243942,0.882404622275194,-0.109865985571289
3.3650625,0.905813420266283,0.906790304120135,0.881941448959476,-0.107729852140437
3.3725,0.905135243771959,0.906092201645772,0.881475734704839,-0.10561374130299
3.3799375,0.90445602061208,0.905393261476143,0.881007515293798,-0.103517543584919
3.387375,0.903775783393769,0.904693514892802,0.880536826262082,-0.101441149287074
3.3948125,0.903094563719511,0.903992992213432,0.880063702898593,-0.0993844533818122
3.40225,0.9024123925508,0.903291723130433,0.879588180245404,-0.0973473527008828
3.4096875,0.901729301443292,0.902589737862085,0.879110293097733,-0.0953297365014816
3.417125,0.901045321599826,0.901887066271168,0.87863007600403,-0.0933314938001528
3.4245625,0.900360483864176,0.901183737859512,0.878147563266075,-0.0913525134498494
3.432,0.899674818429974,0.900479781496949,0.877662788939098,-0.0893926863785088
3.4394375,0.898988354373809,0.899775224985968,0.877175786831898,-0.0874519091333847
3.446875,0.898301121425929,0.899070096713183,0.87668659050698,-0.0855300704656448
3.4543125,0.89761314906775,0.898364424808543,0.87619523328078,-0.0836270582456056
3.46175,0.896924466433426,0.897658237053914,0.875701748223904,-0.0817427602398446
3.4691875,0.896235102219809,0.896951560799401,0.875206168161369,-0.0798770648164582
3.476625,0.895545083887904,0.896244422218226,0.874708525672853,-0.078029866963214
3.4840625,0.894854439315086,0.895536847848932,0.874208853092975,-0.076201055878955
3.4915,0.894163196316167,0.894828864149097,0.873707182511654,-0.0743905186342708
3.4989375,0.893471382370602,0.894120497241109,0.873203545774458,-0.0725981422538102
3.506375,0.892779024618092,0.893411772908408,0.872697974482977,-0.0708238137780315
3.5138125,0.892086149130156,0.89270271591535,0.87219049999518,-0.0690674257175505
3.52125,0.891392781923583,0.891993350953919,0.871681153425836,-0.067328868504879
3.5286875,0.890698949202306,0.891283702870248,0.871169965646985,-0.0656080287408711
3.536125,0.890004676846872,0.890573796188163,0.870656967288399,-0.0639047930364511
3.5435625,0.889309990417042,0.889863655111943,0.870142188738057,-0.0622190480216167
3.551,0.888614914740859,0.889153303142532,0.869625660142621,-0.0605506834164382
3.5584375,0.887919474027064,0.88844276318273,0.869107411407974,-0.0588995912119139
3.565875,0.887223692910378,0.887732058514615,0.868587472199796,-0.0572656579607145
3.5733125,0.886527595728809,0.887021212124507,0.868065871944118,-0.0556487701704578
3.58075,0.885831206511531,0.88631024669196,0.867542639827905,-0.0540488144210927
3.5881875,0.885134548799537,0.885599184422335,0.867017804799627,-0.0524656787145417
3.595625,0.884437645218773,0.884888046647793,0.866491395569915,-0.0508992556433219
3.6030625,0.8837405188236,0.884176855083947,0.865963440612217,-0.0493494325075949
3.6105,0.883043192466166,0.883465631240566,0.86543396816345,-0.0478160960043494
3.6179375,0.882345688701714,0.882754396333323,0.864903006224665,-0.046299132953298
3.625375,0.881648029740686,0.882043171239285,0.864370582561726,-0.0447984306759075
3.6328125,0.880950236836908,0.881331975924754,0.863836724706053,-0.0433138815195577
3.64025,0.880252331461792,0.880620830543998,0.863301459955354,-0.0418453742433433
3.6476875,0.879554335038373,0.879909755190848,0.862764815374373,-0.0403927960086814
3.655125,0.878856268704632,0.879198769677571,0.862226817795617,-0.0389560341473749
3.6625625,0.878158153314688,0.878487893536259,0.861687493820142,-0.0375349761786437
3.67,0.87746000893064,0.877777145543545,0.861146869818369,-0.0361295135690276
3.6774375,0.87676185545123,0.877066544309098,0.860604971930887,-0.034739537136097
3.684875,0.876063712926975,0.876356108570887,0.860061826069274,-0.0333649347625031
3.6923125,0.875365601135073,0.875645856797661,0.859517457916899,-0.0320055945463249
3.69975,0.874667539581871,0.874935807191521,0.858971892929795,-0.0306614048076193
3.7071875,0.873969547233796,0.874225977436326,0.858425156337529,-0.0293322560926401
3.714625,0.873271642496335,0.873516384678222,0.857877273144085,-0.0280180413532838
3.7220625,0.872573844084204,0.872807046340392,0.857328268128736,-0.0267186495762628
3.7295,0.871876170469906,0.872097979607204,0.856778165846924,-0.0254339698617212
3.7369375,0.871178639866652,0.871389201408465,0.856226990631197,-0.0241638915736697
3.744375,0.870481270118059,0.870680728316418,0.855674766592144,-0.0229083051768719
3.7518125,0.869784078325568,0.869972576197194,0.855121517619327,-0.0216671050080386
3.75925,0.86908708187057,0.869264761167829,0.85456726738221,-0.0204401817716859
3.7666875,0.868390297976382,0.868557299186516,0.854012039331108,-0.0192274257887481
3.774125,0.867693743618419,0.867850205968742,0.853455856698183,-0.0180287276821955
3.7815625,0.866997435500209,0.867143496965077,0.852898742498419,-0.0168439785778851
3.789,0.866301389586613,0.866437186924453,0.852340719530612,-0.015673073581135
3.7964375,0.865605621937069,0.865731290674353,0.851781810378346,-0.0145159056439748
3.803875,0.864910148580484,0.865025823003935,0.851222037411,-0.0133723665091234
3.8113125,0.864214985309048,0.864320798471248,0.85066142278479,-0.0122423482562639
3.81875,0.863520147680531,0.863616231405604,0.85009998844379,-0.0111257433080159
3.8261875,0.862825650668447,0.86291213558035,0.849537756120959,-0.0100224470531485
3.833625,0.862131509030116,0.862208524557586,0.848974747339161,-0.00893235514104473
3.8410625,0.861437737653926,0.861505412013384,0.848410983412233,-0.00785536091979511
3.8485,0.860744351202509,0.860802811404021,0.847846485446051,-0.00679135810640608
3.8559375,0.860051364114992,0.860100735968296,0.847281274339592,-0.0057402407926066
3.863375,0.859358790430354,0.859399198562414,0.846715370785997,-0.00470190478744081
3.8708125,0.85866664369971,0.858698211578137,0.846148795273635,-0.00367624830247548
3.87825,0.857974937700774,0.857997787611542,0.845581568087204,-0.00266316663015687
3.8856875,0.857283686019266,0.857297939071491,0.845013709308831,-0.00166255528858406
3.893125,0.856592902028067,0.856598678160319,0.844445238819166,-0.000674310199022532
3.9005625,0.855902598820204,0.855900016811316,0.843876176298467,0.000301671788394131
3.908,0.855212788893611,0.855201966394036,0.843306541227709,0.00126549049224156
3.9154375,0.854523484926913,0.854504538440235,0.842736352889711,0.0022172482211591
3.922875,0.853834699480427,0.853807744364309,0.842165630370261,0.00315704750812884
3.9303125,0.853146444912038,0.853111595384768,0.841594392559232,0.00408499045825295
3.93775,0.852458733366517,0.852416102514422,0.841022658151692,0.00500117864621341
3.9451875,0.851771576422445,0.851721276230373,0.84045044564905,0.00590571040972598
3.952625,0.851084985677667,0.851027127021732,0.839877773360196,0.0067986852707369
3.9600625,0.850398972717376,0.850333665359897,0.839304659402647,0.00768020368242528
3.9675,0.849713548934469,0.8496409015307,0.838731121703683,0.00855036564721967
3.9749375,0.849028725531592,0.848948845636494,0.83815717800148,0.00940927071273467
3.982375,0.848344513282686,0.848257507373414,0.837582845846285,0.010257016120252
3.9898125,0.847660922730918,0.847566896216606,0.837008142601554,0.0110936982947729
3.99725,0.846977964534592,0.846877021743698,0.836433085445116,0.0119194154879265
4.0046875,0.8462956491703,0.846187893357447,0.835857691370332,0.012734265486336
4.012125,0.845613986934169,0.845499520287044,0.83528197718725,0.0135383456026039
4.0195625,0.844932987826288,0.844811911480301,0.834705959523777,0.0143317517593999
4.027,0.84425266143487,0.844125075495613,0.834129654826839,0.0151145775621586
4.0344375,0.843573017515159,0.843439021042964,0.833553079363552,0.0158869187756761
4.041875,0.84289406567476,0.842753756690037,0.832976249222393,0.016648870872249
4.0493125,0.842215815350287,0.842069290840535,0.832399180314362,0.0174005288335888
4.05675,0.841538275767564,0.841385631697152,0.831821888374168,0.0181419868204857
4.0641875,0.840861455681357,0.840702787018724,0.83124438896139,0.0188733361043969
4.071625,0.840185363960219,0.840020764666498,0.830666697461657,0.0195946696373239
4.0790625,0.83951000938865,0.83933957241946,0.830088829087822,0.020306080493504
4.0865,0.838835400589332,0.838659217901859,0.829510798881139,0.0210076612421117
4.0939375,0.838161546019482,0.837979708579925,0.828932621712437,0.0216995039015622
4.101375,0.837488453707204,0.83730105151599,0.828354312283295,0.0223816978224267
4.1088125,0.836816131655148,0.836623253745354,0.827775885127225,0.0230543328708865
4.11625,0.836144587869116,0.835946322303038,0.827197354610838,0.0237174996513989
4.1236875,0.835473830201964,0.83527026407822,0.82661873493503,0.0243712882522562
4.131125,0.834803866355377,0.834595085816015,0.826040040136153,0.0250157882438762
4.1385625,0.834134703717626,0.833920793966309,0.825461284087187,0.0256510873532401
4.146,0.833466349456735,0.83324739477082,0.824882480498925,0.0262772721869808
4.1534375,0.832798810840437,0.83257489456153,0.824303642921133,0.0268944308037478
4.160875,0.832132094994358,0.831903299535264,0.823724784743736,0.0275026507553955
4.1683125,0.831466208901435,0.831232615753268,0.82314591919798,0.0281020190666004
4.17575,0.830801159327001,0.830562849071501,0.822567059357607,0.0286926216078953
4.1831875,0.83013695269698,0.829894005027321,0.821988218140024,0.0292745420725771
4.190625,0.8294735955607,0.829226089270812,0.821409408307469,0.0298478657497769
4.1980625,0.828811094357633,0.828559107347502,0.820830642468178,0.0304126776105917
4.2055,0.828149455392737,0.827893064675472,0.82025193307755,0.0309690620933223
4.2129375,0.827488684813637,0.827227966524217,0.819673292439308,0.0315171028991701
4.220375,0.826828788400337,0.826563817819006,0.819094732706658,0.0320568812255173
4.2278125,0.82616977200144,0.825900623547138,0.818516265883453,0.0325884793676012
4.23525,0.825511641409821,0.82523838864223,0.817937903825342,0.0331119796838752
4.2426875,0.824854402291687,0.824577117918245,0.817359658240928,0.0336274639954004
4.250125,0.824198060186281,0.823916816069313,0.816781540692919,0.0341350135696139
4.2575625,0.823542620312371,0.823257487489842,0.816203562599272,0.0346347074714926
4.265,0.82288808783842,0.822599136525976,0.815625735234348,0.0351266248180826
4.2724375,0.822234467948719,0.821941767537152,0.815048069730045,0.0356108453332116
4.279875,0.82158176570843,0.821285384770617,0.814470577076946,0.036087448201183
4.2873125,0.820929986065089,0.820629992362912,0.813893268125454,0.0365565120661993
4.29475,0.820279133738831,0.819975594237947,0.813316153586923,0.037018114077636
4.3021875,0.819629213252722,0.819322194135341,0.812739244034793,0.0374723301259205
4.309625,0.818980229215016,0.818669795872781,0.812162549905717,0.037919237255335
4.3170625,0.818332186126004,0.818018403166564,0.811586081500684,0.0383589120030559
4.3245,0.817685088375514,0.817368019629343,0.811009848986142,0.0387914303662473
4.3319375,0.817038940195015,0.816718648725744,0.810433862395113,0.039216867371783
4.339375,0.816393745542239,0.816070293665362,0.809858131628309,0.0396352960508883
4.3468125,0.815749508465932,0.815422957741512,0.80928266645524,0.0400467906035207
4.35425,0.815106232936181,0.814776644173702,0.808707476515322,0.0404514249193966
4.3616875,0.814463922819456,0.814131356084529,0.80813257131898,0.0408492723490861
4.369125,0.813822581866217,0.81348709648826,0.807557960248743,0.0412404055829763
4.3765625,0.813182213544462,0.812843868136535,0.806983652560343,0.0416248951600862
4.384,0.812542821360425,0.812201673815954,0.806409657383799,0.0420028122903204
4.3914375,0.811904408787152,0.811560516281814,0.805835983724514,0.042374228223041
4.398875,0.811266979200618,0.810920398198923,0.805262640464342,0.0427392136718607
4.4063125,0.810630535880675,0.810281322142533,0.804689636362681,0.0430978388121117
4.41375,0.809995081872175,0.809643290469754,0.804116980057534,0.0434501720155467
4.4211875,0.809360620157711,0.809006305479723,0.803544680066586,0.0437962813871096
4.428625,0.80872715374497,0.808370369494565,0.802972744788262,0.0441362355510622
4.4360625,0.808094685550829,0.807735484752017,0.802401182502793,0.0444701026007577
4.4435,0.807463218402584,0.807101653406644,0.801830001373268,0.0447979500987739
4.4509375,0.806832754964331,0.806468877461756,0.801259209446682,0.0451198443913281
4.458375,0.806203297731481,0.805837158764452,0.800688814654986,0.0454358505371344
4.4658125,0.805574849271237,0.805206499228229,0.800118824816127,0.0457460345092864
4.47325,0.804947412071316,0.804576900692978,0.799549247635083,0.0460504618040369
4.4806875,0.804320988535761,0.803948364921162,0.798980090704894,0.0463491973935692
4.488125,0.803695580954923,0.803320893570117,0.79841136150769,0.0466423054354514
4.4955625,0.803071191402761,0.802694488097206,0.797843067415712,0.0469298482972391
4.503,0.802447822020059,0.802069150021725,0.797275215692327,0.0472118891898354
4.5104375,0.801825474893915,0.801444880813474,0.796707813493041,0.0474884910431683
4.517875,0.801204152033362,0.800821681870275,0.796140867866504,0.0477597162696464
4.5253125,0.800583855363179,0.800199554512299,0.795574385755511,0.048025626696746
4.53275,0.799964586594791,0.799578499862925,0.795008373998,0.0482862823266039
4.5401875,0.799346347457792,0.798958519062632,0.79444283932804,0.048541743520647
4.547625,0.798729139665809,0.798339613237468,0.793877788376817,0.0487920706779832
4.5550625,0.798112964859746,0.797721783446663,0.793313227673613,0.049037323688661
4.5625,0.79749782460884,0.797105030683656,0.792749163646788,0.0492775619352237
4.5699375,0.796883720313798,0.796489355786804,0.792185602624739,0.0495128433454672
4.577375,0.796270653309458,0.795874759534176,0.79162255083687,0.0497432253679708
4.5848125,0.795658624961782,0.795261242733012,0.791060014414548,0.0499687659119674
4.59225,0.795047636569084,0.794648806128635,0.790497999392059,0.0501895223867566
4.5996875,0.794437689363022,0.794037450405412,0.789936511707557,0.0504055517035251
4.607125,0.793828784459798,0.793427176141831,0.789375557204,0.0506169097862497
4.6145625,0.793220922836083,0.79281798378842,0.788815141630091,0.050823651317411
4.622,0.792614105528262,0.792209873851329,0.788255270641208,0.0510258316989365
4.6294375,0.792008333516293,0.791602846785321,0.787695949800332,0.0512235059056732
4.636875,0.791403607718238,0.79099690298878,0.787137184578965,0.0514167284248357
4.6443125,0.790799928971928,0.790392042786875,0.786578980358043,0.0516055530639159
4.65175,0.79019729794749,0.789788266351141,0.786021342428847,0.0517900320599285
4.6591875,0.789595715363761,0.789185573898671,0.785464275993907,0.0519702182420811
4.666625,0.788995181905324,0.788583965615747,0.784907786167896,0.0521461642015719
4.6740625,0.788395698199367,0.787983441636587,0.784351877978527,0.0523179220522474
4.6815,0.787797264813016,0.787384002040927,0.783796556367433,0.0524855433965632
4.6889375,0.787199882155288,0.786785646763967,0.783241826191053,0.0526490783130829
4.696375,0.786603550640494,0.786188375746607,0.782687692221505,0.0528085770146625
4.7038125,0.786008270679591,0.785592188927486,0.782134159147452,0.0529640897618533
4.71125,0.785414042630413,0.784997086197256,0.781581231574972,0.0531156663494015
4.7186875,0.784820866798508,0.784403067399388,0.78102891402841,0.0532633561090678
4.726125,0.78422874337103,0.783810132269532,0.78047721095123,0.0534072072130964
4.7335625,0.783637672472157,0.783218280486456,0.779926126706868,0.0535472672369641
4.741,0.783047654259597,0.782627511760616,0.779375665579562,0.0536835841657757
4.7484375,0.78245868884217,0.782037825758519,0.778825831775196,0.0538162055324198
4.755875,0.781870776280397,0.78144922210328,0.778276629422124,0.0539451784189238
4.7633125,0.7812839165546,0.780861700345424,0.777728062571996,0.0540705491113291
4.77075,0.780698109532992,0.780275259933692,0.777180135200571,0.0541923627485508
4.7781875,0.780113355132861,0.779689900362812,0.776632851208533,0.0543106650286784
4.785625,0.779529653233234,0.779105621093432,0.776086214422297,0.054425501282851
4.7930625,0.778947003668596,0.778522421546379,0.775540228594808,0.0545369164028919
4.8005,0.778365406218048,0.777940301092769,0.774994897406333,0.0546449547197181
4.8079375,0.777784860533327,0.777359258988157,0.774450224465255,0.0547496592147256
4.815375,0.777205366301389,0.776779294521413,0.773906213308849,0.0548510732688801
4.8228125,0.776626923189599,0.776200406964532,0.773362867404069,0.054949240072677
4.83025,0.776049530824327,0.775622595553047,0.772820190148311,0.0550442023902642
4.8376875,0.775473188790115,0.775045859485301,0.772278184870181,0.0551360025454972
4.845125,0.774897896556872,0.774470197855911,0.771736854830256,0.0552246816139412
4.8525625,0.774323653591949,0.773895609758298,0.771196203221839,0.0553102806442718
4.86,0.773750459368137,0.773322094291966,0.770656233171707,0.055392840749513
4.8674375,0.773178313320575,0.77274965052312,0.770116947740854,0.0554724026293307
4.874875,0.772607214847395,0.772178277485281,0.769578349925228,0.0555490065728081
4.8823125,0.77203716326508,0.771607974138539,0.769040442656459,0.0556226919531833
4.88975,0.771468157834471,0.771038739393365,0.768503228802593,0.0556934975075363
4.8971875,0.770900197849245,0.770470572191381,0.767966711168808,0.0557614623285074
4.904625,0.770333282569201,0.769903471444444,0.767430892498127,0.0558266251157624
4.9120625,0.769767411220235,0.769337436034649,0.766895775472128,0.0558890241715293
4.9195,0.769202582973855,0.768772464795657,0.766361362711647,0.0559486971626999
4.9269375,0.768638796913866,0.768208556482371,0.76582765677748,0.0560056807314746
4.934375,0.76807605216398,0.767645709887309,0.76529466017107,0.0560600119467791
4.9418125,0.767514347823597,0.767083923782026,0.764762375335196,0.0561117275733602
4.94925,0.766953682961139,0.766523196911052,0.764230804654653,0.0561608639923827
4.9566875,0.766394056607905,0.765963527986315,0.763699950456928,0.0562074571254234
4.964125,0.765835467700529,0.765404915634778,0.76316981501287,0.0562515417599219
4.9715625,0.765277915200921,0.764847358507682,0.762640400537358,0.0562931529343613
4.979,0.764721398062127,0.76429085524944,0.762111709189952,0.0563323255446058
4.9864375,0.764165915208947,0.763735404479999,0.761583743075553,0.0563690941159267
4.993875,0.763611465537962,0.763181004794874,0.761056504245049,0.0564034927996726
5.0013125,0.76305804786475,0.762627654717176,0.760529994695958,0.0564355547444384
5.00875,0.762505660997989,0.762075352765035,0.760004216373068,0.0564653129632386
5.0161875,0.761954303757538,0.761524097468025,0.75947917116906,0.0564928005487797
5.023625,0.76140397493758,0.76097388733365,0.758954860925144,0.0565180502366092
5.0310625,0.760854673307124,0.760424720847808,0.758431287431675,0.0565410944079359
5.0385,0.760306397580201,0.759876596447749,0.757908452428771,0.0565619647269644
5.0459375,0.759759146424343,0.759329512529808,0.757386357606926,0.056580692235042
5.053375,0.759212918537493,0.758783467519241,0.756865004607603,0.0565973082750304
5.0608125,0.758667712595398,0.758238459822449,0.756344395023849,0.056611843858434
5.06825,0.758123527251002,0.757694487826432,0.75582453040088,0.0566243296557856
5.0756875,0.757580361121544,0.7571515498871,0.755305412236678,0.0566347958354863
5.083125,0.75703821275742,0.756609644301074,0.754787041982567,0.0566432716757603
5.0905625,0.756497080741223,0.756068769395499,0.754269421043795,0.0566497867735771
5.098,0.755956963641666,0.755528923486256,0.753752550780106,0.0566543704819011
5.1054375,0.755417860006884,0.754990104871883,0.753236432506319,0.0566570518264031
5.112875,0.75487976836115,0.754452311830615,0.752721067492877,0.0566578594606515
5.1203125,0.754342687160056,0.75391554257982,0.752206456966416,0.0566568211042506
5.12775,0.753806614877246,0.753379795354563,0.751692602110309,0.0566539646158715
5.1351875,0.753271549985067,0.75284506839007,0.751179504065223,0.0566493177552863
5.142625,0.752737490937362,0.75231135990614,0.750667163929663,0.0566429079676301
5.1500625,0.752204436169776,0.751778668107438,0.750155582760501,0.0566347623842223
5.1575,0.751672384062518,0.751246991149825,0.749644761573517,0.056624907348013
5.1649375,0.751141332986955,0.750716327182526,0.749134701343924,0.056613368997116
5.172375,0.750611281329025,0.750186674369296,0.748625403006893,0.0566001735616828
5.1798125,0.750082227458101,0.749658030860248,0.748116867458075,0.0565853469703059
5.18725,0.749554169727364,0.749130394792204,0.74760909555411,0.0565689148519288
5.1946875,0.749027106454174,0.748603764270968,0.747102088113135,0.0565509022811828
5.202125,0.748501035918758,0.748078137370177,0.746595845915288,0.0565313337544948
5.2095625,0.747975956428503,0.747553512189356,0.746090369703218,0.0565102340179147
5.217,0.747451866277474,0.747029886817348,0.745585660182566,0.0564876275464643
5.2244375,0.746928763745326,0.746507259331337,0.745081718022462,0.0564635385283285
5.231875,0.746406647089361,0.745985627789684,0.744578543856007,0.0564379907591839
5.2393125,0.745885514517326,0.745464990207425,0.744076138280753,0.0564110072807766
5.24675,0.745365364262805,0.744945344624263,0.743574501859188,0.0563826113651356
5.2541875,0.744846194553092,0.744426689075586,0.743073635119197,0.0563528260957957
5.261625,0.744328003602731,0.743909021586639,0.742573538554529,0.0563216742819339
5.2690625,0.743810789611906,0.743392340171074,0.742074212625264,0.0562891784350761
5.2765,0.74329455073236,0.742876642800273,0.741575657758266,0.0562553603127514
5.2839375,0.742779285128759,0.742361927458633,0.741077874347645,0.0562202417296209
5.291375,0.742264990969571,0.741848192135333,0.740580862755196,0.0561838444383955
5.2988125,0.74175166641206,0.741335434810814,0.740084623310844,0.0561461899297511
5.30625,0.74123930960258,0.740823653457055,0.739589156313086,0.0561072994343048
5.3136875,0.740727918651136,0.740312846014686,0.73909446202943,0.0560671935769363
5.321125,0.740217491658518,0.739803010417426,0.738600540696821,0.056025892738365
5.3285625,0.739708026741757,0.739294144614964,0.738107392522071,0.0559834173998519
5.336,0.739199522008109,0.738786246549549,0.737615017682275,0.0559397877925472
5.3434375,0.738691975555339,0.738279314156247,0.737123416325233,0.0558950238993994
5.350875,0.738185385458967,0.737773345351493,0.736632588569869,0.0558491452789189
5.3583125,0.737679749766083,0.73726833802755,0.736142534506635,0.0558021709752721
5.36575,0.737175066547457,0.736764290099317,0.735653254197915,0.055754120233642
5.3731875,0.736671333867098,0.736261199476965,0.735164747678429,0.0557050120832292
5.380625,0.736168549780829,0.735759064064669,0.734677014955626,0.0556548653165789
5.3880625,0.735666712331532,0.735257881756334,0.734190056010089,0.0556036984222352
5.3955,0.735165819526463,0.734757650415267,0.73370387079591,0.055551529264819
5.4029375,0.7346658693936,0.73425836792472,0.733218459241081,0.055498375868912
5.410375,0.734166859959961,0.733760032168435,0.732733821247871,0.0554442561178092
5.4178125,0.733668789245595,0.733262641025247,0.732249956693209,0.0553891876694745
5.42525,0.733171655262897,0.73276619236847,0.731766865429057,0.0553331879458385
5.4326875,0.73267545599129,0.732270684043224,0.731284547282773,0.0552762737722423
5.440125,0.732180189419564,0.731776113904381,0.730803002057477,0.055218461972939
5.4475625,0.731685853543549,0.731282479814458,0.730322229532414,0.0551597693401407
5.455,0.73119244635323,0.730789779632077,0.729842229463313,0.0551002124517419
5.4624375,0.730699965832961,0.730298011212149,0.729363001582743,0.0550398076730296
5.469875,0.730208409944492,0.729807172390699,0.728884545600453,0.0549785709119233
5.4773125,0.729717776641298,0.729317260997695,0.728406861203725,0.0549165178204136
5.48475,0.72922806389333,0.728828274879182,0.727929948057714,0.0548536641521213
5.4921875,0.728739269665781,0.728340211878279,0.727453805805789,0.0547900254570521
5.499625,0.72825139191924,0.727853069835313,0.726978434069869,0.0547256170833066
5.5070625,0.72776442860154,0.727366846580537,0.726503832450749,0.0546604540573314
5.5145,0.72727837763968,0.726881539926922,0.726030000528426,0.054594550963194
5.5219375,0.726793236980986,0.726397147706939,0.725556937862431,0.0545279225417916
5.529375,0.726309004570735,0.72591366775254,0.725084643992149,0.0544605833664669
5.5368125,0.725825678350539,0.725431097893725,0.72461311843713,0.0543925478187601
5.54425,0.725343256255588,0.724949435956074,0.724142360697403,0.0543238300467097
5.5516875,0.724861736196413,0.724468679744487,0.723672370253787,0.0542544436930914
5.559125,0.724381116100207,0.723988827080049,0.723203146568201,0.0541844025052196
5.5665625,0.723901393896818,0.723509875787531,0.722734689083968,0.0541137201286901
5.574,0.723422567513294,0.723031823690508,0.722266997226107,0.0540424100271331
5.5814375,0.722944634873675,0.722554668611181,0.721800070401634,0.053970485478172
5.588875,0.72246759388063,0.722078408354001,0.721333907999851,0.0538979592972444
5.5963125,0.721991442443796,0.721603040730953,0.720868509392646,0.0538248442592204
5.60375,0.721516178481725,0.72112856356326,0.720403873934771,0.0537511531298884
5.6111875,0.721041799910968,0.720654974671662,0.719940000964126,0.053676898502375
5.618625,0.720568304646236,0.720182271876545,0.719476889802037,0.0536020927986769
5.6260625,0.720095690589199,0.719710452987983,0.719014539753538,0.0535267480994195
5.6335,0.719623955635065,0.719239515811597,0.718552950107642,0.0534508762403574
5.6409375,0.719153097694727,0.718769458168257,0.718092120137615,0.0533744891507926
5.648375,0.718683114677969,0.718300277879132,0.717632049101235,0.0532975985985784
5.6558125,0.718214004493457,0.717831972765672,0.71717273624106,0.0532202161896755
5.66325,0.717745765043615,0.717364540645056,0.716714180784692,0.0531423532889708
5.6706875,0.717278394216373,0.716897979322858,0.716256381945037,0.0530640208910693
5.678125,0.716811889916954,0.71643228662131,0.715799338920553,0.0529852301093481
5.6855625,0.716346250051797,0.715967460364992,0.715343050895505,0.0529059919303521
5.693,0.715881472526883,0.715503498379342,0.714887517040214,0.0528263171874821
5.7004375,0.715417555246198,0.715040398489289,0.714432736511304,0.0527462165362369
5.707875,0.714954496097501,0.714578158506621,0.71397870845195,0.0526657002316577
5.7153125,0.714492292982052,0.714116776256381,0.713525431992111,0.0525847785904032
5.72275,0.714030943806082,0.713656249569281,0.713072906248766,0.0525034618595432
5.7301875,0.713570446475959,0.713196576277406,0.712621130326156,0.0524217601413746
5.737625,0.713110798898189,0.712737754214214,0.712170103316015,0.0523396833925549
5.7450625,0.712651998966424,0.712279781203009,0.711719824297797,0.0522572412186895
5.7525,0.712194044579737,0.711822655073156,0.711270292338901,0.0521744431613902
5.7599375,0.711736933647003,0.71136637366396,0.710821506494895,0.0520912987683309
5.767375,0.711280664077793,0.710910934816576,0.710373465809738,0.0520078174507166
5.7748125,0.710825233782479,0.710456336374104,0.709926169316004,0.0519240084842609
5.78225,0.710370640664935,0.710002576175117,0.70947961603509,0.0518398808919462
5.7896875,0.709916882624653,0.709549652055544,0.70903380497743,0.0517554434767309
5.797125,0.709463957575499,0.709097561865283,0.708588735142705,0.0516707051216425
5.8045625,0.709011863432801,0.70864630345674,0.708144405520054,0.0515856745851861
5.812,0.708560598113183,0.708195874684689,0.707700815088284,0.0515003604979469
5.8194375,0.708110159531409,0.707746273403475,0.707257962816062,0.0514147713111868
5.826875,0.707660545592843,0.707297497460345,0.70681584766212,0.0513289151737872
5.8343125,0.707211754217507,0.706849544716732,0.70637446857545,0.05124280032196
5.84175,0.706763783328813,0.706402413038269,0.705933824495509,0.0511564348980587
5.8491875,0.706316630851913,0.705956100293338,0.705493914352403,0.0510698269234888
5.856625,0.705870294712895,0.705510604352341,0.705054737067081,0.0509829842861853
5.8640625,0.70542477282796,0.705065923078145,0.704616291551519,0.0508959145618437
5.8715,0.704980063124381,0.704622054344607,0.704178576708906,0.0508086253569129
5.8789375,0.704536163535765,0.704178996032366,0.703741591433839,0.0507211242327443
5.886375,0.704093071997864,0.703736746025146,0.703305334612491,0.0506334186370694
5.8938125,0.703650786448632,0.703295302209798,0.702869805122794,0.0505455159044432
5.90125,0.703209304819285,0.702854662468405,0.702435001834615,0.0504574231085186
5.9086875,0.702768625045503,0.702414824688178,0.702000923609928,0.0503691472460321
5.916125,0.70232874507299,0.701975786766351,0.701567569302997,0.0502806953307511
5.9235625,0.701889662849967,0.701537546603547,0.701134937760535,0.0501920742696171
5.931,0.701451376327234,0.701100102103835,0.700703027821872,0.0501032908630794
5.9384375,0.701013883453481,0.700663451170586,0.700271838319123,0.0500143517276896
5.945875,0.700577182175002,0.700227591706218,0.699841368077352,0.0499252632893299
5.9533125,0.700141270450973,0.69979252162568,0.699411615914738,0.0498360320403179
5.96075,0.699706146243763,0.699358238847883,0.698982580642724,0.0497466643780031
5.9681875,0.699271807518645,0.698924741295448,0.69855426106618,0.0496571666005252
5.975625,0.6988382522419,0.698492026893028,0.698126655983554,0.0495675448739963
5.9830625,0.698405478374379,0.698060093561644,0.697699764187033,0.0494778051232103
5.9905,0.697973483889359,0.697628939234406,0.69727358446269,0.0493879533339125
5.9979375,0.697542266764866,0.697198561849744,0.696848115590629,0.0492979954247907
6.005375,0.697111824982122,0.696768959350034,0.696423356345136,0.0492079372203635
6.0128125,0.696682156525147,0.696340129681242,0.695999305494819,0.0491177844455626
6.02025,0.696253259372733,0.695912070785865,0.695575961802762,0.0490275425863773
6.0276875,0.695825131512899,0.695484780615644,0.69515332402666,0.0489372171385005
6.035125,0.69539777094068,0.695058257129617,0.694731390918955,0.0488468135699804
6.0425625,0.694971175654568,0.694632498290977,0.694310161226974,0.048756337260869
6.05,0.694545343656559,0.69420750206711,0.693889633693069,0.0486657935046209
6.0574375,0.694120272946189,0.693783266424344,0.693469807054753,0.0485751874042206
6.064875,0.693695961526898,0.693359789333556,0.693050680044826,0.0484845239820952
6.0723125,0.693272407411936,0.692937068775349,0.692632251391505,0.0483938082833424
6.07975,0.692849608618238,0.692515102734658,0.692214519818555,0.048303045270548
6.0871875,0.692427563166466,0.692093889200792,0.691797484045414,0.0482122398247409
6.094625,0.69200626907803,0.691673426164804,0.691381142787324,0.048121396693146
6.1020625,0.691585724373665,0.691253711618245,0.690965494755448,0.0480305204643816
6.1095,0.691165927085507,0.690834743563769,0.690550538656991,0.0479396157797352
6.1169375,0.690746875249972,0.690416520008869,0.69013627319532,0.0478486872096173
6.124375,0.690328566907403,0.689999038965559,0.689722697070087,0.0477577392482331
6.1318125,0.689911000100954,0.689582298449391,0.689309808977344,0.0476667762936644
6.13925,0.689494172871346,0.689166296474857,0.688897607609655,0.0475758025554329
6.1466875,0.689078083269878,0.688751031066799,0.688486091656209,0.0474848222836055
6.154125,0.688662729353362,0.688336500255963,0.688075259802932,0.0473938396812201
6.1615625,0.688248109182713,0.687922702077747,0.687665110732604,0.0473028588796831
6.169,0.687834220822768,0.687509634572046,0.68725564312496,0.0472118839358826
6.1764375,0.687421062336468,0.687097295778141,0.686846855656799,0.0471209187282717
6.183875,0.687008631794583,0.686685683743232,0.686438747002088,0.0470299671299745
6.1913125,0.686596927275119,0.686274796521911,0.686031315832067,0.0469390329997044
6.19875,0.686185946860341,0.685864632173538,0.685624560815358,0.0468481201290505
6.2061875,0.685775688636791,0.685455188762258,0.685218480618057,0.046757232243233
6.213625,0.685366150691406,0.685046464353597,0.684813073903836,0.046666372931381
6.2210625,0.684957331114794,0.684638457017331,0.684408339334042,0.046575545705152
6.2285,0.684549228006843,0.68423116483239,0.684004275567794,0.0464847541006286
6.2359375,0.684141839471832,0.683824585882577,0.683600881262081,0.0463940015911435
6.243375,0.683735163618452,0.683418718256571,0.683198155071852,0.046303291587968
6.2508125,0.683329198557936,0.683013560046293,0.682796095650109,0.046212627406983
6.25825,0.682923942402231,0.682609109345304,0.682394701647995,0.0461220122346839
6.2656875,0.68251939327331,0.682205364256952,0.681993971714893,0.0460314492982672
6.273125,0.68211554929805,0.68180232288988,0.681593904498511,0.0459409417734813
6.2805625,0.681712408607842,0.681399983357683,0.681194498644964,0.0458504927779657
6.288,0.681309969337956,0.680998343778343,0.680795752798864,0.0457601053600598
6.2954375,0.680908229623425,0.680597402270629,0.6803976656034,0.0456697824232855
6.302875,0.680507187608346,0.680197156962235,0.680000235700433,0.0455795268972103
6.3103125,0.680106841442677,0.679797605986963,0.679603461730569,0.0454893416791835
6.31775,0.679707189280984,0.679398747483631,0.67920734233324,0.0453992296122641
6.3251875,0.679308229282373,0.679000579595999,0.678811876146784,0.045309193484977
6.332625,0.678909959606364,0.67860310046917,0.678417061808523,0.0452192359542192
6.3400625,0.67851237841925,0.678206308255136,0.678022897954849,0.0451293596636981
6.3475,0.678115483894473,0.677810201113111,0.677629383221288,0.0450395672506598
6.3549375,0.677719274210161,0.677414777207366,0.677236516242582,0.0449498613021682
6.362375,0.677323747549141,0.677020034707237,0.676844295652756,0.0448602443553492
6.3698125,0.676928902096428,0.676625971784928,0.676452720085199,0.0447707188508506
6.37725,0.676534736040694,0.676232586616794,0.676061788172733,0.0446812871606195
6.3846875,0.676141247579166,0.675839877387614,0.675671498547682,0.0445919516790072
6.392125,0.675748434913848,0.675447842287284,0.675281849841939,0.0445027147537136
6.3995625,0.675356296251501,0.675056479510799,0.674892840687035,0.0444135786859201
6.407,0.674964829802492,0.674665787257234,0.67450446971421,0.0443245457092623
6.4144375,0.674574033778966,0.674275763728159,0.674116735554481,0.0442356179552572
6.421875,0.674183906401861,0.673886407133748,0.673729636838693,0.044146797585487
6.4293125,0.673794445897306,0.67349771568964,0.673343172197573,0.0440580867245188
6.43675,0.673405650496232,0.673109687616585,0.672957340261928,0.0439694874539098
6.4441875,0.673017518434016,0.672722321140133,0.672572139662391,0.0438810018050573
6.451625,0.672630047947342,0.672335614487891,0.672187569029856,0.0437926317014448
6.4590625,0.672243237280733,0.671949565895225,0.671803626995315,0.0437043790804559
6.4665,0.671857084684631,0.67156417360357,0.671420312189867,0.043616245859246
6.4739375,0.671471588414312,0.671179435859486,0.671037623245079,0.0435282339143139
6.481375,0.671086746729864,0.670795350914633,0.670655558792621,0.0434403450819243
6.4888125,0.670702557893337,0.670411917023277,0.670274117464684,0.043352581104239
6.49625,0.67031902017274,0.67002913244578,0.669893297893882,0.0432649437050348
6.5036875,0.669936131842954,0.669646995449391,0.669513098713186,0.0431774346077329
6.511125,0.669553891183717,0.66926550430648,0.66913351855632,0.0430900554984737
6.5185625,0.669172296479629,0.668884657294537,0.668754556057398,0.0430028080259381
6.526,0.668791346018548,0.668504452694777,0.66837620985129,0.0429156937721498
6.5334375,0.668411038092053,0.66812488879253,0.667998478573586,0.0428287142603567
6.540875,0.668031370999486,0.667745963880774,0.667621360860465,0.0427418710331695
6.5483125,0.667652343045116,0.667367676257653,0.66724485534912,0.0426551655992702
6.55575,0.667273952538085,0.666990024226415,0.666868960677401,0.0425685994329461
6.5631875,0.666896197791705,0.66661300609481,0.666493675484123,0.0424821739608783
6.570625,0.666519077121834,0.666236620173662,0.666118998409098,0.0423958905318988
6.5780625,0.666142588852044,0.665860864781377,0.665744928092943,0.0423097505151127
6.5855,0.665766731311158,0.665485738241789,0.66537146317752,0.0422237552545557
6.5929375,0.665391502832871,0.665111238883822,0.6649986023056,0.0421379060621119
6.600375,0.66501690175556,0.664737365041321,0.664626344121108,0.042052204214782
6.6078125,0.664642926419954,0.664364115051022,0.664254687269218,0.0419666509096306
6.61525,0.664269575173622,0.663991487256459,0.663883630396113,0.0418812473502506
6.6226875,0.66389684636992,0.663619480007042,0.663513172149426,0.041795994728
6.630125,0.663524738367072,0.66324809165725,0.663143311177931,0.04171089420415
6.6375625,0.66315324952816,0.662877320566619,0.66277404613173,0.0416259469105951
6.645,0.662782378219207,0.662507165098064,0.662405375662403,0.0415411539137711
6.6524375,0.662412122811566,0.662137623619968,0.662037298422729,0.041456516259708
6.659875,0.662042481683068,0.661768694507172,0.661669813067116,0.041372034997722
6.6673125,0.661673453216398,0.661400376139555,0.661302918251336,0.0412877111496179
6.67475,0.661305035799093,0.661032666902028,0.66093661263264,0.0412035457100224
6.6821875,0.660937227822526,0.660665565183646,0.660570894869967,0.0411195396272879
6.689625,0.660570027681848,0.660299069377556,0.660205763623633,0.0410356938027601
6.6970625,0.660203433779203,0.659933177883793,0.659841217555736,0.0409520091529281
6.7045,0.65983744452164,0.65956788910746,0.659477255329952,0.0408684865700559
6.7119375,0.659472058321037,0.659203201458652,0.659113875611566,0.040785126921361
6.719375,0.659107273593683,0.658839113352091,0.658751077067745,0.0407019310417756
6.7268125,0.65874308875892,0.658475623205936,0.658388858367194,0.0406188997067458
6.73425,0.658379502242884,0.658112729445052,0.658027218180542,0.0405360337060623
6.7416875,0.658016512476862,0.657750430499559,0.657666155180184,0.0404533338124402
6.749125,0.65765411789694,0.657388724804529,0.657305668040251,0.0403708007753689
6.7565625,0.657292316943904,0.657027610799896,0.656945755436919,0.040288435319491
6.764,0.656931108061555,0.656667086928978,0.656586416048064,0.0402062381125168
6.7714375,0.656570489699722,0.65630715164111,0.656227648553601,0.0401242098237109
6.778875,0.656210460313771,0.655947803391206,0.655869451635386,0.0400423511149661
6.7863125,0.655851018363836,0.655589040639088,0.655511823977129,0.0399606626268367
6.79375,0.655492162314815,0.655230861849472,0.655154764264728,0.0398791449787161
6.8011875,0.655133890635112,0.654873265490877,0.65479827118593,0.0397977987449227
6.808625,0.654776201797964,0.654516250036772,0.654442343430621,0.0397166244807012
6.8160625,0.654419094282637,0.65415981396662,0.654086979690793,0.0396356227455597
6.8235,0.65406256657313,0.653803955764742,0.653732178660392,0.0395547940797769
6.8309375,0.653706617158165,0.653448673920304,0.653377939035683,0.0394741390036701
6.838375,0.653351244530558,0.653093966926766,0.653024259514915,0.0393936580063592
6.8458125,0.652996447186918,0.652739833281618,0.652671138798564,0.0393133515401933
6.85325,0.652642223630132,0.652386271488538,0.65231857558936,0.039233220069157
6.8606875,0.652288572367855,0.652033280056085,0.651966568592082,0.0391532640402703
6.868125,0.651935491912427,0.651680857497604,0.651615116513935,0.0390734838829454
6.8755625,0.651582980780622,0.651329002331022,0.651264218064242,0.0389938800040568
6.883,0.65123103749257,0.650977713077887,0.650913871954623,0.0389144527676244
6.8904375,0.650879660574416,0.650626988265702,0.650564076899085,0.0388352025463279
6.897875,0.650528848557251,0.650276826426978,0.650214831613777,0.038756129702211
6.9053125,0.650178599976801,0.649927226098962,0.649866134817358,0.0386772345803532
6.91275,0.649828913373379,0.64957818582359,0.649517985230731,0.0385985175088033
6.9201875,0.649479787290682,0.649229704146437,0.649170381577158,0.0385199787759971
6.927625,0.649131220277775,0.648881779618445,0.648823322582406,0.0384416186683723
6.9350625,0.648783210888941,0.648534410795789,0.648476806974464,0.0383634374693242
6.9425,0.648435757683053,0.648187596239321,0.648130833483912,0.0382854354467055
6.9499375,0.64808885922356,0.647841334514563,0.64778540084368,0.0382076128534692
6.957375,0.647742514077686,0.647495624190996,0.647440507789116,0.0381299699127258
6.9648125,0.647396720817099,0.647150463842643,0.64709615305817,0.0380525068301996
6.97225,0.647051478019018,0.64680585204904,0.646752335391099,0.0379752238171216
6.9796875,0.646706784265198,0.646461787394339,0.646409053530805,0.0378981210701124
6.987125,0.646362638141925,0.646118268467303,0.646066306222648,0.0378211987724697
6.9945625,0.646019038239616,0.645775293860949,0.64572409221445,0.0377444570866414
7.002,0.645675983152457,0.645432862172233,0.645382410256723,0.0376678961473642
7.0094375,0.645333471480255,0.645090972003669,0.645041259102361,0.037591516097768
7.016875,0.644991501827382,0.644749621962397,0.644700637506948,0.0375153170698139
7.0243125,0.644650072802684,0.644408810660102,0.644360544228623,0.0374392991825845
7.03175,0.644309183019334,0.644068536712885,0.644020978028023,0.0373634625403518
7.0391875,0.643968831094005,0.643728798740528,0.643681937668556,0.0372878072173455
7.046625,0.643629015648721,0.643389595368123,0.643343421916075,0.0372123332925467
7.0540625,0.64328973531019,0.643050925225478,0.643005429539159,0.037137040838231
7.0615,0.642950988709535,0.642712786946881,0.64266795930903,0.0370619299151054
7.0689375,0.642612774482267,0.642375179171072,0.642331009999444,0.0369870005721085
7.076375,0.642275091267452,0.642038100540506,0.641994580386982,0.0369122528314225
7.0838125,0.641937937708975,0.641701549702469,0.641658669250742,0.0368376867121212
7.09125,0.641601312455589,0.641365525309108,0.64132327537257,0.036763302231968
7.0986875,0.641265214160402,0.641030026016985,0.640988397537032,0.0366890993981128
7.106125,0.640929641480869,0.640695050487063,0.640654034531258,0.0366150782072472
7.1135625,0.640594593078284,0.640360597384258,0.640320185145252,0.0365412386368558
7.121,0.640260067618067,0.640026665377685,0.639986848171596,0.0364675806505899
7.1284375,0.639926063770708,0.639693253141497,0.639654022405633,0.0363941042161198
7.135875,0.639592580211004,0.639360359354197,0.639321706645497,0.0363208092916345
7.1433125,0.639259615618037,0.639027982698623,0.638989899691914,0.0362476958264413
7.15075,0.638927168674935,0.638696121861737,0.638658600348517,0.0361747637553256
7.1581875,0.638595238068515,0.638364775534298,0.638327807421573,0.036102012994621
7.165625,0.638263822490635,0.638033942412066,0.637997519720122,0.0360294434650577
7.1730625,0.637932920637475,0.637703621195151,0.637667736056052,0.0359570550805488
7.1805,0.637602531209436,0.637373810587931,0.637338455243866,0.035884847746348
7.1879375,0.637272652911063,0.637044509298977,0.637009676101,0.03581282135805
7.195375,0.636943284450426,0.636715716040501,0.636681397447578,0.0357409757905325
7.2028125,0.636614424540383,0.636387429529479,0.636353618106497,0.035669310921338
7.21025,0.636286071898182,0.636059648487287,0.63602633690355,0.035597826624123
7.2176875,0.635958225245235,0.635732371639505,0.635699552667174,0.0355265227643065
7.225125,0.635630883307099,0.635405597715891,0.635373264228745,0.0354553991998241
7.2325625,0.635304044812917,0.635079325449891,0.63504747042238,0.0353844557712035
7.24,0.634977708496184,0.634753553579311,0.634722170084965,0.0353136923155084
7.2474375,0.634651873094906,0.634428280846456,0.634397362056323,0.0352431086695582
7.254875,0.634326537351186,0.634103505997764,0.634073045178943,0.0351727046628669
7.2623125,0.634001700011221,0.633779227783792,0.633749218298253,0.0351024801186872
7.26975,0.633677359824971,0.633455444958929,0.633425880262469,0.0350324348472597
7.2771875,0.633353515546256,0.633132156281476,0.633103029922572,0.0349625686491439
7.284625,0.633030165933507,0.632809360514313,0.632780666132507,0.0348928813275418
7.2920625,0.632707309749207,0.632487056424397,0.632458787748905,0.0348233726797709
7.2995,0.63238494575986,0.632165242782732,0.632137393631334,0.0347540424969539
7.3069375,0.632063072735853,0.631843918364248,0.631816482642188,0.0346848905617536
7.314375,0.631741689451138,0.631523081947507,0.631496053646617,0.0346159166433546
7.3218125,0.631420794684203,0.631202732315581,0.631176105512756,0.0345471205141612
7.32925,0.631100387217586,0.630882868255601,0.630856637111448,0.0344785019421812
7.3366875,0.630780465837786,0.630563488558683,0.630537647316458,0.0344100606902487
7.344125,0.630461029335214,0.630244592019882,0.630219135004411,0.034341796513937
7.3515625,0.630142076503745,0.629926177437788,0.62990109905468,0.0342737091567846
7.359,0.629823606141567,0.629608243615281,0.629583538349634,0.0342057983626187
7.3664375,0.62950561705095,0.62929078935933,0.629266451774367,0.0341380638732236
7.373875,0.629188108038064,0.628973813480818,0.628949838216878,0.0340705054252988
7.3813125,0.628871077912963,0.628657314794533,0.628633696568057,0.0340031227506143
7.38875,0.628554525489215,0.628341292118829,0.628318025721527,0.0339359155701713
7.3961875,0.628238449584349,0.628025744276029,0.628002824573914,0.0338688836020395
7.403625,0.62792284902005,0.627710670092598,0.627688092024582,0.0338020265643335
7.4110625,0.627607722621837,0.627396068398848,0.627373826975782,0.0337353441707489
7.4185,0.627293069219049,0.62708193802893,0.627060028332673,0.0336688361305404
7.4259375,0.62697888764465,0.626768277820647,0.626746695003143,0.0336025021457909
7.433375,0.626665176735212,0.626455086615443,0.626433825898072,0.0335363419114776
7.4408125,0.626351935331495,0.626142363258929,0.626121419931097,0.0334703551243098
7.44825,0.626039162278049,0.625830106600509,0.625809476018713,0.0334045414777551
7.4556875,0.625726856423176,0.625518315493357,0.625497993080342,0.033338900660973
7.463125,0.625415016618852,0.625206988794336,0.625186970038124,0.0332734323582828
7.4705625,0.625103641720463,0.62489612536376,0.624876405817177,0.0332081362453662
7.478,0.624792730587495,0.624585724066017,0.624566299345391,0.0331430120000364
7.4854375,0.6244822820832,0.624275783769267,0.624256649553485,0.0330780592972424
7.492875,0.624172295074529,0.623966303345376,0.623947455375115,0.0330132778082026
7.5003125,0.623862768432095,0.623657281669879,0.623638715746646,0.03294866720156
7.50775,0.623553701029858,0.623348717621702,0.623330429607399,0.032884227136698
7.5151875,0.623245091745677,0.623040610083649,0.623022595899483,0.0328199572737775
7.522625,0.622936939461195,0.622732957942305,0.622715213567801,0.032755857272071
7.5300625,0.622629243061687,0.622425760087893,0.622408281560199,0.0326919267873871
7.5375,0.622322001436043,0.622119015414258,0.622101798827224,0.0326281654725147
7.5449375,0.622015213476541,0.621812722818653,0.621795764322351,0.0325645729745583
7.552375,0.621708878079074,0.621506881201954,0.621490177001854,0.0325011489381577
7.5598125,0.621402994143357,0.621201489468839,0.621185035824769,0.0324378930079305
7.56725,0.621097560572672,0.62089654652756,0.620880339753074,0.0323748048262962
7.5746875,0.620792576273858,0.620592051289927,0.620576087751438,0.0323118840330094
7.582125,0.620488040157186,0.620288002671194,0.620272278787427,0.0322491302637173
7.5895625,0.620183951136301,0.619984399590008,0.619968911831414,0.0321865431493151
7.597,0.619880308128661,0.619681240968802,0.619665985856503,0.0321241223225854
7.6044375,0.619577110055242,0.619378525733531,0.61936349983873,0.0320618674138684
7.611875,0.619274355840513,0.619076252813644,0.619061452756815,0.0319997780513726
7.6193125,0.618972044412385,0.618774421142035,0.618759843592339,0.031937853860442
7.62675,0.618670174702008,0.618473029654857,0.618458671329696,0.0318760944615137
7.6341875,0.618368745644244,0.618172077291952,0.618157934955977,0.0318144994762237
7.641625,0.61806775617745,0.617871562996657,0.617857633461194,0.0317530685246092
7.6490625,0.617767205243416,0.617571485715742,0.617557765838032,0.0316918012248424
7.6565,0.617467091787347,0.617271844399385,0.617258331082001,0.0316306971933189
7.6639375,0.617167414757637,0.616972638000974,0.616959328191423,0.0315697560420825
7.671375,0.616868173106225,0.616673865477425,0.616660756167292,0.0315089773830879
7.6788125,0.61656936578854,0.616375525789138,0.616362614013493,0.0314483608274019
7.68625,0.616270991763388,0.616077617899885,0.616064900736587,0.0313879059852251
7.6936875,0.615973049992927,0.615780140776791,0.615767615345912,0.031327612464449
7.701125,0.615675539442529,0.615483093390196,0.615470756853619,0.0312674798705226
7.7085625,0.615378459080891,0.615186474713766,0.615174324274502,0.0312075078071405
7.716,0.61508180788021,0.614890283724649,0.614878316626219,0.031147695878464
7.7234375,0.614785584815996,0.614594519403305,0.614582732929095,0.0310880436872329
7.730875,0.614489788867057,0.614299180733487,0.614287572206194,0.0310285508345443
7.7383125,0.614194419015422,0.614004266702166,0.613992833483386,0.0309692169204512
7.74575,0.613899474246274,0.613709776299474,0.613698515789152,0.0309100415416985
7.7531875,0.613604953548264,0.613415708518989,0.613404618154809,0.0308510242966742
7.760625,0.613310855913306,0.613122062357549,0.613111139614337,0.0307921647822118
7.7680625,0.613017180336554,0.612828836815225,0.612818079204406,0.030733462594168
7.7755,0.612723925816365,0.612536030895289,0.612525435964484,0.0306749173270893
7.7829375,0.612431091354157,0.612243643604073,0.612233208936628,0.0306165285735904
7.790375,0.612138675954714,0.611951673951262,0.61194139716569,0.0305582959263528
7.7978125,0.61184667862606,0.611660120949769,0.611649999699179,0.0305002189779691
7.80525,0.611555098379395,0.611368983615683,0.611359015587253,0.030442297319655
7.8126875,0.611263934229088,0.611078260968249,0.61106844388285,0.0303845305420269
7.820125,0.610973185192527,0.61078795202973,0.610778283641476,0.0303269182341914
7.8275625,0.610682850290325,0.610498055825608,0.61048853392139,0.0302694599849662
7.835,0.610392928546318,0.610208571384571,0.610199193783501,0.0302121553830581
7.8424375,0.610103418987466,0.609919497738425,0.609910262291325,0.0301550040166187
7.849875,0.609814320643835,0.609630833922077,0.609621738511139,0.0300980054729783
7.8573125,0.609525632548512,0.609342578973445,0.609333621511764,0.0300411593385119
7.86475,0.609237353737648,0.609054731933505,0.609045910364731,0.0299844651996395
7.8721875,0.6089494832506,0.608767291846427,0.608758604144215,0.0299279226420479
7.879625,0.608662020129794,0.608480257759437,0.608471701926954,0.0298715312516018
7.8870625,0.608374963420706,0.60819362872281,0.608185202792422,0.0298152906133886
7.8945,0.608088312171819,0.607907403789814,0.60789910582262,0.0297592003119629
7.9019375,0.60780206543456,0.607621582016653,0.607613410102212,0.0297032599316793
7.909375,0.607516222263513,0.607336162462676,0.607328114718495,0.0296474690569148
7.9168125,0.607230781716285,0.607051144190246,0.607043218761289,0.0295918272715578
7.92425,0.606945742853478,0.606766526264712,0.606758721323122,0.0295363341596078
7.9316875,0.60666110473867,0.606482307754388,0.60647462149903,0.0294809893043091
7.939125,0.60637686643831,0.606198487730448,0.606190918386666,0.0294257922894836
7.9465625,0.606093027021914,0.605915065267126,0.605907611086302,0.0293707426980427
7.954,0.605809585561992,0.605632039441633,0.605624698700695,0.0293158401136084
7.9614375,0.605526541133992,0.605349409334112,0.60534218033528,0.0292610841191365
7.968875,0.605243892816293,0.605067174027626,0.605060055097978,0.0292064742978937
7.9763125,0.604961639690107,0.604785332608059,0.604778322099283,0.0291520102326803
7.98375,0.604679780839603,0.60450388416424,0.604496980452291,0.0290976915072738
7.9911875,0.604398315351915,0.604222827787951,0.604216029272548,0.0290435177045856
7.998625,0.604117242317059,0.603942162573849,0.603935467678239,0.0289894884079489
8.0060625,0.603836560827934,0.603661887619459,0.603655294790025,0.0289356032006527
8.0135,0.603556269980253,0.603382002025109,0.603375509731083,0.0288818616662523
8.0209375,0.603276368872563,0.603102504893949,0.603096111627182,0.0288282633886805
8.028375,0.602996856606347,0.602823395332052,0.602817099606502,0.0287748079517147
8.0358125,0.602717732285925,0.602544672448318,0.602538472799826,0.0287214949395986
8.04325,0.602438995018437,0.602266335354461,0.602260230340393,0.028668323935821
8.0506875,0.602160643913821,0.601988383164969,0.601982371363914,0.0286152945255358
8.058125,0.601882678084751,0.601710814997059,0.601704895008669,0.0285624062936973
8.0655625,0.601605096646787,0.601433629970823,0.60142780041532,0.0285096588252154
8.073,0.601327898718284,0.601156827209133,0.601151086727085,0.0284570517055549
8.0804375,0.601051083420361,0.60088040583762,0.600874753089628,0.0284045845201364
8.087875,0.6007746498769,0.600604364984659,0.600598798651033,0.0283522568547356
8.0953125,0.600498597214459,0.600328703781285,0.600323222561932,0.0283000682965939
8.10275,0.600222924562407,0.600053421361336,0.600048023975309,0.0282480184324863
8.1101875,0.599947631052868,0.599778516861393,0.599773202046659,0.0281961068495207
8.117625,0.599672715820683,0.599503989420744,0.599498755933907,0.0281443331348052
8.1250625,0.599398178003407,0.599229838181373,0.599224684797353,0.0280926968765138
8.1325,0.599124016741237,0.598956062287892,0.598950987799818,0.0280411976636641
8.1399375,0.598850231177086,0.598682660887618,0.598677664106446,0.0279898350855401
8.147375,0.598576820456593,0.598409633130581,0.598404712884849,0.0279386087315814
8.1548125,0.598303783728064,0.598136978169467,0.598132133305049,0.0278875181914273
8.16225,0.598031120142465,0.59786469515961,0.597859924539401,0.0278365630554944
8.1696875,0.597758828853382,0.597592783258948,0.597588085762749,0.0277857429148876
8.177125,0.597486909017023,0.597321241628019,0.597316616152238,0.0277350573623769
8.1845625,0.597215359792284,0.597050069430051,0.59704551488743,0.0276845059897335
8.192,0.596944180340686,0.596779265830876,0.596774781150282,0.027634088389572
8.1994375,0.596673369826356,0.596508829998922,0.596504414125041,0.0275838041549958
8.206875,0.596402927416008,0.59623876110519,0.596234412998409,0.0275336528799741
8.2143125,0.596132852278911,0.595969058323212,0.595964776959367,0.0274836341604967
8.22175,0.595863143586966,0.595699720829151,0.595695505199264,0.0274337475913988
8.2291875,0.59559380051466,0.595430747801739,0.595426596911825,0.0273839927688035
8.236625,0.595324822239035,0.595162138422253,0.595158051293025,0.0273343692886341
8.2440625,0.595056207939684,0.594893891874502,0.59488986754126,0.0272848767483014
8.2515,0.594787956798697,0.594626007344777,0.594622044857181,0.0272355147469039
8.2589375,0.594520068000736,0.594358484021931,0.594354582443758,0.0271862828830294
8.266375,0.594252540733011,0.594091321097348,0.594087479506319,0.0271371807562648
8.2738125,0.593985374185239,0.593824517764912,0.593820735252404,0.0270882079662638
8.28125,0.593718567549639,0.593558073220994,0.593554348891933,0.0270393641138789
8.2886875,0.593452120020898,0.593291986664413,0.593288319637062,0.0269906488009175
8.296125,0.593186030796196,0.593026257296465,0.59302264670222,0.0269420616312743
8.3035625,0.592920299075225,0.592760884320952,0.592757329304167,0.0268936022077559
8.311,0.592654924060139,0.592495866944126,0.592492366661845,0.0268452701337463
8.3184375,0.59238990495555,0.592231204374681,0.592227757996531,0.0267970650139171
8.325875,0.592125240968501,0.591966895823724,0.591963502531722,0.0267489864541615
8.3333125,0.591860931308462,0.591702940504771,0.591699599493136,0.0267010340621265
8.34075,0.59159697518737,0.5914393376338,0.591436048108804,0.0266532074448822
8.3481875,0.591333371819587,0.591176086429199,0.591172847608899,0.0266055062102089
8.355625,0.591070120421882,0.590913186111752,0.590909997225726,0.0265579299665308
8.3630625,0.590807220213421,0.59065063590462,0.59064749619445,0.0265104783238268
8.3705,0.590544670415738,0.590388435033315,0.590385343751307,0.0264631508939184
8.3779375,0.590282470252789,0.590126582725761,0.590123539135737,0.0264159472883607
8.385375,0.590020618950909,0.589865078212252,0.589862081589211,0.0263688671193085
8.3928125,0.589759115738801,0.589603920725433,0.589600970354773,0.0263219099996714
8.40025,0.589497959847521,0.589343109500291,0.589340204678166,0.0262750755433361
8.4076875,0.589237150510451,0.589082643774113,0.589079783807604,0.0262283633664984
8.415125,0.588976686963334,0.58882252278654,0.588819706992819,0.0261817730858427
8.4225625,0.588716568444262,0.588562745779551,0.588559973485774,0.0261353043177648
8.43,0.588456794193642,0.58830331199743,0.588300582541272,0.026088956679593
8.4374375,0.588197363454198,0.58804422068676,0.588041533415729,0.0260427297897881
8.444875,0.58793827547094,0.587785471096391,0.587782825367367,0.0259966232686981
8.4523125,0.587679529491183,0.587527062477461,0.587524457657369,0.025950636738159
8.45975,0.587421124764547,0.58726899408341,0.587266429548775,0.0259047698191628
8.4671875,0.587163060542932,0.587011265169944,0.587008740306194,0.0258590221338784
8.474625,0.58690533608051,0.586753874995022,0.586751389196955,0.0258133933056071
8.4820625,0.586647950633702,0.586496822818842,0.586494375490651,0.0257678829586494
8.4895,0.586390903461178,0.586240107903825,0.586237698458349,0.0257224907201703
8.4969375,0.586134193823874,0.585983729514657,0.585981357373406,0.025677216215958
8.504375,0.585877820984969,0.58572768691825,0.585725351511838,0.0256320590732217
8.5118125,0.585621784209865,0.58547197938373,0.585469680151179,0.0255870189198371
8.51925,0.585366082766182,0.585216606182423,0.585214342570819,0.0255420953847674
8.5266875,0.585110715923735,0.584961566587827,0.584959338053007,0.025497288100107
8.534125,0.584855682954569,0.584706859875665,0.5847046658817,0.0254525966970176
8.5415625,0.584600983132926,0.584452485323845,0.584450325342426,0.0254080208074825
8.549,0.584346615735232,0.584198442212448,0.584196315723437,0.0253635600642177
8.5564375,0.584092580040094,0.583944729823716,0.583942636315049,0.0253192141013603
8.563875,0.583838875328273,0.58369134744203,0.583689286409015,0.0252749825554455
8.5713125,0.583585500882709,0.583438294353934,0.583436265299439,0.0252308650631194
8.57875,0.583332455988504,0.583185569848129,0.583183572282885,0.0251868612614725
8.5861875,0.583079739932905,0.582933173215446,0.582931206657359,0.0251429707886386
8.593625,0.582827352005295,0.582681103748842,0.582679167722784,0.0250991932829292
8.6010625,0.582575291497184,0.582429360743374,0.582427454781805,0.025055528386031
8.6085,0.582323557702202,0.58217794349621,0.582176067138652,0.025011975740119
8.6159375,0.582072149916111,0.58192685130664,0.581925004099141,0.0249685349875906
8.623375,0.581821067436776,0.581676083476047,0.581674264971784,0.0249252057712646
8.6308125,0.581570309564161,0.5814256393079,0.581423849066974,0.0248819877351592
8.63825,0.581319875600318,0.581175518107735,0.581173755696522,0.0248388805250022
8.6456875,0.581069764849375,0.580925719183146,0.580923984174625,0.0247958837891193
8.653125,0.580819976617555,0.580676241843817,0.580674533817748,0.0247529971747262
8.6605625,0.580570510213145,0.580427085401487,0.580425403943738,0.0247102203300598
8.668,0.580321364946493,0.580178249169939,0.580176593872413,0.0246675529044671
8.6754375,0.580072540129996,0.579929732464992,0.579928102926163,0.0246249945482946
8.682875,0.57982403507809,0.579681534604481,0.579679930428859,0.0245825449150638
8.6903125,0.579575849107261,0.579433654908286,0.579432075705981,0.0245402036576747
8.69775,0.579327981536029,0.579186092698307,0.579184538085649,0.0244979704296933
8.7051875,0.579080431684931,0.578938847298454,0.578937316897701,0.024455844885507
8.712625,0.578833198876519,0.578691918034635,0.578690411473384,0.0244138266805694
8.7200625,0.578586282435347,0.57844530423474,0.578443821146349,0.0243719154732869
8.7275,0.578339681687978,0.578199005228653,0.578197545252327,0.0243301109225547
8.7349375,0.57809339596297,0.577953020348252,0.577951583128385,0.0242884126869125
8.742375,0.577847424590866,0.577707348927384,0.577705934113611,0.0242468204260327
8.7498125,0.577601766904184,0.577461990301858,0.577460597549503,0.0242053338009418
8.75725,0.57735642223741,0.577216943809434,0.577215572778949,0.0241639524743986
8.7646875,0.577111389926996,0.576972208789818,0.576970859146483,0.0241226761110935
8.772125,0.576866669311357,0.57672778458468,0.576726455999298,0.0240815043750731
8.7795625,0.576622259730856,0.57648367053762,0.576482362685712,0.0240404369314717
8.787,0.576378160527793,0.576239865994167,0.576238578556252,0.0239994734462456
8.7944375,0.576134371046402,0.575996370301768,0.575995102963217,0.0239586135867942
8.801875,0.575890890632848,0.575753182809772,0.575751935260746,0.0239178570240028
8.8093125,0.575647718635216,0.575510302869457,0.575509074804817,0.0238772034269807
8.81675,0.57540485440351,0.575267729834,0.575266520953235,0.0238366524660139
8.8241875,0.575162297289636,0.575025463058471,0.575024273065632,0.023796203812676
8.831625,0.574920046647396,0.574783501899822,0.574782330503457,0.0237558571396068
8.8390625,0.574678101832483,0.574541845716875,0.574540692629976,0.0237156121219773
8.8465,0.574436462202486,0.574300493870336,0.574299358810263,0.0236754684352469
8.8539375,0.574195127116867,0.574059445722785,0.574058328411193,0.023635425754831
8.861375,0.573954095936961,0.573818700638653,0.573817600801436,0.0235954837577879
8.8688125,0.573713368025964,0.573578257984228,0.573577175351448,0.0235556421213534
8.87625,0.573472942748929,0.573338117127627,0.57333705143347,0.0235159005261387
8.8836875,0.573232819472765,0.573098277438818,0.57309722842152,0.0234762586529547
8.891125,0.572992997566227,0.572858738289604,0.572857705691383,0.023436716183034
8.8985625,0.572753476399904,0.572619499053615,0.572618482620614,0.023397272798098
8.906,0.572514255346214,0.572380559106296,0.572379558588524,0.0233579281810004
8.9134375,0.572275333779397,0.572141917824895,0.572140932976178,0.0233186820167486
8.920875,0.572036711075518,0.571903574588468,0.571902605166389,0.0232795339923264
8.9283125,0.571798386612449,0.571665528777879,0.571664574543712,0.0232404837938294
8.93575,0.57156035976987,0.571427779775782,0.571426840494436,0.0232015311086631
8.9431875,0.571322629929251,0.571190326966617,0.571189402406588,0.023162675624544
8.950625,0.571085196473854,0.570953169736595,0.570952259669918,0.0231239170316089
8.9580625,0.570848058788728,0.570716307473697,0.570715411675898,0.0230852550218374
8.9655,0.570611216260705,0.57047973956768,0.570478857817713,0.0230466892872316
8.9729375,0.570374668278381,0.570243465410061,0.570242597490253,0.023008219519971
8.980375,0.570138414232119,0.570007484394109,0.570006630090113,0.0229698454133898
8.9878125,0.569902453514037,0.569771795914835,0.569770955015582,0.0229315666620211
8.99525,0.569666785518009,0.569536399368984,0.569535571666641,0.0228933829636846
9.0026875,0.569431409639658,0.569301294155046,0.569300479444954,0.0228552940152671
9.010125,0.569196325276342,0.569066479673238,0.569065677753867,0.0228172995145215
9.0175625,0.568961531827152,0.5688319553255,0.568831165998396,0.022779399159778
9.025,0.568727028692903,0.568597720515482,0.568596943585228,0.0227415926508989
9.0324375,0.568492815276133,0.568363774648537,0.568363009922713,0.0227038796897006
9.039875,0.568258890981097,0.568130117131727,0.568129364420856,0.0226662599792427
9.0473125,0.568025255213757,0.567896747373815,0.567896006491318,0.0226287332225183
9.05475,0.567791907381775,0.567663664785252,0.567662935547406,0.0225912991228983
9.0621875,0.567558846894507,0.567430868778172,0.567430151004073,0.0225539573853517
9.069625,0.567326073162996,0.567198358766382,0.567197652277905,0.0225167077161137
9.0770625,0.567093585599977,0.566966134165362,0.566965438787116,0.0224795498241281
9.0845,0.566861383619859,0.566734194392263,0.566733509951547,0.0224424834171399
9.0919375,0.566629466638719,0.566502538865899,0.566501865192655,0.0224055082037822
9.099375,0.566397834074301,0.566271167006733,0.566270503933514,0.022368623894109
9.1068125,0.566166485346004,0.566040078236873,0.566039425598802,0.0223318301991293
9.11425,0.565935419874885,0.565809271980066,0.565808629614802,0.0222951268326499
9.1216875,0.56570463708365,0.565578747661704,0.565578115409395,0.0222585135079889
9.129125,0.565474136396645,0.565348504708808,0.565347882412051,0.0222219899390419
9.1365625,0.565243917239845,0.565118542550023,0.56511793005383,0.0221855558403483
9.144,0.565013979040855,0.56488886061561,0.564888257767372,0.0221492109276689
9.1514375,0.56478432122891,0.564659458337435,0.564658864986894,0.0221129549202725
9.158875,0.564554943234863,0.564430335148981,0.564429751148188,0.0220767875363181
9.1663125,0.564325844491174,0.564201490485335,0.564200915688612,0.0220407084944974
9.17375,0.564097024431911,0.563972923783172,0.563972358047086,0.0220047175149896
9.1811875,0.563868482492738,0.563744634480759,0.563744077664084,0.021968814318396
9.188625,0.563640218110915,0.563516622017943,0.56351607398163,0.0219329986274053
9.1960625,0.563412230725298,0.563288885836149,0.563288346443292,0.0218972701665487
9.2035,0.563184519776323,0.563061425378382,0.563060894494179,0.0218616286595807
9.2109375,0.562957084706,0.562834240089211,0.562833717580934,0.0218260738310327
9.218375,0.562729924957907,0.562607329414766,0.562606815151728,0.0217906054064576
9.2258125,0.562503039977194,0.562380692802728,0.562380186656259,0.0217552231133622
9.23325,0.562276429210573,0.562154329702326,0.56215383154574,0.0217199266811852
9.2406875,0.562050092106311,0.561928239564345,0.561927749272902,0.0216847158386102
9.248125,0.561824028114221,0.561702421841103,0.561701939291984,0.0216495903150538
9.2555625,0.56159823668566,0.561476875986454,0.561476401058727,0.0216145498409981
9.263,0.561372717273519,0.561251601455773,0.561251134030378,0.0215795941485464
9.2704375,0.561147469332231,0.561026597705959,0.561026137665676,0.0215447229714449
9.277875,0.560922492317757,0.560801864195434,0.560801411424853,0.0215099360440396
9.2853125,0.560697785687572,0.560577400384132,0.560576954769621,0.0214752331002765
9.29275,0.560473348900671,0.56035320573349,0.560352767163173,0.0214406138756784
9.3001875,0.560249181417556,0.560129279706446,0.560128848070176,0.0214060781061898
9.307625,0.560025282700241,0.559905621767431,0.559905196956765,0.021371625530775
9.3150625,0.559801652212242,0.559682231382369,0.559681813290539,0.0213372558886871
9.3225,0.559578289418567,0.559459108018673,0.559458696540558,0.0213029689186239
9.3299375,0.55935519378571,0.559236251145235,0.559235846177335,0.0212687643605936
9.337375,0.55913236478165,0.559013660232417,0.559013261672833,0.0212346419556475
9.3448125,0.558909801875847,0.55879133475205,0.558790942500458,0.0212006014463695
9.35225,0.558687504539243,0.558569274177431,0.558568888135059,0.0211666425773194
9.3596875,0.558465472244241,0.558347477983321,0.558347098052916,0.0211327650920579
9.367125,0.558243704464706,0.558125945645931,0.558125571731747,0.0210989687353225
9.3745625,0.558022200675962,0.55790467664292,0.557904308650695,0.021065253252317
9.382,0.557800960354786,0.557683670453391,0.557683308290322,0.0210316183903769
9.3894375,0.557579982979409,0.557462926557881,0.55746257013261,0.0209980638984142
9.396875,0.557359268029504,0.557242444438369,0.55724209366095,0.0209645895248967
9.4043125,0.557138814986177,0.55702222357826,0.557021878360138,0.0209311950191804
9.41175,0.556918623331968,0.556802263462383,0.556801923716375,0.0208978801309989
9.4191875,0.556698692550841,0.55658256357698,0.556582229217256,0.0208646446117511
9.426625,0.556479022128194,0.556363123409707,0.556362794351771,0.0208314882152338
9.4340625,0.556259611550837,0.556143942449634,0.556143618610296,0.020798410694467
9.4415,0.556040460306992,0.555925020187233,0.55592470148459,0.0207654118031808
9.4489375,0.555821567886288,0.555706356114376,0.555706042467791,0.0207324912959717
9.456375,0.555602933779756,0.555487949724324,0.555487641054413,0.020699648928213
9.4638125,0.555384557479827,0.555269800511726,0.555269496740335,0.0206668844578095
9.47125,0.55516643848033,0.555051907972617,0.555051609022806,0.0206341976429769
9.4786875,0.554948576276477,0.554834271604418,0.554833977400438,0.02060158824162
9.486125,0.554730970364864,0.554616890905917,0.554616601373198,0.0205690560127758
9.4935625,0.55451362024346,0.554399765377272,0.554399480442405,0.0205366007163699
9.501,0.554296525411615,0.554182894520006,0.554182614110722,0.0205042221138152
9.5084375,0.55407968537005,0.553966277837,0.553966001882158,0.0204719199683678
9.515875,0.553863099620848,0.553749914832495,0.553749643262057,0.0204396940425289
9.5233125,0.553646767667446,0.553533805012084,0.553533537757097,0.0204075440993323
9.53075,0.55343068901464,0.5533179478827,0.553317684875285,0.020375469903211
9.5381875,0.553214863168569,0.553102342952618,0.553102084125951,0.0203434712193307
9.545625,0.552999289636734,0.552886989731447,0.552886735019747,0.0203115478157434
9.5530625,0.552783967927963,0.552671887730137,0.552671637068639,0.0202796994591248
9.5605,0.552568897552425,0.552457036460959,0.552456789785905,0.0202479259169719
9.5679375,0.552354078021613,0.552242435437508,0.552242192686129,0.0202162269576256
9.575375,0.552139508848351,0.552028084174696,0.5520278452852,0.0201846023507146
9.5828125,0.55192518954679,0.551813982188745,0.551813747100306,0.0201530518679105
9.59025,0.551711119632397,0.551600128997193,0.551599897649931,0.0201215752806627
9.5976875,0.551497298621948,0.551386524118879,0.551386296453849,0.0200901723606872
9.605125,0.551283726033527,0.551173167073943,0.551172943033119,0.0200588428807214
9.6125625,0.551070401386522,0.550960057383819,0.550959836910079,0.0200275866143018
9.62,0.550857324201621,0.55074719457123,0.550746977608345,0.0199964033364974
9.6274375,0.550644494000814,0.550534578160187,0.550534364652806,0.0199652928238647
9.634875,0.550431910307373,0.550322207675988,0.550321997569619,0.0199342548519388
9.6423125,0.550219572645859,0.550110082645204,0.550109875886204,0.0199032891976758
9.64975,0.550007480542107,0.549898202595679,0.549897999131242,0.0198723956384317
9.6571875,0.549795633523238,0.549686567056523,0.549686366834668,0.0198415739534274
9.664625,0.549584031117646,0.549475175558116,0.54947497852767,0.0198108239229056
9.6720625,0.549372672854993,0.549264027632096,0.549263833742683,0.0197801453273527
9.6795,0.5491615582662,0.54905312281136,0.549052932013385,0.0197495379472334
9.6869375,0.548950686883449,0.548842460630052,0.548842272874697,0.019719001564189
9.694375,0.548740058240173,0.548632040623562,0.548631855862776,0.0196885359608157
9.7018125,0.548529671871068,0.548421862328526,0.54842168051501,0.0196581409217078
9.70925,0.548319527312072,0.548211925282818,0.548211746370013,0.01962781623146
9.7166875,0.548109624100362,0.54800222902555,0.548002052967622,0.019597561674578
9.724125,0.547899961774351,0.547792773097061,0.547792599848894,0.0195673770364779
9.7315625,0.547690539873686,0.547583557038913,0.547583386556097,0.0195372621032863
9.739,0.547481357939253,0.547374580393891,0.547374412632714,0.0195072166641275
9.7464375,0.547272415513159,0.547165842706002,0.547165677623432,0.0194772405070154
9.753875,0.547063712138729,0.546957343520466,0.546957181074141,0.019447333420608
9.7613125,0.546855247360507,0.546749082383711,0.546748922531931,0.0194174951942072
9.76875,0.546647020724246,0.546541058843366,0.546540901545086,0.0193877256182029
9.7761875,0.546439031776913,0.546333272448266,0.546333117663078,0.0193580244843838
9.783625,0.546231280066682,0.54612572274844,0.546125570436572,0.0193283915855158
9.7910625,0.546023765142925,0.545918409295115,0.545918259417413,0.0192988267140315
9.7985,0.545816486556208,0.545711331640706,0.545711184158629,0.0192693296629853
9.8059375,0.545609443858288,0.545504489338809,0.545504344214424,0.0192399002263421
9.813375,0.545402636602113,0.5452978819442,0.545297739140173,0.0192105381996432
9.8208125,0.545196064341821,0.545091509012836,0.545091368492416,0.0191812433795402
9.82825,0.544989726632725,0.544885370101847,0.54488523182886,0.0191520155620628
9.8356875,0.544783623031314,0.544679464769533,0.544679328708369,0.0191228545443956
9.843125,0.544577753095249,0.544473792575356,0.544473658690965,0.0190937601241892
9.8505625,0.544372116383356,0.544268353079937,0.544268221337821,0.0190647320998716
9.858,0.544166712455637,0.544063145845057,0.544063016211257,0.0190357702724686
9.8654375,0.543961540873247,0.543858170433652,0.543858042874741,0.0190068744417182
9.872875,0.543756601198499,0.543653426409806,0.54365330089288,0.0189780444085352
9.8803125,0.543551892994855,0.543448913338751,0.543448789831417,0.0189492799739899
9.88775,0.543347415826925,0.543244630786854,0.543244509257231,0.0189205809401294
9.8951875,0.543143169260472,0.543040578321624,0.543040458738329,0.0188919471111326
9.902625,0.5429391528624,0.542836755511703,0.54283663784385,0.0188633782913117
9.9100625,0.542735366200744,0.542633161926868,0.542633046143608,0.0188348742846456
9.9175,0.542531808844672,0.542429797138019,0.542429683210196,0.0188064348956685
9.9249375,0.542328480364483,0.542226660717173,0.542226548614786,0.018778059930713
9.932375,0.542125380331603,0.542023752237474,0.542023641931888,0.0187497491962896
9.9398125,0.541922508318585,0.541821071273175,0.541820962735718,0.0187215025009735
9.94725,0.541719863899095,0.541618617399647,0.54161851060216,0.0186933196524741
9.9546875,0.541517446647912,0.541416390193366,0.541416285108489,0.0186652004588561
9.962125,0.541315256140926,0.541214389231909,0.541214285831951,0.0186371447292499
9.9695625,0.541113291955134,0.541012614093955,0.541012512352795,0.0186091522741405
9.977,0.540911553668644,0.540811064359279,0.540810964249751,0.0185812229053006
9.9844375,0.540710040860658,0.540609739608751,0.540609641105823,0.0185533564340368
9.991875,0.540508753111474,0.540408639424331,0.54040854250148,0.0185255526722772
9.9993125,0.540307690002478,0.540207763389063,0.540207668022141,0.0184978114323275
10.00675,0.540106851116148,0.540007111087071,0.540007017250385,0.0184701325277814
10.0141875,0.539906236036052,0.539806682103558,0.539806589773618,0.0184425157737422
10.021625,0.53970584434684,0.539606476024806,0.539606385176916,0.0184149609852913
10.0290625,0.539505675634231,0.539406492438165,0.539406403049302,0.0183874679776208
10.0365,0.539305729485024,0.539206730932056,0.539206642978622,0.0183600365665448
10.0439375,0.539106005487084,0.539007191095958,0.539007104555285,0.0183326665688543
10.051375,0.538906503229349,0.538807872520415,0.538807787370039,0.018305357802717
10.0588125,0.538707222301822,0.538608774797026,0.538608691014586,0.0182781100870111
10.06625,0.538508162295562,0.538409897518449,0.538409815082576,0.0182509232400374
10.0736875,0.538309322802684,0.538211240278388,0.538211159167044,0.0182237970810961
10.081125,0.538110703416354,0.538012802671593,0.538012722864412,0.018196731429998
10.0885625,0.537912303730793,0.537814584293857,0.537814505769211,0.0181697261080194
10.096,0.537714123341268,0.537616584742016,0.537616507480382,0.0181427809373691
10.1034375,0.537516161844089,0.537418803613939,0.537418727594242,0.018115895739923
10.110875,0.537318418836601,0.537221240508534,0.537221165711882,0.0180890703382008
10.1183125,0.537120893917184,0.537023895025731,0.537023821431788,0.018062304555122
10.12575,0.536923586685253,0.536826766766488,0.536826694356795,0.0180355982150271
10.1331875,0.536726496741256,0.536629855332788,0.536629784087888,0.0180089511434334
10.140625,0.536529623686663,0.536433160327635,0.536433090229349,0.0179823631652143
10.1480625,0.536332967123968,0.536236681355046,0.536236612384868,0.0179558341064867
10.1555,0.536136526656678,0.536040418020051,0.536040350160003,0.0179293637933453
10.1629375,0.535940301889316,0.535844369928691,0.535844303161232,0.0179029520526397
10.170375,0.535744292427425,0.535648536688009,0.535648470995345,0.0178765987131513
10.1778125,0.535548497877557,0.535452917906057,0.535452853271559,0.0178503036035282
10.18525,0.535352917847262,0.535257513191884,0.535257449597982,0.0178240665523743
10.1926875,0.535157551945095,0.535062322155536,0.5350622595864,0.0177978873891593
10.200125,0.534962399780606,0.534867344408048,0.534867282846443,0.0177717659438414
10.2075625,0.534767460964348,0.534672579561447,0.534672518992176,0.0177457020479999
10.215,0.534572735107868,0.53447802722875,0.534477967635074,0.0177196955334358
10.2224375,0.534378221823697,0.534283687023955,0.5342836283911,0.0176937462320836
10.229875,0.53418392072535,0.53408955856204,0.534089500873936,0.0176678539762776
10.2373125,0.533989831427325,0.53389564145896,0.533895584701085,0.0176420185988624
10.24475,0.533795953545104,0.53370193533164,0.533701879488707,0.0176162399345925
10.2521875,0.533602286695145,0.533508439797982,0.533508384855609,0.0175905178180003
10.259625,0.533408830494881,0.533315154476853,0.533315100420581,0.0175648520843508
10.2670625,0.533215584562707,0.533122078988086,0.533122025803618,0.0175392425686871
10.2745,0.53302254851799,0.532929212952471,0.532929160626168,0.0175136891075178
10.2819375,0.532829721981057,0.532736555991757,0.532736504509423,0.0174881915371516
10.289375,0.532637104573204,0.53254410772865,0.532544057077396,0.0174627496962287
10.2968125,0.532444695916681,0.532351867786808,0.532351817952602,0.0174373634225233
10.30425,0.532252495634688,0.532159835790839,0.532159786761415,0.0174120325544314
10.3116875,0.532060503351378,0.531968011366293,0.531967963127908,0.0173867569305486
10.319125,0.53186871869185,0.531776394139664,0.5317763466805,0.0173615363907142
10.3265625,0.531677141282155,0.531584983738384,0.531584937045166,0.0173363707760554
10.334,0.531485770749284,0.531393779790826,0.531393733851994,0.0173112599275438
10.3414375,0.531294606721166,0.531202781926296,0.53120273672918,0.0172862036861954
10.348875,0.531103648826664,0.531011989775027,0.531011945308183,0.0172612018939811
10.3563125,0.530912896695569,0.530821402968181,0.530821359219638,0.0172362543929161
10.36375,0.530722349958614,0.530631021137844,0.530630978096192,0.0172113610270808
10.3711875,0.530532008247455,0.530440843917026,0.530440801571018,0.0171865216402445
10.378625,0.530341871194669,0.530250870939655,0.530250829277888,0.017161736076643
10.3860625,0.530151938433755,0.530061101840573,0.530061060852493,0.0171370041805563
10.3935,0.529962209599128,0.529871536255537,0.529871495929784,0.0171123257972861
10.4009375,0.52977268432612,0.529682173821209,0.529682134147839,0.0170877007729997
10.408375,0.529583362250978,0.529493014175163,0.529492975142949,0.0170631289545975
10.4158125,0.529394243010857,0.529304056955878,0.529304018555341,0.0170386101890463
10.42325,0.529205326243817,0.52911530180273,0.529115264022917,0.0170141443236682
10.4306875,0.529016611588818,0.528926748355996,0.528926711187719,0.0169897312060519
10.438125,0.528828098685722,0.528738396256843,0.528738359689593,0.0169653706850292
10.4455625,0.528639787175295,0.528550245147339,0.528550209172054,0.0169410626101874
10.453,0.528451676699195,0.528362294670435,0.528362259277165,0.0169168068316683
10.4604375,0.528263766899969,0.528174544469973,0.528174509649669,0.0168926031990813
10.467875,0.528076057421051,0.527986994190679,0.52798695993401,0.0168684515627904
10.4753125,0.527888547906765,0.527799643478153,0.527799609776033,0.0168443517744032
10.48275,0.527701238002318,0.527612491978883,0.527612458822611,0.0168203036857273
10.4901875,0.5275141273538,0.527425539340226,0.527425506720672,0.0167963071499466
10.497625,0.527327215608177,0.527238785210416,0.527238753119463,0.0167723620192461
10.5050625,0.527140502413286,0.527052229238556,0.527052197667083,0.0167484681467656
10.5125,0.526953987417838,0.526865871074614,0.526865840014986,0.0167246253859776
10.5199375,0.526767670271415,0.526679710369423,0.526679679812642,0.0167008335921981
10.527375,0.52658155062447,0.52649374677468,0.526493716713442,0.0166770926204318
10.5348125,0.526395628128313,0.52630797994294,0.526307950368521,0.0166534023259279
10.54225,0.526209902435118,0.526122409527615,0.52612238043287,0.0166297625645573
10.5496875,0.526024373197913,0.52593703518297,0.525937006559598,0.0166061731920131
10.557125,0.525839040070587,0.525751856564118,0.525751828405,0.0165826340658981
10.5645625,0.525653902707882,0.525566873327024,0.525566845624377,0.0165591450441038
10.572,0.525468960765391,0.5253820851285,0.52538205787514,0.0165357059842552
10.5794375,0.52528421389955,0.525197491626196,0.525197464814897,0.0165123167448877
10.586875,0.525099661767641,0.525013092478607,0.525013066102092,0.0164889771845145
10.5943125,0.524915304027788,0.524828887345061,0.524828861396649,0.0164656871622038
10.60175,0.52473114033896,0.524644875885722,0.52464485035807,0.0164424465390667
10.6091875,0.52454717036096,0.524461057761591,0.524461032648496,0.0164192551753484
10.616625,0.524363393754425,0.524277432634494,0.524277407928613,0.016396112931738
10.6240625,0.524179810180819,0.524094000167087,0.524093975862584,0.0163730196691692
10.6315,0.523996419302439,0.523910760022846,0.523910736112506,0.0163499752493301
10.6389375,0.523813220782411,0.523727711866072,0.523727688344272,0.0163269795355081
10.646375,0.523630214284684,0.523544855361886,0.523544832221693,0.0163040323906571
10.6538125,0.523447399474027,0.523362190176227,0.523362167412073,0.0162811336775759
10.66125,0.523264776016027,0.523179715975844,0.5231796935812,0.0162582832600622
10.6686875,0.523082343577084,0.522997432428301,0.522997410397546,0.0162354810020471
10.676125,0.522900101824417,0.522815339201968,0.522815317529052,0.0162127267686607
10.6835625,0.522718050426058,0.522633435966024,0.522633414645213,0.0161900204255661
10.691,0.522536189050843,0.522451722390454,0.522451701416191,0.0161673618382929
10.6984375,0.522354517368414,0.522270198146041,0.522270177512469,0.0161447508725265
10.705875,0.522173035049215,0.522088862904369,0.5220888426064,0.0161221873949513
10.7133125,0.521991741764492,0.521907716337816,0.521907696369512,0.0160996712724293
10.72075,0.521810637186296,0.521726758119557,0.521726738476218,0.0160772023734435
10.7281875,0.521629720987469,0.521545987923559,0.521545968599254,0.0160547805656774
10.735625,0.521448992841644,0.521365405424576,0.521365386414868,0.0160324057173034
10.7430625,0.521268452423246,0.521185010298151,0.521184991597252,0.0160100776971817
10.7505,0.521088099407487,0.521004802220607,0.521004783824192,0.0159877963744393
10.7579375,0.520907933470372,0.520824780869053,0.520824762771625,0.0159655616193799
10.765375,0.520727954288688,0.520644945921378,0.520644928118584,0.0159433733026848
10.7728125,0.520548161539998,0.520465297056244,0.520465279542977,0.0159212312947243
10.78025,0.520368554902645,0.520285833953093,0.520285816724887,0.0158991354661797
10.7876875,0.520189134055747,0.520106556292133,0.520106539344322,0.0158770856886203
10.795125,0.520009898679203,0.519927463754345,0.519927447082317,0.0158550818345482
10.8025625,0.519830848453681,0.519748556021477,0.519748539621006,0.0158331237770426
10.81,0.519651983060616,0.519569832776045,0.519569816642381,0.0158112113885389
10.8174375,0.519473302182209,0.519391293701325,0.519391277830634,0.0157893445420498
10.824875,0.519294805501423,0.519212938481351,0.519212922868807,0.0157675231113208
10.8323125,0.51911649270199,0.519034766800919,0.519034751442992,0.0157457469709188
10.83975,0.5189383634684,0.518856778345577,0.518856763237468,0.0157240159958105
10.8471875,0.5187604174859,0.518678972801633,0.518678957939978,0.0157023300611403
10.854625,0.518582654440489,0.518501349856138,0.518501335236306,0.0156806890421413
10.8620625,0.518405074018919,0.518323909196899,0.51832389481555,0.0156590928142464
10.8695,0.518227675908693,0.518146650512461,0.518146636365261,0.0156375412544207
10.8769375,0.518050459798067,0.517969573492119,0.517969559575644,0.0156160342397627
10.884375,0.517873425376039,0.517792677825912,0.517792664136196,0.015594571647215
10.8918125,0.517696572332351,0.517615963204612,0.51761594973808,0.0155731533548309
10.89925,0.517519900357483,0.517439429319735,0.517439416072824,0.0155517792398863
10.9066875,0.517343409142654,0.517263075863526,0.517263062832494,0.0155304491808783
10.914125,0.517167098379827,0.517086902528965,0.517086889710639,0.0155091630575477
10.9215625,0.516990967761695,0.516910909009765,0.516910896400265,0.0154879207489689
10.929,0.516815016981682,0.516735095000365,0.516735082596841,0.0154667221348825
10.9364375,0.516639245733943,0.516559460195932,0.516559447994441,0.0154455670951403
10.943875,0.516463653713356,0.516384004292354,0.516383992290268,0.0154244555099492
10.9513125,0.516288240615533,0.51620872698624,0.516208715179674,0.0154033872610482
10.95875,0.516113006136806,0.516033627974924,0.516033616361333,0.0153823622296878
10.9661875,0.515937949974228,0.515858706956453,0.515858695532142,0.0153613802978514
10.973625,0.515763071825568,0.515683963629591,0.515683952391973,0.0153404413471891
10.9810625,0.515588371389313,0.515509397693813,0.515509386639488,0.0153195452600619
10.9885,0.515413848364664,0.515335008849306,0.515334997975556,0.0152986919195408
10.9959375,0.51523950245154,0.515160796796964,0.515160786100745,0.0152778812100962
11.003375,0.515065333350565,0.514986761238392,0.514986750716808,0.0152571130147106
11.0108125,0.514891340763071,0.514812901875895,0.514812891526267,0.0152363872175432
11.01825,0.514717524391094,0.514639218412482,0.514639208231742,0.0152157037026424
11.0256875,0.514543883937375,0.514465710551859,0.514465700537664,0.0151950623555219
11.033125,0.514370419105363,0.514292377998435,0.514292368147592,0.0151744630615624
11.0405625,0.5141971295992,0.514119220457311,0.514119210767734,0.0151539057068995
11.048,0.514024015123727,0.513946237634285,0.513946228102742,0.0151333901771578
11.0554375,0.513851075384477,0.513773429235845,0.513773419860395,0.0151129163583841
11.062875,0.513678310087677,0.513600794969165,0.513600785746664,0.0150924841377575
11.0703125,0.51350571894025,0.513428334542111,0.513428325470635,0.0150720934028792
11.07775,0.513333301649807,0.513256047663235,0.51325603873985,0.0150517440415499
11.0851875,0.513161057924641,0.513083934041769,0.513083925264452,0.0150314359414594
11.092625,0.512988987473732,0.512911993387629,0.512911984753742,0.0150111689910082
11.1000625,0.512817090006741,0.512740225411408,0.512740216918765,0.0149909430786854
11.1075,0.512645365234012,0.512568629824376,0.512568621470672,0.0149707580939351
11.1149375,0.51247381286657,0.51239720633848,0.512397198121344,0.0149506139265565
11.122375,0.512302432616115,0.512225954666342,0.512225946583794,0.0149305104664377
11.1298125,0.512131224195017,0.512054874521251,0.512054866570752,0.0149104476034445
11.13725,0.511960187316321,0.511883965617166,0.511883957797021,0.0148904252281756
11.1446875,0.511789321693743,0.511713227668713,0.511713219976275,0.0148704432316515
11.152125,0.511618627041669,0.511542660391186,0.511542652824957,0.0148505015056921
11.1595625,0.511448103075153,0.511372263500538,0.511372256057863,0.0148305999421838
11.167,0.511277749509907,0.511202036713387,0.511202029392844,0.0148107384326579
11.1744375,0.511107566062309,0.511031979747008,0.511031972546062,0.0147909168694449
11.181875,0.510937552449395,0.510862092319333,0.510862085236516,0.0147711351452084
11.1893125,0.510767708388866,0.510692374148947,0.510692367181953,0.0147513931542553
11.19675,0.510598033599076,0.510522824955094,0.51052281810232,0.0147316907893824
11.2041875,0.510428527799031,0.510353444457666,0.51035343771709,0.01471202794463
11.211625,0.510259190708392,0.510184232377205,0.510184225747042,0.0146924045139052
11.2190625,0.510090022047467,0.510015188434898,0.510015181913438,0.0146728203916702
11.2265,0.50992102153722,0.509846312352578,0.509846305937851,0.0146532754736528
11.2339375,0.509752188899258,0.509677603852727,0.50967759754331,0.0146337696549148
11.241375,0.509583523855832,0.509509062658465,0.50950905645223,0.014614302830851
11.2488125,0.509415026129837,0.509340688493549,0.509340682389307,0.0145948748975666
11.25625,0.509246695444805,0.509172481082377,0.50917247507792,0.0145754857508784
11.2636875,0.509078531524913,0.509004440149982,0.509004434244257,0.0145561352881796
11.271125,0.508910534094974,0.508836565422031,0.508836559612858,0.0145368234065302
11.2785625,0.508742702880437,0.508668856624826,0.508668850911166,0.0145175500031902
11.286,0.508575037607381,0.508501313485297,0.508501307865117,0.0144983149755307
11.2934375,0.508407538002516,0.508333935731001,0.508333930203171,0.0144791182217219
11.300875,0.508240203793185,0.508166723090122,0.508166717652846,0.014459959640134
11.3083125,0.50807303470736,0.507999675291472,0.507999669943458,0.0144408391297368
11.31575,0.507906030473637,0.507832792064484,0.507832786804213,0.0144217565895
11.3231875,0.507739190821236,0.507666073139211,0.507666067965199,0.0144027119189483
11.330625,0.507572515479997,0.507499518246327,0.50749951315734,0.0143837050174955
11.3380625,0.507406004180382,0.507333127117122,0.507333122111496,0.0143647357849552
11.3455,0.507239656653476,0.507166899483503,0.507166894560254,0.0143458041223399
11.3529375,0.507073472630977,0.507000835077989,0.507000830235318,0.0143269099303511
11.360375,0.506907451845197,0.506834933633713,0.506834928870819,0.0143080531099127
11.3678125,0.506741594029062,0.506669194884419,0.50666919019945,0.014289233561815
11.37525,0.506575898916109,0.506503618564455,0.506503613956689,0.014270451188203
11.3826875,0.506410366240485,0.506338204408779,0.506338199876431,0.0142517058910663
11.390125,0.506244995736949,0.506172952152953,0.506172947695264,0.0142329975732602
11.3975625,0.506079787140861,0.506007861533144,0.506007857148498,0.0142143261370409
11.405,0.505914740188185,0.505842932286118,0.505842927973627,0.0141956914851082
11.4124375,0.505749854615485,0.505678164149241,0.505678159907529,0.0141770935205399
11.419875,0.505585130159933,0.505513556860475,0.505513552688476,0.0141585321475235
11.4273125,0.505420566559299,0.505349110158383,0.505349106054987,0.0141400072701803
11.43475,0.505256163551946,0.505184823782117,0.505184819746066,0.0141215187926758
11.4421875,0.505091920876832,0.505020697471427,0.505020693501866,0.0141030666190645
11.449625,0.504927838273511,0.504856730966649,0.504856727062151,0.0140846506544223
11.4570625,0.504763915482126,0.504692924008708,0.504692920168634,0.0140662708037587
11.4645,0.504600152243418,0.504529276339121,0.504529272561933,0.0140479269729488
11.4719375,0.50443654829871,0.504365787699986,0.504365783985177,0.0140296190681788
11.479375,0.504273103389913,0.50420245783399,0.504202454180006,0.0140113469947467
11.4868125,0.50410981725952,0.504039286484397,0.504039282890753,0.0139931106591717
11.49425,0.503946689650612,0.503876273395053,0.503876269860299,0.0139749099683062
11.5016875,0.50378372030685,0.503713418310385,0.503713414833955,0.0139567448293798
11.509125,0.503620908972477,0.503550720975397,0.503550717556026,0.0139386151497112
11.5165625,0.503458255392312,0.503388181135666,0.503388177772636,0.0139205208369075
11.524,0.503295759311749,0.503225798537346,0.503225795229628,0.0139024617987538
11.5314375,0.503133420476759,0.503063572927161,0.50306356967385,0.0138844379431013
11.538875,0.502971238633886,0.502901504052405,0.502901500852725,0.0138664491792007
11.5463125,0.502809213530248,0.502739591660944,0.502739588513803,0.0138484954157247
11.55375,0.502647344913531,0.502577835501209,0.502577832406057,0.013830576561813
11.5611875,0.502485632531986,0.502416235322197,0.502416232277793,0.0138126925265381
11.568625,0.502324076134434,0.502254790873471,0.502254787879436,0.0137948432195056
11.5760625,0.502162675470261,0.50209350190515,0.502093498960167,0.0137770285511873
11.5835,0.502001430289417,0.501932368167922,0.501932365271694,0.0137592484315885
11.5909375,0.501840340342414,0.501771389413029,0.501771386564259,0.0137415027719134
11.598375,0.501679405380321,0.501610565392273,0.501610562590642,0.0137237914823674
11.6058125,0.501518625154767,0.501449895858011,0.501449893102348,0.013706114473977
11.61325,0.501357999417937,0.501289380563152,0.501289377853026,0.0136884716584129
11.6206875,0.501197527922576,0.501129019261161,0.501129016595599,0.01367086294779
11.628125,0.501037210421979,0.500968811706054,0.500968809084455,0.013653288254023
11.6355625,0.500877046669992,0.500808757652395,0.500808755074017,0.0136357474891824
11.643,0.500717036421013,0.500648856855298,0.50064885431935,0.0136182405655605
11.6504375,0.500557179429987,0.50048910907042,0.500489106576392,0.0136007673961158
11.657875,0.500397475452411,0.500329514053964,0.500329511600895,0.0135833278945618
11.6653125,0.500237924244325,0.500170071562679,0.500170069150255,0.0135659219742124
11.67275,0.500078525562314,0.500010781353854,0.500010778980986,0.0135485495485588
11.6801875,0.499919279163504,0.499851643185318,0.499851640851823,0.0135312105316254
11.687625,0.499760184805558,0.499692656815439,0.499692654520181,0.0135139048369926
11.6950625,0.49960124224669,0.49953382200312,0.499533819745953,0.0134966323800612
11.7025,0.499442451245644,0.499375138507802,0.499375136287652,0.0134793930757438
11.7099375,0.499283811561702,0.49921660608946,0.499216603906114,0.0134621868388196
11.717375,0.499125322954681,0.499058224508602,0.499058222361132,0.0134450135844677
11.7248125,0.498966985184931,0.498899993526264,0.498899991414322,0.0134278732283111
11.73225,0.498808798013332,0.498741912904013,0.498741910826875,0.0134107656861726
11.7396875,0.4986507612013,0.498583982403947,0.498583980361085,0.0133936908746524
11.747125,0.498492874510778,0.498426201788685,0.498426199779596,0.0133766487102616
11.7545625,0.498335137704232,0.498268570821376,0.49826856884535,0.0133596391091784
11.762,0.498177550544657,0.49811108926569,0.498111087322433,0.0133426619881805
11.7694375,0.498020112795571,0.497953756885819,0.497953754974465,0.0133257172648227
11.776875,0.497862824221018,0.497796573446474,0.497796571566894,0.0133088048569707
11.7843125,0.497705684585563,0.497639538712889,0.497639536864119,0.0132919246821794
11.79175,0.497548693654288,0.497482652450814,0.497482650632812,0.0132750766582035
11.7991875,0.497391851192793,0.497325914426514,0.497325912638306,0.0132582607033083
11.806625,0.497235156967197,0.497169324406767,0.497169322648306,0.0132414767360478
11.8140625,0.497078610744135,0.497012882158868,0.497012880429271,0.013224724675398
11.8215,0.496922212290757,0.496856587450624,0.496856585749744,0.0132080044405569
11.8289375,0.496765961374723,0.496700440050348,0.496700438377466,0.0131913159505892
11.836375,0.496609857764204,0.496544439726866,0.496544438081681,0.0131746591250037
11.8438125,0.496453901227881,0.496388586249508,0.496388584631504,0.0131580338835979
11.85125,0.496298091534944,0.496232879388113,0.49623287779681,0.0131414401463692
11.8586875,0.496142428455092,0.496077318913022,0.496077317348112,0.0131248778341808
11.866125,0.495986911758527,0.495921904595082,0.495921903055914,0.0131083468670745
11.8735625,0.495831541215953,0.495766636205641,0.495766634692088,0.0130918471660912
11.881,0.49567631659858,0.495611513516544,0.495611512027821,0.0130753786522941
11.8884375,0.495521237678115,0.495456536300138,0.495456534836252,0.0130589412463911
11.895875,0.495366304226771,0.495301704329267,0.495301702889364,0.0130425348709773
11.9033125,0.495211516017255,0.495147017377272,0.495147015961405,0.0130261594475378
11.91075,0.495056872822773,0.494992475217988,0.494992473825328,0.0130098148981128
11.9181875,0.494902374417023,0.494838077625742,0.494838076256298,0.0129935011446314
11.925625,0.494748020574197,0.494683824375354,0.494683823028413,0.0129772181097554
11.9330625,0.494593811068985,0.494529715242134,0.494529713917584,0.0129609657166574
11.9405,0.494439745676567,0.494375750001882,0.494375748699184,0.0129447438885544
11.9479375,0.49428582417261,0.494221928430888,0.494221927149764,0.0129285525481748
11.955375,0.494132046333271,0.494068250305925,0.494068249046032,0.0129123916192242
11.9628125,0.493978411935191,0.493914715404251,0.493914714165137,0.0128962610250527
11.97025,0.493824920755504,0.49376132350361,0.493761322285126,0.012880160690365
11.9776875,0.493671572571824,0.493608074382226,0.493608073183762,0.0128640905393995
11.985125,0.493518367162249,0.493454967818808,0.493454966640372,0.0128480504961503
11.9925625,0.493365304305358,0.49330200359254,0.493302002433412,0.0128320404856552
12,0.49321238378021,0.493149181483088,0.493149180343371,0.0128160604325522
