galaxy,ml_disk,ml_bulge,n,Q,D_Mpc,inclination_deg,refs,baryon_invalid_rows,baryon_chi2_valid,baryon_chi2_per_valid_row,core_length_kpc,core_amplitude_kms,core_excess_amplitude_kms,core_admissible_min_amplitude_kms,core_chi2,core_reduced_chi2,core_dof,core_success,core_optimality,core_bound_hit,core_bound_distance_log,core_restart_chi2_spread,core_near_best_starts,nfw_length_kpc,nfw_amplitude_kms,nfw_excess_amplitude_kms,nfw_admissible_min_amplitude_kms,nfw_chi2,nfw_reduced_chi2,nfw_dof,nfw_success,nfw_optimality,nfw_bound_hit,nfw_bound_distance_log,nfw_restart_chi2_spread,nfw_near_best_starts
CamB,0.5,0.7,9,2,3.36,65.0,Bm03,0,45.040389922287986,5.004487769143109,293.76977008015075,2999.9999999999814,2999.9999999999814,0.0,31.520485983827463,4.502926569118209,7,True,1.0192208749997206e-06,True,5.329070518200751e-15,13.519904032127009,7,499.99999999602034,144.84082926511763,144.84082926511763,0.0,42.085365355397585,6.0121950507710835,7,True,5.166176251595745e-06,True,7.958966818932822e-12,2.9550247380108203,7
D512-2,0.5,0.7,4,2,15.2,56.0,Tr09,0,94.50018506559519,23.625046266398797,1.0248058587099653,38.43182069778244,38.43182069778244,0.0,0.18442137996778857,0.09221068998389428,2,True,6.051976476328808e-07,False,3.9365261939422904,1.784683512084939e-14,9,8.421253532433886,95.25692953508498,95.25692953508498,0.0,0.6267173551921823,0.31335867759609115,2,True,1.1184106734175902e-06,False,3.449789805265149,8.949507801503387e-13,9
D564-8,0.5,0.7,6,2,8.79,63.0,Tr09,0,236.10085808714896,39.350143014524825,1.179611080548676,26.987981758160657,26.987981758160657,0.0,0.18464602110228795,0.04616150527557199,4,True,8.278683720780021e-08,False,4.07720779682273,3.524958103184872e-15,9,499.99999999471294,422.94747035516104,422.94747035516104,0.0,3.664524097023375,0.9161310242558437,4,True,3.3645832662150465e-08,True,1.0573764086529991e-11,5.476064046661122e-12,9
D631-7,0.5,0.7,16,1,7.72,59.0,"Tr09,dB01",0,1693.1432428557766,105.82145267848604,3.373624135963939,70.603833052637,70.603833052637,0.0,10.394378961417562,0.7424556401012544,14,True,9.084083725514624e-06,False,3.7492831320945665,9.272582701669307e-13,9,499.99999999999716,645.9889807482904,645.9889807482904,0.0,85.4068268454188,6.100487631815629,14,True,3.366796366864263e-08,True,5.329070518200751e-15,3.0269120543380268e-12,9
DDO064,0.5,0.7,14,1,6.8,60.0,"dB02,Sw02",0,180.84554440949236,12.917538886392311,1.0124294850880762,48.768895149202464,48.768895149202464,0.0,3.6198856527964445,0.30165713773303704,12,True,1.6520519348967495e-06,False,3.924375878643967,1.8562928971732617e-13,9,499.9999999999994,825.5744303765752,825.5744303765752,0.0,6.629130953549817,0.5524275794624848,12,True,2.1982525989922528e-08,True,8.881784197001252e-16,2.730260462158185e-12,9
DDO154,0.5,0.7,12,2,4.04,64.0,"Be91,CB89",0,70395.93204834744,5866.32767069562,1.7487175578680008,50.95573156589601,50.95573156589601,0.0,23.87386774135073,2.3873867741350727,10,True,3.617480034479993e-05,False,4.0754103203752905,5.364597654988756e-13,9,17.341167888636097,143.19621647400942,143.19621647400942,0.0,117.71208076222156,11.771208076222155,10,True,2.9719171730636965e-05,False,3.0421517347436327,3.743139131984208e-11,9
DDO161,0.5,0.7,31,1,7.5,70.0,Co00,0,11524.338461435424,371.7528535946911,4.740974365722955,68.6709317586892,68.6709317586892,0.0,9.386558797996752,0.3236744413102328,29,True,1.3528597426191959e-05,False,3.777041576467087,7.460698725481052e-14,9,71.60740211839592,224.0586744554401,224.0586744554401,0.0,33.31907556392568,1.1489336401353683,29,True,0.00011056315928668763,False,1.9434096482572523,1.2093437362636905e-11,9
DDO168,0.5,0.7,10,2,4.25,63.0,"Sa96,Br92",0,1608.646173343166,160.86461733431662,1.7811926680272177,61.22134711607405,61.22134711607405,0.0,26.031118340609396,3.2538897925761745,8,True,5.0869371507102036e-05,False,3.891871629865535,1.460875864722766e-11,9,499.9999999987342,782.3226286392179,782.3226286392179,0.0,85.78552904549264,10.72319113068658,8,True,1.627998634246117e-05,True,2.531308496145357e-12,3.2642333280819e-11,9
DDO170,0.5,0.7,8,2,15.4,66.0,"Be91,La90",0,4794.596828880253,599.3246036100317,3.361580015476362,63.380701617729734,63.380701617729734,0.0,40.61069310985676,6.768448851642794,6,True,0.00011963400792345416,False,3.8572081434309187,1.510613856225973e-11,9,13.326296754317166,127.0293480825607,127.0293480825607,0.0,12.969326322828874,2.1615543871381457,6,True,1.4812030244635609e-05,False,3.1619494206239462,4.0678571622265736e-13,9
ESO079-G014,0.5,0.7,15,1,28.7,79.0,Ge04,0,5927.188462785567,395.1458975190378,5.3821410826058225,171.8654149525748,171.8654149525748,0.0,13.778292906588161,1.0598686851221664,13,True,1.0593310478128196e-05,False,2.8596558683331335,4.920508445138694e-13,9,68.21782823824168,509.1464015784681,509.1464015784681,0.0,49.495396652013014,3.807338204001001,13,True,1.9555739014790584e-05,False,1.7736319665652198,2.6219026949547697e-11,9
ESO116-G012,0.5,0.7,15,1,13.0,74.0,Ge04,0,4944.638747275469,329.6425831516979,2.596824031259769,115.89099509858933,115.89099509858933,0.0,20.148373255957402,1.5498748658428771,13,True,3.474501206676706e-05,False,3.2537175157622507,2.8350655156827997e-12,9,24.046412441805643,295.5081868159812,295.5081868159812,0.0,30.39847775482411,2.338344442678778,13,True,5.739345130035859e-05,False,2.317671026226849,2.7291946480545448e-11,9
ESO444-G084,0.5,0.7,7,2,4.83,32.0,Co00,0,1994.7216843880326,284.9602406268618,1.1696821299154396,69.83945818523974,69.83945818523974,0.0,20.020179174702125,4.004035834940425,5,True,2.0604092193430354e-05,False,3.760168414092295,3.2223113066720543e-12,9,12.714371964444267,194.37420539981744,194.37420539981744,0.0,3.3490265994967725,0.6698053198993545,5,True,3.6221491389264786e-05,False,2.736582372700319,3.4940939031002927e-12,9
ESO563-G021,0.5,0.7,30,1,60.8,83.0,SG06,0,7372.027061257691,245.73423537525636,6.929834788890412,345.7995603159947,345.7995603159947,0.0,342.680738990525,12.23859782109018,28,True,0.0006809158437020615,False,2.160508265899855,1.0834355634870008e-10,9,39.0606025018239,649.2707747633316,649.2707747633316,0.0,577.7054771752343,20.63233847054408,28,True,0.0004981872209278364,False,1.5305177195240809,1.9281287677586079e-10,9
F565-V2,0.5,0.7,7,2,51.8,60.0,"dB97,dB96",0,302.9964339919946,43.285204855999226,3.2010655327795643,88.25128254964012,88.25128254964012,0.0,0.28642807375216534,0.05728561475043307,5,True,6.416824502349991e-08,False,3.526179338802047,5.773159728050814e-15,9,499.9999999999994,853.0343469852847,853.0343469852847,0.0,1.874058268349933,0.3748116536699866,5,True,3.218660748360578e-07,True,8.881784197001252e-16,2.220446049250313e-15,9
F568-3,0.5,0.7,18,1,82.4,40.0,"KN08,dB96",0,531.5581999834988,29.531011110194374,3.9624989837632003,113.8976755569542,113.8976755569542,0.0,14.792389038559726,0.9245243149099829,16,True,1.1681280153783712e-05,False,3.271067105158167,6.910028105266974e-13,9,499.9999999999088,840.5107293909541,840.5107293909541,0.0,51.55475684427587,3.222172302767242,16,True,1.7983981287221188e-08,True,1.8207657603852567e-13,6.579625733138528e-12,9
F568-V1,0.5,0.7,15,1,80.6,40.0,"dB01,dB96",0,683.7108622397138,45.58072414931426,2.4752905254695396,130.5414168763389,130.5414168763389,0.0,6.2676271044776435,0.48212516188289567,13,True,3.774239513358072e-05,False,3.1346770205390104,4.559019828320743e-12,9,8.012882412797529,244.55671242722488,244.55671242722488,0.0,2.8239208057120173,0.21722467736246287,13,True,1.2313926936156505e-06,False,2.5069203329645937,2.4513724383723456e-13,9
F571-8,0.5,0.7,13,1,53.3,85.0,"dB01,dB96",0,2150.8652042646213,165.451169558817,5.3552014282797895,163.59157132561,163.59157132561,0.0,105.44605666256021,9.586005151141837,11,True,6.536945556802488e-05,False,2.9089946648234095,1.0516032489249483e-11,9,499.99999999900064,1196.6962263870212,1196.6962263870212,0.0,212.1781287798678,19.288920798169798,11,True,2.0292590283146925e-05,True,1.9984014443252818e-12,9.066525308298878e-12,9
F571-V1,0.5,0.7,7,2,80.1,30.0,"dB97,dB96",0,279.02710961673114,39.86101565953302,3.992257425933586,89.04393453762125,89.04393453762125,0.0,0.5056916744014469,0.10113833488028938,5,True,9.082917690771346e-07,False,3.5172376732313246,5.828670879282072e-14,9,26.163227653149235,206.31067491898972,206.31067491898972,0.0,1.5938606361574963,0.3187721272314993,5,True,5.879721346511992e-07,False,2.676984404272922,7.704947790898586e-13,9
F574-1,0.5,0.7,14,1,96.8,65.0,"dB01,dB96",0,1580.480826541699,112.89148761012135,2.8385463572560985,106.1065272196012,106.1065272196012,0.0,10.77600273714466,0.8980002280953884,12,True,4.3851207619237894e-05,False,3.341924004416418,4.5350390109888394e-12,9,15.908202344000122,221.93468996528395,221.93468996528395,0.0,19.724679151940602,1.6437232626617169,12,True,3.944893713945184e-05,False,2.603984418405709,9.606537787476555e-12,9
F583-1,0.5,0.7,25,1,35.4,63.0,"KN08,dB96",0,1264.951525439907,50.59806101759628,3.244912619572494,93.43786489053578,93.43786489053578,0.0,7.9557366486248275,0.34590159341847077,23,True,3.170533041824988e-05,False,3.469070898889874,4.2659209498197015e-12,9,29.881478220035778,226.1532509405277,226.1532509405277,0.0,35.95753615282367,1.56337113707929,23,True,7.071874661816348e-05,False,2.5851546966781447,7.951683755891281e-11,9
F583-4,0.5,0.7,12,1,53.3,55.0,"KN08,dB96",0,458.72334893944765,38.22694574495397,2.236939902558028,66.68155073481284,66.68155073481284,0.0,10.750352516093406,1.0750352516093407,10,True,9.147033588542191e-05,False,3.8064392536671594,1.993250009491021e-11,9,27.448183598254577,197.03884253239528,197.03884253239528,0.0,1.517128456645259,0.1517128456645259,10,True,4.998510334568077e-06,False,2.722966688132545,2.611244553918368e-13,9
IC2574,0.5,0.7,34,2,3.91,75.0,"Sa96,MC94",0,13829.857075531063,406.76050222150184,4.976822409923699,68.81630578226988,68.81630578226988,0.0,113.18735850634577,3.5371049533233054,32,True,0.00012140412021713667,False,3.7749268481423677,4.236255790601717e-11,9,499.9999999999679,493.27203629944256,493.27203629944256,0.0,1093.2454640688654,34.163920752152045,32,True,3.6033884239278443e-06,True,6.394884621840902e-14,3.951754479203373e-10,9
IC4202,0.5,0.7,32,1,100.4,90.0,SG06,0,4832.568482251778,151.01776507036806,5.27296054328373,219.33909548707263,219.33909548707263,0.0,997.818363456028,33.260612115200935,30,True,0.0017218294317257036,False,2.6157486541204644,7.853486749809235e-10,9,50.454777809965016,532.9183568850829,532.9183568850829,0.0,1205.2439035068114,40.17479678356038,30,True,0.0015731032085177378,False,1.7279993317929607,2.2039330360712484e-09,9
KK98-251,0.5,0.7,15,2,6.8,59.0,BC04,0,320.32667118542884,21.35511141236192,1.5364428131263144,36.139270218985956,36.139270218985956,0.0,2.9801253069747347,0.22924040822882574,13,True,9.321870648680203e-07,False,4.341492888401886,6.217248937900877e-14,9,499.9999999999736,478.29317468617126,478.29317468617126,0.0,23.732268401309057,1.8255591077930045,13,True,2.0044603184305266e-07,True,5.240252676230739e-14,7.23332505003782e-12,9
NGC0024,0.5,0.7,29,1,7.3,64.0,"Di08,Ch06",0,2593.771884973251,89.44040982666382,1.533339651273439,144.7185962921163,144.7185962921163,0.0,94.17376230591499,3.487917122441296,27,True,0.00010643311638387911,False,3.031576426084291,1.021760454023024e-11,9,4.25993789090551,215.89972346259427,215.89972346259427,0.0,25.14247378315946,0.9312027327096096,27,True,2.0281243639709063e-05,False,2.631553510989062,3.943512183468556e-13,9
NGC0055,0.5,0.7,21,2,2.11,77.0,"Sa96,Pu91",0,2501.1598652073803,119.10285072416097,4.129672360836467,85.16866179429569,85.16866179429569,0.0,2.4243526247935985,0.12759750656808413,19,True,2.0777680090597223e-06,False,3.561734020792871,2.2648549702353193e-14,9,209.96967561085376,468.9060007245352,468.9060007245352,0.0,56.40452051743247,2.968658974601709,19,True,0.00048150834708025225,False,0.8676449799847514,5.944045256001118e-10,9
NGC0100,0.5,0.7,21,1,13.5,89.0,"dB02,Rh96",0,1081.6603720984226,51.50763676659155,2.9511153046207688,91.62541002122224,91.62541002122224,0.0,4.089543746534733,0.2152391445544596,19,True,1.4862050387874677e-05,False,3.4886589324605675,3.774758283725532e-13,9,499.99999999999227,899.8688861671449,899.8688861671449,0.0,14.372297287112115,0.7564366993216902,19,True,1.2014248872627383e-05,True,1.509903313490213e-14,6.3433702734982944e-12,9
NGC0247,0.5,0.7,26,2,3.7,74.0,"Sa96,Ca90",0,9240.956648737436,355.4214095668245,2.4672427454839627,91.39055560220882,91.39055560220882,0.0,356.89160976695445,14.87048374028977,24,True,0.002944395214649556,False,3.4912254249206827,8.917027116694953e-10,9,22.31247920068612,229.5967932782804,229.5967932782804,0.0,44.39268776366127,1.8496953234858864,24,True,4.340653091265544e-05,False,2.57004286986038,3.069544618483633e-12,9
NGC0289,0.5,0.7,28,2,20.8,46.0,Wa97,0,4161.142927278398,148.61224740279994,11.288994331131917,188.66289028671721,188.66289028671721,0.0,171.07597963641163,6.579845370631217,26,True,0.0010945006147036055,False,2.7664057944636404,2.8759927772625815e-10,9,19.46102088075913,321.3938166401628,321.3938166401628,0.0,50.767436793847324,1.9525937228402817,26,True,5.91768212892795e-06,False,2.233700353361514,1.0231815394945443e-12,9
NGC0300,0.5,0.7,25,2,2.08,42.0,"Sa96,CP90",0,4034.9988682811177,161.39995473124472,2.848846167327609,104.0838941739748,104.0838941739748,0.0,44.43290621842408,1.9318654877575687,23,True,9.870453534158088e-05,False,3.361170318946323,7.979394922585925e-12,9,20.19559791460412,232.28615709098378,232.28615709098378,0.0,14.887566099096148,0.6472854825693978,23,True,4.247279765441879e-06,False,2.5583975203038722,4.849454171562684e-13,9
NGC0801,0.5,0.7,13,1,80.7,80.0,"Sa96,Br92",0,2540.6798834586,195.43691411220001,16.272997552885098,194.51112637238538,194.51112637238538,0.0,178.3510911573453,16.213735559758664,11,True,0.00029747453648304955,False,2.735878201228478,1.9264234651927836e-10,9,28.06558547336175,348.90545179161063,348.90545179161063,0.0,83.97238614026388,7.633853285478534,11,True,0.00019320869767400995,False,2.151566593922931,1.6073897768364986e-10,9
NGC0891,0.5,0.7,18,1,9.91,90.0,Fr11,0,2954.952459614038,164.16402553411322,7.4745521376858015,182.5092815298275,182.5092815298275,0.0,217.70680081197702,13.606675050748564,16,True,0.0005732629328994971,False,2.7995665382232238,1.9554136088117957e-10,9,499.99999999999585,1205.0179340398995,1205.0179340398995,0.0,292.50151828547797,18.281344892842373,16,True,0.0001673203637843722,True,7.993605777301127e-15,3.581135388230905e-12,9
NGC1003,0.5,0.7,36,1,11.4,67.0,"Sa96,Br92",0,21327.782120065363,592.4383922240379,8.16047333796001,123.16376564011732,123.16376564011732,0.0,425.95194423689674,12.527998359908727,34,True,0.0008029454078046365,False,3.1928526698736563,1.9332446754560806e-10,9,29.669312884660343,239.9422779463889,239.9422779463889,0.0,87.2979270057172,2.567586088403447,34,True,1.747259261567923e-05,False,2.5259691817917886,4.703792910731863e-12,9
NGC1090,0.5,0.7,24,1,37.0,64.0,Ge04,0,9051.769618476894,377.15706743653726,7.761432385521313,157.20859374453178,157.20859374453178,0.0,116.5654132332113,5.298427874236878,22,True,0.000330085340639039,False,2.9487940215632777,9.100631359615363e-11,9,20.026968752163356,291.1174478784935,291.1174478784935,0.0,53.19664438893439,2.4180292904061087,22,True,8.963095174460573e-06,False,2.332640780946689,8.611777957412414e-12,9
NGC2403,0.5,0.7,73,1,3.16,63.0,"Da06,Fr02",0,319317.3362433957,4374.210085525969,3.5466700934322066,134.5572554602911,134.5572554602911,0.0,5377.306613311469,75.73671286354181,71,True,0.024490966408166486,False,3.1043777680345457,4.368303052615374e-09,9,11.055064895836486,257.54881192290344,257.54881192290344,0.0,710.8908681816266,10.01254743917784,71,True,0.000555328224974606,False,2.4551583046452015,7.503331289626658e-12,9
NGC2683,0.5,0.7,11,2,9.81,80.0,"Sa96,Br92",0,689.2796674332354,62.66178794847595,4.71634744534073,182.357099204044,182.357099204044,0.0,20.064394962193028,2.2293772180214475,9,True,0.00011182630147897957,False,2.800400719406495,2.7956303938481142e-11,9,6.780770564679203,302.78151763865833,302.78151763865833,0.0,7.637813479108989,0.8486459421232211,9,True,2.987521321157617e-06,False,2.293356086131303,5.835332217429823e-13,9
NGC2841,0.5,0.7,50,1,14.1,76.0,"Di08,Be91",0,37314.68849884974,746.2937699769948,8.135658009002512,344.03405539667705,344.03405539667705,0.0,1650.5727059201747,34.38693137333697,48,True,0.026952054827911985,False,2.1656269169306963,5.5363216233672574e-09,9,11.470176841657333,556.5430691181208,556.5430691181208,0.0,160.33037749443864,3.340216197800805,48,True,9.474876758025556e-05,False,1.6846230070845367,2.0691004465334117e-11,9
NGC2903,0.5,0.7,34,1,6.6,66.0,"Be91,Be87",0,25037.446570100597,736.3954873559,5.585475779896965,183.4764719928833,183.4764719928833,0.0,338.4354858111909,10.576108931599716,32,True,0.00022517468369453173,False,2.7942811263986886,4.246203388902359e-11,9,19.119485254851973,356.31153952922983,356.31153952922983,0.0,456.3937211435207,14.262303785735021,32,True,0.0004905754500233585,False,2.130562108447471,1.7058710000128485e-10,9
NGC2915,0.5,0.7,30,2,4.06,56.0,El10,0,1769.9207412433232,58.99735804144411,2.008410427748577,99.35670559777478,99.35670559777478,0.0,28.251817601704612,1.0089934857751648,28,True,0.0001288282830727402,False,3.4076511062368304,3.608491283557669e-11,9,5.423257767872884,175.9625058406668,175.9625058406668,0.0,26.790319858029395,0.9567971377867641,28,True,6.679603221205365e-05,False,2.8360966303034836,1.3375967000683886e-11,9
NGC2955,0.5,0.7,24,1,97.9,56.0,SG06,0,407.1149066456807,16.963121110236695,9.003206158234745,207.70213608842906,207.70213608842906,0.0,92.27040355151584,4.1941092523416295,22,True,5.22239203674375e-05,False,2.6702625523317574,225.93735318963743,7,91.29682054136543,523.7121557366514,523.7121557366514,0.0,99.65259338899182,4.5296633358632645,22,True,7.411967080870478e-05,False,1.7004921357281368,1.4230749911803287e-10,9
NGC2976,0.5,0.7,27,2,3.58,61.0,Si03,0,447.0896519431511,16.558875997894486,1.3580950214548106,84.87039412804397,84.87039412804397,0.0,7.273208985652652,0.29092835942610606,25,True,2.783239163575397e-06,False,3.565242249776486,4.440892098500626e-14,9,499.999999999864,1082.9852513511794,1082.9852513511794,0.0,47.43188930421223,1.897275572168489,25,True,1.1484249183989998e-05,True,2.717825964282383e-13,5.7767124417296145e-12,9
NGC2998,0.5,0.7,13,1,68.1,58.0,"Sa96,Br92",0,7590.740214084509,583.903093391116,10.856654319269195,204.7624796959199,204.7624796959199,0.0,96.19777302993174,8.745252093630159,11,True,0.00023488897254258378,False,2.684516895878674,3.5640823625726625e-11,9,17.210713755960814,369.15620877532024,369.15620877532024,0.0,27.01491581854996,2.455901438049996,11,True,4.073852087516033e-05,False,2.0951476831741713,9.123368727159686e-12,9
NGC3109,0.5,0.7,25,1,1.33,70.0,"Be91,JC90",0,3717.7155006018884,148.70862002407554,2.371332252494236,71.74640814384028,71.74640814384028,0.0,9.137502203590051,0.3972827045039153,23,True,5.527359647424155e-06,False,3.733229774976622,4.547473508864641e-13,9,499.9999999998746,740.9285622051998,740.9285622051998,0.0,199.34045396774096,8.666976259466997,23,True,1.1862410221160328e-06,True,2.504663143554353e-13,1.1226575225009583e-10,9
NGC3198,0.5,0.7,43,1,13.8,73.0,"Da06,Be91,Be87",0,32639.32322843948,759.05402856836,6.186925151041532,174.10730085495993,174.10730085495993,0.0,939.2164530225837,22.90771836640448,41,True,0.004473626736302138,False,2.8466957869192724,9.373479770147242e-10,9,16.305262854419784,286.5179773893248,286.5179773893248,0.0,57.08608173044184,1.3923434568400448,41,True,3.414440620940624e-05,False,2.3485662851592455,9.023892744153272e-13,9
NGC3521,0.5,0.7,41,1,7.7,75.0,"Da06,Sa96",0,621.172197511499,15.150541402719488,4.372729851512587,195.61738858044842,195.61738858044842,0.0,42.791156020233174,1.0972091287239276,39,True,9.641627525628884e-05,False,2.7302069153277326,1.4061640740692383e-11,9,27.957261757949695,425.00034332783605,425.00034332783605,0.0,12.745925998349325,0.3268186153422904,39,True,1.4122608301591732e-05,False,1.9542775908959529,9.36140054363932e-13,9
NGC3726,0.5,0.7,12,2,18.0,53.0,"VS01,SV98",0,577.1951541212144,48.09959617676787,9.28147902205905,151.03770874045549,151.03770874045549,0.0,35.46125071601343,3.546125071601343,10,True,0.0001420362028800211,False,2.988838035253875,4.205702452964033e-11,9,141.01779593204222,485.733748918105,485.733748918105,0.0,20.42555033938449,2.042555033938449,10,True,1.7003270258035704e-05,False,1.265722003724136,8.572698106945609e-12,9
NGC3741,0.5,0.7,21,1,3.21,70.0,"Ge07,Bm05",0,2576.163101584595,122.67443340879024,1.9141126536800284,54.85232935842402,54.85232935842402,0.0,45.091366801436806,2.3732298316545686,19,True,8.06891593779601e-05,False,4.001722914038139,1.5518253349000588e-11,9,25.157556892276528,161.5457604088813,161.5457604088813,0.0,6.537494340234495,0.34407864948602607,19,True,4.764241121675084e-06,False,2.9215791189374603,1.694644424787839e-12,9
NGC3769,0.5,0.7,12,2,18.0,70.0,"VS01,SV98",0,645.7786633470861,53.81488861225717,6.4557552256022115,134.8954872674912,134.8954872674912,0.0,21.186542335002102,2.11865423350021,10,True,0.00019294139532543555,False,3.10186725742387,4.590106073010247e-11,9,16.79396292125685,235.67667877832994,235.67667877832994,0.0,11.053303730420549,1.105330373042055,10,True,1.46756440761217e-05,False,2.543906707116305,4.227729277772596e-12,9
NGC3877,0.5,0.7,13,2,18.0,76.0,"VS01,SV98",0,413.6333851622524,31.817952704788645,1.9436790672114592,123.05502559637372,123.05502559637372,0.0,33.91715162287007,3.083377420260916,11,True,7.561194813751761e-05,False,3.1937359497424858,6.899369964230573e-12,9,6.538042802513199,217.10678566079505,217.10678566079505,0.0,61.969628063926606,5.633602551266055,11,True,0.0005037228927457236,False,2.6259782353318624,4.2810910372281796e-10,9
NGC3893,0.5,0.7,10,1,18.0,49.0,"VS01,SV98",0,497.36300643692414,49.73630064369242,4.203159597820913,172.6990643132896,172.6990643132896,0.0,4.9912584724886,0.623907309061075,8,True,1.5459951466785346e-05,False,2.854817000501349,4.645173135031655e-13,9,17.46441908384978,344.86282478813865,344.86282478813865,0.0,8.86992749140901,1.1087409364261263,8,True,1.0330807458879335e-05,False,2.1632208389961702,9.231726494363102e-12,9
NGC3917,0.5,0.7,17,1,18.0,79.0,"VS01,SV98",0,2678.672020846451,157.5689424027324,3.519066276459239,133.54225125904316,133.54225125904316,0.0,25.689079296279928,1.7126052864186618,15,True,6.327814814736112e-05,False,3.1119496510501836,6.799893981224159e-12,9,28.534676788663266,321.13603759130103,321.13603759130103,0.0,64.16269632179791,4.277513088119861,15,True,2.077434597801175e-05,False,2.234502741175853,4.2021497392852325e-11,9
NGC3949,0.5,0.7,7,2,18.0,55.0,"VS01,SV98",0,47.77888439628576,6.825554913755108,5.211241144525669,176.37921060424466,176.37921060424466,0.0,2.2218453277466055,0.4443690655493211,5,True,5.388513584648466e-07,False,2.833731284740284,8.997247391562269e-13,9,499.9999999999865,1196.5422279315196,1196.5422279315196,0.0,2.7630083471888343,0.5526016694377669,5,True,1.0552161906086868e-08,True,2.6645352591003757e-14,3.006483950684924e-13,9
NGC3953,0.5,0.7,8,1,18.0,62.0,"VS01,SV98",0,491.25615884207014,61.40701985525877,3.250074878344872,174.49052200319733,174.49052200319733,0.0,5.5814872388572905,0.9302478731428817,6,True,4.071095273025534e-05,False,2.84449714265081,2.028599510595086e-12,9,7.174188871468386,310.84815002367645,310.84815002367645,0.0,1.6026838828929224,0.26711398048215373,6,True,5.843930575171569e-07,False,2.267063038299958,1.0302869668521453e-13,9
NGC3972,0.5,0.7,10,1,18.0,77.0,"VS01,SV98",0,856.5091486449041,85.65091486449042,2.75004967236194,123.70461097941663,123.70461097941663,0.0,13.756242084012733,1.7195302605015916,8,True,4.256460175888298e-05,False,3.1884710134459793,3.694822225952521e-12,9,57.615673873861645,455.8196954483712,455.8196954483712,0.0,9.161337757719153,1.145167219714894,8,True,4.6088159035835875e-06,False,1.8842702410474024,2.7208457709093636e-11,9
NGC3992,0.5,0.7,9,1,23.7,56.0,"VS01,SV98",0,2587.008885721497,287.445431746833,8.102720662143813,264.45563057572167,264.45563057572167,0.0,44.427272913309984,6.346753273329997,7,True,0.00033609623439919366,False,2.4286940787191593,5.872635711057228e-11,9,11.506678867131466,451.07877168892895,451.07877168892895,0.0,2.906146931077784,0.41516384729682626,7,True,2.373465363491469e-06,False,1.8947255833347167,2.708944180085382e-14,9
NGC4010,0.5,0.7,12,2,18.0,89.0,"VS01,SV98",0,675.2675497154571,56.272295809621426,3.8876544955138472,119.11118663426326,119.11118663426326,0.0,10.86633924204793,1.086633924204793,10,True,2.9138814438744586e-05,False,3.2263101692996043,1.1119993814645568e-12,9,499.99999999994833,1043.023401345126,1043.023401345126,0.0,22.44154821083228,2.244154821083228,10,True,7.946905252948769e-07,True,1.0302869668521453e-13,1.858069254012662e-12,9
NGC4013,0.5,0.7,36,2,18.0,89.0,"VS01,SV98",0,5514.70235843695,153.1861766232486,8.863745208839017,173.7153428003343,173.7153428003343,0.0,125.30697557024166,3.685499281477696,34,True,0.0005995925352562082,False,2.848949568998669,1.0898304481088417e-10,9,47.124404333071965,382.119318379806,382.119318379806,0.0,33.79298636494231,0.9939113636747737,34,True,3.3261218609142465e-05,False,2.0606346560357354,1.7408297026122455e-12,9
NGC4051,0.5,0.7,7,2,18.0,49.0,"VS01,SV98",0,78.67195061576913,11.23885008796702,2.4858466678373046,102.67571678613294,102.67571678613294,0.0,2.0133008275833446,0.40266016551666894,5,True,1.2838356202451037e-06,False,3.3747919267155275,2.2248869413488137e-13,9,6.29043133737818,184.05525175242522,184.05525175242522,0.0,3.962339605208507,0.7924679210417014,5,True,4.346636172679489e-06,False,2.791131573853475,4.908073947262892e-12,9
NGC4068,0.5,0.7,6,2,4.37,44.0,Le14,0,96.46518782755896,16.077531304593162,5.3242648435528315,132.8623368260943,132.8623368260943,0.0,0.8564629490179804,0.2141157372544951,4,True,1.2893943343919252e-06,False,3.1170540369324664,2.298161660974074e-13,9,499.99999999994964,568.1113226356784,568.1113226356784,0.0,7.449697639006704,1.862424409751676,4,True,7.625066955950826e-08,True,1.0036416142611415e-13,2.6556534749033744e-13,9
NGC4085,0.5,0.7,7,2,18.0,82.0,"VS01,SV98",0,99.26939679912611,14.18134239987516,7.736267226140297,207.5029993513819,207.5029993513819,0.0,22.66036904067129,4.532073808134259,5,True,7.685313495022693e-06,False,2.671221773378506,1.0601297617540695e-11,9,499.9999999998253,990.7993928323566,990.7993928323566,0.0,33.40345762943112,6.680691525886223,5,True,2.314920424873965e-07,True,3.490541189421492e-13,2.2666313270747196e-12,9
NGC4088,0.5,0.7,12,1,18.0,69.0,"VS01,SV98",0,148.4729424227521,12.37274520189601,304.23786145577606,2999.9999999999654,2999.9999999999654,0.0,9.95108396855791,0.995108396855791,10,True,2.081650774053121e-06,True,1.0658141036401503e-14,7.105427357601002e-14,9,499.9999999999994,729.9059726550679,729.9059726550679,0.0,26.290184047055178,2.629018404705518,10,True,1.3608515303906678e-05,True,8.881784197001252e-16,4.618527782440651e-14,9
NGC4100,0.5,0.7,24,1,18.0,73.0,"VS01,SV98",0,3349.280286625776,139.553345276074,4.076517915324181,177.8223499592714,177.8223499592714,0.0,41.729882483454624,1.8968128401570283,22,True,0.00024484914929184364,False,2.825582549662327,4.212097337585874e-11,9,7.107606724093578,309.2407009991262,309.2407009991262,0.0,18.875852659298808,0.8579933026954003,22,True,7.364864408340768e-06,False,2.272247626355611,1.2185807918285718e-12,9
NGC4138,0.5,0.7,7,2,18.0,53.0,"VS01,SV98",0,153.43262006279937,21.918945723257053,2.7810344039401986,160.92266163094774,160.92266163094774,0.0,2.3124380200032872,0.46248760400065747,5,True,8.951543680539932e-07,False,2.9254436806175264,1.7319479184152442e-14,9,3.997020780382243,269.74771758390386,269.74771758390386,0.0,4.689420202401845,0.937884040480369,5,True,5.8753489847689536e-06,False,2.4088804247752167,2.0943247136528953e-12,9
NGC4157,0.5,0.7,17,1,18.0,82.0,"VS01,SV98",0,677.3999775170299,39.84705750100176,10.258408034960553,173.8729772566578,173.8729772566578,0.0,7.711432973589485,0.5140955315726323,15,True,6.425803543333529e-06,False,2.8480425507933127,9.832135106080386e-13,9,427.7724114452879,907.1431500407818,907.1431500407818,0.0,6.016323107857688,0.4010882071905125,15,True,1.353233354990248e-05,False,0.15601679322861894,1.588151832265794e-11,9
NGC4183,0.5,0.7,23,1,18.0,82.0,"VS01,SV98",0,1743.0121730754745,75.78313795980324,3.524090202453389,118.51696134540671,118.51696134540671,0.0,50.70550534378745,2.4145478735136883,21,True,0.0004362161576108596,False,3.2313114836012007,7.970157867021044e-11,9,8.434309987404463,203.95627572268603,203.95627572268603,0.0,3.5555125502218345,0.169310121439135,21,True,4.1279362084971295e-06,False,2.688461931471708,2.7977620220553945e-14,9
NGC4217,0.5,0.7,19,1,18.0,86.0,"VS01,SV98",0,818.7136405649572,43.09019160868196,211.9960416276352,2999.9999999999814,2999.9999999999814,0.0,572.0799371328208,33.651761007812986,17,True,3.5876189775146097e-06,True,5.329070518200751e-15,246.6337034842004,8,499.9999999999985,837.4726926756263,837.4726926756263,0.0,647.4041599236333,38.08259764256667,17,True,7.542133227974557e-06,True,2.6645352591003757e-15,6.252776074688882e-12,9
NGC4559,0.5,0.7,32,1,9.0,67.0,Ba05,0,2508.4331354979768,78.38853548431177,5.479385746791391,117.06831135251176,117.06831135251176,0.0,11.716327655902276,0.3905442551967425,30,True,1.6745892925512447e-05,False,3.2436099455173144,1.2470025012589758e-12,9,25.542325188688032,248.38790345422098,248.38790345422098,0.0,11.711865573175935,0.3903955191058645,30,True,9.248075912009047e-06,False,2.491375916626053,3.2791547255328624e-12,9
NGC5005,0.5,0.7,18,1,16.9,68.0,Ri15,0,40.70821412160041,2.261567451200023,6.799623227310532,228.56281298873168,228.56281298873168,0.0,6.690042444878937,0.4181276528049336,16,True,1.0944857998581843e-06,False,2.574556502362391,34.01817167721266,8,499.9999999999994,1443.1169965649815,1443.1169965649815,0.0,11.408117515661093,0.7130073447288183,16,True,9.80047570555804e-07,True,8.881784197001252e-16,1.7763568394002505e-14,9
NGC5033,0.5,0.7,22,1,15.7,66.0,"Sa96,Be87",0,20890.455426900713,949.5661557682142,8.110406499441734,218.53371877017574,218.53371877017574,0.0,112.94907083735562,5.647453541867781,20,True,0.00021776964168079675,False,2.619427245706296,2.2012613953847904e-11,9,12.86412741696991,380.10546652644484,380.10546652644484,0.0,108.19094302461116,5.409547151230558,20,True,0.00010671078217680806,False,2.06591880994724,3.1377567211166024e-11,9
NGC5055,0.5,0.7,28,1,9.9,55.0,"Ba06,Bl04",0,56105.81339238738,2003.7790497281208,11.199750219431591,185.15885342231908,185.15885342231908,0.0,381.54660399646474,14.674869384479413,26,True,4.0829430121416645e-05,False,2.785153443867987,5.4569682106375694e-12,9,74.8219665818112,386.74713232770057,386.74713232770057,0.0,1637.3002602325346,62.973086932020564,26,True,0.001461531126410515,False,1.8994965856747834,1.4433680917136371e-09,9
NGC5371,0.5,0.7,19,1,39.7,53.0,"Sa96,Be87",0,2554.527941364511,134.4488390191848,7.144269207642755,166.06666870340482,166.06666870340482,0.0,449.8225331549356,26.46014900911386,17,True,0.00625032338910217,False,2.8939782412256942,3.979323537350865e-09,9,8.913439320927166,283.3120097614049,283.3120097614049,0.0,149.92172341790214,8.81892490693542,17,True,0.0004790439159663567,False,2.359818769331774,3.157083483529277e-10,9
NGC5585,0.5,0.7,24,1,7.06,51.0,"Bl99,Sa96,Co91",0,6956.404397218879,289.8501832174533,2.8982611880020213,95.60843566178036,95.60843566178036,0.0,113.70156458526843,5.16825293569402,22,True,3.1739919172007736e-05,False,3.4461065123457724,1.2931877790833823e-12,9,133.0791513915221,455.25387182004476,455.25387182004476,0.0,157.83749420478242,7.174431554762837,22,True,0.000791420877722933,False,1.3236640239715216,1.1603731309151044e-09,9
NGC5907,0.5,0.7,19,1,17.3,88.0,"Sa96,SA87",0,20260.16891303868,1066.3246796336148,9.229741007220007,219.47517475013748,219.47517475013748,0.0,501.7827299577483,29.516631173985193,17,True,0.0020731782080527766,False,2.615128440619416,5.149445314600598e-10,9,13.292224565860149,380.502986122396,380.502986122396,0.0,97.06827392171985,5.709898465983521,17,True,9.066611641483777e-05,False,2.06487354248864,1.071498445526231e-11,9
NGC5985,0.5,0.7,33,1,39.7,60.0,"Bl04,Br92",0,24899.726243120273,754.5371588824325,4.570442684846306,329.05080460183683,329.05080460183683,0.0,666.959166177668,21.51481181218284,31,True,0.0045028732770614355,False,2.210155407524434,1.099920154956635e-09,9,7.965029689258687,537.0963553461248,537.0963553461248,0.0,81.497981605789,2.6289671485738384,31,True,2.7697204447499186e-05,False,1.7201900565631503,1.0516032489249483e-12,9
NGC6015,0.5,0.7,44,2,17.0,60.0,VM97,0,20112.827406236513,457.10971377810256,3.118590008217056,173.96607674556566,173.96607674556566,0.0,2103.8022735134255,50.090530321748226,42,True,0.013138585671521732,False,2.8475072486755098,5.26142684975639e-09,9,7.817782391883746,285.8874170060841,285.8874170060841,0.0,347.8968995742984,8.283259513673771,42,True,3.75962453236216e-05,False,2.35076948116152,1.8474111129762605e-11,9
NGC6195,0.5,0.7,23,1,127.8,62.0,SG06,0,684.8970712170129,29.778133531174475,15.128974537577434,203.34502731655238,203.34502731655238,0.0,46.799965381743334,2.2285697800830158,21,True,5.9406851977454814e-06,False,2.691463389411835,2.4655832930875476e-12,9,499.99999999999585,932.4831107554795,932.4831107554795,0.0,43.79976927477454,2.0857032987987876,21,True,8.244475725271289e-05,True,7.993605777301127e-15,9.947598300641403e-14,9
NGC6503,0.5,0.7,31,1,6.26,74.0,"Be91,Be87",0,51579.25544847418,1663.8469499507798,4.62696066818185,124.42469292055902,124.42469292055902,0.0,461.13368511311705,15.901161555624727,29,True,0.003310558609328572,False,3.1826669108969474,3.2389380066888407e-10,9,10.054673459153674,226.9056334777904,226.9056334777904,0.0,56.20364839369416,1.9380568411618675,29,True,4.8461860677463126e-05,False,2.581833348152429,8.668621376273222e-13,9
NGC6674,0.5,0.7,15,1,51.2,54.0,"Sa96,Br92",0,33882.57381502739,2258.8382543351595,15.092974952852737,258.8352491568691,258.8352491568691,0.0,737.6413042108231,56.74163878544793,13,True,0.003231411428636997,False,2.4501758119918975,9.932819011737593e-10,9,19.261234363596756,459.36132585446325,459.36132585446325,0.0,176.86554222396074,13.605041709535442,13,True,0.0001713359942130603,False,1.8765304649736132,9.310952009400353e-11,9
NGC6789,0.5,0.7,4,2,3.52,43.0,Le14,0,87.2226218768187,21.805655469204677,0.5367791619930982,86.51589134726149,86.51589134726149,0.0,0.605831386078682,0.302915693039341,2,True,1.9492734419030995e-07,False,3.2898544924101745,4.9960036108132044e-15,9,499.9999999999941,1750.3508033712524,1750.3508033712524,0.0,4.070088194229305,2.0350440971146524,2,True,1.504840646633653e-07,True,1.1546319456101628e-14,2.6121327323380683e-12,9
NGC6946,0.5,0.7,58,1,5.52,38.0,Bo08,0,9334.659618124844,160.94240720904904,4.380114368877442,137.20245996333443,137.20245996333443,0.0,136.29440720176612,2.4338287000315377,56,True,0.00038612245863946107,False,3.0849099227572845,5.903189048694912e-11,9,39.845912909685964,365.27042890986036,365.27042890986036,0.0,146.5218603081873,2.6164617912176307,56,True,0.00023441328235741007,False,2.105729587276593,2.651745489856694e-11,9
NGC7331,0.5,0.7,36,1,14.7,75.0,"Be91,Be87",0,8697.656375372999,241.6015659825833,14.118779283430769,223.601595925186,223.601595925186,0.0,136.39480373472387,4.011611874550702,34,True,9.795479622717781e-06,False,2.5965016889833867,1.4210854715202004e-12,9,499.999999999987,1091.350774631821,1091.350774631821,0.0,207.90455696401273,6.114839910706257,34,True,4.659611955298869e-06,True,2.5757174171303632e-14,1.7905676941154525e-12,9
NGC7793,0.5,0.7,46,1,3.61,47.0,"Di08,Sa96,CP90",0,682.2270238716352,14.831022258079026,1.6738036573338189,99.0099641795694,99.0099641795694,0.0,46.475814625002684,1.0562685142046064,44,True,1.2642599026308652e-05,False,3.4111470743018755,1.3997691894473974e-12,9,7.866913926295732,190.2188767669803,190.2188767669803,0.0,39.23999364965334,0.8918180374921214,44,True,1.442393982576956e-05,False,2.7581921755289054,1.794830950530013e-11,9
NGC7814,0.5,0.7,18,1,14.4,90.0,Fr11,0,7283.505496329016,404.6391942405009,5.176430658905227,208.88466217381185,208.88466217381185,0.0,46.90206450655809,2.9313790316598807,16,True,0.00018588901028182816,False,2.664585323641491,8.313350008393172e-12,9,17.52284552711081,414.24055395541257,414.24055395541257,0.0,19.589706285780597,1.2243566428612873,16,True,1.611672782302754e-05,False,1.979920714366596,1.1333156635373598e-12,9
UGC00128,0.5,0.7,22,1,64.5,57.0,"VB99,VH93",0,134872.0095528085,6130.545888764023,8.600367810849296,143.64658351359063,143.64658351359063,0.0,1285.9386583756063,64.29693291878031,20,True,0.006522317309468685,False,3.039011565914734,1.244416125700809e-09,9,17.07102212558122,257.23316201848047,257.23316201848047,0.0,61.92911830115783,3.0964559150578914,20,True,8.573737585901109e-05,False,2.456384648845118,4.263256414560601e-13,9
UGC00191,0.5,0.7,9,1,17.1,45.0,"KN08,vZ97",0,7398.283753101341,822.0315281223712,1.8097950909758898,89.30534199674422,89.30534199674422,0.0,210.72148232920455,30.10306890417208,7,True,0.0033046668097067443,False,3.5143062607647764,1.0314806786482222e-09,9,8.589857451668648,162.86910672577187,162.86910672577187,0.0,25.093853477344048,3.58483621104915,7,True,4.9400927840607834e-05,False,2.9134207156640137,1.2008172234345693e-12,9
UGC00634,0.5,0.7,4,2,30.9,37.0,vZ97,0,5902.7737463705,1475.693436592625,5.280300479778414,115.5325190979154,115.5325190979154,0.0,3.330599775131567,1.6652998875657834,2,True,1.7002382399118834e-05,False,3.2568155266850365,9.814371537686384e-14,9,22.286136723392225,242.77715058674042,242.77715058674042,0.0,6.40456937101741,3.202284685508705,2,True,7.093614668548237e-06,False,2.514223620855689,6.279421427279885e-13,9
UGC00731,0.5,0.7,12,1,12.5,57.0,"Sw09,Sw02",0,2334.476624837316,194.539718736443,2.082371961205388,77.85942321764931,77.85942321764931,0.0,47.39081031390253,4.739081031390253,10,True,0.00033602154644247616,False,3.6514626334372027,5.38946665074036e-11,9,8.220889983799575,146.53112219841486,146.53112219841486,0.0,3.3959137769654393,0.3395913776965439,10,True,2.098637110124137e-06,False,3.01912972354049,1.949551631241775e-13,9
UGC00891,0.5,0.7,5,2,10.2,60.0,vZ97,0,8923.147750773915,1784.629550154783,3.082688960558197,68.97234245621013,68.97234245621013,0.0,2.0944728209703944,0.6981576069901315,3,True,8.202142827060748e-06,False,3.772661977376364,2.1760371282653068e-14,9,499.9999999999892,707.465049800362,707.465049800362,0.0,9.313772509476996,3.104590836492332,3,True,9.921638957438215e-08,True,2.1316282072803006e-14,5.31663602032495e-12,9
UGC01281,0.5,0.7,25,1,5.27,90.0,"dB02,Sw02",2,608.7207128940707,26.466117951916118,0.39948245231111507,49.95713281420541,0.14967940207111732,49.956908582224685,353.6579977425983,15.376434684460795,23,True,5.918663025463502e-05,False,2.994437566560274,4.975618139724247e-09,9,499.9999999999883,756.0758477487851,397.29545002064145,643.2783324051418,21.610290752332467,0.9395778587970638,23,True,2.4917785988770167e-06,True,2.3092638912203256e-14,7.815970093361102e-13,9
UGC02259,0.5,0.7,8,2,10.5,41.0,"Be91,Ca88",0,5363.897120387677,670.4871400484597,1.6647691973621734,94.37340309419052,94.37340309419052,0.0,80.70313188635441,13.450521981059069,6,True,0.0004111788037304158,False,3.459108281080476,8.640199666842818e-11,9,3.711882379612907,170.02180528712333,170.02180528712333,0.0,4.2369506841368185,0.7061584473561364,6,True,8.20072034439722e-06,False,2.8704408724305717,1.580957587066223e-13,9
UGC02487,0.5,0.7,17,1,69.1,36.0,"No07,No05",0,48426.4612145438,2848.6153655614,13.542153223264165,382.2932123579864,382.2932123579864,0.0,319.99349160419996,21.33289944028,15,True,0.0016095763711744102,False,2.0601796818583438,2.8762769943568856e-10,9,12.455734412803677,674.4808853812132,674.4808853812132,0.0,66.92219821786672,4.4614798811911145,15,True,4.717548553958376e-06,False,1.4924242313495606,5.542233338928781e-13,9
UGC02885,0.5,0.7,19,1,80.6,64.0,"Sa96,RA85",0,2505.1915726927805,131.85218803646214,18.147681406094893,300.39259734510034,300.39259734510034,0.0,116.59294479550013,6.858408517382361,17,True,0.0002986312586384492,False,2.3012772907233545,1.1192469173693098e-10,9,43.36179012803049,547.69354110012,547.69354110012,0.0,44.186936254456484,2.5992315443797933,17,True,4.198292051869872e-05,False,1.700651668699651,1.829647544582258e-11,9
UGC02916,0.5,0.7,43,2,65.4,50.0,"No07,No05",0,4870.189152166938,113.26021284109157,7.820664208769386,194.70995915697466,194.70995915697466,0.0,1270.4119787760965,30.985658018929183,41,True,0.002528818709650738,False,2.734856505286106,3509.7624588323497,7,388.72082967929293,972.0536913427903,972.0536913427903,0.0,1849.0590014448464,45.09900003524016,41,True,0.0017629151086918224,False,0.25174667393884853,7.157700565585401e-08,9
UGC02953,0.5,0.7,115,2,16.5,50.0,"No07,No05",0,279323.36993117887,2428.8988689667726,6.863693989240145,284.2494582862219,284.2494582862219,0.0,9349.17187949656,82.73603433182797,113,True,0.18368397718383103,False,2.356515340786687,5.9306330513209105e-08,9,14.336381988514027,498.20197028202085,498.20197028202085,0.0,690.9445443030644,6.114553489407649,113,True,0.00024845114378275514,False,1.7953620100286596,2.7284841053187847e-12,9
UGC03205,0.5,0.7,48,1,50.0,67.0,"No07,No05",0,26381.73117406294,549.6193994596446,6.757001892440861,215.23765482182404,215.23765482182404,0.0,1108.7020235312589,24.102217902853454,46,True,0.012145263957509388,False,2.6346247787312764,7.077233021846041e-09,9,9.812862936960444,378.8730881192688,378.8730881192688,0.0,186.57117065168177,4.055895014166995,46,True,0.00021825729744737098,False,2.069166278489514,6.048139766789973e-11,9
UGC03546,0.5,0.7,30,1,28.7,55.0,"No07,No05",0,30473.905804664657,1015.7968601554886,6.418140140552452,175.81285125091748,175.81285125091748,0.0,64.54184245796195,2.3050658020700694,28,True,1.429855392104621e-05,False,2.836947483529902,1.1937117960769683e-12,9,23.043229884420615,360.25627091706633,360.25627091706633,0.0,102.2099907963394,3.6503568141549785,28,True,9.41292120726213e-05,False,2.1195519257963253,9.876544027065393e-12,9
UGC03580,0.5,0.7,47,2,20.7,63.0,"No07,No05",0,20411.653733205727,434.29050496182396,7.304971336839913,132.10862636468772,132.10862636468772,0.0,988.1747497759727,21.959438883910504,45,True,0.0007666540381826621,False,3.122743056477443,1.4210854715202004e-10,9,127.77428743233925,444.1280845135578,444.1280845135578,0.0,1390.6422123488833,30.90316027441963,45,True,0.004403927160554085,False,1.364342770521107,1.883108780020848e-09,9
UGC04278,0.5,0.7,25,1,9.51,90.0,"dB02,Sw02",0,1431.6929107316494,57.267716429265974,3.1799040357024473,98.68997914158386,98.68997914158386,0.0,17.142444471175455,0.7453236726598024,23,True,8.003648564706854e-06,False,3.4143841548192366,1.7408297026122455e-13,9,499.99999999998875,945.4894853792799,945.4894853792799,0.0,29.790991690538323,1.295260508284275,23,True,7.339095522634465e-07,True,2.220446049250313e-14,4.867217739956686e-12,9
UGC04325,0.5,0.7,8,1,9.6,41.0,"Sw09,Sw02",0,1829.814578220618,228.72682227757724,1.1493350068399952,100.15666228127333,100.15666228127333,0.0,13.527646587171999,2.2546077645286666,6,True,7.27111620705556e-05,False,3.3996319847227863,6.7483796328815515e-12,9,4.181004863156884,184.97078956610454,184.97078956610454,0.0,17.2082780719431,2.8680463453238496,6,True,7.1550815052665135e-06,False,2.7861696492758012,5.9827698351000436e-12,9
UGC04483,0.5,0.7,8,2,3.34,58.0,"Le14,Le12",0,240.0408537865931,30.005106723324136,0.3725150368274945,23.356959491991425,23.356959491991425,0.0,1.9888967236723218,0.3314827872787203,6,True,1.218395889632056e-06,False,2.9245451307730175,1.0769163338864018e-13,9,3.694656214170103,62.11394651328911,62.11394651328911,0.0,3.5588108321688345,0.5931351386948057,6,True,6.2452682280218235e-06,False,3.8773970223910244,9.9298347322474e-13,9
UGC04499,0.5,0.7,9,1,12.5,50.0,"Sw09,Sw02",0,973.2384413889004,108.1376045987667,2.245274542325232,73.05217357679668,73.05217357679668,0.0,5.598332092358543,0.7997617274797919,7,True,1.5057346993106743e-05,False,3.71519367525148,1.1803891197814664e-12,9,14.61157320223,166.272486983121,166.272486983121,0.0,7.3121460565795,1.0445922937970713,7,True,1.3314380650798156e-05,False,2.89273963721225,1.921129921811371e-12,9
UGC05005,0.5,0.7,11,1,53.7,41.0,"dB02,VH93",0,165.99506352054257,15.090460320049324,7.139100240841938,106.91823057557887,106.91823057557887,0.0,0.5225288284039116,0.05805875871154573,9,True,1.1487495979855448e-06,False,3.334303225566419,5.706546346573305e-14,9,107.04598572814345,310.00690607961184,310.00690607961184,0.0,1.9615062620451935,0.21794514022724373,9,True,5.048819287004623e-06,False,1.5413495831260988,1.056488230233299e-12,9
UGC05253,0.5,0.7,73,2,22.9,37.0,"No07,No05",0,26195.320510829602,358.8400069976658,8.213798636291425,237.2251252723618,237.2251252723618,0.0,405.12626366584664,5.706003713603474,71,True,0.004006462696549762,False,2.537357981716533,6.082814252295066e-10,9,28.411097188128803,444.6377213200817,444.6377213200817,0.0,431.6384205085685,6.07941437336012,71,True,0.002158779669185532,False,1.9091077264440992,6.607479008380324e-10,9
UGC05414,0.5,0.7,6,1,9.4,55.0,"Sw09,Sw02",0,380.35181333881036,63.391968889801724,1.742537683145021,59.500632273552874,59.500632273552874,0.0,0.980425436481503,0.24510635912037576,4,True,5.872996800673425e-07,False,3.9203806287088554,6.972200594645983e-14,9,499.9999999999967,781.6014883217837,781.6014883217837,0.0,4.234753664984265,1.0586884162460664,4,True,5.657208932968671e-07,True,6.217248937900877e-15,6.572520305780927e-14,9
UGC05716,0.5,0.7,12,2,21.3,54.0,vZ97,0,30647.392608623497,2553.949384051958,2.7739334661455803,78.626175479843,78.626175479843,0.0,201.84380824324154,20.184380824324155,10,True,0.00040244527522634754,False,3.641662902282346,4.135358722123783e-11,9,9.011766832575232,149.035866859885,149.035866859885,0.0,18.068671421672335,1.8068671421672335,10,True,3.383824275308729e-06,False,3.0021805734920823,4.654054919228656e-13,9
UGC05721,0.5,0.7,23,1,6.18,61.0,"dB02,Sw02",0,1960.3539917147,85.23278224846521,1.011437026576625,97.88089875023678,97.88089875023678,0.0,37.31706057268747,1.777002884413689,21,True,0.00027289714437738887,False,3.422616146953681,3.409894588912721e-11,9,2.5107760742180094,162.68432874043035,162.68432874043035,0.0,20.237538506983704,0.9636923098563669,21,True,1.3609570446017642e-05,False,2.91455587803709,2.8030910925735952e-12,9
UGC05750,0.5,0.7,11,1,58.7,64.0,"dB01,VdH93",0,157.36600770847173,14.306000700770158,5.055200657189879,84.91793874252805,84.91793874252805,0.0,0.5046425245744949,0.05607139161938832,9,True,3.7312069820111854e-07,False,3.5646822040428017,2.2093438190040615e-14,9,66.51231362752195,232.7655431402007,232.7655431402007,0.0,9.044358179566483,1.004928686618498,9,True,1.237498421514225e-05,False,2.01722100057058,6.703970711896545e-11,9
UGC05764,0.5,0.7,10,2,7.47,60.0,vZ97,0,22018.043939200248,2201.8043939200247,0.8193418076660427,58.720028198210684,58.720028198210684,0.0,38.02412378592684,4.753015473240855,8,True,1.2397251005398363e-06,False,3.712769070811387,2.8066438062523957e-12,9,2.733157778758231,116.25033887574901,116.25033887574901,0.0,53.8721000163022,6.734012502037775,8,True,7.665769335000974e-05,False,3.2506216081268224,1.8538059975981014e-11,9
UGC05829,0.5,0.7,11,2,8.64,34.0,"Sw09,Sw02",0,263.2653277820576,23.933211616550693,2.215945115346852,61.07405860731394,61.07405860731394,0.0,4.871809886939001,0.541312209659889,9,True,1.4572208000464795e-05,False,3.894280364340929,3.880451515669847e-12,9,144.45264140481297,378.253836440662,378.253836440662,0.0,0.7681068975871229,0.08534521084301366,9,True,1.152819572447395e-05,False,1.2416563857317335,2.1128654381641354e-12,9
UGC05918,0.5,0.7,8,2,7.66,46.0,"Sw09,Sw02",0,246.37586607907633,30.79698325988454,1.1341999552571154,45.428721376183155,45.428721376183155,0.0,2.4745831810418526,0.4124305301736421,6,True,6.715289050220269e-06,False,4.037950522577087,1.4974688156144111e-12,9,7.267236587030079,101.12058417328925,101.12058417328925,0.0,0.8785242835147973,0.1464207139191329,6,True,1.1635158923957258e-06,False,3.390053860238231,1.9617640845126516e-13,9
UGC05986,0.5,0.7,15,2,8.63,90.0,"Sw09,Sw02",0,5308.726320393997,353.9150880262665,2.2677675259720647,122.30015837545477,122.30015837545477,0.0,2.1702152740260496,0.1669396364635423,13,True,1.1207734762649642e-06,False,3.1998892299828574,4.263256414560601e-14,9,22.329298485508232,317.9128212989862,317.9128212989862,0.0,75.53808348291287,5.810621806377913,13,True,2.755902210024198e-05,False,2.2445903693137224,5.616129783447832e-11,9
UGC06399,0.5,0.7,9,1,18.0,75.0,"VS01,SV98",0,645.8223852493917,71.75804280548796,2.3821669427673275,89.77980403251854,89.77980403251854,0.0,1.1312519621604724,0.16160742316578178,7,True,2.8934080777785187e-06,False,3.509007517050919,3.175237850427948e-14,9,26.269257809143006,252.4131977308831,252.4131977308831,0.0,4.605951989227127,0.657993141318161,7,True,1.4344812222323056e-06,False,2.4753001494005913,3.0047075938455237e-12,9
UGC06446,0.5,0.7,17,1,12.0,51.0,"VS01,SV98",0,1654.1110876010428,97.30065221182605,1.8676271041684989,89.51245615038471,89.51245615038471,0.0,32.40938000175719,2.1606253334504797,15,True,0.00018191872716851555,False,3.5119897771887256,2.4485302674293052e-11,9,5.417788022953926,163.94905359573397,163.94905359573397,0.0,3.2203180238703917,0.2146878682580261,15,True,4.166084980282763e-06,False,2.9068118368938833,8.393286066166183e-14,9
UGC06614,0.5,0.7,13,1,88.7,36.0,"dB01,VH93",0,353.15566400097987,27.16582030776768,17.295826615621397,213.2740984295997,213.2740984295997,0.0,1.5331487896026748,0.13937716269115225,11,True,1.2079177275585932e-06,False,2.6437893821315672,1.1124434706744069e-13,9,499.9999999999994,877.9801117741326,877.9801117741326,0.0,9.72168997228397,0.8837899974803609,11,True,1.5781371347683268e-07,True,8.881784197001252e-16,1.5987211554602254e-14,9
UGC06667,0.5,0.7,9,1,18.0,89.0,"VS01,SV98",0,2018.406007131055,224.2673341256728,2.165500647044473,93.51697454436598,93.51697454436598,0.0,5.340182847505873,0.7628832639294104,7,True,8.336241507300338e-06,False,3.4682246019040246,5.204725539442734e-13,9,20.061081333328282,238.2511148947112,238.2511148947112,0.0,9.14720476509945,1.3067435378713501,7,True,3.90302220662517e-06,False,2.533042345610782,1.0196288258157438e-12,9
UGC06786,0.5,0.7,45,1,29.3,64.0,"No07,No05",0,58784.5876020696,1306.32416893488,5.322630160053133,247.92064055871415,247.92064055871415,0.0,1046.014056668713,24.325908294621232,43,True,0.008933886739336701,False,2.493258870442588,1.3478711480274796e-09,9,15.60786798407079,444.9258203268459,444.9258203268459,0.0,40.875024817630404,0.9505819725030327,43,True,2.884863476812517e-05,False,1.9084599952740389,4.050093593832571e-13,9
UGC06787,0.5,0.7,71,2,21.3,66.0,"No07,No05",0,104185.43018739478,1467.4004251745744,5.9179067420052585,253.64173777569192,253.64173777569192,0.0,4697.332895421683,68.07728833944468,69,True,0.032697320072827385,False,2.4704447774947322,1.0325493349228054e-08,9,19.202974852617167,473.6544071872018,473.6544071872018,0.0,2013.6147177457976,29.18282199631591,69,True,0.0006903868818128057,False,1.8458896106381122,1.1141310096718371e-11,9
UGC06818,0.5,0.7,8,2,18.0,75.0,"VS01,SV98",0,201.124615077696,25.140576884712,5.876326870246235,117.2350134441708,117.2350134441708,0.0,6.917739354415579,1.1529565590692632,6,True,8.467975073818446e-06,False,3.242186985600445,6.31494856406789e-13,9,499.999999999999,723.7504668357948,723.7504668357948,0.0,21.539573936093483,3.589928989348914,6,True,1.2155623646799463e-05,True,1.7763568394002505e-15,7.069900220812997e-13,9
UGC06917,0.5,0.7,11,1,18.0,56.0,"VS01,SV98",0,1417.006764141323,128.81879674012026,2.6623450250376313,107.23394218776438,107.23394218776438,0.0,7.881040396518237,0.8756711551686931,9,True,2.2344995007183334e-05,False,3.3313547442427636,3.2427394103251572e-12,9,17.708485198417446,246.99199080270853,246.99199080270853,0.0,7.231405995990665,0.8034895551100738,9,True,1.0220301515539042e-06,False,2.497011657447965,2.8848035071860068e-12,9
UGC06923,0.5,0.7,6,2,18.0,65.0,"VS01,SV98",0,183.3267521911743,30.55445869852905,1.9259911946695853,77.4300139866373,77.4300139866373,0.0,1.185254823259986,0.2963137058149965,4,True,2.832293104093152e-07,False,3.6569930846157357,2.1094237467877974e-13,9,197.29910763589768,616.2521368736845,616.2521368736845,0.0,3.8197409994084515,0.9549352498521129,4,True,6.681662367129422e-05,False,0.9298872082832332,2.1452555287737596e-09,9
UGC06930,0.5,0.7,10,1,18.0,32.0,"VS01,SV98",0,573.9044498080112,57.39044498080112,3.50368749102329,110.080577427729,110.080577427729,0.0,10.077590774595379,1.2596988468244223,8,True,7.942469030634627e-05,False,3.305154947950909,1.311839525897085e-11,9,9.98845523925866,201.68309233479013,201.68309233479013,0.0,2.219114068064337,0.27738925850804214,8,True,1.4216955483992916e-06,False,2.6996699520103515,4.263256414560601e-14,9
UGC06983,0.5,0.7,17,1,18.0,49.0,"VS01,SV98",0,1921.8246424331376,113.04850837841985,2.926785268916509,116.5727644744801,116.5727644744801,0.0,25.902272950711517,1.7268181967141012,15,True,0.00015593338766157079,False,3.247851901854469,2.5153212845907547e-11,9,8.451087832888831,215.8639795022168,215.8639795022168,0.0,8.95131872800076,0.5967545818667174,15,True,3.9079955644555344e-06,False,2.631719082852624,4.050093593832571e-13,9
UGC07089,0.5,0.7,12,2,18.0,80.0,"VS01,SV98",0,265.2821842595841,22.106848688298673,3.616253406831463,74.70208873011138,74.70208873011138,0.0,2.4416041338830867,0.24416041338830868,10,True,2.168528495274157e-06,False,3.692859514321249,3.694822225952521e-13,9,499.9999999998266,682.9468588974943,682.9468588974943,0.0,2.799620020168974,0.2799620020168974,10,True,4.817132858607832e-09,True,3.4638958368304884e-13,1.0307310560619953e-12,9
UGC07125,0.5,0.7,13,1,19.8,90.0,"Sw09,Sw02",0,1052.0192957065572,80.9245612081967,3.9923536988426322,59.95292630934393,59.95292630934393,0.0,6.72753089327071,0.6115937175700645,11,True,1.7362868746170238e-05,False,3.912807874868532,1.588951192843524e-12,9,14.401870819552093,115.6989605392533,115.6989605392533,0.0,9.38806032725447,0.8534600297504064,11,True,1.0316361629109642e-05,False,3.255375917594228,1.6289192217300297e-12,9
UGC07151,0.5,0.7,11,1,6.87,90.0,"Sw09,Sw02",0,1287.309811043247,117.02816464029519,1.2241921208563693,70.06244683444918,70.06244683444918,0.0,19.295672761160493,2.1439636401289435,9,True,8.726996986414157e-05,False,3.756980625648497,1.6541434888495132e-11,9,7.217262375770887,152.51832721359528,152.51832721359528,0.0,26.31386319613557,2.9237625773483966,9,True,2.1641350332528925e-05,False,2.979082800373826,5.6630256040079985e-12,9
UGC07232,0.5,0.7,4,2,2.83,59.0,"Sw09,Sw02",0,72.74398967769565,18.185997419423913,37.27274410957763,2999.999999999928,2999.999999999928,0.0,0.22415558532031896,0.11207779266015948,2,True,3.292039893644087e-08,True,2.3092638912203256e-14,8.881784197001252e-16,9,499.9999999999994,1152.670015504061,1152.670015504061,0.0,4.811074818610487,2.4055374093052433,2,True,6.645914156427343e-08,True,8.881784197001252e-16,6.217248937900877e-15,9
UGC07261,0.5,0.7,7,2,13.1,30.0,"Sw09,Sw02",0,238.68792971210934,34.098275673158476,1.4506889370110523,77.77320504029225,77.77320504029225,0.0,8.36007637056088,1.6720152741121759,5,True,6.171817411606211e-05,False,3.6525706040104975,1.6822099269120372e-11,9,4.447726561050397,141.95521479187067,141.95521479187067,0.0,0.24362888548502004,0.04872577709700401,5,True,8.749038043123616e-08,False,3.0508559485841324,1.304512053934559e-14,9
UGC07323,0.5,0.7,10,1,8.0,47.0,"Sw09,Sw02",0,370.1265281054037,37.01265281054037,2.590546970567175,80.90605207180117,80.90605207180117,0.0,2.7797825694193175,0.3474728211774147,8,True,6.404990679159849e-07,False,3.613078937090907,2.2648549702353193e-14,9,499.99999999957396,873.4254524084222,873.4254524084222,0.0,5.7109996192436885,0.7138749524054611,8,True,4.2635966479825114e-08,True,8.517631044924201e-13,1.3713474800169934e-12,9
UGC07399,0.5,0.7,10,1,8.43,55.0,"Sw09,Sw02",0,3291.413859907484,329.1413859907484,1.2965143228643354,110.67910775177245,110.67910775177245,0.0,52.4445437687427,6.555567971092837,8,True,0.0007019955878607959,False,3.299732474276732,6.200906454978394e-11,9,5.8545986094058025,224.65873585856062,224.65873585856062,0.0,8.108232858396804,1.0135291072996004,8,True,1.6515760696526783e-05,False,2.5917850463619363,7.567280135845067e-13,9
UGC07524,0.5,0.7,31,1,4.74,46.0,"Sw09,Sw02",0,3195.841413373801,103.09165849592907,2.633213507643069,80.56409679932834,80.56409679932834,0.0,19.317833307112586,0.6661321830038823,29,True,3.6508566018104406e-05,False,3.617314466519451,1.4708234630234074e-12,9,19.788792759845197,187.09162021615504,187.09162021615504,0.0,23.40060237267853,0.8069173231958114,29,True,1.4196015483933628e-05,False,2.774769123100861,4.11404244005098e-12,9
UGC07559,0.5,0.7,7,2,4.97,61.0,"Sw09,Sw02",0,64.68628562193528,9.240897945990755,1.041732688033421,30.792093032978258,30.792093032978258,0.0,0.25147527747839815,0.05029505549567963,5,True,8.735424447282801e-07,False,3.9529083784520256,2.892130979148533e-14,9,499.99999999994077,519.0337046849194,519.0337046849194,0.0,2.139258771258667,0.4278517542517334,5,True,6.12174352233787e-06,True,1.1812772982011666e-13,1.0520473381347983e-12,9
UGC07577,0.5,0.7,9,2,2.59,63.0,"Sw09,Sw02",0,5.350683887844524,0.5945204319827249,271.4183499154267,2999.9999999999923,2999.9999999999923,0.0,0.8882134985315794,0.1268876426473685,7,True,1.4670247080007972e-08,True,1.7763568394002505e-15,1.9636514636545144e-12,9,499.9999999999994,213.57602359151898,213.57602359151898,0.0,1.3591168742005693,0.1941595534572242,7,True,1.8404290923505018e-07,True,8.881784197001252e-16,6.661338147750939e-16,9
UGC07603,0.5,0.7,12,1,4.7,78.0,"Sw09,Sw02",0,1421.4636847881948,118.4553070656829,1.0992676722897012,68.53223403855694,68.53223403855694,0.0,4.8435885028857815,0.48435885028857817,10,True,7.291771589918532e-06,False,3.7790633631594224,5.266898028821743e-13,9,9.493463628246067,169.8389785432043,169.8389785432043,0.0,15.146242226458801,1.5146242226458801,10,True,6.67759504237734e-06,False,2.871516764503169,1.3532286402551108e-11,9
UGC07690,0.5,0.7,7,2,8.11,41.0,"Sw09,Sw02",0,194.98169943718133,27.854528491025906,0.7022972041515819,61.2307103020141,61.2307103020141,0.0,2.5683955747368676,0.5136791149473735,5,True,2.3179831651702853e-05,False,3.5586244086142824,2.7213786779611837e-12,9,1.4514802177231243,102.17726864509541,102.17726864509541,0.0,1.678671877079489,0.3357343754158978,5,True,6.314613039224695e-07,False,3.379658334922099,4.563016631209393e-13,9
UGC07866,0.5,0.7,7,2,4.57,44.0,"Sw09,Sw02",0,51.847560434876975,7.4067943478395675,0.71757819322805,29.566626314399645,29.566626314399645,0.0,0.965305637572486,0.1930611275144972,5,True,4.551640420119599e-06,False,3.580149648250665,6.972200594645983e-13,9,11.920271770913702,97.24867695277028,97.24867695277028,0.0,0.2183988448429386,0.04367976896858772,5,True,1.2633601798542894e-06,False,3.429096189842997,2.342293026202924e-13,9
UGC08286,0.5,0.7,17,1,6.5,90.0,"Sw09,Sw02",0,7955.663805940957,467.9802238788798,1.6939349181324634,92.98846477447628,92.98846477447628,0.0,126.3469829721398,8.423132198142653,15,True,0.0007997532880614335,False,3.473892116872978,1.353868128717295e-10,9,5.050209029136575,169.31904167362953,169.31904167362953,0.0,36.78028914233904,2.4520192761559363,15,True,4.855913635650956e-05,False,2.8745828118668975,1.9113599591946695e-12,9
UGC08490,0.5,0.7,30,1,4.65,50.0,"Sw09,Sw02",0,4436.133259837869,147.87110866126233,1.646249668853123,94.8798819960158,94.8798819960158,0.0,134.70770809572386,4.810989574847281,28,True,0.0014417316441785644,False,3.4537558761198186,3.6493474908638746e-10,9,3.18664964690417,158.41748282462066,158.41748282462066,0.0,3.147920879005663,0.11242574567877368,28,True,5.2235232107499115e-06,False,2.941133722992837,6.261657858885883e-14,9
UGC08550,0.5,0.7,11,1,6.7,90.0,"Sw09,Sw02",0,2212.8170047782714,201.16518225257013,1.2244779617912156,61.90996288425161,61.90996288425161,0.0,43.301730751713876,4.811303416857097,9,True,0.0002276278245729528,False,3.8806864496306464,6.180300715641351e-11,9,4.412770106278771,117.92639231848568,117.92639231848568,0.0,6.872527099774204,0.7636141221971338,9,True,1.3067543565542885e-05,False,3.236306931736089,6.039613253960852e-13,9
UGC08699,0.5,0.7,41,2,39.3,73.0,"No07,No05",0,6535.558138669209,159.4038570407124,4.461260051847632,183.28949755723323,183.28949755723323,0.0,360.1567147281129,9.2347875571311,39,True,0.0028334958014290057,False,2.795300710915087,3.936975190299563e-10,9,11.371084675002127,330.14299215293426,330.14299215293426,0.0,37.85870894243767,0.9707361267291711,39,True,6.082723453766333e-06,False,2.2068416974868486,2.6290081223123707e-12,9
UGC08837,0.5,0.7,8,2,7.21,80.0,"Sw09,Sw02",0,142.12659915624423,17.765824894530528,19.73386947011854,328.64869548706383,328.64869548706383,0.0,2.105884146169343,0.3509806910282238,6,True,1.3221009435753886e-06,False,2.2113781822561185,2.495337270147502e-12,9,499.9999999999821,471.40352342385216,471.40352342385216,0.0,25.16062996293634,4.1934383271560565,6,True,1.0614709737195036e-05,True,3.552713678800501e-14,1.0267342531733448e-11,9
UGC09037,0.5,0.7,22,2,83.6,65.0,Ha14,0,749.686609056385,34.0766640480175,11.719273989609505,151.57624569310005,151.57624569310005,0.0,79.54842102546944,3.977421051273472,20,True,9.665617463691652e-05,False,2.985278797398001,7.986500349943526e-11,9,499.999999999999,766.9210945687171,766.9210945687171,0.0,136.3045890298748,6.81522945149374,20,True,2.928723724243097e-06,True,1.7763568394002505e-15,6.821210263296962e-13,9
UGC09133,0.5,0.7,68,1,57.1,53.0,"No07,No05",0,119660.49594000602,1759.7131755883238,20.534083195566183,248.14883909589992,248.14883909589992,0.0,3124.134947251131,47.3353779886535,66,True,0.009834016461980885,False,2.492338843863081,4.7084540710784495e-09,9,28.581083779012804,433.66955960977594,433.66955960977594,0.0,623.320323460896,9.444247325165092,66,True,8.528217441914762e-05,False,1.9340847069369955,3.296918293926865e-12,9
UGC09992,0.5,0.7,5,2,10.7,30.0,"Sw09,Sw02",0,19.621204973446662,3.9242409946893324,0.5888934450370067,32.52888322747575,32.52888322747575,0.0,0.6525777809197056,0.21752592697323522,3,True,8.089613859578886e-06,False,3.3825129854753677,1.226574397605873e-12,9,0.9075047549963199,53.61441699491154,53.61441699491154,0.0,0.03676241852971801,0.012254139509906004,3,True,6.00787624413015e-08,False,3.814966532236654,9.71445146547012e-16,9
UGC10310,0.5,0.7,7,1,15.2,34.0,"Sw09,Sw02",0,267.16061834807084,38.16580262115298,1.7190401264836461,74.11055569262884,74.11055569262884,0.0,1.4875029653816174,0.2975005930763235,5,True,5.296045933838408e-06,False,3.7008095935012344,4.627409566637652e-13,9,7.310391701178826,143.48313577735385,143.48313577735385,0.0,2.843340184425143,0.5686680368850286,5,True,9.634602754061544e-07,False,3.0401500600719746,9.752199048307375e-13,9
UGC11455,0.5,0.7,36,1,78.6,90.0,SG06,0,2835.2297025828884,78.75638062730246,10.142259679462558,246.0154322921044,246.0154322921044,0.0,147.4496439278446,4.3367542331719,34,True,0.0007473279102094781,False,2.5009733007907755,1.2363443602225743e-10,9,130.98466132030453,675.4397003556188,675.4397003556188,0.0,170.4788640377215,5.014084236403574,34,True,2.126608083378159e-05,False,1.3395278712344911,1.6208900888159405e-10,9
UGC11557,0.5,0.7,12,2,24.2,30.0,"Sw02,dB01",0,26.137620731114133,2.1781350609261776,11.716414452181828,110.01893796487684,110.01893796487684,0.0,10.656023201992557,1.0656023201992557,10,True,8.638060003548702e-07,False,3.3057150533591706,15.481597531373854,8,499.99999999999005,424.7666276843266,424.7666276843266,0.0,14.784189039949045,1.4784189039949045,10,True,4.263483778310771e-08,True,1.9539925233402755e-14,1.936228954946273e-13,9
UGC11820,0.5,0.7,10,1,18.1,45.0,"KN08,vZ97",0,11946.909530837438,1194.6909530837438,4.6409511284143194,82.815348840388,82.815348840388,0.0,124.72083200309085,15.590104000386356,8,True,0.00047626895224837744,False,3.589754150969931,8.574829735152889e-11,9,23.52752359789253,182.42522479913782,182.42522479913782,0.0,10.652460786878212,1.3315575983597765,8,True,1.1552745759147167e-05,False,2.8000272057168063,4.725109192804666e-13,9
UGC11914,0.5,0.7,65,1,16.9,31.0,"No07,No05",0,13401.553723749452,206.17774959614542,1.9257816499709155,223.62580763230991,223.62580763230991,0.0,1184.4893941230514,18.80141895433415,63,True,0.024789139687784414,False,2.5963934142803833,1.599892129888758e-08,9,3.771536367347618,400.6735294457032,400.6735294457032,0.0,302.77254256578124,4.80591337406002,63,True,0.0005757462680702855,False,2.0132206129696346,4.3439740693429485e-10,9
UGC12506,0.5,0.7,31,2,100.6,86.0,Ha14,0,2415.8371683371215,77.93023123668134,7.24203196416108,274.4957741534292,274.4957741534292,0.0,100.75965028418747,3.4744706994547405,29,True,0.000759372476002176,False,2.3914317015243363,1.1576162251003552e-10,9,10.292026806412958,454.94962850891545,454.94962850891545,0.0,4.859293418276351,0.16756184200952937,29,True,2.5983619545313178e-06,False,1.8861808614015327,4.973799150320701e-14,9
UGC12632,0.5,0.7,15,1,9.77,46.0,"Sw09,Sw02",0,1827.6531048583142,121.84354032388761,2.4115601905910378,76.31009215378637,76.31009215378637,0.0,13.859623651643323,1.0661248962802556,13,True,3.153866808798205e-05,False,3.6715623687254473,5.53157519789238e-12,9,8.51638020013934,143.63603643866767,143.63603643866767,0.0,4.427915927158581,0.34060891747373695,13,True,2.213949383361236e-06,False,3.0390849923888412,2.5579538487363607e-13,9
UGC12732,0.5,0.7,16,1,13.2,39.0,"Sw09,Sw02",0,2614.7838188728706,163.4239886795544,3.7014440533899142,95.7830224824907,95.7830224824907,0.0,66.91585292417435,4.779703780298168,14,True,0.0003683604822413612,False,3.4442821167240663,1.1236522823310224e-10,9,14.30299808371264,187.52627428356936,187.52627428356936,0.0,2.9218808273531773,0.2087057733823698,14,True,9.918863116695446e-07,False,2.7724486025446335,6.483702463810914e-14,9
UGCA442,0.5,0.7,8,1,4.35,64.0,Co00,0,4310.3525526204585,538.7940690775573,1.9823128341559997,63.03012749496222,63.03012749496222,0.0,7.326200258643117,1.2210333764405195,6,True,3.5291167706392772e-06,False,3.862754741360936,1.5187850976872141e-13,9,22.2038747009357,169.0485119547932,169.0485119547932,0.0,12.292938437872301,2.048823072978717,6,True,1.630159979472507e-05,False,2.8761818409320563,5.149658477421326e-12,9
UGCA444,0.5,0.7,36,2,0.98,78.0,Ke07,0,455.08694324114396,12.641303978920666,0.8338480322241348,34.811214399777704,34.811214399777704,0.0,13.197829808714065,0.38817146496217836,34,True,4.370281518858606e-05,False,3.7303188966428924,1.0096812275151024e-11,9,499.999999999999,647.8410525291638,647.8410525291638,0.0,2.0268262459817192,0.05961253664652116,34,True,8.028739291949863e-09,True,1.7763568394002505e-15,1.9051427102567686e-13,9
CamB,0.3,0.42,9,2,3.36,65.0,Bm03,0,57.75505351198768,6.417228167998632,227.73562588411755,2999.9999999999814,2999.9999999999814,0.0,16.81321559181184,2.4018879416874057,7,True,1.0883118534927116e-06,True,5.329070518200751e-15,40.941837970415406,8,499.9999999997054,234.82841793061112,234.82841793061112,0.0,34.62660925047682,4.946658464353831,7,True,4.282185358952302e-07,True,5.88862292261183e-13,2.5366375666635577e-12,9
D512-2,0.3,0.42,4,2,15.2,56.0,Tr09,0,127.96999299094415,31.992498247736037,1.0047738937465143,39.99162754163246,39.99162754163246,0.0,0.19839769255451267,0.09919884627725634,2,True,1.5871194816243775e-07,False,3.9167855402803333,1.2434497875801753e-14,9,7.650235009411587,96.37562505490747,96.37562505490747,0.0,0.7555175768710753,0.3777587884355377,2,True,1.8482787623839175e-07,False,3.4381142501337507,5.372369216161132e-13,9
D564-8,0.3,0.42,6,2,8.79,63.0,Tr09,0,271.11029139765657,45.185048566276095,1.1260047561642055,27.06058551149906,27.06058551149906,0.0,0.2310637544364833,0.057765938609120826,4,True,3.899051891048518e-07,False,4.03069875908362,5.662137425588298e-15,9,499.9999999999994,432.3240648287387,432.3240648287387,0.0,3.175881066602841,0.7939702666507102,4,True,1.3145122481635484e-07,True,8.881784197001252e-16,5.773159728050814e-15,9
D631-7,0.3,0.42,16,1,7.72,59.0,"Tr09,dB01",0,1836.1260326993884,114.75787704371177,3.1637210711563375,68.85015607166531,68.85015607166531,0.0,5.921070237475807,0.4229335883911291,14,True,2.0388302289444297e-06,False,3.774435075642054,2.1405099914773018e-13,9,499.99999999904196,657.0833036723031,657.0833036723031,0.0,71.62732232184133,5.116237308702952,14,True,0.00018804362059840206,True,1.91580085129317e-12,4.789058039023075e-12,9
DDO064,0.3,0.42,14,1,6.8,60.0,"dB02,Sw02",1,214.73089489097575,16.517761145459673,0.9843675670936335,49.485858189246464,49.11830378954989,6.020165576103383,3.5612608098950043,0.296771734157917,12,True,8.972909163931811e-07,False,3.8962670975424913,1.7896795156957523e-13,9,499.9999999999994,849.1609894160625,848.4278720937776,35.27792228137609,6.5932466127456575,0.5494372177288048,12,True,1.5470209167185647e-07,True,8.881784197001252e-16,2.930100606590713e-12,9
DDO154,0.3,0.42,12,2,4.04,64.0,"Be91,CB89",0,72680.25605150506,6056.688004292088,1.7234773752248187,50.96421201206416,50.96421201206416,0.0,36.30493760901247,3.630493760901247,10,True,2.8640256595762857e-05,False,4.075243906503971,1.3642420526593924e-12,9,15.595312304891042,138.21714205263385,138.21714205263385,0.0,100.8740579154894,10.08740579154894,10,True,0.00013311183216026745,False,3.077541626001273,2.566480361565482e-11,9
DDO161,0.3,0.42,31,1,7.5,70.0,Co00,0,12193.83246466758,393.3494343441155,4.598070970689618,68.87023457589672,68.87023457589672,0.0,18.49385204158248,0.6377190359166371,29,True,7.5759602162972455e-06,False,3.7741434920315333,2.6645352591003757e-13,9,51.299705680432226,198.09201519164324,198.09201519164324,0.0,25.152305991149074,0.8673208962465198,29,True,4.744505691717434e-06,False,2.276923083485469,3.907985046680551e-12,9
DDO168,0.3,0.42,10,2,4.25,63.0,"Sa96,Br92",0,1780.561528761056,178.0561528761056,1.7325268246924237,61.35522223890986,61.35522223890986,0.0,23.50535558449923,2.938169448062404,8,True,3.830499782309757e-05,False,3.889687278047383,1.0317080523236655e-11,9,499.99999999987995,797.7746819539283,797.7746819539283,0.0,81.99276898753259,10.249096123441573,8,True,0.00011866774297280284,True,2.398081733190338e-13,3.497291345411213e-11,9
DDO170,0.3,0.42,8,2,15.4,66.0,"Be91,La90",0,5203.376505453731,650.4220631817163,3.295388809344969,64.0588387227593,64.0588387227593,0.0,43.78549737390533,7.297582895650888,6,True,0.00012676646750612076,False,3.846565551595469,1.894306933536427e-11,9,12.278073392250505,126.32296670577563,126.32296670577563,0.0,12.754649835896227,2.125774972649371,6,True,6.59681166194193e-06,False,3.1675257123407734,2.5224267119483557e-13,9
ESO079-G014,0.3,0.42,15,1,28.7,79.0,Ge04,0,9273.775134519366,618.2516756346245,5.182966787732754,184.64342218776574,184.64342218776574,0.0,13.08618456164789,1.0066295816652224,13,True,3.809181817710482e-05,False,2.7879410501231234,8.899547765395255e-13,9,50.411404709032084,490.80393753259915,490.80393753259915,0.0,55.270899308503346,4.251607639115642,13,True,2.2435566633519752e-05,False,1.8103228321631137,3.020517169716186e-11,9
ESO116-G012,0.3,0.42,15,1,13.0,74.0,Ge04,0,6318.5125587417615,421.2341705827841,2.4065475128337614,120.00706952486486,120.00706952486486,0.0,34.73859940606002,2.672199954312309,13,True,7.358245015006418e-05,False,3.218816913896278,4.597211500367848e-12,9,16.44369139358229,271.24809124182536,271.24809124182536,0.0,30.174516999827244,2.3211166922944035,13,True,4.4352504481079535e-05,False,2.403333699716832,3.4994229736184934e-12,9
ESO444-G084,0.3,0.42,7,2,4.83,32.0,Co00,0,2079.7006588474187,297.10009412105984,1.1517690921801942,69.9982151475289,69.9982151475289,0.0,23.040981795687305,4.608196359137461,5,True,1.742298043306275e-05,False,3.757897823818408,3.204547738278052e-12,9,11.540613691078844,188.40354911147148,188.40354911147148,0.0,3.2066890026757835,0.6413378005351567,5,True,3.736580110918944e-05,False,2.767781367514127,4.7628567756419216e-12,9
ESO563-G021,0.3,0.42,30,1,60.8,83.0,SG06,0,12656.052244662302,421.86840815541007,6.525399883177174,377.17154983692507,377.17154983692507,0.0,296.24992243573195,10.580354372704713,28,True,0.00040524734233816635,False,2.0736674443460075,7.287326297955588e-11,9,30.257277176981408,671.8863038744229,671.8863038744229,0.0,662.1434745619338,23.647981234354777,28,True,0.0009133689787521068,False,1.4962784321045124,3.0104274628683925e-10,9
F565-V2,0.3,0.42,7,2,51.8,60.0,"dB97,dB96",0,323.29906514894736,46.18558073556391,3.168085028046724,88.72632749470041,88.72632749470041,0.0,0.28310644405547314,0.05662128881109463,5,True,4.5020861686791693e-07,False,3.5208109073282285,7.494005416219807e-15,9,499.9999999999994,860.2020657460819,860.2020657460819,0.0,1.8618387458078303,0.37236774916156606,5,True,4.856315042897063e-07,True,8.881784197001252e-16,1.5543122344752192e-15,9
F568-3,0.3,0.42,18,1,82.4,40.0,"KN08,dB96",0,709.5924098776637,39.421800548759094,3.817962411087589,117.20593203520521,117.20593203520521,0.0,13.946971820525905,0.871685738782869,16,True,1.4638966407220892e-05,False,3.2424350771533543,1.3820056210533949e-12,9,499.9999999999479,882.2158005282819,882.2158005282819,0.0,53.037793692072746,3.3148621057545467,16,True,1.1289949562783436e-05,True,1.0391687510491465e-13,1.4104273304837989e-11,9
F568-V1,0.3,0.42,15,1,80.6,40.0,"dB01,dB96",0,810.2228622528195,54.0148574835213,2.4516527608772973,132.69230534679568,132.69230534679568,0.0,6.561878607198976,0.5047598928614596,13,True,3.262192922099252e-05,False,3.118334613322645,4.505729123138735e-12,9,7.812575706044777,247.84413893888365,247.84413893888365,0.0,2.96051412706868,0.22773185592835998,13,True,1.5367891828482836e-06,False,2.4935674910772176,2.970956813896919e-13,9
F571-8,0.3,0.42,13,1,53.3,85.0,"dB01,dB96",0,2760.3426937583845,212.33405336602956,4.7425373660238845,163.60027440331902,163.60027440331902,0.0,21.355871299933114,1.941442845448465,11,True,2.3735002836586745e-06,False,2.908941466201105,6.394884621840902e-14,9,499.99999999999494,1266.8576316783808,1266.8576316783808,0.0,99.19836537402438,9.018033215820397,11,True,1.6510924253024694e-06,True,9.769962616701378e-15,5.073275133327115e-12,9
F571-V1,0.3,0.42,7,2,80.1,30.0,"dB97,dB96",0,316.85828396999335,45.26546913857048,3.8758007968278263,90.43392499233354,90.43392499233354,0.0,0.6667147966515461,0.1333429593303092,5,True,7.807087927911643e-07,False,3.5017480941868486,7.560618797697316e-14,9,22.69664981614233,201.44356905856353,201.44356905856353,0.0,1.611405981108085,0.322281196221617,5,True,1.596484042079164e-07,False,2.7008582797859697,6.368239269249898e-13,9
F574-1,0.3,0.42,14,1,96.8,65.0,"dB01,dB96",0,2017.9461776724384,144.13901269088845,2.786505478144108,109.7381103502592,109.7381103502592,0.0,14.094383243059937,1.1745319369216614,12,True,6.715506197366615e-05,False,3.308270855501923,5.6203930398623925e-12,9,14.868963946403525,225.56553561080437,225.56553561080437,0.0,20.413734489741557,1.7011445408117964,12,True,6.209797855980344e-06,False,2.587756827379118,3.936406756110955e-12,9
F583-1,0.3,0.42,25,1,35.4,63.0,"KN08,dB96",0,1473.529072221148,58.94116288884592,3.172201620778569,93.98925296933214,93.98925296933214,0.0,8.716528378481186,0.37897949471657333,23,True,3.678237661867921e-05,False,3.4631871220299155,2.6965096822095802e-12,9,27.906797317736444,224.02156113418272,224.02156113418272,0.0,36.29467807615113,1.5780294815717881,23,True,2.309954352276564e-05,False,2.5946252653641118,3.7211123071756447e-11,9
F583-4,0.3,0.42,12,1,53.3,55.0,"KN08,dB96",0,628.5521676367854,52.37934730306545,2.048208836425128,69.3061084871563,69.3061084871563,0.0,12.96348003095354,1.296348003095354,10,True,0.00013118377042264516,False,3.767834519781169,3.624123223744391e-11,9,21.184019339574927,187.45750053066942,187.45750053066942,0.0,1.7725139097739564,0.17725139097739565,10,True,3.1848449533015955e-07,False,2.77281541176834,4.1966430330830917e-13,9
IC2574,0.3,0.42,34,2,3.91,75.0,"Sa96,MC94",0,17843.102326153916,524.7971272398211,4.236492507724159,64.40371026318411,64.40371026318411,0.0,159.9474209971782,4.998356906161819,32,True,0.0004062104246353119,False,3.8411963234171287,6.690470399917103e-11,9,499.9999999999994,515.7997490754258,515.7997490754258,0.0,1079.5312970666826,33.73535303333383,32,True,3.632186394212684e-05,True,8.881784197001252e-16,2.7193891583010554e-10,9
IC4202,0.3,0.42,32,1,100.4,90.0,SG06,0,10364.206585486547,323.8814557964546,4.355154590250388,257.14341612726275,257.14341612726275,0.0,578.727027633407,19.29090092111357,30,True,0.0014169832874431957,False,2.456733598995422,2.453361958032474e-10,9,21.315195724203242,499.3768594054754,499.3768594054754,0.0,887.1497597260949,29.571658657536496,30,True,0.0015781585581735073,False,1.7930065276713565,8.05357558419928e-10,9
KK98-251,0.3,0.42,15,2,6.8,59.0,BC04,0,365.23581221774805,24.34905414784987,1.4942236568465819,36.42398968235495,36.42398968235495,0.0,2.8241437037339736,0.21724182336415182,13,True,2.2993114095443766e-06,False,4.313629784312239,2.1671553440683056e-13,9,499.99999999991724,491.09078795694,491.09078795694,0.0,24.18252066720473,1.860193897477287,13,True,1.561671120632388e-07,True,1.652011860642233e-13,6.135536523288465e-12,9
NGC0024,0.3,0.42,29,1,7.3,64.0,"Di08,Ch06",0,3227.113625567178,111.27978019197165,1.47755310172277,150.1542106772956,150.1542106772956,0.0,100.10413168903811,3.7075604329273375,27,True,0.00013937048655215535,False,2.9947047304752763,1.5063505998114124e-11,9,3.8112011834559842,220.8507224629731,220.8507224629731,0.0,29.268996108025163,1.084036892889821,27,True,1.556135935467769e-05,False,2.6088805583295063,2.6290081223123707e-13,9
NGC0055,0.3,0.42,21,2,2.11,77.0,"Sa96,Pu91",0,3244.573844305636,154.5035163955065,3.953818707557236,87.70286747857834,87.70286747857834,0.0,5.129989335517551,0.26999943871145005,19,True,7.978012382166099e-06,False,3.532412972357614,1.7141843500212417e-13,9,90.70367620755476,333.6620133713003,333.6620133713003,0.0,45.030068209699365,2.370003589984177,19,True,1.872930510246106e-05,False,1.7070102106169145,1.0692957630453748e-10,9
NGC0100,0.3,0.42,21,1,13.5,89.0,"dB02,Rh96",0,1538.4662755303425,73.26029883477821,2.6555517284541814,93.91988869551774,93.91988869551774,0.0,7.625411929308424,0.40133746996360126,19,True,4.26269118625724e-05,False,3.4639253966699934,1.2816414596272807e-12,9,54.22393283351367,334.2239229615628,334.2239229615628,0.0,15.455225116775726,0.813432900882933,19,True,2.5305564321029226e-05,False,2.194556371281389,4.7847947826085147e-11,9
NGC0247,0.3,0.42,26,2,3.7,74.0,"Sa96,Ca90",0,12682.704559145035,487.79632919788594,2.4365758090741743,95.56982914105502,95.56982914105502,0.0,411.6826655998732,17.153444399994715,24,True,0.002612728321244319,False,3.446510392162235,5.254605639493093e-10,9,21.420630025676495,237.19880160586584,237.19880160586584,0.0,48.05809040947944,2.00242043372831,24,True,0.0001475911417823775,False,2.5374689527912686,2.2453150450019166e-12,9
NGC0289,0.3,0.42,28,2,20.8,46.0,Wa97,0,5736.390588153146,204.87109243404095,9.409363793258732,201.8600562680591,201.8600562680591,0.0,280.7478177212323,10.797992989278166,26,True,0.0036053077515431392,False,2.6987929010916316,6.989466783124954e-10,9,12.313037906548699,337.40163205077806,337.40163205077806,0.0,62.8319880323091,2.416614924319581,26,True,1.4214420425588742e-05,False,2.1850935604108415,1.7053025658242404e-12,9
NGC0300,0.3,0.42,25,2,2.08,42.0,"Sa96,CP90",0,4996.66136344983,199.8664545379932,2.6808389905148373,107.37326725838845,107.37326725838845,0.0,58.94866396914739,2.56298538996293,23,True,0.00015632035719724736,False,3.330056324766945,1.4487966382148443e-11,9,15.037782651282074,220.11133796765586,220.11133796765586,0.0,15.258572284825433,0.663416186296758,23,True,3.1562121691676904e-07,False,2.612234067642861,2.9309887850104133e-13,9
NGC0801,0.3,0.42,13,1,80.7,80.0,"Sa96,Br92",0,5629.336118196037,433.025855245849,7.781737862940255,245.95602489760526,245.95602489760526,0.0,666.7891542242077,60.617195838564335,11,True,0.00885904288319054,False,2.5012148082763,4.766434358316474e-09,9,8.107516896899886,410.4412322754768,410.4412322754768,0.0,118.4230811968745,10.765734654261319,11,True,0.00010492307906651765,False,1.9891348103328115,3.632294465205632e-11,9
NGC0891,0.3,0.42,18,1,9.91,90.0,Fr11,0,9602.203414030675,533.4557452239264,4.269519339736724,206.66973729271035,206.66973729271035,0.0,30.7469353663346,1.9216834603959125,16,True,1.1003879560008116e-05,False,2.675245520521642,1.0622613899613498e-12,9,13.183924318703442,397.4949856817698,397.4949856817698,0.0,64.5036260297996,4.031476626862475,16,True,3.5123962520423427e-05,False,2.0211852482724817,1.6115109247039072e-11,9
NGC1003,0.3,0.42,36,1,11.4,67.0,"Sa96,Br92",0,24965.918988577345,693.497749682704,7.616731731619879,125.020105797522,125.020105797522,0.0,663.4535032059705,19.513338329587366,34,True,0.002254795989355558,False,3.1778929969021608,2.96381585940253e-10,9,21.747771331259216,230.91632035074105,230.91632035074105,0.0,117.18606377861097,3.4466489346650286,34,True,4.096626227303776e-05,False,2.564312172320567,8.782308213994838e-12,9
NGC1090,0.3,0.42,24,1,37.0,64.0,Ge04,0,15046.73522528764,626.9473010536517,6.251114437161631,177.44732974569104,177.44732974569104,0.0,237.2343593345122,10.783379969750554,22,True,0.0022005613585489975,False,2.8276937365960615,5.297238203638699e-10,9,11.379607009635533,306.5041593961568,306.5041593961568,0.0,56.486461296083775,2.5675664225492625,22,True,2.4573468162070525e-05,False,2.2811362417423835,9.087841590371681e-12,9
NGC2403,0.3,0.42,73,1,3.16,63.0,"Da06,Fr02",0,439283.26899744396,6017.579027362246,3.091295193300961,140.19434748784917,140.19434748784917,0.0,10386.157777179347,146.2839123546387,71,True,0.07532001298554114,False,3.063337911352905,1.5254045138135552e-08,9,7.300392968195873,254.57112200544185,254.57112200544185,0.0,639.8071834692811,9.01136878125748,71,True,0.0005372859656969694,False,2.466787312919024,7.389644451905042e-12,9
NGC2683,0.3,0.42,11,2,9.81,80.0,"Sa96,Br92",0,1485.335182234271,135.03047111220647,3.515356287002886,213.00900535042715,213.00900535042715,0.0,38.196733407030685,4.2440814896700765,9,True,0.00032911367054899623,False,2.6450331241940344,4.771294470629073e-11,9,3.569411957595668,358.36465054472785,358.36465054472785,0.0,7.576366886194457,0.8418185429104952,9,True,2.7647964512608905e-06,False,2.1248165227064684,1.6431300764452317e-13,9
NGC2841,0.3,0.42,50,1,14.1,76.0,"Di08,Be91",0,51501.09126439696,1030.0218252879392,6.402834522182435,386.8520727939696,386.8520727939696,0.0,2397.3678494148758,49.94516352947658,48,True,0.02365302722273838,False,2.048325188535572,8.489223546348512e-09,9,7.543114260815373,603.8580591012462,603.8580591012462,0.0,201.76563194508412,4.203450665522586,48,True,0.00010056290838713154,False,1.6030283988206104,1.6200374375330284e-11,9
NGC2903,0.3,0.42,34,1,6.6,66.0,"Be91,Be87",0,56052.409898636615,1648.600291136371,4.093191688804589,203.02364221282775,203.02364221282775,0.0,972.9073262354273,30.403353944857102,32,True,0.008705886336411908,False,2.693045131287276,1.9622348190750927e-09,9,6.580247065240033,359.43667299664145,359.43667299664145,0.0,195.97384125093225,6.124182539091633,32,True,3.677104918392142e-05,False,2.121829559005513,4.632738637155853e-12,9
NGC2915,0.3,0.42,30,2,4.06,56.0,El10,0,1911.5477580498577,63.71825860166192,1.9455517900497354,100.64339188185116,100.64339188185116,0.0,26.844112239980607,0.9587182942850216,28,True,0.00012969372445437318,False,3.3947840721475,3.3018920930771856e-11,9,4.952581823089037,175.9106114635369,175.9106114635369,0.0,22.55211752533293,0.8054327687618903,28,True,1.5148360390092897e-05,False,2.8363915910433306,9.318767979493714e-12,9
NGC2955,0.3,0.42,24,1,97.9,56.0,SG06,0,2662.1229070510662,110.92178779379442,2.4503371499525137,237.28647425636294,237.28647425636294,0.0,511.5829861526812,23.253772097849147,22,True,0.007272856313524486,False,2.537099404331264,4.819071364181582e-09,9,5.364340850700766,413.8495941564161,413.8495941564161,0.0,97.77789589228223,4.444449813285556,22,True,0.0002177124683938067,False,1.980864958973143,1.425064510840457e-10,9
NGC2976,0.3,0.42,27,2,3.58,61.0,Si03,0,1109.4751158518307,41.09167095747521,1.1649238484107254,90.93772044347664,90.93772044347664,0.0,6.9698153494296555,0.27879261397718624,25,True,1.2192302192646033e-06,False,3.4961926861666672,6.750155989720952e-14,9,499.9999999999896,1319.1856230800481,1319.1856230800481,0.0,70.69815864305032,2.827926345722013,25,True,1.056897024360151e-05,True,2.042810365310288e-14,9.43600753089413e-12,9
NGC2998,0.3,0.42,13,1,68.1,58.0,"Sa96,Br92",0,12059.655883530366,927.6658371946435,9.420403401156037,223.3205407993036,223.3205407993036,0.0,188.7461707778353,17.158742797985028,11,True,0.0010573438694444085,False,2.597759425577024,2.1717028175771702e-10,9,10.160231537864687,400.4628916954729,400.4628916954729,0.0,22.277926178614372,2.02526601623767,11,True,1.4237934293152265e-05,False,2.013746460377206,1.2327916465437738e-11,9
NGC3109,0.3,0.42,25,1,1.33,70.0,"Be91,JC90",0,3972.5864072693157,158.90345629077262,2.321723653163857,71.74361374441987,71.74361374441987,0.0,10.134763843692186,0.44064190624748634,23,True,2.040814939001886e-06,False,3.7332687240182905,3.375077994860476e-13,9,499.99999999949,747.854016614741,747.854016614741,0.0,196.12797429870247,8.527303230378369,23,True,0.00019065232791073484,True,1.0196288258157438e-12,8.080291991063859e-11,9
NGC3198,0.3,0.42,43,1,13.8,73.0,"Da06,Be91,Be87",0,51080.3231755899,1187.9144924555792,5.2971375783456836,187.58401531393426,187.58401531393426,0.0,1335.610318151247,32.57586141832309,41,True,0.005012645204727688,False,2.7721407409240797,9.561063052387908e-10,9,10.823158282143773,297.55741184492837,297.55741184492837,0.0,68.9307071460923,1.6812367596607878,41,True,6.179719817132098e-05,False,2.310760380291642,6.821210263296962e-13,9
NGC3521,0.3,0.42,41,1,7.7,75.0,"Da06,Sa96",0,2128.7355627129728,51.920379578365186,2.336138580263133,238.86396059941296,238.86396059941296,0.0,296.22220571793264,7.595441172254683,39,True,0.0034131429013136345,False,2.5304733802889006,1.2967689144716132e-09,9,3.936658633231869,378.3059429808502,378.3059429808502,0.0,24.506928078317337,0.6283827712389061,39,True,2.6377547890172537e-05,False,2.0706643264311158,7.261746759468224e-12,9
NGC3726,0.3,0.42,12,2,18.0,53.0,"VS01,SV98",0,1402.0605913021025,116.83838260850854,5.51845726445489,159.7918609124729,159.7918609124729,0.0,65.55894710262315,6.555894710262315,10,True,0.0007130377581467004,False,2.9324954685784475,1.8270895907335216e-10,9,18.287000718690322,302.5428518739886,302.5428518739886,0.0,28.902248210348418,2.890224821034842,10,True,9.616161061864233e-06,False,2.2941446411244852,2.0605739337042905e-13,9
NGC3741,0.3,0.42,21,1,3.21,70.0,"Ge07,Bm05",0,2662.8355435418284,126.80169254961088,1.8753473586778353,54.81159706156569,54.81159706156569,0.0,57.48287959774747,3.0254147156709195,19,True,0.00013443355008407122,False,4.00246577087468,2.3852919639466563e-11,9,21.26495198904728,151.784614722516,151.784614722516,0.0,6.692316063835649,0.3522271612545078,19,True,2.1981989818128924e-05,False,2.9839050601142976,4.476419235288631e-13,9
NGC3769,0.3,0.42,12,2,18.0,70.0,"VS01,SV98",0,1007.7550143211856,83.97958452676546,4.426078653948397,133.39189524377787,133.39189524377787,0.0,37.63062255129323,3.7630622551293227,10,True,0.0006181851284472412,False,3.1130761913084193,1.0199840971836238e-10,9,10.109725460006972,237.58723686626934,237.58723686626934,0.0,5.178280537510332,0.5178280537510332,10,True,1.1002327433309482e-06,False,2.535832698497366,1.9095836023552692e-13,9
NGC3877,0.3,0.42,13,2,18.0,76.0,"VS01,SV98",0,1318.01378329834,101.38567563833385,2.3411446924270045,157.73100808348767,157.73100808348767,0.0,21.606643871061557,1.964240351914687,11,True,4.061227227297704e-05,False,2.945476465974383,3.296918293926865e-12,9,8.39944469047832,296.55714055277167,296.55714055277167,0.0,48.71413765881818,4.428557968983471,11,True,0.00011967242493046288,False,2.3141276509072224,1.0188472288064077e-10,9
NGC3893,0.3,0.42,10,1,18.0,49.0,"VS01,SV98",0,1074.005219529322,107.4005219529322,3.034627602388702,195.87707348679598,195.87707348679598,0.0,22.367226037045196,2.7959032546306495,8,True,0.00021419887714617964,False,2.728880281264699,5.8189897345073405e-11,9,7.003747465986187,343.93118658150837,343.93118658150837,0.0,4.036804366432659,0.5046005458040824,8,True,3.395486849010301e-06,False,2.1659259692945616,4.82280881897168e-13,9
NGC3917,0.3,0.42,17,1,18.0,79.0,"VS01,SV98",0,4366.276083651682,256.83976962656953,3.4046923366987034,144.8770115985167,144.8770115985167,0.0,22.854041270187686,1.5236027513458457,15,True,8.101475510782187e-05,False,3.030482381023626,3.680611371237319e-12,9,23.513887243703948,328.7716640541367,328.7716640541367,0.0,80.4585597229081,5.363903981527207,15,True,7.110080262781581e-05,False,2.211004088065933,5.574918304773746e-11,9
NGC3949,0.3,0.42,7,2,18.0,55.0,"VS01,SV98",0,279.44666331561865,39.92095190223124,1.6680780739833425,140.51732465892303,140.51732465892303,0.0,6.024230855375267,1.2048461710750533,5,True,3.205085242746689e-05,False,3.061036779297204,6.1097793491171615e-12,9,8.939427120178465,307.7334644349362,307.7334644349362,0.0,0.9843208128345639,0.19686416256691278,5,True,2.025116929194396e-07,False,2.277133534541205,1.0980105713542798e-13,9
NGC3953,0.3,0.42,8,1,18.0,62.0,"VS01,SV98",0,1475.639069493222,184.45488368665275,3.1970408835668302,218.77265433293144,218.77265433293144,0.0,10.764624573219521,1.7941040955365868,6,True,6.568421512174883e-05,False,2.6183344851099353,3.9186431877169525e-12,9,6.5898978900384,386.2781630002599,386.2781630002599,0.0,1.3853061549079568,0.23088435915132613,6,True,2.1071496640364735e-06,False,2.0498098281798507,4.1744385725905886e-14,9
NGC3972,0.3,0.42,10,1,18.0,77.0,"VS01,SV98",0,1429.2358412777949,142.9235841277795,2.5796099552423057,133.61597191460416,133.61597191460416,0.0,15.745278484468669,1.9681598105585836,8,True,7.312692662688269e-05,False,3.1113977634342502,1.0453859999870474e-11,9,32.994490906425426,395.8169754957848,395.8169754957848,0.0,8.453985876713965,1.0567482345892456,8,True,3.659829644009446e-05,False,2.025415646326744,7.601030915793672e-12,9
NGC3992,0.3,0.42,9,1,23.7,56.0,"VS01,SV98",0,4316.0748298275885,479.56386998084315,7.300510200260289,293.7965917769966,293.7965917769966,0.0,48.06797808462309,6.866854012089013,7,True,0.0003638402728267609,False,2.3234799044644925,2.7327473617333453e-11,9,8.676004724734254,497.4743171116739,497.4743171116739,0.0,3.809662829251481,0.5442375470359259,7,True,2.7433693699391597e-06,False,1.7968236362802905,4.440892098500626e-14,9
NGC4010,0.3,0.42,12,2,18.0,89.0,"VS01,SV98",0,1157.4263219027114,96.45219349189261,3.42844821414166,127.72708175694969,127.72708175694969,0.0,9.038866360424603,0.9038866360424602,10,True,8.878743018294112e-06,False,3.156471753823207,4.902744876744691e-13,9,67.77049342771583,454.35473062839174,454.35473062839174,0.0,20.862745996929394,2.0862745996929393,10,True,2.9041566993938554e-05,False,1.8874893297035316,1.4740209053343278e-11,9
NGC4013,0.3,0.42,36,2,18.0,89.0,"VS01,SV98",0,10335.563731824977,287.0989925506938,5.525664372534044,196.35101201512433,196.35101201512433,0.0,344.5666930775239,10.134314502280114,34,True,0.0027491599561071784,False,2.7264636325008578,2.8347812985884957e-10,9,9.79860223747088,334.67155355321876,334.67155355321876,0.0,78.86864542339573,2.3196660418645805,34,True,4.2612139964214824e-05,False,2.1932179539226393,5.6132876125047915e-12,9
NGC4051,0.3,0.42,7,2,18.0,49.0,"VS01,SV98",0,340.06108930677067,48.580155615252956,2.700263245763889,141.62581609568815,141.62581609568815,0.0,1.8741919097949356,0.3748383819589871,5,True,1.5671341540925703e-06,False,3.0531790859484174,1.2434497875801753e-14,9,7.003875220049289,258.61637856263167,258.61637856263167,0.0,3.373371078832295,0.674674215766459,5,True,3.0092845950144065e-07,False,2.451021767809081,6.772360450213455e-13,9
NGC4068,0.3,0.42,6,2,4.37,44.0,Le14,0,151.2610168311899,25.210169471864983,1.7221437834867295,51.52808329082708,51.52808329082708,0.0,0.49953847871461254,0.12488461967865314,4,True,2.2584792677236693e-07,False,4.064240601988179,6.8833827526759706e-15,9,499.9999999999927,624.7434250644721,624.7434250644721,0.0,6.601700550180599,1.6504251375451497,4,True,6.089140338289817e-08,True,1.4210854715202004e-14,2.211564265053312e-12,9
NGC4085,0.3,0.42,7,2,18.0,82.0,"VS01,SV98",0,349.8705496061704,49.98150708659578,2.37683370203114,125.1177351791348,125.1177351791348,0.0,8.858457179465308,1.7716914358930616,5,True,2.762012496332348e-06,False,3.177112392206853,9.396927680427325e-13,9,499.99999999976,1415.3154057175184,1415.3154057175184,0.0,19.38859299209482,3.8777185984189644,5,True,7.376091694222461e-08,True,4.796163466380676e-13,4.622080496119452e-12,9
NGC4088,0.3,0.42,12,1,18.0,69.0,"VS01,SV98",0,570.6164917306819,47.55137431089016,5.56870327420502,152.30452358821591,152.30452358821591,0.0,17.997860782259465,1.7997860782259465,10,True,0.00012343263259991525,False,2.980485606363458,2.7643665134746698e-11,9,21.929880976894932,306.25293914134977,306.25293914134977,0.0,5.05046438164824,0.505046438164824,10,True,3.6171256361549447e-06,False,2.281956208641118,3.1530333899354446e-13,9
NGC4100,0.3,0.42,24,1,18.0,73.0,"VS01,SV98",0,6157.5616082781435,256.5650670115893,3.5092077447791383,201.42740172902694,201.42740172902694,0.0,44.555034987113785,2.0252288630506268,22,True,0.00030335329792622435,False,2.700938540369221,4.0884629015636165e-11,9,5.0892389539720115,343.6003972655979,343.6003972655979,0.0,26.99148189958957,1.226885540890435,22,True,2.0192825652435797e-05,False,2.166888221354557,4.671818487622659e-12,9
NGC4138,0.3,0.42,7,2,18.0,53.0,"VS01,SV98",0,341.57660515771903,48.79665787967415,2.30411910218019,190.41588773378976,190.41588773378976,0.0,2.2157402228021583,0.44314804456043166,5,True,4.17802811749005e-06,False,2.757157004794248,4.1966430330830917e-13,9,2.0682602560143146,326.3709852161101,326.3709852161101,0.0,4.085044027448434,0.8170088054896867,5,True,6.8443088808509e-07,False,2.2183328418445365,2.0881074647149944e-12,9
NGC4157,0.3,0.42,17,1,18.0,82.0,"VS01,SV98",0,1549.2622029958266,91.13307076446038,5.7225605649619125,187.64784902821648,187.64784902821648,0.0,50.839044816689125,3.3892696544459415,15,True,0.00044333559217799907,False,2.7718005048142818,1.497255652793683e-10,9,13.39022630862629,337.3630181047442,337.3630181047442,0.0,10.890978181050812,0.7260652120700541,15,True,1.0638568013723771e-05,False,2.1852080120083492,5.5067062021407764e-14,9
NGC4183,0.3,0.42,23,1,18.0,82.0,"VS01,SV98",0,2361.668289529949,102.681229979563,3.341523089444179,125.28809951045825,125.28809951045825,0.0,57.26823733520293,2.727058920723949,21,True,0.0004000732787776363,False,3.175751686232723,8.918021876525017e-11,9,7.472136079975738,212.1948220379184,212.1948220379184,0.0,4.332048575579362,0.20628802740854107,21,True,5.354546535115777e-07,False,2.6488627430974,1.1812772982011666e-13,9
NGC4217,0.3,0.42,19,1,18.0,86.0,"VS01,SV98",0,1183.7069146170713,62.30036392721428,5.790979322122202,175.64935483384082,175.64935483384082,0.0,123.41720260742724,7.25983544749572,17,True,0.0002468583608595556,False,2.8378778619662723,1.2519763004092965e-10,9,499.99999999803384,1268.0174992531404,1268.0174992531404,0.0,175.68186663617735,10.334227449186903,17,True,1.6699662376297017e-05,True,3.931965864012454e-12,5.002220859751105e-12,9
NGC4559,0.3,0.42,32,1,9.0,67.0,Ba05,0,4022.7987487720243,125.71246089912576,4.412997060649362,125.6062446310043,125.6062446310043,0.0,49.362642232892334,1.6454214077630778,30,True,0.0002766740137956684,False,3.1732155964523505,5.0533799367258325e-11,9,12.17462319790163,232.82172176749478,232.82172176749478,0.0,6.676910562060116,0.22256368540200386,30,True,1.3889185664289978e-06,False,2.556094549584346,3.2951419370874646e-13,9
NGC5005,0.3,0.42,18,1,16.9,68.0,Ri15,0,241.1000635155616,13.394447973086756,2.1789884954654974,246.79764948916653,246.79764948916653,0.0,9.808828081820586,0.6130517551137866,16,True,6.529524561165488e-05,False,2.4977987996142588,1.0553335982876888e-11,9,7.753907982154278,447.8992874187504,447.8992874187504,0.0,0.9650600606524137,0.060316253790775855,16,True,1.0079918537189517e-06,False,1.9017991653765236,1.3766765505351941e-14,9
NGC5033,0.3,0.42,22,1,15.7,66.0,"Sa96,Be87",0,32724.575614058584,1487.4807097299356,7.18400756904499,237.2930451637221,237.2930451637221,0.0,272.1817465998278,13.609087329991391,20,True,0.001476742644600803,False,2.537071712839783,1.0504663805477321e-10,9,8.223305950817336,411.4235355170607,411.4235355170607,0.0,52.17631346502715,2.6088156732513577,20,True,2.200057425958321e-05,False,1.9867443837131775,1.1510792319313623e-12,9
NGC5055,0.3,0.42,28,1,9.9,55.0,"Ba06,Bl04",0,137762.52730790328,4920.090260996546,6.8071553803715545,223.36602673507636,223.36602673507636,0.0,7304.088761664925,280.92649083326637,26,True,0.07102578767000688,False,2.5975557662810616,7.890776032581925e-09,9,12.442066122405281,351.0534899555856,351.0534899555856,0.0,63.98555006832659,2.460982694935638,26,True,6.11387795928233e-05,False,2.145428962759163,1.0871303857129533e-12,9
NGC5371,0.3,0.42,19,1,39.7,53.0,"Sa96,Be87",0,9491.503796120769,499.5528313747773,5.336369156910982,234.62115040398407,234.62115040398407,0.0,642.641629393281,37.80244878784006,17,True,0.0053651736741084045,False,2.5483954803199067,2.3125039660953917e-09,9,6.0729855707522,384.5068883723908,384.5068883723908,0.0,74.61871866986836,4.389336392345197,17,True,6.405619354938909e-05,False,2.0544058637222626,1.9483081814541947e-11,9
NGC5585,0.3,0.42,24,1,7.06,51.0,"Bl99,Sa96,Co91",0,9421.107310136696,392.54613792236233,2.5065990085649865,100.18189622990302,100.18189622990302,0.0,321.9181146391984,14.632641574509018,22,True,0.00026739859548945236,False,3.3993800716716924,2.1600499167107046e-11,9,23.568181606133987,234.8730954523142,234.8730954523142,0.0,128.1584212036409,5.825382781983677,22,True,0.00011403133509619404,False,2.5473222187209066,2.731326276261825e-11,9
NGC5907,0.3,0.42,19,1,17.3,88.0,"Sa96,SA87",0,33774.5488965993,1777.607836663121,7.924628963914213,246.38814550394696,246.38814550394696,0.0,676.6384001928773,39.80225883487513,17,True,0.00411757554486103,False,2.499459447927678,8.858478395268321e-10,9,8.26216772829455,424.5426347389486,424.5426347389486,0.0,77.14958082913185,4.538210637007756,17,True,7.894056408319746e-05,False,1.9553551317502507,2.3732127374387346e-12,9
NGC5985,0.3,0.42,33,1,39.7,60.0,"Bl04,Br92",0,38090.615468132426,1154.2610747918916,4.608307063752357,352.24277813550054,352.24277813550054,0.0,750.0035185227918,24.193661887831993,31,True,0.004427615360336357,False,2.142046919180987,3.0240698833949864e-10,9,7.944786627697509,575.2172108571383,575.2172108571383,0.0,62.98860780510908,2.0318905743583575,31,True,3.9381949799820534e-05,False,1.6516198401730753,3.268496584496461e-13,9
NGC6015,0.3,0.42,44,2,17.0,60.0,VM97,0,35204.05961294362,800.0922639305369,2.7281165467850257,188.4456982196513,188.4456982196513,0.0,2428.765255402401,57.82774417624765,42,True,0.02030021026452476,False,2.767557675368506,3.30783223034814e-09,9,5.939262781011423,305.2516796260261,305.2516796260261,0.0,371.14282272504073,8.836733874405732,42,True,0.00020999739198056635,False,2.2852309522142065,2.5011104298755527e-12,9
NGC6195,0.3,0.42,23,1,127.8,62.0,SG06,0,3667.0484806987174,159.43689046516164,4.493081499677731,245.55928517586509,245.55928517586509,0.0,681.8681323200735,32.469911062860646,21,True,0.009437060697554633,False,2.502829162091013,6.3996594690252095e-09,9,8.390488765273552,405.7582324013462,405.7582324013462,0.0,130.26415611105764,6.203055052907507,21,True,0.00018890783461056006,False,2.0006100721173263,1.2929035619890783e-10,9
NGC6503,0.3,0.42,31,1,6.26,74.0,"Be91,Be87",0,69873.03631347523,2253.9689133379106,3.993574742905994,131.14786789862492,131.14786789862492,0.0,1073.8274396518707,37.028532401788645,29,True,0.009652283102899303,False,3.130042118437676,2.6675479602999985e-09,9,6.173992644683471,231.16312574525685,231.16312574525685,0.0,48.03604159113093,1.656415227280377,29,True,3.000240378692862e-05,False,2.5632439342932285,1.9397816686250735e-12,9
NGC6674,0.3,0.42,15,1,51.2,54.0,"Sa96,Br92",0,47545.43324868764,3169.6955499125093,13.19145208814761,276.9561751598223,276.9561751598223,0.0,1035.2165068426223,79.63203898789402,13,True,0.011338194986698191,False,2.3825082863992266,1.6671037883497775e-09,9,12.182351249186086,494.8511661873957,494.8511661873957,0.0,202.69301200591104,15.59177015430085,13,True,0.0001275926063400615,False,1.8021105246620541,9.833911462919787e-11,9
NGC6789,0.3,0.42,4,2,3.52,43.0,Le14,0,104.37763531695263,26.09440882923816,0.4803596079043374,81.09702394631259,81.09702394631259,0.0,0.6874343793915731,0.3437171896957866,2,True,1.0647703987489573e-07,False,3.178802732984385,6.084022174945858e-14,9,499.99999999999716,1796.5451419878996,1796.5451419878996,0.0,4.0239120630248575,2.0119560315124287,2,True,2.527527905863309e-06,True,5.329070518200751e-15,2.7888802378583932e-12,9
NGC6946,0.3,0.42,58,1,5.52,38.0,Bo08,0,30712.843087643327,529.5317773731608,2.891540734828022,167.61514246935178,167.61514246935178,0.0,398.83957803886386,7.122135322122569,56,True,0.0015517073730976602,False,2.884697034820995,1.6575540939811617e-10,9,7.839401490684301,307.03277127963105,307.03277127963105,0.0,97.31844603102442,1.7378293934111504,56,True,3.674402765369976e-05,False,2.279413078920898,1.2079226507921703e-12,9
NGC7331,0.3,0.42,36,1,14.7,75.0,"Be91,Be87",0,20234.878861811772,562.0799683836603,8.505670962167763,235.3366346098398,235.3366346098398,0.0,446.6051021059574,13.135444179586983,34,True,0.0028312833886130102,False,2.5453505908363683,9.91860815702239e-10,9,20.10216170028214,435.72257007697027,435.72257007697027,0.0,47.88121891936596,1.4082711446872342,34,True,3.0162116084353024e-05,False,1.929361833993445,5.4285465012071654e-12,9
NGC7793,0.3,0.42,46,1,3.61,47.0,"Di08,Sa96,CP90",0,1402.226803756946,30.483191386020568,1.4302474377731789,110.18464694349785,110.18464694349785,0.0,89.46531394399493,2.033302589636248,44,True,0.0002924370955788526,False,3.3042100005693165,4.1666226024972275e-11,9,5.273361222005216,198.03887195619905,198.03887195619905,0.0,43.56151594463374,0.9900344532871305,44,True,1.1907600066084895e-05,False,2.717904233213445,1.1851852832478471e-11,9
NGC7814,0.3,0.42,18,1,14.4,90.0,Fr11,0,13520.939379754816,751.1632988752676,3.96171657043975,232.81712031424414,232.81712031424414,0.0,167.59357311012423,10.474598319382764,16,True,0.0014140083971434883,False,2.556114313628214,2.717115421546623e-10,9,6.402429411963818,412.9077148484019,412.9077148484019,0.0,11.13681453760929,0.6960509086005806,16,True,1.4016455639434764e-06,False,1.983143450388309,7.833733661755105e-13,9
UGC00128,0.3,0.42,22,1,64.5,57.0,"VB99,VH93",0,154831.51103421816,7037.795956100826,8.380812626740369,146.24294013250798,146.24294013250798,0.0,1370.3654636370904,68.51827318185452,20,True,0.006343622701224458,False,3.0210983553016755,1.1370957508916035e-09,9,15.819316621747506,260.393595004276,260.393595004276,0.0,60.79132611176968,3.039566305588484,20,True,1.2800102636902042e-05,False,2.4441732543761097,6.394884621840902e-13,9
UGC00191,0.3,0.42,9,1,17.1,45.0,"KN08,vZ97",0,8925.852368365157,991.7613742627951,1.6557379855524754,94.23279618161703,94.23279618161703,0.0,234.3030853869866,33.47186934099808,7,True,0.0032654927432586396,False,3.4605992918655097,9.043219506565947e-10,9,7.552758177677769,163.97356678922912,163.97356678922912,0.0,27.795937420866494,3.9708482029809278,7,True,9.512683469018113e-06,False,2.906662330931092,1.1191048088221578e-12,9
UGC00634,0.3,0.42,4,2,30.9,37.0,vZ97,0,6458.880137728841,1614.7200344322102,5.141092269023817,116.70190082159269,116.70190082159269,0.0,4.9019335143133205,2.4509667571566602,2,True,8.685025828840457e-06,False,3.24674474038762,1.829647544582258e-13,9,19.79433400508155,239.253548759966,239.253548759966,0.0,5.686106257366928,2.843053128683464,2,True,2.5162203155137435e-06,False,2.5288437045746655,6.323830348264892e-13,9
UGC00731,0.3,0.42,12,1,12.5,57.0,"Sw09,Sw02",0,2449.634490293903,204.13620752449194,2.0735991537081895,78.2989905742492,78.2989905742492,0.0,48.57162164105153,4.857162164105153,10,True,0.00040445017649864935,False,3.645832856508629,7.112532784958603e-11,9,8.15422669681478,147.08763432422322,147.08763432422322,0.0,3.516561416333685,0.3516561416333685,10,True,3.4350870131226294e-06,False,3.015339006633977,2.517985819849855e-13,9
UGC00891,0.3,0.42,5,2,10.2,60.0,vZ97,0,9656.601297996425,1931.320259599285,3.006795617633512,69.10792738122981,69.10792738122981,0.0,2.831550929672315,0.9438503098907717,3,True,9.519762520287365e-06,False,3.7706981201394747,5.595524044110789e-14,9,181.28853115863745,436.92264489513315,436.92264489513315,0.0,8.184035000777431,2.7280116669258105,3,True,0.00011689050799681036,False,1.0145182415777185,3.469935450084449e-10,9
UGC01281,0.3,0.42,25,1,5.27,90.0,"dB02,Sw02",2,706.7141314076374,30.726701365549452,0.41170814411505435,51.822735348535964,0.1426154312636954,51.822539110344294,365.8068233189239,15.904644492127124,23,True,0.0009611653850709102,False,3.0245824366998937,1.1872316463268362e-09,9,499.999999999931,772.6328706645502,421.34112052997176,647.6366365346322,21.412095426751844,0.930960670728341,23,True,3.4676353359904073e-06,True,1.376676550535194e-13,1.609379296496627e-12,9
UGC02259,0.3,0.42,8,2,10.5,41.0,"Be91,Ca88",0,6465.471255764865,808.1839069706082,1.6382733014554494,96.86770385999334,96.86770385999334,0.0,84.21283201228383,14.035472002047305,6,True,0.0007124696022114709,False,3.4330213978066686,1.0585665677353973e-10,9,3.5727693761779324,173.77500290127938,173.77500290127938,0.0,4.091172853271535,0.6818621422119224,6,True,5.4768019268794246e-06,False,2.848606191968088,4.707345624410664e-14,9
UGC02487,0.3,0.42,17,1,69.1,36.0,"No07,No05",0,69073.96570377648,4063.1744531633226,12.303845770044939,414.3324990308417,414.3324990308417,0.0,485.7269656163995,32.381797707759965,15,True,0.0046182896192077695,False,1.9796987784118238,7.404423740808852e-10,9,9.305738225341893,738.018719279577,738.018719279577,0.0,71.39561124594965,4.759707416396643,15,True,6.651043321203601e-05,False,1.4023983784939809,1.5916157281026244e-12,9
UGC02885,0.3,0.42,19,1,80.6,64.0,"Sa96,RA85",0,4041.992478311869,212.73644622694047,14.555477218214843,326.15533909305026,326.15533909305026,0.0,346.2689180139374,20.36875988317279,17,True,0.0033666086257562165,False,2.2189937994883184,8.309370969072916e-10,9,16.09789187715093,563.1800926264513,563.1800926264513,0.0,111.03985059826161,6.531755917544801,17,True,0.00028657333865767724,False,1.6727681103301864,2.5340796128148213e-10,9
UGC02916,0.3,0.42,43,2,65.4,50.0,"No07,No05",0,22866.352803074566,531.7756465831294,3.66265942968539,198.97445961654492,198.97445961654492,0.0,988.5232087621271,24.11032216492993,41,True,0.005505480788614403,False,2.7131910947979554,1.327634890913032e-09,9,11.1757074853264,381.4263741034536,381.4263741034536,0.0,421.3920256085987,10.277854283136554,41,True,2.362886332012632e-05,False,2.06244972610532,1.6484591469634324e-12,9
UGC02953,0.3,0.42,115,2,16.5,50.0,"No07,No05",0,539702.176261468,4693.062402273635,4.802554828310455,340.49116762904396,340.49116762904396,0.0,14726.257621072142,130.3208639032933,113,True,0.07500688421216713,False,2.1759783818125475,1.6139892977662385e-08,9,6.984178828675061,556.1343819865646,556.1343819865646,0.0,906.4288442714366,8.021494197092359,113,True,0.00010493909454093474,False,1.6853576083825663,9.208633855450898e-12,9
UGC03205,0.3,0.42,48,1,50.0,67.0,"No07,No05",0,43758.419571125574,911.6337410651162,4.230933422116472,263.485458945777,263.485458945777,0.0,1635.3510669126265,35.55111015027449,46,True,0.021848999451520856,False,2.4323693854580375,8.246161087299697e-09,9,5.6647813419039705,422.38457855244945,422.38457855244945,0.0,159.98064096368427,3.477840020949658,46,True,2.8204193731641277e-05,False,1.9604513450334524,1.4154011296341196e-11,9
UGC03546,0.3,0.42,30,1,28.7,55.0,"No07,No05",0,68969.66700260881,2298.9889000869603,5.346910211255027,199.7193459954952,199.7193459954952,0.0,115.91350398307486,4.139767999395531,28,True,0.00011619633415682992,False,2.709454456630173,5.272227099339943e-12,9,8.572907821578495,364.9360222250418,364.9360222250418,0.0,23.59369101453199,0.8426318219475711,28,True,5.2182790237293804e-05,False,2.106645511006593,8.100187187665142e-13,9
UGC03580,0.3,0.42,47,2,20.7,63.0,"No07,No05",0,27829.65351118369,592.1202874719934,6.015737949667241,133.90853388915386,133.90853388915386,0.0,714.0793278571379,15.868429507936396,45,True,0.0030219829323546513,False,3.1092105836818797,7.536300472565927e-10,9,30.463331060368063,283.31372832090335,283.31372832090335,0.0,316.3531718964174,7.030070486587054,45,True,0.0001566178087181161,False,2.3598127033895375,5.042011252953671e-11,9
UGC04278,0.3,0.42,25,1,9.51,90.0,"dB02,Sw02",0,1829.895067299723,73.19580269198892,2.886997467958849,96.31930246517761,96.31930246517761,0.0,23.418585601378197,1.0181993739729651,23,True,7.714286447028416e-06,False,3.4386988279641963,2.568611989772762e-12,9,499.999999999943,976.7388011625828,976.7388011625828,0.0,25.224123685587823,1.0967010298081663,23,True,1.5190993938713664e-08,True,1.1368683772161603e-13,3.488764832582092e-12,9
UGC04325,0.3,0.42,8,1,9.6,41.0,"Sw09,Sw02",0,2284.763626772307,285.59545334653836,1.159886268167468,103.47076370396859,103.47076370396859,0.0,14.160055739257166,2.3600092898761944,6,True,6.418926466058364e-05,False,3.367078471138923,6.247447004170681e-12,9,4.259267632844631,191.78037158203236,191.78037158203236,0.0,18.999002883818036,3.1665004806363393,6,True,2.1064286553892333e-05,False,2.750016748383401,4.0181191707233666e-12,9
UGC04483,0.3,0.42,8,2,3.34,58.0,"Le14,Le12",0,275.6199051076318,34.45248813845397,0.3562515143621589,23.72648843023656,23.72648843023656,0.0,2.224112743410601,0.37068545723510016,6,True,9.178519276922664e-07,False,2.879904708860982,3.432809592140984e-13,9,2.8014937258736534,57.68112934765699,57.68112934765699,0.0,3.5313017963307805,0.5885502993884634,6,True,4.775048046858967e-06,False,3.9514374953288733,3.2174263253637037e-12,9
UGC04499,0.3,0.42,9,1,12.5,50.0,"Sw09,Sw02",0,1224.6156570668145,136.06840634075718,2.1283026590904637,75.51427023311629,75.51427023311629,0.0,7.9780595147762,1.1397227878251714,7,True,2.6099600622289827e-05,False,3.682045919545202,2.9043434324194095e-12,9,11.448330630712027,160.9315405031738,160.9315405031738,0.0,6.3742405377434785,0.9106057911062112,7,True,8.152652038705864e-07,False,2.9253885073610055,1.028510610012745e-12,9
UGC05005,0.3,0.42,11,1,53.7,41.0,"dB02,VH93",0,195.91217299856876,17.81019754532443,6.669674916524212,109.09046823183094,109.09046823183094,0.0,1.0378943330887527,0.11532159256541696,9,True,2.3324134175817276e-06,False,3.314190045888907,5.795364188543317e-14,9,66.80238427278945,266.29180341411296,266.29180341411296,0.0,1.7878289577357247,0.19864766197063607,9,True,7.959495964597304e-07,False,2.012869325810132,8.359979375427429e-13,9
UGC05253,0.3,0.42,73,2,22.9,37.0,"No07,No05",0,72562.9786811764,994.0134065914576,3.327092637430288,269.2198310078565,269.2198310078565,0.0,7810.703535237912,110.00990894701285,71,True,0.08371093579459052,False,2.410839306144709,4.0192389860749245e-08,9,6.171318380459686,443.77775914349826,443.77775914349826,0.0,771.3581116059926,10.86419875501398,71,True,0.000999629327583565,False,1.9110436730008198,2.2657786757918075e-10,9
UGC05414,0.3,0.42,6,1,9.4,55.0,"Sw09,Sw02",0,530.2924045786191,88.38206742976985,1.5881461704914739,60.80406259918473,60.80406259918473,0.0,1.9716404017918743,0.49291010044796857,4,True,2.583331400133195e-06,False,3.8987109618448805,1.4832579608992091e-13,9,499.9999999999994,830.3800800094302,830.3800800094302,0.0,3.0175264750151762,0.7543816187537941,4,True,8.992963426022335e-10,True,8.881784197001252e-16,8.43769498715119e-15,9
UGC05716,0.3,0.42,12,2,21.3,54.0,vZ97,0,34360.9631142415,2863.4135928534583,2.7079828158160835,79.33381187862418,79.33381187862418,0.0,237.95029023787208,23.795029023787208,10,True,0.0005150009458408427,False,3.632703150581576,2.9530156098189764e-11,9,8.18123752315097,148.1726693932988,148.1726693932988,0.0,16.895862977311467,1.6895862977311467,10,True,2.7192192018001607e-05,False,3.00798928884444,3.481659405224491e-13,9
UGC05721,0.3,0.42,23,1,6.18,61.0,"dB02,Sw02",0,2266.521218511862,98.54440080486357,0.9531462958785059,100.12819282211669,100.12819282211669,0.0,49.39615059669516,2.3521976474616744,21,True,0.00032411143922830783,False,3.3999162744094296,3.7687186704715714e-11,9,2.2125911780027994,164.09948744635665,164.09948744635665,0.0,18.61497143422864,0.8864272111537448,21,True,7.833543391493154e-06,False,2.9058946929816463,3.8760106235713465e-12,9
UGC05750,0.3,0.42,11,1,58.7,64.0,"dB01,VdH93",0,201.16185793765797,18.28744163069618,4.941829151047163,87.03021157954703,87.03021157954703,0.0,0.34444764210909967,0.038271960234344406,9,True,7.409308664790938e-07,False,3.5401122497412763,1.2601031329495527e-14,9,59.355000668078254,230.82702906109262,230.82702906109262,0.0,9.910048624372603,1.101116513819178,9,True,7.613144390498475e-07,False,2.1310717236610586,6.193090484885033e-11,9
UGC05764,0.3,0.42,10,2,7.47,60.0,vZ97,0,23040.428495524284,2304.0428495524284,0.8172908322588195,59.02807882015127,59.02807882015127,0.0,39.23658408057299,4.904573010071624,8,True,2.7248330687718884e-05,False,3.710262733798634,3.765876499528531e-12,9,2.7070137436977144,116.67686099765616,116.67686099765616,0.0,54.043300569531276,6.7554125711914095,8,True,2.4843563009736077e-05,False,3.2469593256723943,1.6484591469634324e-11,9
UGC05829,0.3,0.42,11,2,8.64,34.0,"Sw09,Sw02",0,303.7187629961624,27.610796636014765,2.160650305363329,61.85572915629356,61.85572915629356,0.0,5.221807689717743,0.5802008544130826,9,True,1.5843456907591678e-05,False,3.88156284325048,3.447908625275886e-12,9,84.42591504103677,299.3482136153977,299.3482136153977,0.0,0.8473113807377167,0.09414570897085742,9,True,9.327996976649751e-06,False,1.7787336937013096,3.3790747977491264e-12,9
UGC05918,0.3,0.42,8,2,7.66,46.0,"Sw09,Sw02",0,285.1636916588013,35.645461457350166,1.13361311345692,46.33182357036844,46.33182357036844,0.0,2.595672593871832,0.43261209897863867,6,True,8.099902540088247e-06,False,4.0374329827309765,1.574740338128322e-12,9,7.247247636069242,103.03786346094255,103.03786346094255,0.0,0.9439679746050159,0.15732799576750264,6,True,1.7369125353460137e-06,False,3.371271040554377,1.4577228313328305e-13,9
UGC05986,0.3,0.42,15,2,8.63,90.0,"Sw09,Sw02",0,7141.291023423498,476.08606822823316,2.1472725139075615,127.12691842926249,127.12691842926249,0.0,3.850423664166104,0.2961864357050849,13,True,9.733132618074296e-06,False,3.161181622506401,4.263256414560601e-14,9,16.411774362031093,299.27827444120976,299.27827444120976,0.0,85.5725392443878,6.582503018799061,13,True,9.289941884433518e-05,False,2.304993743327292,5.704237082682084e-11,9
UGC06399,0.3,0.42,9,1,18.0,75.0,"VS01,SV98",0,826.9845275070822,91.88716972300914,2.3132375444736994,92.50098161517977,92.50098161517977,0.0,1.4810983739925268,0.2115854819989324,7,True,2.91015592113643e-06,False,3.4791483111321764,3.219646771412954e-14,9,21.63372222783006,243.45442965807274,243.45442965807274,0.0,5.096040563065824,0.7280057947236891,7,True,3.0111974791307234e-06,False,2.511437789836596,1.1075584893660562e-12,9
UGC06446,0.3,0.42,17,1,12.0,51.0,"VS01,SV98",0,1896.8233430764078,111.57784371037692,1.8102724125699086,91.05117433520701,91.05117433520701,0.0,36.664142015479534,2.4442761343653023,15,True,0.0002179700465581784,False,3.494945863863955,3.739586418305407e-11,9,5.029844298468439,164.97232738011672,164.97232738011672,0.0,3.313831675289497,0.22092211168596648,15,True,1.8550784116320142e-06,False,2.900589820662815,9.103828801926284e-14,9
UGC06614,0.3,0.42,13,1,88.7,36.0,"dB01,VH93",0,696.4757447912921,53.575057291637854,10.943997034026678,223.6087368815838,223.6087368815838,0.0,13.634284669451162,1.2394804244955602,11,True,2.7867098453868497e-05,False,2.596469753422535,2.1316282072803006e-12,9,50.777646385818635,433.53762105484026,433.53762105484026,0.0,2.1951213968537076,0.19955649062306433,11,True,3.154313119658401e-06,False,1.9343889907549698,3.863576125695545e-14,9
UGC06667,0.3,0.42,9,1,18.0,89.0,"VS01,SV98",0,2154.2591272514815,239.3621252501646,2.1708701996272675,94.23724807623235,94.23724807623235,0.0,5.578073172709162,0.7968675961013089,7,True,3.494180563711587e-06,False,3.460552049401768,4.2810199829546036e-13,9,20.34535776766291,241.20622977577776,241.20622977577776,0.0,9.230497239254168,1.3186424627505955,7,True,4.397036782091836e-06,False,2.520715274872974,2.7977620220553945e-12,9
UGC06786,0.3,0.42,45,1,29.3,64.0,"No07,No05",0,88887.19769840434,1975.2710599645409,4.3472603830423635,272.881127772996,272.881127772996,0.0,1956.97319357854,45.51100450182651,43,True,0.013283977016485971,False,2.3973312966951417,2.786691766232252e-09,9,9.07727680574399,452.99493525556755,452.99493525556755,0.0,47.54065051015653,1.1055965234920124,43,True,3.307440920151954e-05,False,1.8904866226809993,5.542233338928781e-13,9
UGC06787,0.3,0.42,71,2,21.3,66.0,"No07,No05",0,183636.43177641477,2586.428616569222,4.657343258518039,273.9921239781956,273.9921239781956,0.0,6864.324611415135,99.48296538282804,69,True,0.05868579687541947,False,2.3932682062804354,1.2031705409754068e-08,9,9.42590449195236,475.58599031291055,475.58599031291055,0.0,1866.3185702360527,27.048095220812357,69,True,0.00019757726983414545,False,1.8418198601368871,3.888089850079268e-11,9
UGC06818,0.3,0.42,8,2,18.0,75.0,"VS01,SV98",0,276.32862209921115,34.54107776240139,4.168480142764537,95.4375917132247,95.4375917132247,0.0,5.008377469053313,0.8347295781755522,6,True,3.584385829806947e-06,False,3.4478950236950423,3.2862601528904634e-13,9,499.99999999999005,772.350687685926,772.350687685926,0.0,15.916942997123972,2.6528238328539953,6,True,6.315919657348703e-07,True,1.9539925233402755e-14,1.715960706860642e-12,9
UGC06917,0.3,0.42,11,1,18.0,56.0,"VS01,SV98",0,1993.5367752457687,181.2306159314335,2.507663568152786,112.4909321908434,112.4909321908434,0.0,12.451090703160801,1.3834545225734223,9,True,6.230715984990744e-05,False,3.283494952002406,3.538502824085299e-12,9,13.574347964307224,241.13209334705968,241.13209334705968,0.0,6.28160372214173,0.6979559691268589,9,True,5.3611685415583545e-06,False,2.521022679139846,8.766321002440236e-13,9
UGC06923,0.3,0.42,6,2,18.0,65.0,"VS01,SV98",0,280.7299893552514,46.788331559208565,1.7365144772770953,81.39365297418242,81.39365297418242,0.0,0.7937557892851331,0.19843894732128328,4,True,8.557957062206778e-07,False,3.6070702709719686,1.8762769116165146e-14,9,22.581531342216945,248.45625634855537,248.45625634855537,0.0,3.0777317369871193,0.7694329342467798,4,True,8.939055403141214e-06,False,2.4911007683993223,3.1676883338604966e-12,9
UGC06930,0.3,0.42,10,1,18.0,32.0,"VS01,SV98",0,779.9215079034531,77.9921507903453,3.336568800747125,115.84786834617155,115.84786834617155,0.0,12.31957102823895,1.5399463785298688,8,True,0.00011504138011898326,False,3.25408971706051,1.0539125128161686e-11,9,8.791674291845535,208.362224585589,208.362224585589,0.0,2.100624112546264,0.262578014068283,8,True,1.121870073287027e-07,False,2.6670895381860333,2.3092638912203256e-13,9
UGC06983,0.3,0.42,17,1,18.0,49.0,"VS01,SV98",0,2430.416208821079,142.96565934241642,2.763932111647298,120.56511740038326,120.56511740038326,0.0,33.44304586696588,2.2295363911310586,15,True,0.000255410487759059,False,3.2141775673152724,4.0820680169417756e-11,9,7.266711634669671,218.5667195737948,218.5667195737948,0.0,8.707679959824548,0.5805119973216365,15,True,9.974370271668445e-07,False,2.6192762469847812,2.5224267119483557e-13,9
UGC07089,0.3,0.42,12,2,18.0,80.0,"VS01,SV98",0,417.84799769310075,34.82066647442506,3.11050788723495,76.14904069202969,76.14904069202969,0.0,3.960189365147209,0.3960189365147209,10,True,7.3969806046816676e-06,False,3.673675085998016,4.445332990599127e-13,9,499.99999999995276,743.4670614040488,743.4670614040488,0.0,1.8435343030640399,0.184353430306404,10,True,7.600352306160802e-06,True,9.414691248821327e-14,1.063815702195825e-12,9
UGC07125,0.3,0.42,13,1,19.8,90.0,"Sw09,Sw02",0,1426.7721455111123,109.75170350085479,3.7119322760503066,62.994130883695526,62.994130883695526,0.0,11.245876421982038,1.022352401998367,11,True,6.049334195019102e-05,False,3.863326006174691,2.872369009310205e-12,9,11.315018569852056,116.80589745601449,116.80589745601449,0.0,9.097224148651314,0.8270203771501194,11,True,5.385526224368716e-06,False,3.245854006612861,2.8848035071860068e-12,9
UGC07151,0.3,0.42,11,1,6.87,90.0,"Sw09,Sw02",0,1958.8922835321866,178.08111668474425,1.1608156119852557,74.81472609788969,74.81472609788969,0.0,25.615501883480132,2.8461668759422367,9,True,0.00011745557821561111,False,3.691352829080314,2.3032242779663648e-11,9,6.004247080583675,155.7611111218096,155.7611111218096,0.0,31.486487304729906,3.498498589414434,9,True,2.8962727543876478e-06,False,2.95804407306135,1.7550405573274475e-11,9
UGC07232,0.3,0.42,4,2,2.83,59.0,"Sw09,Sw02",0,104.66469816498036,26.16617454124509,0.7114560267495776,67.48152525294408,67.48152525294408,0.0,0.373886155611171,0.1869430778055855,2,True,1.152094051526194e-07,False,3.571581338481425,6.494804694057166e-15,9,499.9999999999994,1235.615254850641,1235.615254850641,0.0,3.7507064799397933,1.8753532399698967,2,True,7.009446120249229e-07,True,8.881784197001252e-16,6.661338147750939e-15,9
UGC07261,0.3,0.42,7,2,13.1,30.0,"Sw09,Sw02",0,329.91048361021444,47.13006908717349,1.350600752559946,82.04859485990642,82.04859485990642,0.0,8.474449675588993,1.6948899351177986,5,True,8.422199010983274e-05,False,3.5990558756732627,6.789235840187757e-12,9,3.8572229883137172,146.2067176591721,146.2067176591721,0.0,0.09957888160359216,0.01991577632071843,5,True,2.8391390464219257e-07,False,3.0213460729690143,2.886579864025407e-15,9
UGC07323,0.3,0.42,10,1,8.0,47.0,"Sw09,Sw02",0,629.8715548148147,62.987155481481466,2.3070274227367458,84.50778824438174,84.50778824438174,0.0,4.9633011781665655,0.6204126472708207,8,True,1.7992963453022549e-06,False,3.5695238689618147,1.6342482922482304e-13,9,499.99999999988216,964.0412996805984,964.0412996805984,0.0,4.243660099123839,0.5304575123904799,8,True,1.3910812766315515e-05,True,2.353672812205332e-13,3.183231456205249e-12,9
UGC07399,0.3,0.42,10,1,8.43,55.0,"Sw09,Sw02",0,3804.4048097758537,380.44048097758537,1.2526106169777727,112.22180928162493,112.22180928162493,0.0,62.297705882247456,7.787213235280932,8,True,0.0005541966015069625,False,3.285890214826619,7.229061793623259e-11,9,5.336301281046345,223.52093494560552,223.52093494560552,0.0,7.511155067014424,0.938894383376803,8,True,7.186266496855918e-06,False,2.59686248932283,7.114309141798003e-13,9
UGC07524,0.3,0.42,31,1,4.74,46.0,"Sw09,Sw02",0,3927.5544129907425,126.69530364486266,2.6003883444608538,83.03155277378661,83.03155277378661,0.0,27.21844266044348,0.9385669882911545,29,True,5.034379265515409e-05,False,3.587146878192791,4.643396778192255e-12,9,18.574487683160264,189.15410569698466,189.15410569698466,0.0,22.139820694112373,0.7634420929004266,29,True,1.692052490684545e-06,False,2.763805510769325,6.828315690654563e-12,9
UGC07559,0.3,0.42,7,2,4.97,61.0,"Sw09,Sw02",0,86.87559380427058,12.410799114895797,0.9454693580108965,31.2868470706096,31.2868470706096,0.0,0.13779247355984747,0.027558494711969493,5,True,1.837162614407603e-07,False,3.855949205781284,3.7192471324942744e-15,9,499.9999999995504,549.3670555001161,549.3670555001161,0.0,1.7830593112349216,0.3566118622469843,5,True,1.0757398670702996e-08,True,8.988365607365267e-13,1.4903633882568101e-12,9
UGC07577,0.3,0.42,9,2,2.59,63.0,"Sw09,Sw02",0,11.421850194560191,1.2690944660622434,4.0196863653137225,54.27917326050407,54.27917326050407,0.0,0.8806362549196423,0.1258051792742346,7,True,1.0659293128258853e-06,False,4.012226963814602,9.443557047461582e-13,9,499.9999999999772,261.70892458258305,261.70892458258305,0.0,1.0019917349335676,0.1431416764190811,7,True,1.740999263734731e-08,True,4.529709940470639e-14,3.1086244689504383e-13,9
UGC07603,0.3,0.42,12,1,4.7,78.0,"Sw09,Sw02",0,1699.887608291739,141.65730069097825,1.0366801688575096,69.94990063748891,69.94990063748891,0.0,7.0712919259408284,0.7071291925940828,10,True,1.8910581887189274e-05,False,3.7585882870188367,1.922018100231071e-12,9,7.106263415640188,158.64494155994583,158.64494155994583,0.0,14.482180058256855,1.4482180058256855,10,True,1.044133416001898e-05,False,2.939698934403255,7.45004058444465e-12,9
UGC07690,0.3,0.42,7,2,8.11,41.0,"Sw09,Sw02",0,295.71268660027744,42.244669514325345,0.6340235587850385,66.8174841545648,66.8174841545648,0.0,3.623091043607382,0.7246182087214764,5,True,3.157405067794735e-05,False,3.456353839159795,2.3243629243552277e-12,9,1.1365715962670537,109.04333317189479,109.04333317189479,0.0,1.8437110081765624,0.36874220163531246,5,True,2.5457415222167155e-07,False,3.314622212388243,5.739853037312059e-13,9
UGC07866,0.3,0.42,7,2,4.57,44.0,"Sw09,Sw02",0,70.0023429792764,10.0003347113252,0.6788108480166003,30.7699814648778,30.7699814648778,0.0,1.1074782277020623,0.22149564554041246,5,True,6.551063287897467e-06,False,3.524610240846032,3.3240077357277187e-13,9,7.994530062316416,87.10130361721266,87.10130361721266,0.0,0.2684026561170109,0.05368053122340218,5,True,2.0512308779675603e-06,False,3.5392957170012354,1.247890679678676e-13,9
UGC08286,0.3,0.42,17,1,6.5,90.0,"Sw09,Sw02",0,9414.567009212906,553.7980593654651,1.6448759573139282,95.1830620289326,95.1830620289326,0.0,132.14175990660516,8.809450660440344,15,True,0.0007992308117449468,False,3.4505655615466964,1.2033751772833057e-10,9,4.6763499488429146,171.24118628672628,171.24118628672628,0.0,40.59874029329379,2.7065826862195856,15,True,1.8019220461168823e-05,False,2.863294558771204,3.0127011996228248e-12,9
UGC08490,0.3,0.42,30,1,4.65,50.0,"Sw09,Sw02",0,5118.72623543789,170.62420784792965,1.5173813035175123,97.88801323660311,97.88801323660311,0.0,170.42710421710777,6.086682293468135,28,True,0.0014108306782627208,False,3.422543464459844,3.7982772482791916e-10,9,2.7884937297969,160.8094823111029,160.8094823111029,0.0,3.2458544906289664,0.11592337466532023,28,True,3.27275771536545e-06,False,2.926147243047607,2.9753977059954195e-14,9
UGC08550,0.3,0.42,11,1,6.7,90.0,"Sw09,Sw02",0,2562.673932015364,232.97035745594215,1.148391018629539,63.19175944948646,63.19175944948646,0.0,52.49428097366025,5.832697885962251,9,True,0.00030860584462005233,False,3.860193663456241,8.08881850389298e-11,9,3.7944407392808075,117.02187172052209,117.02187172052209,0.0,8.259018992329539,0.9176687769255043,9,True,1.2587784461043697e-05,False,3.2440067125409398,6.998845947236987e-13,9
UGC08699,0.3,0.42,41,2,39.3,73.0,"No07,No05",0,14440.547701922167,352.208480534687,1.6947060634221476,215.37399922787347,215.37399922787347,0.0,1124.4976541112305,28.833273182339244,39,True,0.005405547689996585,False,2.6339915194624037,1.6384547052439302e-09,9,3.3950634199055245,344.12678467364447,344.12678467364447,0.0,141.17720810937078,3.6199284130607894,39,True,8.80548584786115e-05,False,2.1653574180806334,5.064748620497994e-11,9
UGC08837,0.3,0.42,8,2,7.21,80.0,"Sw09,Sw02",0,217.40940061130436,27.176175076413045,3.478086371770457,68.47256315353471,68.47256315353471,0.0,1.5732355979960018,0.26220593299933365,6,True,2.659059858163985e-07,False,3.7799344405234017,6.261657858885883e-14,9,499.99999999983777,518.7425625239083,518.7425625239083,0.0,23.093559403571255,3.8489265672618758,6,True,4.965606403672256e-07,True,3.241851231905457e-13,7.016609515630989e-12,9
UGC09037,0.3,0.42,22,2,83.6,65.0,Ha14,0,1560.9782890602487,70.95355859364767,7.20595123110483,148.00044204019105,148.00044204019105,0.0,25.137181986934525,1.2568590993467263,20,True,2.18604209719546e-05,False,3.0091523071325437,1.7479351299698465e-12,9,152.9669910285305,542.9436121880226,542.9436121880226,0.0,46.55450021618537,2.327725010809268,20,True,6.824831503649671e-05,False,1.1843859452176027,5.88613602303667e-11,9
UGC09133,0.3,0.42,68,1,57.1,53.0,"No07,No05",0,184127.11462020077,2707.7516855911877,9.42743255161127,313.32707972621796,313.32707972621796,0.0,12240.634821338701,185.46416395967728,66,True,0.19305503697530105,False,2.259119939574057,1.7024467524606735e-07,9,10.776761369039887,493.04685407459374,493.04685407459374,0.0,1022.0242620255171,15.485216091295714,66,True,0.0009446109124569889,False,1.8057633594325866,2.212345862062648e-10,9
UGC09992,0.3,0.42,5,2,10.7,30.0,"Sw09,Sw02",0,29.790774468140302,5.958154893628061,0.5940951803887012,35.20634649226971,35.20634649226971,0.0,0.8184703260366573,0.2728234420122191,3,True,8.772682908895357e-06,False,3.3913072693167967,1.3852252678248078e-12,9,0.9231237237549675,57.97658270439906,57.97658270439906,0.0,0.03367178886057619,0.011223929620192063,3,True,1.7512813645485712e-08,False,3.832030997203919,1.0547118733938987e-15,9
UGC10310,0.3,0.42,7,1,15.2,34.0,"Sw09,Sw02",0,347.05571257565646,49.57938751080807,1.6913953475640873,77.17759192925483,77.17759192925483,0.0,1.6831416491343762,0.33662832982687524,5,True,4.319524639611414e-06,False,3.6602584127368436,4.1744385725905886e-13,9,6.900851207748485,147.6472005044943,147.6472005044943,0.0,3.427930032308283,0.6855860064616566,5,True,2.8682498286454317e-06,False,3.0115419199889004,4.0678571622265736e-13,9
UGC11455,0.3,0.42,36,1,78.6,90.0,SG06,0,7090.9835006356,196.97176390654442,7.497824292763227,295.5991015632445,295.5991015632445,0.0,164.14506297879743,4.8277959699646305,34,True,0.0005131662054846064,False,2.317363417947379,5.923084245296195e-11,9,32.466588952734256,539.454448335343,539.454448335343,0.0,233.42927631552172,6.865566950456521,34,True,0.00014010988293009012,False,1.7158092196300911,8.742517820792273e-11,9
UGC11557,0.3,0.42,12,2,24.2,30.0,"Sw02,dB01",0,78.77772740452927,6.564810617044106,3.594167906283755,72.63984416276824,72.63984416276824,0.0,5.605792117993044,0.5605792117993044,10,True,6.258704620897743e-07,False,3.7208539786958497,3.8458125573015423e-13,9,499.9999999999994,639.5805079175024,639.5805079175024,0.0,10.884966529064647,1.0884966529064646,10,True,3.1476970470242673e-07,True,8.881784197001252e-16,1.0658141036401503e-14,9
UGC11820,0.3,0.42,10,1,18.1,45.0,"KN08,vZ97",0,12800.682355645604,1280.0682355645604,4.494062876656351,83.27281806205815,83.27281806205815,0.0,150.64096801774886,18.830121002218608,8,True,0.0005749490519065633,False,3.58424538551019,1.0871303857129533e-10,9,20.298096856450897,177.14289173644897,177.14289173644897,0.0,13.202886719640128,1.650360839955016,8,True,6.175413355982133e-06,False,2.8294108628200902,7.140954494389007e-13,9
UGC11914,0.3,0.42,65,1,16.9,31.0,"No07,No05",0,43452.64191223945,668.5021832652224,1.1804844839459487,317.76435653731573,317.76435653731573,0.0,2477.860568189933,39.331120129998936,63,True,0.03341431758562249,False,2.2450574767372586,7.403741619782522e-09,9,1.9612210650105766,503.70307451710914,503.70307451710914,0.0,295.1803972333165,4.685403130687564,63,True,0.00014816962308280695,False,1.784380611051657,1.4949819160392508e-11,9
UGC12506,0.3,0.42,31,2,100.6,86.0,Ha14,0,3330.9063034825604,107.4485904349213,6.900197781934936,290.69294221401395,290.69294221401395,0.0,110.6839550675635,3.8166881057780517,29,True,0.0008064915489041539,False,2.3341000389697086,2.6260238428221783e-10,9,9.736370955350262,478.85824899841634,478.85824899841634,0.0,4.230312058212396,0.1458728295935309,29,True,1.0587284323620692e-06,False,1.8349629451453602,1.4210854715202004e-14,9
UGC12632,0.3,0.42,15,1,9.77,46.0,"Sw09,Sw02",0,2132.9719640312987,142.19813093541993,2.378784768205247,78.00225786456282,78.00225786456282,0.0,15.46118215323353,1.189321704094887,13,True,5.973667999883915e-05,False,3.6496297943980354,6.327383061943692e-12,9,8.13125143857055,145.55089793443125,145.55089793443125,0.0,4.721967739760279,0.3632282876738676,13,True,1.2306175237642571e-06,False,3.0258417282269994,2.0516921495072893e-13,9
UGC12732,0.3,0.42,16,1,13.2,39.0,"Sw09,Sw02",0,2963.459700881668,185.21623130510426,3.5356144837917833,97.15465752447328,97.15465752447328,0.0,78.14133045328612,5.5815236038061515,14,True,0.00044663381103678205,False,3.430063451396202,1.2431655704858713e-10,9,12.714626976345773,185.92055275154678,185.92055275154678,0.0,3.219252288724552,0.2299465920517537,14,True,3.740701412927203e-07,False,2.7810481209298734,4.440892098500626e-14,9
UGCA442,0.3,0.42,8,1,4.35,64.0,Co00,0,4474.664805708171,559.3331007135214,1.9611253727394486,63.373167172819585,63.373167172819585,0.0,8.0180012518232,1.3363335419705333,6,True,3.3356243252870793e-06,False,3.857327026507087,2.113864638886298e-13,9,20.480912288051616,165.07831118481252,165.07831118481252,0.0,12.43264174330473,2.072106957217455,6,True,1.6173526879668596e-05,False,2.8999475931016176,7.58682006107847e-12,9
UGCA444,0.3,0.42,36,2,0.98,78.0,Ke07,0,467.58790330971306,12.988552869714251,0.8288483917074433,34.87362310232801,34.87362310232801,0.0,13.600655807205648,0.40001928844722495,34,True,4.812266687515111e-05,False,3.724304983924633,1.1400658195270807e-11,9,499.999999999999,650.4989778079337,650.4989778079337,0.0,1.9955002775512234,0.058691184633859514,34,True,1.629364494134042e-07,True,1.7763568394002505e-15,1.887379141862766e-13,9
CamB,0.7,0.9799999999999999,9,2,3.36,65.0,Bm03,0,51.52065143363489,5.724516825959432,476.5754094973194,2999.999999997877,2999.999999997877,0.0,49.70033760990324,7.100048229986177,7,True,8.128820281804273e-09,True,7.069900220812997e-13,1.820313948896569,7,41.14319449897762,0.002194500636741892,0.002194500636741892,0.0,51.52065144267067,7.360093063238667,7,True,5.355082867962906e-07,False,0.7859545202996259,1.2813953276236134e-07,9
D512-2,0.7,0.9799999999999999,4,2,15.2,56.0,Tr09,0,70.27334291790675,17.568335729476686,1.0498752686356478,36.82425364407279,36.82425364407279,0.0,0.17089301753755945,0.08544650876877972,2,True,2.494463400263063e-07,False,3.9606943707657027,1.6986412276764895e-14,9,9.540710989853471,94.83002221762553,94.83002221762553,0.0,0.5178917343961239,0.25894586719806195,2,True,4.774350286850378e-07,False,3.454281518465641,6.356026815979021e-13,9
D564-8,0.7,0.9799999999999999,6,2,8.79,63.0,Tr09,0,206.9048976607421,34.48414961012369,1.2419129262269102,26.99463557361981,26.99463557361981,0.0,0.20361359667790505,0.05090339916947626,4,True,5.1298425426242616e-08,False,4.128675878773971,1.942890293094024e-15,9,499.99999999971163,413.48784051918113,413.48784051918113,0.0,4.273107207300933,1.0682768018252333,4,True,2.333985546962538e-05,True,5.764277943853813e-13,2.1946888750790094e-12,9
D631-7,0.7,0.9799999999999999,16,1,7.72,59.0,"Tr09,dB01",0,1568.051769497749,98.00323559360932,3.61059718428329,72.73411725036945,72.73411725036945,0.0,16.860727299639628,1.2043376642599735,14,True,8.45632220431434e-06,False,3.7195570050163838,2.9878322038712213e-12,9,499.9999999999941,634.9562337664643,634.9562337664643,0.0,100.59502582080275,7.185358987200196,14,True,1.57235997509306e-07,True,1.1546319456101628e-14,7.02016222930979e-12,9
DDO064,0.7,0.9799999999999999,14,1,6.8,60.0,"dB02,Sw02",0,152.32483075999284,10.880345054285202,1.0447442544201082,48.091273821077685,48.091273821077685,0.0,3.695355232605465,0.3079462693837887,12,True,1.439098456576184e-06,False,3.955795128280671,4.440892098500626e-14,9,499.9999999999994,801.3836308715305,801.3836308715305,0.0,6.698831007899288,0.5582359173249406,12,True,2.4230452791748767e-07,True,8.881784197001252e-16,1.907807245515869e-12,9
DDO154,0.7,0.9799999999999999,12,2,4.04,64.0,"Be91,CB89",0,68230.50709844867,5685.875591537389,1.7737213375944776,50.95041944437484,50.95041944437484,0.0,16.139374562452527,1.6139374562452526,10,True,1.1799688515842942e-05,False,4.075514575544842,2.6290081223123707e-13,9,19.417559027327272,148.92024168841684,148.92024168841684,0.0,136.12700866823917,13.612700866823918,10,True,8.656312251882635e-05,False,3.002956695705757,7.500489118683618e-11,9
DDO161,0.7,0.9799999999999999,31,1,7.5,70.0,Co00,0,10906.014376522719,351.8069153717006,4.890760941147829,68.53088487628392,68.53088487628392,0.0,5.6519756724253005,0.19489571284225174,29,True,1.929352315448737e-06,False,3.7790830498889196,2.7533531010703882e-14,9,113.54019331631378,270.23091615592654,270.23091615592654,0.0,43.21973070172686,1.4903355414388573,29,True,3.3569022586896895e-05,False,1.4824511980536714,3.1960212254489306e-11,9
DDO168,0.7,0.9799999999999999,10,2,4.25,63.0,"Sa96,Br92",0,1453.7930172973868,145.37930172973867,1.8349554957275391,61.15117916122964,61.15117916122964,0.0,28.83095085972176,3.60386885746522,8,True,5.447483723214737e-05,False,3.893018422608465,2.1401547201094218e-11,9,499.9999999999177,766.6069110166052,766.6069110166052,0.0,89.79192882233288,11.22399110279161,8,True,9.694809287859785e-08,True,1.6431300764452317e-13,2.6275870368408505e-11,9
DDO170,0.7,0.9799999999999999,8,2,15.4,66.0,"Be91,La90",0,4424.111032699033,553.0138790873791,3.432108109576462,62.713847184217926,62.713847184217926,0.0,37.64303593757664,6.27383932292944,6,True,0.00010416860528341803,False,3.8677852961616113,9.805489753489383e-12,9,14.570328438178962,128.0644750122871,128.0644750122871,0.0,13.216288306460408,2.2027147177434014,6,True,1.7514599867619467e-05,False,3.1538337195169532,3.7481129311345285e-13,9
ESO079-G014,0.7,0.9799999999999999,15,1,28.7,79.0,Ge04,0,3715.1159312314744,247.67439541543163,5.672507346758212,158.4427529987683,158.4427529987683,0.0,18.177794118215164,1.3982918552473202,13,True,8.895867159648952e-06,False,2.9409742193925474,1.2718714970105793e-12,9,124.02180932229591,595.620226404572,595.620226404572,0.0,46.32162417003443,3.563201859233418,13,True,4.039460262496398e-06,False,1.3941506666510968,4.4728665216098307e-11,9
ESO116-G012,0.7,0.9799999999999999,15,1,13.0,74.0,Ge04,0,3915.494738932735,261.03298259551565,2.8342506826317506,112.29559066858072,112.29559066858072,0.0,11.028406638470647,0.8483389721900498,13,True,1.4583314003568267e-05,False,3.285232970536171,4.156675004196586e-13,9,44.89833809360122,359.8204857611545,359.8204857611545,0.0,33.066446683561836,2.543572821812449,13,True,2.6559633895721274e-05,False,2.120762311231138,7.212008767965017e-11,9
ESO444-G084,0.7,0.9799999999999999,7,2,4.83,32.0,Co00,0,1916.0614942964796,273.7230706137828,1.1874772491807644,69.68765620266407,69.68765620266407,0.0,17.28541064776772,3.4570821295535437,5,True,1.5104287939436093e-05,False,3.762344364525114,1.2789769243681803e-12,9,14.13896186052492,201.4377109013883,201.4377109013883,0.0,3.515365618510294,0.7030731237020589,5,True,4.280308235715438e-06,False,2.7008873610933772,1.3142820165512603e-11,9
ESO563-G021,0.7,0.9799999999999999,30,1,60.8,83.0,SG06,0,4238.936795363412,141.29789317878038,7.658579727428894,311.7900842834804,311.7900842834804,0.0,397.27602039449675,14.188429299803456,28,True,0.001506812829340426,False,2.264037413060535,1.688817974354606e-10,9,63.416401984196646,664.1859259800336,664.1859259800336,0.0,516.758966797366,18.455677385620216,28,True,8.18508386374698e-05,False,1.5078054483629426,2.006572685786523e-10,9
F565-V2,0.7,0.9799999999999999,7,2,51.8,60.0,"dB97,dB96",0,284.6144796152722,40.65921137361032,3.235520379766225,87.78436792766836,87.78436792766836,0.0,0.29381747684047876,0.058763495368095754,5,True,3.6623469126428496e-07,False,3.531484124686603,7.438494264988549e-15,9,499.9999999999994,845.821124887133,845.821124887133,0.0,1.893780609559302,0.37875612191186037,5,True,7.631469325778849e-09,True,8.881784197001252e-16,2.220446049250313e-15,9
F568-3,0.7,0.9799999999999999,18,1,82.4,40.0,"KN08,dB96",0,405.5897166091786,22.532762033843255,4.139839168412611,110.59174999600678,110.59174999600678,0.0,15.985432226701374,0.9990895141688358,16,True,1.59431138584617e-05,False,3.3005220745087156,1.127986593019159e-12,9,499.9999999999985,797.2307539741132,797.2307539741132,0.0,50.69258830457079,3.1682867690356744,16,True,1.4994248903142728e-06,True,2.6645352591003757e-15,3.176126028847648e-12,9
F568-V1,0.7,0.9799999999999999,15,1,80.6,40.0,"dB01,dB96",0,586.7475248685644,39.116501657904294,2.501075758142535,128.36628758965955,128.36628758965955,0.0,5.987653017992211,0.4605886936917086,13,True,3.983266616213495e-05,False,3.151479768581628,5.219824572577636e-12,9,8.236470675511638,241.27955857889384,241.27955857889384,0.0,2.6959369827293176,0.2073797679022552,13,True,1.1717035970896582e-06,False,2.5204113123296183,2.1938006966593093e-13,9
F571-8,0.7,0.9799999999999999,13,1,53.3,85.0,"dB01,dB96",0,1815.1992209663322,139.63070930510247,6.026540218249085,164.6688730585557,164.6688730585557,0.0,239.91833759637822,21.81075796330711,11,True,0.0001709897541714184,False,2.9024309400791743,1575.2808833777606,8,499.9999999998266,1130.3477093889596,1130.3477093889596,0.0,365.58113600577923,33.23464872779811,11,True,2.000679097224011e-06,True,3.4638958368304884e-13,1.750777300912887e-11,9
F571-V1,0.7,0.9799999999999999,7,2,80.1,30.0,"dB97,dB96",0,246.79675708547683,35.256679583639546,4.118551160568956,87.69835957693427,87.69835957693427,0.0,0.38498443539538085,0.07699688707907618,5,True,4.1098365395208463e-07,False,3.532464373385084,3.1585845050585704e-14,9,30.911144173324505,213.45411164325202,213.45411164325202,0.0,1.5949175748617181,0.3189835149723436,5,True,1.2834357509738805e-06,False,2.6429456918383964,1.006528194125167e-12,9
F574-1,0.7,0.9799999999999999,14,1,96.8,65.0,"dB01,dB96",0,1253.9877010195523,89.57055007282517,2.8942038327468493,102.3869441394748,102.3869441394748,0.0,8.20473469758772,0.6837278914656433,12,True,4.958546575447968e-05,False,3.377608361811422,2.225775119768514e-12,9,17.20544249664828,218.63064672016085,218.63064672016085,0.0,19.14016308127214,1.5950135901060116,12,True,3.7965812561279756e-05,False,2.6189838063080977,1.7575274569026078e-11,9
F583-1,0.7,0.9799999999999999,25,1,35.4,63.0,"KN08,dB96",0,1105.0818048677522,44.20327219471009,3.3199301754440795,92.86705900688509,92.86705900688509,0.0,7.337237204170073,0.3190103132247858,23,True,2.7318998166721266e-05,False,3.475198570212532,2.5721647034515627e-12,9,32.21894086480025,228.89091523789054,228.89091523789054,0.0,35.67904256683976,1.551262720297381,23,True,5.541767573750419e-05,False,2.5731220302609508,9.404033107784926e-11,9
F583-4,0.7,0.9799999999999999,12,1,53.3,55.0,"KN08,dB96",0,337.26894412047716,28.105745343373098,2.4786454026269453,64.51834495662715,64.51834495662715,0.0,8.601915025420109,0.8601915025420108,10,True,4.7556333737723245e-05,False,3.8394179663554278,1.2386536241137946e-11,9,42.243946500537724,222.8057627440118,222.8057627440118,0.0,1.3248516490429998,0.13248516490429998,10,True,2.8748122233128833e-06,False,2.471147032978077,1.52522439123004e-12,9
IC2574,0.7,0.9799999999999999,34,2,3.91,75.0,"Sa96,MC94",0,10781.998629204063,317.11760674129596,6.170995214772574,77.46573561737425,77.46573561737425,0.0,83.8558794320734,2.6204962322522936,32,True,4.6936045344848244e-05,False,3.656531850121419,8.93862761586206e-12,9,499.9999999999994,469.71083794161035,469.71083794161035,0.0,1109.3874160379132,34.66835675118479,32,True,3.714464483378908e-07,True,8.881784197001252e-16,2.248725650133565e-10,9
IC4202,0.7,0.9799999999999999,32,1,100.4,90.0,SG06,0,2739.77110905242,85.61784715788812,8.634076103134603,189.78930406910504,189.78930406910504,0.0,1560.8542051661282,52.028473505537605,30,True,0.00030244494779080907,False,2.7604530367551554,4.1086423152592033e-10,9,499.9999999999967,1072.9303537507842,1072.9303537507842,0.0,1685.2527001207952,56.17509000402651,30,True,0.00022593996812729237,True,6.217248937900877e-15,9.777068044058979e-12,9
KK98-251,0.7,0.9799999999999999,15,2,6.8,59.0,BC04,0,280.3289885960506,18.688599239736707,1.5856920727109576,35.91049189960336,35.91049189960336,0.0,3.1563050655336036,0.24279269734873873,13,True,1.0510424817666212e-06,False,4.373043956392708,2.6423307986078726e-13,9,499.9999999999736,465.1597996017287,465.1597996017287,0.0,23.30662147561807,1.7928170365860052,13,True,2.2138810166203592e-07,True,5.240252676230739e-14,5.012879000787507e-12,9
NGC0024,0.7,0.9799999999999999,29,1,7.3,64.0,"Di08,Ch06",0,2118.936777236855,73.06678542196052,1.602327124964514,138.97167898500786,138.97167898500786,0.0,88.39741222113608,3.2739782304124474,27,True,0.00012413403559296147,False,3.072097403588357,1.4509282664221246e-11,9,4.883774555334022,211.54081872593883,211.54081872593883,0.0,21.75951351939881,0.8059079081258818,27,True,8.794852496601049e-07,False,2.6519495914451747,1.7053025658242404e-13,9
NGC0055,0.7,0.9799999999999999,21,2,2.11,77.0,"Sa96,Pu91",0,1915.9587263029937,91.23612982395208,4.325059522609142,82.5192412208166,82.5192412208166,0.0,7.597483654354463,0.399867560755498,19,True,1.0281242360667997e-05,False,3.5933360745837915,2.184918912462308e-13,9,499.9999999999967,674.8906756214791,674.8906756214791,0.0,70.29871706694036,3.699932477207387,19,True,5.372188789749881e-07,True,6.217248937900877e-15,2.8563817977556027e-12,9
NGC0100,0.7,0.9799999999999999,21,1,13.5,89.0,"dB02,Rh96",0,773.0124632814787,36.81011729911803,3.3728149298616428,90.49312574584997,90.49312574584997,0.0,2.62434001868739,0.1381231588782837,19,True,4.646290226146971e-07,False,3.5010936784387594,8.79296635503124e-14,9,499.99999999975694,842.1334229422162,842.1334229422162,0.0,17.338493111542963,0.912552269028577,19,True,6.754023293051227e-08,True,4.858335955759685e-13,3.9612757518625585e-12,9
NGC0247,0.7,0.9799999999999999,26,2,3.7,74.0,"Sa96,Ca90",0,6776.894462568984,260.649787021884,2.5046071326135584,87.03607731426929,87.03607731426929,0.0,306.95880982196616,12.78995040924859,24,True,0.0025416907073938164,False,3.540044853179176,6.870095603517257e-10,9,23.513749336622332,222.14523543869998,222.14523543869998,0.0,41.55402653139217,1.7314177721413404,24,True,2.335182147716578e-05,False,2.6030361859946156,2.9771740628348198e-12,9
NGC0289,0.7,0.9799999999999999,28,2,20.8,46.0,Wa97,0,3081.3012038106617,110.04647156466649,13.521582032693987,177.88649478731853,177.88649478731853,0.0,90.78538860708093,3.491745715656959,26,True,0.00042950099852908454,False,2.825221890490143,8.733991307963151e-11,9,32.67372338115289,317.16836255844106,317.16836255844106,0.0,48.932107369935174,1.8820041296128913,26,True,7.333540790133134e-06,False,2.2469348225913777,1.3358203432289883e-12,9
NGC0300,0.7,0.9799999999999999,25,2,2.08,42.0,"Sa96,CP90",0,3312.9970132636236,132.51988053054495,3.057509068899747,100.95582280697862,100.95582280697862,0.0,32.0829705241669,1.3949117619203002,23,True,9.175652887359167e-05,False,3.39168454444608,6.473044322774513e-12,9,31.150585862773006,259.8195893345153,259.8195893345153,0.0,14.954459326201237,0.6501938837478799,23,True,9.779097091262297e-06,False,2.4463800646607874,1.1031175972675555e-12,9
NGC0801,0.7,0.9799999999999999,13,1,80.7,80.0,"Sa96,Br92",0,1084.9594236777002,83.45841720597694,27.259046727319614,188.83675173759514,188.83675173759514,0.0,62.34988196124494,5.668171087385904,11,True,6.119472888469444e-06,False,2.7654846732554796,5.258016244624741e-13,9,499.9999999999856,680.5386361427259,680.5386361427259,0.0,71.42431929912406,6.493119936284006,11,True,8.746967985085922e-07,True,2.842170943040401e-14,7.105427357601002e-13,9
NGC0891,0.7,0.9799999999999999,18,1,9.91,90.0,Fr11,0,1465.6412167294939,81.42451204052743,266.1003028841403,2999.9999999991715,2999.9999999991715,0.0,1090.0099028675302,68.12561892922064,16,True,4.459290778887104e-05,True,2.753353101070388e-13,375.63131630533917,7,499.9999999999967,681.5235156419627,681.5235156419627,0.0,1219.980279279254,76.24876745495338,16,True,1.4017168581565198e-05,True,6.217248937900877e-15,5.6843418860808015e-12,9
NGC1003,0.7,0.9799999999999999,36,1,11.4,67.0,"Sa96,Br92",0,18453.19669586879,512.5887971074665,8.711091308726902,121.5376806777404,121.5376806777404,0.0,265.51799529404013,7.809352802765886,34,True,0.0003667609289038157,False,3.206143223914811,5.007905201637186e-11,9,42.07509191989921,255.60937846654562,255.60937846654562,0.0,76.19352388873807,2.2409859967275905,34,True,3.499921002953596e-06,False,2.462717153853859,7.247535904753022e-13,9
NGC1090,0.7,0.9799999999999999,24,1,37.0,64.0,Ge04,0,5317.434082816472,221.55975345068634,10.038300912173966,142.72369809560786,142.72369809560786,0.0,61.55272703307307,2.7978512287760484,22,True,2.0593188185802296e-05,False,3.0454569876099074,2.2453150450019166e-12,9,69.39252029435464,346.3447000118006,346.3447000118006,0.0,66.06850016636733,3.0031136439257877,22,True,6.888386211892064e-06,False,1.9748290134561683,2.177102942368947e-11,9
NGC2403,0.7,0.9799999999999999,73,1,3.16,63.0,"Da06,Fr02",0,234736.0554550663,3215.562403494059,4.0672428662475095,130.2137057841419,130.2137057841419,0.0,2527.486577098418,35.598402494343915,71,True,0.013611714836889015,False,3.1371905762566676,1.102307578548789e-09,9,19.341702134606216,277.0875383922465,277.0875383922465,0.0,1069.468080668328,15.062930713638423,71,True,0.000539019923336717,False,2.38203408831098,1.3847056834492832e-10,9
NGC2683,0.7,0.9799999999999999,11,2,9.81,80.0,"Sa96,Br92",0,299.35572431515334,27.21415675592303,6.811464850337032,154.18213048781618,154.18213048781618,0.0,10.823690977098199,1.2026323307886888,9,True,1.832093835581159e-05,False,2.968232998529257,4.098055228496378e-12,9,20.775506089954984,276.22090852087024,276.22090852087024,0.0,12.632784556038958,1.4036427284487731,9,True,8.757090228431723e-06,False,2.3851666288853517,6.473044322774513e-12,9
NGC2841,0.7,0.9799999999999999,50,1,14.1,76.0,"Di08,Be91",0,27650.023460110497,553.00046920221,10.825329277090802,305.7081467798222,305.7081467798222,0.0,927.7661496464954,19.328461450968653,48,True,0.014362203244336038,False,2.2837366895180304,3.9167389331851155e-09,9,20.52456266321716,525.7818845240404,525.7818845240404,0.0,104.10218743489014,2.1687955715602114,48,True,0.00012397869884484306,False,1.7414811091164175,8.057554623519536e-12,9
NGC2903,0.7,0.9799999999999999,34,1,6.6,66.0,"Be91,Be87",0,10907.312333804288,320.8033039354202,7.9084770695609485,168.66782840301397,168.66782840301397,0.0,1165.2742681238703,36.41482087887095,32,True,0.0004063756419026677,False,2.8784362992897057,8.958522812463343e-11,9,499.9999999995953,1041.2768971034493,1041.2768971034493,0.0,1494.69984941079,46.709370294087186,32,True,1.4241279123772496e-05,True,8.091305403468141e-13,1.2960299500264227e-11,9
NGC2915,0.7,0.9799999999999999,30,2,4.06,56.0,El10,0,1651.0877707320917,55.03625902440306,2.0690532912856905,98.15842146653898,98.15842146653898,0.0,30.714249027250077,1.0969374652589312,28,True,0.00022496354597294506,False,3.419784848606122,1.9273471707492718e-11,9,5.937863874122866,176.2530553490055,176.2530553490055,0.0,31.40153454788344,1.1214833767101229,28,True,3.053664250231407e-05,False,2.8344467907946163,2.7817748105007922e-11,9
NGC2955,0.7,0.9799999999999999,24,1,97.9,56.0,SG06,0,578.9141385332285,24.121422438884522,452.84170570782925,2999.999999999065,2999.999999999065,0.0,548.0405403474908,24.910933652158675,22,True,2.0937225170332e-05,True,3.1086244689504383e-13,30.873598546999688,6,499.9466579249566,0.0010016859922178597,0.0010016859922178597,0.0,578.9141385332503,26.314279024238648,22,True,0.0,False,0.00010668984124517777,1.984894538509252e-06,9
NGC2976,0.7,0.9799999999999999,27,2,3.58,61.0,Si03,0,127.36418895033465,4.717192183345728,3.412028210793462,143.91424230576905,143.91424230576905,0.0,9.02881242545442,0.3611524970181768,25,True,9.002446005867513e-07,False,3.0371499850216273,1.687538997430238e-13,9,499.99999999992656,783.3882838552719,783.3882838552719,0.0,30.817724767217324,1.232708990688693,25,True,4.201277458854207e-06,True,1.4654943925052066e-13,2.8492763703980017e-12,9
NGC2998,0.7,0.9799999999999999,13,1,68.1,58.0,"Sa96,Br92",0,4651.729770581223,357.8253669677864,12.691582748827797,188.64798227199822,188.64798227199822,0.0,41.0821214257116,3.7347383114283272,11,True,1.7907268465150853e-05,False,2.766484816913355,1.6342482922482304e-12,9,37.89929674315779,367.9113443694167,367.9113443694167,0.0,27.509213096870937,2.500837554260994,11,True,2.1707862810725875e-06,False,2.0985255705449104,3.126388037344441e-13,9
NGC3109,0.7,0.9799999999999999,25,1,1.33,70.0,"Be91,JC90",0,3489.594168754237,139.5837667501695,2.425022871818318,71.79974246096837,71.79974246096837,0.0,8.22075150874701,0.35742397864117437,23,True,7.547159068651705e-06,False,3.732486678497091,2.877698079828406e-13,9,499.99999999710036,733.9649575716946,733.9649575716946,0.0,202.73941429285543,8.814757143167627,23,True,5.979894120947778e-05,True,5.798916902222118e-12,1.3636736184707843e-10,9
NGC3198,0.7,0.9799999999999999,43,1,13.8,73.0,"Da06,Be91,Be87",0,21477.205274327156,499.4698901006315,7.7971777651437595,159.9646225521604,159.9646225521604,0.0,465.2463129496374,11.347471047552132,41,True,0.0046569662287085185,False,2.931414885913626,5.458105079014786e-10,9,30.55508102542661,291.17845478470457,291.17845478470457,0.0,112.99705103466115,2.7560256349917354,41,True,0.00015395022987430031,False,2.3324312417548274,8.697043085703626e-12,9
NGC3521,0.7,0.9799999999999999,41,1,7.7,75.0,"Da06,Sa96",0,338.66280549232056,8.260068426641965,179.6836088665834,2999.999999999923,2999.999999999923,0.0,98.02218789290872,2.5133894331515054,39,True,3.04550425221626e-06,True,2.4868995751603507e-14,240.64061819646423,7,499.9999999999994,1036.846985680484,1036.846985680484,0.0,166.32181800616166,4.264662000157991,39,True,2.8786650906271375e-05,True,8.881784197001252e-16,172.34098790920092,8
NGC3726,0.7,0.9799999999999999,12,2,18.0,53.0,"VS01,SV98",0,238.13074899535013,19.844229082945844,51.4679222226444,426.4459587119818,426.4459587119818,0.0,19.812075717769805,1.9812075717769804,10,True,1.630548177183411e-05,False,1.9508819175111496,1.2363443602225743e-12,9,499.9999999999914,663.9966534902,663.9966534902,0.0,48.068718078175884,4.806871807817588,10,True,5.630262019088444e-06,True,1.687538997430238e-14,5.826450433232822e-13,9
NGC3741,0.7,0.9799999999999999,21,1,3.21,70.0,"Ge07,Bm05",0,2500.4093793775855,119.06711330369455,1.9497870688369543,54.89071860443047,54.89071860443047,0.0,35.59638936762016,1.8734941772431664,19,True,6.955138317731597e-05,False,4.001023293455607,9.606537787476555e-12,9,30.13184616609817,173.22184892318606,173.22184892318606,0.0,7.120155326311865,0.3747450171743087,19,True,1.2101712608994034e-05,False,2.8090254738050366,2.241762331323116e-12,9
NGC3769,0.7,0.9799999999999999,12,2,18.0,70.0,"VS01,SV98",0,428.2593124076241,35.68827603396868,7.768283097794159,131.63920062339938,131.63920062339938,0.0,19.91626206629668,1.9916262066296682,10,True,2.7970579981761976e-05,False,3.1263027160380945,7.02016222930979e-12,9,29.410350042342053,242.8759697931961,242.8759697931961,0.0,25.33822368905885,2.533822368905885,10,True,2.9421190885136424e-05,False,2.513816666988113,2.5785595880734036e-11,9
NGC3877,0.7,0.9799999999999999,13,2,18.0,76.0,"VS01,SV98",0,106.70100400623686,8.207769538941296,1.4916539431019262,76.37559053950065,76.37559053950065,0.0,62.97349177278318,5.724862888434834,11,True,0.0002122192804631278,False,3.6707044180836244,1.6832757410156773e-10,9,4.09970921453421,111.31787527423059,111.31787527423059,0.0,80.98243191681627,7.362039265165115,11,True,4.463848622545655e-06,False,3.293977717823733,1.0227552138530882e-10,9
NGC3893,0.7,0.9799999999999999,10,1,18.0,49.0,"VS01,SV98",0,230.77053895621526,23.077053895621525,6.039868534934773,156.64954800182204,156.64954800182204,0.0,18.566562134818607,2.320820266852326,8,True,1.818923596737695e-05,False,2.9523564356579186,3.1938895972416503e-12,9,499.99999999997095,1088.6453408345092,1088.6453408345092,0.0,29.32526132668543,3.6656576658356785,8,True,1.1098543614585623e-07,True,5.773159728050814e-14,6.288303211476887e-13,9
NGC3917,0.7,0.9799999999999999,17,1,18.0,79.0,"VS01,SV98",0,1596.949357077456,93.93819747514446,3.7053752041707004,121.38503247663407,121.38503247663407,0.0,29.111682809883384,1.9407788539922255,15,True,7.381986213326012e-05,False,3.2073999875925745,9.471534667682135e-12,9,39.97206163856172,326.375432337102,326.375432337102,0.0,51.727268627736805,3.4484845751824538,15,True,4.166061410507678e-05,False,2.2183192159681706,2.0023094293719623e-11,9
NGC3949,0.7,0.9799999999999999,7,2,18.0,55.0,"VS01,SV98",0,20.68506907808772,2.9550098682982457,499.9999999999918,2549.5815270539806,2549.5815270539806,0.0,20.65191783382589,4.130383566765178,5,True,4.670403425834295e-07,True,1.5987211554602254e-14,0.033151262157076644,7,499.68006295736706,0.0010024129180532333,0.0010024129180532333,0.0,20.685069078097815,4.137013815619563,5,True,0.0,False,0.0006400788920597478,8.505451631890537e-08,9
NGC3953,0.7,0.9799999999999999,8,1,18.0,62.0,"VS01,SV98",0,81.59275870382474,10.199094837978093,3.420628044203205,114.61166102018704,114.61166102018704,0.0,3.8071755339561357,0.6345292556593559,6,True,3.392631204588186e-05,False,3.2648180144433505,3.4270364324129332e-12,9,10.060535608190035,213.48287323931766,213.48287323931766,0.0,2.7178355512223273,0.4529725918703879,6,True,1.3944109319998554e-06,False,2.642810957218874,3.907985046680551e-14,9
NGC3972,0.7,0.9799999999999999,10,1,18.0,77.0,"VS01,SV98",0,495.579458861408,49.5579458861408,3.049028194888977,114.01837357775088,114.01837357775088,0.0,13.257787277373726,1.6572234096717158,8,True,3.897043208861881e-05,False,3.2700079605078622,6.625811010962934e-12,9,499.9999999999945,1131.4230456980697,1131.4230456980697,0.0,10.456659795730111,1.307082474466264,8,True,5.8060511676452364e-06,True,1.0658141036401503e-14,2.5650592760939617e-12,9
NGC3992,0.7,0.9799999999999999,9,1,23.7,56.0,"VS01,SV98",0,1508.1257360723848,167.56952623026498,9.650917594152773,233.6424899280936,233.6424899280936,0.0,35.18753110985059,5.026790158550084,7,True,0.00018761908788630038,False,2.5525754414210153,6.161116061775829e-11,9,18.24380549501303,410.53747555146873,410.53747555146873,0.0,4.172358568452511,0.5960512240646444,7,True,1.2260954512543982e-06,False,1.9889003504728535,1.509903313490213e-13,9
NGC4010,0.7,0.9799999999999999,12,2,18.0,89.0,"VS01,SV98",0,382.01785244945467,31.834821037454557,4.719604705299356,113.1861533083562,113.1861533083562,0.0,16.28363521118283,1.628363521118283,10,True,4.544168512323865e-05,False,3.277333729960498,8.547829111194005e-12,9,499.9999999998351,917.1559426509372,917.1559426509372,0.0,29.64915886978302,2.964915886978302,10,True,2.476075398774282e-06,True,3.2951419370874646e-13,9.841016890277388e-13,9
NGC4013,0.7,0.9799999999999999,36,2,18.0,89.0,"VS01,SV98",0,3113.9694536106863,86.49915148918573,17.05660981785899,198.30587894616437,198.30587894616437,0.0,42.12613226697279,1.239003890205082,34,True,1.7464263197795207e-05,False,2.7165568858359412,5.208278253121534e-12,9,499.9999999999914,861.3168490006116,861.3168490006116,0.0,122.05885930084368,3.5899664500248143,34,True,9.84021687552928e-06,True,1.687538997430238e-14,1.1368683772161603e-12,9
NGC4051,0.7,0.9799999999999999,7,2,18.0,49.0,"VS01,SV98",0,8.189859425034381,1.1699799178620545,1.8383777663965204,37.094256844349616,37.094256844349616,0.0,7.14058407437919,1.428116814875838,5,True,7.905800577572922e-06,False,4.392905412059022,2.190869707874299e-11,9,3.5286596487270265,53.48680755273814,53.48680755273814,0.0,7.643590694811457,1.5287181389622915,5,True,2.782639266344679e-06,False,4.026932531955342,1.2168044349891716e-12,9
NGC4068,0.7,0.9799999999999999,6,2,4.37,44.0,Le14,0,59.59849520631907,9.933082534386513,135.3141117472365,2999.9999999982388,2999.9999999982388,0.0,1.7299020541308416,0.4324755135327104,4,True,2.150756396613328e-08,True,5.861977570020827e-13,7.666089985036706e-12,9,499.9999999999994,505.4995714659002,505.4995714659002,0.0,8.45933147165401,2.1148328679135027,4,True,1.1089984131260484e-07,True,8.881784197001252e-16,8.686384944667225e-13,9
NGC4085,0.7,0.9799999999999999,7,2,18.0,82.0,"VS01,SV98",0,58.30095459172386,8.328707798817694,286.93077135637765,2999.9999999999923,2999.9999999999923,0.0,56.38756776620306,11.277513553240613,5,True,1.129649740030499e-06,True,1.7763568394002505e-15,1.9133868520471466,8,452.9777690301951,0.001389799247281968,0.001389799247281968,0.0,58.30095459172497,11.660190918344993,5,True,0.0,False,0.09876504913190587,2.1372816405573758e-07,9
NGC4088,0.7,0.9799999999999999,12,1,18.0,69.0,"VS01,SV98",0,151.34426642328003,12.612022201940002,499.9999999999994,2731.1139613158953,2731.1139613158953,0.0,138.82980940227807,13.882980940227807,10,True,1.5200058449198647e-08,True,8.881784197001252e-16,12.514457043899881,7,499.9999999999994,239.55535494980452,239.55535494980452,0.0,150.01444820844628,15.001444820844629,10,True,1.1239201626809982e-06,True,8.881784197001252e-16,1.3298182756681456,5
NGC4100,0.7,0.9799999999999999,24,1,18.0,73.0,"VS01,SV98",0,1719.6221397626532,71.65092249011055,5.11825068328357,155.15553728684242,155.15553728684242,0.0,32.20233972779154,1.4637427148996154,22,True,2.9257612014382188e-05,False,2.96193948750009,5.7625015870144125e-12,9,13.097154395550813,285.25862052807605,285.25862052807605,0.0,25.184306841428487,1.1447412200649312,22,True,1.2338470236279046e-05,False,2.352971358407383,3.872457909892546e-12,9
NGC4138,0.7,0.9799999999999999,7,2,18.0,53.0,"VS01,SV98",0,63.39225775172863,9.056036821675518,3.682170802949288,130.08984426797227,130.08984426797227,0.0,5.754642318975932,1.1509284637951864,5,True,4.724207600910737e-07,False,3.1381422461474013,8.08242361927114e-14,9,12.85871730098647,241.24736219394225,241.24736219394225,0.0,7.160365130218214,1.4320730260436427,5,True,6.141788912212846e-06,False,2.5205447614020464,8.01048116727543e-12,9
NGC4157,0.7,0.9799999999999999,17,1,18.0,82.0,"VS01,SV98",0,327.73747398502485,19.27867494029558,93.902807412697,884.4912206600885,884.4912206600885,0.0,38.13977860558478,2.5426519070389855,15,True,7.373373719601016e-05,False,1.221354979865536,6.654943263129098e-11,9,499.9999999999985,778.6864223867618,778.6864223867618,0.0,71.26254883525506,4.750836589017004,15,True,7.128436293600806e-06,True,2.6645352591003757e-15,2.5579538487363607e-13,9
NGC4183,0.7,0.9799999999999999,23,1,18.0,82.0,"VS01,SV98",0,1286.5989443961944,55.93908453896497,3.783916935443808,111.4883677147739,111.4883677147739,0.0,44.5631348021564,2.122054038197924,21,True,0.00034339367360842793,False,3.2924473076203853,1.0085443591378862e-10,9,9.950086669282324,196.50669424807384,196.50669424807384,0.0,3.534211168489208,0.16829576992805753,21,True,6.800032099368725e-07,False,2.7256710695009883,4.8405723873656825e-14,9
NGC4217,0.7,0.9799999999999999,19,1,18.0,86.0,"VS01,SV98",0,1433.6710916316347,75.45637324377024,440.4784008736222,2999.9999999873676,2999.9999999873676,0.0,1421.1476823261933,83.59692248977608,17,True,1.949773320771754e-05,True,4.209965709378594e-12,12.523409355782405,7,499.6279349382327,0.0010041026844905226,0.0010041026844905226,0.0,1433.6710916316867,84.33359362539333,17,True,0.0,False,0.0007444071257802776,3.789225274886121e-06,9
NGC4559,0.7,0.9799999999999999,32,1,9.0,67.0,Ba05,0,1558.1445726011034,48.69201789378448,6.890217864933739,112.17204826677106,112.17204826677106,0.0,4.857448982788185,0.16191496609293948,30,True,1.7217681791695794e-05,False,3.28633372978031,7.718270467194088e-13,9,131.46659505921056,406.4549400359064,406.4549400359064,0.0,28.65990016291545,0.9553300054305149,30,True,0.00010815056162059388,False,1.3358553090434304,5.8193450058752205e-11,9
NGC5005,0.7,0.9799999999999999,18,1,16.9,68.0,Ri15,0,96.0194033540884,5.334411297449355,363.990246638906,2999.999999999395,2999.999999999395,0.0,95.766057794143,5.985378612133937,16,True,4.554861251856345e-06,True,2.007283228522283e-13,0.25334564535080517,5,499.9551720445046,0.0010004392393085392,0.0010004392393085392,0.0,96.01940335409806,6.001212709631129,16,True,0.0,True,8.96599303219503e-05,7.742441141544987e-07,9
NGC5033,0.7,0.9799999999999999,22,1,15.7,66.0,"Sa96,Be87",0,13334.729274253252,606.1240579206024,9.264630315587299,200.64753662555313,200.64753662555313,0.0,141.91477249868632,7.095738624934316,20,True,5.577747897524709e-05,False,2.704817747984758,5.7696070143720135e-12,9,21.631173247155882,361.60090909332274,361.60090909332274,0.0,247.74231456050575,12.387115728025288,20,True,0.00040474031846730705,False,2.1158264250498684,1.5498358152399305e-10,9
NGC5055,0.7,0.9799999999999999,28,1,9.9,55.0,"Ba06,Bl04",0,42922.15824383151,1532.9342229939825,27.64895953152676,194.9799687823027,194.9799687823027,0.0,14267.542363732247,548.7516293743172,26,True,0.020173812831949797,False,2.73347073855631,28654.615882404665,7,499.9999999999994,653.5223766845277,653.5223766845277,0.0,18317.30802126725,704.5118469718174,26,True,0.00011672422549797832,True,8.881784197001252e-16,3.2378011383116245e-10,9
NGC5371,0.7,0.9799999999999999,19,1,39.7,53.0,"Sa96,Be87",0,440.5833272054085,23.18859616870571,499.99999999999716,2145.5209124500966,2145.5209124500966,0.0,163.8566696962034,9.638627629188434,17,True,0.00011979501308621583,True,5.329070518200751e-15,225.23390007674587,6,499.9999999999741,447.6150035126475,447.6150035126475,0.0,238.52410820207018,14.030829894239423,17,True,6.25158237889851e-08,True,5.1514348342607263e-14,1.7337242752546445e-12,9
NGC5585,0.7,0.9799999999999999,24,1,7.06,51.0,"Bl99,Sa96,Co91",0,5431.507762372406,226.3128234321836,3.472223483840139,92.77071931495635,92.77071931495635,0.0,84.0090838358629,3.8185947198119496,22,True,1.8739518895404527e-05,False,3.4762365022697734,6.110667527536862e-13,9,499.99999999995896,807.7951671784746,807.7951671784746,0.0,275.25274078339567,12.511488217427075,22,True,2.229270364015963e-06,True,8.171241461241152e-14,3.069544618483633e-11,9
NGC5907,0.7,0.9799999999999999,19,1,17.3,88.0,"Sa96,SA87",0,11813.743916553925,621.7759956081013,11.712587783677877,194.06169509295884,194.06169509295884,0.0,304.35866666423794,17.90345098024929,17,True,0.001181772782000788,False,2.738191443200183,2.3868551579653285e-10,9,30.814875822421982,361.87230715150764,361.87230715150764,0.0,101.11405062914169,5.947885331125981,17,True,4.751333370958768e-05,False,2.1150761607282,2.376054908381775e-11,9
NGC5985,0.7,0.9799999999999999,33,1,39.7,60.0,"Bl04,Br92",0,16186.762764498082,490.5079625605479,4.509734636763183,304.3178164442559,304.3178164442559,0.0,594.113478373906,19.16495091528729,31,True,0.0039049007795245298,False,2.2882949635152823,8.697043085703626e-10,9,7.9927424500649185,496.12745961808866,496.12745961808866,0.0,106.59350041560639,3.4385000134066575,31,True,1.2770212983736111e-05,False,1.7995346989012786,2.2311041902867146e-12,9
NGC6015,0.7,0.9799999999999999,44,2,17.0,60.0,VM97,0,11309.101732120016,257.025039366364,3.984136772761723,158.75611454939727,158.75611454939727,0.0,1664.481694614155,39.63051653843226,42,True,0.015240767342940945,False,2.9389984137726026,5.060655894340016e-09,9,13.059625480613125,276.3196400535469,276.3196400535469,0.0,361.4572077200938,8.606123993335567,42,True,0.00025218655473391077,False,2.38480925589623,8.503775461576879e-11,9
NGC6195,0.7,0.9799999999999999,23,1,127.8,62.0,SG06,0,734.0265219129009,31.914196604908735,499.9999999999994,2939.9895470237575,2939.9895470237575,0.0,621.6669089870787,29.603186142241846,21,True,8.184500818539828e-05,True,8.881784197001252e-16,112.35961324905838,7,499.9999999999994,385.1659329750744,385.1659329750744,0.0,715.3352262260863,34.063582201242205,21,True,8.336370945928318e-06,True,8.881784197001252e-16,18.69129699816881,4
NGC6503,0.7,0.9799999999999999,31,1,6.26,74.0,"Be91,Be87",0,38715.87135541499,1248.8990759811286,5.239051314663123,119.28398108374391,119.28398108374391,0.0,229.84101118983972,7.925552109994473,29,True,0.0005805072042046052,False,3.2248605217971402,8.58619841892505e-11,9,16.982855239086057,233.03161569692588,233.03161569692588,0.0,186.48572883619687,6.430542373661961,29,True,0.00019067398427052628,False,2.555193433603181,6.963318810448982e-12,9
NGC6674,0.7,0.9799999999999999,15,1,51.2,54.0,"Sa96,Br92",0,24356.41586870263,1623.7610579135085,17.397085616240897,243.68726824064137,243.68726824064137,0.0,474.8380932341365,36.526007171856655,13,True,0.0016822296719463511,False,2.5104818519593666,3.2366642699344084e-10,9,34.22101902836746,443.3536162784457,443.3536162784457,0.0,131.31613430802912,10.101241100617624,13,True,0.00014088304385963073,False,1.9119998851450886,5.81508174946066e-11,9
NGC6789,0.7,0.9799999999999999,4,2,3.52,43.0,Le14,0,73.58651493769999,18.396628734424997,0.6232442145877437,95.6426474846084,95.6426474846084,0.0,0.5313575745213833,0.26567878726069166,2,True,1.3039988706439604e-07,False,3.439206166155559,3.7192471324942744e-14,9,499.9999999999967,1702.9889576017354,1702.9889576017354,0.0,4.122405311132549,2.0612026555662744,2,True,9.084921850239076e-07,True,6.217248937900877e-15,2.5623947408348613e-12,9
NGC6946,0.7,0.9799999999999999,58,1,5.52,38.0,Bo08,0,2219.2555982692274,38.26302755636599,18.15653769015876,233.60217129083657,233.60217129083657,0.0,670.7024668853699,11.976829765810177,56,True,0.0009651658010569963,False,2.5527480218299683,1548.553131412117,8,499.99999999999807,704.6975882705264,704.6975882705264,0.0,956.6963806404652,17.083863940008307,56,True,2.3069167890020966e-05,True,3.552713678800501e-15,1.5916157281026244e-12,9
NGC7331,0.7,0.9799999999999999,36,1,14.7,75.0,"Be91,Be87",0,4525.103174433609,125.69731040093357,329.971208039115,2999.9999999996403,2999.9999999996403,0.0,1278.3462546580788,37.59841925464938,34,True,1.4976690321505393e-05,True,1.1901590823981678e-13,1.957687345566228e-10,9,499.999999999999,848.0477528046412,848.0477528046412,0.0,1684.4466601128206,49.542548826847664,34,True,8.093102541854219e-05,True,1.7763568394002505e-15,4.092726157978177e-12,9
NGC7793,0.7,0.9799999999999999,46,1,3.61,47.0,"Di08,Sa96,CP90",0,306.50815353598625,6.6632207290431795,2.0643251320103175,86.64150796095916,86.64150796095916,0.0,27.464585422064374,0.6241951232287358,44,True,3.371887291912379e-05,False,3.5445885602040903,9.890754881780595e-12,9,22.74899735472172,224.1773519999479,224.1773519999479,0.0,39.46525858643966,0.8969376951463559,44,True,3.266967918844207e-05,False,2.593930079064127,5.373834710553638e-11,9
NGC7814,0.7,0.9799999999999999,18,1,14.4,90.0,Fr11,0,3858.796850660008,214.3776028144449,7.090513723536776,197.18470931664243,197.18470931664243,0.0,93.40969843251246,5.8381061520320285,16,True,2.3561239420413433e-05,False,2.722226667450271,6.394884621840902e-13,9,206.4730672012312,875.691300842978,875.691300842978,0.0,117.80779100076087,7.3629869375475545,16,True,1.318441922885708e-05,False,0.8844381197028426,6.605205271625891e-11,9
UGC00128,0.7,0.9799999999999999,22,1,64.5,57.0,"VB99,VH93",0,118380.09205590058,5380.913275268208,8.8425786276409,141.0776821169156,141.0776821169156,0.0,1199.4203445208966,59.97101722604483,20,True,0.004708237559061887,False,3.0570568919827457,6.727987056365237e-10,9,18.553507474223082,254.38256911039136,254.38256911039136,0.0,63.979486995437966,3.1989743497718983,20,True,7.359804139316618e-06,False,2.467528256179553,9.947598300641403e-13,9
UGC00191,0.7,0.9799999999999999,9,1,17.1,45.0,"KN08,vZ97",0,6162.890844137536,684.7656493486152,2.0906503606986733,83.8737054726737,83.8737054726737,0.0,179.97652666703505,25.710932381005005,7,True,0.003490482523581433,False,3.5770554064843765,1.2580869679368334e-09,9,10.09674228438722,163.05957556819246,163.05957556819246,0.0,22.875217646558674,3.2678882352226677,7,True,2.9805671654377657e-05,False,2.9122519393368593,1.2505552149377763e-12,9
UGC00634,0.7,0.9799999999999999,4,2,30.9,37.0,vZ97,0,5407.414433662217,1351.8536084155542,5.427831570442131,114.43037370991735,114.43037370991735,0.0,2.0791567941755518,1.0395783970877759,2,True,7.788807374526292e-06,False,3.2664010194873,1.3367085216486885e-13,9,25.36928943651216,247.55584906479206,247.55584906479206,0.0,7.244802257052006,3.622401128526003,2,True,1.262440741401272e-05,False,2.494731358310223,1.170619157164765e-12,9
UGC00731,0.7,0.9799999999999999,12,1,12.5,57.0,"Sw09,Sw02",0,2230.488071367217,185.87400594726807,2.0913491103940625,77.41839032497118,77.41839032497118,0.0,46.22485086056065,4.622485086056065,10,True,0.00037264826669303446,False,3.657143214179416,6.076561476220377e-11,9,8.28993776242842,145.97625308275184,145.97625308275184,0.0,3.278090471806635,0.3278090471806635,10,True,7.012052692222384e-06,False,3.0229236092890126,1.1146639167236572e-13,9
UGC00891,0.7,0.9799999999999999,5,2,10.2,60.0,vZ97,0,8255.984604660709,1651.196920932142,3.164565494628692,68.89334446822365,68.89334446822365,0.0,1.703183618361744,0.567727872787248,3,True,1.7066734124653536e-06,False,3.7738079912743077,3.108624468950438e-14,9,499.9999999999057,698.8393806897259,698.8393806897259,0.0,10.93019098856236,3.6433969961874535,3,True,2.8108143282631445e-07,True,1.8829382497642655e-13,1.3766765505351941e-12,9
UGC01281,0.7,0.9799999999999999,25,1,5.27,90.0,"dB02,Sw02",2,530.2734210331475,23.05536613187598,0.3859545317385196,47.94981839910103,0.15807467565735303,47.94955783845857,341.0500847923057,14.828264556187206,23,True,0.00043806482658925727,False,2.9599872955491255,2.6183556656178553e-08,9,499.99999999998875,739.312972764375,372.0253469802243,638.8902980183227,22.006839745302976,0.956819119360999,23,True,2.0476798300065876e-06,True,2.220446049250313e-14,5.435651928564766e-13,9
UGC02259,0.7,0.9799999999999999,8,2,10.5,41.0,"Be91,Ca88",0,4489.054436027604,561.1318045034506,1.6954958725046572,91.8315253050031,91.8315253050031,0.0,77.1816951566638,12.863615859443968,6,True,0.0006642625647057203,False,3.486411916067987,8.139977580867708e-11,9,3.8774518627070855,166.26678357818525,166.26678357818525,0.0,4.5871705170971655,0.7645284195161942,6,True,4.981467970208073e-06,False,2.892773939356034,1.021405182655144e-13,9
UGC02487,0.7,0.9799999999999999,17,1,69.1,36.0,"No07,No05",0,34279.82730303807,2016.4604295904749,14.908377848565562,352.308857086925,352.308857086925,0.0,198.2517627196626,13.216784181310839,15,True,0.0008869857936778005,False,2.1418593418670904,5.354650056688115e-11,9,17.87021398696814,617.8986734421885,617.8986734421885,0.0,65.34924180873043,4.356616120582029,15,True,2.7473787704784124e-05,False,1.580043082466684,2.2879476091475226e-12,9
UGC02885,0.7,0.9799999999999999,19,1,80.6,64.0,"Sa96,RA85",0,1585.5488738451024,83.4499407286896,22.767047733285295,282.96078029259104,282.96078029259104,0.0,25.449678419728517,1.497039907042854,17,True,2.9597586928347972e-05,False,2.361059265149419,2.9451996397256153e-12,9,156.88437091007162,677.3368111989287,677.3368111989287,0.0,15.008927967281684,0.882878115722452,17,True,4.006040608008925e-06,False,1.1590990554352816,5.844214001626824e-13,9
UGC02916,0.7,0.9799999999999999,43,2,65.4,50.0,"No07,No05",0,8579.005430534378,199.5117541984739,499.999999999999,2693.145358923227,2693.145358923227,0.0,8518.290746562514,207.76318894054913,41,True,3.886811989118441e-07,True,1.7763568394002505e-15,60.71469742179579,6,296.7020480012423,0.007054034600196013,0.007054034600196013,0.0,8579.005430626079,209.244034893319,41,True,0.0,False,0.521879668549837,4.03339017793769e-05,9
UGC02953,0.7,0.9799999999999999,115,2,16.5,50.0,"No07,No05",0,140591.30096372016,1222.5330518584362,11.42316949022341,256.780822369772,256.780822369772,0.0,2206.5959388153397,19.527397688631325,113,True,0.010974659164278719,False,2.4581446778685097,1.1941665434278548e-09,9,49.628787061826905,530.7082391862272,530.7082391862272,0.0,1908.5109546718847,16.88947747497243,113,True,0.0017618016548293616,False,1.7321551528074073,3.6789060686714947e-10,9
UGC03205,0.7,0.9799999999999999,48,1,50.0,67.0,"No07,No05",0,15648.81501090073,326.0169793937652,9.729059565023205,195.40330206544206,195.40330206544206,0.0,425.649771677667,9.25325590603624,46,True,0.002167698363220616,False,2.7313019291800407,4.743014869745821e-10,9,30.00850086713322,382.43516506083114,382.43516506083114,0.0,161.7272479824527,3.5158097387489717,46,True,9.643287574436808e-05,False,2.059808431859869,5.837819117004983e-11,9
UGC03546,0.7,0.9799999999999999,30,1,28.7,55.0,"No07,No05",0,11053.749321485426,368.45831071618085,9.193676125574433,162.05522553609686,162.05522553609686,0.0,345.05989432413736,12.323567654433477,28,True,2.744748921831387e-06,False,2.918430392139541,3.410605131648481e-13,9,499.99999999995146,976.792245892594,976.792245892594,0.0,399.1241113344746,14.254432547659807,28,True,1.2501966234989982e-06,True,9.681144774731365e-14,6.366462912410498e-12,9
UGC03580,0.7,0.9799999999999999,47,2,20.7,63.0,"No07,No05",0,17073.332521633667,363.2623940773121,8.703252361854448,131.95603547999798,131.95603547999798,0.0,2819.649522238435,62.65887827196522,45,True,0.00054191173723637,False,3.1238987650876595,14253.683000305218,7,499.9999999999985,769.3889264837354,769.3889264837354,0.0,3526.5439529244804,78.36764339832179,45,True,0.0011159492943377733,True,2.6645352591003757e-15,2.0463630789890885e-11,9
UGC04278,0.7,0.9799999999999999,25,1,9.51,90.0,"dB02,Sw02",0,1150.1842071257418,46.00736828502967,3.5593268941462677,102.61392270807633,102.61392270807633,0.0,12.495783857226957,0.5432949503142155,23,True,1.723935933278268e-06,False,3.375393945210715,2.1316282072803006e-14,9,499.9999999999461,913.4838217475527,913.4838217475527,0.0,35.10876766364242,1.5264681592888008,23,True,6.637241408009307e-08,True,1.0746958878371515e-13,3.744560217455728e-12,9
UGC04325,0.7,0.9799999999999999,8,1,9.6,41.0,"Sw09,Sw02",0,1477.0092789810103,184.6261598726263,1.1371105080640835,96.73418968695479,96.73418968695479,0.0,12.921060490199398,2.1535100816998995,6,True,5.86865354742206e-05,False,3.434400663182214,7.119638212316204e-12,9,4.092746002189492,177.9263287704309,177.9263287704309,0.0,15.609356109611452,2.601559351601909,6,True,1.3168761978482357e-05,False,2.8249979863436847,3.284483796051063e-12,9
UGC04483,0.7,0.9799999999999999,8,2,3.34,58.0,"Le14,Le12",0,209.69567656880662,26.211959571100827,0.39092045605115444,23.018883600148534,23.018883600148534,0.0,1.8564138610275491,0.3094023101712582,6,True,3.568048418753474e-07,False,2.972771828525895,1.0658141036401503e-13,9,5.41058356523959,70.22087530889208,70.22087530889208,0.0,3.6433050030428515,0.607217500507142,6,True,6.792671664385445e-07,False,3.754721931751363,8.944400775590111e-12,9
UGC04499,0.7,0.9799999999999999,9,1,12.5,50.0,"Sw09,Sw02",0,776.6065367211048,86.28961519123386,2.3816137232725296,70.67249570599708,70.67249570599708,0.0,4.33565519624676,0.6193793137495371,7,True,1.3544287167497241e-05,False,3.7483110986425405,4.849454171562684e-13,9,20.303972573133596,177.75518617821191,177.75518617821191,0.0,8.510798196493846,1.2158283137848351,7,True,6.9720891342569605e-06,False,2.8259603225812118,2.561506562415161e-12,9
UGC05005,0.7,0.9799999999999999,11,1,53.7,41.0,"dB02,VH93",0,143.26829286536113,13.024390260487376,7.722511553274308,105.06093714006923,105.06093714006923,0.0,0.19091562357436662,0.021212847063818513,9,True,4.041859404851895e-07,False,3.3518270321178667,9.159339953157541e-15,9,249.93758006759867,433.6754724339181,433.6754724339181,0.0,2.27921934262047,0.2532465936244967,9,True,7.98178511600689e-06,False,0.6933968914647233,7.0605743474061455e-12,9
UGC05253,0.7,0.9799999999999999,73,2,22.9,37.0,"No07,No05",0,14826.50704909493,203.10283628897164,11.970631039351854,221.10047751439146,221.10047751439146,0.0,4713.1340655196245,66.38216993689612,71,True,0.0027572380043262125,False,2.607750320067823,10113.372991204156,6,238.21015473105652,715.2658753368955,715.2658753368955,0.0,6481.370698694521,91.2869112492186,71,True,0.03164629118803143,False,0.7414548112969239,8345.136351355104,7
UGC05414,0.7,0.9799999999999999,6,1,9.4,55.0,"Sw09,Sw02",0,270.5543633215728,45.0923938869288,1.9799168080467633,59.22251103380903,59.22251103380903,0.0,0.4339100879707853,0.10847752199269632,4,True,5.3712590596163e-07,False,3.92506584408902,6.661338147750939e-15,9,499.9999999993821,730.0441272702764,730.0441272702764,0.0,6.013221415950044,1.503305353987511,4,True,1.108024570761097e-05,True,1.2354561818028742e-12,1.8145485114473558e-12,9
UGC05716,0.7,0.9799999999999999,12,2,21.3,54.0,vZ97,0,27528.796944766935,2294.0664120639112,2.8432835729069286,77.92949103319779,77.92949103319779,0.0,168.42598238722178,16.84259823872218,10,True,0.00032755536725762074,False,3.6505631108927394,3.083755473198835e-11,9,9.99802975554138,150.31494542254282,150.31494542254282,0.0,19.71394031975532,1.971394031975532,10,True,4.7408869846169016e-05,False,2.9936348385591414,4.583000645652646e-13,9
UGC05721,0.7,0.9799999999999999,23,1,6.18,61.0,"dB02,Sw02",0,1720.1736505207457,74.79015871829328,1.071011744091061,95.72803262498773,95.72803262498773,0.0,28.323820401908623,1.3487533524718391,21,True,0.00018108921704267268,False,3.4448563901933795,1.9166890297128703e-11,9,2.88027944518788,161.76998777226908,161.76998777226908,0.0,22.56368168791111,1.074461032757672,21,True,1.8330257212503774e-05,False,2.9201920698957817,7.915446076367516e-12,9
UGC05750,0.7,0.9799999999999999,11,1,58.7,64.0,"dB01,VdH93",0,123.83755068124918,11.257959152840835,5.187417807973535,82.77504334789934,82.77504334789934,0.0,0.7039044244127618,0.07821160271252908,9,True,1.0018744803136824e-06,False,3.5902409605336016,4.529709940470639e-14,9,77.03862996836844,237.54185196281813,237.54185196281813,0.0,8.250694016035839,0.9167437795595377,9,True,1.5571124534187504e-05,False,1.8703011144709194,6.316902556591231e-11,9
UGC05764,0.7,0.9799999999999999,10,2,7.47,60.0,vZ97,0,21064.09693211924,2106.4096932119237,0.8214278386679457,58.41054776738683,58.41054776738683,0.0,36.858476888594716,4.6073096110743395,8,True,1.6368697388336996e-05,False,3.71531181912528,2.4442670110147446e-12,9,2.7601407213587,115.82490614868007,115.82490614868007,0.0,53.71197247497713,6.713996559372141,8,True,4.281338071567748e-05,False,3.2542879466333785,8.704148513061227e-12,9
UGC05829,0.7,0.9799999999999999,11,2,8.64,34.0,"Sw09,Sw02",0,230.28455524952247,20.934959568138407,2.279076349040032,60.332774523128414,60.332774523128414,0.0,4.521373164356065,0.5023747960395628,9,True,1.3716139433617354e-05,False,3.906492087143018,3.3875124927362776e-12,9,499.9999999999994,678.9845391441479,678.9845391441479,0.0,0.6960835144441919,0.07734261271602133,9,True,5.461986437216089e-08,True,8.881784197001252e-16,1.887379141862766e-15,9
UGC05918,0.7,0.9799999999999999,8,2,7.66,46.0,"Sw09,Sw02",0,214.3384006586474,26.792300082330925,1.1348120606665157,44.50781821334318,44.50781821334318,0.0,2.358758786199094,0.3931264643665157,6,True,1.1725917579682985e-05,False,4.038490057334905,5.004885395010206e-13,9,7.287605126740029,99.16236803792029,99.16236803792029,0.0,0.8185787805416372,0.13642979675693953,6,True,1.4421667373928559e-06,False,3.409608979788972,1.9517720772910252e-13,9
UGC05986,0.7,0.9799999999999999,15,2,8.63,90.0,"Sw09,Sw02",0,3996.5856982687524,266.43904655125016,2.4258253040974,117.66143980833074,117.66143980833074,0.0,2.3858879095169363,0.1835298391936105,13,True,1.512753391957005e-06,False,3.2385562212640693,1.9539925233402755e-14,9,36.30656809281668,364.7525631279183,364.7525631279183,0.0,68.42804340136541,5.263695646258878,13,True,0.00010921542402490609,False,2.107148353190702,1.5621992588421563e-10,9
UGC06399,0.7,0.9799999999999999,9,1,18.0,75.0,"VS01,SV98",0,508.42278497515883,56.491420552795425,2.464223309773365,87.05218805343831,87.05218805343831,0.0,0.8618097237378914,0.12311567481969878,7,True,9.062371306862308e-07,False,3.5398597661581643,1.199040866595169e-14,9,34.28857724074853,269.6530248199208,269.6530248199208,0.0,4.178068478890092,0.5968669255557274,7,True,5.849906614008987e-06,False,2.409231528351878,1.709743457922741e-12,9
UGC06446,0.7,0.9799999999999999,17,1,12.0,51.0,"VS01,SV98",0,1455.3185490686453,85.6069734746262,1.9288848751882537,88.00004101177872,88.00004101177872,0.0,28.420811900133923,1.8947207933422616,15,True,0.00013409826960980616,False,3.529030287129208,2.021849354605365e-11,9,5.880246450048946,163.19222646103458,163.19222646103458,0.0,3.139868065992213,0.2093245377328142,15,True,6.848606120412901e-06,False,2.9114387582336327,5.595524044110789e-14,9
UGC06614,0.7,0.9799999999999999,13,1,88.7,36.0,"dB01,VH93",0,236.535238997396,18.195018384415075,26.64769557000695,225.40684491397712,225.40684491397712,0.0,33.68729075774539,3.0624809779768536,11,True,0.00036385064695086325,False,2.588460598653059,6.208011882335995e-11,9,499.9999999999994,737.4924649261159,737.4924649261159,0.0,65.60686648151207,5.96426058922837,11,True,9.313966005402533e-06,True,8.881784197001252e-16,1.0231815394945443e-12,9
UGC06667,0.7,0.9799999999999999,9,1,18.0,89.0,"VS01,SV98",0,1897.8515659558689,210.87239621731877,2.160002116369986,92.79187768097017,92.79187768097017,0.0,5.108262119872736,0.7297517314103908,7,True,3.1666601753277185e-06,False,3.476008456678172,3.3217872896784684e-13,9,19.776144157492116,235.29242554605204,235.29242554605204,0.0,9.064927543547375,1.2949896490781965,7,True,4.534340793353437e-06,False,2.5455384630595717,1.1013412404281553e-12,9
UGC06786,0.7,0.9799999999999999,45,1,29.3,64.0,"No07,No05",0,39884.360975009666,886.3191327779925,6.900870890995469,228.5868589864137,228.5868589864137,0.0,321.226778064768,7.470390187552744,43,True,0.0011429473666003203,False,2.5744513026906937,1.3000089893466793e-10,9,37.09688723505882,493.32230814977754,493.32230814977754,0.0,172.42737269283475,4.009938899833366,43,True,0.00023150019399459815,False,1.8052048381549683,3.271338755439501e-11,9
UGC06787,0.7,0.9799999999999999,71,2,21.3,66.0,"No07,No05",0,60697.03222593713,854.8877778301004,8.278031749651342,241.97574255507362,241.97574255507362,0.0,4154.208643203651,60.20592236527031,69,True,0.016527343574173424,False,2.51753008389339,4.233697836752981e-09,9,65.07327450876724,588.9039924898791,588.9039924898791,0.0,3301.2288349231735,47.84389615830686,69,True,0.00046998963106115583,False,1.6281043981508239,1.355147105641663e-10,9
UGC06818,0.7,0.9799999999999999,8,2,18.0,75.0,"VS01,SV98",0,151.69120177572373,18.961400221965466,30.390394460526885,522.9330045286504,522.9330045286504,0.0,10.457555941354952,1.7429259902258254,6,True,1.3966489704332475e-06,False,1.7469142102062083,4.072653325692954e-11,9,499.99999999976137,673.3199448284568,673.3199448284568,0.0,28.12035833269759,4.686726388782932,6,True,7.708137011507445e-08,True,4.769518113789672e-13,1.5063505998114124e-12,9
UGC06917,0.7,0.9799999999999999,11,1,18.0,56.0,"VS01,SV98",0,1011.4078299122917,91.94616635566288,2.8567866153826555,102.05269749064072,102.05269749064072,0.0,5.17133944167248,0.5745932712969422,9,True,1.980983354655386e-05,False,3.380878245714432,3.8191672047105385e-13,9,26.218065296912187,265.2878565072038,265.2878565072038,0.0,8.550615163863812,0.9500683515404236,9,True,7.251082790629873e-06,False,2.4255520802371393,1.652011860642233e-12,9
UGC06923,0.7,0.9799999999999999,6,2,18.0,65.0,"VS01,SV98",0,117.91272764777922,19.65212127462987,2.206228207459677,74.34394400410167,74.34394400410167,0.0,2.475109802450431,0.6187774506126078,4,True,3.6604762291248463e-06,False,3.697665350595458,1.2807532812075806e-12,9,499.9999999999794,885.3406824881694,885.3406824881694,0.0,5.2593169667872735,1.3148292416968184,4,True,3.38073385474207e-06,True,4.085620730620576e-14,4.369837824924616e-13,9
UGC06930,0.7,0.9799999999999999,10,1,18.0,32.0,"VS01,SV98",0,422.1435035727718,42.21435035727718,3.71428162122425,104.22168144345682,104.22168144345682,0.0,8.337993426204246,1.0422491782755308,8,True,6.666342073741992e-05,False,3.3598473847025385,7.350564601438236e-12,9,11.809532807082697,196.0369609392357,196.0369609392357,0.0,2.4157914615893885,0.30197393269867356,8,True,2.9789837201200273e-07,False,2.728064349977399,1.5987211554602254e-13,9
UGC06983,0.7,0.9799999999999999,17,1,18.0,49.0,"VS01,SV98",0,1536.601927765797,90.38834869210571,3.1072738183901194,112.71416377462428,112.71416377462428,0.0,19.622075155909744,1.3081383437273162,15,True,0.00010420572770793736,False,3.28151247770771,1.8808066215569852e-11,9,10.087858516417368,214.5316337458003,214.5316337458003,0.0,9.439752757303024,0.6293168504868683,15,True,6.624484810539115e-06,False,2.6379103634853918,1.2008172234345693e-12,9
UGC07089,0.7,0.9799999999999999,12,2,18.0,80.0,"VS01,SV98",0,165.08838722436207,13.757365602030172,4.613267227661132,77.48876844721089,77.48876844721089,0.0,1.3791907625248365,0.13791907625248365,10,True,1.238739907075486e-07,False,3.6562345650551302,2.6645352591003757e-14,9,499.9999999999701,617.8371252382302,617.8371252382302,0.0,5.0393434702410005,0.5039343470241,10,True,4.323478134385107e-08,True,5.950795411990839e-14,8.100187187665142e-13,9
UGC07125,0.7,0.9799999999999999,13,1,19.8,90.0,"Sw09,Sw02",0,772.0696001235981,59.38996924027678,4.341996847894467,56.9904450962209,56.9904450962209,0.0,4.314780585078047,0.39225278046164064,11,True,7.456093805344819e-06,False,3.9634839437580176,6.332712132461893e-13,9,19.92138437600846,117.37683052265909,117.37683052265909,0.0,10.320657046222829,0.9382415496566208,11,True,4.36215177580627e-06,False,3.2228143518929557,4.803268893738277e-12,9
UGC07151,0.7,0.9799999999999999,11,1,6.87,90.0,"Sw09,Sw02",0,833.2384110741518,75.74894646128654,1.3121307569835905,65.14607840940698,65.14607840940698,0.0,14.365610501962314,1.5961789446624792,9,True,6.007662735756856e-05,False,3.8297354591465353,9.741540907270974e-12,9,9.501000776109239,152.65721607128376,152.65721607128376,0.0,22.032686369257238,2.448076263250804,9,True,3.2067138365145606e-06,False,2.978172577583476,1.234212732015294e-11,9
UGC07232,0.7,0.9799999999999999,4,2,2.83,59.0,"Sw09,Sw02",0,51.0292389338959,12.757309733473974,40.07851982714796,2999.9999999999923,2999.9999999999923,0.0,0.5831771500435434,0.2915885750217717,2,True,1.564326373265207e-07,True,1.7763568394002505e-15,3.8480330033507926e-13,9,499.9999999999994,1064.4230538326435,1064.4230538326435,0.0,6.03148857104809,3.015744285524045,2,True,1.8618557816852521e-06,True,8.881784197001252e-16,1.9539925233402755e-14,9
UGC07261,0.7,0.9799999999999999,7,2,13.1,30.0,"Sw09,Sw02",0,174.43148994840004,24.918784278342862,1.6057882051661763,73.5253302764407,73.5253302764407,0.0,7.985563832129811,1.5971127664259623,5,True,6.168134239843112e-05,False,3.708737591191161,1.9671375639518374e-11,9,5.431564289357755,139.09603404797127,139.09603404797127,0.0,0.6628126539273659,0.13256253078547317,5,True,4.930573419228213e-07,False,3.0712029806444106,5.162537064506978e-14,9
UGC07323,0.7,0.9799999999999999,10,1,8.0,47.0,"Sw09,Sw02",0,207.08094903586334,20.708094903586336,3.157032444317499,80.33087293340466,80.33087293340466,0.0,1.6445042539346055,0.2055630317418257,8,True,5.716166750005759e-07,False,3.620213550681733,1.3766765505351941e-14,9,499.999999999756,772.7503924454321,772.7503924454321,0.0,7.720442608796907,0.9650553260996134,8,True,4.5901990381523116e-07,True,4.876099524153688e-13,1.0897949209720537e-12,9
UGC07399,0.7,0.9799999999999999,10,1,8.43,55.0,"Sw09,Sw02",0,2878.2589211326085,287.82589211326086,1.3415551681983977,109.17400162627484,109.17400162627484,0.0,43.7618640433262,5.470233005415775,8,True,0.00024132062292845982,False,3.3134246130305343,3.8610892261203844e-11,9,6.484524804923092,226.5215789657232,226.5215789657232,0.0,8.839841107088489,1.1049801383860611,8,True,2.7908631618592976e-05,False,2.58352735589334,7.691625114603085e-13,9
UGC07524,0.7,0.9799999999999999,31,1,4.74,46.0,"Sw09,Sw02",0,2614.7644353884743,84.34723985124111,2.6674628052453238,78.03285678445673,78.03285678445673,0.0,13.646222403401577,0.470559393220744,29,True,2.403302089307839e-05,False,3.649237588831295,1.312727704316785e-12,9,21.290968309741004,185.36564259146695,185.36564259146695,0.0,24.77434393433159,0.8542877218735031,29,True,2.3252607808955812e-05,False,2.784037246732076,1.7546852859595674e-11,9
UGC07559,0.7,0.9799999999999999,7,2,4.97,61.0,"Sw09,Sw02",0,48.206226891011376,6.886603841573054,1.1812738176846787,30.788338401130602,30.788338401130602,0.0,0.49327140938902897,0.0986542818778058,5,True,1.9347957301359044e-06,False,4.078616368169993,1.4654943925052066e-13,9,499.99999999954423,487.39991943582044,487.39991943582044,0.0,2.6843970026437103,0.5368794005287421,5,True,9.582959621655969e-08,True,9.112710586123285e-13,1.567634910770721e-12,9
UGC07577,0.7,0.9799999999999999,9,2,2.59,63.0,"Sw09,Sw02",0,2.725265119636635,0.3028072355151817,358.22491780083175,2999.9999999999654,2999.9999999999654,0.0,1.355812527144706,0.19368750387781514,7,True,1.0234762975016171e-07,True,1.0658141036401503e-14,1.0951232462939857,7,499.9999999999559,152.0248662605457,152.0248662605457,0.0,1.797944993122265,0.25684928473175217,7,True,9.497547287541625e-08,True,8.79296635503124e-14,1.6253665080512292e-13,9
UGC07603,0.7,0.9799999999999999,12,1,4.7,78.0,"Sw09,Sw02",0,1203.9509422636784,100.32924518863986,1.1698893856686303,67.26326656377796,67.26326656377796,0.0,3.717184113177547,0.3717184113177547,10,True,8.206994541336596e-06,False,3.7977532963000877,4.556355293061642e-13,9,14.122540165142851,191.02971358855063,191.02971358855063,0.0,16.303156492809578,1.6303156492809578,10,True,1.807841483283137e-05,False,2.7539385831767014,1.7841728094936116e-11,9
UGC07690,0.7,0.9799999999999999,7,2,8.11,41.0,"Sw09,Sw02",0,127.13130383642488,18.161614833774983,0.8016713253171129,55.52212573988575,55.52212573988575,0.0,1.7650023075983543,0.35300046151967085,5,True,8.692900933128682e-06,False,3.6909664315072535,1.0536016503692736e-12,9,2.0607506262788347,96.53764170084774,96.53764170084774,0.0,1.6724385653473408,0.3344877130694682,5,True,2.1158614765229653e-06,False,3.4364345659237747,2.1005419625907962e-13,9
UGC07866,0.7,0.9799999999999999,7,2,4.57,44.0,"Sw09,Sw02",0,38.28108742496113,5.468726774994447,0.7732268519987318,28.45352879723824,28.45352879723824,0.0,0.818261677536356,0.1636523355072712,5,True,4.370697409709993e-06,False,3.654840201576976,7.019940184704865e-13,9,28.152094313526586,134.49827646146144,134.49827646146144,0.0,0.18262029627007345,0.03652405925401469,5,True,3.619646029140892e-07,False,2.8769863482548326,4.7116199830554706e-12,9
UGC08286,0.7,0.9799999999999999,17,1,6.5,90.0,"Sw09,Sw02",0,6793.016626858044,399.58921334459086,1.7508494711898877,90.786241739973,90.786241739973,0.0,120.0309055062096,8.00206036708064,15,True,0.0009570564609507592,False,3.4978598162112426,1.2090595191693865e-10,9,5.516547601311649,167.73651779737193,167.73651779737193,0.0,33.59834614504399,2.2398897430029328,15,True,7.805488235636272e-06,False,2.8839731658338934,3.815614491031738e-12,9
UGC08490,0.7,0.9799999999999999,30,1,4.65,50.0,"Sw09,Sw02",0,3885.2799467675413,129.50933155891803,1.7787726694434727,92.1446816188446,92.1446816188446,0.0,102.61756686764198,3.664913102415785,28,True,0.0009827319735240079,False,3.4830075995912217,2.427356093903654e-10,9,3.700028668405928,156.54631776015313,156.54631776015313,0.0,3.3833070832924697,0.12083239583187391,28,True,8.183096684296907e-06,False,2.9530156413288235,7.949196856316121e-14,9
UGC08550,0.7,0.9799999999999999,11,1,6.7,90.0,"Sw09,Sw02",0,1931.6820539299185,175.6074594481744,1.3070356017243023,60.75280686003979,60.75280686003979,0.0,34.21930753117979,3.8021452812421987,9,True,0.00014719717814900166,False,3.89955428303949,3.9669600937486393e-11,9,5.265525962348424,119.87558685287878,119.87558685287878,0.0,5.80377206117349,0.64486356235261,9,True,5.841394220204715e-06,False,3.219913138918449,3.810285420513537e-13,9
UGC08699,0.7,0.9799999999999999,41,2,39.3,73.0,"No07,No05",0,3172.397000692,77.3755366022439,6.282527017439961,172.17185356070277,172.17185356070277,0.0,203.43809288932988,5.216361356136663,39,True,0.00024484670021567755,False,2.8578744410447934,4.231992534187157e-11,9,87.19519384291924,515.4176362470303,515.4176362470303,0.0,274.85419813386477,7.047543541893968,39,True,0.00022298775610939895,False,1.7464588855065104,1.9230128600611351e-10,9
UGC08837,0.7,0.9799999999999999,8,2,7.21,80.0,"Sw09,Sw02",0,93.74911503192816,11.71863937899102,198.85685686600652,2999.9999999999814,2999.9999999999814,0.0,4.293260722294349,0.7155434537157248,6,True,6.472115902477443e-07,True,5.329070518200751e-15,1.4210854715202004e-14,9,499.99999999987506,419.05230707191265,419.05230707191265,0.0,27.463795486028047,4.577299247671341,6,True,4.943346181864335e-06,True,2.495781359357352e-13,5.9472426983120386e-12,9
UGC09037,0.7,0.9799999999999999,22,2,83.6,65.0,Ha14,0,513.9970373938033,23.363501699718334,372.344793517673,2999.9999999998163,2999.9999999998163,0.0,254.08272086459039,12.70413604322952,20,True,1.7072304200860202e-06,True,6.039613253960852e-14,3.445279617153574e-10,9,499.999999999999,570.8693257772567,570.8693257772567,0.0,337.68331691140844,16.884165845570422,20,True,1.3527407016427712e-05,True,1.7763568394002505e-15,6.0822458181064576e-12,9
UGC09133,0.7,0.9799999999999999,68,1,57.1,53.0,"No07,No05",0,82860.05344281052,1218.53019768839,23.927473479390095,231.8405308481983,231.8405308481983,0.0,2752.7712198245536,41.70865484582657,66,True,0.001230618551958536,False,2.5603177993625934,4.538378561846912e-10,9,67.25513270628002,431.9061669874404,431.9061669874404,0.0,3060.333110579107,46.36868349362283,66,True,0.009238324950573655,False,1.9381592090463773,3.0231603886932135e-09,9
UGC09992,0.7,0.9799999999999999,5,2,10.7,30.0,"Sw09,Sw02",0,12.428978027603184,2.4857956055206367,0.5810936968299116,29.62505377537515,29.62505377537515,0.0,0.5061291992350916,0.16870973307836387,3,True,3.0534469495361335e-06,False,3.369179738505431,1.2990719611138957e-12,9,0.8852634223445681,48.869155209007076,48.869155209007076,0.0,0.04100592935688078,0.01366864311896026,3,True,1.4609973526683881e-07,False,3.7901529795310047,3.462508058049707e-15,9
UGC10310,0.7,0.9799999999999999,7,1,15.2,34.0,"Sw09,Sw02",0,206.41635949127013,29.48805135589573,1.752762350144567,70.9262769519612,70.9262769519612,0.0,1.3052234457551113,0.26104468915102225,5,True,3.1093774080139913e-06,False,3.7447265828599337,4.141131881851834e-13,9,7.83485205944916,139.38878872280839,139.38878872280839,0.0,2.324826353412538,0.46496527068250765,5,True,9.209761181004137e-07,False,3.0691004977890346,7.474021401776554e-13,9
UGC11455,0.7,0.9799999999999999,36,1,78.6,90.0,SG06,0,1172.8837075390252,32.58010298719515,42.221490297331925,398.2902811263116,398.2902811263116,0.0,191.19448045087015,5.623367072084416,34,True,1.630358778484046e-05,False,2.019186478648349,981.6892271278035,8,499.99999999999807,911.9714640072436,911.9714640072436,0.0,326.01808195926327,9.58876711644892,34,True,3.099862939495892e-05,True,3.552713678800501e-15,2.8421709430404007e-13,9
UGC11557,0.7,0.9799999999999999,12,2,24.2,30.0,"Sw02,dB01",0,24.488678865054517,2.040723238754543,499.9999999999994,1864.77067970999,1864.77067970999,0.0,24.022183901513007,2.4022183901513006,10,True,1.640515678672776e-08,True,8.881784197001252e-16,0.46649497107217286,7,498.8976683811272,0.001011824057235571,0.001011824057235571,0.0,24.48867886507499,2.4488678865074993,10,True,0.0,False,0.0022070970856091776,1.9183879373940727e-08,9
UGC11820,0.7,0.9799999999999999,10,1,18.1,45.0,"KN08,vZ97",0,11175.848269006645,1117.5848269006644,4.794119623801717,82.42813592489067,82.42813592489067,0.0,103.39449841676819,12.924312302096023,8,True,0.00037112562105953196,False,3.5944407336182893,7.813127922418062e-11,9,27.690465594544023,189.31225316398792,189.31225316398792,0.0,8.364254786479332,1.0455318483099165,8,True,2.9464349078666012e-05,False,2.762969782718441,8.189005029635155e-13,9
UGC11914,0.7,0.9799999999999999,65,1,16.9,31.0,"No07,No05",0,2184.0904286150044,33.6013912094616,93.44765604495475,2999.9999999999923,2999.9999999999923,0.0,57.116000328324326,0.9066031798146719,63,True,3.404456351666126e-05,True,1.7763568394002505e-15,6.181721801112872e-13,9,499.9999999999994,1519.9679051257988,1519.9679051257988,0.0,233.8859256227358,3.7124750098846953,63,True,3.20725666076107e-05,True,8.881784197001252e-16,8.668621376273222e-12,9
UGC12506,0.7,0.9799999999999999,31,2,100.6,86.0,Ha14,0,1759.143254884628,56.74655660918155,7.726075201213693,257.50236494678614,257.50236494678614,0.0,90.32647726413468,3.114706112556368,29,True,0.0007269446259762236,False,2.4553386633292664,2.475104565746733e-10,9,11.058866682471184,430.1200898935306,430.1200898935306,0.0,6.660788939916559,0.22968237723850204,29,True,3.084341346943046e-06,False,1.9423031191315445,2.0605739337042905e-13,9
UGC12632,0.7,0.9799999999999999,15,1,9.77,46.0,"Sw09,Sw02",0,1575.581046544629,105.03873643630861,2.447673000077893,74.59055215864142,74.59055215864142,0.0,12.37601178557703,0.9520009065828484,13,True,5.0527146302263794e-05,False,3.6943537151279022,5.9756644077424426e-12,9,8.96808779935473,141.80776893236947,141.80776893236947,0.0,4.161114942474808,0.32008576480575446,13,True,3.417475157680216e-06,False,3.0518951670955525,2.9665159217984183e-13,9
UGC12732,0.7,0.9799999999999999,16,1,13.2,39.0,"Sw09,Sw02",0,2329.463304105197,145.59145650657481,3.8743420951294496,94.5082716582658,94.5082716582658,0.0,56.58756094181362,4.041968638700973,14,True,0.00028552506064925603,False,3.4576802062058443,5.2018833684996935e-11,9,16.36212727225011,190.22383424218555,190.22383424218555,0.0,2.6300705209202198,0.18786218006573,14,True,5.019493330842173e-07,False,2.7581661139166727,7.105427357601002e-14,9
UGCA442,0.7,0.9799999999999999,8,1,4.35,64.0,Co00,0,4154.887686154266,519.3609607692832,2.004286073284479,62.6917545558554,62.6917545558554,0.0,6.679093802132552,1.1131823003554253,6,True,3.941952068619849e-06,False,3.8681376349452785,1.412203687323199e-13,9,24.254137633729975,173.7150734522069,173.7150734522069,0.0,12.181060049719242,2.030176674953207,6,True,2.569926943530045e-05,False,2.8489511195141954,1.1254996934439987e-11,9
UGCA444,0.7,0.9799999999999999,36,2,0.98,78.0,Ke07,0,443.2547906018786,12.312633072274405,0.8388421939142585,34.748466341355325,34.748466341355325,0.0,12.810789491960254,0.3767879262341251,34,True,2.528777302045268e-05,False,3.736290326919959,8.947509400059062e-12,9,499.99999999997317,645.1737417203179,645.1737417203179,0.0,2.060054870309092,0.060589849126737996,34,True,6.6465418692291354e-09,True,5.3290705182007514e-14,8.482103908136196e-13,9
